200 210.926 217.714 219.811 221.323 219.637 217.838 217.375 216.949 215.557 214.611 212.682 210.103 207.831 207.569 209.107 209.064 207.652 208.719 208.433 208.379 209.758 210.307 209.06 209.702 207.531 205.828 203.566 202.007 201.546 202.881 202.079 200.321 200.64 200.794 200.064 198.128 197.225 195.16 193.402 192.631 192.017 190.24 186.941 183.082 179.974 178.793 179.692 178.818 177.831 176.158 174.256 173.186 171.611 171.615 169.764 168.178 168.429 167.829 166.903 166.849 167.763 167.165 164.242 161.853 161.349 161.258 161.461 159.596 157.063 154.49 153.592 152.414 151.728 148.713 146.173 143.942 141.581 140.516 141.051 141.348 141.059 139.361 136.179 132.692 131.003 129.451 128.167 125.204 122.552 120.296 117.354 116.281 113.457 112.184 109.645 106.375 102.762 99.2615 96.8235 94.7205 91.526 90.1614 89.1756 88.2113 86.712 84.4014 80.4919 76.8903 74.628 71.9938 71.9349 72.2385 69.807 69.7203 69.2067 69.665 67.5637 64.0153 61.2449 60.1768 56.8517 56.1665 54.627 52.7627 51.6294 53.2792 53.2932 53.696 54.7726 54.8139 55.0021 54.8409 54.9378 56.5276 58.9621 59.1372 60.4413 64.0171 66.3427 68.4049 71.0471 72.6742 73.8148 75.7934 78.2373 79.1286 79.2039 80.7435 84.3235 86.5432 88.3668 90.4028 93.3484 93.509 94.439 96.5365 99.729 100.613 101.843 100.455 99.5683 101.382 101.851 103.312 103.8 104.066 101.943 100.412 98.6733 97.0575 98.0269 97.3285 96.8625 94.576 92.9665 90.0634 86.1986 82.5798 78.6416 73.5944 64.4105 57.7217 50.8005 42.7007 34.4671 26.2038 17.2694 8.82336 0.445965 -8.47333 -15.5808 -25.2045 -38.4881 -51.3079 -61.7788 -76.5201 -97.4841 -125.667 -163.064 
200 208.854 215.932 218.879 220.681 221.87 222.018 222.699 221.887 221.198 221.029 222.824 225.826 226.637 227.323 226.55 225.569 225.341 222.612 219.741 217.424 216.711 217.15 217.101 216.955 216.991 217.066 215.994 215.558 216.039 215.862 215.883 214.366 211.792 211.254 210.157 207.718 205.17 202.94 200.974 200.143 198.506 196.12 193.111 190.15 186.838 184.13 182.574 180.569 176.476 172.751 172.027 170.391 169.112 167.835 167.696 166.286 163.838 162.239 161.139 160.104 158.39 158.149 157.34 156.507 154.896 154.23 152.87 149.877 147.138 145.415 144.989 143.615 139.992 135.221 130.67 126.855 122.187 120.425 118.255 114.244 110.629 106.994 102.309 98.7087 97.7591 97.9481 96.3477 92.7973 90.2766 88.7428 87.1862 86.4873 85.6588 84.8198 82.8965 80.371 77.6306 76.9552 74.7191 71.6981 70.9958 69.5605 67.8387 65.501 62.7483 61.8289 59.7146 56.4753 51.7817 46.8882 43.7666 39.6552 37.4263 35.9036 34.9123 32.0607 28.5576 26.0038 21.943 18.4417 16.2383 16.1672 14.5836 13.3744 12.8713 11.4508 10.8717 10.2131 10.0682 9.21723 7.53289 5.4707 4.92754 4.61383 3.80352 0.771139 -1.15697 -3.26997 -5.94172 -7.63257 -8.47786 -10.3589 -12.1716 -16.4352 -20.7124 -24.3988 -28.6242 -30.1343 -32.1017 -33.6228 -35.1825 -37.6684 -38.9191 -41.0411 -42.3828 -44.9752 -47.955 -52.5183 -56.9376 -59.7073 -61.3545 -63.1027 -65.7778 -68.8795 -71.4905 -73.1249 -72.7564 -72.2941 -72.9638 -69.8516 -67.0685 -63.3162 -60.5894 -58.6378 -55.5973 -51.4712 -46.4223 -42.3269 -37.2265 -32.2834 -29.5486 -25.3338 -19.3646 -14.678 -10.6069 -7.5611 -5.03159 -2.75021 -0.152133 2.89053 7.39641 9.7219 9.01909 9.36335 6.82888 -1.14694 -17.4256 -42.0699 -74.6065 
200 205.727 211.884 216.074 219.95 220.479 221.845 221.259 220.941 220.7 222.094 222.72 224.526 226.054 227.338 228.09 228.266 225.101 222.54 222.055 221.869 222.287 221.734 222.167 222.39 221.831 220.369 219.644 218.376 217.46 215.69 213.696 209.476 209.244 213.11 214.267 214.415 215.63 216.246 215.171 215.705 215.721 216.308 215.922 216.996 216.029 212.856 212.739 210.992 208.809 206.582 204.823 203.107 199.994 197.061 194.275 188.962 185.436 182.521 182.566 182.77 181.936 180.617 179.715 177.7 175.097 171.81 169.67 167.689 165.525 161.039 158.017 154.594 152.893 151.052 147.692 143.918 140.854 139.193 137.844 134.971 130.431 125.678 121.218 118.874 117.147 116.226 114.406 112.153 110.407 107.985 104.43 99.49 96.6308 93.565 92.8171 90.7059 87.5557 83.8684 81.3427 78.5947 78.1783 77.8294 76.3176 73.1201 70.0574 67.1569 64.4639 64.224 62.2097 60.3358 58.6887 56.3644 54.3298 51.0083 47.4878 45.0602 42.342 41.2205 40.0314 38.9932 38.1784 38.5308 40.4669 39.9162 38.6004 35.8264 34.6359 33.6579 33.6165 33.763 33.4622 34.5108 37.8664 41.0991 43.4574 45.6012 45.2771 44.2447 44.9663 45.6924 46.9134 47.6571 47.6458 48.1687 48.336 49.4408 50.4903 52.3473 52.923 54.9739 53.7776 51.9569 51.5778 50.6944 49.7238 49.3013 48.839 47.7955 47.5739 48.0012 46.6414 44.7743 43.4346 41.0864 38.9561 38.471 37.3672 36.3957 34.0719 30.8254 27.4046 24.5834 21.2111 17.7148 16.6939 14.7533 12.6773 11.7099 9.52188 7.32612 6.93054 5.91836 4.22705 2.09023 0.0362282 -1.29057 -0.43213 1.24771 0.0109395 -0.207851 1.31485 1.02281 0.769191 -0.926201 -5.36216 -15.4048 -30.4172 -52.0433 -81.415 
200 207.537 212.521 213.845 213.879 213.595 212.223 211.732 212.544 213.616 213.312 215.105 216.478 217.919 218.721 217.719 213.885 212.017 212.482 212.14 211.338 210.86 211.702 213.038 212.081 212.016 211.631 210.634 211.783 213.383 212.964 211.77 212.66 213.753 213.336 212.826 209.862 209.478 209.581 209.443 208.773 207.718 206.98 206.401 206.244 205.214 203.343 201.436 201.287 201.477 203.445 205.421 207.272 206.553 205.76 204.194 203.409 201.356 198.407 194.712 192.645 191.13 188.404 185.504 183.513 180.31 176.258 175.158 173.313 172.253 169.105 167.069 164.69 161.641 161.069 160.325 158.189 155.074 150.71 148.161 144.534 141.006 138.073 134.728 132.639 131.007 129.947 129.756 129.334 128.504 127.161 125.946 125.761 124.669 123.613 123.042 122.343 119.925 117.774 114.924 111.884 109.709 109.335 109.129 106.646 103.428 101.435 101.491 100.156 97.4535 93.2236 89.1785 84.829 82.2883 80.6753 79.2793 77.5839 76.8514 76.9072 75.1688 70.2439 67.8409 65.7561 63.1027 61.3023 57.9198 55.4219 54.7193 52.5242 50.2455 47.2662 45.0666 43.7023 40.9992 38.6308 34.4381 31.0016 28.322 24.9496 22.9579 21.8118 20.7372 18.9346 17.1729 14.3921 11.5915 9.97807 8.85949 9.66111 9.70324 8.7376 6.12429 4.48917 4.62061 4.88589 2.35505 1.21745 1.36107 0.968603 0.875272 1.26871 1.29958 1.86827 2.33592 3.27022 3.81364 3.12385 1.07381 -0.166923 0.316291 1.85603 3.18601 3.42065 2.95282 3.9652 4.13053 3.46881 3.02356 1.81409 0.603985 0.0710128 1.11669 1.28474 2.67656 2.54192 1.31005 0.824988 -0.31531 -0.275378 -0.0481944 0.915694 1.2273 1.08435 1.65211 1.38338 -1.80513 -7.72525 -19.2157 -36.5824 -59.2864 
200 208.022 213.631 215.446 216.485 216.257 216.026 217.677 219.294 219.772 219.93 221.041 223.984 226.668 227.854 228.602 227.822 227.023 227.517 227.139 225.967 223.794 221.824 221.366 221.145 223.118 224.104 224.02 222.341 222.01 223.397 225.87 226.467 225.229 223.786 224.112 224.389 224.327 222.683 223.202 225.926 226.475 226.208 224.107 223.303 223.649 220.564 216.425 214.94 213.684 212.503 211.297 211.971 211.929 210.756 208.672 203.831 201.158 197.655 197.56 196.067 193.719 191.434 187.449 185.901 183.96 180.919 178.807 176.167 173.433 170.074 167.192 162.556 158.842 155.742 154.941 153.309 151.696 149.514 148.896 147.976 145.453 142.539 139.029 135.408 132.87 131.606 129.555 127.967 125.764 124.801 123.069 119.516 115.814 114.202 113.261 109.89 104.752 102.723 99.3262 97.8451 97.1979 96.4772 95.0143 93.1738 90.2429 88.9986 87.0722 86.0873 86.2625 86.6514 86.1615 84.6015 80.9458 79.9478 76.183 73.6236 72.9695 70.6529 67.4166 65.6707 65.3754 64.3196 62.6972 63.0683 63.4709 62.7103 61.8922 58.8758 57.8221 56.6772 56.5748 56.0349 55.7904 55.042 53.3472 51.549 49.2758 49.0228 48.6428 48.6149 48.0745 45.8973 43.4638 41.4693 40.9253 40.0291 38.2709 38.4593 38.6373 38.2158 35.3253 32.6891 31.4571 31.8275 30.508 30.8649 30.3388 29.299 28.9299 25.9703 23.3682 22.0396 20.9638 20.6877 22.1283 22.965 22.5538 20.9962 17.6605 15.2373 14.3421 12.3677 10.3838 9.75784 10.3839 10.1011 9.58517 6.71983 4.41843 3.90319 4.717 6.23709 7.30517 5.67342 5.70113 4.79781 2.38715 1.91434 0.1334 -2.53459 -2.77862 -2.92368 -4.84236 -8.1293 -11.685 -18.5182 -28.1777 -40.6949 -58.6797 
200 204.678 206.977 208.909 211.376 213.772 217.705 220.829 224.277 226.855 226.308 226.69 227.289 226.002 225.448 224.843 224.075 223.938 221.573 217.464 214.536 213.767 213.919 212.401 210.124 209.99 209.899 209.844 209.682 209.768 211.662 213.803 213.796 211.913 210.78 209.531 208.885 206.561 204.561 203.764 202.087 202.253 199.712 197.609 195.468 195.734 194.992 194.089 193.048 191.25 188.536 186.341 185.335 182.54 180.483 177.432 174.309 172.341 170.576 168.952 166.564 163.164 161.886 159.505 155.758 153.972 151.446 147.837 141.183 135.902 133.825 132.844 131.058 126.744 122.843 119.691 116.352 112.661 110.061 106.626 104.029 102.771 100.787 98.4421 97.971 97.8403 97.593 97.0697 95.2205 94.3606 93.7014 91.9806 90.1976 88.2474 86.1394 82.9831 79.5181 75.9706 73.67 73.5911 73.349 72.8753 71.6273 69.0275 66.8926 66.1061 65.6827 64.36 64.8587 64.109 62.543 59.5112 55.5673 53.5977 50.5828 47.8514 46.7821 45.6538 43.7503 40.5951 38.5701 37.2088 35.2476 32.8126 32.8951 32.0115 29.9906 28.6224 28.2982 29.315 29.4085 29.676 30.5472 30.2964 27.4398 25.3418 23.3002 20.6681 18.3604 18.2697 16.8323 16.0766 15.1807 14.4644 13.3733 14.3084 15.5167 13.9174 11.9191 10.2202 8.72093 7.97592 6.87641 5.74654 5.86935 6.70824 6.97812 9.1514 10.9601 11.1503 12.4197 12.177 13.0812 13.0218 13.0907 13.2021 12.5768 10.9981 11.6046 11.0633 9.76472 7.90853 8.92588 11.0819 11.3209 11.8404 11.6976 10.2105 7.9918 7.04737 5.85002 4.81618 4.56952 3.81852 4.43963 4.79842 3.67412 3.0221 1.72986 0.100389 -1.90739 -3.19288 -5.58461 -10.0105 -16.2093 -21.9153 -30.3432 -41.9225 -56.1035 -72.7973 
200 203.316 205.418 207.567 208.131 208.429 208.865 210.271 213.201 215.739 216.769 216.821 217.51 215.599 215.036 213.613 210.841 209.129 207.715 205.991 206.019 206.602 207.103 208.065 209.304 209.18 207.958 208.546 209.254 210.333 210.624 210.814 211.25 211.058 210.395 209.008 207.622 206.268 206.973 207.443 208.858 207.831 208.88 208.136 208.152 208.911 207.825 206.2 206.229 206.511 205.199 204.744 204.649 204.451 203.646 202.559 200.36 198.583 196.167 191.598 187.136 184.944 181.969 181.934 180.913 177.096 172.695 171.766 168.564 164.951 161.787 160.081 159.546 157.568 154.582 152.286 149.113 145.155 141.772 138.903 137.745 135.784 133.326 132.27 132.303 130.059 128.473 127.084 125.482 122.173 119.229 117.401 115.27 114.495 112.713 111.508 109.03 105.997 103.091 101.256 99.9448 96.7105 95.5474 93.335 91.3801 86.9829 82.7217 79.7654 78.03 75.9653 76.7619 74.8914 71.7649 69.9068 68.9692 66.6406 65.4134 64.7064 62.9521 62.0872 61.7891 60.326 59.1496 59.0856 59.1655 59.1861 57.9727 58.0491 56.3229 54.2136 52.4511 50.595 51.5597 52.678 50.3475 48.2357 46.6277 45.9204 43.02 41.3023 38.6139 38.0222 37.9583 38.4507 37.4681 36.5447 35.0533 34.5778 32.7582 27.8613 24.8705 24.0252 24.3967 26.0978 29.0346 31.0435 30.7857 29.4583 28.6809 26.8315 25.1474 24.2765 21.2176 19.9514 19.5373 19.7201 18.0133 17.5396 17.3488 15.1425 14.7687 14.6161 14.546 13.7592 13.0432 11.7325 12.0503 12.6071 10.4661 9.32449 9.86376 11.6819 12.4912 13.7942 13.8406 12.7127 11.1063 8.42978 4.62038 0.0723636 -1.37491 -0.667562 -2.03916 -6.47296 -11.8165 -18.1507 -27.1335 -38.9375 -53.6 -71.6008 
200 204.045 205.011 205.648 205.862 207.372 210.047 212.131 212.847 213.932 217.443 220.538 224.641 225.823 227.655 228.32 227.437 226.465 226.814 227.986 229.095 229.156 227.407 226.048 226.344 225.691 224.356 225.308 226.168 225.547 224.657 223.603 223.118 221.681 218.587 218.891 217.71 215.897 216.345 216.39 216.403 217.639 218.827 217.206 214.406 212.148 210.658 208.3 209.32 210.295 209.025 205.777 205.365 205.096 203.48 200.775 198.197 196.626 196.233 194.691 192.899 189.376 186.25 183.613 181.371 179.617 177.427 174.6 172.734 173.242 172.655 170.501 169.336 167.521 163.948 159.578 156.142 155.082 151.669 150.599 149.324 147.332 144.922 144.619 142.442 140.146 137.316 136.224 134.938 131.858 129.294 127.508 125.259 121.778 117.836 114.871 112.656 109.72 105.395 103.284 102.573 102.041 101.152 99.5564 97.8054 95.4467 92.698 89.7004 88.9088 89.0736 88.4052 87.1127 85.3176 84.314 84.0233 81.8591 77.9267 74.9041 71.6799 68.0671 66.074 65.7273 65.4722 66.1437 66.7424 63.451 62.8924 63.5913 62.0308 61.4447 58.9988 59.6293 61.5537 62.5678 63.0007 61.9482 60.4126 59.0737 57.5327 55.5713 53.8419 51.4133 50.873 51.1525 50.2668 51.4245 51.3122 48.8404 47.0772 45.5519 45.2479 45.3514 46.6438 46.8243 44.8239 44.0002 43.5218 43.4352 43.3271 41.9611 41.3986 40.1762 39.2141 37.3423 35.0264 32.9327 32.2341 29.2915 28.0359 28.6246 28.8076 26.7536 26.5896 26.7874 24.4282 22.2279 22.7025 23.2962 23.7292 24.1484 22.2401 20.2181 17.148 14.083 11.9855 10.3509 9.23507 7.13782 4.11151 0.00760502 -0.144495 1.29757 2.56333 3.26884 0.972674 -3.71158 -10.6355 -20.8195 -35.4432 -53.3288 
200 204.54 207.702 210.477 212.129 213.838 216.012 217.018 217.076 216.79 217.406 219.412 221.627 223.741 224.959 225.293 225.211 225.376 225.698 223.419 223.247 221.58 223.476 223.826 224.181 225.053 225.983 225.454 223.492 221.016 222.098 223.696 224.761 224.608 221.973 222.035 222.85 223.261 222.815 222.274 219.996 220.488 220.383 219.82 219.679 216.814 213.625 212.789 211.291 210.429 209.641 209.438 209.95 209.812 207.135 205.284 202.667 200.286 199.109 199.555 199.011 197.775 195.373 193.269 192.908 189.894 186.066 182.625 177.746 173.054 171.283 168.424 164.987 164.707 162.305 159.755 157.659 155.418 152.742 149.452 147.317 145.036 143.768 141.606 137.604 135.279 131.32 126.736 125.28 123.217 121.766 120.079 116.722 114.629 112.184 109.943 108.578 108.339 108.05 106.875 107.053 107.367 106.016 103.592 101.215 98.4635 96.521 93.2008 89.1742 87.9789 88.3057 87.8355 86.4773 85.5502 84.1148 80.4756 77.926 74.4256 71.4022 65.9246 62.091 59.8972 59.2448 57.8184 58.3802 58.0034 55.1671 53.101 49.874 47.6969 46.8034 45.1711 44.027 42.5251 40.2681 40.1338 39.775 37.8334 36.3674 34.6844 31.9997 28.1806 26.8446 27.2643 26.1818 24.9132 24.8073 23.8298 21.0706 19.4641 18.4005 18.1231 17.9279 17.6543 18.6462 17.5635 17.8879 19.121 21.0291 21.6139 23.3098 23.4433 21.5351 20.4394 19.8356 17.3871 14.4203 11.8802 9.68829 8.99414 8.99893 8.18423 9.11778 6.5009 4.28552 4.43202 4.58715 5.8771 6.90688 7.81832 8.30319 8.89089 7.86818 7.08112 6.41234 7.07848 6.71406 6.51149 4.47189 0.0712988 -1.35468 -2.19817 -3.72414 -5.56172 -9.46716 -15.0151 -22.5465 -32.0566 -44.0983 -60.009 
200 202.407 205.682 209.821 212.01 213.471 214.357 215.723 216.777 217.922 219.838 220.208 222.268 222.8 220.964 219.022 219.163 219.473 220.7 218.961 217.546 215.88 215.056 214.056 213.398 212.937 211.58 211.528 211.777 213.03 214.612 214.786 216.901 215.342 216.477 218.397 218.753 218.401 219.791 220.957 220.988 222.241 220.681 217.619 215.521 213.535 212.307 214.557 215.965 215.075 213.848 212.775 208.498 207.758 212.445 213.175 209.274 208.181 208.507 208.47 207.455 205.999 201.84 198 193.053 190.712 189.819 190.447 187.933 183.953 181.292 179.817 177.401 175.145 173.823 171.763 167.655 164.105 163.017 161.454 156.787 153.973 153.095 152.346 150.537 146.489 144.937 142.233 138.812 135.632 133.277 130.613 128.536 125.732 123.55 119.935 117.478 115.2 112.689 111.436 111.388 112.503 111.482 109.593 105.385 102.015 97.5311 94.1412 88.9264 86.174 82.6519 80.2223 78.1612 76.0869 76.7159 76.1342 74.6885 72.4305 69.3468 67.501 64.0053 60.8527 58.9882 56.7395 55.3851 53.4767 51.528 51.2542 50.2387 49.5916 50.495 49.7077 48.7671 48.3354 46.7467 45.872 45.9279 44.2919 44.4099 42.5323 40.8842 36.38 34.0763 32.7952 32.1554 30.5795 29.6149 28.1496 26.1936 25.6116 25.6852 25.1605 23.1834 20.8148 20.8816 21.276 22.4181 24.4119 23.5917 23.8707 23.4791 23.5993 23.8727 23.5792 24.5884 25.2829 24.728 25.3529 25.2678 25.1013 26.206 28.7842 27.5439 24.0897 21.9521 21.3386 20.0488 17.2599 13.7731 14.1909 15.4383 15.2267 13.3316 11.8489 10.7591 10.3505 8.30899 6.25641 2.67276 0.175344 -3.33153 -6.03072 -8.82885 -10.6831 -12.8756 -16.773 -24.3393 -33.837 -46.0519 -62.6549 
200 203.129 205.835 207.629 210.525 214.317 215.713 217.19 219.304 221.414 222.529 223.918 224.701 226.228 224.729 224.102 223.761 225.222 225.812 225.337 227.005 225.852 223.728 222.745 223.304 222.6 223.753 224.749 224.793 225.431 225.283 227.206 229.217 231.858 234.549 232.52 229.464 227.855 229.985 232.122 232.775 233.22 230.908 227.702 227.875 227.155 224.601 225.046 223.2 223.516 222.491 220.355 220.143 217.058 216.371 214.65 212.351 209.321 208.327 206.095 201.647 197.679 195.739 192.441 187.771 184.169 183.293 183.022 179.725 177.879 176.417 174.607 173.187 171.473 168.139 165.252 160.909 155.847 152.274 151.182 150.901 149.278 145.444 144.346 144.53 142.971 142.017 138.821 134.429 131.426 129.314 125.847 121.593 117.821 116.203 112.477 108.678 104.539 101.47 97.5662 93.9397 92.1384 90.3802 87.4813 83.5853 79.5746 76.4923 75.6021 74.6228 72.0953 71.0759 68.4084 65.2936 64.997 65.1689 62.8931 60.7978 59.7871 59.2842 58.3266 58.0392 56.5655 55.4539 54.6173 54.1221 53.637 52.834 52.2548 50.1908 49.7817 50.1852 50.0429 46.9819 45.583 46.5658 46.8582 45.6062 43.5467 43.4934 42.7006 40.3393 37.3377 35.5065 33.836 33.3945 34.3511 35.7173 37.6089 39.1042 39.1942 40.0188 40.6422 39.3835 37.5459 35.3763 34.4837 34.9501 34.709 33.3872 31.8544 30.4001 30.5116 30.3112 29.4701 27.117 25.9339 25.7432 25.7219 26.1134 27.1741 27.6272 25.5854 22.5161 20.7572 20.901 23.3499 25.0132 24.1577 22.7851 21.023 20.0459 18.4228 17.4865 16.0503 13.8916 11.741 9.83828 7.57701 3.2061 0.048074 -0.913406 -2.14466 -3.46723 -5.29251 -8.75554 -13.703 -21.6434 -33.0965 -47.7575 -65.1259 
200 202.718 205.136 206.53 208.7 209.783 210.859 212.032 212.931 214.068 216.229 218.483 219.988 219.348 218.135 217.948 218.062 217.331 216.706 216.245 216.39 215.828 214.558 215.693 216.607 217.689 218.706 219.012 219.277 221.836 223.541 223.961 224.734 226.482 226.44 225.053 223.894 225.238 226.526 227.46 225.882 223.433 223.93 223.59 223.507 222.231 220.239 220.501 218.793 218.031 217.424 214.388 210.703 205.217 200.624 197.83 193.611 191.836 189.294 186.669 183.639 179.315 176.305 172.339 170.175 168.958 168.294 167.189 165.726 162.785 158.917 156.963 155.965 153.511 153.237 150.558 148.257 146.383 142.393 138.712 136.564 134.061 131.17 127.201 122.82 117.354 113.668 108.533 105.256 104.572 102.94 100.549 98.8585 97.0421 95.6854 96.161 96.7042 94.535 92.2373 88.2836 85.3356 83.4143 80.81 78.046 76.916 75.9118 73.1381 71.2186 68.4958 65.4443 63.697 60.1552 55.8844 53.6929 53.218 52.62 51.6447 50.4011 48.725 45.6908 43.6899 41.8653 41.8314 40.0293 37.0422 36.0047 36.1948 37.3773 38.0843 37.6643 38.1292 37.5891 36.9082 38.1366 40.2481 42.4274 44.4091 44.3832 43.697 45.0458 44.6862 43.1068 42.8827 41.2903 39.111 37.8358 36.7962 34.9983 33.1619 32.6457 32.151 32.776 31.8662 31.9131 31.6046 31.3475 30.2895 28.1663 26.7636 24.7136 23.2195 22.0778 20.1344 20.4267 20.5395 18.9787 18.2158 18.1118 19.1374 21.2182 21.5912 20.2023 19.2824 17.8251 16.4612 16.674 17.0836 17.2474 17.0338 17.5611 17.2896 17.2167 16.7144 15.3903 11.8873 8.96729 7.71295 6.18564 2.89945 0.109068 -2.0723 -3.2467 -5.6062 -7.3177 -10.4537 -15.6718 -22.4727 -31.5721 -44.264 -60.0146 
200 201.846 202.87 204.751 207.248 209.678 210.544 210.99 212.997 213.094 213.521 212.984 213.076 213.618 214.677 216.552 217.176 217.062 217.516 219.07 220.597 221.628 225.152 227.738 230.326 231.449 232.403 233.165 234.37 235.449 234.918 235.27 233.897 231.988 231.69 231.584 229.837 228.896 228.769 227.419 224.14 223.736 226.343 226.921 228.117 229.823 226.542 226.967 227.571 227.421 226.615 224.827 225.369 226.785 227.302 225.609 224.566 221.385 220.242 218.845 215.373 211.516 210.485 205.514 201.771 201.239 202.518 202.391 202.902 201.208 197.88 195.888 192.876 190.232 187.082 184.697 181.395 177.854 173.708 169.391 167.691 166.024 164.213 162.58 161.082 157.901 154.553 152.238 148.374 143.215 140.19 138.014 135.06 131.839 129.521 126.266 124.23 123.301 122.013 120.865 118.037 116.392 112.9 109.049 107.431 105.533 104.271 102.035 102.899 102.948 100.9 97.7425 94.8244 91.5734 88.9503 88.2083 87.3063 87.6268 87.0443 87.385 86.7741 85.0844 82.4721 79.7245 77.4651 76.7642 74.3816 74.1418 74.1255 74.0717 71.9935 70.5975 70.029 69.0828 68.9066 67.9314 69.2884 68.3744 66.7968 65.2165 63.4967 62.5968 60.1687 57.8919 57.3315 56.077 51.6411 48.045 44.4144 41.678 41.2331 41.228 40.468 38.7695 36.3003 36.0198 35.1214 34.5945 32.229 30.2705 29.3698 27.3764 24.3876 22.7471 23.3304 24.8912 26.0689 27.8866 30.6822 32.6371 32.4769 30.728 28.9052 26.1957 25.2803 23.6682 22.5297 21.9034 22.9225 23.2913 23.1211 20.6822 18.388 16.3981 14.2509 11.104 9.23679 6.04505 2.67943 0.0155896 -0.296202 -1.25443 -3.18414 -6.38024 -9.59964 -14.8591 -23.5238 -35.0506 -49.2407 -66.701 
200 201.924 204.635 206.389 207.251 208.271 209.931 211.041 211.522 211.247 211.021 210.782 211.585 212.043 213.323 214.957 215.116 215.654 217.225 218.596 218.775 218.784 218.672 219.742 222.279 224.188 223.108 224.318 224.163 224.748 226.264 227.072 228.19 229.404 228.694 227.374 227.515 229.784 230.417 227.955 225.569 225.317 225.169 227.114 228.999 229.853 229.02 227.651 226.998 228.223 226.744 222.911 221.132 223.448 223.238 222.705 222.88 220.14 220.098 219.299 215.6 211.352 208.161 205.819 200.848 197.743 195.851 192.312 189.925 187.311 184.032 181.529 179.733 176.911 172.672 167.97 165.919 162.626 159.326 156.62 154.193 153.667 153.13 151.874 149.715 145.735 140.648 136.529 134.108 130.643 127.944 125.845 124.359 124.108 123.18 121.237 118.966 115.159 110.817 107.583 104.034 102.345 100.374 100.239 99.4405 98.7917 97.079 95.9666 95.8932 92.8236 90.202 89.8286 91.3142 90.5704 88.2431 85.6115 85.3814 83.3764 81.9113 81.3994 80.248 81.0343 78.6242 77.6842 76.6376 74.8283 72.1395 72.1697 72.7772 72.7458 71.7479 71.1189 68.3921 64.9777 63.6578 62.8458 62.5208 60.4045 59.0181 58.0891 57.1927 56.3809 56.3342 57.0536 59.5463 62.2808 62.5118 62.7988 62.7995 64.0892 64.0957 64.6498 63.8059 62.846 63.1133 64.321 62.8553 60.5549 59.5866 60.0394 60.0732 58.0878 54.6578 52.6108 53.235 52.6344 53.1304 53.6708 52.2801 49.4362 45.9809 42.3853 39.1312 36.9249 35.4628 34.0382 33.6734 32.6816 33.178 30.4154 27.4888 26.7064 25.4584 23.4221 20.0156 17.6986 14.3691 10.4194 5.12011 0.126109 -2.39607 -5.83639 -10.0894 -15.0769 -20.4874 -27.8743 -36.018 -47.5232 -61.6981 -78.3361 
200 203.125 205.366 205.762 205.031 205.275 204.883 204.185 204.608 204.854 205.472 206.014 206.85 209.347 210.23 210.099 209.513 210.026 209.916 211.282 211.807 212.722 214.07 214.99 215.909 216.419 216.551 216.967 215.429 215.195 214.996 214.619 215.931 215.577 214.842 215.66 215.445 215.999 215.188 213.265 214.44 216.578 218.997 220.075 219.929 220.178 218.633 217.067 217.966 218.797 217.789 216.665 216.723 216.187 216.04 213.829 211.05 209.156 207.206 204.386 199.774 195.338 192.162 189.294 187.222 185.824 185.314 182.056 177.303 172.733 171.068 169.088 164.972 162.357 161.081 159.59 157.557 155.6 151.849 147.135 142.5 139.796 137.901 138.707 138.827 136.328 131.286 129.233 126.265 124.357 122.749 122.148 119.392 118.327 117.049 115.259 113.179 111.213 110.48 110.848 108.559 106.859 104.842 104.375 102.839 100.066 97.2926 93.386 91.1028 89.1904 88.0728 85.006 81.8445 79.4402 77.18 74.0333 70.415 66.2627 63.3672 60.6078 59.0592 56.551 54.4932 55.0696 54.1031 51.5744 49.0354 48.3605 48.5594 48.4124 49.992 51.8029 51.4816 50.847 50.6979 50.5313 49.4867 47.1136 46.2756 47.238 45.9062 45.7897 44.8538 42.6288 41.4305 41.9408 42.3405 41.5543 38.6957 37.4649 37.8344 36.4677 35.0097 36.6113 36.3221 35.196 34.3488 33.4506 31.7775 29.7653 27.0321 24.1719 21.245 21.4314 22.0114 22.3765 22.8541 23.6864 24.6638 25.8844 27.1789 26.1888 26.5306 25.4044 25.22 23.5547 23.6927 23.0203 23.0186 22.3665 22.6742 21.6166 20.0984 17.2232 14.9609 11.0324 6.85006 4.78995 2.99385 0.082021 -1.5584 -2.41817 -3.53227 -4.47069 -6.14875 -8.52984 -12.7986 -20.4857 -31.1809 -44.7543 
200 201.403 201.862 201.453 201.784 201.588 202.199 201.857 200.885 200.695 202.685 204.438 206.016 209.237 210.882 212.959 214.331 216.639 219.031 220.854 222.743 223.302 224.024 224.341 224.088 224.564 224.332 225.681 224.746 223.614 223.48 225 225.135 224.17 224.734 226.154 225.637 224.671 224.029 223.102 223.923 225.523 225.977 226.637 225.973 224.49 222.854 222.958 223.264 221.597 218.266 215.867 215.744 214.46 212.756 206.895 201.753 200.282 198.091 194.77 194.638 195.951 195.888 192.278 189.272 187.754 185.196 182.429 178.593 174.368 172.96 171.331 168.583 166.942 164.643 161.475 157.15 153.719 151.034 148.465 147.312 145.743 142.401 137.871 134.851 134.101 132.74 130.675 127.127 123.474 120.312 117.284 113.888 113.783 114.944 115.286 115.139 113.57 111.023 108.977 106.528 101.64 97.2321 94.3335 92.5939 89.7855 85.2785 82.8306 79.8245 79.4243 79.2312 76.8152 74.6506 72.7192 71.2776 70.8911 68.9782 67.8796 66.2492 63.5274 60.5586 59.8046 59.5894 56.384 53.4524 51.7496 52.2056 51.363 49.186 47.725 45.9809 44.6734 44.6475 41.2075 37.985 36.0177 34.2579 34.6779 34.8393 34.0065 32.3501 29.7546 28.1199 27.7776 25.6436 23.8597 23.0396 22.9571 22.8532 22.9146 25.3462 27.4384 27.7333 29.1747 29.299 28.1814 25.9468 24.5557 22.0622 21.5425 23.341 24.0342 22.6345 20.7883 19.769 19.0098 18.2522 17.7675 17.1723 15.553 15.1816 14.62 14.3062 12.8497 11.6526 10.8105 10.9458 11.2387 12.1517 12.551 12.4787 11.8954 10.8713 9.00378 8.72151 8.58958 6.98335 4.87054 2.21533 0.00203848 -0.0387311 -0.333429 -2.22428 -6.27929 -9.43323 -12.8928 -17.6977 -24.5102 -34.1631 -48.6258 
200 201.807 204.129 206.339 206.714 205.59 205.783 205.689 205.947 206.981 206.874 207.216 208.876 210.651 211.601 212.904 213.778 215.217 215.677 215.848 216.372 219.012 221.863 225.013 228.51 228.956 227.882 227.315 227.552 227.197 229.094 233.082 234.571 235.014 234.983 234.206 234.905 236.489 237.113 235.6 234.066 233.413 231.279 230.898 230.595 229.948 229.175 226.987 227.708 227.252 226.098 226.559 226.653 227.221 228.766 228.684 224.658 220.458 216.738 212.817 209.522 204.219 200.225 198.043 195.127 191.775 189.968 188.92 186.474 184.289 180.679 176.514 174.359 172.079 169.258 166.566 161.874 157.898 153.915 150.982 147.594 144.954 142.187 138.057 133.151 129.491 125.871 120.851 116.629 115.284 113.886 110.885 106.311 103.949 101.916 101.981 102.082 100.241 97.7683 94.8991 94.277 92.8315 91.5513 89.6523 88.206 86.3997 85.4772 84.6669 83.4279 81.2192 80.4444 78.7592 75.6735 73.3448 68.6895 65.1018 63.7208 62.4368 63.0988 63.3898 63.4306 62.3572 62.2278 64.5914 65.0534 63.9907 63.6838 62.8332 60.1678 57.4043 56.6241 57.3822 57.2184 55.7589 55.8834 56.5962 55.366 55.3178 55.8009 55.5639 54.2816 51.0539 49.2165 46.3078 46.8627 48.8403 49.796 51.2164 52.2053 52.1074 51.61 51.4864 50.3727 49.5255 47.4029 45.9482 45.1616 44.7603 45.8083 45.3179 43.8711 43.8718 44.2064 42.5801 41.1955 40.3647 38.4493 38.28 37.2257 35.7689 33.1968 31.4828 29.8182 29.1134 28.9924 27.5703 24.3571 21.0244 18.3198 17.6126 16.8831 16.0117 13.718 11.201 8.07383 5.332 3.9753 2.0824 0.82025 0.000892171 -0.0169512 -0.833488 -2.38565 -4.75404 -10.3531 -16.6571 -23.4727 -32.329 -44.0138 -58.7032 
200 202.018 203.59 205.282 205.914 205.568 205.282 205.942 207.036 207.042 207.379 207.761 208.136 208.77 210.494 215.131 217.458 218.289 218.938 219.067 216.894 213.174 210.642 211.965 212.181 213.719 214.227 213.413 212.731 212.503 212.503 213.155 212.853 214.281 213.733 213.545 213.074 211.408 209.687 208.185 209.507 213.508 214.424 216.282 213.7 213.395 213.031 211.705 209.357 207.006 206.674 205.574 203.871 204.589 204.452 203.467 201.223 200.509 199.303 197.301 194.573 192.656 192.553 195.216 194.25 190.844 189.123 188.363 186.357 182.332 177.817 172.72 167.321 162.266 157.01 152.667 150.198 150.369 149.353 145.531 143.51 140.788 138.992 138.792 137.656 135.003 134.798 133.536 131.174 127.258 123.716 122.03 118.024 113.635 111.151 109.388 106.351 102.967 100.372 95.3843 90.9928 89.0574 86.2337 82.9638 82.0623 81.1694 81.5637 80.8371 80.4049 81.5909 80.7842 80.7649 79.5325 78.7565 76.6325 74.7263 72.8432 70.4125 68.4023 67.7847 69.4073 70.7685 71.8127 71.463 70.3541 69.5759 69.5514 69.351 67.4644 66.2768 64.1527 62.2161 59.3853 58.239 57.3337 54.864 50.9011 47.6159 45.8681 46.4157 44.6436 41.8003 40.9711 39.3143 35.8683 34.3282 33.5703 33.2504 32.5141 30.9851 31.6653 33.4561 34.4484 34.54 35.4648 37.4825 40.5908 43.2059 45.2803 44.9205 44.5876 44.4901 42.354 39.8356 38.1368 37.2305 37.9431 39.6617 38.4789 36.8336 33.1835 29.9446 27.1923 25.3521 25.9766 26.5439 26.7501 24.945 23.3138 22.9166 22.3013 21.5024 22.0107 21.8125 19.1213 15.105 10.7378 6.74544 3.28095 0.019308 -0.366852 -1.11911 -3.04023 -3.74663 -6.22051 -11.1711 -18.5936 -28.5821 -41.5584 -58.6736 
200 202.208 203.376 203.867 203.645 205.12 205.439 206.05 207.668 207.549 208.129 208.7 208.605 209.303 210.233 209.73 209.433 209.179 211.074 211.024 211.512 210.309 211.199 213.09 213.04 212.115 212.254 211.478 210.554 210.121 211.418 211.165 211.242 212.291 213.83 214.612 214.431 212.993 210.532 208.907 213.144 215.117 213.276 214.002 215.394 214.858 215.337 218.231 221.249 220.292 218.313 218.227 217.929 215.093 215.153 213.463 210.242 206.943 205.408 204.371 204.987 203.455 203.91 203.482 201.964 199.525 197.011 195.416 196.745 195.776 193.08 191.012 188.953 186.611 186.228 184.784 181.682 176.733 171.766 168.947 166.918 163.501 159.072 156.266 155.655 155.351 153.417 151.373 151.56 149.397 146.528 143.105 140.226 136.562 133.94 131.325 127.79 125.418 123.279 120.132 115.331 112.1 109.677 106.867 105.052 103.175 99.3114 96.0324 94.29 94.2787 96.2337 97.0479 97.0193 95.3631 93.9041 93.8826 92.402 91.1704 89.9315 86.4488 84.2597 84.6262 84.2068 82.7927 79.9356 75.6825 73.7504 72.5365 71.2971 68.3614 66.4987 63.2302 61.9865 59.3883 58.1551 55.9562 55.7089 55.1441 55.6306 58.7448 57.1771 55.3483 57.062 55.8312 55.6368 57.3928 57.8196 58.7742 57.1577 56.766 56.1137 56.1943 56.7841 57.5785 56.6987 56.2321 53.9224 53.1843 51.9394 50.6945 51.1591 51.3606 51.6904 50.5283 50.025 50.4639 52.0561 52.4581 49.7214 46.5412 44.0989 43.2884 42.0517 41.4649 41.0099 41.059 40.2765 36.2854 33.8226 30.7471 27.8653 25.5798 24.018 23.6474 21.0538 16.7659 11.1017 6.75671 3.90102 0.0315819 -0.600055 0.184043 0.718724 0.145957 -0.70494 -3.67219 -10.2444 -20.1175 -32.6442 -48.7019 
200 201.154 202.169 203.892 204.364 205.035 205.382 205.921 206.82 207.616 207.688 208.129 209.853 210.998 212.911 213.508 214.886 215.652 215.277 215.419 215.069 213.276 212.566 212.824 213.566 215.329 217.101 219.389 218.984 217.681 215.209 217.36 219.746 222.141 224.724 227.214 228.12 227.338 228.355 226.131 226.453 229.2 229.741 232.339 235.058 234.75 236.351 235.919 234.247 231.658 230.582 230.442 231.634 230.338 224.966 221.767 218.687 217.329 218.103 218.567 216.658 212.7 211.393 212.476 212.255 209.069 203.699 201.487 199.227 197.15 193.411 189.611 186.25 181.911 179.694 176.969 173.882 171.038 168.252 164.365 162.448 160.652 157.982 154.505 153.638 152.123 149.849 148.979 147.62 144.796 141.136 138.024 136.158 134.295 132.311 129.2 127.879 127.143 126.536 125.429 123.828 122.398 120.076 121.319 120.716 121.898 122.309 118.601 115.169 112.136 107.721 103.597 102.81 101.755 98.4076 95.9856 94.1845 94.4659 94.5668 94.5737 93.5539 91.334 90.838 89.4903 87.6663 85.4047 83.8084 82.2559 80.4831 79.2255 77.5968 79.928 82.729 84.2942 84.1345 82.5921 80.4171 77.1571 76.0879 75.8104 73.3525 70.1409 69.3673 70.6842 70.1639 68.2284 67.1561 65.5801 65.2374 67.2249 68.358 69.3138 70.6712 70.2205 67.895 64.3832 63.0443 64.8968 65.4878 62.7795 58.7362 55.0302 52.0919 49.5186 45.8064 43.5259 40.692 39.0074 38.4817 36.5147 35.7701 34.927 33.7382 31.2065 30.3124 29.4454 27.4895 25.6434 25.3286 24.725 22.8314 20.986 19.2503 18.4249 17.8303 15.5285 10.4107 5.33563 1.84092 0.0923991 -1.75558 -4.38249 -6.84979 -10.4369 -14.4619 -19.5189 -26.0018 -35.4586 -48.8611 -66.6065 
200 203.339 205.301 206.888 209.427 211.052 211.325 212.758 213.254 214.384 216.387 219.636 222.059 221.487 220.044 221.227 222.963 224.196 224.575 225.795 226.677 228.298 229.592 230.236 231.576 232.635 234.415 235.669 235.405 234.01 231.913 231.579 232.102 231.694 232.404 233.052 234.719 234.459 233.427 232.854 234.325 234.605 234.322 235.066 232.844 231.403 231.051 230.811 230.944 231.246 231.842 232.094 228.938 226.71 225.206 219.988 218.011 213.964 210.688 206.383 201.028 195.421 190.174 184.422 182.021 179.837 176.913 172.626 169.408 168.341 167.626 165.071 162.039 156.881 154.455 153.525 153.315 151.432 150.346 146.783 142.651 137.613 132.582 127.564 123.314 121.78 117.726 111.455 106.244 102.258 98.4158 94.6838 92.1155 91.4404 89.1147 85.5958 83.4054 79.5295 75.271 72.2443 72.0222 71.0525 67.894 64.5355 62.5168 58.6976 56.375 55.3758 52.8085 50.0129 47.2589 46.5483 47.361 47.9988 49.8065 48.9415 47.037 45.7588 44.297 45.3578 47.9748 46.8245 46.8872 49.5767 49.5171 48.5927 48.6472 48.9906 47.2296 44.4985 41.7988 39.9372 38.3149 38.6494 39.1284 39.4538 38.7446 36.688 36.2609 35.4122 35.3193 35.6195 35.5407 36.8874 36.922 35.0146 33.7482 35.355 36.1907 37.0524 37.9746 39.4856 41.7767 42.6419 43.6883 43.8471 41.4945 39.7916 37.8256 35.8099 34.0825 33.2658 33.8257 31.1319 28.2744 27.307 26.3027 26.2588 26.8859 29.131 30.98 30.7428 29.7749 28.9967 30.0751 29.1705 27.1848 24.2898 22.3653 21.8251 20.2885 18.6121 16.4859 14.6189 13.5507 12.9201 10.9625 6.83413 2.48636 -0.0214811 0.40814 1.64868 3.07966 2.15995 -0.525324 -4.21151 -9.44295 -18.1273 -30.4597 -46.9503 
200 202.911 205.526 205.523 206.518 206.926 207.904 208.257 209.671 210.833 211.844 213.238 212.641 212.738 211.976 211.68 211.425 212.006 213.734 215.092 215.11 214.653 214.852 216.862 218.958 219.218 222.987 226.367 225.955 223.643 222.702 222.356 221.599 221.054 218.856 218.505 219.274 220.526 222.164 222.924 222.276 219.657 218.56 218.912 218.817 217.35 218.561 218.783 216.983 215.717 215.398 213.963 209.243 207.351 204.996 201.559 199.741 196.714 193.162 190.704 189.761 187.756 185.23 182.257 182.232 181.492 179.453 175.059 174.076 174.169 172.292 171.459 172.113 170.886 164.673 160.76 159.961 159.279 157.239 155.874 154.164 151.345 150.563 147.759 144.258 142.518 141.011 138.948 134.703 131.698 131.233 130.407 127.679 122.284 118.732 116.348 115.114 112.564 110.981 109.514 109.343 105.976 102.336 100.351 99.5683 99.8754 99.241 96.4637 93.5075 92.6635 90.851 88.7916 85.7425 84.3618 83.242 79.5826 77.489 76.5384 75.9307 74.5629 73.6271 69.3768 65.1432 64.5289 66.6516 69.7005 69.6551 66.6971 64.5889 63.7633 63.1845 62.4511 61.6608 61.4751 62.2742 63.2449 64.4031 65.2156 64.8619 64.867 65.6408 64.9274 64.2193 63.4843 60.3417 58.4396 57.4646 57.8808 60.0953 62.6497 66.0891 68.3324 71.0166 71.9266 72.0041 73.0299 72.4593 71.7408 69.6055 67.429 64.7763 61.1043 60.1775 60.7651 57.7547 55.157 54.1425 52.3181 51.5677 50.9961 48.9423 47.3259 46.3654 45.1609 44.3683 43.0478 37.3988 33.5018 31.1384 30.711 29.1516 27.5935 24.5668 22.5684 19.0718 15.691 12.3854 9.05279 5.64501 0.172765 -3.28254 -5.08005 -6.32133 -9.14075 -13.0975 -18.1163 -23.7809 -31.4918 -42.8317 -58.5192 
200 202.599 204.563 205.698 206.696 207.617 207.968 208.943 210.731 211.133 210.335 211.906 211.682 211.729 211.021 209.886 210.363 211.409 212.163 211.754 211.541 212.367 211.909 213.359 214.554 215.514 218.703 218.066 217.172 216.676 215.295 215.333 216.631 216.193 214.838 212.39 214.183 218.644 218.691 216.668 212.969 214.428 216.56 218.76 219.153 222.734 223.5 220.522 219.568 218.226 216.673 214.83 209.266 205.989 205.472 203.66 202.195 200.607 199.575 197.421 196.086 193.265 191.895 190.114 184.884 182.682 179.854 178.803 177.324 174.214 173.491 170.165 167.66 166.688 164.774 162.479 158.994 156.173 154.76 152.823 151.446 150.333 151.519 149.99 147.538 144.51 139.472 137.663 136.283 134.927 132.598 129.817 128.47 127.323 125.663 120.897 118.903 117.832 117.165 116.281 113.883 111.776 109.971 107.403 107.65 107.055 108.385 107.55 105.714 102.667 100.959 101.723 102.508 100.821 99.9942 99.7395 98.2975 97.3019 94.4589 90.8092 87.9598 86.5911 85.795 85.1503 87.3209 88.7325 88.6838 86.7919 83.5091 81.7638 78.296 73.1311 71.1167 69.9479 68.1735 67.1705 67.0862 67.7061 69.5699 69.2726 67.8003 65.2243 62.8296 61.0952 58.8447 58.1105 57.8501 59.5373 60.544 60.4079 61.6603 62.3024 62.2537 62.1391 59.8948 57.3436 56.116 55.1284 54.9892 53.5484 52.6557 52.1906 51.135 49.7437 48.4765 45.0581 41.8428 40.2669 40.4923 40.9179 41.4744 42.073 42.6157 41.5506 38.9801 39.0682 38.3389 37.009 36.724 35.0518 31.7462 27.5288 24.3651 20.5378 16.1678 13.6175 10.3163 6.32649 2.51931 -0.0816322 1.55101 1.20396 0.712715 0.903038 0.0975363 -2.36748 -8.30992 -17.3519 -29.0673 -44.861 
200 202.63 204.688 208.123 209.857 210.085 211.075 212.775 212.546 213.324 215.424 217.338 217.894 217.387 216.744 218.593 220.105 220.231 221.459 224.366 227.689 228.523 229.75 231.406 231.913 232.923 235.414 236.026 235.41 234.433 234.294 234.143 233.083 232.235 230.905 229.367 228.367 228.506 229.549 231.469 232.537 232.754 234.055 237.247 236.238 235.758 236.454 236.78 236.225 237.607 238.971 240.365 240.693 239.745 238.216 237.029 235.514 236.107 237.604 235.226 231.487 229.02 226.324 225.482 223.541 219.838 215.932 212.682 210.565 206.906 203.87 202.128 198.2 194.483 188.338 183.086 179.679 175.762 174.318 172.791 171.291 168.166 163.785 158.89 154.562 152.939 151.184 147.509 146.453 144.659 142.155 136.748 131.638 126.14 121.504 118.019 111.927 104.954 100.177 96.8567 94.6425 92.9266 91.6032 88.8203 84.7905 80.9354 79.032 77.6514 75.5899 74.7401 74.0718 73.0995 72.7317 72.2122 70.4262 68.3509 66.8539 65.4831 64.8129 61.4182 58.0934 55.3589 53.8521 54.5704 55.0349 54.5337 51.575 47.212 43.1407 40.6525 39.6834 37.5629 36.2179 33.6314 32.773 33.7514 34.6848 31.7453 31.7932 34.5757 36.5121 35.6251 33.9275 33.6872 33.9204 32.4079 31.0723 29.1994 27.5695 28.2511 29.5849 30.6355 30.8644 30.4317 28.4217 28.1521 28.9819 29.6241 31.3646 31.4604 30.3412 29.6099 29.7 29.9735 27.7834 27.0867 25.1833 24.2484 25.0004 25.8193 25.4179 23.5283 23.9035 25.9254 25.1682 23.0572 23.3189 23.3718 21.9276 19.8068 16.9314 15.1814 14.3105 11.7896 9.13421 5.83899 3.19891 1.84256 0.508682 -0.0502163 0.95411 2.24359 2.09382 0.627874 -2.26407 -4.81377 -9.55523 -16.1491 -27.8491 -44.0776 
200 203.159 207.248 208.624 209.984 210.254 211.419 212.446 214.168 215.408 214.183 212.228 212.729 213.402 215.832 215.862 215.416 215.269 215.369 214.281 215.708 216.124 216.689 216.107 218.032 219.897 220.951 221.377 221.623 222.609 226.518 228.434 229.597 230.365 233.408 234.275 233.889 232.302 233.442 234.182 233.324 231.327 228.334 225.887 224.823 223.077 223.746 223.961 225.258 223.889 222.69 219.882 218.163 215.516 214.007 213.752 210.458 208.335 205.031 203.25 199.772 196.711 192.722 188.446 186.277 181.868 178.099 174.596 171.293 167.49 163.488 161.589 160.369 158.708 155.712 153.285 150.935 149.059 145.312 139.801 137.06 134.786 133.766 131.872 130.45 129.255 127.597 125.968 122.718 119.548 116.347 113.321 108.758 102.714 101.043 100.215 99.4043 98.9752 99.0211 98.2685 96.6072 97.2017 97.6888 95.3667 94.7772 95.4567 94.3974 92.8876 89.8397 87.358 83.68 82.3136 81.9634 82.0756 81.2033 80.4248 79.3029 76.7573 73.4214 70.687 69.4075 67.6595 63.6702 62.6782 63.673 63.2618 64.2053 65.8607 65.2755 64.663 64.532 65.6822 67.4932 67.8499 66.2227 63.6693 61.4205 59.8077 56.6241 54.2798 54.9933 55.7946 55.0202 54.7578 55.8682 57.1999 57.4287 56.2627 56.8195 57.2774 57.0311 55.6804 53.8154 54.135 55.4083 54.8616 53.9453 53.3038 52.5754 50.5596 48.9206 46.3821 42.8775 41.5709 42.8499 42.5032 39.799 37.4515 35.1711 33.651 32.3546 32.1863 33.1647 32.7572 32.6063 31.88 30.3394 29.0067 28.5575 28.8308 26.0832 23.2181 20.281 17.6116 13.6219 11.0337 9.13651 5.73122 2.92999 0.061146 -1.16177 -2.23348 -4.0569 -6.84843 -9.83698 -15.1386 -22.7252 -31.0286 -43.5209 -60.4731 
200 204.312 207.734 210.349 211.349 212.346 213.236 213.442 213.981 214.269 214.699 216.817 219.265 220.082 219.271 220.274 220.933 224.071 226.731 228.517 227.616 228.086 227.157 226.601 227.804 228.611 229.678 230.033 231.282 234.442 237.497 239.091 241.781 243.723 243.782 244.076 243.508 241.552 241.112 240.329 241.235 239.577 239.235 240.347 241.799 240.865 241.073 240.47 240.945 241.255 238.1 235.75 233.964 234.454 234.771 229.387 225.374 221.861 219.006 217.431 216.643 214.66 212.309 209.43 208.138 207.04 205.833 202.122 197.615 194.425 191.349 188.993 186.291 186.236 185.14 183.317 177.755 172.548 167.098 163.862 160.436 156.041 154.835 154.296 151.441 150.747 151.851 149.584 147.042 144.435 139.824 137.468 134.371 131.408 127.759 124.613 123.517 121.824 119.534 117.886 118.248 116.539 113.719 113.064 111.174 110.404 107.762 104.621 101.967 100.678 97.5536 96.0691 93.6073 90.9871 90.5938 87.8977 86.2085 84.4472 82.6644 83.543 83.0273 83.7834 85.4066 83.8959 81.4363 79.4691 77.593 76.4849 74.8964 73.5988 72.6607 68.5739 63.5168 60.2726 60.1607 60.501 60.468 59.9376 60.2258 59.7955 57.1971 55.3519 52.2976 51.4552 51.686 51.7404 52.0626 52.1568 51.0022 50.16 49.356 50.4235 50.0405 50.1931 50.5176 50.7489 51.3974 53.3692 51.1395 50.332 50.2237 48.921 44.6788 42.1347 40.111 38.1062 34.7961 34.563 32.3976 31.6886 29.2076 27.5055 26.1056 26.1883 26.9628 28.5737 27.413 24.9263 22.9484 22.2745 21.3496 20.1418 19.7588 19.1274 16.8558 14.4001 10.3656 7.00223 3.08365 -0.0344073 0.653738 2.43589 3.67674 5.18184 3.75237 1.16177 -2.97615 -9.71156 -20.1578 -35.2049 
200 202.633 203.803 206.193 207.764 208.262 209.944 210.801 212.164 212.819 212.848 213.565 213.939 214.456 212.68 213.033 214.801 215.084 215.862 215.024 215.369 214.587 213.983 212.906 213.303 214.537 215.852 215.087 214.969 216.508 217.577 218.428 221.238 221.55 221.498 221.575 219.919 220.405 222.367 223.178 223.323 221.576 220.973 221.12 221.318 223.974 223.331 224.377 226.71 227.361 223.599 223.228 222.1 221.265 220.871 219.563 217.833 215.087 211.54 208.303 207.632 205.957 202.56 200.867 201.158 198.616 194.448 193.716 190.984 188.662 187.313 187.827 186.265 184.335 182.509 181.222 180.36 180.18 178.195 175.538 172.542 170.394 165.921 161.897 158.624 155.742 154.334 154.226 154.939 155.658 153.01 150.464 148.69 146.806 143.403 141.815 140.016 139.082 138.093 138.164 136.641 133.927 132.472 130.833 127.497 123.8 122.437 121.123 118.426 115.739 113.376 110.942 111.029 112.028 110.938 111.293 110.275 109.741 109.691 108.621 106.52 105.127 103.24 102.928 100.486 98.6618 95.332 92.9429 89.6445 86.291 84.1225 83.6113 84.7766 82.657 80.7296 81.2699 82.906 83.7471 82.9096 83.0599 82.6434 82.4503 80.9976 80.0097 80.3688 80.0298 77.4569 77.6347 77.6996 77.1596 79.7583 79.2827 79.7413 80.1123 79.7942 79.1641 77.794 76.0523 75.1011 74.5203 73.972 74.4199 73.9647 72.0429 70.4177 69.0584 66.3266 66.085 65.8146 65.033 64.3059 62.0203 59.2727 57.0184 51.6631 48.5634 46.5575 43.5226 41.8151 39.8025 36.7884 32.8473 29.6348 27.1654 24.2857 20.5219 15.7364 11.4982 5.88967 0.121753 -2.3133 -4.33084 -5.82121 -8.18978 -11.2192 -15.0704 -21.414 -30.0766 -41.7943 -57.3871 
200 203.995 206.805 207.86 208.257 209.934 211.159 211.917 212.472 210.9 210.515 211.33 212.153 212.631 215.063 217.932 216.475 217.63 218.83 219.492 219.975 218.473 215.322 215.33 217.916 220.148 221.645 223.79 225.716 226.139 225.474 225.585 223.644 224.92 226.143 226.599 226.44 228.299 228.754 226.803 227.527 227.508 228.141 228.753 233.119 232.63 232.239 229.946 231.021 233.699 235.375 234.141 231.646 233.182 233.063 233.996 233.076 235.219 233.817 230.674 226.36 225.886 224.626 221.579 219.129 218.244 217.356 215.42 215.037 212.661 210.347 207.563 205.327 203.982 201.712 199.969 195.275 190.751 188.24 187.028 183.864 177.731 171.021 167.044 163.624 161.349 158.659 156.94 153.43 150.105 148.149 148.553 145.588 142.789 141.421 138.047 134.355 131.693 131.389 131.865 131.085 129.451 125.962 122.502 120.869 118.632 117.265 114.078 110.54 106.982 104.143 103.99 102.022 98.193 94.7039 91.9168 89.4199 89.0234 87.9725 86.6012 87.1583 85.4953 85.0589 82.5877 80.4173 78.5609 79.2185 78.8319 78.5433 77.765 75.5747 74.1225 73.0244 73.2732 72.5142 71.836 70.8594 70.6115 70.6134 70.0467 67.9118 65.6434 64.3482 63.9522 63.952 64.1746 64.2736 65.0137 64.0234 63.9419 65.7889 66.8862 68.2992 65.9047 65.682 66.041 66.3394 66.319 65.0916 65.0247 64.8117 62.5503 60.6053 59.2169 58.702 58.7841 59.2502 56.7304 54.1088 53.021 50.9387 51.1502 49.5756 48.209 44.4884 41.5484 39.2976 37.3154 35.6177 34.2069 32.3595 28.1039 24.2688 20.9071 18.4463 15.6836 12.2402 7.44009 3.89826 0.00738828 -0.140377 0.326379 1.53241 3.26766 3.79942 3.68632 1.17365 -6.18326 -17.5489 -33.0559 
200 202.86 204.562 205.11 208.236 211.124 211.738 211.636 213.191 213.82 214.845 216.399 216.67 218.561 219.975 220.404 220.144 219.964 220.178 222.029 223.238 223.034 224.143 227.157 228.994 230.283 230.494 231.327 233.671 236.477 237.329 237.358 237.007 238.126 237.013 234.971 233.466 233.929 233.465 234.714 235.802 235.655 235.552 234.099 233.447 231.907 231.015 229.258 226.55 226.238 226.043 225.637 222.635 220.521 221.676 221.399 221.568 222.433 222.457 221.332 218.807 215.52 212.163 210.099 209.053 207.824 207.474 205.012 203.27 200.779 197.503 194.312 192.371 190.72 187.395 185.609 182.682 178.245 174.374 171.048 170.346 170.239 167.911 164.792 160.111 157.324 154.38 153.506 151.639 150.653 149.761 150.252 151.504 150.517 148.44 144.149 142.064 142.481 142.132 139.923 137.877 137.981 135.433 134.218 134.949 133.628 131.766 130.161 127.414 124.525 123.081 121.966 120.122 117.149 114.327 111.175 108.027 106.008 105.762 106.025 105.065 104.875 104.27 103.528 100.414 97.3331 94.3315 93.1315 92.4634 91.7556 91.3014 91.6008 89.368 88.6148 89.5358 89.8717 89.311 88.6943 88.4642 89.735 91.4732 90.4356 88.2374 86.0913 84.3728 82.0836 77.0355 75.7346 76.537 78.0145 75.6463 74.3115 73.8594 74.7358 73.7585 72.9234 73.4547 70.9216 71.491 70.3692 69.124 68.1143 67.4267 66.1661 64.3542 63.3915 63.0445 62.4274 60.9735 59.4803 56.5263 54.7954 54.9154 55.5714 56.0983 54.5004 52.2763 50.4084 47.548 44.947 43.234 39.5257 34.4112 29.5785 25.1846 20.6895 16.5392 11.4522 5.03171 0.0589235 -1.11955 -0.811758 -0.816469 -2.39854 -3.54188 -7.58889 -14.2458 -22.4947 -34.0647 -50.5537 
200 204.313 206.614 209.295 213.408 215.094 214.458 213.659 214.095 212.889 214.596 217.074 218.263 220.416 221.544 221.16 220.836 221.217 220.619 221.529 222.802 222.329 222.827 220.214 219.834 218.707 218.868 218.012 217.709 220.025 218.89 218.571 218.92 218.435 218.156 217.281 215.497 216.625 215.649 217.393 217.471 218.468 215.489 214.089 211.303 210.129 208.99 207.009 206.247 210.077 211.981 211.481 210.028 207.638 207.806 204.21 200.572 198.185 198.6 197.757 196.187 193.109 191.757 189.918 186.32 182.033 181.057 180.914 178.825 177.909 174.713 172.157 169.456 166.309 164.443 162.378 160.267 158.718 157.541 154.504 150.7 149.568 151.035 151.42 149.49 145.128 140.49 137.414 134.907 130.44 126.222 121.567 119.056 117.431 117.121 117.912 115.907 113.957 113.755 112.451 110.724 109.355 108.754 107.855 106.492 106.373 105.842 105.216 103.334 100.935 99.4535 97.4818 95.1895 92.9057 92.1565 91.5883 91.7216 93.1187 93.3622 93.4057 92.1175 91.3435 88.5314 87.0484 84.2281 82.685 83.0158 81.0415 80.3917 80.3797 80.1058 81.0313 80.6 79.395 78.2026 77.3016 77.3914 76.3686 75.5193 77.423 78.4484 78.8369 78.2529 77.1527 77.1879 77.158 77.3029 76.3275 75.5703 73.9542 70.2064 68.2567 67.7011 68.1604 69.2875 69.7776 67.9686 67.1097 66.6101 66.0566 64.8884 61.9329 60.2189 63.0494 64.0379 66.1824 67.9442 68.3154 66.9082 65.6448 64.5812 64.0893 63.4479 64.15 63.5992 62.2949 59.2589 56.1304 51.1543 46.1367 43.7932 40.8334 37.0635 31.7188 26.3706 22.5882 18.7174 13.4256 7.49307 0.164022 -3.11641 -3.07011 -2.64633 -2.38986 -4.16407 -7.31837 -11.9514 -19.514 -28.811 -42.3178 
200 203.07 205.911 208.719 211.008 213.263 215.647 218.397 220.396 221.375 221.677 222.577 223.228 223.935 226.823 229.738 232.973 234.597 234.481 234.634 233.319 234.115 233.18 231.801 233.164 234.922 235.885 235.912 235.46 236.06 236.518 236.862 240.412 243.594 246.525 249.482 247.977 248.842 247.203 249.663 250.372 249.377 247.671 246.739 248.155 248.198 247.657 245.329 243.036 239.616 234.886 232.962 233.002 229.423 225.771 223.66 220.602 216.627 215.701 215.088 214.227 213.022 211.921 209.89 208.402 203.954 201.061 199.249 197.592 194.823 192.07 190.119 188.374 187.394 185.596 184.37 179.991 176.02 174.507 173.166 171.883 169.008 167.758 164.992 161.361 158.867 156.154 152.094 149.832 149.297 147.476 145.106 142.453 138.242 134.681 133.619 131.309 128.825 127.998 127.006 125.815 121.263 117.88 114.624 113.177 112.429 110.732 109.072 106.649 104.773 103.182 101.58 100.662 97.5679 95.169 94.4743 94.3912 95.7242 97.396 95.3881 93.1822 93.1257 94.2282 93.538 91.0939 86.8679 83.5607 81.0166 76.7029 76.6196 76.0169 74.6746 73.9499 73.8483 72.9739 73.3506 73.7709 74.7066 72.9496 72.0082 70.7207 72.9484 72.7468 72.8502 71.8137 70.5039 69.4027 69.8859 68.0102 67.8653 67.998 68.4505 68.0814 68.9221 69.1461 69.5369 68.4324 65.8909 65.1274 62.6879 63.7983 65.0494 63.634 63.7361 65.0405 65.9949 65.8969 64.7164 63.9988 62.0577 61.1933 60.7387 60.2842 58.9606 57.6971 55.7211 54.6077 52.1929 48.6971 46.0134 43.8365 42.7943 40.6552 36.7938 31.7794 24.7601 16.9531 11.2495 4.5749 0.00886423 -0.16842 -0.355677 -0.307937 -2.53123 -3.61249 -4.49372 -8.04513 -14.6801 -26.8393 -44.9544 
200 202.069 204.247 206.834 207.413 208.131 211.076 213.985 214.054 214.085 214.309 215.459 216.447 218.136 220.898 222.715 221.611 221.096 220.375 221.81 221.97 220.86 221.247 220.086 220.999 224.892 226.315 226.317 227.867 229.93 232.41 232.913 233.553 234.656 236.972 239.113 238.44 238.747 238.833 238.309 238.178 234.46 232.958 235.507 239.538 242.082 239.791 236.508 233.295 234.683 234.018 234.122 234.551 233.345 232.764 232.669 230.874 229.754 229.92 230.465 229.167 229.101 227.018 222.487 219.629 216.289 214.671 212.177 210.32 207.599 205.542 203.331 199.679 194.932 194.972 194.678 191.829 187.764 186.457 184.577 182.099 179.337 177.204 173.8 172.395 170.878 165.468 160.346 155.843 154.416 152.376 152.272 150.649 147.19 144.251 142.519 139.34 136.668 135.192 133.22 130.378 126.964 124.658 125.436 123.389 119.274 114.78 111.591 109.712 106.951 105.58 104.056 100.936 100.117 99.9202 98.4203 99.475 98.1463 98.5335 97.5969 94.1181 92.352 92.2659 90.0714 86.7182 84.7593 84.8893 81.3965 78.6334 76.766 75.8907 73.7978 70.1114 67.4975 67.573 67.9433 69.9522 71.0586 69.567 68.7153 67.3903 64.533 61.2537 60.9843 60.2948 60.6975 60.7504 61.4593 61.3215 61.433 61.8028 61.139 60.8822 60.4133 58.622 57.4356 58.7822 59.0533 57.3374 55.7245 55.8107 56.7453 59.5228 59.7929 60.3988 60.1353 58.2673 57.0509 56.6578 55.707 54.3425 51.8401 49.9941 48.706 48.7929 48.1937 46.6585 45.259 43.3528 40.179 37.3588 34.3191 31.659 30.105 25.9978 19.1975 12.1014 6.60791 3.18563 0.00615103 -0.116869 0.290601 2.47956 4.57434 4.0508 3.22081 0.225546 -8.21503 -22.1025 -42.0089 
200 204.368 207.648 210.312 211.553 211.467 211.291 210.275 210.818 211.032 210.423 209.98 210.922 212.378 212.834 212.951 213.428 214.415 213.312 212.306 212.976 214.915 217.047 219.122 221.367 222.693 223.005 223.653 224.871 225.866 226.766 226.42 226.171 226.742 226.603 227.243 225.818 226.624 225.457 224.4 223.488 221.962 220.663 220.98 221.022 221.155 220.407 217.91 216.104 214.932 212.546 212.197 208.523 207.954 205.596 205.034 203.972 201.252 198.403 196.569 192.17 190.288 189.427 186.059 182.81 180.926 179.043 177.643 174.971 173.013 168.579 166.336 162.823 160.03 156.81 155.185 156.197 155.086 153.326 151.634 151.81 150.327 146.297 143.052 139.724 137.425 138.282 137.71 135.593 133.471 132.405 132.85 131.609 131.137 130.116 128.423 127.766 127.455 126.567 122.513 120.36 119.782 118.143 119.309 118.949 118.863 118.556 116.461 117.594 118.293 117.45 115.866 115.382 115.706 115.417 110.393 107.889 104.136 101.708 100.73 99.3462 99.7503 99.9698 97.5942 96.185 94.7914 93.6853 91.2239 88.9924 88.8271 87.7015 86.1174 87.7739 87.7303 88.7517 85.122 85.4287 86.7983 87.8671 85.0507 82.4412 79.2586 78.1622 76.0472 72.893 72.6036 73.4257 72.9459 70.6421 69.1358 67.448 63.2792 60.5383 60.4489 60.1987 62.2862 64.2777 65.5217 66.7655 66.6902 63.4493 62.097 62.5813 64.0434 64.7155 64.9254 64.561 63.1625 61.1416 59.3125 57.2972 54.4791 52.6789 50.692 48.4307 48.4939 48.1868 45.3628 41.8336 40.675 38.2466 36.2479 33.1907 30.6951 25.9917 21.5476 17.3742 11.7562 5.36937 0.0542232 -1.03024 -0.573316 -1.62599 -2.21818 -1.82776 -2.2937 -5.82358 -12.9927 -25.6132 -44.001 
200 203.078 205.048 207.152 210.04 211.756 213.711 214.763 214.691 214.64 215.418 215.878 216.329 215.162 213.377 211.836 212.61 213.544 214.197 215.186 215.966 218.668 220.505 218.69 220.106 221.181 220.604 221.782 225.07 225.505 225.841 225.451 223.384 224.39 224.052 222.385 221.63 221.536 222.577 222.556 221.736 221.75 220.109 217.764 218.59 220.418 218.542 215.859 214.944 215.36 212.77 211.641 214.719 213.841 211.725 211.419 209.753 206.617 204.672 204.574 201.385 199.293 198.406 196.502 191.173 188.504 186.081 183.678 181.412 179.021 175.671 171.825 168.892 165.488 162.919 162.53 160.477 156.46 157.542 157.719 156.563 154.908 152.738 147.762 143.86 142.739 138.848 134.146 131.461 131.94 130.423 126.34 124.399 122.15 120.319 118.955 118.122 116.584 113.496 111.547 111.146 109.025 104.973 101.733 100.374 97.8385 95.2211 93.8648 94.3018 95.1324 95.0095 93.7331 92.2063 90.7559 89.8188 89.6161 88.4221 86.8523 84.3831 83.9279 84.1126 81.459 78.4142 78.0522 76.2433 78.7988 80.8541 81.8822 78.9343 77.0079 75.3511 74.6652 75.6583 75.872 76.5983 76.7225 74.6856 71.862 68.6758 65.705 65.7928 63.9124 62.2568 63.7745 65.3632 66.3674 67.5897 68.6446 69.1784 69.7008 69.1141 69.6513 71.8623 72.4809 69.9506 69.7137 70.7103 70.0789 68.9274 67.6613 65.8496 63.2999 60.6318 60.4985 60.526 59.5017 57.3987 56.8088 56.8104 55.5245 53.6723 51.6853 49.6678 48.0246 46.8849 46.311 45.9944 43.2267 39.3521 36.2238 33.2346 31.4167 30.2635 27.737 24.4395 20.8394 15.3034 9.82549 4.57433 0.0458623 -0.871383 0.00110476 1.68119 3.53461 4.72209 5.72543 3.86843 -1.90904 -13.0558 -29.9798 
200 202.758 204.052 204.762 205.722 208.22 208.552 208.902 208.667 208.223 209 209.13 207.444 205.642 204.979 205.185 205.24 203.964 203.791 207.067 209.062 209.754 209.847 209.394 209.296 210.554 211.392 211.868 210.487 210.476 211.348 211.354 214.389 215.115 217.548 218.196 219.732 220.955 220.016 218.397 217.608 218.876 220.177 221.37 222.801 223.425 223.875 223.856 224.564 226.109 225.773 225.251 222.74 219.411 216.158 212.308 210.466 208.165 205.851 203.692 203.163 200.586 198.003 196.524 195.039 192.248 190.573 187.752 185.259 182.663 182.447 181.354 178.76 175.922 173.422 170.892 169.78 167.603 164.897 162.396 158.299 155.494 150.356 145.857 142.199 139.237 135.047 133.682 131.955 130.566 128.501 127.993 127.856 126.897 125.199 122.118 118.99 118.347 118.735 117.589 117.975 117.753 119.179 117.312 115.223 114.193 112.808 114.476 116.579 116.285 115.54 113.114 110.284 110.228 107.742 106.185 108.187 105.75 103.176 100.87 97.9019 95.0813 93.859 90.8001 89.498 88.4027 86.6336 87.6896 88.3396 86.4228 83.8978 82.4846 81.8154 82.5744 83.0645 83.2402 84.0146 84.7514 84.4623 83.0304 83.0973 81.6984 81.5379 79.3451 76.2246 72.9722 71.356 70.1081 71.1628 70.7747 69.096 66.8193 67.0112 67.1021 65.7091 65.8709 64.5975 63.2936 62.3559 60.651 57.9827 56.7678 53.4823 49.7295 49.0263 50.1469 52.1029 52.3432 51.3856 49.8883 49.1794 46.9281 44.6877 44.8119 43.5018 43.367 42.767 41.8022 41.4593 40.4879 38.3517 34.7729 30.5344 27.0991 24.3486 21.7192 17.7855 11.768 5.5439 0.136754 -2.59832 -4.07226 -4.96962 -5.45003 -6.34058 -7.18161 -9.622 -15.264 -26.4203 -44.1382 
200 204.326 206.477 208.055 208.391 208.785 207.665 205.428 205.463 206.425 207.525 207.232 208.124 209.478 208.936 209.597 209.224 210.267 210.661 211.863 210.112 207.515 205.235 203.821 204.793 205.737 206.801 206.536 205.072 205.967 205.054 204.112 203.145 203.126 202.351 202.805 205.022 207.457 207.324 206.87 207.917 209.885 212.298 213.913 213.594 212.168 213.111 213.5 211.158 211.094 210.566 208.316 204.804 206.859 206.745 206.759 203.502 201.959 199.695 196.555 193.603 190.047 186.598 184.484 181.83 181.107 181.416 180.677 176.342 175.106 174.351 171.298 170.178 169.204 166.335 161.54 157.886 155.904 153.71 149.716 147.803 145.198 139.394 136.377 135.103 133.43 132.246 132.41 130.67 128.621 127.65 126.555 125.668 124.785 123.081 120.851 117.329 116.51 115.176 113.417 111.903 111.184 110.833 113.279 114.771 112.918 109.373 108.04 105.29 104.509 105.548 106.661 106.96 104.956 101.781 98.5241 96.5462 95.6838 95.5377 93.3414 92.6353 92.3716 92.3423 90.4783 88.3197 88.6193 88.0793 85.8009 83.1459 81.3123 80.5382 78.6741 77.4628 78.0165 77.285 77.4113 76.5059 76.8705 77.2857 79.6012 81.2959 80.3271 80.2319 80.3548 80.8508 80.6449 79.7677 79.7509 79.2144 77.7436 78.4836 77.1292 75.3824 76.3683 78.1221 79.0866 78.5794 76.4945 74.417 73.2395 73.1625 71.6269 69.1161 67.0319 66.4643 65.0815 64.386 63.2508 62.03 60.5375 57.7974 54.0529 50.1411 47.9269 47.4061 46.8082 45.9362 45.5286 43.6118 41.3785 38.6741 36.9698 33.8347 29.1706 25.3373 20.7314 17.1877 11.6451 5.50039 0.0868467 -1.65009 -1.38769 -0.770532 0.774252 1.55773 1.47787 -0.559657 -5.52689 -14.5001 -30.1329 
200 205.75 208.751 211.306 212.263 212.579 212.341 211.837 211.114 210.245 209.592 208.728 210.083 211.54 214.036 216.21 216.173 216.706 218.47 219.315 220.094 221.251 223.203 223.421 223.899 225.623 225.102 223.676 221.608 222.888 223.218 221.521 222.542 224.112 224.822 224.106 223.46 221.374 220.684 220.674 219.272 219.049 218.434 218.222 218.218 215.056 213.728 214.148 210.884 210.688 210.405 210.548 208.801 209.53 207.727 205.254 205.569 204.199 204.522 203.192 202.988 201.3 199.211 198.379 195.694 191.406 186.924 185.062 183.457 178.064 175.436 175.542 173.876 171.447 166.537 162.972 159.668 158.529 158.834 155.574 151.646 147.489 145.049 141.59 138.807 138.147 134.857 130.39 128.041 126.089 125.604 125.115 124.151 123.111 120.492 119.779 118.253 115.019 111.161 109.083 106.517 102.695 102.122 100.748 98.3542 97.995 98.0097 94.8899 91.6908 91.3115 90.3518 87.5809 86.4649 86.3992 84.7921 83.3934 81.823 79.1836 80.2687 78.8526 75.7536 75.3955 74.1916 72.4043 71.4532 71.2866 70.0381 69.0072 68.3377 66.4185 65.1038 64.2333 65.3251 63.8316 62.3905 61.1901 59.6189 57.1014 55.546 55.4121 55.6599 56.4239 55.9817 55.0746 55.8943 54.5973 53.8303 55.6219 57.0316 55.8811 55.3082 54.1587 54.8998 55.7093 57.8155 58.399 58.331 58.4523 57.7448 55.8835 56.3529 56.3059 54.9812 55.6874 56.5221 56.6339 56.3586 54.4019 52.7722 50.1094 50.0258 49.2388 46.6695 42.8325 40.08 37.2246 35.2447 36.6795 35.8279 33.5838 31.0509 29.9252 27.3475 23.8615 20.5632 16.9306 12.8042 7.96667 3.42417 0.152426 -2.89609 -5.57978 -7.81167 -10.9639 -14.9869 -18.8046 -22.4124 -28.6328 -38.7215 -55.4581 
200 203.131 203.966 206.2 207.045 208.363 210.246 212.224 210.789 209.169 207.686 207.898 209.382 209.646 210.475 212.322 213.605 213.68 215.394 216.485 216.751 215.24 213.274 212.549 214.676 212.511 210.083 207.097 209.006 209.585 209.918 209.894 210.526 210.878 210.469 210.98 209.261 206.403 208.319 209.364 209.546 211.474 214.759 214.235 212.332 208.184 205.385 205.235 205.814 203.348 200.994 201.942 198.524 197.688 197.707 197.329 195.337 194.96 191.743 191.173 191.809 189.967 189.862 187.83 187.154 186.416 187.373 187.756 188.076 187.844 187.383 185.237 180.983 176.491 172.212 169.442 167.262 167.386 166.785 165.302 160.073 158.63 154.701 150.701 148.436 143.138 137.662 135.652 134.007 131.84 127.868 125.699 126.926 127.833 127.932 127.647 125.785 121.901 118.351 115.702 112.426 111.814 111.75 108.843 107.606 106.956 106.314 103.551 102.4 101.681 100.946 98.2105 95.4767 94.1565 95.5079 96.4579 96.3706 93.6169 91.5957 91.1419 91.472 93.5195 93.5737 92.5155 89.8599 88.4247 87.8053 86.0089 84.0225 83.7067 84.5584 86.0413 87.7968 86.9272 86.0716 84.9416 85.3745 83.4102 81.3502 79.3136 77.2837 76.0705 75.195 76.0334 76.8089 75.8194 74.7525 72.742 70.7345 69.9268 69.0884 69.9433 69.2418 68.5375 66.0738 63.7007 63.4659 61.6764 61.3306 59.2651 57.9258 58.3126 58.0667 59.0852 59.876 60.5052 56.3911 52.5927 52.534 51.7687 49.2524 49.0845 48.2904 49.0598 48.9789 48.1691 47.6125 44.3686 42.0773 40.452 37.7396 34.6421 31.9859 29.435 25.783 21.6506 16.6902 10.4913 5.06147 0.0475361 -0.903186 0.689481 1.20405 1.68513 2.41322 1.27716 -2.82471 -10.0882 -20.4753 -35.9468 
200 203.603 205.8 207.473 208.029 208.716 207.834 207.53 207.07 206.023 205.586 205.787 205.314 203.817 202.516 201.992 203.088 202.577 202.56 203.639 202.262 201.663 201.833 202.873 203.051 203.099 203.721 203.669 205.484 206.622 208.916 210.776 211.716 213.769 215.373 217.822 215.693 215.991 215.619 217.052 218.251 216.988 214.174 213.314 213.804 215.071 216.898 213.967 212.52 209.448 207.382 207.473 205.992 201.973 197.67 199.283 198.94 197.858 197.459 196.633 195.623 193.993 191.172 186.938 186.867 185.297 182.475 180.71 177.364 175.928 175.512 177.068 176.332 173.733 170.594 167.998 164.446 163.002 163.016 162.635 161.826 161.013 158.742 155.905 152.854 147.999 143.789 140.828 136.52 134.373 132.879 130.624 127.619 125.612 124.124 122.499 119.188 116.6 114.738 112.369 109.216 106.557 103.958 100.957 98.0023 97.2382 95.9279 95.9358 95.5004 93.2724 90.5836 89.1812 86.7912 84.5227 81.0865 80.6277 82.9796 83.8961 82.0453 79.1253 78.2405 78.2173 74.9235 74.9572 76.6261 74.2231 70.9655 69.6201 69.713 70.4429 70.6092 72.2051 73.1418 71.7306 70.5132 69.1595 65.9314 65.0139 64.1165 65.0621 66.5388 67.1699 67.0947 65.9562 65.4206 65.3367 63.008 60.839 57.039 54.7319 54.3792 54.7591 53.2923 51.5775 49.9867 50.1409 50.1214 48.5725 44.6433 43.56 41.2895 40.9806 41.2625 40.7877 40.8323 40.0971 40.0361 42.703 41.9003 41.8054 39.2813 36.0919 34.7752 33.0257 31.6146 29.8846 27.2069 26.8704 27.3036 26.6931 24.0735 23.1539 19.9874 19.0282 18.1113 16.4832 14.5622 9.82052 4.44897 0.0963159 -1.83 -3.28469 -4.1436 -3.79881 -4.34217 -5.90474 -10.0876 -16.6233 -27.1357 -43.4866 
200 205.614 208.282 209.742 211.19 212.663 213.673 213.993 215.856 216.895 218.379 218.945 218.463 217.966 216.606 216.911 217.048 216.46 215.192 214.715 214.096 214.959 215.525 213.711 213.603 216.54 217.792 218.68 218.266 218.553 221.196 218.651 217.585 217.156 216.631 218.407 216.257 214.38 215.271 215.161 212.735 211.923 212.196 210.76 209.407 209.9 209.807 208.149 208.712 205.277 201.993 202.563 204.714 201.635 197.599 196.462 194.364 191.76 191.255 194.373 194.139 190.085 186.09 183.616 181.338 182.227 181.568 179.897 178.974 180.608 182.219 179.931 178.243 176.358 172.65 168.634 167.614 163.005 160.104 158.589 156.225 152.318 149.935 146.073 145.197 141.91 138.279 134.771 132.679 131.357 129.879 128.415 127.365 125.017 119.631 115.194 113.276 111.309 108.951 105.8 103.585 101.315 98.7731 98.1544 97.7333 96.3774 95.7105 93.7794 92.3429 91.2904 89.4112 86.6918 85.2199 87.1329 88.4857 89.1714 88.5724 88.4925 88.5801 89.7495 89.6022 88.0779 88.1241 89.5775 90.7409 91.1452 92.3305 92.0096 89.4294 85.4505 84.3089 83.2038 82.4236 83.22 80.4316 77.7039 78.4422 79.1269 77.9778 76.9161 76.413 75.4385 74.1325 74.9588 74.4313 73.5839 74.7138 76.9734 74.8218 73.0679 73.0001 72.9073 73.9749 74.4488 73.4391 72.2888 70.1876 67.3057 65.5393 63.5006 62.2974 60.905 61.3009 61.9247 63.2358 64.1019 63.0887 60.4376 58.4279 57.6409 55.8874 53.1298 51.5847 49.3503 47.2861 45.1063 44.0143 42.615 42.5543 41.2887 40.6104 37.4789 33.9705 30.4239 25.1831 20.4386 14.2442 9.69233 4.42231 0.0823663 -1.56496 -2.20475 -1.64796 -1.24638 -1.24824 -1.20091 -5.79243 -13.3187 -23.3562 -38.013 
200 204.526 206.722 207.288 206.835 207.5 208.368 209.651 211.35 213.917 216.937 218.81 219.219 219.558 219.573 220.217 222.442 225.729 228.933 231.038 232.183 232.022 230.972 231.357 234.628 236.174 238.285 238.749 238.345 238.859 237.963 235.148 234.639 234.772 234.683 234.938 236.418 235.007 234.434 235.503 235.771 239.405 240.303 240.169 239.848 236.864 234.475 235.602 235.799 233.109 232.969 230.008 230.368 228.221 222.216 219.676 219.513 218.256 217.851 217.579 214.67 211.037 206.475 202.593 198.671 196.176 192.978 190.775 187.66 183.948 179.376 175.57 170.809 166.753 163.586 160.736 158.365 158.313 155.648 153.955 154.224 154.132 149.901 146.484 145.671 143.961 142.109 139.248 135.729 132.339 129.716 127.648 124.883 123.316 121.08 117.675 114.734 112.738 110.527 107.473 104.038 100.009 96.6686 94.5218 94.5508 92.9192 88.6182 85.5773 83.5998 82.5148 82.1411 82.9513 84.2373 84.2455 83.3503 82.2561 82.5073 83.8972 84.2748 85.1169 83.9708 83.6621 83.5094 82.5095 81.0316 80.0016 77.9517 76.8503 75.399 74.8766 73.0033 72.5187 71.1663 68.3831 67.8987 67.5103 66.2372 65.9814 65.4775 65.2467 64.7309 63.3926 62.7032 63.0032 63.5852 67.1558 69.8539 70.2828 69.0544 67.3166 65.5723 63.796 64.4737 65.8161 67.1644 66.3436 66.8164 67.8439 66.6817 67.4041 68.4142 67.5047 65.3329 63.3103 60.9669 60.5139 61.5573 60.4052 59.1213 56.095 56.9403 57.6067 57.8958 57.3259 54.2568 50.0766 45.6545 41.8238 38.3354 35.0685 33.9755 32.2695 28.3363 24.4945 20.1823 15.2757 10.6882 6.32526 2.40929 -0.00808469 0.153609 1.34354 4.37725 4.09234 3.72692 2.72695 0.272101 -4.86534 -14.0577 -28.587 
200 205.639 209.003 210.779 212.755 214.112 214.824 212.918 210.128 209.079 210.141 210.35 211.17 212.249 214.155 213.24 213.096 214.78 214.913 214.621 214.37 213.288 210.993 211.446 210.257 206.712 204.457 203.968 203.41 205.029 205.646 205.726 205.613 204.012 204.764 206.465 207.46 205.796 205.809 205.093 205.674 204.815 205.946 206.245 205.471 206.097 206.213 208.614 209.428 209.087 206.954 202.169 198.158 195.525 193.329 189.609 189.224 187.147 183.582 182.276 183.366 180.048 176.118 171.729 168.297 166.258 164.186 162.028 158.763 154.591 150.702 145.397 140.544 137.285 130.294 125.684 124.003 125.07 124.324 122.133 118.271 115.819 113.335 112.321 108.927 106.612 105.973 100.324 98.4069 97.0536 94.173 93.4698 92.4463 92.39 90.3724 87.9456 84.2446 83.5145 81.7407 81.2033 81.3843 80.1329 77.8933 76.6453 74.8816 75.1541 73.0079 68.9098 65.2426 61.4601 60.0267 60.185 59.5969 59.1573 58.4748 57.9634 55.2858 54.5065 55.216 55.5283 54.2348 52.4252 51.137 49.0205 48.3154 50.4984 50.3979 50.6077 50.7918 51.2256 52.5882 55.1768 56.5272 56.294 54.6043 55.3285 57.3603 59.5581 60.6701 61.5426 62.755 62.6412 62.8955 63.2668 63.7271 61.9229 60.8708 60.1721 60.6353 60.4787 57.1357 55.5007 54.9866 55.364 54.4106 55.0855 55.7673 56.9818 58.2284 60.0677 60.282 59.1721 56.8451 55.8156 53.3826 51.5687 50.9398 50.9254 51.4489 48.4549 48.957 49.293 50.76 51.0591 48.3646 46.3255 45.8239 44.2536 41.5687 39.6968 37.761 35.2644 33.8632 30.6962 25.2569 20.8092 16.5738 12.1611 6.45601 0.0395959 -0.752321 -1.55469 -3.25576 -4.36519 -4.74016 -6.06552 -10.0891 -16.9169 -26.5927 -39.1625 
200 204.263 207.505 209.939 211.015 212.311 212.185 211.41 211.155 211.596 212.359 213.275 212.567 212.723 211.188 211.972 211.256 209.955 209.449 209.536 209.543 210.325 209.341 208.067 208.854 208.406 209.345 208.757 208.849 207.565 206.657 209.393 210.633 212.435 213.435 214.023 216.182 218.971 222.937 223.676 225.273 225.608 224.429 220.552 218.627 217.63 214.441 214.301 212.81 210.492 212.225 211.153 207.665 205.297 206.387 206.229 207.251 206.069 204.214 203.438 205.174 205.32 202.095 198.804 195.491 192.507 190.974 190.157 188.332 185.346 182.062 178.592 177.321 176.202 172.73 169.022 165.574 161.504 158.724 156.669 153.3 152.477 152.393 151.327 149.822 148.414 145.671 143.287 141.935 136.971 135.173 132.92 130.107 127.629 125.625 123.06 122.515 118.814 115.883 111.565 110.89 108.968 108.599 106.097 103.891 102.631 99.9684 99.8801 97.7716 94.6622 93.245 91.916 90.3811 87.0689 84.7677 82.9308 79.4601 78.382 76.4488 73.9665 74.176 74.4407 75.4831 77.0437 76.2841 74.8482 72.8852 71.1822 70.0951 69.0226 67.1528 66.1692 64.8192 64.1253 62.6214 58.8723 55.1183 52.0169 51.0354 51.833 53.7123 54.1888 53.883 54.0244 56.1239 57.6475 57.9686 57.92 56.6299 57.0714 57.9064 57.2151 55.8058 55.2895 53.6809 50.8434 50.7388 48.9677 48.0583 46.2909 43.9005 43.6107 43.8053 42.0737 40.7735 40.5449 40.9383 42.0653 42.0202 43.751 44.7645 44.5833 44.9941 44.7822 43.2064 43.29 42.9332 41.8329 39.9109 36.7916 34.6051 33.3104 30.606 27.6379 24.8418 21.4217 16.1106 11.0958 5.00575 0.0941564 -1.78897 -3.81304 -4.99974 -6.13728 -7.76609 -10.6578 -14.5896 -21.3199 -30.8277 -47.1485 
200 204.359 206.427 206.897 207.425 207.559 208.673 209.274 209.699 210.21 211.186 211.614 210.453 208.882 208.339 208.346 208.394 209.156 209.917 208.808 208.056 207.743 205.006 203.843 203.574 203.779 203.48 204.689 206.203 208.703 212.917 214.418 215.034 215.469 216.384 218.646 219.318 218.003 219.41 218.58 217.597 218.205 214.588 211.756 212.936 212.498 211.889 211.865 212.521 212.337 212.545 211.338 209.091 207.618 205.12 203.293 201.382 202.061 199.492 195.684 192.148 190.197 188.099 185.036 183.173 181.032 177.738 174.719 174.376 174.304 172.91 170.347 165.015 162.76 162.128 161.905 161.22 158.884 157.45 155.848 153.706 149.281 146.846 144.304 142.098 139.277 136.25 134.179 132.31 132.856 130.599 127.29 123.992 122.527 122.414 122.561 119.347 116.017 115.357 118.307 117.152 117.062 115.267 113.16 110.358 109.027 106.601 104.666 100.351 96.704 95.2879 92.1104 90.1243 89.6533 88.3463 86.946 85.2566 86.3574 85.1001 83.6001 82.0073 79.1236 76.1136 76.9052 76.7395 77.7651 79.6778 78.9123 77.8603 77.7922 77.64 76.2035 75.4609 76.4315 75.3787 73.9258 70.3008 70.0884 69.1105 69.4624 69.6315 70.4563 72.2569 73.822 72.7499 71.1912 71.6168 73.2887 72.2934 72.5549 70.0837 69.2552 69.1008 69.0532 68.1091 66.4868 64.7764 60.5028 59.2807 58.3636 58.0466 58.2058 56.2759 54.581 55.3974 54.0108 53.0555 51.2845 49.7965 49.3514 49.4788 48.195 47.2583 45.4444 42.5384 38.4715 34.349 31.5717 31.5454 31.4279 31.5733 29.6716 28.4745 24.4521 20.1066 18.2462 14.4981 9.87922 4.24326 -0.00228838 0.0434792 -0.561365 -0.0520952 -0.911386 -1.80232 -2.64482 -5.34531 -10.8266 -20.8923 -36.1543 
200 205.262 208.819 212.335 215.268 216.521 216.451 217.735 219.147 219.446 220.511 219.428 218.558 218.756 221.683 224.403 223.784 225.305 226.142 227.09 229.054 230.412 229.284 229.85 230.68 229.83 227.68 227.989 230.936 232.529 233.991 234.088 234.114 232.274 230.213 230.389 230.258 226.997 227.216 230.08 230.77 232.263 232.038 228.981 227.879 226.686 225.112 223.825 221.713 220.67 219.903 221.341 221.83 221.994 220.538 217.259 216.176 215.029 214.262 213.809 209.578 205.492 199.962 197.314 194.213 190.1 185.015 179.107 177.304 177.546 177.203 174.129 171.814 169.548 171.228 170.619 167.834 163.231 161.396 159.128 156.325 152.72 149.184 145.966 143.298 141.495 139.234 136.238 131.538 131.591 130.912 130.297 126.908 123.265 119.609 117.494 114.839 111.28 107.291 104.125 100.218 96.9094 96.4562 94.6276 93.8496 94.5702 91.539 89.5563 87.6041 85.5451 84.1547 83.3606 80.583 78.3864 76.6366 76.3927 73.7659 70.9766 70.1482 67.9639 66.3327 63.4685 61.9344 58.5564 53.4198 51.5071 50.8469 48.3976 48.9985 49.437 47.2162 46.1017 45.4763 47.2687 46.7886 45.7862 44.6233 47.4012 48.3444 47.8436 48.1926 47.0577 44.5245 41.8791 42.5429 43.0207 43.1296 41.5072 41.2263 40.849 39.5838 38.6003 38.6208 38.2029 39.5637 41.8219 42.444 42.2092 44.0063 44.3898 45.3552 49.2883 52.9317 52.9065 51.5597 50.7519 50.9726 50.0517 50.7643 49.7716 46.6191 42.5529 41.0659 39.3536 39.1846 41.5936 43.0997 43.1736 40.5843 38.6464 36.1339 35.5289 31.4715 28.5915 25.0156 21.9194 17.1113 11.1164 4.13908 0.149815 -2.84648 -5.25588 -7.8019 -10.1504 -13.3877 -18.2172 -22.9213 -30.0557 -40.6771 -56.0473 
200 204.873 208.163 210.239 210.373 210.804 212.916 215.271 215.952 217.245 218.279 218.962 219.182 220.024 221.659 223.489 225.475 223.768 222.565 223.375 224.134 226.235 227.062 226.529 227.913 227.57 224.649 225.921 228.507 231.627 235.405 236.012 235.843 236.521 235.067 231.88 230.356 227.219 226.945 225.471 223.793 223.606 223.467 222.824 223.541 224.442 225.978 223.185 219.1 218.398 216.164 214.248 210.976 208.444 206.899 203.47 200.082 198.358 197.074 193.761 193.405 192.373 189.871 189.179 186.528 180.267 176.66 172.821 171.225 167.073 164.975 162.176 158.514 157.738 156.088 155.655 155.181 152.552 149.738 146.425 146.251 144.869 142.564 139.828 136.727 134.552 130.628 128.16 125.262 123.223 119.902 115.795 111.551 107.538 104.43 102.097 99.914 96.3959 93.0823 91.1177 88.25 86.0504 85.8031 84.4563 83.289 83.3756 81.4432 81.3989 80.7855 80.3288 80.5457 82.6525 83.8639 84.0541 83.4272 83.3288 82.4977 82.3328 82.7247 83.2827 83.4376 81.6055 79.7407 76.6572 73.892 71.4678 69.6079 67.4807 65.1739 64.9399 65.9145 66.7785 66.5161 65.6004 65.8124 65.3105 65.7181 65.8762 65.4115 65.6339 65.0521 64.1221 61.8601 59.1845 54.1974 50.3114 49.6575 51.7451 52.1829 51.5693 50.4189 51.1543 52.2945 52.0679 51.9157 53.0399 53.8993 52.0528 50.3587 49.1225 47.7182 47.5033 46.4698 46.7363 45.363 44.3664 43.9841 42.7539 42.0251 39.9037 41.3601 38.9118 36.3615 35.6384 33.4564 33.8894 33.2267 33.2083 34.3875 34.6986 33.6831 32.4368 29.2698 25.7537 21.771 18.742 15.5237 11.2011 5.43151 0.110105 -2.092 -3.84808 -5.50075 -6.65926 -7.89539 -8.88238 -11.3069 -18.1915 -30.4109 -48.363 
200 205.475 208.924 210.481 212.581 213.687 213.478 211.704 210.715 212.167 211.551 211.601 211.445 211.66 211.92 211.899 211.024 212.205 212.32 212.78 215.068 214.815 213.968 211.408 210.342 207.698 208.401 208.906 207.811 207.554 206.834 207.821 211.024 210.508 208.622 207.87 209.233 211.866 214.135 215.221 215.85 218.452 218.554 221.044 220.571 220.056 220.04 218.468 215.417 211.217 208.468 206.994 201.473 197.272 198.686 196.376 192.255 191.882 191.915 190.943 188.703 186.846 183.044 178.148 173.157 168.887 163.929 162.595 158.585 157.093 155.379 151.339 148.296 142.981 139.846 136.694 134.129 132.726 130.888 127.09 123.223 122.055 122.503 119.479 116.382 113.254 111.47 109.123 107.525 108.01 107.55 106.025 105.45 103.875 103.945 102.845 102.668 100.218 97.1263 94.4466 90.6344 87.6679 84.8815 80.8557 78.4715 76.461 74.5323 74.013 73.2185 70.8947 70.6553 71.2351 70.5139 68.9025 66.8897 64.7329 62.24 60.4113 58.6084 58.305 57.4755 55.8254 56.3245 56.4504 57.1077 57.2847 54.8609 53.0282 51.8838 52.0894 53.5819 56.0057 57.214 57.943 56.8416 54.3926 53.8425 53.5544 53.9498 53.2081 54.4152 54.8528 54.155 49.9337 47.1565 45.6919 44.8596 44.5048 45.3724 47.4437 49.2727 50.3988 51.8272 53.7731 52.8347 52.7045 53.1911 52.5063 50.2846 47.7724 46.815 46.238 44.6803 40.8827 40.2615 38.7803 38.6651 38.467 36.8292 35.5822 32.2584 31.9719 33.2866 32.5603 27.9743 23.7295 21.2138 20.3919 20.4418 21.1411 20.6595 20.623 20.1321 18.0945 15.4876 12.8139 9.57275 6.6921 3.85386 0.031953 -0.607108 -1.76117 -3.09381 -4.1744 -5.20447 -7.11044 -9.48415 -15.195 -27.7315 -45.0173 
200 205.456 207.74 209.349 209.282 209.585 209.968 211.215 212.538 214.793 216.374 216.845 216.125 216.514 215.932 216.432 218.491 220.455 222.385 225.288 226.436 225.132 223.291 222.632 222.445 222.515 223.875 225.507 226.584 226.05 224.728 223.483 224.383 223.353 224.108 222.755 223.248 223.45 223.153 223.207 222.712 221.128 220.778 222.761 223.21 220.865 220.693 220.773 220.298 220.587 220.562 219.287 215.984 213.453 211.721 208.237 205.856 201.664 198.98 200.06 199.987 196.404 192.527 190.973 187.449 186.395 184.511 180.992 180.517 178.935 175.735 172.636 170.192 167.759 164.929 161.029 159.006 156.464 154.258 152.735 150.042 145.952 142.064 139.071 137.169 132.639 129.579 128.295 126.646 125.516 122.116 118.516 114.752 110.577 109.446 106.637 105.046 104.956 104.008 103.052 102.2 99.809 97.7838 96.0616 96.1621 94.5569 90.6791 89.8469 89.1246 86.2477 84.3965 83.5086 82.6717 80.9317 80.9436 80.5519 78.072 79.046 79.0982 78.002 76.2316 75.1339 76.6654 75.0641 73.8624 73.5808 72.3907 71.117 70.509 68.1474 66.2106 64.3504 61.5112 59.5866 57.0975 55.7938 53.6201 50.9217 50.7239 50.8845 51.5991 52.1171 52.5887 51.8848 51.223 50.3733 49.8874 50.2431 51.2703 50.9343 50.3111 51.9926 53.9632 54.8556 55.0103 57.4493 56.3514 56.019 57.6289 58.0861 56.3852 55.3131 55.5895 54.6304 51.9918 48.1275 46.1271 46.9538 46.3902 46.1101 44.8837 45.28 45.4974 45.265 45.3424 42.0225 38.1931 34.7736 32.6441 31.0891 29.6801 30.3079 30.9929 29.3693 25.8454 23.3714 18.7241 13.0346 6.29796 0.185497 -3.52443 -5.47747 -5.1984 -6.97635 -9.03876 -11.9749 -17.8477 -26.8034 -40.1724 -58.0545 
200 204.77 209.803 212.587 213.34 212.93 212.196 213.391 213.988 215.875 217.204 218.104 217.198 218.766 220.264 220.104 219.567 218.123 218.989 219.627 217.716 215.819 214.873 214.815 215.855 216.15 214.967 215.21 216.028 219.231 222.277 222.534 222.591 221.466 221.429 220.789 219.792 222.318 223.499 222.2 218.726 215.938 215.766 218.657 218.86 216.965 213.838 213.834 213.749 211.718 210.452 208.517 207.976 205.981 204.157 201.42 199.073 199.464 196.951 195.313 194.934 192.405 186.924 186.823 184.942 182.572 180.328 178.592 177.895 178.306 175.234 173.113 169.321 163.126 158.33 155.15 152.088 149.472 146.349 145.087 143.295 141.446 139.361 136.147 131.523 127.081 123.23 118.284 113.991 110.954 108.615 107.547 106.658 105.479 103.063 100.991 97.0236 93.3661 90.64 89.681 85.9564 82.3891 78.9799 76.4552 75.4389 74.1717 73.412 71.6212 67.8772 66.0643 64.7525 63.6329 62.0686 59.0717 57.3944 54.3566 53.8774 52.7764 50.0287 46.9165 43.0485 40.2279 37.282 36.0429 34.0207 33.6727 32.0349 32.126 31.5309 29.8346 29.391 29.5205 31.4812 32.4061 31.3725 29.3058 31.3511 36.1933 36.7342 35.523 33.5532 30.4507 31.2044 33.288 32.8654 32.3603 33.8716 36.3431 38.675 39.8601 38.0183 37.64 37.4317 38.5665 38.1844 37.2214 36.123 34.3937 34.9971 36.0833 36.0527 37.0512 38.9235 40.7259 38.2996 35.7123 35.0504 34.6523 33.2353 32.5855 32.9566 31.1741 30.9157 30.2567 30.5769 30.4908 29.8898 28.6791 26.4542 23.5071 22.2599 19.3769 18.3171 16.0668 14.9368 12.3058 8.28353 5.51447 2.96006 0.146328 -2.78024 -3.9284 -3.6115 -2.96256 -3.95772 -5.09941 -8.99784 -15.3048 -25.2364 -41.3718 
200 204.197 206.127 207.12 208.039 208.716 208.542 208.742 208.246 208.799 209.83 208.817 208.805 208.505 206.658 205.894 205.23 207.25 207.17 205.586 204.298 205.027 206.286 206.996 208.277 207.279 206.849 205.428 207.284 205.776 203.817 203.886 204.514 205.309 205.553 203.158 204.998 203.956 203.66 201.902 200.369 198.538 199.678 198.896 195.572 194.362 192.805 193.592 194.049 196.354 197.172 195.567 193.936 192.503 191.624 188.885 187.417 185.274 185.386 184.324 181.708 179.127 178.494 178.166 176.065 171.813 164.922 158.75 154.631 151.181 149.792 147.187 144.228 142.311 139.382 137.413 134.645 132.114 128.383 126.659 125.731 124.075 121.136 118.039 116.196 113.844 109.923 109.559 107.949 105.564 103.236 100.907 98.1814 94.4169 90.7875 89.258 88.8332 87.268 84.1974 81.9417 78.8888 77.5667 74.1852 73.1772 71.9576 67.9947 65.6244 62.0884 59.2264 57.1981 53.6786 53.5109 54.281 53.5054 51.8604 49.3771 46.597 43.1976 41.2651 40.6787 39.5472 37.1003 37.2142 38.7573 35.8383 33.1875 33.046 34.7032 35.9883 35.2395 34.179 35.4699 36.4287 38.1112 40.4165 41.7957 41.1808 42.6521 44.0841 43.7709 42.3293 40.8767 38.7078 37.2206 35.7356 32.6332 30.2828 29.5973 28.0027 27.7387 28.123 30.035 27.6945 26.6485 26.2633 26.9055 29.0888 29.936 30.9355 31.8828 30.7936 31.679 32.7093 33.7883 34.9743 36.1005 34.3896 31.9193 31.1509 33.7023 33.4229 34.579 33.8337 34.0167 35.9815 37.9625 37.3636 34.9636 30.4925 26.5792 24.5127 22.6901 20.7463 18.7027 16.924 14.2671 10.9171 6.14163 2.22283 0.0566786 -1.07689 -2.63398 -6.05713 -8.95111 -12.3135 -14.6995 -18.0103 -25.2407 -39.6788 -60.406 
200 203.861 205.033 205.933 208.457 209.097 210.561 210.638 210.025 208.583 208.309 207.587 208.305 210.64 214.342 216.25 217.329 217.007 216.484 216.343 215.31 214.918 212.632 212.411 210.431 210.154 210.085 210.164 210.298 209.479 207.436 206.543 205.19 203.36 200.911 201.786 199.278 200.697 198.78 193.788 193.544 195.002 195.16 192.134 191.73 194.561 195.665 196.791 196.133 197.437 197.949 195.943 191.846 191.492 191.091 187.585 187.587 187.013 185.98 186.631 183.857 182.444 181.302 179.99 177.455 174.907 172.928 168.574 165.677 163.299 160.887 160.377 156.639 155.235 152.541 152.335 149.79 146.742 145.155 142.637 140.782 137.737 136.239 133.367 131.835 130.792 129.366 127.349 124.924 123.775 122.761 123.107 122.96 121.79 120.03 115.447 113.167 113.22 113.693 113.476 111.313 109.836 107.448 104.157 100.413 98.3149 98.4633 99.3497 97.0863 94.6348 92.1637 91.4576 90.8953 89.333 87.4988 87.5113 86.9597 87.0244 86.8802 83.6091 80.5569 77.5671 74.9428 74.257 73.797 72.7681 69.326 66.5319 65.2945 65.9144 65.4389 63.7316 62.7844 61.1438 60.3102 58.6268 59.1112 57.6954 57.3078 57.366 58.4588 58.3715 59.9371 60.3718 58.7977 57.6155 56.0705 55.1547 55.5206 54.9885 53.7914 53.0842 54.3008 55.5044 55.2345 54.1448 53.4256 52.8637 53.6967 57.0006 59.0064 58.129 54.5872 51.7586 49.5541 48.7176 49.3272 50.4627 50.5118 49.3547 46.6334 44.2449 43.5234 41.2505 40.1962 39.868 38.4162 36.4836 35.7857 33.822 32.4999 32.56 32.6984 31.1054 28.3092 23.6472 18.3551 11.4943 5.19794 0.159475 -3.03003 -4.8051 -7.30625 -10.7568 -13.6576 -18.4857 -24.5048 -33.0704 -45.8334 -64.1043 
200 205.699 210.403 214.464 215.547 216.611 218.039 217.95 218.721 219.066 218.908 220.6 222.13 222.423 221.888 220.514 218.915 219.011 219.511 221.276 222.31 224.855 228.78 228.025 227.735 227.584 227.87 226.466 228.186 226.432 226.526 225.611 224.565 221.871 221.113 221.736 222.605 223.639 222.324 223.352 223.732 224.089 222.245 221.891 220.828 221.928 222.624 225.149 222.767 222.114 220.08 219.032 219.456 220.005 219.9 220.448 218.138 217.625 216.473 214.906 213.57 214.626 214.187 210.905 208.778 204.749 201.216 199.952 197.606 195.894 193.37 191.467 186.685 183.298 181.013 178.827 177.45 176.257 174.907 172.454 170.835 167.615 164.633 163.346 161.233 159.283 156.929 155.709 152.918 148.983 146.878 144.826 143.071 138.965 135.305 130.085 124.479 119.853 115.25 112.049 109.603 108.881 108.775 108.123 105.597 102.21 99.5365 97.2935 96.3041 95.0158 94.9141 96.0218 96.113 93.9744 90.2978 87.7386 85.7655 85.8456 84.4333 81.5766 79.8112 75.2713 72.6345 71.7216 69.4594 65.445 62.6962 61.1944 59.508 59.0512 59.3176 58.8544 57.3311 58.9519 58.2897 55.3488 53.492 50.7143 49.8107 49.1663 47.3585 44.8721 43.0407 42.5658 40.6463 40.1417 42.0788 41.3945 40.2881 39.8559 42.9441 43.0489 42.9334 42.97 43.3452 41.2545 38.9999 38.3886 38.458 39.0791 38.1165 36.8237 36.6722 35.7701 33.8815 34.2366 33.9871 32.5762 31.9993 30.6298 29.981 29.9132 29.1441 26.1733 23.3474 23.3439 26.3051 27.6887 25.9161 24.0309 22.3053 20.3328 19.1554 19.6648 18.6094 15.618 12.646 9.04625 4.27101 0.115481 -2.19415 -2.99744 -3.88214 -3.70577 -3.59139 -4.31072 -5.60237 -12.4985 -25.4887 -44.8573 
200 205.704 210.566 212.072 212.248 211.556 211.199 210.295 210.299 209.678 209.358 208.612 207.08 207.184 207.942 208.554 209.21 208.7 207.879 208.677 208.205 209.213 209.642 209.43 207.263 207.537 207.196 207.82 207.342 207.945 209.829 212.171 215.166 213.404 212.816 212.694 213.891 213.531 211.46 211.513 210.363 207.116 205.187 204.277 203.554 204.642 203.158 201.589 201.146 199.581 199.153 199.452 199.003 198.702 200.186 199.747 199.568 197.596 200.569 198.509 198.899 199.96 196.114 192.924 189.69 187.765 185.896 183.662 180.8 178.218 174.5 167.546 166.359 163.599 160.22 158.129 157.06 154.904 151.131 147.037 142.992 140.313 136.138 132.761 129.704 125.245 119.512 116.292 115.544 113.658 110.618 107.434 105.189 101.062 98.8391 96.5927 94.0014 91.4999 89.2555 86.6786 81.0221 76.9318 75.5996 72.702 69.6391 67.4876 66.365 64.7706 62.3576 59.8112 58.4814 56.7886 56.2382 56.159 54.6434 51.6709 48.8816 46.5514 47.2012 48.7778 47.8201 45.9853 45.5394 45.2453 44.3072 43.3882 41.6716 39.2173 37.5592 35.9542 34.2568 32.0015 33.0243 34.2286 34.8415 35.4389 34.142 31.8483 29.0962 29.5751 30.5654 31.3916 31.8112 31.2315 31.9167 30.6967 30.9617 32.6218 29.7807 28.4804 28.4901 30.4267 32.2239 35.2155 37.5797 39.1824 41.9924 43.6094 41.2691 41.62 44.2086 44.7462 45.8514 47.2976 47.8133 47.1423 47.7354 46.1546 44.1819 43.35 40.987 36.856 36.7901 36.7621 36.0583 34.0612 32.678 34.1023 34.5548 31.951 29.8702 27.4495 24.4258 20.958 18.678 16.1424 13.0916 8.56435 3.51038 -0.0624703 1.18694 2.51886 3.31475 3.3286 4.49869 2.68624 -1.06603 -6.97392 -17.8991 -37.7483 
200 204.711 206.88 208.999 210.557 213.657 214.973 217.783 218.332 217.267 218.278 218.443 219.877 221.038 221.051 222.334 223.834 225.257 226.592 227.217 226.67 225.289 226.519 228.656 232.497 235.882 236.635 237.453 237.524 238.018 239.114 240.028 239.547 240.243 240.991 240.7 243.075 242.794 243.574 244.114 241.738 238.085 237.721 238.413 234.893 233.289 231.847 231.694 232.043 231.829 231.91 235.585 238.825 238.822 235.96 235.364 233.482 232.137 228.33 226.825 226.096 224.592 222.391 218.441 214.947 213.935 215.343 214.593 212.179 209.343 206.443 202.536 199.05 194.616 188.964 185.756 183.254 179.525 176.377 170.545 167.447 163.548 159.113 156.813 156.145 153.075 150.469 146.923 145.574 143.799 141.33 139.488 136.196 133.173 130.619 127.266 124.658 121.773 120.806 117.288 113.104 109.532 107.003 103.32 101.896 99.896 98.7092 96.9177 93.6868 91.4077 90.8121 89.3893 88.8293 86.9869 86.1478 84.7015 83.0639 78.261 75.153 73.6196 71.9633 70.1555 68.2933 66.3013 64.394 63.7913 62.4813 60.021 57.2221 55.2063 52.8615 48.9453 45.7335 43.3036 40.3356 37.1612 37.5409 36.8288 36.7575 38.0904 37.0375 37.1986 36.2098 35.9377 35.1249 33.949 34.2006 33.8566 31.7376 30.1759 30.0219 28.9118 26.6542 27.5672 28.5282 29.5084 30.2506 30.1408 32.7566 34.7624 35.4941 35.8166 34.8531 33.3632 33.0383 33.6622 34.4493 34.0564 32.7815 32.6842 32.7244 31.0945 31.2606 32.3037 33.271 32.7461 30.8136 31.8018 32.063 30.2726 27.6606 28.239 27.6983 27.6519 25.0909 20.2886 14.9295 7.77169 2.89994 0.051624 -0.980855 -0.858795 0.0312538 0.185323 0.455065 -0.0480446 -1.70198 -6.89419 -18.1843 -35.3164 
200 205.65 209.956 212.357 214.729 214.828 215.695 214.849 213.332 215.126 217.093 220.191 221.794 222.104 223.22 223.909 225.6 227.373 229.323 228.802 227.679 225.832 225.16 225.915 227.44 227.522 226.304 225.403 223.127 221.389 221.671 222.66 225.421 227.309 226.306 225.734 225.2 225.004 226.228 224.823 227.2 224.046 222.958 223.385 224.878 223.828 225.322 223.732 221.745 220.222 218.835 218.401 219.09 219.237 218.369 218.727 216.089 213.51 212.717 209.185 209.33 206.916 204.932 203.227 201.917 203.524 204.728 203.358 201.069 199.934 198.982 195.175 190.995 188.8 185.063 181.419 179.559 176.79 172.323 168.182 165.348 160.84 157.97 156.161 153.304 151.289 149.215 145.805 141.697 138.158 134.686 129.192 123.705 121.19 118.567 116.75 113.454 108.659 104.399 100.954 97.4688 96.2459 95.2012 92.0961 91.4387 90.1774 89.3538 88.7333 87.902 86.7661 87.6191 86.9881 86.514 86.4737 84.8631 82.9904 81.6814 79.7673 78.136 76.8954 77.5939 78.6918 78.0183 76.8152 76.8856 76.9665 74.6923 71.2553 68.1262 64.5917 62.3893 59.7489 55.5952 54.2073 54.1837 52.7322 50.4623 50.0584 49.2523 47.7539 47.2073 47.0217 47.7175 45.097 45.0688 45.9274 45.3583 45.7103 45.151 46.0458 46.7 46.1135 45.4055 42.6882 43.4884 42.0211 40.1114 42.1048 42.4715 41.4103 39.7886 37.8365 38.7771 36.6135 34.9916 34.6894 33.8451 32.2699 30.7923 28.8648 27.7748 25.4072 23.9246 22.2762 19.662 17.0405 15.8597 15.4692 14.7925 13.1349 13.0335 11.5998 9.82505 8.74719 8.96123 7.94942 5.23728 3.06756 1.537 -0.0136655 0.259645 1.88018 3.61679 3.87786 4.1835 3.73928 2.06396 -3.24094 -12.979 -30.5297 
200 206.023 210.519 212.198 213.198 217.123 218.937 219.084 219.099 218.829 218.439 217.841 219.239 220.21 220.707 221.395 221.1 219.877 217.912 217.012 215.307 215.627 215.836 216.549 217.522 217.759 219.218 220.598 221.265 221.403 219.309 221.34 223.844 225.074 225.081 225.013 223.177 221.409 222.772 221.162 221.2 219.891 218.367 216.171 215.233 213.045 211.818 211.731 211.936 212.041 210.74 207.703 205.634 204.829 205.336 205.016 204.719 198.181 195.489 192.835 193.07 192.442 188.306 184.065 180.61 179.436 176.72 174.513 172.358 167.692 164.506 159.193 155.648 153.06 149.661 150.423 150.06 149.803 148.096 145.489 143.715 139.383 136.202 131.841 128.86 124.335 120.743 119.542 117.725 114.641 111.253 108.598 105.996 104.14 100.734 97.6885 92.8287 90.2261 88.4162 85.0969 80.9011 76.9158 72.3271 69.1095 66.3841 63.9252 61.3349 57.9554 55.5134 52.2025 49.0915 48.4248 45.2313 41.4484 37.9101 37.6956 37.72 34.6651 33.3647 31.4832 27.8538 26.4858 25.9734 23.2548 22.9031 22.9697 22.5724 18.889 18.5201 16.7748 14.2328 12.9925 10.3647 9.49851 11.8658 11.281 9.74153 11.4053 10.8017 10.9627 10.4589 12.2105 12.9758 12.8559 14.5374 14.7311 15.1378 16.1698 19.4078 23.3708 25.2929 23.3291 22.51 21.2549 21.8822 22.3799 21.4545 20.5304 18.5514 17.2266 15.0137 13.7676 13.4826 12.7547 11.6317 11.2186 10.8518 10.3635 10.0906 10.4807 11.0032 12.0999 13.0135 13.0161 14.6115 14.8017 15.7053 16.0827 16.0357 16.1461 15.5309 15.7982 14.2294 10.193 7.13983 6.40352 5.21776 3.42478 1.95703 -0.0307593 0.584426 2.56722 6.04027 6.18838 7.5862 8.82122 7.54781 3.26311 -6.38385 -25.0273 
200 205.48 208.588 210.236 210.489 211.186 211.395 212.592 214.1 214.563 212.861 212.455 213.535 214.771 215.114 215.716 215.336 215.678 217.022 215.446 218.461 219.497 217.565 216.97 214.695 213.62 213.609 212.897 211.861 211.848 211.542 212.431 215.15 212.987 210.807 212.397 212.765 210.931 209.54 209.747 210.001 210.737 210.709 211.238 211.512 209.988 208.172 207.256 204.431 203.862 204.418 202.577 198.47 195.112 192.319 188.838 187.038 183.786 181.541 181.227 184.068 184.736 181.8 180.978 179.38 178.328 179.314 177.257 173.101 171.052 170.209 167.103 161.939 158.009 153.676 152.668 150.483 148.274 147.21 144.961 139.958 134.825 133.454 131.138 129.212 125.545 123.215 121.374 118.613 116.566 114.454 110.489 108.546 105.842 103.426 102.177 99.653 97.5244 95.7236 95.657 94.4965 94.4425 91.5727 88.7143 85.9248 83.0976 79.9475 75.0278 72.5629 71.5801 70.1271 67.4746 64.2307 62.8573 61.6541 60.4592 58.5343 57.5819 55.4781 54.3395 54.725 56.1511 57.7836 57.7443 55.0124 53.9327 53.7817 53.4161 52.9296 51.758 51.5648 51.0479 51.0256 52.8345 50.1388 49.187 49.8278 50.1532 49.4142 47.6056 45.5071 44.2934 43.5035 42.1076 42.2365 40.7817 38.4955 37.4817 36.6025 34.1434 34.3746 35.5917 37.4904 37.7555 36.2066 34.394 34.3342 35.052 34.3529 35.4965 33.9757 33.5145 31.6944 29.306 26.8573 25.0681 24.6254 24.2927 27.0889 25.6593 24.4548 22.956 21.0869 18.9553 17.3916 16.6195 16.5597 17.6887 19.0352 19.8305 19.1258 18.2375 19.2499 18.1724 15.8388 11.9927 9.53552 7.3831 2.50663 0.00661907 -0.125762 -0.780511 -2.70304 -2.7387 -3.67913 -6.40498 -9.36091 -16.5707 -28.517 -48.5389 
200 204.968 207.116 208.259 209.052 210.798 212.784 214.67 215.748 217.275 219.013 221.435 221.183 219.78 220.925 219.667 217.494 218.048 217.673 217.443 215.625 213.547 210.713 208.09 205.543 204.181 203.551 202.32 203.683 206.662 208.809 209.403 211.063 210.724 211.618 209.979 208.428 208.066 205.311 208.799 208.492 207.619 203.52 198.026 195.808 193.925 193.644 190.55 192.11 194.327 190.738 188.437 189.237 190.009 188.625 189.815 191.203 188.48 186.588 185.708 184.418 182.169 180.624 178.223 175.609 171.036 165.484 164.257 161.373 159.05 155.367 150.475 147.792 145.385 141.146 139.361 140.024 138.371 137.095 137.132 136.95 134.222 132.33 130.021 126.396 121.797 119.401 115.715 112.034 107.896 104.599 100.657 96.4782 93.312 92.7007 91.2594 89.6671 87.3161 86.5212 86.3553 85.9673 84.2195 81.8951 78.6175 76.1872 74.6151 75.1381 73.7084 72.3441 70.822 70.0708 68.4439 66.9917 66.1695 64.0369 59.9517 57.8103 57.9827 56.228 55.1877 54.4296 53.0014 52.7979 52.225 51.8925 52.3934 53.8354 52.2052 51.8548 50.5139 48.4827 48.0197 48.7405 48.8901 46.5148 45.7463 42.9048 41.6775 40.6768 40.7263 41.932 43.9029 45.7661 48.1314 48.9233 49.4375 49.2429 48.7736 49.5437 50.2494 47.6307 45.9071 47.1546 48.2327 47.6478 45.6891 44.2963 44.0965 46.9004 47.4372 46.4696 47.6287 47.4949 46.9388 47.0002 45.2734 43.9515 41.4105 38.604 39.6601 40.5879 39.3876 38.2476 36.4321 38.0725 37.0255 35.7122 33.3963 30.0792 27.5731 25.2054 24.4308 22.1323 19.5352 16.1127 14.4858 12.0665 7.25274 2.06906 0.169389 -3.21838 -3.67355 -2.92867 -3.7297 -3.46449 -4.80094 -8.39401 -16.0978 -28.591 -47.7278 
200 204.826 207.801 209.267 209.628 212.473 215.914 217.586 218.479 220.603 220.877 219.797 220.953 222.4 221.595 220.281 221.408 222.194 221.09 219.386 218.029 216.745 216.546 215.99 216.045 216.023 216.005 217.528 219.131 220.245 220.255 217.636 217.527 217.88 216.059 217.012 219.472 219.26 216.081 216.109 215.599 215.624 213.703 212.454 213.621 211.22 209.901 204.992 202.537 202.096 199.854 198.505 196.75 194.923 192.185 190.013 187.434 184.077 182.691 178.387 175.452 169.622 165.537 160.328 157.268 155.285 153.37 150.563 149.932 148.092 145.798 144.058 142.446 139.901 136.43 132.685 129.158 126.808 123.389 120.131 117.982 115.903 112.41 109.773 108.51 105.646 102.812 100.307 97.8262 96.1755 94.8264 91.5449 89.3531 89.2701 89.6863 88.5578 86.6887 83.5212 81.9726 78.6742 75.602 73.9652 72.5487 68.2986 63.3981 59.283 56.1347 53.7125 52.3743 51.5345 49.6739 45.724 44.8259 44.7164 45.6528 43.6723 41.992 41.2314 39.6159 40.8261 39.3871 36.0922 33.8353 31.8156 31.3572 31.4293 30.9693 31.284 32.491 32.7198 30.5586 29.1643 29.5857 28.4641 27.2598 25.9522 23.55 21.8788 18.7578 17.2467 17.4085 16.9535 18.167 19.4478 20.2623 20.9749 21.2771 22.2238 23.9673 24.1775 24.1421 23.877 23.1288 23.8157 24.3273 26.2258 26.1116 26.2586 28.6213 30.1319 30.4899 30.1967 27.9785 27.077 26.0548 25.41 24.4764 23.2136 23.0819 22.201 21.1355 21.3333 22.2056 22.3649 20.8465 20.5084 18.9775 19.0893 17.8735 17.6322 16.5213 14.3573 12.7562 13.155 12.765 10.9375 8.46387 6.71445 4.14272 0.0542561 -1.03087 0.808953 1.40076 3.32593 5.62281 8.12844 8.62642 5.17521 -5.52289 -28.7038 
200 204.335 205.295 205.821 209.335 212.372 212.617 213.435 214.715 216.048 216.849 217.431 219.167 219.072 217.894 218.437 219.013 218.454 217.665 217.795 218.534 217.085 217.861 220.805 222.827 223.741 224.364 225.141 229.249 229.886 229.27 231.257 232.408 231.793 231.744 230.65 229.808 230.29 230.589 228.31 228.479 230.772 231.954 232.21 232.489 230.871 229.022 229.103 227.496 225.48 223.132 222.082 221.228 219.665 218.247 215.778 214.237 214.828 213.506 213.057 213.302 212.011 211.292 208.124 203.663 201.973 198.739 195.085 192.832 189.639 185.57 183.719 183.233 181.074 175.728 171.657 169.029 166.792 164.875 162.813 160.613 157.897 155.088 151.664 147.966 144.343 141.582 138.796 136.941 135.233 133.686 131.067 125.242 121.576 120.198 119.444 116.901 112.381 109.223 107.732 106.495 105.73 103.938 102.331 98.9176 95.5387 93.1263 90.0907 87.1542 84.4351 83.6856 82.6517 80.8507 79.4606 77.1038 74.0425 71.4102 69.6982 67.8297 67.323 65.3962 63.9171 64.3112 61.87 60.8947 60.9921 60.3637 58.0021 56.3325 55.9241 55.2997 54.1541 52.9996 51.0236 48.4805 48.7687 47.0386 46.3835 44.6382 43.2208 42.017 41.6209 40.4016 40.2688 39.0927 38.2607 36.0882 37.2765 39.7735 40.4412 40.2462 37.5466 35.2913 34.9018 34.6558 37.7971 40.176 40.3963 40.7603 41.0495 40.6332 38.2133 35.9384 35.231 33.5062 33.5004 33.497 31.1313 27.7909 26.1147 23.6907 21.6648 19.8416 19.0868 18.4221 17.6682 17.8654 16.0516 15.3434 15.3741 17.442 20.5314 19.5648 17.959 14.1058 12.1478 12.5283 8.58353 3.01068 -0.0584125 1.10984 2.47233 2.02983 3.32043 3.50929 1.77844 -0.880699 -6.33619 -17.3008 -37.7733 
200 205.556 208.848 212.05 214.108 213.653 213.937 214.687 214.743 215.756 215.27 215.739 216.451 217.896 217.103 218.126 218.213 219.244 219.28 220.313 221.784 219.873 218.903 218.426 217.639 217.94 218.448 217.693 217.475 217.448 220.239 221.779 223.489 224.508 223.215 224.565 223.194 218.731 216.584 215.044 215.626 217.342 218.517 219.39 220.269 221.351 219.782 219.472 218.019 218.438 218.468 217.999 217.178 214.208 210.956 209.178 209.55 206.39 200.202 195.243 191.918 190.929 189.613 187.195 183.299 181.422 178.472 175.001 171.257 170.474 168.152 166.716 163.911 160.535 157.232 153.789 150.412 148.517 147.03 145.771 141.821 136.721 131.644 129.019 127.171 123.618 119.909 117.061 112.366 107.592 103.474 100.873 97.632 93.7165 92.4438 90.1692 88.5249 87.7704 85.0863 82.3946 79.3887 78.8203 78.7864 77.4497 76.5269 74.8297 73.3658 71.814 71.0576 69.4396 68.0712 68.3813 67.0363 64.9702 62.0962 58.9171 56.2409 53.6655 50.6806 49.9707 49.5195 49.4384 50.6657 50.9215 48.8412 48.2317 47.2263 45.7745 45.1226 44.2969 43.5263 42.7858 40.6043 38.5711 36.2586 31.6989 30.2017 31.1592 31.1099 28.9401 26.2752 25.8849 29.485 32.3859 34.1248 35.4617 34.7673 32.1074 31.0777 30.2453 28.6163 26.5096 26.8162 27.3061 24.398 23.0306 21.5174 20.3478 19.6937 18.2684 18.8513 18.3233 17.0411 14.3296 14.2001 15.679 16.5924 19.6269 19.1642 16.9445 15.4158 14.1017 14.1915 13.7143 12.4645 11.5519 10.2487 9.19195 7.80166 5.85486 5.30219 6.33444 7.79011 6.92872 7.46279 5.9953 3.43783 0.828459 -0.659069 -0.0159483 0.303018 0.255167 0.394292 0.0726266 -0.00547622 1.39991 2.23455 -2.71074 -14.3899 -34.5634 
200 205.54 208.641 210.612 210.302 209.825 208.959 208.74 209.916 209.746 209.837 211.088 214.385 215.779 217.441 220.719 220.919 220.665 219.945 220.575 219.822 218.466 217.971 216.849 216.646 220.38 222.924 222.953 223.143 221.806 222.14 223.091 221.325 221.654 221.33 222.666 222.121 220.457 220.658 222.402 220.928 217.954 217.641 216.78 215.194 215.729 217.254 216.369 219.406 220.512 221.476 220.591 219.702 218.212 217.637 220.337 221.895 219.593 217.758 216.942 214.986 212.947 208.931 204.07 200.188 199.186 196.75 191.993 189.03 187.121 185.596 183.12 180.743 178.804 175.123 172.763 172.037 168.613 167.536 164.612 160.835 156.845 156.378 157.875 156.812 153.706 148.747 144.678 142.679 139.908 137.596 133.195 130.2 128.306 127.44 124.925 121.289 117.208 112.095 109.082 106.966 104.425 102.412 99.646 97.2206 94.6298 92.0863 88.4154 84.1058 82.0072 80.8785 78.8622 78.6251 76.5969 74.4556 71.6996 69.8335 69.224 69.2101 68.7749 67.363 66.5916 66.7847 67.1087 65.4277 64.4263 62.7127 59.273 57.6591 58.6331 57.9202 57.8817 56.9976 51.9371 47.2595 43.7073 40.4611 38.8727 36.438 35.9984 35.7875 34.3206 30.6908 29.5504 30.3439 30.7061 28.6416 27.1484 27.284 28.508 30.3021 29.2092 25.8762 24.2442 24.0836 25.4758 28.7586 31.8697 30.7783 30.9961 30.657 30.6124 32.7217 35.1534 33.3272 32.7644 30.6653 29.4866 29.0727 27.2168 28.2044 30.0866 30.7196 27.864 26.3885 24.3724 20.3574 16.4884 15.7701 14.0237 13.9252 12.6596 12.456 11.019 8.89242 8.8895 7.35559 5.3033 4.12312 0.0644902 -1.22531 0.583112 1.98137 1.88859 2.71001 1.96158 0.656838 -4.91396 -18.2605 -40.9554 
200 205.298 207.835 208.762 209.765 210.797 212.568 214.688 217.4 217.51 217.458 216.666 215.978 215.864 217.688 217.068 217.382 218.529 219.19 219.091 219.526 220.252 218.983 217.732 217.336 218.811 219.344 219.887 221.318 220.779 219.508 218.669 219.278 218.746 218.056 219.229 220.357 220.769 222.297 222.455 224.539 225.27 222.811 224.778 222.562 220.301 221.78 220.175 218.565 216.96 214.9 212.544 212.539 213.168 211.387 207.658 205.488 203.95 201.752 200.273 199.441 199.043 197.495 194.952 193.262 192.169 191.679 188.988 184.431 182.174 179.785 177.724 176.084 173.354 170.257 167.897 163.906 161.246 157.688 152.919 151.972 148.236 144.2 138.79 135.179 132.227 128.773 126.87 123.845 121.192 118.941 116.385 113.843 111.021 109.258 106.617 104.154 101.329 97.9081 98.6136 98.2065 95.9274 93.7169 91.0261 86.6422 81.8765 79.1803 77.4281 74.8105 72.8703 70.326 69.1423 69.0015 68.2359 66.5793 65.2942 63.3365 63.3412 62.7633 61.2466 60.3953 61.1608 60.642 60.0443 60.1261 59.5198 58.969 55.0511 54.5037 54.9233 56.442 55.5569 54.8551 54.1562 53.4602 52.6038 50.0981 50.4125 49.093 46.2536 42.7796 39.9716 40.3058 40.1624 39.6003 38.7424 39.5198 37.9873 35.5922 33.3416 32.0901 31.054 28.7965 28.3584 27.9668 28.2059 29.1278 28.9708 27.7522 28.7904 27.9456 27.6957 25.7559 26.4892 28.3621 27.9567 27.915 27.0209 26.7072 26.1967 23.7298 21.763 19.8809 18.4753 19.1376 16.555 13.7892 11.9344 12.2389 13.9799 14.3863 13.572 11.5123 10.8302 9.17516 8.12577 4.88158 2.44221 1.81117 0.0749335 -1.42374 -0.338618 1.28395 4.47574 6.11919 7.11472 5.85564 0.800885 -9.95091 -30.296 
200 205.159 206.828 207.74 210.597 212.766 213.609 214.087 214.979 214.841 213.81 213.82 213.255 211.206 209.171 208.985 209.826 209.726 210.024 210.481 210.616 211.566 212.604 212.808 212.744 211.927 211.199 209.757 209.577 208.988 210.33 210.586 211.775 209.966 208.09 207.824 208.266 209.884 212.451 211.48 212.345 209.16 209.205 210.092 212.091 213.187 216.369 214.638 214.332 213.816 210.773 211.003 209.738 208.058 206.374 203.424 201.416 197.531 197.219 196.554 196.31 198.194 196.929 194.634 191.752 190.218 189.914 187.855 187.862 187.805 187.044 185.965 182.909 181.471 178.189 173.619 171.292 169.057 167.135 166.813 165.482 164.546 166.036 164.466 163.466 161.076 157.896 153.791 148.015 142.75 137.53 133.557 129.427 127.431 125.953 125.264 124.313 121.565 119.918 118.552 115.983 115.276 115.834 114.656 113.081 109.743 106.254 105.959 105.049 101.117 98.855 96.2578 93.1151 89.8683 88.9126 86.9215 84.1409 80.5884 78.8353 76.9126 75.2436 72.3458 70.1456 71.1429 71.9225 69.8693 71.379 72.5004 72.064 71.0643 69.9745 69.9653 68.568 67.3133 67.1259 66.2723 63.8911 60.6742 59.2253 56.4951 55.9974 53.559 53.1259 54.9479 55.9384 56.8552 55.7526 56.7452 56.2562 53.9124 50.8619 48.7554 48.0747 48.6514 47.8131 47.1967 47.6985 51.1124 51.5725 51.3825 51.7289 49.8138 48.3972 45.1874 43.2289 45.0345 45.7292 44.6243 40.1824 36.4177 33.066 30.6926 29.1896 28.3674 29.6183 27.4178 26.1314 24.5187 21.5141 20.4291 20.4118 19.8805 18.6929 17.2637 15.709 15.7522 14.5798 10.655 5.52267 0.150123 -2.85235 -4.50485 -6.73801 -10.0449 -11.8107 -12.5983 -17.2009 -25.2772 -38.2493 -61.9681 
200 205.795 209.536 212.565 213.85 214.9 215.942 217.861 219.952 220.717 221.827 220.939 220.656 219.14 218.517 217.634 217.955 218.694 218.272 217.237 216.772 215.247 213.207 213.552 213.222 211.12 211.602 212.994 213.598 212.997 211.207 209.17 209.17 211.106 210.024 210.154 211.213 212.895 212.945 211.386 215.603 215.802 215.836 214.53 213.295 211.611 212.845 210.625 210.249 212.637 213.744 214.767 214.872 210.276 209.391 208.579 204.887 201.919 200.015 197.906 197.63 196.298 196.47 194.568 192.797 194.322 192.472 189.731 188.174 185.347 182.479 179.898 178.581 178.43 176.688 173.56 171.329 168.429 164.745 162.246 158.201 154.968 150.846 145.919 144.175 143.114 141.772 137.057 133.057 131.492 128.942 125.947 122.393 118.245 114.735 112.44 109.603 108.229 107.156 104.462 99.7804 94.9141 91.8158 88.8275 87.367 86.3959 83.2939 82.0614 80.8397 82.0308 82.3881 81.1538 77.6308 73.9465 69.8958 66.3912 63.0982 60.5921 58.3065 56.9184 55.0111 54.1802 54.8013 53.6723 54.0573 54.3299 52.571 50.9655 51.2689 48.7272 47.1677 45.5578 44.8791 45.9869 46.692 46.7432 44.8654 44.727 44.9366 45.5657 45.6135 46.6611 44.9286 43.2479 43.7125 45.5957 45.1971 43.4898 46.0497 45.4554 45.0732 45.2702 43.7396 42.3233 41.1529 39.4806 39.7964 38.4289 37.6093 37.3408 36.399 36.5443 36.2969 35.4786 34.5614 35.044 34.0351 33.2224 32.9143 32.847 31.6315 28.2032 28.0276 26.6 26.2784 22.8424 21.0945 21.0062 20.7944 18.222 17.9245 17.7904 18.6613 19.5204 18.3017 16.8012 12.2808 8.86959 3.24675 -0.0857073 1.62844 2.40658 3.59551 3.14482 2.57327 3.78565 3.21703 -0.531286 -11.0794 -33.6741 
200 205.61 209.948 212.61 213.491 212.879 212.288 212.808 212.335 211.959 211.54 212.345 212.377 212.404 211.467 210.389 209.514 207.614 207.57 206.872 207.183 205.818 206.691 207.754 210.409 209.789 210.023 210.669 212.918 212.518 209.906 210.075 209.286 207.782 209.165 210.483 210.717 212.786 215.126 217.861 218.964 218.025 216.46 211.071 210.148 206.865 203.485 203.73 202.818 200.048 197.561 197.412 198.511 198.327 199.258 200.362 200.573 202.654 202.083 199.199 199.084 195.877 194.074 196.045 195.041 191.998 189.765 189.003 186.6 185.444 183.317 178.78 175.31 172.423 167.796 164.209 162.452 159.974 156.936 154.853 149.716 143.647 140.085 137.184 133.78 129.522 126.512 123.709 119.55 115.844 111.446 105.464 100.455 96.9981 93.8806 91.1983 88.8684 85.3277 80.6422 75.5899 71.9369 68.1022 64.6358 60.2106 56.5213 52.3166 49.5495 47.0676 46.366 44.9828 43.6735 42.9469 42.3536 41.8262 39.6444 38.7481 34.8914 31.7898 29.3582 29.2597 29.6609 27.5423 28.5041 28.4811 28.6584 26.8362 26.1799 24.2967 23.2653 22.8909 20.2833 19.1363 17.5295 17.6428 14.3679 11.9135 8.93695 6.22059 4.87488 2.46703 1.19027 -2.79609 -5.37435 -4.33033 -1.12399 0.618384 1.92859 1.74141 2.79966 4.87085 6.82213 5.78423 3.60119 2.06916 2.12842 3.27624 5.73163 6.52405 6.15207 5.44938 3.91935 2.91995 4.78917 7.81593 9.45155 10.0468 10.754 13.1857 13.5992 15.5788 17.2505 18.6545 19.8036 19.7111 17.914 18.3555 18.363 20.0707 22.7433 23.2969 21.9052 19.4514 16.8022 14.76 14.2124 13.4909 12.8586 10.4591 5.31786 0.0935477 -1.77741 -0.976225 -1.00012 -2.05216 -3.08004 -6.50009 -10.2802 -17.1007 -29.0183 -51.3251 
200 204.36 206.497 207.716 209.043 212.104 214.579 215.069 214.394 214.357 215.475 216.463 218.031 219.107 221.219 222.557 221.771 221.752 218.443 217.978 218.343 219.282 221.308 223.11 224.368 226.352 227.179 228.971 230.028 230.873 233.876 234.681 236.823 238.155 238.694 240.567 240.951 240.381 237.919 237.77 236.698 234.666 236.849 236.729 234.232 232.533 228.994 229.16 228.263 226.914 224.341 224.792 226.195 227.353 223.544 223.824 223.538 223.019 220.686 219.908 217.208 211.989 208.662 207.715 205.301 202.701 198.499 195.62 193.811 191.906 191.65 191.901 191.919 190.136 186.993 182.806 179.465 176.71 173.711 171.553 169.826 169.832 166.18 163.974 160.649 155.227 151.611 148.043 145.328 144.684 142.682 139.78 136.747 133.521 131.501 129.213 123.857 118.405 115.101 112.613 109.445 108.583 106.556 102.141 100.43 98.4318 94.5297 92.3262 90.0579 88.6082 87.2327 87.9109 88.028 85.2067 81.1386 77.3345 73.5407 71.717 70.5094 67.9655 67.975 67.0353 66.6689 65.5615 65.2943 64.8591 63.9035 63.1606 60.9533 59.6637 59.6266 59.4538 59.8428 59.7722 58.5624 56.8337 55.3428 53.9222 51.9152 50.8439 49.4628 47.5404 44.2641 42.7085 41.0481 41.2627 41.9456 40.6318 40.6467 39.766 39.052 37.3438 33.476 31.3568 29.1243 25.1672 24.1143 24.6634 23.3733 22.1268 21.4981 19.8125 17.1055 13.6179 12.1647 10.1279 10.9081 13.4155 13.4963 13.8613 12.9678 12.2037 13.1566 13.8564 13.1037 12.5807 11.7466 12.5449 13.4889 13.9384 14.1747 13.87 12.1237 11.0305 9.52416 7.57084 4.90149 3.96685 1.31059 -0.0685552 1.30255 0.979864 0.492029 0.289286 -1.24761 -2.55485 -6.04599 -13.7605 -29.3535 -53.8589 
200 205.5 208.65 210.34 211.09 213.709 214.644 214.907 216.729 218.188 217.644 218.123 216.471 215.236 214.681 214.408 213.862 214.25 212.966 209.689 207.128 208.795 210.752 210.405 209.906 206.721 206.374 204.805 204.357 205.224 206.44 207.023 208.628 209.562 210.958 214.846 217.848 218.689 219.333 221.424 221.762 220.42 221.593 221.697 221.032 220.49 221.323 222.409 223.656 222.037 218.275 215.378 215.081 211.73 209.385 207.586 203.774 200.868 198.591 195.213 194.828 194.304 193.609 191.48 188.323 187.035 185.932 184.348 183.712 180.848 180.309 179.836 179.322 178.226 174.071 171.282 170.798 169.44 167.105 162.779 158.862 155.773 153.885 152.069 148.043 145.513 142.264 138.424 135.349 132.482 129.478 127.222 124.922 121.859 118.967 115.606 111.606 108.072 103.713 101.635 99.3891 96.7726 92.4315 89.8623 86.8485 83.1998 81.2934 79.961 78.3311 77.4274 76.193 75.7535 73.141 69.9846 66.0392 62.1789 60.7465 57.5828 54.8414 53.165 51.5727 49.8699 46.8321 43.5598 40.9002 38.575 34.8336 30.9743 30.1644 28.5831 26.3275 22.0489 21.7132 23.3339 25.9118 28.4884 29.504 31.83 31.6014 32.4788 29.6962 25.9175 23.3202 21.1991 18.7155 16.5427 17.7551 17.6778 19.3993 21.1917 19.5977 19.4752 20.259 19.2336 17.5799 18.3409 18.3887 18.9339 19.5162 20.5987 20.9383 20.4893 20.4331 21.0812 22.6056 24.3585 24.2515 24.2366 23.9643 26.237 28.5431 27.387 27.0181 25.9573 24.3611 24.1125 25.0137 26.5064 25.6276 23.3239 22.2442 21.1739 17.254 13.4085 14.0233 11.4718 8.87122 5.85677 4.36106 0.103269 -1.96211 -4.32781 -6.56186 -6.13881 -6.34105 -8.19121 -12.0814 -22.6692 -39.1939 -62.4519 
200 205.034 206.166 206.062 207.6 209.423 209.186 210.353 211.385 213.594 214.413 213.344 211.904 211.811 212.081 212.693 214.078 215.578 217.629 218.985 221.705 221.892 222.466 222.083 219.425 217.45 211.156 206.309 203.765 205.098 205.294 206.424 206.637 206.43 209.432 211.822 212.293 212.569 209.411 208.917 209.465 211.606 212.343 211.804 210.853 210.085 209.762 209.958 209.227 207.052 207.59 206.662 209.384 208.141 207.813 205.207 205.426 207.13 205.81 207.987 207.325 202.459 198.104 198.276 196.027 193.643 191.975 189.544 187.524 186.923 182.982 179.179 176.401 174.781 173.29 168.531 163.234 159.698 157.343 152.657 146.417 140.76 135.999 134.512 132.932 129.403 126.609 123.805 121.485 119.043 114.787 110.336 105.898 103.788 104.12 102.713 101.598 100.046 97.2677 95.139 93.9622 91.0322 90.4789 90.1867 90.3555 89.7111 89.6101 86.7323 84.7055 81.6418 79.5412 77.4805 75.998 73.2466 71.7196 69.8539 68.631 69.7268 68.273 67.139 65.6657 64.136 64.7478 64.7791 62.7528 62.6312 62.8961 60.9188 58.304 53.9328 52.0943 51.3191 50.0754 49.4439 49.2467 50.5307 52.1937 52.1683 49.5165 48.6444 48.7771 46.9881 45.5368 44.8146 41.9679 40.931 39.9226 36.476 35.2711 34.15 32.7456 33.3029 32.6618 31.7885 31.5591 30.5874 29.061 27.2531 25.7677 24.9284 22.4318 25.8853 25.6935 23.2709 20.0499 16.7212 14.6145 12.054 10.2531 10.5638 12.742 12.227 10.0336 11.2865 12.1866 11.2537 9.14897 9.71582 8.88598 7.04933 6.35168 5.61776 4.30602 2.95734 2.75334 3.27458 4.1192 6.15387 2.79335 -0.055469 1.05391 1.68918 3.9987 7.87267 10.0697 12.0218 11.2855 7.69539 -2.91863 -26.1846 
200 206.415 209.043 212.705 214.316 215.683 215.936 215.794 216.166 215.169 214.05 213.479 212.517 212.321 212.309 214.173 216.324 218.981 221.146 222.327 223.286 222.628 221.991 221.217 219.482 216.85 214.014 213.111 213.021 213.516 211.228 211.358 209.541 206.244 205.605 204.93 208.589 209.316 209.548 209.905 210.247 209.614 209.56 210.441 210.214 209.121 207.073 205.328 202.419 198.765 198.315 197.563 196.595 195.943 195.347 195.086 194.472 194.235 191.829 187.433 186.505 181.814 178.147 176.777 176.67 174.665 175.081 173.619 172.136 170.974 168.029 162.91 159.862 156.47 155.359 153.023 151.327 149.531 147.266 144.192 140.384 136.425 131.403 129.52 127.398 127.112 126.586 125.334 121.126 117.63 114.527 113.883 113.458 111.986 110.421 107.284 107.413 107.443 104.734 101.609 96.1682 89.1541 84.1761 80.5925 79.4374 79.3442 77.5749 73.3348 69.6434 69.0681 68.8417 65.8907 63.576 59.6024 56.264 55.774 54.6717 51.5569 49.097 46.565 43.8003 41.5572 40.1935 39.0576 37.9382 36.3084 33.3477 31.0098 29.5515 29.0743 29.2217 28.4801 27.0155 25.4788 24.8319 23.4932 22.7247 24.2773 25.1958 25.9094 24.8285 26.0811 26.0371 24.1146 20.6704 17.5729 17.2149 17.0734 16.2058 16.0162 16.5415 17.7744 19.1362 19.4676 19.5489 18.1531 16.9387 18.305 17.5386 14.7252 13.932 13.0694 14.2496 15.9357 18.1796 18.5172 15.5833 12.0982 11.0588 11.1387 11.3358 10.0832 11.5201 12.0654 12.5636 12.7882 13.3256 12.4012 10.9159 12.5306 16.0204 15.7812 13.8543 13.2902 9.86958 4.81705 2.83458 3.24365 2.45805 0.00979795 -0.186161 1.76587 4.14953 7.48283 9.34519 12.1408 13.2792 9.90779 -2.26797 -25.3268 
200 204.087 207.881 210.213 209.313 209.231 210.949 212.556 212.865 212.24 212.121 209.723 210.206 211.394 212.522 215.09 217.254 219.528 220.233 219.032 216.278 216.674 217.293 217.673 217.169 217.89 219.378 219.006 219.774 220.85 220.448 221.92 223.507 224.463 224.535 224.894 224.215 224.543 225.206 228.781 229.219 228.868 227.755 227.124 230.164 231.17 229.51 225.558 226.719 225.912 224.435 223.064 219.858 216.105 210.097 204.664 203.388 204.95 205.426 203.235 198.641 198.765 196.666 195.292 193.386 192.693 190.393 186.235 182.995 179.315 175.384 171.737 167.932 166.639 164.553 160.779 159.737 158.18 157.272 156.252 153.322 150.67 146.943 144.287 141.567 139.697 139.008 137.351 136.92 134.734 131.859 130.426 127.229 123.824 121.856 119.508 117.245 114.88 111.044 109.534 106.211 102.563 99.8344 95.8483 91.5715 89.0615 86.9799 85.5263 84.5828 83.3232 80.0489 77.033 75.7579 74.463 73.7578 71.6034 68.5887 66.9917 63.9074 60.6175 57.4157 54.9718 52.155 50.1676 48.9786 48.2538 47.9011 45.1343 44.6991 42.5948 40.8227 39.6078 38.9757 37.4582 36.3334 34.7589 33.6062 31.9517 30.7432 30.2179 29.2817 28.7671 28.2807 27.4153 27.6632 25.634 23.1912 20.1387 18.3164 16.1694 15.1264 15.4221 15.8658 14.3897 14.3798 15.9774 16.6479 16.2041 14.5926 16.1282 15.8365 16.9963 17.4158 17.0971 16.6209 14.895 13.2211 11.9721 9.33101 6.63986 4.91719 5.42014 6.50289 7.09572 7.94341 9.8877 10.2775 9.88463 10.3128 9.39385 10.5736 11.4508 12.1035 13.7669 13.5897 9.67804 7.00757 4.57854 2.56633 -0.0363766 0.691156 0.707952 0.701181 -0.124447 -2.01993 -4.4698 -6.83759 -13.8378 -28.0126 -52.1586 
200 206.268 208.645 210.49 211.032 211.04 211.353 213.001 213.962 215.056 214.321 215.468 218 219.211 218.693 220.113 220.276 219.013 219.661 220.097 221.693 223.354 224.9 223.601 223.908 224.183 222.84 220.21 220.723 219.14 217.403 217.336 216.557 216.45 216.399 214.602 214.26 214.426 214.148 215.999 216.387 212.858 209.304 209.496 209.582 208.775 209.44 208.428 207.788 207.16 206.929 206.638 205.04 203.33 202.726 196.878 197.095 199.563 199.708 198.65 196.591 192.665 193.06 190.001 188.027 187.362 186.078 183.247 182.843 182.685 181.146 179.25 176.291 172.53 169.397 166.076 166.061 163.745 159.101 154.706 151.147 149.366 148.809 147.059 143.657 140.716 138.878 137.082 136.628 132.732 128.065 124.14 122.238 119.502 115.753 112.181 109.689 105.983 104.214 103.17 100.999 98.1958 96.0923 93.5692 91.2842 87.7169 84.2216 81.1376 78.9725 75.1348 72.8088 70.9306 68.3816 66.4224 63.6254 60.734 58.3335 57.7063 55.8337 53.0273 50.6492 48.8026 48.1588 46.2875 46.0942 46.5056 46.7584 44.1453 42.5112 42.0105 41.9586 40.0912 37.4971 36.2737 33.166 31.9513 31.7513 31.8029 31.8085 30.7309 26.7897 23.9717 22.8952 22.8277 20.4473 18.9003 16.2078 13.9112 12.3414 9.38733 8.20645 10.4402 11.8146 12.3073 12.9048 13.7154 15.1516 17.4569 19.6335 19.1807 18.4168 17.4351 15.8742 16.6163 17.3415 18.0654 18.2406 17.9079 18.6197 16.1033 12.8014 10.1457 10.217 9.72895 9.65003 7.50593 4.56328 6.25424 7.15898 8.07877 7.21373 4.14947 4.32793 3.95258 4.08796 4.50177 5.21925 4.91152 1.83266 -0.049445 0.939455 3.9023 4.88309 6.68542 8.2182 8.37693 6.8523 1.29969 -11.6673 -36.6521 
200 204.882 209.051 211.729 211.069 208.853 206.709 205.285 204.494 204.718 204.967 205.49 206.66 208.27 210.073 211.361 211.682 211.445 210.128 208.753 210.348 212.276 211.713 213.005 214.167 213.26 213.018 214.322 216.022 218.223 219.925 221.554 222.26 222.11 221.454 220.362 221.996 223.169 222.092 220.628 219.302 217.807 216.767 218.17 215.894 213.767 211.963 212.804 212.712 211.388 211.694 212.967 213.456 215.474 217.338 219.751 218.501 215.56 214.266 214.528 211.093 205.102 201.463 197.5 194.571 192.682 190.929 186.424 184.402 179.601 176.409 174.146 173.269 171.801 167.798 164.608 160.218 157.297 154.923 151.768 152.052 150.019 147.231 147.17 146.829 145.146 140.473 138.12 135.152 131.753 128.457 125.949 120.298 115.696 110.313 107.09 104.959 101.394 98.0344 96.2306 92.872 91.2336 88.8729 84.2267 81.472 77.5453 75.6643 71.8146 67.3752 62.873 59.3344 56.9204 55.0134 54.635 51.9701 51.3666 50.2247 47.8443 44.707 40.9503 38.0532 36.1152 35.6333 34.6028 33.3933 33.9049 32.8413 33.6565 34.235 34.7982 35.5485 33.67 30.0214 28.6078 25.1339 23.4077 21.4573 19.4805 17.781 15.025 14.0083 11.7027 10.7177 10.3889 11.9918 11.5264 12.037 12.2175 13.5541 13.9538 12.632 9.50962 7.19631 6.17846 6.5194 6.48448 7.07944 8.84768 9.01594 10.6731 12.9161 13.6112 13.425 13.9408 15.204 14.0454 11.7501 11.8255 10.8215 11.3515 12.3657 12.0326 10.7687 9.53105 8.30068 7.56665 7.88402 7.96896 7.60313 9.24536 11.8102 12.5901 11.2786 8.83079 6.99881 5.44081 4.23022 2.34253 0.774782 -0.059883 1.13778 0.861479 1.65804 2.70455 3.12398 4.749 3.48765 -0.704932 -12.0799 -34.3705 
200 207.145 212.559 214.478 215.507 215.679 216.117 217.293 219.015 220.92 221.174 221.563 222.419 224.791 226.377 227.007 230.38 231.869 230.223 232.438 233.851 234.02 234.464 236.72 239.434 237.909 235.474 234.138 233.514 234.271 234.407 235.687 235.169 235.559 234.32 233.337 231.101 232.034 233.613 236.125 237.452 239.015 239.495 240.008 240.001 237.651 236.489 236.711 237.764 236.416 235.107 235.28 233.94 230.904 228.347 225.891 225.552 223.301 219.943 216.622 212.449 210.047 206.208 204.08 199.846 196.882 194.437 193.331 190.233 187.467 181.816 177.622 176.014 174.667 172.634 169.34 165.278 163.845 162.338 160.843 159.163 156.651 157.261 154.453 150.611 148.302 145.375 140.93 137.59 133.086 128.132 124.809 120.739 119.228 117.001 113.872 112.229 112.349 109.789 107.182 105.686 103.566 101.663 98.4706 96.5778 94.9578 91.5535 88.4866 85.5084 81.7787 76.9394 75.013 73.7394 70.5854 65.3214 60.5049 58.571 56.7721 55.755 53.844 50.4616 47.7598 44.1169 41.3392 38.5529 37.6092 35.7189 33.4412 31.9995 32.0417 31.8412 32.4718 32.7181 32.3349 32.6959 34.2662 35.224 33.4787 32.2988 32.8488 31.3862 30.1308 28.9466 26.4601 26.085 24.5249 23.3995 21.7854 18.6727 18.0438 15.8305 12.9911 11.7728 8.6891 6.6277 4.34377 3.17245 3.2446 3.3772 3.53868 4.46341 5.12658 5.7676 5.48556 3.85564 3.89112 4.22 5.19741 5.15492 3.64387 2.11274 3.96767 7.63313 8.08681 9.79953 10.3044 10.9481 10.2701 9.35156 9.12199 10.002 11.9191 9.73201 7.2094 7.14691 5.92422 6.00459 4.76298 3.06736 -0.0118369 0.224901 2.6708 4.11426 5.82118 9.17191 12.7164 11.6882 6.687 -5.59875 -31.9461 
200 206.745 209.733 211.498 211.013 209.65 208.198 208.217 209.82 209.455 210.41 210.991 210.903 209.117 208.439 207.15 204.918 203.491 204.828 205.317 205.334 207.947 208.422 208.934 207.046 205.181 202.669 201.819 200.311 200.674 202.319 202.788 202.666 202.833 200.561 202.019 203.408 204.366 207.048 210.026 210.373 210.399 206.137 201.913 199.442 199.021 197.309 196.06 196.71 194.229 188.875 185.289 184.886 183.088 180.648 181.234 183.086 182.873 180.502 177.71 175.314 171.53 171.94 169.797 167.691 166.095 164.77 162.942 163.064 162.007 158.371 153.352 148.519 146.086 144.737 142.403 141.649 141.579 136.359 131.211 128.992 126.404 123.578 121.245 118.13 114.018 110.79 107.991 105.148 104.09 102.779 101.397 100.058 98.2435 94.485 91.6371 87.8843 85.5964 81.4526 77.4502 73.5072 70.5171 69.1972 66.2361 63.8407 60.581 57.6614 55.4098 52.6871 48.7305 46.567 43.8609 42.4145 41.743 40.3206 37.1818 36.5231 35.5303 33.6856 31.877 27.9644 25.6299 22.8442 21.003 19.1559 16.6642 14.5809 12.3095 11.6072 9.35056 8.29922 5.92103 2.17013 0.600655 -0.762551 0.584028 0.913717 0.754946 -1.25525 -5.59062 -9.5887 -12.2379 -11.2306 -7.80623 -5.61774 -4.48857 -3.31657 -2.60142 -2.57472 -1.44802 0.669485 2.13017 2.82781 1.67543 0.521347 -0.341403 -0.189843 -0.379167 -2.89987 -4.67836 -4.99565 -4.47738 -6.28073 -8.74902 -8.05903 -5.40167 -6.26725 -8.59201 -9.96408 -8.36358 -6.72124 -6.37949 -5.92341 -3.92545 -2.83134 -2.2277 -3.20203 -4.7094 -3.55164 -1.95311 0.285682 2.46741 4.13089 3.15938 4.0089 4.82081 4.62864 3.31529 1.65812 0.0289253 -0.54958 -1.66889 -3.46361 -6.69852 -7.31187 -10.5459 -14.0495 -20.2212 -33.2101 -56.5318 
200 206.084 209.612 211.11 211.965 213.495 213.551 213.649 213.372 212.32 212.609 211.421 209.995 210.843 212.593 212.451 211.238 210.242 209.378 208.236 210.606 211.337 212.973 213.214 211.001 209.887 208.405 209.618 210.566 210.344 208.696 208.56 209.464 208.703 209.535 205.872 205.515 205.089 205.844 205.529 202.871 199.953 196.977 193.502 192.278 190.354 187.542 188.295 186.681 183.94 183.486 183.221 183.523 184.03 183.819 182.12 181.001 180.745 178.556 175.679 173.527 170.976 167.47 165.816 163.677 162.208 159.245 154.735 151.042 149.885 147.756 145.207 144.412 141.833 138.946 137.385 135.848 133.265 129.004 123.82 120.789 118.801 116.183 115.698 113.527 109.78 108.107 108.613 106.884 103.161 99.634 96.9292 95.4621 92.3636 92.0869 90.9906 88.5478 87.2496 86.9592 84.5859 83.0728 79.9293 78.0191 76.0617 72.7766 68.8903 63.5305 58.2305 55.3921 53.9439 52.324 48.867 44.421 41.1017 38.1074 33.2214 29.2853 25.3602 23.362 22.2947 22.8664 22.7084 22.7583 20.842 20.5123 19.6642 21.0865 21.4825 19.836 17.6569 14.8896 11.0801 8.74383 7.4423 8.41206 6.88393 7.77469 8.96522 8.35098 8.24607 9.78625 9.62442 11.1627 12.4636 13.9618 14.9699 15.8458 15.221 12.8225 12.8003 14.2842 14.9824 15.0012 14.1634 13.18 11.9466 11.6973 8.90053 8.63139 7.51329 7.53406 7.63358 6.55516 6.07961 4.69919 5.36406 6.63758 6.87099 6.20134 5.03991 4.44439 5.87649 7.93193 8.30322 9.50893 9.82328 11.1191 10.8744 9.13485 9.89872 10.2109 11.1101 13.5592 15.7847 15.3611 12.2787 10.3709 6.42174 3.86977 -0.0366909 0.697128 0.578837 -1.14404 -1.31517 -3.33879 -4.36553 -6.5893 -11.5439 -23.888 -49.7525 
200 206.228 210.17 213.027 214.912 215.229 217.04 219.19 219.836 219.88 219.422 219.76 220.835 220.654 220.228 218.038 217.59 216.662 214.141 211.703 210.268 211.963 214.057 212.997 212.801 212.971 212.212 213.133 212.913 213.815 212.593 211.375 210.167 210.797 212.816 216.686 219.213 220.35 219.026 218.722 217.384 217.181 217.379 218.225 217.737 216.661 214.97 211.625 207.304 205.378 205.412 208.57 206.382 203.825 200.348 199.187 196.96 197.724 196.701 196.914 197.587 198.9 195.23 192.603 190.142 186.727 185.726 184.195 183.469 183.122 180.262 179.007 176.755 175.607 175.527 173.429 171.212 168.869 168.018 166.175 165.708 163.761 160.076 157.129 154.345 150.102 144.388 140.849 137.851 135.961 133.147 130.09 124.494 118.946 115.558 112.555 110.385 109.497 108.188 104.073 100.136 97.9946 95.5057 94.0913 91.7538 88.7114 85.8276 82.6733 80.4685 77.0402 74.4529 73.5074 71.6123 70.5067 68.9702 65.863 64.2527 60.6942 57.4287 54.6385 52.5214 49.8218 48.3062 46.9978 44.2817 43.4472 41.6757 40.8904 39.585 39.8009 40.0936 41.6022 38.9377 36.6548 35.2977 36.2552 36.701 38.5986 38.221 36.7169 37.1807 37.5911 36.7539 35.563 34.1889 32.921 32.6883 33.4724 33.7886 32.0309 31.1337 30.9517 32.3151 33.2548 34.397 35.8702 35.0855 33.7436 32.3912 33.9545 35.1421 36.816 37.1375 37.1748 36.557 37.775 38.7538 38.4518 38.6221 35.672 33.7316 32.1592 29.8624 26.0267 23.8936 24.3182 21.7005 20.2184 20.6788 20.8826 21.4269 20.1391 19.2385 17.3481 16.7415 16.019 13.2712 8.45085 4.13907 -0.0116412 0.221183 1.06717 1.44083 0.800553 0.0239058 -2.6262 -5.9316 -12.4942 -25.9343 -51.5829 
200 206.2 211.414 214.351 215.778 214.891 214.404 215.083 215.91 215.179 215.651 217.232 216.919 218.431 219.425 220.84 223.609 224.664 224.604 225.286 224.201 222.892 222.998 223.3 224.292 223.164 223.721 223.766 222.966 223.43 224.008 225.594 226.834 226.464 228.677 227.236 226.249 225.674 225.501 224.556 225.253 224.45 225.342 223.765 223.347 219.442 215.513 213.275 209.834 207.825 205.467 204.055 202.078 201.396 199.129 196.388 193.836 191.802 187.182 186.259 184.216 184.15 182.514 179.193 177.203 175.682 172.924 169.297 166.816 162.934 159.88 157.808 154.829 154.528 152.494 151.426 148.889 144.296 139.528 135.847 131.149 127.101 123.201 120.753 120.432 118.767 115.194 110.885 108.227 106.442 106.028 102.63 100.231 97.2845 94.5476 93.4032 91.6837 90.3646 87.1442 86.2415 85.6714 83.7776 81.3451 79.4723 77.6453 75.0365 73.8495 70.3914 66.715 64.0073 62.0265 60.0329 57.4961 54.5112 52.7962 51.0034 49.8817 49.7483 47.0761 45.18 42.5259 38.161 33.763 30.7533 30.8974 31.6633 30.9275 30.5979 29.4516 27.8348 25.6126 24.5984 23.0255 20.0649 17.4572 14.9537 15.1473 15.3279 15.1025 15.1901 13.8927 13.2526 12.9441 10.8095 9.28343 7.58561 7.2706 7.93497 6.87768 5.74519 3.97242 0.924494 0.596228 0.968703 0.128826 1.17838 3.6794 4.34652 4.33507 2.94391 1.16826 0.688509 -0.392499 -3.52456 -2.5411 -3.63248 -4.18116 -3.80392 -5.95772 -7.41494 -7.86773 -5.86339 -2.85631 -1.70113 0.445693 -0.239466 -0.109401 0.296914 1.87661 2.46722 2.49792 3.84189 4.06161 5.73423 5.98876 7.56317 6.84524 5.23786 2.34275 0.00697959 -0.132612 0.77384 1.11228 1.08608 2.08194 4.52464 6.92141 3.14055 -8.72683 -33.6073 
200 206.396 209.663 212.051 213.554 213.286 212.26 210.624 209.582 208.536 209.029 208.225 209.103 207.999 208.139 208.325 209.364 210.045 210.414 210.266 210.269 211.399 212.221 214.504 214.291 214.546 214.787 214.419 213.116 215.192 217.352 218.46 218.696 218.134 218.004 216.802 217.405 215.724 212.397 211.762 211.203 209.681 211.189 213.915 216.193 217.449 216.511 216.046 214.412 214.955 212.746 212.236 213.812 214.14 210.698 210.395 209.335 205.128 204.758 204.733 205.603 205.129 207.117 206.412 205.245 202.911 198.346 195.208 191.389 188.045 184.369 180.867 179.272 176.366 172.555 171.133 167.989 166.54 164.888 163.933 162.487 159.181 155.296 152.196 148.645 145.966 143.131 140.553 137.758 137.224 134.786 131.506 128.951 127.03 123.577 121.24 118.333 115.278 113.227 112.131 109.37 106.52 104.196 102.702 100.909 100.177 101.361 100.12 99.3865 96.732 95.7423 94.2722 92.0832 88.4653 84.7942 83.5215 82.9145 83.5033 83.0257 80.0618 77.865 74.6892 70.6382 66.3578 63.9947 61.5077 59.2991 57.924 55.7261 53.4569 53.2399 54.3205 52.4744 51.6001 49.8672 49.5763 49.6735 49.3819 47.1324 45.6994 45.8295 43.2664 42.9513 42.6869 41.506 41.0965 38.8224 37.2207 37.3579 37.6349 40.1602 40.4072 38.4192 36.3745 33.9616 34.1186 35.3837 35.5985 36.1037 37.8733 38.7787 38.787 39.0222 39.7705 39.5714 37.4834 34.7187 34.1787 31.5808 30.1033 28.9502 27.5063 26.1868 24.2545 23.5727 23.7581 23.4838 23.9076 23.5923 23.1677 22.7682 19.6996 15.6381 11.4894 11.1049 10.8356 10.6622 6.52194 3.16536 0.0232411 -0.441581 1.86676 2.01266 2.08507 2.64388 3.21012 -0.072314 -8.34144 -24.1323 -51.5566 
200 205.084 209.564 211.534 212.872 215.263 215.35 214.415 212.998 213.178 214.664 213.448 211.336 209.263 210.805 212.119 214.921 216.197 215.314 215.906 215.898 213.769 212.378 211.458 210.389 212.436 211.888 210.601 209.894 208.913 209.217 211.213 210.244 208.745 209.185 209.652 209.282 206.169 204.451 206.855 209.795 210.372 212.122 211.543 208.806 207.347 202.988 200.164 199.738 200.393 201.197 203.13 202.653 203.18 201.512 198.462 199.627 197.281 194.489 194.416 190.521 186.032 184.677 183.125 180.945 178.876 178.676 178.698 176.907 174.155 170.376 168.64 165.406 160.628 155.651 154.17 150.727 148.096 145.84 144.095 142.519 140.534 138.747 136.611 132.897 129.902 127.842 126.297 123.605 120.857 119.335 117.954 116.555 114.733 112.163 110.271 106.687 103.731 102.013 101.28 98.7007 97.3245 94.4844 90.0985 87.0674 84.9616 82.1099 78.9861 76.1591 72.668 70.6939 70.173 69.7296 67.9921 66.6656 66.2971 64.7378 63.8107 63.3507 62.5559 61.2848 59.8361 58.7486 58.6392 59.7118 58.8544 58.0028 56.5355 55.3112 54.9523 52.9303 51.8199 50.1669 47.5031 45.7446 44.6186 45.1903 44.257 41.8515 40.8952 39.1677 37.7832 36.186 35.7721 33.0002 32.1343 29.1189 24.3602 20.9312 17.9449 17.758 16.5232 13.6658 13.353 11.9624 10.8465 10.9919 9.32198 8.43427 8.29438 9.23334 12.8335 14.824 13.5705 10.0009 8.36929 6.83621 3.24381 0.29146 0.181392 0.333167 -0.565112 -1.56304 -1.26077 -2.37563 -1.89298 0.759862 2.02742 4.04687 2.48563 2.3938 2.63341 4.36753 5.43757 5.48259 5.53394 3.65997 2.3777 2.13792 -0.0764779 1.45308 0.50382 1.02835 -0.288794 -2.15287 -4.61371 -7.72163 -12.9906 -24.4975 -48.2287 
200 206.304 209.48 210.487 213.049 214.339 214.409 212.911 213.99 214.847 212.437 210.607 207.84 208.531 206.499 206.416 207.237 207.524 205.667 205.907 207.508 210.244 211.789 215.561 218.152 219.147 221.229 222.987 223.428 225.678 226.328 225.101 224.376 225.127 226.041 226.088 227.323 228.037 227.02 227.342 227.463 228.601 231.263 233.323 232.726 233.233 234.002 231.78 229.45 227.491 226.886 226.887 225.569 223.418 222.685 222.088 219.239 217.139 216.044 215.624 214.648 209.627 206.695 206.776 204.991 201.407 197.529 194.166 190.735 189.026 186.13 182.635 179.25 177.693 176.772 172.388 169.975 169.836 168.924 166.923 165.829 163.682 161.76 161.563 160.563 155.275 152.316 149.272 146.715 143.423 139.816 136.98 133.866 132.367 131.019 128.675 124.373 121.976 117.22 113.07 108.877 105.474 101.874 98.3329 95.5361 92.3377 88.4488 83.9815 80.6524 80.8209 80.2407 79.9097 79.5369 79.758 79.3495 78.2214 77.7367 75.1036 74.2396 72.1733 71.094 68.1049 66.2976 64.102 63.0964 61.398 58.7373 57.0805 58.1509 58.9619 58.5758 58.1832 56.6457 54.0584 52.3767 50.1076 46.9966 43.8843 41.3898 39.5256 38.0501 36.0276 34.7582 33.8623 33.5282 33.5274 34.108 32.4308 32.7675 32.9088 31.4111 31.8363 31.8531 29.9342 29.2058 27.7911 25.0479 24.0649 25.0366 25.3574 25.2165 24.7036 26.9996 27.025 27.1363 28.1758 26.7735 24.8775 24.6376 23.016 21.7506 19.6402 17.8573 18.2704 19.2601 19.5644 17.7159 17.0623 17.7717 20.7671 20.457 20.2086 18.7555 18.0558 17.8263 16.0619 15.1843 11.0272 4.7511 0.0526026 -0.999449 -3.46211 -6.18022 -9.82057 -14.0432 -17.6646 -21.8289 -27.4104 -39.5847 -63.2858 
200 205.492 208.997 209.954 210.848 211.509 212.659 213.011 212.783 212.874 212.871 212.522 214.068 214.694 214.484 216.507 217.822 217.277 217.701 216.723 216.488 213.822 213.043 215.76 215.026 214.25 214.877 216.051 216.475 217.615 217.704 218.269 218.4 217.651 220.188 222.186 220.27 218.907 219.746 217.039 214.261 212.742 211.601 211.743 212.05 208.429 208.314 209.076 207.384 207.377 205.18 204.507 201.877 197.948 194.401 193.825 195.263 194.135 194.002 192.903 188.546 186.046 184.463 182.976 181.913 180.727 177.39 175.77 171.809 167.175 163.387 159.853 156.785 153.251 149.349 144.909 139.188 134.804 129.952 128.174 125.534 121.019 119.263 118.503 117.1 116.398 115.622 112.622 110.195 107.068 103.859 101.535 96.7147 92.379 86.9749 83.0636 78.2103 75.4776 73.6559 73.4962 72.0285 71.0141 69.1682 67.8038 66.2371 64.8284 63.304 60.5892 57.1883 52.266 48.0367 46.1626 46.6232 47.9306 46.593 45.6834 44.6926 44.3509 43.9831 44.3051 41.503 39.5785 37.4361 35.4077 34.517 35.3539 33.5743 31.0268 27.3664 24.0173 22.1226 20.5843 21.8793 21.6272 20.7446 20.5761 20.6546 20.1897 17.8967 15.0103 13.4405 11.7758 10.1179 10.1908 11.2543 12.4899 12.2744 12.168 12.9751 13.3031 13.9493 14.2288 13.7318 12.419 12.7824 14.2679 15.2907 12.5662 9.35089 8.85492 6.736 5.80907 5.47873 6.71722 6.55924 5.00787 4.91884 5.61201 5.98023 5.11156 3.67793 4.02657 5.11283 6.86543 7.88671 6.82644 3.92381 1.5303 0.928684 0.904235 2.24021 2.99687 4.9161 5.55274 6.36229 7.24431 7.03842 5.77743 2.65002 0.00150309 -0.0285587 -0.360055 -0.526658 -1.898 -4.76846 -5.89545 -9.79577 -15.4526 -28.5166 -52.9056 
200 207.489 210.728 212.421 213.262 215.106 216.976 217.624 216.643 215.149 214.602 215.076 216.126 216.522 218.198 219.168 218.14 215.674 214.371 213.712 212.802 211.641 211.948 210.904 210.088 209.945 209.232 211.344 212.289 213.214 213.274 215.465 215.638 216.502 217.992 219.545 219.206 218.543 220.999 222.45 221.091 219.978 219.801 219.552 219.737 221.314 223.55 224.133 225.59 223.541 222.524 222.014 222.571 221.842 221.296 220.026 219.138 218.262 216.987 218.68 220.908 221.976 221.516 219.098 216.401 215.539 214.99 211.348 208.227 206.12 204.943 201.554 202.014 199.166 193.57 190.278 184.981 180.638 176.899 174.828 172.755 170.712 167.706 164.526 159.924 156.889 153.829 150.951 147.881 146.242 144.54 142.437 140.531 139.77 138.503 136.219 134.313 131.519 128.482 126.649 124.435 119.266 115.101 110.79 107.823 106.336 104.774 102.297 99.7626 100.318 98.6594 96.2217 93.8372 90.8573 86.8605 84.2453 79.3751 74.9646 74.5124 72.8051 71.6997 70.167 69.673 66.8115 64.1287 62.073 62.4601 61.6887 60.86 59.5733 58.4277 56.352 54.4324 52.6801 51.2818 51.3794 52.6152 51.8295 49.3105 44.9155 40.0089 35.26 32.836 29.7772 27.2216 27.7287 27.0222 24.9612 22.0612 20.4319 17.9606 18.0011 18.7917 19.6719 18.7213 16.6823 15.0725 15.4923 15.3641 13.8825 12.7447 12.4542 12.4119 12.2274 13.0867 11.2952 10.7693 9.6727 10.9819 11.7455 11.9325 12.1265 15.866 17.1957 17.7892 17.7077 15.9902 15.0111 15.2069 14.8301 13.7392 13.2399 14.0385 13.0385 11.7191 12.0452 9.01747 5.32987 2.5529 0.143201 -2.72082 -5.14787 -4.96507 -4.54092 -5.05011 -5.20914 -7.72072 -14.8838 -27.0549 -51.6951 
200 206.819 209.986 213.955 217.09 217.201 216.093 217.928 219.451 220.779 221.03 222.62 223.844 222.092 221.701 222.518 224.383 225.399 225.537 225.086 226.569 226.621 224.038 226.177 225.262 225.074 227.051 229.401 227.246 226.986 225.068 224.506 223.173 223.7 222.815 220.926 219.943 220.9 224.247 224.736 227.046 227.823 228.308 229.278 227.601 226.96 226.307 223.653 223.892 226.269 227.421 226.815 225.406 222.712 220.854 219.935 216.359 211.622 208.38 207.044 206.264 206.631 205.598 203.513 203.001 200.084 196.429 194.797 192.129 189.892 186.786 184.547 181.883 181.543 181.57 177.803 172.789 168.254 163.11 159.175 156.946 155.11 153.541 151.513 150.158 149.637 148.521 145.099 141.769 139.204 138.996 138.13 136.786 134.055 131.324 130.366 128 127.212 127.274 127.189 125.605 122.408 118.476 114.778 113.45 113.153 112.216 111.365 108.13 103.665 101.071 97.3634 94.7292 90.7913 88.6811 86.4472 83.2257 79.5617 76.3571 74.5665 74.4841 72.1945 68.0221 64.7051 61.7782 59.9867 58.2819 55.3813 54.1782 53.7427 53.9286 54.6134 54.8343 54.6183 53.521 52.0347 50.2352 50.2606 48.6672 45.1568 43.5513 41.6969 40.9157 39.8478 37.9896 36.5177 35.3079 33.9542 30.3922 29.7798 28.4136 26.8453 26.1181 25.5177 26.539 29.2297 29.6958 28.4266 26.6563 25.8289 23.2535 21.9561 21.8336 20.2128 17.3135 15.0646 14.9508 13.9046 13.6115 15.1239 17.2862 16.4833 17.4639 19.139 16.6193 17.4082 15.6088 13.4904 10.5873 11.0883 12.3351 12.3745 10.9945 8.80526 8.03351 7.71355 8.68091 7.71993 4.6193 0.132839 -2.52394 -4.1102 -7.33379 -12.3366 -16.5245 -20.2911 -24.8321 -31.9437 -47.091 -72.9061 
200 205.479 210.144 212.901 214.658 215.397 216.582 217.993 217.732 218.314 219.453 220.93 218.083 217.296 217.767 218.134 217.955 217.247 217.375 216.313 214.919 213.589 213.027 211.59 208.971 209.651 210.798 210.847 209.895 211.903 212.79 212.48 213.145 212.777 212.082 212.016 212.472 211.715 211.857 210.914 209.991 209.91 208.566 208.411 210.099 212.196 211.982 208.865 205.596 206.775 207.452 205.296 204.249 206.406 204.44 201.518 202.921 202.091 201.703 202.504 201.941 202.565 202.325 202.139 201.277 196.477 192.335 187.788 184.963 182.491 180.864 181.674 179.877 178.017 172.854 168.338 165.209 162.737 159.927 155.992 155.096 153.875 152.688 151.719 149.316 145.876 142.633 138.575 135.416 132.925 128.829 124.955 122.474 119.096 115.546 113.773 110.654 106.729 104.915 101.464 97.8693 95.0609 92.704 88.6007 84.2121 81.0769 77.2402 74.7713 70.1601 66.7465 64.8333 61.5271 60.7274 61.2751 58.442 57.3681 56.8679 57.2622 58.2449 56.0404 54.1984 52.919 53.8688 52.7122 49.0413 46.7243 46.563 47.9927 50.106 50.4822 52.5705 53.1507 52.9334 53.7245 54.5591 53.5141 52.4686 49.2845 46.6987 43.9167 41.1977 40.3571 37.1825 36.8035 36.4299 35.9094 34.2177 33.3789 31.614 28.6684 24.6971 22.5416 21.5839 20.5526 18.4775 16.0694 12.3059 12.2955 10.0007 8.84515 8.55497 8.09147 5.6125 4.18155 3.23192 2.93622 1.9076 -0.513255 -4.64087 -5.59929 -4.95474 -3.13219 -2.6696 -2.8422 -4.06572 -4.07348 -2.95746 -5.79778 -6.71732 -7.39718 -7.79882 -6.77608 -5.1152 -4.20681 -3.20909 -3.15086 -3.8001 -2.32542 -1.47553 -0.087305 1.65879 3.76797 6.61667 11.2096 15.5663 21.1951 26.3428 28.2495 19.1769 -5.87621 
200 206.658 210.169 214.377 215.473 216.992 218.355 217.72 216.96 219.054 219.56 219.687 220.076 218.928 218.945 220.421 221.71 222.398 223.357 223.857 222.969 219.926 220.895 220.555 221.856 224.852 226.294 224.9 222.016 219.334 218.194 216.028 216.749 216.861 214.589 211.196 211.028 211.111 210.575 212.425 211.763 214.443 213.709 213.432 214.053 215.988 213.8 211.61 210.38 209.807 208.014 207.62 206.341 204.858 201.221 200.346 197.464 197.338 195.408 194.139 192.573 192.338 190.352 186.129 182.185 180.899 178.914 174.147 169.294 166.913 166.801 164.83 161.718 160.699 159.553 158.555 155.868 152.165 150.031 147.712 144.483 140.035 138.081 137.128 134.922 131.461 129.919 127.767 125.429 119.862 115.968 112.684 112.323 107.829 102.578 98.4615 97.1461 96.0792 95.2725 90.5123 86.771 83.5525 77.5859 74.7423 72.2188 69.4548 67.2954 65.0602 63.9959 61.1044 58.8757 55.8893 53.4035 51.8501 49.6215 47.9387 46.7227 46.0949 44.7946 42.2087 39.9041 38.7515 39.3915 41.4463 42.4995 42.3462 41.1131 38.7704 35.8159 34.1032 34.2273 33.6798 33.5432 32.8741 33.102 33.113 33.3776 32.2601 30.1706 27.7795 26.133 25.2828 24.2161 22.9333 20.5141 17.3137 14.7476 13.6237 12.898 13.2708 12.9151 10.655 8.80857 7.55265 6.84886 5.11148 3.98397 3.60214 4.81135 6.18554 8.03847 9.06955 12.3063 13.5406 14.0991 13.0386 10.9306 10.1843 8.24685 7.2161 8.05267 9.80326 11.5042 11.8813 11.9965 10.0401 9.34087 6.99084 5.28776 5.62564 4.02304 4.51428 4.79825 3.84603 3.46868 3.91546 3.50134 2.46079 0.668349 -0.0386926 0.73516 1.39644 3.20773 3.74411 4.06281 4.0145 3.45611 1.17544 -7.70185 -31.0021 
200 205.372 208.824 211.334 213.998 214.556 215.703 216.592 216.647 215.003 215.735 216.566 216.463 216.002 214.485 213.707 213.199 214.061 214.419 215.569 214.264 214.019 216.579 215.095 213.982 214.067 214.526 216.851 218.794 221.4 221.285 223.045 224.447 223.393 222.052 221.017 219.718 218.901 220.413 221.644 219.971 220.689 216.968 216.772 217.809 217.108 215.324 215.662 216.06 214.856 216.089 215.02 213.77 213.222 211.686 211.174 211.442 211.145 210.166 208.467 206.53 205.15 201.58 197.61 193.548 190.851 189.699 187.635 184.637 183.96 182.5 180.211 177.509 173.648 172.152 171.456 167.664 165.387 161.479 157.673 151.705 148.688 147.255 144.275 142.128 141.366 140.274 139.492 137.858 134.914 131.693 127.884 126.178 126.009 124.035 120.964 117.717 114.449 112.568 110.601 109.4 109.722 107.472 106.271 102.625 98.6062 97.0451 95.6917 92.748 89.575 86.732 86.2552 85.8771 85.6768 84.2154 83.3208 82.8705 80.4406 76.5398 74.478 71.3157 68.9926 66.3934 64.0698 62.4123 61.9568 62.5529 62.2549 61.6039 60.3996 58.0368 54.8051 55.3671 55.2458 54.9551 55.1709 54.4278 54.781 55.7743 56.0022 52.566 50.1945 49.7277 49.6297 49.8529 49.7076 48.985 48.2757 47.9643 45.6316 43.2005 40.5458 38.8229 39.4625 40.9013 39.7011 36.4154 34.4767 31.7796 30.8279 30.01 28.115 27.9876 27.8299 29.2323 30.0468 29.4841 29.3652 28.2633 28.5467 28.4708 27.8278 27.7089 27.6311 26.8781 26.0308 26.884 26.805 27.8971 26.6916 25.2835 23.4511 20.6564 17.3694 14.5676 13.2606 9.43105 6.18569 2.73413 -0.0808053 1.5353 1.11586 0.98114 0.0967336 -2.30225 -5.24501 -9.19188 -13.7641 -25.5299 -52.1107 
200 207.158 211.342 213.605 215.433 216.883 216.451 217.769 218.033 221.591 222.209 222.802 223.095 222.75 223.553 222.849 221.836 222.504 222.222 223.966 225.146 223.474 222.748 222.356 221.545 220.642 219.466 220.927 221.316 220.494 221.378 222.466 224.34 225.053 225.481 224.052 223.396 222.558 221.478 222.099 222.278 223.769 224.063 220.518 216.869 216.542 215.901 215.377 215.811 214.245 214.556 213.775 210.125 208.863 207.55 206.828 205.05 203.747 201.818 200.344 197.673 194.793 193.206 191.303 188.33 183.283 182.514 180.503 177.724 173.877 170.503 167 164.264 160.393 159.504 155.895 152.793 148.814 143.696 141.088 139.269 137.646 132.739 130.563 128.106 123.288 119.749 116.15 112.498 110.002 108.419 104.665 100.148 95.194 92.863 91.0698 89.7322 87.8327 85.1191 83.63 83.7623 83.2807 81.6361 79.3022 76.8762 73.7237 71.7388 69.1384 66.3936 65.6463 62.8062 59.8035 56.0247 53.2442 49.4374 46.0661 44.7159 42.9252 43.1846 44.3946 42.0133 40.014 38.9743 39.4504 38.186 36.5203 35.6809 34.6551 34.1895 32.7922 31.2732 29.9634 28.5086 28.0967 26.8888 26.0982 26.8505 25.9418 26.5147 27.9518 29.0572 29.4686 29.7643 28.6401 25.866 23.7895 23.2013 22.0594 21.3259 21.1276 20.5985 21.0891 20.6606 20.8933 20.1551 17.6399 14.5991 12.793 12.7336 10.6395 8.88299 6.25357 4.68005 2.54724 0.959711 1.574 2.88516 4.79507 7.43207 8.21749 10.4453 10.686 9.77698 7.93492 6.7319 7.72671 8.15797 6.86844 5.71985 6.75555 6.44947 7.4266 9.30044 8.98019 8.12071 6.4233 7.4178 6.1054 2.59088 0.027489 -0.522292 -1.09444 -1.50104 -2.77552 -3.11507 -4.68383 -7.30592 -13.2537 -28.2665 -53.509 
200 207.92 211.138 212.667 215.322 216.684 218.341 219.934 221.905 224.221 223.007 221.778 221.078 220.692 220.019 220.146 219.15 218.306 219.855 219.79 219.596 220.621 221.823 219.475 219.141 220.222 222.935 222.474 222.283 223.395 223.337 221.546 222.035 221.044 222.213 221.086 222.526 222.758 222.635 222.654 224.245 223.583 225.206 226.595 225.709 225.024 223.63 222.414 221.656 222.863 222.212 222.547 220.39 220.433 218.137 214.929 215.033 213.294 214.588 214.556 213.849 213.523 215.203 215.392 214.309 213.75 209.361 207.56 207.097 205.419 204.336 201.732 198.312 192.901 190.281 187.156 182.31 178.757 175.226 171.087 169.94 167.454 162.714 161.137 158.068 157.23 154.925 149.83 148.128 148.126 147.592 145.2 142.42 138.235 133.58 128.966 124.837 120.487 115.828 110.944 106.688 103.369 101.689 99.9432 97.4823 95.2395 92.3074 88.721 85.0338 84.0072 80.5915 75.6377 71.3132 66.6759 62.6983 59.8488 57.7813 56.143 54.9866 53.0116 51.0696 51.0162 51.7157 49.5528 48.8385 48.5223 48.1326 48.5542 47.6362 45.0239 43.6727 40.4969 36.8392 32.754 31.4183 32.3492 31.3796 29.1784 27.9037 28.3596 25.7522 23.7133 22.829 22.8204 21.3732 19.9942 16.9052 14.6753 12.4298 12.7416 13.9034 13.284 13.9296 13.4116 12.0567 11.4355 11.0173 10.6428 11.5024 9.98064 8.28971 5.63145 4.51126 5.30646 3.84695 4.35838 4.35884 4.87169 7.06706 9.34785 10.7187 12.8146 12.3136 8.71862 6.59163 7.00469 7.22813 5.11192 4.25272 3.91071 4.37717 3.63598 2.2781 4.01779 5.03029 4.19893 3.86967 3.20478 1.80549 -0.0499753 0.949532 2.55842 5.64315 9.169 12.3993 14.7912 15.7338 12.7218 2.06809 -21.4321 
200 204.431 206.085 208.116 209.184 208.102 209.547 211.544 211.864 211.687 211.126 211.418 210.844 210.491 210.455 210.155 210.649 212.114 212.942 212.778 213.117 214.041 216.004 217.155 215.174 212.001 209.34 208.787 209.715 210.861 209.855 209.735 209.284 208.192 206.899 205.612 204.59 201.912 200.584 200.449 200.389 199.549 200.844 204.414 205.395 203.044 201.579 201.546 204.117 205.134 203.754 202.897 201.552 201.339 202.855 203.524 201.855 202.222 203.096 200.844 199.021 198.109 196.513 194.784 191.191 186.358 183.133 177.003 175.263 171.972 166.69 162.712 157.981 152.334 147.185 143.129 141.093 138.325 136.189 133.787 130.259 128.479 125.147 122.414 119.721 117.247 115.63 113.749 109.537 107.187 105.639 104.311 99.6482 95.8491 92.177 88.2593 85.388 82.7373 79.3786 76.7089 74.1946 71.7452 70.0486 68.1583 67.1887 66.115 64.567 61.7585 59.3881 56.74 54.817 51.6607 50.5076 47.9866 47.1113 44.7909 40.4226 38.653 37.025 36.2195 36.2887 34.006 31.8478 30.3381 30.6057 29.9149 28.875 29.0273 28.7804 27.513 26.3709 22.9401 19.8595 17.3752 15.4439 14.2757 14.1431 13.4835 13.886 14.5985 14.1041 11.2484 10.3188 10.4021 10.4371 10.4215 12.6094 15.2857 18.1612 18.3172 17.0276 16.0545 15.0626 14.3577 14.8928 15.898 16.3903 14.606 13.133 11.1434 8.34518 8.22837 7.34015 4.96609 3.61053 2.44848 1.63392 1.72304 1.08622 0.0842839 0.20696 1.12191 1.84447 4.71257 5.88092 5.10098 1.58219 -1.02771 -2.37587 -1.72436 -1.47891 -0.363725 0.0296037 1.9322 2.89235 3.40878 3.70126 2.63105 2.58994 0.0575117 -1.09272 -1.23745 -1.60283 -4.42652 -5.31307 -6.87155 -9.54783 -12.9733 -21.323 -43.4497 
200 206.192 211.681 214.523 216.29 218.272 219.218 220.231 220.622 220.88 221.721 220.915 221.121 220.683 221.354 221.142 222.374 223.456 223.067 224.005 224.194 224.087 222.592 219.538 216.492 216.041 216.321 218.005 219.068 219.399 219.397 218.356 219.031 219.308 217.736 213.979 212.753 212.094 211.284 212.309 213.249 214.671 214.736 214.972 216.733 216.229 215.522 216.237 216.515 216.356 215.327 213.638 212.887 211.244 209.812 208.046 207.653 206.356 205.98 205.436 200.806 196.546 197.019 197.438 196.332 193.992 192.349 190.333 187.082 183.126 181.808 178.501 175.169 172.387 169.705 168.225 166.777 164.222 160.422 157.027 156.213 153.804 151.913 151.965 150.07 146.398 145.018 145.365 145.653 142.773 138.396 135.429 134.441 131.156 127.522 124.666 122.135 118.755 113.314 108.278 104.375 102.167 100.053 98.5331 95.7796 94.3807 93.6477 93.4386 90.3509 86.4348 83.225 80.8039 79.9375 77.7649 73.5131 70.2635 66.1979 63.8237 62.6179 60.8211 59.6146 58.2722 55.4753 51.3567 47.1153 44.3855 41.9076 40.5881 39.0029 39.416 39.533 37.551 35.8237 33.7611 33.3525 31.7104 30.505 30.9175 29.6848 28.4823 26.1488 23.3249 21.5915 20.3716 19.9822 21.7053 22.8113 23.1384 23.7199 23.9681 22.6447 20.783 19.458 17.175 15.1221 14.3594 16.2605 16.6533 14.8872 16.2999 19.3685 19.5005 20.2783 19.4266 18.6953 15.333 12.8501 10.7671 8.71924 7.90861 7.25134 4.85982 3.31518 1.94049 1.00184 2.48103 1.69229 1.73643 0.513534 -0.744796 -0.65297 2.23488 4.57065 5.86917 5.1412 5.319 5.00005 4.76964 3.21357 -0.00332894 0.0632499 2.28811 1.80794 0.0596358 -1.299 -3.03643 -5.10932 -11.3767 -25.3862 -50.9914 
200 206.666 210.457 211.479 212.743 214.182 215.654 217.235 217.402 217.818 217.614 220.161 220.151 220.331 221.178 221.396 220.572 219.988 222.246 224.579 227.87 229.326 229.694 228.111 226.428 225.414 226.737 228.948 231.568 231.345 230.479 230.122 232.323 234.298 235.726 234.678 236.117 237.84 240.916 241.292 239.063 234.968 234.744 232.705 231.413 230.711 228.728 228.891 226.707 223.27 221.217 218.487 216.874 216.253 215.499 215.058 213.88 213.96 214.391 213.23 211.708 207.114 206.449 204.599 201.771 199.303 197.046 194.024 190.089 188.913 184.587 179.853 178.018 175.723 174.277 171.559 169.39 166.266 161.625 157.959 152.511 147.946 147.383 146.287 145.9 145.378 142.071 140.323 138.246 134.744 132.628 131.827 130.528 127.733 126.944 124.148 120.333 117.422 114.763 113.669 111.332 108.288 105.583 104.089 101.355 98.0525 96.6685 93.5979 90.5447 88.9567 86.6017 83.4816 81.2659 80.6153 80.9542 79.0567 78.1287 76.2837 74.5892 71.3808 70.0372 68.3828 64.5147 63.401 62.2515 61.6733 59.1589 56.7357 53.982 50.5878 49.2539 47.7954 45.3175 43.4966 42.3271 42.2964 40.4247 39.6923 37.8678 34.7915 33.3834 33.0364 32.554 31.0546 29.5887 28.1629 26.0984 25.7885 27.9625 26.8385 26.2446 25.8586 26.372 25.6103 26.1998 25.549 21.368 19.7592 19.2976 18.6828 19.5966 19.933 20.6206 21.7503 22.8062 23.4549 25.1251 23.4734 22.6163 20.8272 20.2203 20.4866 19.9217 21.264 22.8632 24.2452 24.4693 25.2102 24.2993 23.614 21.1628 18.2747 19.0065 17.8021 15.7404 10.4272 7.26334 5.38392 2.70746 -0.126518 2.40384 5.73376 9.24574 12.3188 14.9663 15.0304 14.2265 11.2938 1.99758 -19.8037 
200 206.742 210.019 213.333 215.108 213.792 212.922 211.364 214.144 216.448 216.853 217.452 216.612 216.838 216.426 217.692 216.676 214.721 216.195 217.256 218.455 220.426 219.455 217.404 217.817 219.189 220.104 219.739 220.577 219.538 217.055 214.585 213.499 211.783 211.32 208.573 207.667 205.111 203.509 204.881 203.377 203.14 206.754 205.896 202.575 201.673 204.947 202.627 202.188 202.71 202.994 201.773 204.062 205.253 204.484 205.185 207.313 206.461 205.467 204.098 203.008 200.582 196.57 194.656 193.444 189.888 186.11 182.291 179.114 173.983 172.734 170.222 166.496 166.649 167.957 166.306 165.178 163.251 162.925 160.836 160.783 158.972 156.833 154.672 151.202 149.39 145.452 141.847 139.102 135.415 131.499 128.208 125.686 121.505 116.577 111.649 108.489 106.776 102.598 99.1196 96.3701 95.454 94.3918 92.4692 89.5482 86.3613 83.8789 81.9722 78.7332 76.5681 72.9012 69.87 68.4707 67.2166 66.0564 64.0926 61.5145 61.4519 59.6481 57.6563 56.1873 55.1136 51.6393 49.0124 49.7799 47.372 45.8525 45.2617 44.0659 42.1295 38.8369 36.0412 35.169 33.5504 31.7962 30.7805 30.4748 29.5976 30.0154 28.2259 26.2971 25.8039 25.3628 24.688 22.5105 21.7679 21.3128 21.7482 22.3454 22.7398 23.1743 22.8994 23.6093 23.5653 21.4479 19.1709 19.358 18.4509 17.8826 15.2652 11.714 9.60295 8.67795 6.7251 5.67662 5.11074 5.24774 4.19813 2.56888 3.90814 1.82801 -0.131686 -1.34883 -2.52155 -3.05082 -3.01103 -1.92968 -0.805668 1.9909 4.84183 7.33092 8.0501 7.70157 10.5178 10.3189 8.77915 7.82236 4.73311 1.79166 0.0271832 -0.51648 0.616223 1.2936 0.819885 0.61662 -1.07079 -2.90163 -6.35872 -17.4418 -41.2032 
200 206.303 211.346 216.033 218.163 218.674 218.406 217.644 216.956 216.954 218.566 219.841 220.9 222.31 224.262 224.271 224.11 226.116 227.081 227.476 229.087 229.96 229.994 230.797 230.883 232.839 233.348 232.51 231.546 230.539 231.405 229.74 228.534 228.758 227.241 227.532 225.711 225.398 225.317 225.108 225.711 226.864 230.463 228.419 223.923 222.294 220.748 220.036 217.968 217.048 215.007 211.807 210.344 209.849 211.348 211.942 209.348 208.308 208.865 207.121 206.441 202.265 196.91 194.455 194.759 191.349 185.834 182.515 179.352 177.442 174.141 170.247 168.131 168.152 165.587 163.221 160.434 158.508 156.489 151.142 148.159 144.917 144.252 142.728 140.792 138.852 135.4 133.379 131.163 126.827 123.179 122.111 121.777 120.145 117.171 114.948 112.115 105.972 101.164 98.3478 94.9499 91.2643 86.3792 80.922 76.8151 73.6743 71.063 67.7415 64.4078 62.7364 59.5257 56.4158 55.4571 52.6566 49.5998 46.5527 44.7822 42.3646 38.4646 34.9965 33.4946 31.8386 30.4157 28.0368 27.2167 25.5254 23.1236 22.6653 22.2555 23.4084 23.5979 22.2129 20.474 21.6666 20.944 20.7529 21.7239 21.5374 20.1016 19.2797 15.6385 12.9657 10.9051 7.64373 5.69378 3.94278 1.17083 -1.81485 -0.753604 -0.0138445 -0.762443 -1.1718 -1.17082 -0.879862 0.31298 0.941084 2.37047 3.73554 5.30537 4.78597 3.21868 0.968 0.503187 -0.805454 -1.25409 -1.0286 -0.873418 0.937877 1.57065 1.46431 1.91106 0.0439201 -2.41204 -3.35399 -4.84776 -5.47394 -6.27905 -6.7499 -7.38817 -8.31162 -7.83089 -3.29254 -0.0690887 1.99253 2.97877 3.47844 3.32167 1.63787 -0.875048 -0.18184 3.45496 5.42463 6.81333 7.15662 9.97778 14.1923 16.9528 16.5749 7.18724 -15.0355 
200 205.959 209.072 210.068 211.372 210.269 209.455 211.109 213.463 215.516 215.84 216.516 216.321 217.371 219.496 221.286 220.567 219.171 219.241 218.892 220.121 219.322 218.886 220.84 221.783 221.922 219.88 220.42 220.74 221.004 221.489 221.193 221.626 220.74 220.664 222.622 223.182 226.187 227.481 227.326 227.109 229.315 229.118 231.262 230.418 227.836 229.645 231.212 229.6 230.097 229.794 230.295 230.141 228.316 226.709 227.953 227.782 226.946 227.848 227.369 225.126 223.099 220.629 216.672 216.013 217.265 215.85 212.768 211.251 206.737 202.827 199.203 195.814 191.292 186.625 183.548 178.405 174.364 167.866 163.832 160.116 155.529 153.052 149.737 147.324 145.133 141.985 138.44 134.203 132.758 131.889 129.685 126.739 124.644 121.912 120.017 116.569 112.49 107.931 106.479 104.732 104.769 103.42 99.1293 96.697 94.1275 93.6402 91.5002 89.056 87.9296 86.0665 84.9597 82.1802 79.101 76.8991 75.6454 73.6323 71.6886 70.6483 69.041 68.8179 66.6785 63.1424 61.2885 59.9365 57.11 54.2888 52.5023 49.7271 48.0728 46.3096 45.7434 44.9745 44.0694 44.0478 42.8904 42.1679 42.3003 40.6328 39.1819 37.2352 36.0997 38.2195 38.0748 35.5075 32.6886 30.8394 29.759 27.9568 24.6615 21.1986 19.1829 18.1322 16.3406 14.2645 11.2676 7.91683 5.08439 3.58494 3.96573 5.78505 4.0326 3.3896 3.52439 4.34021 4.81855 6.7012 5.96189 5.73765 5.2582 6.46134 7.17891 5.31489 4.90618 5.0605 5.3952 6.88404 8.19573 8.78847 8.75615 7.71101 5.59831 4.5566 4.06364 5.08171 5.4929 6.29412 6.31473 3.32221 -0.0569132 1.08135 0.894572 1.90679 1.41276 -0.687245 -1.635 -1.86619 -5.5056 -16.7359 -42.3365 
200 206.021 210.844 212.72 214.406 215.505 216.529 218.729 221.09 221.005 220.944 220.054 221.57 222.437 221.817 220.78 220.644 224.078 227.297 230.378 230.021 229.428 226.976 225.33 224.577 223.541 221.477 222.759 224.268 225.722 222.425 219.346 212.674 211.68 211.725 213.52 215.654 215.886 216.604 218.867 218.412 218.533 218.927 218.699 217.053 214.086 215.296 215.774 215.691 213.709 214.42 213.074 210.895 209.721 207.539 205.294 206.565 207.759 205.53 200.718 199.497 198.178 197.205 192.993 189.279 189.604 189.223 188.034 184.504 182.263 179.361 178.035 174.814 172.682 168.721 163.507 158.96 155.485 152.226 149.691 145.672 143.263 142.107 137.952 134.813 133.355 133.082 129.044 125.849 124.823 121.723 120.031 117.744 115.126 113.47 113.123 111.817 106.764 104.187 102.169 100.379 99.1995 97.8059 95.9519 93.3506 90.107 86.9767 85.5254 82.1862 79.0356 77.95 76.0988 75.2524 73.1366 71.493 70.1528 66.855 64.07 60.9938 58.4689 57.0866 54.7792 52.5432 51.8742 50.1464 47.5112 47.6055 48.4766 47.9597 44.9354 43.4204 42.1096 40.3285 36.9621 35.1745 33.9576 32.3611 29.6971 27.9462 27.8004 28.1874 26.7269 25.5414 23.9072 21.8609 21.0396 18.2399 13.7886 12.08 11.9232 12.0318 11.6462 12.19 12.3283 12.8451 12.4554 13.5425 15.1144 16.9682 19.7113 19.4813 17.3993 15.9526 13.6922 12.1339 11.87 12.2894 10.7493 8.20058 7.22886 8.24007 9.62741 10.879 11.5029 12.23 11.1361 11.8035 13.0715 14.9118 15.1606 15.9338 14.6859 14.3267 15.2042 13.2634 9.55183 6.65592 4.07321 1.87339 0.0836648 -1.58963 -3.20208 -4.57349 -5.59199 -7.21711 -10.9752 -15.9796 -23.3958 -36.6579 -61.8513 
200 208.7 211.656 213.426 214.156 215.38 217.995 220.354 220.831 220.448 219.635 220.634 222.982 224.022 225.248 224.815 226.086 227.178 228.14 227.251 227.739 228.474 228.27 228.494 228.135 226.408 225.368 224.381 224.2 221.303 218.947 219.553 219.636 224.908 227.589 229.035 229.105 231.473 233.597 234.128 234.673 235.944 239.17 240.993 241.136 240.048 236.683 235.645 232.788 229.898 227.303 224.742 224.056 224.896 225.505 225.172 221.099 219.564 216.678 214.979 212.982 212.156 214.112 212.989 210.702 209.479 208.803 207.488 208.11 206.108 204.18 204.038 201.216 199.921 199.47 199.086 195.19 191.746 188.259 184.817 181.739 178.282 172.965 167.741 164.395 161.382 157.665 154.172 149.905 146.937 144.8 144.254 142.337 136.541 132.713 129.878 126.454 121.596 116.634 112.03 108.85 106.892 106.767 103.985 101.988 101.156 98.3579 96.3952 92.7785 90.2968 86.8882 83.9773 83.0161 80.9831 80.4151 82.2884 83.0033 79.3811 76.4562 74.1776 72.8904 70.9971 69.8772 70.4604 68.1783 64.6285 62.4828 58.5075 53.7503 51.8545 50.026 46.7766 44.5195 43.4432 42.7063 42.0895 41.4437 42.1787 42.3544 42.1452 40.876 39.6199 37.3507 35.3862 36.2442 37.2208 36.8255 35.8426 36.9085 37.1416 35.9244 34.513 32.3298 30.5216 31.6238 32.7466 32.0029 30.7753 29.2732 29.94 29.9357 27.2679 25.159 23.3669 21.5939 20.7961 19.8239 16.9882 13.8487 11.7438 9.98259 7.79976 5.36214 4.5772 6.33158 8.12945 10.1934 13.7379 14.6613 14.8989 15.2019 14.8013 13.0689 9.71019 6.75834 5.53088 4.62618 3.59672 1.85198 0.0180188 -0.342357 -0.846509 -0.836871 -1.94391 -4.21421 -6.37657 -8.39827 -14.0602 -26.4761 -49.8027 
200 205.871 209.203 211.528 214.227 215.56 216.174 216.367 214.58 214.835 216.196 219.116 220.508 222.928 222.232 220.217 220.192 220.282 220.225 221.394 222.694 222.441 221.757 219.807 219.281 219.094 218.386 217.455 219.673 219.435 221.096 219.837 218.898 220.009 218.709 219.357 220.34 220.766 217.92 218.282 220.463 220.79 218.15 217.132 216.838 216.228 216.031 215.93 216.081 216.541 216.07 214.787 212.677 210.97 213.703 215.588 214.36 212.994 208.792 207.835 207.592 203.658 198.327 195.126 193.396 190.944 190.056 189.977 188.544 185.714 183.662 184.328 184.149 184.291 184.672 183.682 180.791 175.782 172.631 171.275 169.827 166.347 165.32 162.186 158.349 153.726 148.527 145.524 142.92 138.335 135.916 131.078 126.561 123.96 121.766 119.551 115.06 110.684 106.43 102.424 100.039 96.4577 94.4465 91.5285 88.5622 82.4209 77.3831 75.3395 72.9082 68.4077 65.8723 62.8248 61.0656 58.4236 54.1127 50.261 48.5521 46.75 43.2149 40.3717 37.9422 37.0988 34.9733 33.0666 31.2016 29.8399 27.8743 25.6376 22.8763 19.891 18.2376 16.2866 14.3809 12.1399 12.6656 12.1446 12.5323 11.8142 12.2336 12.3432 12.2843 12.2837 10.2808 9.84989 10.8562 10.5576 10.3888 8.25068 5.64794 5.24784 5.40377 5.23886 4.32876 2.60515 1.38999 -0.368294 -0.571166 -1.7001 -3.26876 -2.92801 -1.32711 1.06801 3.53185 5.17227 5.21604 2.74066 -1.12619 -3.58078 -5.77697 -6.58739 -7.22219 -8.18979 -6.36838 -4.87653 -5.51643 -7.69267 -8.62116 -7.84421 -6.41863 -4.78473 -3.16822 -1.75838 -1.05084 0.542276 2.49658 3.87004 3.15903 0.82797 -0.364847 -0.0430578 0.818098 2.30663 3.17151 3.52171 5.65654 6.79988 6.61473 0.500496 -12.4401 -36.2394 
200 206.888 211.27 214.892 216.921 216.754 216.296 216.42 217.009 217.514 219.402 221.449 221.764 221.515 222.775 224.57 226.575 226.204 225.592 226.017 225.553 227.8 229.629 231.04 231.23 230.298 227.717 228.297 229.303 229.699 230.978 232.442 234.187 234.19 234.399 235.008 235.603 236.805 237.067 237.189 238.156 238.499 238.053 236.626 234.189 232.858 232.001 231.195 229.529 230.305 228.812 225.798 223.224 222.431 221.961 222.613 220.888 219.936 218.304 217.078 215.933 209.751 206.258 204.705 201.918 198.266 197.028 196.471 195.667 191.95 187.277 185.598 183.49 178.786 176.642 175.305 174.699 172.865 170.739 167.807 165.33 163.448 160.594 157.834 156.129 153.286 148.1 143.417 140.299 138.78 138.046 135.884 134.112 131.033 126.616 123.915 120.654 118.131 117.213 115.06 112.744 111.31 109.102 106.124 102 97.6215 94.6257 89.8271 84.589 80.4911 78.2353 75.0772 72.4834 69.1625 64.2898 58.8643 56.6212 54.06 51.4969 50.0873 48.9551 47.8779 45.9418 45.4836 45.8551 45.4208 43.975 42.0208 40.4131 35.1816 31.7476 29.7877 28.499 29.1144 29.4549 28.8928 27.1328 24.5631 23.314 21.7927 20.0347 18.6741 17.5331 15.6801 12.9729 9.85446 7.08602 4.29178 2.06037 -0.742807 -1.64105 -2.11011 -1.14184 1.75216 2.84522 3.95543 5.81136 6.35626 4.71441 2.43765 2.93839 4.461 6.20001 6.76728 7.75466 10.5159 11.5155 11.9999 11.2363 10.2652 9.616 8.75799 9.33084 9.28601 7.78688 7.36441 8.90051 9.86629 8.7082 9.00197 9.26938 10.8185 11.9222 13.5692 13.2579 12.173 9.25051 6.64384 3.09521 0.101807 -1.93433 -3.50627 -6.18549 -8.83974 -10.1394 -12.3241 -15.294 -20.9775 -33.6492 -55.8115 
200 205.674 208.45 209.324 208.666 210.035 211.023 212.863 216.064 218.523 221.013 222.731 224.135 224.101 225.083 225.506 222.447 219.282 219.894 220.941 222.242 221.405 221.29 220.386 221.853 222.787 224.768 227.225 228.17 228.938 230.8 230.154 228.51 229.041 228.908 229.949 231.745 233.516 233.019 231.892 230.967 231.242 229.541 228.968 229.408 227.681 225.175 226.037 226.207 228.183 226.538 228.782 228.162 226.006 225.894 224.11 220.265 218.456 217.948 215.244 213.413 211.492 209.186 207.445 204.665 201.962 200.72 197.457 193.873 189.991 189.983 189.059 188.315 189.515 187.115 187.113 187.113 187.717 184.299 180.11 176.584 171.983 167.165 164.217 163.355 162.799 160.794 158.575 155.064 151.177 148.969 148.238 145.299 142.394 139.494 135.809 131.255 128.532 125.783 122.536 119.332 117.78 114.137 108.859 106.174 103.792 100.264 96.3631 92.2456 91.1731 89.3064 85.8292 82.8553 79.5307 76.6917 75.0436 73.2892 75.2 77.1627 77.5081 76.3693 73.5885 72.1956 69.311 66.5201 63.17 59.7357 59.1993 60.2875 59.8714 58.4267 56.1525 52.5968 50.3742 48.3536 45.4661 42.7518 42.3395 42.8197 41.3798 39.9546 38.5554 36.5824 33.9064 32.8204 31.8003 30.1626 27.3223 25.9263 25.9947 26.1611 24.6436 21.673 19.2928 19.336 20.4868 21.535 22.0097 22.281 21.0758 22.8149 24.9444 28.4412 28.4636 28.1022 27.2371 28.5376 28.209 28.91 28.7204 30.3561 29.6811 27.5617 25.7338 24.0105 23.4078 21.7375 19.7282 19.0977 18.8829 16.0488 12.9989 10.6289 10.0737 10.8047 11.2237 12.2522 9.05278 4.20294 0.0353086 -0.670863 -1.69851 -2.5877 -2.88647 -2.84764 -3.43493 -4.238 -8.43424 -18.0804 -39.5344 
200 208.633 212.433 213.571 215.27 216.633 218.15 219.667 220.375 220.057 216.712 215.574 213.764 214.236 214.009 212.783 211.594 212.866 212.599 213.695 215.299 216.355 218.126 217.02 217.544 220.773 223.635 226.296 227.934 229.777 231.763 232.479 232.196 232.124 233.056 234.178 232.64 232.18 230.271 230.327 229.833 228.85 232.312 232.44 232.192 233.98 234.447 235.773 236.619 237.178 238.311 238.682 235.135 232.925 233.421 230.557 228.52 227.962 226.539 225.081 220.523 214.154 209.302 206.004 202.135 198.671 195.641 191.118 188.086 186.159 186.088 185.592 183.752 181.062 177.7 175.85 171.74 168.515 166.197 163.737 160.679 156.73 153.356 150.865 149.063 145.13 143.07 144.517 143.152 140.373 140.614 140.197 138.578 136.569 131.731 126.668 123.592 120.305 115.961 113.362 110.324 106.414 102.449 99.5634 97.8232 94.1941 89.8214 88.274 86.9256 84.5933 83.0713 81.1314 81.198 80.1511 79.7069 79.917 77.6269 74.7154 72.3315 70.5439 70.3618 70.3721 70.8681 71.144 71.5343 70.4865 67.6408 65.0277 62.7076 60.8987 62.1729 62.584 62.2757 60.6531 57.6728 54.6521 51.2048 49.5292 49.0419 46.403 43.4953 41.808 40.554 40.4123 38.8022 37.524 36.0159 35.9625 34.9775 35.2694 34.075 33.9564 31.6815 28.6672 27.0326 24.6875 24.4334 25.019 26.1174 27.8426 27.909 26.8552 27.1966 28.3913 28.0931 25.7505 23.4857 22.3275 22.5923 23.017 21.6313 20.7235 21.2585 23.2159 23.751 22.9415 23.1159 22.6275 22.7317 20.0285 17.0977 14.5878 11.1742 7.39034 4.5713 1.79817 1.83898 3.04759 1.82885 0.00035975 -0.00683525 1.47835 0.981751 0.395236 -0.842888 -2.79485 -5.89581 -10.2611 -20.4013 -41.0189 
200 206.677 210.089 213.493 215.951 216.065 216.717 218.005 218.754 217.751 217.759 215.877 216.03 215.432 215.606 214.172 214.31 215.922 216.401 215.378 214.781 216.015 214.555 211.141 211.862 213.396 214.996 215.93 217.243 217.646 217.515 217.936 215.938 215.322 212.744 213.077 213.413 214.916 215.966 214.732 211.426 209.374 206.777 204.142 202.185 201.754 201.922 202.255 202.658 201.315 199.706 198.247 196.03 194.573 192.395 186.456 181.096 179.744 177.73 176.413 173.659 172.535 169.157 165.662 160.718 158.853 157.215 154.778 152.179 149.265 147.078 147.691 145.945 144.22 144.48 144.527 143.807 144.5 142.312 137.765 135.241 134.534 132.278 129.647 126.227 120.918 117.532 113.101 109.737 109.506 107.771 103.905 101.152 97.452 94.8024 94.2834 91.7553 88.1614 87.2249 84.3107 81.1955 79.379 78.3741 76.9161 76.5059 75.0744 71.9202 68.194 66.1562 66.0492 64.7198 64.5376 65.1971 64.1354 63.3771 62.9943 63.2086 62.3607 62.079 61.4964 58.2665 55.6771 54.398 52.8515 51.4443 50.5317 49.4712 49.3137 48.0085 45.6368 45.5164 44.2198 41.4748 41.8413 42.3885 42.1531 40.2973 38.3139 34.7587 33.641 34.0655 32.1283 28.3146 25.9744 25.0151 25.422 25.5964 25.4508 24.542 24.2301 23.4347 22.3169 22.5684 23.3055 25.2107 25.4641 26.7116 27.3348 29.8758 30.6288 31.2469 31.1207 30.0558 26.3713 23.6926 22.2344 21.8832 21.3582 21.1375 22.1607 22.8631 23.5754 24.5635 26.4212 27.9655 29.257 29.6104 28.4357 27.9235 28.6051 29.8367 30.0871 26.4018 22.9395 19.4748 15.4768 12.6081 7.72759 4.29613 0.0146161 -0.277705 -0.448497 -1.69375 -4.60509 -8.31844 -11.1556 -15.1825 -23.2064 -35.0123 -57.0149 
200 207.753 212.486 215 216.313 216.846 216.716 216.583 215.326 214.513 215.715 219.097 220.17 220.726 219.962 219.446 219.044 219.345 218.115 217.297 217.278 217.933 217.934 216.605 219.339 222.455 221.06 220.139 221.613 223.513 225.683 226.133 223.95 222.527 221.422 222.554 224.782 228.251 228.672 229.888 233.296 233.066 232.551 230.675 229.25 227.924 229.735 229.771 229.388 233.78 234.289 235.771 234.585 231.581 227.283 222.038 220.826 220.788 219.782 215.71 211.42 208.541 205.645 200.509 196.733 192.17 187.982 184.286 181.634 178.522 175.733 171.726 169.407 168.463 166.483 164.559 161.967 159.427 157.219 154.962 150.027 144.792 140.772 139.622 137.908 136.473 134.651 131.307 128.008 123.913 121.093 118.668 115.649 113.413 111.128 110.859 112.203 112.774 110.973 109.343 108.25 106.003 102.063 98.9732 96.0909 93.8126 91.4852 88.2885 85.7097 85.2057 85.5056 85.1059 85.218 85.7834 83.4752 81.4944 79.5116 79.5814 76.6491 74.4167 73.0573 71.0373 66.2092 63.5729 59.7082 55.7997 53.2852 53.5541 52.0297 49.6788 46.6816 46.299 44.3773 42.1032 40.7869 39.6938 40.3959 41.0172 40.4348 38.7297 37.1354 36.5731 36.0746 36.4336 36.1569 34.7242 32.8377 33.1539 33.3182 32.8689 33.1606 34.7666 34.637 35.6425 38.407 40.1059 39.7712 38.0355 37.9957 40.5421 43.0196 45.18 46.164 47.1421 46.4487 45.5994 44.4659 42.6833 41.0281 39.5119 38.472 36.759 36.4847 35.3968 35.1476 33.5744 32.5247 30.6026 31.3467 32.2303 31.4524 30.8413 30.6209 27.8447 20.9474 13.3616 8.86884 5.60895 3.23531 0.093369 -1.77401 -4.45116 -5.73871 -4.6766 -4.19058 -7.71138 -12.5526 -20.9812 -33.2992 -53.7836 
200 207.191 209.85 213.224 214.164 215.93 217.34 217.408 218.459 220.682 223.467 224.063 224.526 221.935 219.986 220.135 221.037 221.141 220.333 219.478 220.013 222.573 222.203 220.497 222.344 223.865 225.23 224.79 224.739 225.441 225.44 226.689 230.159 229.453 228.963 229.656 227.187 226.902 227.138 227.62 229.906 230.653 230.162 228.88 229.144 228.877 227.425 225.998 227.813 227.845 227.95 225.262 221.8 218.495 216.448 216.493 213.211 212.362 208.656 204.893 202.757 200.529 197.531 195.148 192.865 192.151 188.828 183.569 178.94 175.092 172.752 168.631 164.866 162.618 160.109 155.359 151.335 147.743 144.125 140.751 137.698 134.063 131.912 130.909 129.392 125.087 120.815 116.597 112.003 107.61 103.819 101.867 100.079 98.1831 95.1224 93.6396 91.9408 90.331 89.911 86.9577 84.9526 81.948 77.2039 74.1325 72.2618 71.5741 70.5392 68.6361 64.9469 61.8887 59.8048 55.4479 52.3493 49.9306 48.2291 48.1156 47.3307 46.7193 46.0424 42.5183 41.0661 40.5322 38.9202 36.029 33.9478 31.3944 30.5774 29.9363 27.3515 26.0015 24.8983 23.4227 22.2716 22.8453 25.0436 24.5002 23.5536 21.8158 21.2105 21.6669 19.7496 17.1593 14.8661 13.0222 13.8237 16.0988 15.9422 16.707 17.227 16.5372 15.1605 15.0577 14.6434 12.9563 12.6609 11.9414 10.8637 12.378 14.293 13.8631 14.9967 15.0037 14.649 15.1737 17.1415 19.661 19.8983 20.8979 20.8538 19.1943 16.8002 17.7802 18.8101 19.5715 18.8807 18.6017 18.7156 20.1672 22.2465 24.7573 27.2047 26.5484 26.2257 24.4161 22.5323 19.0238 17.5018 12.4214 5.6286 0.11893 -2.25966 -3.85684 -6.79224 -9.65124 -11.1669 -13.753 -17.8344 -23.6088 -35.3055 -57.0616 
200 208.106 212.592 213.769 215.848 216.718 218.379 218.901 220.005 222.252 223.777 224.803 225.462 226.125 227.975 226.957 225.81 227.504 228.834 229.4 230.452 230.988 231.605 231.195 228.341 227.107 225.944 226.052 224.59 226.607 227.66 228.846 231.493 231.533 232.748 233.998 232.301 231.585 231.481 232.039 230.842 230.843 233.848 234.32 230.279 229.429 230.494 230.32 229.999 228.765 227.615 228.019 225.496 223.718 218.909 215.299 214.729 213.378 210.17 207.889 206.813 205.912 204.775 203.411 199.893 197.664 196.565 192.455 190.464 187.973 184.85 183.535 183.219 181.209 178.773 179.086 178.191 175.54 172.584 169.778 168.186 165.461 162.981 160.827 159.678 154.404 150.701 146.811 142.844 140.083 137.047 133.938 129.319 127.622 126.738 123.393 117.284 113.107 109.785 106.083 102.592 99.3894 95.3469 91.0586 86.3168 81.4078 77.0681 74.6699 73.706 72.3242 70.7163 69.6279 68.289 66.9768 63.9451 61.9579 61.4621 63.9356 65.4577 64.4685 61.9174 58.8032 55.0357 52.7434 50.7719 49.5671 46.8981 44.8745 40.626 38.2422 37.2776 36.4294 37.3278 37.7962 38.7444 39.1579 39.092 39.6728 40.5318 39.178 37.8405 36.4168 33.3787 29.8843 26.6054 26.0321 26.2671 25.9221 26.7257 27.8535 25.3392 21.8233 19.5152 17.0948 16.0203 16.3824 16.2517 16.1397 19.9394 20.9894 21.5198 23.4626 23.7244 22.4055 23.2412 24.7845 26.2025 28.0781 31.6068 33.8285 33.6843 34.0678 34.6259 35.8759 35.2098 33.4668 31.9698 29.8515 27.9254 26.3193 24.5068 24.2147 24.6106 24.1686 20.869 16.6965 11.2939 6.40668 3.78086 0.0639238 -1.21455 -4.82136 -9.24019 -11.7234 -15.6454 -18.6977 -20.7905 -26.221 -38.718 -61.4598 
200 207.748 211.86 215.299 216.688 217.367 218.011 218.294 218.822 218.335 217.611 217.063 219.157 218.988 221.218 221.5 222.863 224.38 224.124 225.582 226.461 226.752 226.691 225.385 224.766 225.439 226.044 225.046 225.279 227.032 230.033 229.307 230.288 230.366 229.607 230.076 231.323 229.612 226.316 225.51 226.564 228.563 225.194 220.149 218.774 221.442 218.305 217.006 214.533 212.531 213.07 212.34 212.825 212.109 213.137 210.07 208.944 210.525 208.338 209.427 209.024 208.649 206.122 203.95 201.398 201.205 201.749 200.25 194.218 190.041 188.116 188.175 189.006 188.701 185.431 183.057 181.124 181.948 181.441 179.019 178.479 176.968 176.979 176.087 174.065 169.744 164.317 160.961 157.688 156.704 153.914 150.375 147.352 143.168 140.449 138.942 136.718 133.643 130.839 127.697 125.268 125.64 127.314 126.548 122.681 118.372 116.307 114.55 112.183 110.152 107.313 104.383 101.241 95.8006 91.1865 89.8078 88.0271 83.9026 81.3463 79.5149 79.0935 76.8874 75.2821 74.0235 73.0441 71.6605 68.0856 64.7354 62.9411 59.5997 56.886 54.0102 49.6128 46.7085 43.3452 41.2849 41.2668 40.6018 39.9624 37.1826 33.7526 32.9821 32.9211 33.3583 32.8545 32.8278 32.1907 29.506 29.5888 29.5711 28.6996 27.6579 28.9349 30.1303 30.9637 31.4632 32.54 32.9619 32.7716 31.3185 27.7871 26.4608 24.6686 23.4393 24.7388 26.1721 24.8117 23.5434 21.7425 19.5093 18.5937 18.6917 18.4148 15.8473 13.3994 11.2688 8.08011 6.52082 6.32367 7.15784 4.92611 4.4725 4.14227 4.20529 6.00065 7.89081 7.48612 6.184 4.47383 0.099395 -1.8885 -3.02947 -5.41234 -7.97191 -10.4455 -12.1359 -14.1352 -17.3118 -28.0972 -46.9615 
200 205.935 210.045 212.615 215.54 219.425 221.21 222.198 222.86 222.617 223.682 225.363 223.515 223.122 220.342 219.909 222.465 224.303 225.703 228.149 227.912 228.287 228.476 227.712 228.712 230.522 231.436 231.686 234.66 237.141 237.353 235.408 233.54 233.038 231.925 230.854 231.022 232.452 232.151 231.391 234.092 234.289 230.954 230.022 230.039 230.969 232.224 232.241 229.309 227.327 224.238 221.857 220.977 219.627 218.583 218.345 217.493 217.833 216.556 213.164 211.423 207.504 205.28 201.835 198.351 196.402 194.712 190.897 185.552 181.439 179.104 178.899 177.162 173.546 169.301 166.482 165.225 163.725 161.699 159.972 159.127 158.136 156.891 152.88 148.525 144.666 141.471 137.345 130.7 126.526 123.086 123.528 121.79 117.624 113.831 111.486 109.121 105.826 102.702 101.41 98.9017 96.2541 94.4687 91.5706 91.5063 90.4301 86.3294 82.6849 80.5804 80.005 77.3875 76.966 74.6492 73.113 71.7034 69.6687 66.393 63.865 62.8584 60.4629 57.4706 56.6783 56.3944 55.7999 54.394 54.4194 52.9665 50.1362 48.5894 46.0577 45.8675 44.821 44.4091 43.1889 42.0351 41.1009 40.1992 38.4113 37.317 36.7184 36.3032 36.2608 35.608 34.2867 33.0115 33.0377 31.8552 31.307 29.3651 27.7911 26.783 25.353 24.6916 24.6784 24.3837 23.9228 21.5659 18.8137 18.4203 18.6636 17.7365 16.357 14.1712 10.957 8.60223 7.27448 7.23118 8.91728 10.0136 10.1312 9.58764 8.22762 8.05401 9.41532 8.11591 8.09108 7.82035 6.89416 6.30202 4.8586 2.84385 1.90031 2.38782 2.29891 1.93243 2.8222 3.08202 1.66787 0.466331 -0.090144 1.71274 2.54294 5.41651 5.8583 7.15664 7.99226 6.81917 3.82981 -4.60028 -23.6236 
200 206.734 211.569 215.548 220.45 225.614 227.424 228.383 227.079 227.391 229.144 229.449 232.028 232.445 232.735 233.932 234.82 236.155 236.144 235.204 233.898 235.584 238.584 237.874 238.572 238.435 237.77 235.798 234.308 233.275 233.238 233.727 232.709 231.24 228.474 226.834 227.944 229.464 227.916 227.513 226.732 225.602 223.263 223.096 222.76 221.741 220.79 221.009 224.559 222.973 221.569 219.944 217.836 218.204 218.301 216.048 214.227 213.678 211.903 210.529 206.848 202.949 199.56 197.261 195.376 195.392 194.448 191.618 188.507 185.612 184.406 182.855 177.788 176.297 175.282 172.65 169.799 167.71 164.88 165.488 166.897 165.593 163.333 161.204 158.964 156.172 152.234 150.527 145.928 141.463 139.02 138.835 136.202 134.653 132.063 128.871 125.114 120.887 118.631 115.492 112.833 111.25 108.703 104.411 100.619 97.1483 93.64 89.5094 85.1852 82.4946 79.2877 76.0494 72.9783 71.0653 68.9372 67.1414 65.4815 63.4362 60.9825 59.5492 58.7936 57.9392 55.7981 52.2776 47.6367 44.4191 43.3358 42.5973 40.8751 38.6034 37.429 38.352 36.6726 34.677 33.2098 32.8621 32.2601 31.5964 30.3733 29.298 27.8425 26.6344 25.5559 24.3226 23.6395 21.8967 21.181 20.0283 20.0033 18.0535 15.9542 13.0235 9.70377 7.36004 7.32005 8.2645 7.78377 8.09863 7.2556 7.61878 6.03043 4.87257 4.76043 6.1242 6.44024 6.12525 6.37636 7.05353 8.79978 9.42393 9.6602 10.8929 10.0534 9.46691 9.51984 10.5444 13.6083 17.2479 17.5094 17.8997 19.3651 19.36 18.2954 19.1904 18.9338 16.4045 12.0288 6.0331 2.21047 -0.0644724 1.22498 1.99341 0.756034 -0.212096 0.351081 -0.911226 -3.73395 -8.6981 -19.3958 -40.8394 
200 207.501 212.615 214.747 217.448 218.416 220.351 221.841 222.281 220.57 220.654 220.769 221.036 220.479 218.832 219.129 221.7 221.707 223.404 224.355 223.816 223.479 224.367 225.817 228.955 230.16 232.582 235.831 233.552 232.474 232.883 235.071 236.447 235.23 234.79 235.746 234.225 234.89 233.433 232.179 230.49 228.847 227.247 227.778 228.576 228.391 229.372 230.103 227.291 225.887 222.202 220.058 217.03 215.211 215.064 214.715 212.276 209.81 207.266 206.274 206.395 205.866 202.04 203.002 205.231 201.722 198.132 196.961 196.666 194.792 191.159 188.86 188.664 187.409 184.565 181.853 179.461 176.675 173.124 170.551 169.358 169.434 169.794 168.597 166.577 163.425 159.705 155.079 149.649 145.889 143.019 139.045 134.59 131.596 129.06 126.753 125.454 123.429 119.72 115.996 112.853 108.129 105.012 102.157 101.223 100.278 96.5612 93.2471 88.337 85.851 83.2281 83.0791 81.6618 80.3254 79.6258 77.7127 75.3541 73.572 72.0378 71.4012 70.3541 68.6156 66.3291 64.7487 62.4689 58.5266 54.9965 51.1513 48.5246 45.5928 42.1667 37.5592 34.5072 33.9292 34.0614 33.4968 32.5859 31.9772 30.1887 28.7125 27.1202 26.0593 24.3836 23.6217 21.8164 21.6687 22.0965 20.6173 19.8389 17.7566 16.9951 16.5068 13.7843 12.2912 13.3913 15.2825 13.92 11.8034 12.1414 12.1202 12.903 14.3085 13.8684 12.6332 12.1104 12.2367 12.2445 12.1534 11.4502 11.3529 10.7617 10.3296 9.47076 9.79978 12.0026 14.4289 17.2388 18.7673 17.8488 16.2748 14.552 13.1991 12.4967 13.2366 13.8006 13.0779 10.9786 7.40142 3.76174 0.0562974 -1.06965 -2.197 -3.34131 -3.9369 -4.71064 -5.25616 -7.5054 -12.4775 -23.2437 -44.5745 
200 204.995 208.115 210.944 212.896 214.457 216.039 216.1 216.59 217.749 219.141 218.844 220.429 221.427 220.809 220.293 219.667 217.965 216.325 216.139 216.154 213.303 211.717 212.319 210.638 209.108 209.666 212.061 211.296 210.601 210.401 209.646 209.893 210.454 212.004 215.509 217.606 220.446 222.227 222.545 221.14 219.422 219.824 220.32 218.404 219.866 221.193 220.534 219.299 218.37 217.172 216.696 214.88 212.434 207.446 208.336 208.65 206.463 205.899 201.933 198.975 195.957 194.197 192.089 189.826 187.109 184.447 179.874 176.407 173.148 170.562 167.601 166.117 163.688 160.192 157.911 155.326 154.139 150.985 146.397 144.088 142.434 142.059 142.319 140.802 136.758 132.596 129.339 124.226 120.587 118.519 118.078 116.221 115.341 113.468 111.604 110.925 110.299 111.782 110.898 108.044 105.856 103.929 101.713 99.2106 96.9502 93.6195 91.0725 89.1756 86.3534 83.6717 82.3167 82.5893 79.5116 77.3594 75.7849 75.4819 73.1551 68.0225 64.7198 62.0122 59.9057 59.084 56.5723 53.1654 50.7597 48.1281 46.0294 43.3181 39.4768 38.8113 37.0578 33.7483 31.9113 31.6033 31.7645 29.6012 26.6757 24.5628 23.6421 21.6314 20.2898 19.3288 19.0561 18.1459 15.9841 16.9884 16.9871 18.0984 18.7138 18.079 16.3697 16.5045 16.8253 16.3454 16.0006 14.3585 13.5639 12.7294 12.7173 12.212 11.9167 12.5304 14.3155 14.3398 14.0731 12.8469 13.031 13.4247 12.8568 12.1758 13.3326 13.338 13.3604 12.6413 12.473 12.4268 14.3199 14.8331 16.235 15.2403 13.8634 13.8269 12.9469 10.9297 9.78373 8.13714 7.50252 5.16553 0.12885 -2.44816 -3.39574 -4.8099 -5.51379 -6.95051 -7.80202 -9.78057 -13.8985 -26.0318 -49.9668 
200 206.236 210.1 212.685 212.925 212.45 214.74 216.534 218.573 219.527 220.28 219.522 220.863 219.173 218.932 218.837 216.729 215.75 216.537 216.411 215.689 214.484 213.816 213.809 212.003 211.87 214.151 214.308 212.207 211.855 214.011 215.56 215.67 216.076 217.208 218.342 218.507 218.251 218.244 220.355 218.705 216.209 215.017 215.422 212.66 210.307 209.518 210.173 209.164 208.703 205.933 204.68 203.75 202.95 202.073 201.575 203.911 204.28 203.741 202.481 199.525 196.722 196.857 196.134 195.851 193.4 191.882 188.908 187.133 184.275 182.415 180.654 179.979 179.557 179.946 177.33 176.374 175.782 176.008 175.232 173.68 170.057 164.863 164.751 164.475 163.731 162.014 158.536 154.464 150.439 145.794 142.689 136.674 131.925 126.327 124.547 122.597 121.477 122.223 120.266 117.142 114.881 111.503 106.86 103.102 99.6745 96.6399 94.3888 92.9042 92.2218 90.6418 88.0403 85.319 83.7888 81.3561 80.139 78.1045 76.7368 75.5387 72.8564 68.8318 64.7471 61.4183 60.2956 59.2974 58.1321 56.5078 54.1127 51.9677 49.8421 46.0611 42.7104 40.4094 39.5635 38.8141 36.4847 34.9849 32.4534 31.155 29.9469 28.8518 27.8941 28.6668 28.6948 27.7254 25.2466 23.1333 20.7563 20.3031 18.9945 16.417 13.3323 10.6752 9.01428 10.0804 9.34803 10.5423 12.0835 13.0796 12.2342 12.5012 11.3694 11.0142 12.1736 12.6686 13.4602 12.7719 13.7719 16.7694 16.6617 15.1869 13.1984 12.2494 10.6347 9.06359 6.96102 5.09924 5.57301 6.05549 7.04495 6.60543 3.977 2.92991 3.58106 4.47282 4.79739 2.77141 2.98261 2.41541 0.0611968 -1.16274 -0.454271 -2.01158 -4.19515 -5.5451 -5.37146 -7.11938 -12.1706 -21.7517 -43.6398 
200 206.116 210.484 211.92 212.95 213.718 212.739 213.129 213.34 213.534 212.551 212.474 213.517 215.107 216.895 217.825 219.257 219.45 219.568 220.118 222.467 223.431 223.835 225.663 227.042 228.541 229.005 227.461 224.607 221.715 221.351 222.67 221.549 221.99 224.575 224.715 227.127 224.42 220.357 218.938 215.523 214.763 215.099 213.706 213.458 210.636 209.483 208.448 208.966 208.835 208.33 206.639 206.202 207.512 205.855 204.533 204.478 203.301 202.645 199.19 198.489 197.248 195.938 194.829 193.329 193.624 191.618 187.582 184.712 183.099 181.353 178.28 176.626 172.654 169.622 171.246 171.438 169.437 168.036 167.869 163.336 160.213 159.137 157.542 153.087 151.755 149.675 147.531 144.786 143.248 140.12 135.377 131.997 129.15 127.103 123.203 117.501 114.181 111.557 110.535 108.915 106.894 103.553 102.002 100.974 99.4381 98.0204 96.1193 94.2917 90.9465 87.8162 84.322 80.3409 75.7324 71.8567 68.8244 67.3968 66.6352 67.6369 66.5848 63.7629 62.8345 61.8324 58.587 54.9032 51.5588 49.5993 49.3837 49.1482 49.2838 49.225 49.4057 47.438 44.9997 41.6055 37.4164 35.7591 35.1691 33.0729 31.4527 30.1313 28.1096 25.4695 22.3931 20.8614 19.9728 18.729 17.6579 16.9448 15.5242 15.6856 17.0117 16.2849 14.8466 14.8187 15.3573 14.7149 14.4992 15.0162 15.4936 14.3719 16.4416 17.3058 16.9197 16.871 17.3341 16.3696 15.09 14.851 14.0382 14.6896 16.7707 18.9865 18.7452 16.0888 14.9297 12.2356 10.1753 8.88761 7.16653 5.7351 5.66648 4.15209 4.65576 4.76268 4.60723 2.6012 1.78661 1.81073 0.0560541 -1.06503 0.204018 0.770635 1.12186 -0.92133 -3.41938 -6.79958 -13.0398 -24.1171 -43.2625 
200 208.022 213.42 217.548 219.082 220.062 221.042 220.826 221.894 221.939 223.555 225.728 227.57 229.608 229.266 229.848 229.428 229.356 227.6 227.434 226.956 226.261 226.422 226.842 226.344 225.194 223.494 222.774 220.347 218.249 218.595 217.297 216.718 220.299 222.453 221.778 219.579 220.05 223.835 223.681 223.058 221.542 219.321 219.509 217.435 214.746 212.763 209.666 208.742 206.186 205.724 203.983 202.412 200.245 199.45 196.166 191.77 191.464 189.866 188.097 189.341 188.495 186.818 183.653 182.776 182.361 179.42 179.255 179.144 177.982 175.893 173.76 173.175 172.261 167.491 164.391 161.079 157.751 154.848 154.694 154.24 152.246 149.999 146.554 142.12 140.148 138.316 135.746 131.279 127.21 122.889 118.51 114.461 111.468 108.314 106.315 103.518 100.496 97.52 94.8224 90.1586 84.6239 80.5379 75.8554 70.922 65.6926 62.7259 62.777 61.6131 60.062 58.4721 56.462 56.3003 56.2736 54.8913 51.8181 48.3625 46.876 45.2241 44.1075 43.2907 44.0951 43.1673 42.4923 41.1048 39.7006 37.4833 34.8798 32.5955 32.2489 32.1915 29.4265 27.406 26.1342 27.0011 27.6407 26.8913 26.2417 25.3618 23.9791 21.9733 20.1113 18.1649 16.5471 14.9257 14.4327 13.229 11.8883 10.7288 11.1608 11.767 12.4799 14.0198 15.2293 14.7019 12.7714 13.4761 14.1001 13.2589 12.3839 12.8915 14.1285 15.2612 15.806 14.3327 11.8911 12.3441 11.4126 10.1583 8.89885 7.97829 7.34587 7.5572 8.37891 8.99198 9.43917 10.2369 9.42942 7.1286 5.27784 4.38675 4.07443 4.0491 3.37885 3.88059 3.02819 2.44684 2.13657 1.21586 -0.0434256 0.825087 2.85183 4.93319 6.67758 8.76509 10.1245 10.1861 5.90785 -4.57436 -24.6948 
200 206.838 211.074 213.557 214.651 215.723 217.948 220.211 222.024 223.598 226.66 229.441 229.588 227.629 225.186 222.656 221.481 221.999 222.087 221.453 219.679 220.357 221.054 220.283 221.56 222.355 224.029 223.131 223.699 224.798 224.069 222.634 224.492 225.467 222.682 217.48 216.408 220.413 221.107 219.659 219.494 218.29 220.646 219.935 219.297 220.086 219.754 217.879 219.022 218.344 218.579 218.853 222.201 221.481 219.987 220.606 218.87 217.723 214.362 211.838 210.057 208.87 207.328 203.919 199.392 194.874 191.893 191.11 190.696 188.212 185.295 183.428 179.151 172.778 168.117 164.54 161.588 159.59 156.633 153.733 150.624 146.975 144.173 141.671 138.072 135.561 133.285 130.785 127.812 123.084 118.859 117.559 116.369 113.9 110.822 108.614 105.397 101.541 100.528 98.8155 98.6203 96.9251 94.5707 89.2666 84.4793 79.9046 77.8624 74.3988 71.6963 70.5855 69.2248 67.6356 66.0629 64.1864 64.6102 61.9657 57.994 56.0478 53.1898 50.4235 49.0583 48.7006 49.9568 50.7442 50.4872 47.6832 45.3066 43.8967 41.8113 39.2757 36.349 31.4355 29.6394 28.6198 26.64 25.3666 23.583 22.4415 20.8242 18.0695 17.3229 17.4896 18.2341 18.7009 18.4436 17.2046 14.8725 13.6668 12.8445 12.1077 11.1436 11.2043 11.4174 10.1307 8.16254 5.55612 3.8145 3.71848 2.37115 2.41227 4.6392 5.99224 7.96805 10.9033 12.2878 10.7476 8.49677 5.78746 4.218 1.39093 1.5486 1.61199 0.443044 0.556337 2.24806 5.8354 9.00765 9.89 9.88071 9.62814 9.00401 8.79328 9.38928 7.94297 7.77984 6.93363 5.61131 4.40141 2.28927 -0.0575326 1.09312 3.39763 6.07536 8.07082 10.0855 11.8599 12.332 8.12353 -1.34442 -21.5714 
200 205.941 209.261 213.253 214.767 217.009 218.068 218.932 219.545 219.41 221.794 223.209 223.818 224.436 224.307 226.539 227.77 227.953 227.361 225.373 226.618 228.528 229.597 228.294 225.454 222.96 222.689 221.53 223.644 225.548 227.386 230.45 231.734 231.771 231.478 229.003 227.54 226.608 225.972 221.751 221.642 221.156 220.273 220.782 220.256 223.152 224.357 222.42 221.783 220.352 217.139 215.531 214.705 215.392 214.964 211.392 208.892 210.304 212.587 213.391 213.298 216.706 219.371 216.799 215.064 212.545 207.478 204.015 202.336 200.891 199.735 196.272 195.749 194.839 193.588 192.095 188.897 186.957 183.098 179.658 175.992 171.951 169.78 168.313 165.467 162.915 158.528 157.38 153.015 148.241 143.179 139.849 137.316 132.727 130.341 129.113 126.582 125.222 123.921 119.242 116.399 112.65 110.621 108.29 106.13 104.524 102.048 98.7374 96.3752 95.5441 92.674 88.4217 84.6824 80.8819 79.3802 76.7815 74.3191 70.4302 67.3797 64.5019 62.877 61.803 60.5351 58.1182 55.7566 55.2419 53.7784 51.6818 48.0086 43.9381 41.7897 39.1865 35.8735 34.4899 34.1673 33.5754 33.4189 31.9504 30.2255 28.1839 27.7687 26.9929 25.8223 24.7509 23.4198 20.4269 17.6147 15.2773 13.7768 11.5251 9.80513 8.35514 7.39107 6.96845 6.83592 5.31171 4.49848 3.291 3.20355 2.78054 4.91415 6.47065 7.50694 11.5912 16.5994 18.4839 20.5888 21.6234 21.6917 19.6996 17.8485 15.3954 13.7635 12.3552 10.6539 11.7759 12.7248 14.135 16.9449 17.0029 16.9771 15.4769 13.9374 14.7906 13.4981 11.1971 9.39428 6.74561 3.33138 0.0279164 -0.530411 0.114492 0.839044 0.857892 1.27509 0.0823864 -0.432967 -3.85351 -15.1123 -36.3964 
200 206.252 209.498 212.791 215.878 217.488 218.006 217.664 217.447 219.073 219.259 219.543 217.862 218.994 221.7 223.856 225.272 225.581 226.597 229.193 229.99 230.304 233.978 235.269 236.254 235.696 234.939 233.854 233.403 232.209 233.296 236.304 235.556 235.041 235.468 235.944 236.069 235.133 233.944 232.725 231.646 228.764 229.235 228.632 225.854 221.842 225.789 227.19 226.557 227.282 230.446 229.329 224.086 221.621 220.545 218.573 216.883 217.848 218.97 217.57 215.41 215.728 216.292 215.105 213.13 209.424 207.745 206.34 204.258 199.921 199.868 199.934 197.831 195.079 192.927 191.376 187.658 181.724 178.075 173.551 171.227 168.018 164.865 162.078 160.162 158.466 155.127 153.192 151.098 149.096 146.365 142.893 141.202 139.317 137.592 133.528 130.154 127.088 126.978 128.02 127.107 124.021 119.809 116.395 113.923 113.205 111.066 107.674 104.76 101.516 99.0908 98.4581 98.8132 95.6974 90.9979 88.3539 84.3439 83.2357 82.6357 82.8065 82.1372 82.4531 81.7651 80.9292 78.4325 76.4611 75.8992 74.4094 71.7002 68.9684 66.8895 62.1023 56.6682 52.859 49.9254 47.6561 45.9852 45.7597 45.2761 44.2721 43.5164 42.1761 39.3249 38.5071 39.2176 38.6867 36.7815 36.7017 35.3578 34.4795 32.7062 29.1251 26.3205 24.6281 24.0072 23.2882 22.5276 22.8195 22.9629 21.6955 21.1404 20.8867 21.9345 23.7092 26.0889 31.7159 34.1534 36.257 36.5924 35.1769 33.9646 33.0773 32.0688 30.4998 28.1709 27.1917 27.295 27.2343 27.1316 26.404 25.6448 22.6058 20.766 19.2832 17.1597 14.0728 12.1347 8.35292 3.58396 0.065369 -1.24201 -2.77073 -2.661 -4.35337 -7.36027 -10.9018 -13.9677 -18.1821 -27.9708 -49.1729 
200 208.027 212.598 215.687 217.353 218.11 218.489 219.439 219.817 218.863 219.101 217.619 218.733 218.317 218.013 218.63 220.245 222.267 223.943 225.62 226.966 227.743 228.752 228.514 229.157 229.37 230.158 228.883 226.667 226.217 228.129 228.381 225.064 225.335 228.339 231.365 231.544 233.027 232.176 231.219 232.925 235.842 235.222 237.552 237.353 236.378 237.905 236.643 236.047 235.187 232.744 234.111 231.894 230.891 229.545 225.168 222.914 223.668 220.234 216.586 213.755 211.561 211.049 208.852 206.173 203.535 201.794 197.954 196.896 194.497 191.51 188.764 187.278 184.078 179.36 176.909 176.892 177.934 177.75 177.379 173.81 173.882 173.517 171.111 167.538 166.273 163.585 161.961 160.719 161.719 162.653 161.369 158.063 153.988 149.646 146.444 142.12 137.712 135.212 132.679 128.109 122.914 119.778 116.466 111.729 106.736 103.241 98.6202 97.7753 98.0726 97.0709 96.9438 96.3435 94.8553 94.5439 92.3699 88.71 85.6969 83.7397 81.0521 79.4058 77.6655 73.7593 70.0887 66.8666 64.739 63.5277 61.8753 61.6179 61.0777 60.9972 61.3134 61.0946 60.7163 57.8928 55.4935 53.1724 52.6152 51.6293 48.6316 47.3483 47.3014 44.998 41.2119 38.6826 37.5096 36.7861 36.4254 33.1365 29.2281 26.3703 24.9783 23.1992 21.6409 20.6621 20.0473 18.3746 17.5003 15.255 14.1611 13.0731 12.5913 10.669 8.48157 6.46677 6.55563 7.78016 8.62261 10.3293 12.1803 14.3643 17.1511 17.7736 16.9278 17.2717 15.8866 13.9572 11.9883 8.68914 6.65976 6.60681 8.14645 9.15248 9.25881 8.9457 7.74139 5.89938 3.91533 2.03065 0.115609 -2.19658 -3.08212 -3.59778 -3.09215 -3.8094 -5.20223 -8.16471 -13.1928 -23.7508 -43.6517 
200 205.713 208.155 210.357 211.946 213.488 215.242 215.995 214.608 213.627 212.87 211.974 211.794 210.747 210.005 210.302 210.018 208.895 207.293 205.52 205.621 204.667 203.73 203.831 203.343 203.765 203.742 203.185 204.185 206.97 207.012 206.757 206.643 208.761 209.615 210.816 209.75 206.328 206.339 207.172 208.168 207.758 208.434 207.695 206.649 204.766 206.334 206.26 208.222 210.849 207.281 209.15 209.86 207.285 206.332 205.056 203.686 200.597 201.589 199.648 195.21 190.839 187.913 186.39 184.377 182.576 180.548 180.369 178.134 177.11 177.05 175.418 172.22 170.448 169.569 166.557 163.319 160.063 158.362 157.132 154.245 152.3 149.673 149.124 145.579 142.55 139.299 137.538 134.337 131.801 129.06 128.208 126.981 126.98 123.117 119.601 118.002 116.446 112.592 108.725 107.701 107.543 106.689 106.719 104.62 103.324 101.094 99.2838 97.3635 93.5843 92.0273 91.2935 90.1456 86.7647 83.9767 81.3769 77.0079 72.4547 68.8909 66.7199 67.1175 67.7353 65.815 64.1107 63.2828 60.7808 58.5496 55.2275 51.7278 50.5499 49.4841 49.503 48.4478 46.5153 45.4515 44.7006 43.6969 41.3607 39.7179 39.6471 39.4223 39.0472 37.2982 35.0744 32.6357 28.6203 23.8988 21.1438 18.6597 16.1579 14.8439 13.8949 11.9367 9.65831 8.90858 7.99441 5.99384 4.64922 3.99106 3.50352 1.77762 1.15074 1.82702 2.83271 4.58128 7.64133 8.00507 5.95143 4.15254 3.41981 4.39371 4.9594 5.45587 5.05725 5.26794 4.0597 2.36467 2.57593 4.80048 6.32024 6.91015 5.15226 3.81528 2.63059 3.48645 3.93297 3.8672 2.57309 2.08907 0.0452879 -0.86047 -1.88779 -3.29644 -5.33741 -6.4022 -6.79147 -7.98599 -10.7381 -20.2216 -40.478 
200 208.986 212.279 213.815 216.879 219.153 220.744 220.015 220.715 222.135 224.538 226.352 227.642 229.509 231.215 233.224 232.267 232.772 232.054 232.79 232.984 233.695 233.83 233.808 232.261 232.934 235.4 237.238 238.992 238.824 237.878 240.708 244.571 246.875 248.273 248.005 247.073 246.471 245.973 244.979 244.3 244.194 244.098 243.403 240.679 239.841 238.066 236.665 237.013 237.478 237.375 237.018 236.062 235.218 232.278 230.132 232.221 232.541 234.84 236.071 231.581 229.116 228.695 226.215 223.51 222.061 219.301 217.765 216.314 211.331 212.153 212.093 207.396 202.728 200.942 200.663 199.879 196.38 193.037 188.48 183.244 181.242 177.939 174.067 169.545 168.333 165.212 162.745 159.988 157.436 153.442 149.787 145.133 143.404 141.152 139.318 136.046 132.48 130.353 127.687 124.026 119.413 117.869 116.586 113.524 110.618 105.516 101.151 99.1569 97.0238 94.3542 91.0927 88.205 85.7845 84.0815 79.3336 75.9075 72.6427 69.6475 65.526 62.311 59.2076 56.9919 54.6562 53.5003 52.7321 51.6931 50.2286 49.1222 49.5789 50.5532 48.6454 47.0975 45.0314 41.9018 38.4178 35.7601 33.2214 30.9857 28.4982 27.1611 25.5714 25.0181 23.7047 24.0341 22.2683 21.6685 21.1017 20.3118 18.283 16.3549 14.1704 12.0237 8.88749 6.84066 6.70067 6.81366 6.0564 7.49821 11.2787 14.1035 15.4 15.5788 14.8213 12.7778 12.6571 14.3378 16.3151 16.176 15.5807 14.0206 12.0706 11.0438 11.8101 12.0504 13.9504 14.5115 14.3807 13.8296 13.2009 12.475 13.8542 13.5955 10.7323 8.02392 5.90011 3.93591 3.61256 2.88554 0.0175939 -0.334285 -0.835059 -3.82298 -6.83709 -8.52461 -11.437 -14.37 -20.5902 -30.662 -48.9159 
200 208.828 215.037 218.634 221.778 224.544 225.779 225.297 225.317 224.865 225.585 223.752 223.002 222.095 221.507 221.668 222.324 222.286 221.489 223.214 221.702 220.703 220.226 219.422 220.322 223.935 227.8 228.746 230.526 228.639 228.194 230.317 230.631 228.545 225.63 226.396 225.399 225.729 225.229 225.967 225.631 224.113 221.64 220.454 218.673 218.575 217.348 214.143 211.835 210.676 208.618 207.95 206.691 205.202 204.559 203.332 198.852 196.265 195.824 195.277 193.389 188.04 187.219 188.743 187.79 185.804 183.013 180.388 178.649 178.48 176.097 175.846 175.978 173.31 171.054 170.341 169.743 167.514 166.176 162.599 159.741 158.665 156 151.077 148.072 145.159 142.816 142.863 142.039 139.805 137.099 136.212 133.962 131.692 127.649 124.85 122.193 119.068 115.798 113.204 111.524 109.73 107.091 103.229 100.02 101.177 102.272 103.47 103.069 101.151 98.4421 95.7293 92.169 87.5622 83.8563 82.5046 80.1071 77.082 74.0386 69.3301 66.6192 64.2152 60.4214 57.69 55.7702 54.9054 54.6673 52.897 51.9078 51.8543 49.2525 45.7538 43.9991 43.0064 40.0475 37.895 36.5605 35.3588 34.4044 31.6193 28.0548 24.7996 22.6238 22.9665 21.725 19.3414 16.8917 14.7248 13.4295 12.4742 10.7557 9.6763 7.7843 7.615 6.66623 5.59654 5.7207 4.88579 4.41944 2.54117 -0.415126 -0.210553 1.00946 1.65484 1.52038 -0.284724 -1.19298 -3.30413 -5.84937 -6.45612 -5.30855 -4.91583 -4.71201 -4.29118 -1.55037 1.7852 4.43468 5.70433 7.53099 8.77042 12.4396 14.1867 13.6757 12.7431 10.7706 7.78243 4.75628 2.9675 0.489993 -0.144385 2.74332 6.83543 11.2272 15.102 17.8444 19.3271 20.2535 19.411 11.9123 -6.23275 
200 207.062 210.039 211.501 213.352 215.822 216.518 218.114 216.829 216.41 214.789 214.929 216.194 216.48 219.378 220.255 220.554 220.69 221.951 220.7 219.13 219.484 219.419 219.055 221.49 224.633 227.011 226.892 225.64 221.829 220.961 221.744 221.59 218.121 219.098 220.66 221.043 218.635 219.842 222.239 221.817 222.488 222.143 224.588 222.862 224.173 223.561 220.847 216.723 215.188 214.999 214.735 210.598 206.49 203.809 200.911 197.389 194.883 195.344 195.441 191.334 190.032 187.823 183.153 180.005 177.678 177.38 174.499 174.286 170.984 166.159 163.978 161.708 160.071 158.922 156.776 152.864 149.934 148.078 148.741 148.752 147.438 145.741 143.567 142.279 140.391 139.038 137.894 136.127 132.401 130.014 126.461 121.239 117.362 113.582 110.238 106.759 104.434 102.362 98.5163 95.2624 92.8435 91.5479 90.2247 87.3378 83.2436 79.4486 77.5946 75.1596 70.9176 68.0281 64.6147 62.2066 61.7532 59.4438 56.2634 54.6287 52.2862 49.8548 46.4764 43.6623 42.9846 42.6051 42.1409 39.8134 37.4926 35.3283 31.5819 30.2644 28.1995 26.6226 25.2206 23.6082 22.293 21.5908 21.6375 22.9067 23.6653 22.5951 21.1753 17.3734 15.0913 14.5624 13.1833 12.5875 12.4892 12.0251 11.7153 10.1658 8.34994 7.65358 8.20433 6.76893 5.29152 2.35354 1.04653 -1.41299 -1.85383 -2.55448 -2.53158 -3.21033 -3.58051 -3.63416 -2.73451 0.567359 2.61524 4.59835 5.90251 7.8675 10.5295 11.9488 13.0094 13.2612 15.0269 15.8341 15.5188 16.3544 13.5683 14.4024 15.3671 15.8229 14.8891 13.5696 12.2107 11.3636 11.2904 10.1779 7.13242 3.60251 0.0884693 -1.68092 -0.703734 0.27846 1.63645 2.61596 3.28953 3.78868 0.580962 -8.46398 -27.558 
200 207.497 210.526 213.129 217.71 220.717 222.525 221.788 222.109 222.132 221.839 223.153 223.639 222.5 219.852 218.64 218.32 217.241 214.89 213.845 214.294 216.068 218.89 219.458 220.234 218.718 216.509 212.565 212.963 212.895 213.675 216.677 217.887 219.059 218.957 218.154 219.032 217.642 219.014 220.513 221.668 221.092 222.111 222.285 221.564 222.103 225.487 227.596 226.454 227.031 226.741 225.943 225.022 222.953 221.441 221.654 222.627 221.503 219.413 218.858 218.441 215.683 212.114 208.759 204.154 200.488 196.947 196.621 193.785 190.644 187.546 186.668 184.735 181.541 178.935 175.767 173.088 171.347 169.494 166.874 163.107 158.859 156.841 155.565 154.045 151.844 150.409 147.416 144.613 141.938 139.453 136.971 134.78 131.816 127.688 126.139 123.602 122.416 120.686 118.774 117.94 114.352 111.295 108.076 106.915 104.14 100.7 99.0926 97.5002 96.5518 95.5387 93.8289 91.4563 87.9109 86.4131 84.9228 83.3895 80.6472 78.9787 78.7736 78.0985 76.6557 73.2482 68.2682 65.3341 62.9042 57.6804 53.8658 51.7626 49.5858 46.9693 43.3475 41.0987 39.9448 40.8809 42.1225 41.9294 40.642 39.5015 40.2773 39.6807 39.3518 37.7243 34.222 32.304 29.7244 26.6844 22.6659 21.8521 21.3667 21.1832 20.8038 19.6262 17.6341 15.8759 15.8114 15.3737 12.5631 10.5552 9.19062 9.4475 11.8345 13.2182 15.2916 16.705 17.6333 19.4484 22.7379 22.9222 20.484 19.1787 18.2352 18.0854 18.0764 19.186 20.5273 19.6648 19.6352 19.4922 19.8746 18.0764 16.7119 18.3253 16.6136 14.2817 12.8091 12.001 9.16108 5.37015 0.155093 -2.94677 -6.99618 -8.82378 -10.6048 -12.6335 -17.3122 -20.3677 -24.9497 -35.9941 -57.4716 
200 207.146 212.163 215.29 216.222 217.405 218.136 218.308 219.603 219.865 222.306 224.527 225.395 225.753 226.312 226.219 226.122 225.73 224.637 225.293 226.744 227.816 228.821 229.69 230.491 232.569 232.552 233.277 233.669 234.598 230.149 227.736 225.406 222.315 222.471 221.116 221.977 223.749 223.034 220.443 219.244 221.069 218.898 216.576 216.196 217.207 215.416 215.967 215.953 215.505 214.691 214.056 215.126 211.628 208.349 202.067 197.541 198.75 197.299 195.321 193.465 191.966 192.823 190.761 187.822 182.554 180.163 177.388 176.256 173.563 169.812 166.397 161.19 157.718 155.9 154.487 151.654 147.383 145.732 143.624 139.743 139.481 138.264 138.318 139.157 137.592 134.628 130.438 127.568 124.724 121.699 119.704 117.469 113.291 109.755 106.413 101.781 98.7227 96.3369 95.1589 94.2654 92.5733 92.4132 91.3349 89.5187 87.442 84.2985 82.6133 81.2865 77.906 76.401 75.6866 76.9551 76.326 73.8996 69.5459 64.1471 59.403 55.4261 52.7936 51.7299 48.8516 46.626 45.9522 43.5931 42.2614 38.8126 37.511 36.4256 33.8403 32.0016 31.1816 30.4754 28.4741 27.8668 26.5581 24.7993 20.7921 18.093 19.1584 18.7467 17.33 14.9132 12.3344 10.7566 10.5824 8.27285 5.30081 4.30584 3.0181 1.83951 0.582526 -0.660799 -1.16815 -3.4012 -5.40034 -6.53204 -7.20179 -7.31891 -7.98752 -8.86571 -10.9537 -12.5079 -13.3361 -13.5152 -13.9533 -12.0475 -11.3765 -8.40281 -6.99828 -4.95703 -2.62219 -1.84454 -3.22861 -4.02375 -3.27873 -2.30209 -0.924808 0.497652 1.51283 2.07222 3.44907 4.37485 5.66864 7.05027 7.75826 6.58981 5.015 2.18874 0.0419833 -0.797684 -1.41526 -0.480368 -0.614576 -0.984343 -1.39454 -3.26405 -9.20706 -21.459 -43.352 
200 208.456 213.461 214.525 216.259 217.081 219.049 219.141 220.275 221.551 223.004 222.533 221.471 223.356 225.58 226.609 224.757 224.24 223.979 222.771 223.393 224.788 225.718 225.045 222.749 224.415 224.653 226.156 227.779 226.565 226.42 227.014 228.025 228.999 227.861 229.799 233.115 235.65 237.553 236.506 236.702 236.637 235.896 235.001 233.879 231.554 232.648 231.599 230.503 230.684 227.609 227.669 225.669 225.488 224.417 219.895 213.21 212.211 212.648 211.05 208.563 204.909 201.649 200.845 201.477 203.517 203.21 200.17 197.281 193.386 190.521 187.213 183.697 180.534 177.074 174.093 171.552 166.211 163.089 158.743 155.421 148.803 143.569 141.873 138.797 134.603 132.519 130.976 130.968 129.44 127.458 122.537 119.121 116.349 111.491 106.878 102.243 95.9645 90.5002 87.4112 86.1579 84.318 80.4653 78.4839 76.8613 74.0595 71.5004 68.9199 67.8616 64.7692 62.169 58.0521 52.8262 48.6345 46.5328 45.6447 42.704 40.5269 39.1159 37.1472 34.1534 31.0103 28.5675 26.5938 24.6138 22.4083 20.5249 18.2107 17.0853 14.983 12.4587 11.3432 8.94593 7.35166 6.035 7.2368 9.45577 9.76502 8.43284 6.97625 6.05786 3.49277 1.13548 0.485566 0.452585 0.315295 -1.18269 -2.76939 -4.24379 -4.24635 -4.61879 -5.40221 -6.61136 -6.72299 -6.79872 -5.41257 -4.26132 -4.00006 -4.5907 -3.8305 -2.59773 -0.789154 0.014405 0.262577 0.123429 -0.241552 -0.408198 -1.36296 -0.997104 -0.248947 -0.526665 -1.57604 -0.889415 -0.499834 -0.396636 -1.23986 -0.206739 0.163925 0.0459712 0.323506 2.09444 2.69132 1.84919 1.37913 -0.510848 -0.364983 1.61229 2.52339 1.50881 -0.119614 2.27266 2.15378 0.63183 0.294051 -0.0841181 0.222659 -2.24399 -7.75289 -17.5587 -36.6167 
200 207.683 212.517 215.888 217.051 218.833 219.47 220.288 219.867 219.757 218.762 217.365 217.647 218.948 221.409 222.341 221.407 223.226 223.871 223.652 222.29 222.037 223.501 222.535 222.759 222.752 225.553 228.278 227.486 226.753 224.832 225.889 227.16 226.907 228.475 229.787 232.017 234.362 236.338 235.012 232.305 230.406 229.185 227.562 231.028 232.685 233.34 232.631 231.177 229.341 228.64 229.484 229.044 224.893 222.176 219.607 220.743 220.896 220.784 220.459 219.191 217.686 216.666 214.733 212.452 210.057 208.324 207.559 204.456 199.987 197.906 195.382 192.564 192.166 192.127 190.589 188.462 186.123 182.782 178.803 175.177 169.62 164.395 160.89 158.063 154.845 152.116 149.484 147.55 145.847 145.376 143.977 141.329 137.961 137.167 134.947 129.87 126.103 126.389 126.501 123.848 121.816 119.431 116.897 113.957 114.151 114.826 114.443 112.618 109.191 105.506 102.079 97.5499 93.7199 89.9208 87.1567 86.5103 86.0831 84.0581 80.5149 77.0721 75.6784 73.1464 69.7512 67.2582 66.5665 65.2478 64.3757 60.6962 57.9823 55.6988 52.6303 49.8486 46.4073 44.3647 41.3104 38.5964 36.2501 34.6359 34.2869 33.8222 33.6927 33.9541 33.8053 33.287 29.8552 28.5551 27.8664 28.3811 26.8083 24.7078 22.5928 21.5172 19.7342 18.3546 18.0138 16.4015 15.0336 12.7208 12.2584 9.86202 7.33024 5.28232 5.65686 4.68696 2.96038 3.04665 1.92066 -0.609303 -3.07212 -3.67359 -5.18452 -7.18427 -7.87415 -7.34017 -5.76604 -5.29543 -3.75846 -1.80277 -0.208647 -0.232207 0.372177 2.80988 4.2551 5.31959 7.35968 6.53795 4.9168 2.70257 0.00066443 -0.0126242 1.28801 1.04593 -0.152237 -0.50241 -2.88815 -4.13797 -7.5186 -17.4706 -38.9851 
200 208.275 211.131 213.562 215.922 216.382 216.513 218.084 218.9 220.244 219.067 218.883 220.229 221.523 221.345 221.019 221.29 222.053 222.812 223.247 224.5 225.02 225.031 224.89 223.654 222.43 224.486 225.83 227.035 226.825 225.224 228.332 229.586 229.729 230.904 231.979 231.835 233.018 233.017 230.484 229.933 230.309 229.769 228.65 226.968 227.109 225.498 226.372 224.612 223.698 223.959 224.539 224.618 225.518 224.39 223.968 221.8 217.505 214.983 212.122 208.802 208.557 208.661 206.956 207.339 205.049 203.182 202.26 199.882 197.026 195.235 192.631 189.21 186.507 181.858 178.219 176.783 176.123 172.259 170.113 168.8 166.935 164.468 161.436 156.611 152.435 148.693 146.707 143.592 140.435 140.268 140.099 137.87 137.06 137.47 136.821 134.027 132.38 131.268 128.337 126.84 124.511 120.31 116.61 113.971 111.122 107.238 103.361 101.421 99.4579 98.5199 96.8679 93.7941 93.6771 93.3854 93.8266 92.1119 91.5231 90.1821 88.5343 86.4528 82.7761 78.8005 75.6861 72.6858 70.3574 68.6763 66.1194 64.5141 62.4006 59.7687 56.9738 52.4156 51.2999 47.9514 45.8177 42.1581 39.1726 37.4632 36.0355 34.2827 33.0076 33.0238 33.1003 32.759 31.8964 32.5511 32.1403 29.122 27.1841 26.1513 26.4142 26.5664 25.5194 23.9568 23.1511 22.2951 21.4649 19.9228 18.5669 16.2735 13.9474 11.933 11.6134 11.2173 11.6948 11.7427 11.2575 8.99206 7.32045 6.50654 5.897 5.7602 3.80201 2.61868 3.41028 3.62499 3.18414 4.0574 5.06518 4.69068 5.68707 5.69438 7.07436 6.81116 8.43378 7.6133 4.91768 2.1721 0.0886559 -1.68446 -2.90684 -3.31475 -3.00947 -1.31036 -1.57939 -2.86762 -7.49116 -17.9327 -38.7145 
200 206.502 210.376 214.921 216.638 217.751 219.323 220.532 220.992 220.246 220.73 219.944 219.588 222.718 224.413 225.085 225.27 223.58 221.258 217.871 218.11 218.946 219.403 219.561 219.591 219.897 221.062 221.937 221.982 220.229 219.983 221.242 220.56 220.616 221.091 217.927 220.968 222.979 223.733 224.92 224.841 225.087 224.329 226.044 225.281 224.515 225.229 224.845 223.406 224.063 223.879 224.238 221.512 217.416 214.264 213.894 214.391 216.187 214.332 214.232 212.53 211.61 210.5 209.609 206.251 206.174 206.088 207.059 205.8 204.076 200.278 198.251 196.88 193.249 192.585 190.608 187.055 187.026 186.896 184.629 183.198 180.592 178.732 176.913 174.992 173.094 171.799 171.411 169.198 166.266 162.431 158.286 154.71 151.08 147.786 147.458 145.218 143.125 141.956 139.051 137.453 135.453 132.659 129.778 126.658 124.381 121.416 118.399 116.911 116.711 115.424 113.323 111.388 109.223 106.721 105.129 104.905 105.79 104.933 102.784 102.091 102.067 100.334 101.051 100.965 98.5138 97.1901 96.1603 93.7786 91.9363 88.5085 85.4401 82.8574 81.6526 79.5087 76.3221 74.6304 72.5564 71.0174 69.5127 65.5084 63.0001 59.1665 55.9218 53.5934 53.5792 53.4676 53.2089 53.6004 51.9084 50.2201 49.5286 48.9577 48.7514 47.3468 46.9115 45.6342 42.8238 41.042 38.2989 36.6717 34.2519 33.6223 32.5089 31.7547 31.2304 30.1848 29.7701 28.9419 28.1468 28.9262 29.7226 30.0549 29.6315 30.538 31.2729 30.3821 29.2005 28.5928 29.5966 30.0449 30.2042 29.1025 26.1273 23.2658 20.6082 17.2531 11.3854 5.17395 0.0996966 -1.89424 -2.96777 -2.45073 -3.8072 -6.01255 -8.42537 -11.272 -17.861 -29.5318 -51.8921 
200 211.218 216.869 218.407 219.218 219.833 221.595 220.96 219.341 219.521 217.516 216.965 217.413 217.982 218.85 219.4 221.438 224.14 226.055 225.375 225.738 223.431 224.183 226.158 228.591 229.262 229.291 229.388 228.622 227.681 227.768 228.546 231.67 234.795 235.05 235.171 235.617 231.917 232.509 235.161 236.701 234.463 232.26 231.703 231.404 231.978 231.527 232.157 232.559 230.839 229.597 228.638 226.818 227.218 229.378 230.038 229.215 229.798 226.991 222.897 220.275 218.443 215.31 212.663 209.97 209.033 207.026 207.767 205.358 202.774 199.935 197.775 194.461 190.416 187.956 186.891 185 181.639 177.736 175.153 172.858 171.316 170.721 169.362 166.233 161.076 160.327 159.712 155.535 153.039 149.928 149.182 146.474 141.95 138.095 135.764 134.251 131.6 129.243 127.448 125.298 123.235 120.047 115.693 110.821 107.844 106.942 105.036 104.83 101.704 98.0772 96.096 95.1798 94.2359 91.8843 89.7516 88.8526 84.4884 80.4004 79.3597 78.0397 75.7393 72.7355 71.0223 69.5114 67.401 65.9961 62.5571 58.8834 56.0844 55.234 53.8034 52.0748 51.0716 49.8911 49.0555 47.9404 48.4161 47.6542 47.8134 46.3357 43.0486 41.0081 37.4305 34.2208 30.3658 26.7549 25.2206 24.5518 24.6803 22.562 22.4294 21.4369 20.912 19.4695 17.6906 16.8391 15.7141 14.761 15.2959 15.8731 15.1271 13.9195 12.8777 13.502 15.5297 18.0602 19.205 17.3658 16.9664 15.5212 14.1257 11.7868 9.98287 9.37508 10.1325 10.8834 10.6877 9.74806 9.1218 8.65106 8.06564 6.77633 7.0452 7.48164 8.59304 8.25658 6.98113 2.96373 -0.0827062 1.57142 2.61847 4.51981 4.85315 6.83263 8.20437 10.7618 9.8779 2.52222 -13.1327 
200 208.13 211.888 213.746 215.096 217.537 218.057 214.419 212.75 214.01 216.781 219.382 220.49 218.206 218.069 220.872 222.042 223.698 222.967 221.947 221.697 223.572 224.321 226.766 224.703 221.544 220.585 221.911 219.082 220.3 222.814 222.42 222.23 221.324 222.587 221.904 220.597 219.728 219.448 217.761 216.642 216.063 216.204 217.153 217.068 217.291 219.804 218.678 217.677 216.928 214.746 211.843 208.519 206.288 206.683 203.699 204.977 203.061 202.026 201.349 199.578 198.154 194.11 188.172 183.704 180.925 179.973 177.492 176.327 173.481 170.863 169.129 166.734 163.435 161.431 157.851 154.792 151.688 147.129 143.605 138.957 135.786 130.318 126.303 123.468 121.568 121.059 119.282 117.488 115.737 112.48 111.108 109.989 108.82 106.847 106.252 105.655 106.892 107.141 105.198 102.664 98.6913 96.8587 97.8132 96.0879 94.7722 94.7205 92.4582 89.9323 87.0047 84.3628 83.8825 80.9046 77.5216 73.7175 71.1159 69.6009 67.1274 65.0823 63.2615 60.3562 56.8236 55.0405 54.5549 52.615 49.9873 48.2335 47.2694 44.5002 41.7914 39.5976 39.4227 39.8074 39.4073 36.0079 34.0316 30.6761 27.5188 24.9076 22.9693 22.3989 21.2726 20.1523 19.0755 17.1874 15.6458 12.7907 9.61372 7.51203 5.81648 5.41317 4.80749 5.14879 3.59581 1.57712 0.377436 -2.03463 -4.38448 -4.2779 -4.3493 -4.41168 -4.4675 -4.4362 -4.26747 -4.69405 -5.9513 -6.18635 -6.50092 -7.10704 -8.06208 -7.99251 -9.20949 -9.45128 -9.91693 -6.43352 -4.9506 -4.12851 -2.73056 -0.133197 -0.672131 -0.876096 0.328241 1.82207 3.35565 2.45797 3.19831 5.20994 3.94079 2.00025 0.0706008 -1.34142 -2.33331 -2.75263 -0.945261 -0.639162 -0.907239 -1.38278 -5.49144 -14.6986 -34.2029 
200 208.749 212.82 215.427 218.185 219.492 219.146 219.856 219.661 221.788 221.937 222.924 223.588 224.33 225.507 224.426 222.783 223.81 223.89 223.699 224.064 223.449 220.939 223.143 225.834 227.086 225.864 223.601 223.026 223.749 224.168 223.251 222.319 220.007 220.362 220.802 220.538 222.036 226.129 228.147 226.195 226.862 227.922 228.209 227.924 228.998 230.24 228.409 227.445 227.14 225.697 225.897 220.616 217.868 215.942 212.86 209.491 210.256 207.14 204.904 201.653 198.74 197.635 199.7 198.857 197.288 196.992 196.713 193.707 191.314 189.159 189.848 186.607 185.339 186.224 184.422 180.976 179.461 174.377 170.329 166.194 163.626 160.446 156.362 150.782 147.13 144.427 142.285 139.269 134.591 129.975 127.529 125.167 122.621 120.866 118.448 112.856 108.087 103.892 102.495 101.786 100.286 96.9174 94.8266 90.8125 88.1851 87.2632 85.0657 81.5679 76.0211 72.9176 71.8615 70.4319 68.7036 67.1317 64.342 63.2024 63.6398 61.7339 60.5476 59.4559 58.2468 57.7208 55.6935 54.4411 54.2771 55.5487 56.6767 56.814 55.6587 56.782 55.8144 52.7571 50.1195 48.8815 47.6533 47.6319 43.9228 41.5479 41.9472 40.5317 38.3997 36.7172 35.7863 34.2727 33.577 31.5337 30.3178 27.7891 25.1352 22.7897 22.5697 22.1954 22.8104 23.7932 23.3291 23.1987 22.5232 22.7315 22.4014 20.9741 20.996 21.7281 22.4284 22.6094 20.3084 18.0292 18.574 18.5433 17.8478 18.4292 20.5286 22.5987 22.8266 22.7043 21.8378 22.9555 25.0404 26.6119 27.6192 27.3066 25.0852 21.4737 17.327 14.9326 10.4534 8.20014 5.34489 3.3918 0.0648666 -1.23247 -1.19306 -0.555822 -2.04563 -5.01291 -8.10442 -13.6715 -18.6087 -28.803 -46.4611 
200 207.287 213.2 217.18 219.38 222.137 224.846 226.739 227.371 228.355 228.952 228.568 229.281 229.216 228.707 227.874 226.899 225.681 225.142 225.325 224.619 222.542 221.179 224.549 224.29 222.164 220.823 219.996 221.157 222.761 223.435 223.232 223.506 222.576 223.073 225.093 224.329 223.213 223.785 220.291 217.386 218.32 219.473 218.722 218.298 216.984 218.017 217.189 215.085 216.743 219.237 218.113 220.803 220.845 220.913 220.718 216.634 216.001 215.984 212.861 210.001 206.199 204.592 199.982 196.121 193.244 188.268 186.299 184.253 181.642 179.502 178.309 176.953 175.24 172.764 170.156 168.569 167.081 164.627 163.02 160.94 158.276 157.027 158.595 156.38 154.043 152.623 151.744 151.186 148.819 146.656 143.766 139.603 136.307 134.685 131.723 130.23 127.82 124.887 119.071 116.653 114.953 113.703 113.26 110.677 107.254 103.112 98.3476 95.8912 93.5089 92.222 91.9606 93.4036 94.5187 92.6318 89.7927 87.8463 87.5221 86.525 87.1625 85.5445 81.1014 77.4862 74.2925 69.7401 66.5376 62.6508 60.5451 58.2297 56.9844 55.9955 54.4854 52.0802 51.9327 51.3259 48.4886 45.2687 42.8217 40.0977 38.7142 35.9381 34.3961 34.7404 34.7827 33.6427 31.7686 30.8594 28.9398 27.563 25.6475 23.172 20.9862 18.1826 15.797 15.0461 15.2727 13.5081 12.6472 12.1654 11.7139 10.2901 10.898 13.3743 13.8856 14.7653 16.6944 16.8912 14.7497 13.2136 11.0555 8.67664 8.69044 9.97347 10.0431 9.57479 11.0554 12.5516 13.0315 12.9347 13.0582 12.5133 11.2998 10.7922 9.41856 9.98071 8.91968 6.40817 3.19948 1.89734 -0.0554561 1.05367 2.67198 4.90774 6.44491 8.23503 9.59826 9.93788 5.41125 -4.5191 -23.3864 
200 208.399 212.604 212.728 213.564 215.239 218.049 217.75 217.917 218.269 218.787 218.268 217.83 216.425 215.455 213.628 214.748 214.053 214.757 215.866 217.542 219.32 219.935 220.413 219.819 222.06 222.764 221.38 219.409 218.67 217.472 219.119 220.37 220.929 222.118 224.548 222.566 220.596 219.313 219.587 220.46 221.365 221.516 221.321 222.64 222.935 220.901 221.014 218.361 217.969 219.468 217.907 214.862 214.014 212.878 212.676 211.115 210.186 208.311 206.538 208.184 208.291 210.28 211.538 211.794 209.607 207.302 202.873 198.311 194.416 191.064 188.793 187.382 186.727 186.331 185.068 182.56 180.499 176.108 173.078 172.191 169.775 167.641 164.429 160.225 158.158 156.031 155.72 153.831 152.481 150.454 147.73 144.297 141.76 139.049 136.325 134.594 132.483 129.289 125.866 121.858 118.524 115.967 113.981 110.946 108.714 106.733 103.176 100.566 99.1803 96.8415 93.9816 89.6481 87.6598 86.9522 85.041 84.4579 82.0549 77.0538 73.304 71.9084 70.8771 71.3192 69.6473 67.5513 67.2103 65.5031 63.751 63.1494 61.2045 59.6907 56.9507 55.2173 53.7501 53.2711 53.2793 53.3679 52.2969 49.0913 45.0469 42.3825 40.2772 38.0616 36.9751 35.9742 36.1925 34.102 30.9714 29.8594 29.8345 28.0616 26.6516 25.1536 21.1025 18.2011 16.3275 12.5612 11.252 11.7341 11.1223 12.2978 12.2591 13.2954 14.7008 14.6874 15.7474 17.1151 18.6669 18.9706 19.849 19.2542 17.1885 15.4459 13.3692 13.2453 12.7258 13.9047 16.0187 16.5261 17.0344 16.7407 17.7438 17.8475 19.2371 17.3493 16.9408 14.9762 10.7755 5.49929 0.117288 -2.22848 -3.35018 -3.93966 -5.21774 -6.08388 -6.63434 -9.72562 -13.7439 -22.8431 -41.0868 
200 206.818 209.784 211.356 213.594 214.166 214.741 214.455 214.535 216.281 215.379 215.355 215.985 216.291 216.437 217.095 215.846 214.98 215.421 214.02 216.445 217.66 219.559 219.52 219.624 219.389 216.917 216.679 216.399 214.823 214.685 213.591 211.702 212.468 213.251 214.243 212.474 211.87 211.372 211.439 209.734 211.306 210.108 212.894 214.76 215.373 212.887 211.986 211.026 210.638 209.622 209.362 204.001 202.434 202.108 198.785 196.796 195.636 196.516 195.593 194.933 194.637 194.154 196.548 193.567 192.808 189.704 187.852 185.958 183.368 184.57 184.455 186.025 184.01 182.503 181.652 180.099 179.528 180.041 179.534 176.633 175.228 172.495 167.804 164.547 160.834 157.299 154.039 151.215 148.578 142.73 138.725 136.541 134.561 130.252 125.686 122.104 119.997 118.174 117.018 114.944 111.467 108.649 107.612 106.031 106.166 105.359 104.317 103.844 104.666 103.188 101.282 99.0786 95.6614 90.1439 86.6475 85.9452 83.933 80.807 78.1918 75.021 71.536 69.2624 67.3146 65.1766 63.3547 63.0588 62.1203 60.6066 58.2271 55.6639 53.1793 50.7469 49.9878 48.7715 47.3291 47.6554 47.5819 46.3249 44.3624 42.4825 39.3751 35.5844 34.4048 32.781 30.1782 29.4912 27.5881 25.6206 23.0805 22.0056 21.4102 21.2805 21.0191 20.0749 19.1754 15.2553 13.4687 11.9039 9.7894 7.88035 7.9245 8.03594 7.62668 7.7105 6.16978 5.37434 3.75569 4.67828 4.44265 4.56292 2.54709 0.387369 0.369586 -1.28959 -2.90801 -2.85386 -1.58562 -0.638432 -0.457396 -0.476963 -1.04812 -1.09842 -2.03196 -1.89245 -0.646795 1.10007 1.37762 0.112986 -0.10982 2.08657 3.3382 4.34043 6.34658 10.407 13.9453 17.0776 16.494 9.29968 -8.43321 
200 208.806 213.518 217.284 219.11 219.578 219.766 220.742 222.393 223.663 222.976 222.515 223.23 223.27 224.479 224.437 224.271 223.332 223.306 223.95 224.312 224.709 224.661 225.547 225.974 225.458 225.162 224.694 225.057 225.392 225.772 224.262 224.702 225.129 225.911 225.664 227.798 228.088 228.206 228.108 225.289 226.888 227.014 227.125 227.086 228.055 227.65 227.513 228.736 229.959 230.647 227.7 225.068 224.119 224.353 223.24 220.878 219.696 221.519 220.414 218.608 216.714 214.629 213.55 212.506 211.783 209.734 207.136 204.184 202.874 198.24 196.388 194.824 190.993 186.247 180.814 177.606 176.458 171.988 168.637 164.951 160.333 156.716 153.432 149.279 143.774 141.611 140.156 138.109 135.524 132.76 130.456 128.301 126.509 122.914 119.485 116.787 114.61 112.222 110.339 107.742 104.786 103.159 102.42 99.0904 95.7003 93.5283 90.085 87.0839 84.0815 81.0794 78.0439 74.1686 70.5699 68.1867 66.1486 64.3667 62.6562 60.9146 59.9252 57.7912 55.5984 53.6158 52.514 50.6401 49.3675 45.8141 43.8079 44.4332 45.8766 43.5398 41.9508 38.4209 35.01 31.2039 29.6541 29.2417 28.0089 27.7696 27.2193 24.8388 24.3942 23.1125 19.1385 15.9999 14.9235 13.6581 12.5989 12.3603 10.3166 9.29807 7.56108 5.87462 4.83363 2.48081 2.08688 3.36297 3.24991 3.71951 4.00079 4.06174 1.64835 0.691794 -0.317195 0.756657 2.71207 4.05757 5.53151 6.91399 6.67204 5.58258 4.75668 3.5987 2.47594 3.92107 3.29188 4.26708 5.15534 4.38149 5.57069 6.68464 7.94294 9.24518 10.0787 10.2518 10.1231 9.31417 5.188 2.97676 -0.113942 2.1649 2.05446 2.55911 4.95223 6.74502 7.34591 5.90565 1.23148 -7.94592 -26.6619 
200 209.034 214.728 218.208 220.35 220.854 222.504 224.298 223.642 222.804 223.6 224.514 223.507 226.161 228.74 228.79 227.489 226.378 225.022 224.788 223.483 223.766 226.196 226.742 227.359 226.621 224.137 224.792 226.387 227.402 226.827 225.41 225.608 224.74 225.473 226.358 225.573 225.765 226.98 225.304 223.927 224.218 221.99 219.351 216.325 211.542 210.729 209.421 207.375 205.934 204.687 202.984 203.256 202.056 201.319 200.623 200.673 200.423 198.14 200.111 200.164 200.177 198.073 195.42 191.037 189.727 188.135 185.282 184.692 185.032 182.167 178.216 174.222 171.458 168.499 164.655 162.053 158.073 155.946 154.171 151.948 150.967 150.079 149.123 149.358 150.864 147.973 147.482 148.114 146.68 145.147 145.544 145.704 144.452 143.842 140.784 137.391 134.493 131.086 128.709 124.621 121.136 120.029 119.24 117.106 115.85 112.96 109.621 107.171 104.495 102.655 101.976 99.3502 95.7959 94.3159 92.143 90.3975 88.6915 88.7222 87.2541 82.638 78.7019 75.1254 73.9893 72.6376 68.3126 64.2114 61.953 61.1647 59.6941 60.2735 57.8033 54.2602 52.3271 51.0006 48.1462 45.5466 43.4997 41.411 40.3877 38.0908 36.7273 35.1778 31.1635 28.6606 27.1647 25.1378 23.3248 21.7283 20.792 20.2447 18.7962 17.669 15.0687 14.7898 14.0571 14.2082 13.0135 11.5888 10.7878 10.9732 9.23347 8.37053 3.85473 -0.751882 -3.98983 -4.37595 -5.32655 -4.95385 -4.27877 -2.51533 -1.31324 -0.932504 -1.99723 -2.50966 -2.55401 -3.90498 -3.09484 -2.35419 -3.23066 -4.06011 -4.06381 -2.23645 0.753216 2.2225 2.37487 1.09658 -0.0750867 -0.434485 -0.112675 2.14083 2.53459 3.80743 5.19146 5.87553 5.14335 5.80631 3.05323 -4.38656 -21.5839 
200 208.788 213.56 216.612 218.837 220.257 222.171 221.735 221.069 221.693 220.6 219.719 221.198 221.067 219.646 221.76 222.157 221.306 217.317 214.358 213.481 214.125 213.786 213.72 212.908 213.731 214.078 217.218 215.55 211.814 211.143 210.683 211.924 212.595 213.129 212.842 212.34 212.531 209.671 209.537 212.665 214.547 215.297 215.719 218.53 217.356 217.805 216.733 216.771 219.54 219.482 217.457 215.356 212.347 211.165 208 205.653 206.723 204.508 201.066 199.605 198.651 196.152 192.974 192.782 191.387 189.448 187.923 183.503 182.263 179.175 177.976 176.228 173.612 170.948 170.59 169.744 168.921 165.693 162.587 161.55 160.238 156.771 153.165 150.704 146.31 144.205 140.799 138.306 136.946 136.728 134.761 132.325 130.399 128.901 127.928 126.943 124.331 120.241 118.141 115.599 112.817 110.46 106.716 103.154 100.31 98.153 95.1441 93.8092 92.5965 89.8035 87.3085 85.3319 81.8807 80.2906 79.6769 77.7159 75.4445 73.3185 71.0689 69.9058 68.411 64.0233 60.2482 56.7829 53.4727 53.5451 54.5165 54.1372 55.2812 55.9351 54.5965 50.7164 48.5434 46.6814 43.7788 42.4449 43.3135 42.1393 41.2689 39.9295 37.4342 35.4302 34.565 34.3459 33.2873 32.4775 31.3623 30.4605 29.5941 28.6971 26.9246 25.7908 24.5992 23.5346 21.5065 19.0487 17.3185 16.8452 16.4488 16.6793 17.8927 18.3761 17.6229 15.6281 13.5946 12.3831 10.2285 7.85405 6.74078 7.41664 9.07542 9.76843 10.6866 10.2122 11.3957 11.7052 10.8296 9.76325 10.3683 10.3032 10.2635 10.2285 10.8311 10.8637 7.00514 4.8685 4.91579 3.06263 0.0015769 -0.0299611 1.44207 1.7815 2.03908 3.39943 4.69593 4.06189 0.949036 -8.66505 -28.2734 
200 207.055 211.914 213.2 213.032 214.477 217.63 218.95 220.034 221.411 223.977 226.568 228.545 227.859 228.085 227.671 227.703 226.985 225.244 225.386 225.728 226.339 225.444 223.397 220.814 220.45 218.269 217.21 216.589 216.679 217.426 215.137 214.885 214.777 213.536 212.775 213.845 214.559 213.266 213.343 211.429 210.703 209.738 207.663 204.212 203.387 204.491 201.001 200.994 200.849 199.74 198.216 197.548 195.804 195.427 198.104 197.666 198.593 197.88 196.161 193.333 194.206 192.4 193.077 189.739 186.806 184.412 182.742 179.454 177.13 175.098 172.563 169.933 165.845 164.564 164.235 160.998 159.832 159.305 158.631 157.316 156.598 156.226 156.192 154.805 151.154 148.894 144.792 142.22 139.071 137.302 136.629 133.956 130.209 128.481 129.317 131.239 132.327 128.471 125.68 121.972 119.786 116.071 112.596 112.857 111.547 109.551 107.151 105.335 103.269 102.291 101.468 102.352 100.946 99.2904 96.4714 92.7526 89.4415 87.4215 86.0963 85.7376 83.2192 80.742 79.7766 79.2808 78.535 77.6279 77.655 78.0228 77.5098 75.2557 74.5854 75.8142 76.3443 75.6238 74.5241 73.8612 73.7973 72.6323 71.1189 70.8043 68.9567 67.7517 66.6074 65.149 63.044 63.3585 62.3881 60.5645 59.0409 55.0546 52.3824 50.1365 46.7126 44.5748 43.0045 40.7949 38.3441 37.4315 37.8483 36.8642 36.5437 34.9883 34.717 33.4104 31.4929 28.2202 25.27 21.4233 20.5047 18.8974 17.2064 15.6667 16.4999 18.5825 21.1744 21.385 23.4971 22.8313 21.5557 22.0645 21.0894 19.4192 19.0605 17.7998 15.8359 11.6999 7.48345 2.44278 -0.00821936 0.156168 -1.21425 -2.8853 -3.63762 -4.82947 -6.65685 -10.1162 -16.278 -27.4413 -47.8813 
200 207.902 212.786 216.935 220.213 222.406 223.639 224.178 224.43 226.34 228.162 228.028 228.422 229.104 229.142 228.821 227.172 223.796 221.946 219.349 218.098 216.961 215.742 215.787 214.649 214.776 213.284 214.405 214.312 215.298 216.397 219.008 219.245 219.303 218.064 220.52 222.095 222.109 221.505 221.838 221.747 219.51 220.453 221.621 220.612 221.496 221.869 222.923 224.334 224.082 221.975 218.724 217.085 217.588 217.243 215.595 215.334 212.193 211.558 210.668 208.313 207.807 208.043 207.401 209.291 208.231 204.221 202.096 199.895 198.051 195.693 192.655 190.913 187.21 183.976 180.777 177.734 175.4 173.344 171.853 170.205 167.877 167.071 166.24 162.977 160.074 158.182 157.652 155.911 153.012 149.627 145.788 143.214 140.69 139.035 137.158 134.463 132.351 132.171 134.235 131.997 129.985 126.619 122.656 119.457 117.544 114.534 110.908 108.868 105.918 103.972 100.257 96.5352 92.4382 91.2221 89.5717 85.3144 83.8542 81.4742 78.1271 74.1744 71.0992 67.3082 66.0199 65.6939 64.8409 62.6533 60.632 58.1242 56.067 54.5607 51.085 50.5279 49.5739 48.4778 47.6829 44.9342 42.8468 40.3035 38.933 39.7587 37.9712 37.429 36.8502 35.2429 34.3702 34.6827 34.5597 33.9827 33.4122 33.2384 33.8275 33.895 33.2959 31.3448 29.824 27.0531 24.5081 23.4154 24.6162 25.55 25.9142 25.6439 23.8845 22.0294 20.2339 18.7902 18.2658 16.2918 15.1624 13.7904 11.4713 9.07362 8.51385 8.55458 8.78689 10.5301 11.7539 13.2886 15.382 16.3945 15.6772 14.4224 11.3366 10.7258 9.33485 9.43801 8.38358 4.34646 -0.00711859 0.135253 3.29629 6.6187 8.24821 10.87 12.6897 13.9388 12.5575 2.50528 -15.7491 
200 208.654 212.7 214.934 216.474 219.315 221.723 223.141 224.561 224.411 224.394 224.249 222.807 222.062 221.97 222.9 223.783 222.795 222.609 221.193 220.208 220.672 221.97 221.694 219.435 219.005 222.395 224.217 223.387 222.976 220.253 218.997 217.899 217.639 215.228 213.816 213.231 213.356 214.53 214.855 214.758 214.902 215.797 216.286 214.543 213.17 214.244 213.742 214.463 215.462 215.053 213.784 210.192 209.969 206.977 207.364 205.613 201.175 197.829 195.747 193.308 193.235 193.427 191.092 190.222 190.729 190.73 192.293 192.483 190.134 185.148 180.501 176.418 171.474 167.837 166.209 165.093 162.37 159.081 155.59 154.176 151.236 148 146.291 145.681 143.378 139.902 136.913 134.336 133.63 132.571 129.461 124.159 121.38 119.816 117.983 115.653 112.743 111.198 109.873 107.83 107.594 105.543 101.284 97.9492 96.779 96.2241 95.5012 95.1539 92.4782 88.5791 85.5253 84.1125 83.2005 79.2795 76.5313 73.1041 69.5642 66.4412 62.3462 61.1794 60.087 57.5958 56.0529 53.3246 50.2384 47.1707 46.2134 45.2721 42.5286 39.1952 36.6098 34.622 33.3206 31.1291 30.1159 29.0093 29.5417 30.0652 29.7561 28.5856 27.1263 25.2275 23.2743 20.9482 17.4661 15.2615 12.5574 9.88219 8.99251 7.63683 6.55499 5.21687 4.51234 3.56342 3.84654 3.24986 3.06088 3.39304 4.24981 4.62602 4.91756 5.41975 6.05822 6.30866 5.55539 5.57239 5.05595 6.03065 4.33727 3.0522 2.52694 1.98718 1.70901 1.49849 0.29046 -1.50068 -2.84033 -3.73298 -1.37668 0.00205479 1.34841 1.47596 0.286501 1.45659 2.09348 0.174692 -0.304514 -0.361163 0.0468604 -0.890348 -1.08321 -1.5533 -3.67684 -5.45663 -5.83926 -5.66063 -7.10909 -17.4289 -37.6525 
200 206.492 211.642 214.277 215.353 216.045 217.3 220.015 220.944 221.64 221.733 222.949 222.64 224.13 224.261 225.406 225.999 225.814 227.13 229.018 228.931 228.99 228.662 227.078 225.5 225.349 225.932 224.868 224.969 225.118 224.676 225.212 223.583 223.072 224.555 224.832 225.741 225.736 229.114 227.471 227.137 227.106 227.505 227.955 225.68 224.747 223.484 223.629 222.919 222.147 221.678 223.232 218.842 214.262 211.545 210.713 212.122 212.725 209.814 206.593 201.387 200.542 203.16 203.897 203.44 203.98 203.613 202.209 200.185 199.511 196.131 193.72 190.317 188.574 190.059 189.659 188.06 186.009 185.574 184.552 182.581 180.793 181.077 177.813 174.962 172.899 170.379 167.135 163.794 161.201 157.158 154.33 150.749 149.33 145.603 142.442 139.655 134.68 129.63 127.431 125.417 123.21 120.267 116.404 113.646 109.422 107.214 104.768 103.619 102.425 99.5989 97.1775 94.1896 90.2592 86.0901 83.4154 79.7864 76.0519 74.5258 71.2509 67.6206 63.7133 61.2109 60.0581 58.6 57.561 55.7595 52.8319 50.8165 48.4854 47.4524 45.8245 45.389 44.4328 44.3303 44.3403 44.4888 43.9493 42.611 41.8203 40.5073 40.6313 40.1179 39.2173 38.6034 38.2916 36.3649 34.0193 33.5283 34.4635 34.5322 32.5256 29.9778 27.8799 26.6359 24.5452 22.5667 22.1184 22.1329 22.7797 22.3531 21.641 21.2635 21.4461 22.2133 22.4926 22.0717 22.3933 21.8244 20.1808 19.7424 20.6179 21.9882 21.428 19.9885 18.6517 18.1669 16.4276 14.1286 12.057 11.7888 11.3758 11.319 11.8951 11.7931 11.6965 9.78802 6.17943 4.49424 0.116803 -2.21926 -2.60816 -4.28511 -6.83343 -8.19131 -10.4341 -16.0316 -23.2869 -35.8947 -57.9236 
200 206.042 208.047 209.522 212.371 213.92 213.584 214.16 215.921 215.979 216.007 215.287 217.289 216.647 216.621 216.212 216.146 213.668 212.809 211.34 209.642 209.275 208.825 206.812 205.078 205.851 203.805 205.567 207.894 208.119 210.584 210.716 207.72 206.63 206.471 206.607 205.595 207.145 208.157 207.64 206.454 207.831 207.906 208.711 209.796 210.265 207.572 205.991 203.722 202.967 201.541 199.711 199.79 200.91 200.521 200.054 200.665 200.658 198.374 197.801 196.849 196.982 194.814 195.837 193.72 189.684 186.462 182.416 180.809 178.313 175.121 170.767 167.049 164.574 161.949 158.242 159.32 155.975 154.209 151.782 149.142 144.381 141.659 138.045 134.83 131.191 127.288 121.869 116.718 114.051 114.489 115.689 114.558 115.367 112.031 107.729 105.201 103.498 101.43 98.1777 95.7336 94.7323 93.7818 91.6882 89.494 87.1185 85.7066 83.4283 80.6203 78.4066 74.9659 72.9652 70.8121 69.1573 64.5773 59.4705 55.4849 54.1551 53.4078 52.5381 51.8118 51.6847 50.5296 48.5632 47.5788 46.4893 43.3055 41.0987 39.3807 37.0725 34.5811 32.9449 31.8813 32.627 33.6157 32.6947 29.4463 26.2794 24.677 25.1999 25.481 25.2928 24.9616 23.4574 22.8263 21.582 21.01 21.2214 22.3465 21.7801 21.2013 20.319 20.0242 19.4641 18.0688 17.4096 15.5816 14.6086 13.8916 12.835 11.578 9.62914 8.25084 6.45929 5.68022 5.52182 5.45375 5.33238 5.52102 4.38293 3.99093 5.41156 6.32642 6.78752 7.87238 9.59109 8.81563 7.56364 7.85402 5.77383 4.49486 2.64815 1.94923 1.43723 1.56766 1.42368 1.02055 1.56962 1.32886 0.0853407 -1.62147 -1.74337 -1.1507 -2.18541 -1.97797 -3.96125 -5.44573 -11.444 -21.6559 -40.1083 
200 208.215 213.999 216.866 219.62 222.824 225.119 225.146 225.498 225.524 225.43 227.049 230.136 230.018 229.816 230.502 230.649 233.49 235.367 236.549 237.762 236.763 236.52 235.811 237.591 237.226 234.47 233.031 230.461 231.359 232.157 230.591 227.482 227.145 226.646 225.112 223.437 221.702 221.341 220.824 218.474 219.741 220.016 219.581 217.294 214.091 210.715 211.081 212.321 211.651 211.333 211.931 209.911 209.075 208.192 207.204 203.414 200.654 197.499 193.784 194.287 192.742 192.422 191.581 189.807 189.619 184.974 182.654 181.417 182.536 181.041 181.095 179.815 177.719 175.501 174.549 172.29 169.151 166.574 161.299 155.786 151.709 149.828 147.118 145.349 144.357 145.181 144.807 143.289 140.976 142.057 140.811 140.006 138.707 136.184 134.863 134.463 133.66 132.918 131.377 128.374 125.231 122.8 120.916 118.077 115.301 114.371 112.842 109.953 107.631 104.367 102.187 100.617 100.084 98.9752 98.2837 97.2435 94.023 89.4654 86.5651 82.8044 78.4865 74.2967 71.0714 68.8175 66.5862 64.5854 61.408 59.8681 57.3926 56.0954 54.9032 54.0948 53.6071 52.3738 51.5622 53.0748 53.1884 51.2756 50.1373 49.0221 48.1821 48.2831 48.604 47.9836 47.2492 45.9815 44.5226 42.3755 40.2921 38.8432 37.7147 36.6612 33.7842 31.3249 28.4891 27.092 25.487 23.1357 20.3125 19.9591 20.7083 20.4463 19.0845 17.6916 16.4678 14.6674 13.5466 13.9694 14.7426 15.9612 18.5718 20.5263 21.7168 21.7296 20.9442 19.16 16.0113 14.6799 14.697 13.6372 11.5906 9.45372 6.22585 3.87954 3.27167 0.99223 -0.481897 -2.16402 -0.179453 3.4096 6.47551 7.74054 8.03638 8.80542 9.75929 10.9474 9.51554 -0.444222 -20.5728 
200 208.928 214.582 217.749 219.701 220.721 221.083 222.219 222.399 224.182 224.679 224.359 224.174 225.032 225.72 225.74 227.498 229.411 228.147 227.291 226.059 225.447 225.455 227.71 229.777 230.164 230.549 230.692 232.176 234.177 236.696 236.496 236.397 236.935 236.061 236.272 237.192 236.198 236.183 237.522 236.389 238.253 238.959 238.276 237.818 239.009 240.466 245.278 245.704 245.743 246.926 248.298 245.65 242.298 241.853 242.324 240.692 239.187 238.723 236.869 233.97 230.865 229.024 226.234 223.575 222.335 219.758 219.048 217.306 212.075 208.678 204.432 204.236 202.365 198.569 195.531 194.602 193.723 190.986 189.984 186.096 184.398 180.684 175.659 172.263 167.644 167.026 164.878 161.718 160.135 157.949 153.568 150.973 148.715 148.366 148.222 145.385 142.666 140.022 136.731 132.24 131.521 129.497 127.276 125.172 123.884 121.019 117.351 115.448 113.213 112.901 110.498 105.912 101.433 99.2698 97.3141 95.0357 93.15 89.9237 86.3606 81.8456 78.1152 75.84 72.7704 69.5515 65.6153 63.3196 62.1202 62.0837 62.5042 61.7289 60.1168 56.3034 53.3149 50.4359 49.1201 46.9275 44.8343 44.0719 42.5551 38.8016 38.2545 37.8889 37.3537 36.2073 34.5751 33.3602 32.6967 32.309 32.0535 29.9595 30.324 29.1368 29.0874 30.495 32.0889 30.876 28.5929 26.5538 24.3736 21.9562 21.7233 23.333 23.4678 23.6353 22.4812 20.5735 19.2686 16.9001 15.9076 14.2709 13.5172 13.4457 13.9732 14.8904 17.1964 18.3042 17.8209 17.4084 16.231 14.8818 14.7449 16.313 16.909 17.4891 15.4566 11.3537 7.47431 4.08787 0.0481811 -0.915441 -0.781327 -0.219245 -0.785824 -0.667945 -2.04564 -2.81984 -5.42053 -12.8012 -29.5042 
200 207.515 212.296 215.095 217.652 220.651 221.255 219.636 219.171 219.482 217.944 218.589 218.941 219.794 219.971 220.286 221.204 221.601 222.323 223.892 222.946 222.902 220.345 218.282 219.156 219.234 221.021 218.492 218.326 219.268 220.211 221.479 220.304 220.799 221.742 224.911 224.905 225.322 224.697 225.041 223.578 225.165 224.298 222.894 222.502 221.775 221.695 222.37 219.116 216.842 215.281 215.182 214.732 214.801 217.552 218.597 216.081 209.87 204.056 202.1 200.299 198.92 197.64 195.103 194.092 189.309 187.562 185.577 184.207 182.348 178.873 176.791 176.581 173.914 171.427 169.742 167.728 163.187 158.922 158.449 158.453 157.243 153.82 149.793 147.393 143.533 141.741 139.889 139.414 138.577 135.919 133.394 130.472 126.208 124.706 124.43 123.523 121.765 118.616 114.601 113.515 110.891 109.189 107.345 105.147 104.148 102.938 101.207 98.5649 96.1642 95.0561 94.6649 93.4572 90.398 86.819 82.4955 77.8576 74.8964 74.9336 75.6176 75.7982 74.5379 72.2178 70.5581 68.1617 65.3263 63.0998 61.7142 60.2596 59.8409 58.606 58.1951 58.2702 55.6291 52.0817 50.0106 48.6461 47.2651 47.2793 46.6729 46.6397 46.043 44.2982 42.1805 42.2232 41.1581 38.9866 36.9798 36.337 36.1488 36.1783 35.8941 35.245 33.9942 34.3331 34.4112 34.0617 34.2097 33.1756 31.903 32.8425 34.1103 32.3726 29.8604 27.6403 25.978 25.1194 24.9511 23.5115 21.4241 20.6374 20.096 19.3675 18.5257 16.7258 15.9845 15.6972 16.2259 17.427 20.0166 21.5708 21.2533 19.7224 18.512 17.5879 15.5309 13.3239 9.83529 6.02251 0.122252 -2.32279 -1.99858 -1.58857 -0.383023 -0.0707571 0.299774 1.46886 0.73277 -6.32536 -23.7174 
200 206.286 210.404 213.567 217.51 219.971 221.842 224.046 224.378 222.646 221.853 220.536 220.652 219.03 218.54 217.782 218.22 218.721 218.512 216.978 216.275 215.621 213.463 213.219 213.33 214.422 214.299 212.655 213.408 215.234 217.455 220.062 220.466 219.779 220.493 223.91 226.087 226.773 229.022 230.877 230.067 229.218 225.981 226.11 225.626 225.235 224.263 222.178 219.641 218.387 215.095 214.899 215.001 214.811 215.394 214.55 213.622 212.238 208.899 210.006 208.125 205.862 205.881 207.699 205.473 204.197 203.931 202.163 198.685 196.939 195.13 192.122 188.814 186.256 183.956 182.929 184.903 185.062 183.862 180.783 178.261 176.836 175.757 173.535 170.015 165.472 161.035 159.926 160.062 157.299 154.486 153.668 152.496 147.967 144.574 142.461 140.557 138.503 135.975 132.652 129.405 124.736 122.932 122.503 123.547 121.25 119.821 118.34 116.919 115.432 113.13 110.342 108.699 106.871 104.337 101.487 98.8413 94.816 91.0665 89.6637 90.4709 91.2154 92.0707 91.8431 89.3591 86.9013 84.4141 82.8358 79.9141 77.6864 75.7643 73.0283 69.4685 66.21 61.6701 59.9945 58.0705 54.5879 50.4803 47.2659 44.1509 40.8375 39.1457 36.417 33.8493 30.8455 29.4395 26.5327 26.0597 24.8954 24.7406 24.0989 21.3566 18.6993 15.9211 13.8295 12.1278 11.1944 11.0145 9.88174 9.00158 6.83785 5.38392 5.42845 6.19115 6.44942 6.26869 6.84146 6.44245 6.77165 8.6886 8.32048 6.40356 5.62135 6.11361 5.43882 3.78505 3.90049 4.18126 6.25476 8.32072 10.2402 12.6931 14.7905 13.8822 12.3832 10.5873 8.34088 3.80333 0.0223196 -0.424072 -0.589478 -0.632083 -0.843616 -0.354215 -1.0295 -4.17614 -10.2851 -20.9926 -39.4802 
200 206.31 210.405 212.444 212.934 214.069 215.371 215.664 215.155 214.739 213.66 213.162 211.428 211.535 210.668 210.008 210.354 209.927 210.343 210.627 212.402 215.366 217.796 216.853 215.518 216.95 217.7 219.262 220.626 218.022 217.659 218.952 220.42 218.82 218.448 219.619 220.703 220.85 221.254 217.139 215.688 214.202 214.175 218.957 223.25 227.802 231.892 233.303 232.549 231.014 231.672 227.804 225.953 223.971 222.908 221.965 218.155 216.32 217.667 216.521 215.509 211.048 205.37 203.873 203.021 201.767 199.303 199.034 199.786 197.885 195.415 193.85 192.447 190.629 188.953 186.638 183.626 182.809 182.87 179.14 175.296 171.165 168.623 164.976 160.197 156.823 154.752 153.178 151.415 149 146.693 143.409 141.934 137.724 134.579 130.349 127.237 126.927 124.009 119.797 115.558 109.57 105.237 101.416 98.4921 95.6219 93.7617 91.3595 88.8611 86.0331 84.6176 83.6798 80.9576 78.3347 75.8279 73.9975 73.467 71.353 70.1757 67.7134 63.9237 61.6864 60.6842 59.8697 58.4355 56.5976 54.6338 53.0489 53.5142 52.8131 51.0171 48.1039 46.4856 45.0243 42.317 38.623 35.2488 33.0816 31.0229 29.5083 26.4004 23.6166 23.13 24.9452 25.3693 24.0257 22.0436 21.7161 19.3587 16.6317 14.6784 14.0306 12.4951 12.6536 13.8142 13.3074 11.4994 11.1544 9.84425 9.41657 8.18092 6.44922 5.35352 3.69639 1.67299 0.0076923 0.73276 2.16509 2.96052 3.14515 2.33966 3.09308 3.90927 3.25155 2.57204 3.02073 2.94251 2.57666 2.40843 3.01509 2.66901 3.94312 4.98286 6.72574 7.24362 6.22445 5.70957 4.2468 2.16124 -0.0474035 0.900667 2.39428 2.56014 3.77227 4.97582 5.1774 5.40679 2.28687 -6.14873 -23.0761 
200 206.755 210.245 213.232 215.903 217.137 217.778 217.956 217.706 218.921 218.34 217.388 217.522 218.815 220.207 222.082 221.807 220.001 218.462 219.828 221.297 221.101 220.744 220.108 221.273 222.371 220.791 219.539 218.604 218.438 220.124 223.509 224.266 221.142 221.138 222.499 223.013 224.387 223.223 221.013 220.15 220.694 217.274 218.061 217.856 215.512 215.602 215.351 212.326 208.923 206.956 204.62 207.154 209.289 209.884 211.542 210.102 208.964 209.109 208.981 204.691 201.208 199.519 200.281 199.482 195.963 196.021 193.947 191.72 189.084 187.032 182.453 180.108 175.266 170.453 166.716 162.566 159.871 159.298 156.675 154.119 150.252 148.069 145.736 146.174 144.569 139.908 136.079 133.064 129.001 125.829 124.012 122.546 120.281 118.875 117.55 115.048 113.578 112.701 113.574 113.06 110.681 107.091 103.75 100.226 96.6434 93.9397 92.3989 91.3768 89.8079 88.447 87.4176 85.8617 83.9362 80.104 75.5946 73.424 72.4789 70.3302 68.0667 65.8879 63.3834 60.3036 56.5881 53.0114 51.8875 51.2712 50.6619 50.2718 49.1156 48.0178 46.0004 45.4031 45.5394 42.5436 40.3912 37.7817 36.5503 36.6864 38.0731 40.0443 39.513 38.9021 35.9636 33.6056 32.2346 31.5024 30.0624 29.3663 28.3929 26.8673 25.6397 24.7266 22.8105 20.8755 20.4965 19.6119 18.3116 17.0753 14.9273 13.2291 12.3646 12.7847 13.9793 13.2055 11.3308 10.708 8.92283 7.40509 7.15778 5.09797 5.07754 4.90437 5.98141 7.42054 7.77163 7.26195 6.93763 6.03967 4.88513 4.50416 4.16493 4.5849 4.802 4.91272 5.3585 6.07305 3.87779 1.50147 -0.0656568 1.24748 3.3175 4.8121 6.25961 8.12205 8.7482 7.62882 4.83898 -2.61927 -18.6623 
200 207.872 212.625 215.867 218.915 219.57 220.618 221.879 221.676 222.466 222.401 222.401 221.494 219.676 220.013 220.664 219.644 219.885 220.169 219.315 217.608 218.967 219.485 216.563 214.968 214.053 212.321 212.45 209.813 209.332 210.582 210.973 211.173 210.442 208.721 207.683 208.512 208.05 208.533 205.79 202.208 203.684 203.721 203.601 203.906 201.679 200.38 199.117 198.603 198.292 197.219 193.106 192.87 194.169 191.68 190.011 189.138 188.356 187.877 188.294 186.67 182.855 181.483 182.043 181.484 179.579 176.028 176.304 178.366 177.653 177.019 178.572 178.426 177.295 179.161 177.421 174.779 172.165 171.543 169.809 167.565 163.195 159.402 155.056 151.608 147.781 144.487 139.323 136.21 133.805 133.125 130.711 127.416 125.041 119.899 116.954 115.561 115.685 113.826 112.526 111.113 110.862 109.235 107.858 105.255 101.117 96.9694 92.7982 90.5044 89.045 86.6742 87.2061 87.5916 84.9584 81.7798 77.2961 73.7648 71.3008 67.5475 65.0035 62.2483 60.6599 58.4077 54.7282 51.3167 47.4558 43.5884 42.0454 41.508 40.6594 41.037 41.1044 41.0311 41.2619 42.3416 41.5398 40.1979 37.6001 37.8946 37.2476 34.759 33.0637 30.9364 29.9996 28.7894 28.6614 27.7893 26.0514 24.4955 23.2372 22.4001 22.536 23.2442 21.6399 19.7057 17.5631 16.6731 16.5588 15.8906 13.6309 12.9823 12.6376 10.8422 8.92493 7.12902 7.05787 8.48554 9.50738 9.84595 9.98755 8.55131 7.12951 6.20456 5.43506 5.5112 5.05575 3.7479 3.77762 2.51335 3.7614 3.70127 2.53802 -0.0816187 1.05635 1.42305 1.63179 1.78835 1.0791 0.76657 -0.058795 1.1171 1.53076 3.03404 4.85924 6.13463 8.12931 7.13752 3.8251 -3.94066 -20.2251 
200 206.761 211.365 214.717 216.623 216.984 217.599 218.898 221.737 222.365 223.592 221.997 220.729 220.725 221.695 223.628 224.247 225.131 225.321 226.101 228.653 231.181 230.881 229.032 227.607 225.145 224.877 227.076 231.149 233.15 232.281 230.986 230.306 231.116 227.419 225.593 223.813 224.442 226.863 229.61 229.909 228.083 224.04 224.357 223.508 221.717 221.82 223.069 221.466 220.65 219.871 218.44 217.936 216.283 214.346 211.28 211.006 211.439 209.309 208.292 210.367 211.553 211.146 208.512 206.367 205.315 201.239 198.598 196.777 195.184 193.045 188.751 184.262 181.932 182.075 179.477 175.574 172.314 169.714 168.233 166.919 163.131 159.46 155.181 150.608 147.843 147.049 144.262 141.735 139.287 137.896 135.745 133.055 131.437 129.565 126.532 122.578 121.051 117.768 115.728 110.652 106.567 104.021 103.248 100.356 97.6301 95.0549 91.7643 89.7295 85.686 81.3451 78.8845 78.0042 75.7146 72.2551 70.247 67.8121 65.6939 62.2322 60.6677 60.6591 60.2045 58.3603 55.4245 53.8433 52.2922 48.7063 44.9067 40.6694 37.3257 36.1917 35.3817 34.216 33.4427 32.4012 31.1729 29.9082 29.3893 30.1445 28.6079 25.9551 24.5346 21.713 19.6707 19.7254 18.9196 20.0573 19.9393 19.8321 18.9656 18.6814 18.1454 17.6497 17.1008 15.5106 14.9964 13.0399 12.0609 11.8498 12.7817 12.9385 12.9348 12.7499 12.6189 12.9174 11.1554 11.5823 12.3897 11.9751 13.1681 15.8946 16.2531 15.8235 16.1871 15.5466 15.2041 15.8821 17.532 17.1465 16.8553 16.2772 17.3567 17.9854 16.7329 15.5987 13.2234 9.62768 6.83375 2.2673 -0.00774694 0.147192 -1.07472 -4.0218 -6.63989 -8.95492 -11.8592 -16.16 -24.5686 -37.1521 -56.1436 
200 207.844 213.275 214.552 214.673 215.522 216.171 215.22 213.095 212.996 211.484 209.726 209.829 210.841 213.8 216.047 216.47 217.007 218.575 221.89 224.481 222.649 220.073 219.16 218.116 218.108 218.397 221.164 222.119 221.05 222.845 222.977 223.55 225.026 224.081 225.886 225.953 227.435 229.117 231.591 228.107 228.11 228.077 227.707 225.698 224.338 223.594 222.946 221.43 219.776 218.853 218.607 216.301 213.685 213.805 213.209 209.667 205.746 203.768 202.136 200.897 200.178 197.857 197.142 197.348 195.403 194.084 191.708 187.527 182.83 179.548 175.701 171.856 171.802 169.627 167.519 164.78 162.779 162.489 160.463 157.078 155.15 154.086 151.05 147.556 146.124 143.755 138.794 135.511 133.309 131.612 128.969 126.908 125.147 121.57 119.205 115.683 112.154 110.252 108.85 109.719 109.39 108.193 105.87 103.243 102.653 101.206 98.0189 94.9947 91.5455 90.1602 88.6311 83.9728 81.0504 79.7922 80.2774 79.1809 78.7912 77.9172 76.9361 73.8027 71.3198 69.2937 66.8055 64.62 63.0044 62.3542 60.9509 58.7937 57.76 57.0367 56.6587 55.581 53.0028 50.221 47.4409 44.0301 43.3214 42.6649 41.4517 41.8315 40.5295 40.1236 38.8159 38.5299 38.8053 38.2794 39.1696 37.3769 36.3229 35.5593 34.7281 33.8381 34.3447 34.0665 33.2655 32.8841 32.7933 33.444 33.3701 32.5225 30.13 27.8053 26.3007 23.9935 21.8437 21.2919 20.7142 19.3132 19.2088 18.2967 17.4733 15.5301 15.3363 15.2374 15.2572 16.5992 18.3659 19.5845 19.5128 18.8472 17.8431 15.928 14.6702 13.8075 12.4214 11.4028 8.78546 4.61685 -0.0382517 0.726782 1.18362 3.34505 6.3376 8.96726 10.8592 12.7553 11.4314 4.05532 -13.522 
200 209.243 213.124 212.729 211.719 211.623 211.405 208.529 208.99 209.187 208.815 210.395 211.002 210.51 211.564 211.75 211.531 210.059 207.918 208.776 209.959 209.638 210.641 210.986 210.162 210.302 212.826 216.997 218.587 218.765 219.06 221.004 221.952 223.45 222.643 223.051 220.854 220.877 221.046 219.849 219.379 220.651 220.181 217.089 216.138 213.597 213.723 211.483 210.75 209.125 207.451 207.445 206.15 206.875 205.17 205.097 206.405 205.531 202.163 199.76 196.582 192.864 189.305 187.247 185.868 183.399 178.799 173.256 171.267 170.979 168.051 165.972 164.411 161.932 160.487 159.799 157.702 155.447 154.978 153.944 148.971 145.49 143.626 141.003 138.225 135.856 134.099 132.223 130.032 129.269 128.482 127.896 125.516 123.601 120.977 118.834 116.229 116.05 114.906 111.045 108.607 106.811 104.215 102.341 100.53 98.9301 99.3288 98.2838 97.2666 93.0976 88.3969 85.7741 83.2804 79.1123 76.1355 74.0168 70.6054 67.9086 66.0102 64.1156 62.5341 61.1176 61.1851 60.3743 58.9989 56.9102 56.0154 55.9604 54.8575 52.9401 51.8065 49.8607 49.4617 49.1358 47.6283 46.2189 45.9334 44.8703 42.0217 36.3762 32.9802 31.0901 30.4321 27.6868 24.9804 23.0248 20.6434 19.2802 18.3412 16.5434 14.6491 13.4874 12.6439 11.7438 11.6558 11.2273 10.2552 9.17802 7.79718 7.33383 5.4453 2.52831 1.67634 2.79166 3.36998 2.81073 3.64476 3.0485 2.55452 2.33661 0.277267 -1.04294 -0.732485 -0.0172448 1.54278 3.78073 5.05417 6.81339 8.74323 8.54868 9.92362 13.4646 14.8472 13.3351 10.8535 8.4401 5.78629 4.06684 1.80799 0.00787142 -0.149557 0.92993 1.55448 3.42728 6.65644 7.72553 8.84812 7.09539 -0.593652 -17.1015 
200 207.439 213.34 214.952 215.38 216.503 215.749 213.524 212.795 211.111 212.69 213.224 214.064 214.92 215.061 215.684 216.363 217.208 217.676 217.692 216.38 215.614 214.16 210.246 208.438 206.247 205.186 204.189 203.309 205.106 206.105 205.877 208.123 209.536 211.306 211.269 210.26 209.407 209.923 213.437 214.151 212.714 214.255 215.956 212.836 211.197 210.978 210.923 210.046 209.336 211.112 210.999 210.816 210.027 209.73 206.27 204.181 201.033 199.681 197.589 195.937 193.672 188.376 185.476 182.327 181.523 180.979 178.559 173.626 171.54 172.452 172.472 167.638 163.011 160.61 161.151 161.477 160.353 157.913 155.598 153.076 152.042 150.696 149.188 147.9 145.017 144.386 143.337 141.817 138.796 136.253 134.36 132.943 132.872 130.943 128.286 124.38 121.447 118.757 116.795 114.365 112.536 108.928 104.717 101.972 99.8407 97.8357 96.8359 96.2452 96.734 94.3421 92.5581 89.7694 87.4491 86.5147 86.2862 84.4324 81.842 77.1994 73.609 69.7748 67.7467 67.1163 65.21 61.1425 58.2033 54.281 50.2118 45.6672 44.0772 43.5736 42.4546 42.7197 41.7447 38.3004 36.4801 35.8502 34.4065 34.0312 32.7059 32.3211 31.7642 29.7974 28.9638 28.5994 27.3614 25.3815 24.9401 24.8423 26.6938 27.4589 27.3064 27.1119 28.2111 29.3805 29.2444 28.585 27.519 25.7379 24.4286 22.6875 18.483 15.9189 13.4166 11.7819 9.18401 7.66551 6.12044 5.09103 4.23712 4.50424 5.42182 6.94051 8.10844 7.63865 8.25485 9.41392 10.4694 10.5943 9.79457 9.40708 9.04834 9.60866 8.41729 6.62372 4.90999 4.00514 3.70546 2.20979 0.00807684 -0.15346 0.137186 -0.303326 -1.16278 -3.1804 -4.93036 -8.18069 -12.0662 -21.1827 -39.6615 
200 206.458 209.162 212.739 213.627 214.594 215.929 216.084 215.025 216.837 219.56 221.029 222.759 222.417 223.183 224.949 225.753 226.46 227.424 228.118 228.093 229.986 229.945 228.173 228.786 230.508 230.5 229.319 233.533 237.317 236.955 236.492 235.64 235.858 235.918 236.252 235.154 232.623 231.071 230.547 231.493 230.293 230.864 231.111 230.738 230.893 230.802 228.558 227.855 225.605 226.621 224.971 222.58 223.113 222.594 221.586 218.151 214.246 210.57 209.589 208.148 203.85 202.148 199.329 200.896 197.033 193.796 190.769 189.153 187.736 184.426 182.767 181.531 179.711 178.842 178.005 176.234 176.164 175.544 174.165 172.004 168.276 165.775 164.142 161.851 158.244 155.659 152.235 150.914 148.011 145.521 142.423 138.447 136.447 134.919 131.564 127.411 124.375 121.52 118.65 116.709 113.227 111.318 110.933 109.251 107.05 106.679 105.006 102.275 100.407 98.8392 96.838 93.5919 92.0047 90.1527 89.6656 88.6082 86.1708 83.5536 82.2198 82.3511 80.7278 79.2909 76.2324 72.1614 68.7369 66.504 65.0754 63.1448 61.2685 58.9885 55.7139 54.1231 54.2189 53.1663 51.5375 50.7161 48.5272 46.0554 44.7333 44.0717 43.7032 41.8742 40.4478 39.4473 36.3505 32.8607 32.6736 33.1377 33.2319 30.7113 29.2597 28.5761 27.0595 25.5191 25.4965 25.0478 22.9104 22.4292 21.6126 22.3254 21.8457 20.5579 19.2219 17.8636 16.2224 14.3023 14.0885 12.8946 13.4046 14.323 13.3813 13.6859 13.6032 14.5355 13.4328 13.6126 12.9493 12.9387 13.3404 12.983 11.699 10.1601 8.50218 6.85459 5.03289 2.66396 1.18256 0.364176 -0.051035 0.969665 1.60968 1.85546 3.72685 7.04057 10.584 12.3456 8.11806 -1.2901 -17.7946 
200 206.935 210.508 211.677 214.33 216.948 219.443 220.923 221.591 221.823 220.9 221.067 218.959 217.646 217.178 217.088 218.667 220.297 219.424 219.666 220.834 220.304 220.687 220.172 221.465 223.123 223.223 224.335 225.804 225.084 222.388 222.764 223.629 224.144 227.603 229.546 233.331 235.529 236.297 237.937 239.298 238.678 236.921 236.236 235.69 234.544 230.772 229.509 231.948 230.709 229.866 229.197 227.973 229.68 229.066 225.316 223.889 222.718 219.336 217.028 213.193 211.261 208.655 208.244 204.726 203.665 198.996 195.376 190.682 189.085 186.929 186.09 182.787 182.058 178.816 176.463 173.464 171.025 169.397 167.965 163.999 159.691 156.426 152.817 151.757 149.505 148.965 146.802 143.581 140.4 137.099 132.644 128.005 126.414 124.093 121.997 120.132 116.738 113.862 111.601 107.74 102.76 100.508 98.6448 95.6474 93.1386 89.5298 87.021 86.4985 86.1895 82.9744 79.1573 77.6017 77.8849 77.7609 77.0631 75.719 74.2166 72.6843 70.6999 64.9251 62.2412 58.7163 56.1464 53.6846 51.543 48.5927 48.1032 46.2695 44.8007 45.3486 46.2962 45.0821 43.3931 41.9382 39.9562 39.2626 37.145 35.6159 33.4862 32.2214 31.2891 31.0741 29.6313 29.4009 27.2887 23.9965 21.3249 20.372 18.9191 17.8679 16.4831 14.615 13.1539 13.3288 13.3574 12.1181 10.0179 8.21303 8.75466 8.26684 9.49659 11.416 12.4686 12.7386 10.4961 11.0774 12.3119 13.8899 16.4871 18.7187 20.3563 20.3024 21.023 22.2057 24.1096 25.0238 25.2843 25.1756 23.8405 21.8402 17.7984 15.7756 13.9508 12.1506 10.6806 9.48009 6.76661 3.91438 0.143571 -2.72786 -4.18384 -6.09939 -8.87508 -11.9417 -15.8931 -20.5358 -27.1833 -39.288 -59.7419 
200 209.467 213.688 215.9 216.861 218.777 219.427 219.014 219.34 220.031 218.962 218.806 220.503 221.239 218.993 219.163 218.614 218.165 216.083 215.693 216.615 217.932 218.452 221.074 222.909 224.904 225.412 223.198 223.288 222.283 222.862 222.233 221.883 221.548 221.855 224.132 226.385 225.722 226.356 226.819 227.542 228.284 228.3 227.147 228.247 228.873 227.038 224.383 223.252 224.244 223.72 222.072 220.016 218.624 220.38 217.435 216.259 215.086 214.789 213.352 213.559 207.302 206.646 202.409 200.121 199.689 196.902 194.89 195.96 197.859 198.141 196.667 194.464 192.369 190.092 187.825 186.041 185.257 182.821 179.007 175.146 173.349 171.134 169.145 165.733 164.423 162.731 159.718 157.701 153.61 149.213 144.801 141.696 138.205 135.737 133.137 132.013 129.347 127.646 123.861 120.802 119.521 117.963 114.475 110.244 106.622 103.305 101.19 99.6095 95.6942 93.1061 91.9131 91.7066 89.9164 87.7703 83.2183 80.0049 76.7799 74.5316 72.4468 69.4372 67.2426 66.8459 64.1207 61.7508 59.9876 60.1212 58.8244 57.7441 56.1038 55.7709 57.1753 57.4546 55.939 54.819 54.393 53.4371 50.577 47.9411 47.2319 45.2354 44.0007 41.1783 37.8436 35.0057 33.6573 33.1402 32.459 32.3882 31.8699 30.4129 28.5436 26.4781 25.4697 23.3763 21.1215 18.3753 16.6287 14.3745 12.9889 11.8562 10.8377 11.7121 11.4811 10.0409 8.84916 7.84502 7.17693 5.94808 4.78478 6.0307 6.567 6.29308 4.45732 3.41636 2.01789 1.77535 4.35226 4.37988 3.75096 3.62841 5.00643 5.85022 6.31874 8.41641 9.77825 8.55941 5.41855 1.77193 -0.0871055 1.65501 2.6413 3.8249 6.09435 9.07718 10.2617 11.4297 10.5745 4.0569 -13.2195 
200 209.486 215.086 217.31 219.275 219.249 220.273 220.368 221.158 222.81 224.299 225.973 226.782 225.071 223.372 223.549 223.713 223.647 225.112 225.811 224.91 224.792 227.084 229.296 229.279 229.446 230.866 233.337 233.943 234.673 235.545 235.485 236.065 234.754 235.994 235.613 236.298 235.16 233.84 231.554 231.691 230.423 229.32 227.051 225.395 226.691 226.103 227.617 226.853 226.911 225.877 224.183 222.438 220.51 219.627 219.528 215.458 214.606 215.19 213.956 211.483 208.102 202.4 197.964 193.638 187.931 183.647 181.324 180.464 179.829 178.769 176.139 172.048 168.752 165.431 164.183 160.289 155.189 150.242 144.909 141.661 138.324 139.102 138.564 135.311 134.052 131.984 130.765 128.775 126.794 125.99 126.054 126.444 124.224 122.197 119.563 118.877 116.089 113.268 111.331 111.135 108.652 104.906 102.088 100.284 99.9836 99.0115 97.8631 97.396 95.4408 94.6624 93.9174 92.313 92.3844 91.8835 91.2965 91.0455 89.6704 88.1809 85.9862 83.4667 82.2662 78.9278 75.2126 72.9535 70.4886 66.6698 63.0481 60.5023 59.2263 56.2743 54.4962 53.5548 53.5918 52.4478 50.9799 49.3939 47.8986 46.491 45.9383 47.879 49.3167 48.0738 44.9139 41.811 39.1654 38.6628 37.395 36.7169 36.3204 35.424 35.5446 34.2696 32.0083 29.2965 27.5845 26.7496 25.0804 22.9408 21.3984 19.8193 18.4836 15.9865 15.8472 15.7685 16.8762 17.8986 17.3942 17.4852 17.3208 13.7981 10.8798 10.0298 8.53334 6.16574 4.73872 4.59208 4.09832 5.29069 6.94629 9.68268 12.7546 14.501 14.7407 14.5623 14.086 12.5507 8.92089 3.91909 0.00927857 -0.176293 0.321289 0.13785 4.37702 7.20781 7.76085 7.10341 4.81745 -2.96712 -20.0617 
200 208.756 214.582 219.892 221.442 222.784 224.677 227.19 228.988 230.774 229.755 229.189 228.868 227.915 227.93 229.785 230.982 231.704 232.292 232.051 231.173 231.848 232.355 228.959 228.438 228.102 227.008 225.562 224.163 225.547 225.684 225.692 225.828 224.34 223.49 220.945 219.821 217.854 216.292 214.831 214.546 212.853 212.271 211.199 209.145 209.145 211.506 211.92 210.998 208.99 206.749 205.377 201.817 199.9 198.867 199.284 200.639 198.325 198.41 197.196 197.667 197.82 196.614 195.451 193.19 191.497 187.201 186.164 187.058 185.378 182.435 179.176 175.664 172.555 167.932 166.242 164.238 162.663 158.803 156.502 153.925 150.091 149.557 149.423 147.586 145.551 142.245 140.81 138.986 135.722 132.569 130.49 127.826 125.313 122.326 119.028 119.785 116.797 114.173 109.93 105.944 102.015 98.234 96.1586 92.4961 88.9398 86.0309 82.237 79.6968 77.1953 76.7388 75.6858 72.4175 69.6144 68.2734 66.5064 64.1045 62.2281 58.8237 59.5217 60.9005 62.8663 61.7052 60.8857 58.4483 55.2748 54.7816 55.6686 56.0762 55.9946 56.4681 55.9516 55.418 55.8888 56.3888 57.0458 57.5374 56.2061 53.3059 52.0652 50.3939 48.2203 46.8177 45.221 43.9432 41.7136 38.9991 37.305 36.2212 36.1177 34.3756 33.2507 33.9585 33.1514 30.9016 29.4628 29.5045 29.6194 30.7362 30.1734 30.2414 30.5626 31.9087 33.3746 33.637 33.0024 32.0139 28.2706 26.254 27.0162 26.1773 26.2368 26.1289 25.5396 25.1389 26.2627 28.3899 27.2199 24.0862 21.4958 19.2789 19.3306 18.4783 16.7065 14.0799 10.8836 8.43711 5.19821 2.74123 0.0362248 -0.688272 0.0344742 1.31564 1.50864 1.74433 0.438554 -0.0317243 -1.5701 -10.5105 -27.6898 
200 206.866 212.354 215.385 218.721 220.517 218.248 217.951 217.353 213.555 211.136 211.775 212.948 214.272 216.502 216.345 215.078 215.015 213.342 209.196 207.842 205.43 205.073 206.759 210.063 211.36 210.471 212.333 213.747 216.513 219.019 219.141 218.548 219.977 219.501 218.374 215.451 215.33 216.181 216.539 218.409 218.926 223.969 224.706 225.045 225.169 224.888 223.728 220.291 218.278 216.938 217.432 218.301 218.045 219.145 216.491 212.142 211.083 207.019 206.357 204.298 201.288 200.453 200.146 197.855 194.34 191.204 189.819 187.462 187.201 186.492 184.016 179.677 176.491 174.171 172.165 172.579 171.636 168.228 165.445 161.397 160.635 161.344 160.134 158.875 157.587 156.505 155.896 153.721 149.361 147.546 145.724 144.226 142.169 139.181 136.551 133.837 133.312 131.672 129.305 126.046 123.115 120.245 117.245 113.497 108.745 103.949 100.547 98.2175 94.4344 92.6272 91.977 88.5689 85.5912 83.8827 82.6054 81.0299 80.8755 80.4862 80.4821 79.3542 77.7156 75.2055 70.5883 64.9942 60.6858 60.6425 59.811 59.0469 57.0246 54.3301 52.8308 52.6115 52.6176 51.6972 50.9463 51.2609 52.062 53.0198 52.8155 52.3137 49.4743 49.1974 50.1392 50.6795 51.0128 50.9255 48.5235 45.7462 42.3835 38.1303 35.2287 33.6232 32.1431 29.2346 27.0881 27.9081 27.0277 25.7017 26.1615 26.4439 24.1492 21.7411 21.0449 20.1386 19.2899 19.9851 20.4145 20.6387 21.1943 21.0361 22.4596 22.6958 23.0811 23.1043 22.5192 20.9032 19.1348 17.7471 17.987 16.7568 15.9668 14.4921 12.966 11.2157 8.41733 6.2509 4.63441 1.9609 -0.0208087 0.395365 0.728774 0.850226 1.55477 0.861353 -1.23994 -1.88023 -6.08932 -15.4216 -33.8796 
200 209.253 212.264 214.201 215.878 215.333 215.516 215.994 215.89 217.511 219.851 222.176 224.231 223.621 222.808 221.912 222.998 223.261 222.616 222.133 221.991 223.469 223.449 222.285 222.84 224.478 227.445 230.647 233.743 234.282 233.674 235.987 235.39 235.899 234.151 230.828 229.863 230.408 231.057 230.224 229.701 229.05 231.211 229.425 227.962 228.508 228.276 225.874 221.657 219.946 219.389 221.948 219.191 217.595 218.734 218.387 216.073 213.554 212.192 213.242 210.7 206.532 206.195 204.785 200.971 197.418 191.285 186.538 185.877 182.123 179.027 177.331 173.7 170.749 167.196 164.795 162.148 160.685 160.943 160.056 158.696 155.955 150.926 148.083 145.816 143.023 139.876 138.544 135.927 133.085 130.346 127.908 126.127 123.846 123.925 123.481 119.881 115.781 114.075 112.76 111.635 109.43 107.567 106.469 104.303 100.858 98.3206 96.3368 94.3549 90.3698 87.0868 82.996 81.1366 79.4856 77.2438 76.2245 73.7845 71.6507 68.8595 68.3036 67.474 65.754 61.3214 56.5713 53.1458 51.0497 49.1842 46.3277 43.203 40.4913 38.6583 36.7378 34.2761 32.0642 29.6586 27.7652 26.1254 25.2877 21.4377 18.0491 18.0482 16.0252 13.8094 11.5176 8.46783 6.60911 5.97842 5.73637 5.83798 6.54924 5.86483 6.25183 7.12583 6.0959 6.3617 6.94519 8.86161 9.77144 9.01288 10.4054 10.2241 7.91913 7.72306 6.74739 5.8385 4.54166 4.17269 2.53852 1.64226 0.986624 0.527227 -0.848582 -1.53815 -2.98044 -5.472 -6.62731 -6.39591 -6.26314 -6.02976 -4.77742 -2.56024 0.847705 4.76243 7.04963 7.76019 7.28011 6.12936 5.66182 3.50213 0.129605 -2.46249 -4.90561 -7.95739 -10.5948 -12.9843 -16.5956 -20.9806 -25.0298 -35.6907 -53.4118 
200 206.847 212.307 216.489 219.332 219.543 218.973 218.109 218.832 221.028 221.884 221.592 221.566 223.407 224.394 225.266 227.003 228.43 229.522 230.681 231.038 231.038 229.047 227.35 226.863 227.853 228.367 228.593 228.09 226.946 231.212 228.658 226.479 223.434 223.106 222.876 224.044 224.298 224.498 224.274 226.281 227.451 226.585 223.103 222.222 220.305 218.259 219.296 218.503 220.332 221.653 223.413 225.568 228.234 229.083 226.469 224.241 222.922 220.531 219.687 220.054 216.741 210.496 205.759 198.171 193.483 189.017 185.512 182.984 179.882 180.217 179.866 178.031 175.003 171.236 169.169 167.896 165.093 162.114 159.452 159.888 158.495 156.203 153.611 149.679 147.418 144.372 139.553 136.392 132.578 128.085 123.523 120.72 120.384 119.735 117.419 114.228 110.502 107.04 104.888 104.087 102.903 100.444 98.171 95.2542 90.5192 86.2328 83.5518 79.0647 74.359 70.7468 68.671 65.7212 62.9732 60.6022 59.534 58.2247 57.6318 56.2965 55.0257 54.1929 51.818 49.6713 50.0463 50.072 49.4056 47.4321 45.8626 44.0041 41.6613 38.0234 37.1237 37.0136 37.1523 34.7339 31.632 27.5487 24.0719 23.154 23.443 23.4699 24.0248 22.9463 21.6245 19.208 16.9965 16.4299 15.6382 14.1226 12.4414 11.1078 9.74604 8.17199 7.343 5.56456 4.82741 4.23364 3.49265 2.91769 3.98256 5.68468 5.74378 4.75796 5.30091 5.2137 3.60063 2.07319 2.02223 2.1288 2.76689 2.48352 1.70481 2.55871 3.81682 4.41752 3.86591 3.84912 3.99171 4.8172 3.74891 3.89616 5.09193 6.63862 6.66731 7.20732 7.67766 7.9814 5.4445 2.98518 0.0876184 -1.66475 -2.782 -2.07699 -2.29595 -2.01955 -1.53104 -0.94565 -4.41717 -14.9078 -33.3395 
200 207.253 209.086 210.432 211.331 210.74 209.235 211.099 212.743 211.756 210.298 210.775 210.688 210.587 210.484 209.688 207.307 206.595 205.911 207.496 209.76 211.786 211.98 215.89 218.123 218.971 220.242 220.014 219.514 219.978 220.262 220.226 222.042 224.27 224.451 223.551 223.262 222.853 223.4 227.133 227.345 230.304 231.669 229.024 228.888 227.656 224.369 224.271 222.607 221.805 218.212 217.07 216.522 213.42 210.881 205.608 204.929 205.025 202.232 200.88 202.906 199.634 195.233 194.314 193.979 191.753 192.357 192.317 188.648 187.172 184.363 181.8 180.202 176.773 175.264 172.202 170.029 167.395 165.313 165.002 162.93 159.391 157.513 154.735 154.293 155.726 154.285 151.005 149.689 146.979 143.69 140.806 135.673 130.342 126.756 124.341 121.72 119.465 117.977 115.971 114.166 112.633 111.52 112.459 111.105 109.573 108.705 107.496 104.756 101.81 98.5144 96.1588 93.0653 89.8581 87.9782 88.5489 88.5406 87.7701 86.4211 84.5101 84.9612 83.4318 82.7225 81.8965 82.9048 84.383 84.3494 83.8769 80.3749 77.7428 74.6804 72.8887 71.152 68.5823 66.0499 62.6203 60.0338 57.7246 55.3389 52.1359 51.0566 51.154 50.4916 50.4386 48.8277 46.677 44.6536 42.9244 40.2993 39.1721 37.9014 39.7671 40.4186 40.8357 40.5994 39.6767 38.2437 36.197 33.0549 30.4137 28.3747 27.1762 24.8671 25.0299 24.633 23.7389 21.6857 19.923 18.415 17.5492 18.4059 18.9417 17.6688 17.44 16.0237 15.5909 14.5408 12.8192 12.3344 13.9158 13.0951 12.2134 12.2624 10.5525 9.82073 8.00457 6.36722 5.11783 2.94338 -0.0619396 1.17685 2.71302 4.24695 5.39739 7.24994 8.93634 9.99764 8.80732 0.019247 -17.0388 
200 207.777 211.808 213.471 215.586 217.806 219.669 220.131 220.495 220.164 221.782 221.371 220.102 218.049 217.644 218.726 220.438 222.006 223.164 222.953 223.121 221.312 220.203 219.233 218.709 219.361 219.723 217.872 219.331 218.976 219.323 217.087 215.232 212.262 213.32 214.628 212.087 210.944 209.963 207.48 205.479 205.67 205.946 205.689 206.362 204.125 203.557 203.337 205.074 208.112 208.758 209.15 208.794 207.863 203.964 204.159 202.779 202.998 202.721 201.146 202.57 201.928 200.081 199.279 197.621 195.759 193.386 191.093 189.625 187.44 184.852 181.017 178.549 177.119 173.211 170.135 168.752 164.648 161.757 159.35 157.713 157.343 155.138 151.833 149.326 147.803 147.042 146.208 144.726 140.833 137.328 133.775 132.356 131.507 128.41 125.877 123.134 119.507 117.274 115.146 111.687 107.31 103.477 102.033 99.9874 96.8162 92.2606 87.4856 84.9051 83.1225 81.0869 77.6125 73.5752 69.8638 66.7966 64.1236 63.325 61.4306 60.2251 58.4869 56.7035 55.0478 54.3845 54.0858 52.1734 49.8101 48.854 48.7589 47.7044 46.2425 45.0661 41.7495 39.4399 38.0932 37.7355 35.5318 33.0564 29.4528 24.7793 20.0697 16.9405 15.8339 15.7792 16.4603 16.5172 16.7447 15.5287 13.6625 12.9345 12.7282 13.0192 12.3853 12.0489 10.5358 9.86973 9.28921 8.36647 7.1157 7.35704 6.45447 4.71907 3.34035 0.783157 -0.185164 1.2761 1.41889 2.10356 2.71977 2.49985 0.600908 -0.266717 -0.96741 -1.41515 -0.836119 0.811802 1.56834 1.97978 2.47071 4.37102 8.0847 10.6312 12.345 13.8345 13.9417 13.6423 13.6595 11.4523 7.3483 3.4541 0.0017194 -0.0326686 0.581845 -0.298934 -2.08223 -3.22378 -4.09793 -4.86803 -7.079 -15.0133 -31.8822 
200 207.645 212.516 216.296 218.225 219.846 220.98 222.925 224.426 228.376 228.823 227.523 226.737 224.349 224.25 224.589 224.797 227.021 228.685 228.972 229.608 229.746 229.736 229.946 230.703 227.675 227.155 228.898 230.512 231.434 231.522 230.836 231.205 230.759 230.538 230.852 230.439 230.494 230.083 227.784 225.44 226.155 227.039 228.861 230.487 230.589 228.788 229.23 230.48 232.315 233.872 233.615 232.654 233.012 231.788 232.937 230.88 228.567 225.708 225.165 224.136 222.089 218.945 217.826 215.014 213.469 212.307 211.248 211.12 209.355 206.571 206.179 205.908 204.186 201.804 199.768 198.962 194.895 192.878 189.374 186.359 184.387 179.965 177.348 175.629 172.183 171.494 168.513 166.54 164.958 165.065 164.373 162.892 161.748 159.397 158.699 155.953 153.632 150.925 148.622 145.707 143.645 140.588 138.279 136.29 134.343 132.784 130.725 129.944 125.952 121.508 117.967 116.191 114.888 112.238 110.182 107.429 104.305 104.509 105.172 102.434 100.069 96.9261 92.2118 88.254 86.752 85.8262 84.3688 83.6305 82.5683 80.3427 76.2235 73.363 71.3195 67.9738 66.1943 64.0466 61.8385 58.3813 56.064 55.7508 56.795 55.8301 55.1254 54.2429 53.5806 52.5641 52.4456 51.5432 51.7563 50.0007 48.0302 46.3716 45.4761 45.4739 45.971 45.7746 45.6525 45.8196 45.4568 44.0607 42.1876 41.2404 39.795 38.0606 35.4819 32.4642 30.2105 30.1393 29.9603 28.3888 27.637 26.2461 25.797 25.2939 23.9334 23.0298 22.9552 21.7406 21.2742 21.1635 19.9979 18.212 18.6197 18.664 15.933 12.73 8.95502 3.44162 0.0978385 -1.85893 -2.43164 -2.42377 -2.41624 -2.81982 -3.85625 -7.06406 -12.1179 -21.855 -39.014 
200 207.624 213.595 216.728 217.771 219.436 220.936 221.006 221.312 222.278 224.03 226.262 226.187 227.286 228.032 228.333 228.043 227.763 228.044 228.264 228.909 229.084 229.484 228.557 229.231 230.801 231.019 231.685 230.623 229.75 229.583 229.937 230.353 231.422 230.021 231.132 230.583 227.626 224.904 224.162 222.491 222.268 221.392 222.163 222.52 223.627 222.429 224.554 223.967 220.131 217.942 217.232 216.281 213.209 215.338 217.266 218.273 215.522 212.636 208.672 207.483 206.459 206.173 201.468 196.659 195.145 193.456 190.146 186.031 180.685 174.168 169.436 167.805 165.141 165.045 162.586 159.164 159.025 157.292 157.023 154.194 151.598 147.709 143.876 141.899 140.747 139.147 135.225 129.904 125.681 124.291 121.929 120.043 117.151 112.247 108.495 105.358 103.843 102.43 99.2461 95.3295 95.1007 93.2794 92.1535 91.1485 90.4996 89.4657 89.879 90.2284 88.8615 87.3253 83.5357 79.5208 75.7603 72.7188 69.6148 65.0732 61.7122 59.6389 56.175 55.5219 55.582 54.7276 52.5882 50.2923 49.6027 47.9729 45.7899 44.223 44.154 44.4921 44.7119 43.1454 42.367 40.3077 37.1478 34.189 29.4478 26.611 25.5794 24.0342 23.056 23.358 24.6946 25.3659 23.5242 22.3138 22.0437 20.5709 19.3781 19.4062 19.0279 19.3994 19.0318 17.821 15.5604 15.0354 13.2607 12.0093 11.5785 10.2734 11.1745 10.0861 8.35538 5.77146 4.3735 4.26666 3.52608 4.73324 7.33523 9.3754 9.95332 10.5422 10.3247 9.90848 8.65983 7.15124 7.11759 7.06893 6.06044 4.72922 3.6716 2.94397 2.50482 2.82198 3.26619 4.61909 3.87147 2.7415 -0.0331312 0.629492 1.09701 1.47826 1.05538 1.64983 2.46819 0.548789 -4.42347 -13.0176 -31.0524 
200 208.9 214.256 216.54 217.294 218.728 219.356 220.557 219.506 220.729 221.379 219.035 218.245 219.022 220.824 221.135 221.436 222.394 224.516 224.183 222.052 222.521 222.551 220.846 221.081 220.418 220.914 221.872 220.969 219.775 219.833 220.862 223.289 223.268 221.644 222.496 222.814 222.788 222.084 224.178 224.378 226.629 228.689 228.729 228.243 232.4 229.382 228.299 229.478 228.696 225.736 225.708 228.176 226.74 224.717 221.3 219.242 218.661 216.136 213.356 208.815 206.544 204.217 203.538 199.831 196.417 194.827 193.5 192.534 188.504 185.348 181.665 178.835 175.273 173.493 172.487 171.404 168.879 166.551 163.792 161.105 157.872 155.517 153.1 149.706 145.723 141.265 136.645 133.806 131.859 130.126 128.46 126.403 123.645 120.559 116.625 113.043 108.403 105.307 104.138 104.491 104.92 101.798 100.258 98.6114 96.3787 95.2937 92.7855 89.8441 86.9575 86.5405 84.9767 81.3308 79.5249 77.7476 77.2003 76.0202 72.8826 72.8482 74.5994 74.0943 73.0159 72.2568 70.925 70.3248 69.5387 67.1583 66.6199 65.9267 64.1104 62.4594 61.2139 60.7416 60.5315 59.8348 59.5819 59.0134 57.2866 55.7435 54.8682 52.0259 48.975 45.9088 42.4642 39.9588 38.0628 37.8899 36.2425 35.7201 35.6327 33.8403 32.7884 33.3293 32.6513 31.6523 31.0302 31.5895 31.268 29.158 27.1696 26.3938 25.5972 24.3914 23.2884 22.0849 22.9334 23.2318 23.2129 21.2327 17.9396 15.1278 12.0483 11.6613 10.7908 9.24206 9.21511 9.93956 9.26367 6.95355 4.13164 3.05483 3.59008 3.35067 3.21596 3.39794 4.43235 3.69934 3.07557 1.46093 -0.120946 2.29797 3.46952 4.63231 5.29063 5.17672 5.99485 5.5204 1.53075 -6.73623 -23.0868 
200 209.421 214.762 217.955 220.186 220.106 219.36 216.874 216.229 215.885 213.926 212.074 212.972 213.385 212.629 212.875 213.535 214.776 215.919 217.049 219.249 221.13 219.398 218.422 219.443 219.926 218.715 217.828 215.778 214.908 216.67 217.894 220.229 220.661 220.148 217.957 213.709 213.169 213.528 214.535 214.739 217.535 219.873 221.194 221.202 222.631 219.632 218.069 218.877 219.241 218.987 218.391 219.651 221.906 221.257 219.921 220.182 218.81 216.593 214.843 210.324 207.106 207.188 206.811 203.002 195.88 190.774 190.176 190.412 189.544 187.282 182.216 180.058 177.477 176.391 176.861 175.981 175.546 175.019 173.227 170.162 166.029 162.105 158.355 156.109 153.218 150.435 147.31 143.802 139.912 136.234 134.687 133.412 131.592 126.27 121.971 117.845 113.494 109.459 105.718 101.673 98.0693 95.7829 94.2854 95.3345 94.0502 92.9379 89.7726 86.4703 83.7272 83.2322 81.2768 82.0784 83.1569 79.6527 77.5622 75.1521 72.8422 73.0379 71.8853 70.0127 69.935 68.7634 66.1047 64.6703 63.4991 61.9096 60.3904 58.9862 58.6492 58.3744 56.8296 57.1101 57.7999 58.7465 57.6889 55.0339 52.0607 49.5805 48.6078 48.9714 48.6827 48.3859 46.902 45.616 44.686 42.2162 39.7141 37.3145 36.3307 36.4611 35.0415 32.9562 32.0244 30.7056 30.7947 31.851 32.1416 30.9027 30.368 29.6771 27.5199 25.311 23.8202 21.8481 21.1073 21.4196 23.3282 23.8169 23.1678 20.3631 17.9775 16.5896 17.0123 17.2499 19.2267 20.2162 21.4034 22.0273 20.7639 19.259 17.9916 16.2718 14.078 12.1968 10.3004 7.71867 6.06755 3.33027 0.065703 -1.24836 -1.25329 0.131834 0.0612967 -0.150297 0.492116 -0.329281 -2.615 -10.1071 -27.2671 
200 207.012 210.245 212.425 216.221 216.154 216.689 218.684 222.505 224.609 225.529 227.24 227.997 229.261 231.511 231.563 230.884 230.696 229.935 229.395 230.724 232.381 232.201 232.085 231.452 230.841 229.822 227.806 229.541 228.831 228.658 227.531 228.42 231.308 232.694 231.96 230.622 227.745 225.932 225.173 222.94 220.922 221.334 222.701 222.522 219.697 218.25 216.514 215.748 215.905 216.622 214.433 211.294 207.362 204.545 203.203 204.305 204.882 205.205 206.03 204.16 203.697 201.399 196.891 193.09 190.443 190.438 187.197 183.222 178.534 176.696 174.632 169.85 164.682 162.026 159.294 157.413 157.482 158.261 157.892 155.645 153.605 152.442 149.925 146.648 143.688 141.582 138.481 137.035 136.183 131.01 126.4 122.352 120.115 120.012 119.269 117.805 116.209 113.774 111.076 106.71 104.881 101.789 98.0302 96.7482 95.0796 92.6906 89.4338 85.4761 81.1477 76.8451 74.8172 73.667 73.2588 74.0569 75.5167 76.107 74.2442 71.4151 68.6516 68.2889 67.3578 64.7438 62.0794 59.6048 55.5483 51.784 47.9004 45.7682 44.7508 43.8508 41.4285 38.4408 36.3543 35.4175 35.3564 33.9463 32.7694 32.5228 32.5168 30.7777 27.3578 25.5486 24.7892 24.6767 23.4931 23.1071 22.2156 21.4029 19.1978 17.192 16.2866 15.7119 15.6033 15.1154 14.3992 13.6396 13.1629 13.1782 12.7333 10.9898 10.4783 9.46582 10.0331 10.2099 12.285 13.2727 12.116 10.7745 10.367 10.9613 11.2157 8.85894 6.53904 4.80962 3.90077 2.95502 4.44504 6.20598 7.45119 8.12668 8.19374 9.58642 8.55777 6.96823 6.04209 4.54183 3.29636 1.4843 -0.0118311 0.224791 -0.452483 -1.7042 -3.27106 -3.24339 -3.95704 -6.77611 -10.0657 -17.1551 -33.1334 
200 205.846 209.407 212.986 214.397 214.608 213.687 214.143 214.633 216.588 216.83 217.006 218.724 220.977 221.99 224.125 224.783 224.298 223.029 224.228 227.126 227.646 229.367 230.459 231.788 233.917 234.389 232.767 232.512 235.151 235.345 235.675 234.601 236.982 238.772 237.47 237.197 239.052 239.171 241.386 243.229 241.282 240.314 241.216 240.06 236.433 235.427 234.267 229.877 226.151 226.913 227.461 229.59 230.611 232.923 232.558 233.732 234.07 232.781 226.567 223.661 222.954 223.126 221.939 221.334 220.611 217.735 216.096 214.67 212.61 210.385 208.067 205.308 203.818 200.962 200.056 198.993 195.829 192.525 191.316 188.985 187.352 184.721 180.163 176.076 172.759 170.79 169.033 167.074 162.652 157.711 154.301 152.438 150.539 148.168 144.5 139.906 134.714 130.28 126.155 122.262 119.732 115.875 112.418 110.256 109.157 108.243 106.675 105.094 102.648 99.8592 96.6877 93.1327 89.0907 86.8379 82.8957 79.8423 77.5269 76.7429 75.4043 73.4526 71.3497 68.2186 65.5959 61.4185 58.3078 54.7635 52.2636 48.8406 46.2797 43.6914 41.4312 39.7447 39.328 37.9355 37.2973 35.3867 32.3038 30.6547 28.9884 26.2922 25.3961 24.5381 21.9118 18.2266 16.8356 17.0229 16.5119 16.0299 14.3901 13.2798 13.2079 13.695 13.3149 12.1854 9.6696 7.0366 4.90039 3.78212 3.4209 4.61468 6.23753 7.87353 9.77094 10.2363 10.6443 11.6049 11.1563 12.1688 13.3722 13.9201 13.448 12.9936 12.8941 11.7661 11.3237 8.82658 6.95254 6.85016 7.18268 7.14388 7.56244 10.7825 13.357 12.6646 11.7043 8.27549 5.27622 2.67284 0.0463027 -0.879752 -2.1513 -5.40984 -7.61704 -9.83546 -11.0589 -14.1958 -19.9504 -29.0332 -46.358 
200 209.303 213.458 215.039 216.837 218.561 221.401 223.066 225.615 227.395 228.684 228.381 226.631 226.868 227.762 227.083 228.008 229.552 229.59 228.128 229.23 229.304 226.676 225.166 225.003 223.149 222.503 220.375 219.899 219.953 220.219 221.462 221.03 220.229 217.77 218.132 216.306 213.557 211.363 211.467 212.924 213.663 212.894 211.913 210.847 212.479 213.091 211.862 212.074 215.198 214.992 212.785 210.753 209.911 208.062 203.841 201.062 201.551 200.122 201.154 201.589 202.265 201.314 202.261 202.061 200.939 201.025 201.365 202.428 201.47 199.62 197.154 195.669 193.849 190.601 186.646 183.123 180.23 176.941 173.409 170.638 168.728 166.241 163.197 161.201 160.042 157.568 154.734 153.268 153.319 153.475 151.168 149.324 148.568 147.659 144.507 141.415 137.777 133.457 130.5 124.912 120.632 115.836 112.198 109.415 106.854 104.023 102.711 100.066 99.1054 98.4445 95.7098 95.1323 92.9006 89.1711 85.6267 81.7796 78.5209 76.6027 75.1214 73.9573 74.3608 70.9514 67.2861 66.0856 65.6622 64.2809 62.1383 59.1517 56.7636 54.521 55.5157 53.654 52.582 52.3188 53.5668 53.5727 53.6773 55.8182 56.5323 55.3655 55.763 55.0497 51.9421 49.1092 46.2557 42.7678 38.6207 34.6075 30.3507 28.2553 25.3616 20.8888 17.1596 13.4321 10.2636 7.8827 8.48841 9.92587 10.48 10.4498 10.9277 10.7504 10.1296 9.53069 8.26574 7.82505 6.23053 5.39967 4.777 3.46558 4.65297 4.97688 3.97482 2.53733 1.70446 0.105553 -0.00361359 -0.935883 -1.26282 -0.756111 0.208105 2.19559 3.01732 3.81701 5.97233 6.95521 6.47072 3.70607 0.0222534 -0.422815 1.04946 1.69067 3.18353 5.52877 7.28719 8.7385 6.53695 -2.80071 -19.1235 
200 208.097 213.114 215.833 216.338 216.285 214.533 214.07 216.006 218.006 220.46 222.419 224.362 225.77 225.38 225.395 226.787 227.76 227.337 227.13 228.063 229.392 229.147 227.852 228.544 229.643 230.227 229.424 229.876 230.713 231.206 231.776 232.234 232.825 234.475 233.829 233.967 234.892 234.554 233.045 232.105 233.305 234.138 236.17 234.439 235.909 236.355 235.968 236.031 234.752 232.235 230.036 228.27 228.088 226.939 224.474 222.103 222.196 220.673 220.429 218.427 215.386 212.343 211.75 210.296 210.056 207.694 203.962 200.493 199.361 197.534 193.936 189.676 185.748 184.108 183.31 181.243 179.115 179.568 178.835 174.975 173.249 170.499 165.437 161.449 157.629 153.127 151.143 148.281 145.506 142.047 137.994 136.895 133.266 130.407 129.044 128.824 127.125 124.77 123.588 121.73 121.173 119.15 117.914 116.823 115.076 114.333 110.822 107.83 105.323 103.006 101.85 98.8844 97.2194 95.2133 93.15 90.9647 88.6915 87.1796 84.1164 79.9647 77.1028 74.5954 72.8955 70.125 65.8272 61.1453 56.4322 53.4061 50.4139 47.8648 45.6899 42.8943 38.2431 35.8357 33.6796 31.5024 32.296 31.1246 27.7402 24.7465 21.8912 20.661 19.7106 19.4288 18.9874 18.6317 15.8597 14.2291 13.7554 13.5133 13.5259 13.2399 12.7106 11.8755 11.1315 10.9836 8.55234 7.78695 8.28175 9.39449 10.7652 10.9018 10.5334 9.31164 9.6855 11.4398 11.2983 9.82416 8.48632 8.95565 9.04303 9.21504 8.64989 7.33656 8.00255 8.42477 8.15326 8.1751 8.75474 7.38652 6.46241 5.50278 5.06198 4.57569 3.74358 2.33654 1.01131 0.833761 -0.0445738 0.846903 1.40447 3.15337 5.01451 5.92561 5.1295 4.45423 3.69766 -2.36895 -17.6875 
200 207.839 212.288 215.203 217.502 217.827 221.183 226.743 229.481 230.702 229.994 228.923 229.389 231.796 231.992 231.17 232.183 232.66 232.705 232.694 232.379 232.361 230.617 230.713 230.171 228.716 226.97 226.851 226.485 228.008 227.692 227.387 226.934 225.514 223.006 221.059 220.352 222.394 222.62 224.038 224.002 224.765 224.891 226.178 227.64 223.68 222.706 221.631 222.649 222.597 222.818 223.549 220.308 217.256 213.428 211.806 211.267 212.769 212.496 208.181 207.709 204.091 199.542 195.352 192.225 186.971 183.384 180.142 176.467 172.248 171.298 168.017 165.699 162.983 163.698 161.722 159.242 155.568 153.205 150.883 147.295 144.782 143.52 141.154 138.342 135.545 133.391 131.564 127.707 123.446 120.351 118.453 116.907 114.547 111.686 110.078 108.965 106.98 106.468 104.724 104.209 102.368 101.57 98.8644 94.6221 88.9001 83.9373 80.6178 78.2326 76.3269 76.5995 75.4492 72.5232 71.3498 71.914 72.877 71.3543 68.8039 66.5077 63.9842 61.9079 60.9611 59.5207 54.9859 53.3094 51.3933 48.6307 47.1003 47.0414 47.8036 45.3136 41.5399 38.2711 34.6806 32.1225 29.9626 29.1468 29.9727 30.4548 30.5543 31.6085 33.0665 32.9551 33.3906 34.5487 34.5972 34.0243 32.8558 31.977 30.8693 28.493 26.2905 25.2139 24.9065 26.0246 26.0583 26.8962 26.7119 24.9297 22.014 21.4759 22.0341 20.7894 19.9883 19.1771 19.4093 18.0595 17.38 16.8894 17.4606 17.5931 18.3568 17.6639 16.684 14.0228 13.0391 12.675 11.6323 11.2164 11.3305 11.3406 11.0441 10.9297 10.1732 9.19343 8.17229 5.58453 3.2299 1.34928 -0.074134 1.40855 3.76775 6.13351 8.45092 11.8618 14.526 15.0619 14.2116 7.76981 -8.1509 
200 207.994 211.946 215.439 217.564 217.993 219.739 220.086 220.451 220.08 219.064 218.799 220.621 221.645 221.537 222.276 224.87 225.232 226.212 227.241 227.297 228.051 231.056 231.378 230.862 229.654 230.719 231.209 229.693 230.88 229.76 230.169 228.693 225.532 221.935 222.034 223.402 227.011 226.642 227.333 227.901 231.882 232.091 230.34 229.269 227.449 225.564 223.869 221.565 218.586 218.806 220.95 219.908 217.14 217.109 218.179 216.671 213.094 212.8 210.595 206.27 200.672 199.382 198.094 196.986 195.307 193.668 192.465 191.496 189.066 184.748 183.76 181.421 179.608 177.25 174.331 174.643 171.943 167.86 163.239 159.621 155.593 150.565 148.74 149.282 149.267 144.506 141.805 138.859 136.09 136.219 134.475 131.763 129.983 130.655 128.741 126.876 124.45 122.198 121.022 119.092 116.515 112.932 109.211 107.795 106.146 103.322 99.4452 94.9618 94.3054 93.2151 91.8831 89.7389 87.1991 83.0924 81.1618 78.3746 74.7399 73.4753 72.1793 70.285 68.6451 67.2374 63.7542 60.697 59.5364 56.3443 56.5042 57.8172 53.8812 51.3883 47.4923 47.1505 48.7718 48.7404 48.1817 45.572 42.8555 40.1544 37.5095 37.4566 38.1913 37.6207 37.0375 36.0084 34.8326 35.1191 33.939 32.6019 30.7851 28.0781 28.8013 28.3936 26.0389 23.1208 20.9805 19.5198 18.6162 17.9282 18.5734 18.519 18.1727 17.1419 17.9601 19.2811 19.3906 20.1451 20.3248 22.3302 23.2914 23.924 25.0252 26.4873 26.5101 25.3653 24.7191 24.4262 23.219 22.1102 21.6442 22.9296 23.1191 22.2134 20.8713 19.683 17.4785 13.4936 9.57077 5.3875 0.19054 -3.62027 -4.16544 -6.42062 -7.62927 -8.62718 -9.80385 -13.3146 -18.2966 -28.8569 -47.9237 
200 208.313 215.106 220.262 222.171 223.161 223.697 225.448 229.003 229.025 230.464 232.152 233.998 232.59 231.507 231.603 230.851 229.449 228.566 226.208 227.204 229.673 229.016 228.258 228.995 229.323 229.701 229.624 229.736 229.335 228.812 229.232 230.977 231.412 231.868 229.648 228.077 231.781 235.652 238.323 235.482 236.519 238.238 236.071 233.152 231.104 230.254 230.254 231.346 230.678 230.89 230.678 228.135 226.704 225.701 224.834 225.939 224.07 222.645 222.68 219.117 217.194 216.158 214.317 211.736 210.455 209.691 210.418 210.267 207.735 204.732 200.63 197.343 192.713 190.658 187.646 184.864 183.534 181.734 179.259 178.319 176.035 177.64 176.951 175.335 176.134 177.51 176.806 172.032 167.029 162.304 159.146 159.337 158.432 157.028 154.547 152.065 150.125 147.115 146.672 145.361 143.542 141.054 138.045 133.439 129.615 126.963 125.194 123.288 120.974 116.304 113.496 110.713 109.491 108.26 106.643 103.422 100.321 98.6428 96.4367 93.7418 90.6939 86.6927 82.2789 77.9949 75.2444 71.6141 69.5675 68.487 66.2947 67.0493 68.8936 67.3528 65.4363 64.5277 62.5349 62.6038 62.6874 61.8337 60.7215 59.1549 58.0154 58.7716 56.8044 53.7339 52.3324 49.1756 47.4913 46.4646 47.6031 48.0264 48.2318 50.159 52.0345 51.4252 49.5928 49.73 48.6914 46.916 44.9814 42.8216 40.1278 39.1339 38.7065 38.8338 39.5882 39.6884 39.7325 39.4051 39.8626 39.2549 38.67 37.4206 37.1347 37.3577 37.7574 37.8336 36.2673 34.3715 31.3686 27.9956 25.9607 24.4898 21.7197 19.5709 15.7914 12.2019 7.81066 4.06224 0.119871 -2.27754 -3.67681 -5.58751 -7.76939 -9.49198 -10.8518 -12.199 -15.5934 -24.575 -43.193 
200 210.491 217.984 221.601 223.701 224.797 225.472 226.33 226.665 227.925 230.161 231.342 231.117 231.432 230.877 229.364 229.354 229.363 230.258 229.41 230.048 231.504 232.124 232.362 233.009 235.144 234.902 236.925 239.757 240.603 239.2 238.777 237.071 234.389 232.753 232.882 232.929 232.575 232.023 231.755 229.129 226.466 227.833 227.032 226.045 224.184 222.215 221.918 221.444 222.225 222.373 220.728 222.109 219.83 219.255 217.926 219.256 219.345 215.704 214.1 213.793 212.77 213.372 212.145 209.993 207.264 206.242 203.325 201.172 198.981 195.241 192.324 190.758 189.698 187.113 181.032 177.755 176.162 175.586 176.082 174.135 172.886 170.392 167.446 163.573 157.134 151.867 148.766 147.461 144.255 139.415 136.909 135.416 133.154 133.479 132.338 128.949 125.728 121.733 118.08 115.671 113.533 113.763 113.357 112.554 109.28 105.689 102.235 100.391 97.9681 96.9439 94.9835 91.5727 86.0097 79.9304 74.1831 70.681 68.551 67.1701 64.3061 62.5178 60.6395 58.2207 55.9329 54.6626 54.8239 55.449 55.7415 56.0118 54.9979 53.4981 54.1995 52.4915 53.7709 54.9773 55.0217 53.5525 52.9448 51.7395 49.1527 47.4941 45.5737 43.0872 41.5175 39.6534 37.624 34.454 33.0337 32.1715 30.5225 28.1646 26.7225 24.2178 22.433 20.3263 19.6711 19.3031 19.9491 21.6741 22.1107 20.9777 19.7072 19.3239 17.2933 17.9413 19.1321 17.6872 16.9122 15.6984 14.8655 14.8031 16.4177 16.5262 15.5056 15.5659 18.1399 21.7011 24.2784 25.9247 25.0382 23.3912 23.268 22.0192 19.589 17.2143 15.601 12.7937 9.59518 5.17011 0.240492 -4.56934 -7.48379 -8.15691 -10.6346 -13.4983 -16.5998 -19.4199 -24.6998 -32.6552 -48.0566 
200 210.017 215.149 218.586 219.748 221.778 221.49 223.955 225.699 228.018 228.321 228.351 227.028 226.699 226.795 226.885 225.553 224.315 225.711 228.841 231.412 229.982 230.92 230.468 230.077 229.955 228.879 227.89 226.659 225.111 227.69 227.826 227.474 227.286 226.19 227.194 226.396 224.756 222.892 223.312 226.048 227.563 228.208 229.401 231.206 229.931 227.751 227.165 227.933 227.497 227.438 227.489 225.198 224.291 226.078 228.278 227.088 227.077 225 219.578 215.862 211.698 209.067 208.117 209.743 208.969 205.027 202.559 199.948 196.804 197.05 196.754 197.746 195.29 193.336 191.991 189.419 187.104 183.66 180.727 177.723 174.994 171.201 171.885 170.799 168.203 165.739 163.612 164.796 163.687 160.541 156.649 154.105 151.705 149.289 146.663 143.761 139.489 131.986 127.159 122.993 119.612 117.134 113.023 112.957 110.335 107.598 106.285 104.849 103.304 100.169 96.1139 92.5002 89.7468 86.4659 83.1784 80.4451 77.7983 76.7121 76.4744 76.1361 76.8495 75.995 73.7587 72.3785 70.4516 69.6463 69.8865 68.7129 66.3666 64.2597 61.9484 59.7087 57.983 57.0529 54.6768 52.4911 49.3542 47.203 45.893 46.0642 43.9238 44.2718 45.9093 46.0863 45.0498 43.018 39.8167 36.2525 34.4608 31.9639 31.062 31.5427 31.5209 32.9481 33.5359 32.2964 31.937 30.4788 29.0804 28.2753 27.1205 25.3072 23.6261 22.2662 24.1456 23.7894 22.8611 22.9342 23.0356 21.0997 19.3237 17.8946 16.7929 16.8466 18.8694 21.4251 23.3396 24.4385 23.753 23.4554 21.7393 18.8234 15.6121 14.8176 14.2299 11.7911 7.45676 3.36682 0.0442384 -0.84053 -0.372776 0.751039 2.27576 4.21303 5.5378 6.04964 2.5512 -6.40685 -23.017 
200 208.596 212.467 213.211 214.557 212.595 211.356 211.193 212.596 212.611 212.312 211.13 209.933 208.915 210.289 212.368 212.906 213.738 213.81 213.189 212.013 212.589 212.053 211.168 212.29 212.865 214.242 214.249 214.681 214.48 215.559 217.83 217.553 218.875 214.763 212.736 211.854 211.015 210.201 213.13 212.698 211.278 211.047 208.968 211.346 211.511 210.189 207.756 209.219 211.369 210.744 210.654 208.568 207.386 206.86 208.947 207.733 206.804 207.43 207.166 206.623 203.764 203.05 202.45 200.751 197.116 193.951 190.941 187.066 185.41 182.666 177.989 175.226 173.709 169.796 169.972 169.271 167.376 166.04 164.393 163.323 160.125 158.829 159.069 156.597 153.432 151.619 148.914 146.207 144.78 144.315 144.157 141.477 138.289 135.869 133.737 133.007 132.386 130.581 127.286 123.308 118.821 116.126 112.674 107.723 102.643 98.4797 94.4968 94.5856 94.5463 92.1864 91.1191 91.243 89.2795 88.0893 86.171 84.308 80.4161 77.6299 75.2364 72.0096 69.053 66.8347 64.5433 62.5989 60.0773 58.0249 55.5281 55.0207 54.7424 53.6598 53.1127 52.7178 50.5038 48.2082 44.9306 43.5555 41.8498 39.2493 37.62 34.4473 32.7445 30.3946 29.6958 27.7655 25.0216 22.0185 19.3699 17.6232 16.8487 15.8334 13.6799 12.5557 11.6022 11.5227 12.9799 14.2541 13.5178 13.0403 13.0265 13.7479 13.9584 15.6893 16.7891 16.0061 14.8226 13.1455 12.2451 11.9794 10.7415 8.52023 8.96176 8.42701 8.63193 8.43194 8.00791 9.03925 9.00309 10.4107 11.1097 10.6899 10.2657 10.0409 10.6507 10.5893 8.54856 5.86317 3.77283 2.69656 0.0692886 -1.31648 0.791932 2.97635 5.00558 6.83927 9.06733 10.6807 9.50171 1.84026 -14.4936 
200 209.254 214.785 218.36 218.269 219.789 221.587 222.147 221.874 221.513 222.587 221.88 221.929 222.804 224.869 228.294 229.184 227.399 225.478 223.879 223.209 226.597 228.268 228.897 229.915 233.387 234.456 239.34 240.255 239.233 240.033 238.116 239.45 239.034 238.705 239.263 239.505 237.492 235.21 236.308 238.935 236.969 239.331 237.541 235.887 234.406 233.729 232.598 233.056 235.318 236.204 234.421 232.667 229.466 231.989 230.857 229.257 229.793 226.29 225.978 223.917 220.643 218.836 216.496 215.227 215.18 213.72 212.176 208.514 205.289 203.667 203.934 201.459 200.304 198.259 197.847 196.952 194.38 191.016 187.994 188.655 186.448 182.581 180.232 178.934 177.045 173.13 171.27 168.966 165.327 162.988 162.405 161.447 160.975 157.904 154.157 150.698 146.54 142.973 140.871 138.447 135.065 130.413 127.542 125.262 119.967 113.509 109.984 108.721 108.079 107.187 104.996 103.343 102.052 100.277 98.0604 94.9347 90.9944 90.3663 92.8847 92.3923 92.5968 94.1844 95.9726 94.8782 92.7826 90.1366 86.3985 83.9475 83.2609 83.3314 83.4555 82.3335 80.8747 78.1307 76.1037 74.2782 72.2995 69.5533 67.8797 65.7747 64.722 65.0877 63.5204 61.9492 60.3056 58.6794 57.8115 55.28 53.2644 50.1426 48.3538 47.7306 47.2892 44.9233 42.0418 39.58 37.5661 36.4295 36.048 33.8161 32.3228 31.1192 29.5865 27.9036 26.0937 26.3803 24.3429 21.7559 17.2818 14.1715 13.7852 13.6519 12.3757 11.3356 10.5793 9.61297 9.36023 8.98627 9.79848 10.3849 11.781 12.5099 11.0406 11.0069 10.6988 9.60159 8.11229 5.08078 0.0955168 -1.81482 -1.75824 -1.04652 -0.472839 0.264201 1.63082 1.99582 0.663772 -5.22994 -19.2257 
200 207.856 213.612 215.993 217.953 218.808 218.463 220.195 222.351 224.384 224.411 225.162 225.132 224.217 226.076 227.054 226.444 224.775 223.054 219.405 217.263 217.637 219.212 218.361 217.365 219.393 220.592 221.76 220.476 218.653 219.435 218.415 221.104 223.07 225.091 224.996 224.93 223.218 223.274 222.637 222.451 222.406 221.442 221.197 221.506 221.683 222.285 223.183 221.441 221.961 220.856 219.745 219.268 219.294 217.721 218.305 216.006 214.062 210.387 208.443 204.068 199.462 197.901 195.712 193.938 192.525 189.892 187.681 185.183 183.061 180.07 178.298 178.479 178.445 178.085 177.809 177.568 175.173 171.766 168.737 164.483 163.444 160.122 155.894 152.166 151.331 150.068 148.294 146.46 142.664 141.306 138.115 135.859 133.833 131.682 130.466 127.931 123.932 121.657 118.8 115.419 113.766 110.921 109.395 106.638 103.7 102.216 103.272 102.253 100.897 100.344 98.9151 96.1824 95.124 94.4588 94.1434 94.5437 94.6172 91.8086 89.2987 87.6413 84.9979 81.8377 77.9352 75.467 74.6594 74.3036 73.7407 71.9819 68.8607 65.6468 63.1243 61.9696 60.8886 59.2159 56.0031 51.2448 48.4347 49.7121 50.9139 49.3515 46.8972 46.0477 46.5761 44.425 42.8934 42.1515 40.8956 39.7351 37.7298 37.0697 34.7549 30.8564 29.3459 28.3611 28.086 28.0134 27.4248 27.0062 27.0705 28.6906 28.3265 28.1758 27.5391 25.2178 23.8264 21.7311 20.4717 17.1817 13.4114 10.18 8.23778 8.28649 9.38867 11.1309 11.3771 11.537 10.4237 9.68666 8.45151 7.6829 6.35025 5.86767 5.3926 5.45882 5.64906 5.30115 4.01034 2.95379 -0.0696746 1.32382 0.908788 -1.37103 -4.3183 -7.21041 -9.26574 -12.1284 -17.4063 -26.6778 -43.4796 
200 207.167 210.923 213.263 213.357 210.156 209.281 209.842 212.294 212.517 213.715 214.458 214.388 215.783 215.322 214.475 211.873 210.261 211.677 211.387 211.534 210.68 209.801 209.287 210.284 208.892 210.909 210.933 210.948 210.672 208.555 207.533 208.684 208.978 209.182 210.401 212.643 213.232 213.417 213.721 213.929 215.641 217.077 220.58 221.292 223.121 222.636 221.238 218.959 215.057 213.905 213.251 212.569 213.161 211.639 211.444 211.795 209.07 206.476 204.694 204.011 203.253 201.97 198.555 195.172 193.247 192.812 191.652 191.827 190.357 190.973 191.39 191.432 188.6 187.341 186.693 182.092 179.18 177.377 174.559 170.745 167.594 163.021 159.194 158.624 158.074 158.148 157.077 153.925 151.671 150.141 146.637 146.17 143.929 142.096 141.958 138.166 132.309 128.161 125.099 124.334 122.925 119.723 117.373 115.463 111.917 110.306 109.044 107.299 105.722 104.121 101.734 101.182 100.431 99.3891 98.9682 98.0522 95.0383 93.0315 91.0113 90.9586 88.899 88.2912 87.7361 85.1136 82.4055 79.9232 77.5564 74.4248 70.7156 70.4102 69.6196 65.6373 65.2369 64.6616 62.4657 59.2597 57.0031 54.3404 52.7894 51.3478 51.3431 48.5828 47.1087 45.76 43.8511 41.9735 39.7224 38.401 38.277 38.8699 40.0671 39.4762 38.0708 37.0368 36.4188 35.7436 35.682 37.872 38.788 39.5514 39.9672 40.9946 41.5881 39.9506 37.1223 34.8349 32.4537 32.0959 34.1009 35.8533 34.8015 32.2511 30.5127 28.2696 26.3531 25.0816 23.748 23.3691 22.3678 20.743 18.507 15.3097 13.8357 11.539 9.03308 8.12586 4.33988 1.56469 -0.0465123 0.883735 2.31536 3.62384 6.09676 8.86388 10.6409 11.9375 10.2714 2.53684 -12.6721 
200 206.738 211.71 214.329 214.67 216.432 217.662 217.176 216.286 218.186 220.672 221.657 220.402 219.552 218.678 219.868 221.453 220.695 219.704 220.233 221.188 220.853 218.749 218.693 218.513 216.935 216.405 215.549 216.212 218.753 219.77 220.239 218.366 215.66 215.901 216.007 215.48 215.017 215.106 213.391 213.1 214.995 215.656 217.724 218.395 215.94 215.632 216.243 214.905 214.146 210.984 209.896 210.72 210.313 210.394 206.613 203.29 200.883 199.31 198.052 196.479 196.242 195.311 193.916 192.143 189.448 187.573 183.916 181.387 180.513 179.675 175.693 171.262 169.858 169.168 166.382 165.195 164.102 162.824 163.422 161.602 159.927 159.131 156.795 155.339 153.661 150.854 150.552 149.924 148.446 145.175 142.626 142.42 140.184 139.022 138.966 137.469 137.44 135.896 131.475 129.266 128.065 127.327 126.244 126.533 127.486 128.165 125.366 122.164 119.688 117.926 117.933 117.41 115.757 112.438 111.048 109.656 108.797 108.325 109.922 108.517 104.221 100.743 97.3649 94.7141 92.9986 90.6154 87.9367 85.0429 82.896 82.2515 80.5137 77.4437 74.4683 71.3366 66.3034 62.9262 61.1168 60.4298 60.8691 60.0272 58.9859 58.6596 56.923 53.508 50.8973 48.2133 46.2236 43.1822 39.8988 37.4252 33.7061 30.632 27.7977 26.3152 24.4841 22.4417 20.2348 19.183 19.2833 19.522 20.2432 19.0262 18.3743 17.8164 18.367 18.8027 18.5592 18.199 17.8338 17.8426 18.6971 22.224 24.3478 23.9834 21.6375 21.5312 21.233 21.0931 20.2235 19.69 20.9099 20.6114 19.8165 19.2613 17.8534 15.077 11.3831 5.06544 0.0593348 -1.12736 -1.8526 -1.82127 -2.44114 -3.41811 -4.82627 -7.87007 -11.764 -21.9881 -40.6157 
200 208.899 214.017 216.045 217.78 219.177 222.63 224.229 225.719 225.871 225.881 225.365 224.785 226.664 229.42 229.685 229.573 231.829 235.376 238.416 238.515 237.846 235.877 235.703 232.619 227.857 227.074 227.243 226.845 225.685 224.789 225.808 227.147 228.156 228.257 229.496 228.788 228.629 228.874 228.964 227.111 228.239 228.947 232.788 233.654 232.376 230.752 227.693 224.931 223.449 222.008 219.958 215.805 215.813 215.935 213.707 211.425 209.642 208.282 206.585 204.425 200.998 198.201 196.917 196.956 194.093 191.859 189.413 186.938 186.915 185.809 183.499 181.913 181.173 179.054 177.161 176.275 173.137 170.051 167.61 165.691 162.233 159.505 157.886 154.836 151.164 146.095 144.61 142.719 140.658 138.191 134.246 131.547 127.67 124.133 120.378 116.938 114.384 111.493 109.775 105.911 101.379 97.0684 94.847 94.3277 93.4916 92.6173 90.6448 86.5024 80.345 75.3596 72.082 69.687 66.6885 64.4884 62.9655 61.9613 60.5401 59.7472 57.4762 56.5855 55.9546 56.1711 55.6812 54.4092 54.0203 53.1433 51.8572 51.3178 49.7892 49.3131 48.1234 46.4398 45.0517 41.2324 35.2899 31.2546 27.535 26.6141 28.1361 28.5164 28.3081 27.7811 25.6465 23.8324 22.5354 21.5849 21.0358 21.0214 22.2224 23.2322 23.9117 24.5899 22.8365 20.3099 19.0731 16.2745 14.1698 13.2283 12.4044 10.8626 12.2704 12.801 11.8448 10.4892 10.8032 10.0324 9.62304 9.48029 11.1529 11.6015 11.3915 11.5938 11.9982 12.7668 13.7452 15.7849 15.9979 13.1015 11.2443 9.83532 9.78135 11.9055 12.4331 11.787 12.7514 11.1632 10.1569 6.28747 0.194033 -3.68662 -7.33763 -11.3969 -14.3911 -17.1312 -21.5507 -26.3027 -31.1724 -40.9966 -57.9807 
200 206.696 210.774 214.087 215.193 214.291 213.657 215.047 216.317 218.647 220.858 222.111 222.813 221.319 217.912 217.01 217.373 218.032 215.83 213.75 211.973 213.824 215.124 215.063 213.221 212.205 212.596 213.616 213.523 211.46 213.2 214.532 214.347 215.045 215.859 216.434 216.544 216.775 218.69 217.472 216.677 218.61 220.516 220.779 219.591 220.231 219.445 219.182 220.524 221.001 220.287 217.378 215.156 214.014 213.452 212.835 209.818 210.675 214.212 213.714 210.286 205.524 201.71 197.6 196.267 194.531 190.921 189.407 187.775 185.427 181.535 177.075 173.18 170.645 169.425 170.306 169.46 166.775 166.91 165.889 164.357 164.487 161.795 158.258 155.217 152.708 148.49 144.936 141.144 138.931 137.32 135.312 131.497 128.297 124.366 123.483 121.721 119.398 117.002 117.834 118.008 115.847 113.578 110.998 106.899 105.527 103.647 98.8441 94.0579 87.9199 84.809 82.5492 79.7961 76.0148 72.5235 70.7488 70.3984 69.9327 69.1357 67.0205 65.0784 63.3259 62.0316 60.1872 55.9376 54.9972 53.049 50.7922 48.6748 47.1022 44.6066 43.4938 39.1415 37.0278 36.1595 36.3786 35.6739 34.2599 33.2162 33.8731 33.8389 34.8069 34.4983 33.7549 32.3641 30.3454 29.176 28.6659 28.1161 27.5689 28.652 29.1443 27.2543 25.0807 24.838 24.1979 23.3026 20.9013 18.9444 17.7139 17.1877 17.8009 16.5975 16.0768 17.5519 17.7154 15.8826 14.1042 13.3545 13.042 12.165 11.0291 11.499 11.3851 12.4235 14.7404 14.9211 14.1699 14.1336 13.0173 11.3236 10.9854 8.17643 6.58953 6.38648 5.66822 4.13004 1.67485 0.869265 -0.0630392 1.19774 3.88446 5.86943 7.20103 8.99445 10.3397 10.4629 6.79889 -2.53165 -19.5357 
200 207.052 211.376 215.173 217.748 218.746 218.13 216.732 217.244 216.901 214.329 214.739 214.949 216.874 217.632 219.679 220.802 220.718 220.405 220.572 219.021 220.448 219.776 221.903 222.847 223.767 223.575 223.162 222.529 220.63 222.258 222.326 223.46 227.063 226.548 228.557 228.118 227.45 227.196 225.509 225.394 224.579 225.307 223.446 225.372 228.351 227.746 226.849 225.155 225.269 226.293 225.599 222.373 222.34 220.255 219.924 219.89 219.585 221.397 222.939 223.017 223.18 221.17 216.904 215.855 215.063 214.579 210.963 206.997 205.345 201.416 195.736 188.739 185.752 184.334 180.415 180.814 182.107 180.704 176.614 173.105 169.401 166.173 164.064 160.077 157.226 155.718 152.802 147.443 145.249 142.819 140.473 139.367 137.953 135.332 130.985 126.163 123.202 118.542 115.406 111.21 108.229 105.176 100.253 95.9432 92.3728 89.5895 86.3372 83.0015 81.1379 78.6206 76.7341 73.8162 71.4362 68.6334 66.7331 64.1218 61.2644 59.7176 58.7697 57.5596 56.9076 55.7915 54.5216 52.4229 48.9519 46.3152 41.7219 38.2182 38.0984 38.2652 36.4496 34.3572 32.0547 29.8658 28.4177 27.533 26.0175 25.9899 25.2917 23.8213 24.4892 25.1255 24.3916 23.3934 22.4437 21.2995 20.4933 19.9263 20.0152 21.5913 23.2149 22.4017 19.6207 18.7279 16.837 14.4659 12.8279 10.8201 10.1043 9.4419 8.6219 8.45177 7.08662 6.78411 5.62965 3.36383 2.09853 2.78936 3.60423 2.38114 1.70132 1.59694 -0.453389 -2.81068 -4.06181 -3.46305 -1.14903 0.571886 2.00123 3.91563 5.33513 4.76077 4.53624 3.50811 3.61352 3.50912 1.96418 0.816193 0.0408916 -0.776941 -0.816707 -0.189909 -0.31486 0.631765 -0.599029 -2.36837 -5.03737 -12.9918 -30.1497 
200 205.883 208.628 213.107 216.689 219.024 219.285 220.486 220.421 219.861 218.81 219.26 220.044 221.24 221.174 221.895 220.447 218.988 220.409 220.853 221.61 221.976 225.438 226.683 225.767 227.045 228.22 227.387 228.592 228.951 229.413 229.68 228.315 226.126 226.157 226.788 223.864 226.32 227.056 224.866 224.385 224.564 225.65 224.777 225.241 226.443 228.287 231.81 233.189 233.617 232.484 231.149 229.163 226.883 223.817 221.875 219.419 218.982 217.605 216.717 215.626 212.889 211.052 210.698 206.825 204.398 202.311 202.096 199.665 196.673 195.717 193.158 190.457 188.233 185.273 183.543 182.347 181.011 181.326 179.519 173.794 172.435 171.175 169.303 166.486 164.859 162.585 162.375 159.257 155.669 152.12 148.296 145.998 142.131 137.695 135.371 132.369 129.879 129.022 127.954 127.834 125.612 124.259 123.892 124.413 126.076 126.334 125.191 122.838 121.565 118.716 115.69 113.226 107.663 101.858 96.924 93.8038 90.7924 86.9705 83.0551 79.8677 76.1243 71.9097 68.2659 67.7003 66.7452 63.0754 61.2847 59.8272 59.1353 58.3072 58.0597 58.6185 59.5423 56.7638 53.6996 50.1862 48.1957 46.0272 45.6957 46.526 46.2171 45.8843 44.3018 43.2313 43.4325 44.9234 43.5758 43.1877 42.8196 39.6987 35.6526 34.7704 33.9358 33.1908 33.3701 33.1841 32.1594 29.6274 27.0448 26.2438 26.9687 26.4676 24.4445 23.3297 22.6263 22.0077 21.204 20.8596 20.3029 18.7974 17.0913 16.1519 16.4686 16.0019 15.0037 13.9543 12.1528 12.3226 14.088 14.475 14.381 15.2236 14.206 11.3354 7.95181 4.69787 2.32371 0.470469 -0.0936154 1.77869 3.33662 3.80323 2.9066 1.87276 1.12003 -0.241027 -4.3953 -14.9203 -33.2654 
200 206.874 211.659 214.395 217.511 220.79 222.864 223.602 224.322 226.623 226.692 226.033 226.04 225.42 227.021 230.52 232.207 234.538 236.416 239.236 238.227 239.452 240.047 239.631 240.041 240.256 239.075 239.916 240.581 239.739 237.268 238.068 237.726 238.196 237.131 235.835 232.979 234.146 233.356 230.156 229.982 230.751 230.008 226.348 226.373 223.002 220.635 218.602 217.197 216.343 213.99 212.665 213.78 214.366 213.001 212.601 211.125 207.503 205.082 203.91 200.482 199.383 198.17 194.939 190.479 188.927 188.402 186.52 185.248 182.491 179.043 177.495 175.233 172.949 171.834 170.789 171.03 169.415 165.247 161.263 159.198 155.588 152.552 150.17 147.556 144.745 143.794 141.492 139.577 137.335 133.759 132.12 129.676 126.005 123.371 120.058 118.083 115.431 113.707 112.115 110.573 109.162 109.105 108.698 106.617 104.005 103.329 100.249 95.8691 92.6312 87.9495 85.0981 81.7498 81.4923 81.8677 80.3908 78.1803 75.7291 72.14 69.8018 68.4899 66.2883 63.9472 61.5666 58.9237 57.6401 55.1048 52.5165 51.1295 50.1497 50.3143 48.3684 48.2966 47.8899 46.8149 45.5436 45.9853 42.9594 40.4907 37.4688 35.1187 34.5601 34.8889 35.6191 36.4693 35.533 34.6456 35.0173 34.2249 32.9998 29.1277 26.5799 24.5768 23.1866 23.8911 24.6725 25.944 26.8649 25.9387 23.6616 22.5973 22.7938 23.3967 24.0043 26.0364 27.3514 26.717 24.7256 22.6923 21.7122 21.3733 21.793 24.2312 24.735 24.431 22.8649 20.792 20.7026 20.1158 17.7662 15.1434 15.0645 14.4738 15.1734 15.3971 14.3816 12.1112 8.46672 4.5117 0.113427 -2.15511 -3.13719 -5.1718 -5.69036 -5.64014 -6.68626 -9.25008 -14.5505 -25.6434 -43.1115 
200 208.888 212.793 217.277 220.607 222.209 223.555 224.383 226.373 227.413 227.643 228.636 229.964 232.022 233.902 235.092 237.079 239.224 240.707 242.638 245.961 248.17 249.172 250.128 251.487 250.407 252.686 253.938 255.157 256.901 256.85 257.05 257.975 254.838 254 254.05 255.819 257.459 255.869 255.485 257.033 257.652 259.706 258.612 257.791 258.554 257.939 254.299 252.872 255.312 256.253 255.566 253.972 254.186 251.144 251.738 252.392 252.566 252.036 251.402 246.9 244.35 243.384 243.465 243.217 242.477 240.359 236.432 231.491 228.521 226.751 224.086 221.626 218.766 215.779 211.414 206.732 205.224 203.409 201.553 199.9 197.703 195.637 193.337 190.647 189.039 186.072 183.087 178.968 174.054 170.163 167.302 164.528 160.795 156.692 153.931 150.899 148.458 146.783 145.643 141.724 140.225 138.686 135.815 132.163 126.368 122.965 120.851 120.493 121.535 121.395 120.886 117.443 113.604 113.215 114.505 113.497 112.99 110.489 109.186 109.097 107.941 106.475 105.789 106.292 103.861 100.695 98.368 94.8271 93.1972 92.2307 91.6707 89.4895 88.9118 86.9256 84.9804 84.4981 83.9697 80.2976 77.2 75.1563 73.9059 73.3488 70.2622 68.547 66.1936 65.4158 63.4711 61.846 60.0408 58.7155 57.5816 54.4135 52.3069 53.3387 55.4707 54.9025 52.4152 48.4275 46.8646 44.8602 42.6083 39.9613 38.6355 38.3528 36.4276 35.4613 34.3805 33.9507 33.0703 31.2521 28.4159 25.5433 23.9564 23.9188 22.8751 21.9508 20.9582 19.0853 15.8966 13.709 11.6598 10.1321 8.7971 9.49135 10.3581 9.24 5.97619 2.21099 0.0356636 -0.677608 -1.22116 -1.21353 -2.80287 -3.67171 -4.09078 -4.79413 -8.0826 -16.4178 -32.1272 
200 207.856 212.569 214.868 216.834 218.732 219.984 222.096 226.81 226.481 228.255 227.982 227.695 228.628 228.976 227.43 228.646 227.222 227.074 227.989 227.778 225.959 226.225 225.657 225.206 222.191 220.683 218.063 218.149 218.098 219.148 220.715 220.126 219.169 218.609 218.872 221.065 224.562 224.163 223.7 225.693 224.15 222.771 223.897 223.924 222.422 221.421 217.879 216.87 217.287 215.673 215.158 210.637 209.114 207.239 206.922 207.92 202.307 199.727 198.703 195.826 194.491 194.101 192.083 190.599 188.751 188.434 188.577 189.882 189.852 190.642 187.696 187.49 184.507 183.941 185.738 185.373 184.151 182.284 183.144 183.714 182.032 180.711 178.067 175.027 173.268 171.845 168.529 166.058 161.409 156.925 152.167 148.86 145.435 139.739 135.028 132.212 129.067 127.054 126.8 126.293 126.327 124.318 122.8 122.253 120.62 120.922 121.752 120.324 118.668 116.806 115.017 114.343 113.355 111.736 108.265 106.781 105.861 104.371 102.856 102.239 99.5899 98.4844 97.2414 93.5595 90.4788 89.0566 90.5631 90.2563 89.082 86.1788 83.8728 83.1545 82.7047 80.8039 78.617 77.2548 74.0918 73.8976 73.4161 72.9646 68.4885 64.8861 60.0016 57.6038 56.3366 54.6328 53.1165 51.5848 50.5313 48.7057 47.2427 46.3597 44.8445 43.5454 42.0721 40.836 38.3328 38.5075 39.115 39.4268 39.0647 38.1189 37.4989 37.3377 37.0858 37.1363 37.3746 36.3229 34.3397 31.2188 28.9339 28.4778 28.079 27.8171 27.1121 26.6382 23.6646 21.3807 21.7764 19.9364 17.9174 16.3156 14.4151 12.476 10.6412 9.39462 7.77943 4.88786 0.0721557 -1.37096 -1.6649 -1.80207 -1.78484 -1.22182 -0.584629 -1.90134 -6.66706 -16.3149 -32.1439 
200 207.201 212.163 213.769 215.726 217.896 221.089 224.361 223.339 222.376 220.005 219.002 221.126 222.883 222.006 221.189 221.716 222.319 220.318 220.847 219.832 219.142 220.944 221.921 223.206 222.733 222.807 222.282 221.509 222.277 222.452 220.557 219.121 220.136 220.914 220.877 220.871 219.659 215.497 211.583 209.767 211.193 211.802 210.308 210.983 209.343 206.704 208 208.233 210.975 208.75 208.496 209.642 210.858 210.398 209.334 208.177 206.208 203.707 206.88 208.516 208.622 206.596 202.854 201.011 201.116 200.753 199.046 197.365 198.938 199.497 198.561 197.14 192.933 188.99 185.41 182.169 177.759 173.623 171.27 167.8 165.506 161.263 158.667 155.94 152.572 150.458 148.952 148.157 147.109 146.721 144.916 142.833 139.204 135.302 129.66 124.68 121.507 120.523 118.982 118.409 119.084 118.938 114.682 110.484 105.342 101.817 96.8206 92.8478 92.243 91.6579 91.4528 90.3128 90.0904 89.7342 89.4493 86.7248 83.8664 81.3936 79.7379 76.0504 72.5207 68.9173 66.2265 61.1638 60.0821 57.1091 53.0591 49.3966 47.0197 46.2655 43.9413 40.9957 38.8344 37.0274 35.121 36.9221 36.0961 34.1478 30.9455 28.6874 29.795 28.6765 28.0478 27.7324 26.859 25.64 24.6633 23.8942 23.5313 21.6652 20.1254 20.9851 21.7611 21.5794 19.9559 18.9934 19.8193 20.9712 20.0765 18.3547 17.4208 17.0991 16.3164 15.3862 14.3743 12.1923 9.97173 9.43812 8.74609 7.25812 7.01829 5.40266 4.36991 3.41453 2.54961 2.01376 3.65576 5.49119 6.50919 7.03565 6.87233 6.04539 4.49323 2.07331 3.05276 3.18179 1.45092 -0.239309 -0.13124 2.49356 4.89036 8.31263 12.2054 14.7463 16.2425 18.4092 17.673 10.7771 -3.90942 
200 209.285 214.494 216.822 216.227 216.464 215.721 215.142 216.079 215.487 216.434 217.879 218.452 219.488 220.985 222.623 221.788 220.863 218.599 218.389 219 218.835 218.859 219.406 218.382 218.398 218.261 217.556 217.581 216.829 217.13 217.814 218.002 219.449 219.498 218.532 219.936 221.133 221.969 222.909 221.709 219.685 220.07 218.224 216.467 216.378 215.865 215.468 215.157 213.609 210.255 207.483 205.866 207.316 209.862 208.221 207.013 208.137 205.624 203.214 200.033 198.562 195.594 194.289 194.21 191.653 188.121 184.735 185.342 183.495 183.681 181.511 177.805 173.513 170.569 169.677 168.598 166.851 166.924 165.742 164.773 162.891 162.182 160.981 158.374 153.549 150.262 145.5 142.611 140.613 137.008 134.255 132.501 130.332 127.208 124 121.009 116.782 113.92 110.048 107.922 107.021 105.123 104.155 103.99 101.326 99.7116 99.3467 98.2294 96.6747 95.3565 95.2847 97.4767 97.7181 95.1743 94.0839 91.2346 88.1826 85.4054 82.4626 80.7795 77.7359 76.4793 74.4972 71.5699 68.9747 64.4814 61.465 59.5067 57.635 55.5623 55.7469 56.2561 58.384 59.0039 57.0007 55.4948 54.5034 52.7823 51.5353 49.3708 47.3183 44.9102 41.7965 40.37 40.5655 38.9306 37.6899 36.8623 36.1545 36.787 36.5131 36.4967 38.0498 38.9033 38.3592 37.3084 36.0903 36.3274 36.4131 35.7131 36.4233 35.7439 34.4548 34.2373 33.8442 32.6053 31.5236 30.7368 29.7265 26.9802 25.4423 24.4507 23.039 21.4823 18.6932 17.9282 17.6415 16.0759 15.6994 14.9464 13.5451 12.15 12.0986 11.913 9.52507 7.33379 4.42152 1.94519 -0.0777078 1.47645 2.95779 5.04322 8.74261 13.3299 18.3161 21.3701 20.6269 13.0165 -2.50704 
200 207.729 210.825 212.002 211.635 210.508 210.286 209.562 207.644 207.628 211.058 213.507 215.04 215.555 217.033 217.183 219.166 219.568 218.626 219.627 218.224 217.069 217.682 217.627 217.474 219.471 222.247 224.871 226.35 226.556 228.587 230.053 226.347 225.637 223.002 220.643 222.381 223.167 223.11 225.04 225.604 227.357 230.276 228.955 227.518 227.25 227.326 226.327 222.826 220.258 216.484 215.143 215.054 215.048 216.061 215.248 215.054 214.816 214.09 212.666 212.01 210.062 208.506 206.835 204.053 201.85 196.439 192.763 191.742 190.223 186.468 184.302 183.671 181.914 180.321 178.405 176.412 172.93 171.341 168.808 165.068 161.907 162.576 162.035 160.631 158.319 157.666 156.771 156.692 154.187 152.419 150.166 147.621 145.398 143.624 139.228 135.552 132.288 129.664 127.342 123.529 119.866 117.447 116.649 114.892 111.543 108.915 106.681 105.934 104.408 101.609 99.7983 99.6593 97.7234 95.0057 92.8614 88.7229 82.9748 81.3537 78.9607 74.9588 70.8278 68.9834 67.5524 66.0954 63.2747 61.4257 60.5798 58.9301 55.3415 52.2661 47.7079 43.3511 38.9605 38.8234 39.2189 37.965 35.6459 33.0484 31.3682 30.4403 28.9902 27.7754 26.4018 25.3861 22.336 18.9015 16.0886 13.1359 12.248 12.5363 13.4168 13.5348 13.0644 12.7127 11.0776 10.0761 10.7239 10.7134 11.251 10.1526 10.4192 11.6753 12.9153 13.5671 14.2029 13.6518 11.164 10.3515 10.8548 9.22073 9.90789 10.148 11.1585 10.948 8.91816 6.42539 5.50489 6.51205 6.64206 7.2248 8.2789 8.12751 7.94857 8.16298 8.60086 9.04439 7.68147 4.30072 0.0928366 -1.7639 -2.25542 -3.41386 -6.15772 -8.03692 -11.2472 -14.5715 -19.7983 -30.4667 -47.4476 
200 208.294 213.956 217.807 220.293 221.871 222.661 223.438 223.611 224.313 226.33 226.597 227 228.127 229.143 230.128 229.356 228.503 227.795 224.981 223.583 224.344 224.206 225.599 228.814 230.197 229.865 230.786 231.433 233.807 234.514 233.286 229.825 228.954 227.582 226.426 226.778 226.554 225.793 224.093 222.349 221.004 219.541 217.67 216.652 218.156 219.803 218.334 219.128 217.497 218.535 216.136 214.401 213.139 212.252 208.508 204.381 203.368 200.696 198.444 197.802 196.192 193.436 191.359 190.314 188.972 187.291 184.742 182.585 181.323 176.83 173.059 167.972 162.474 158.252 153.673 152.239 150.266 148.287 146.07 145.827 145.308 143.744 143.1 143.287 140.546 137.858 134.645 133.605 131.723 127.96 124.485 121.283 117.891 113.548 111.111 111.638 109.644 107.403 107.196 105.803 103.839 103.127 101.265 101.589 100.681 99.9422 97.5997 94.0867 93.1622 92.4552 91.9717 91.0987 88.6594 85.6832 84.2938 84.4053 83.7322 81.8912 80.0837 77.64 75.8453 72.2577 68.1741 65.3708 64.4668 65.069 65.5186 66.2485 65.2115 62.4463 60.8124 58.7132 57.239 54.8866 52.3857 52.0622 53.2682 51.5083 48.1686 45.5785 44.1983 43.3881 42.9848 44.0059 43.3979 42.2894 41.6841 42.1386 41.5664 39.0249 38.7958 38.162 36.2484 35.3561 35.1609 32.6796 31.485 31.6252 31.3875 32.0869 31.5351 28.4843 25.8596 24.5821 23.1081 22.4767 23.3032 22.2246 21.9742 20.1796 17.6287 15.1922 14.1535 13.4918 14.6862 14.6866 15.1909 13.1646 13.1564 13.4344 14.713 14.2352 11.9508 10.6606 8.18581 4.6136 3.53086 2.15853 -0.0200992 0.381885 0.53863 0.255096 -0.253496 -0.41268 -0.27162 -1.23496 -4.89501 -12.654 -29.9663 
200 207.517 211.53 213.675 214.422 216.091 216.747 219.086 221.512 223.196 223.223 224.74 224.556 225.658 226.192 224.316 222.214 221.452 221.061 221.123 222.927 222.325 223.735 223.464 225.287 224.795 224.071 225.338 223.918 224.291 224.616 222.635 220.052 217.891 217.637 218.045 217.831 217.713 218.219 219.606 223.922 223.009 221.743 220.88 219.964 217.219 217.706 220.976 221.066 218.804 218.462 216.187 213.826 214.982 212.586 211.789 209.003 206.794 205.642 204.073 203.548 200.944 198.984 199.677 198.617 195.73 192.212 190.354 189.741 187.913 183.876 180.238 177.409 172.209 168.998 166.017 164.832 163.468 163.124 159.979 155.951 154.083 151.185 146.988 144.064 140.919 137.992 135.711 133.839 131.277 128.564 126.849 125.497 125.587 125.652 123.688 118.034 114.485 110.138 107.616 106.542 105.355 102.253 98.4786 96.8502 94.022 91.6647 89.3432 87.7205 87.1141 85.8037 83.9353 82.5872 81.7411 79.76 76.4401 73.7639 72.6209 69.488 67.106 62.918 60.0697 59.6143 58.1369 57.369 57.248 55.0274 51.563 50.2546 49.3481 48.1325 47.3792 47.4591 45.1654 45.269 43.7474 43.1989 40.7543 37.8499 36.7092 36.1437 35.6807 33.7743 32.0108 30.1097 29.2646 28.3661 27.3948 26.4421 24.012 20.794 20.5339 21.3159 21.2318 20.6477 18.8865 16.8312 14.6859 13.753 15.4591 16.2749 17.5204 19.0414 20.5411 18.9255 16.3352 14.9876 13.3926 13.5595 14.7113 14.6608 13.8832 14.2712 14.1933 13.3559 13.568 12.9805 11.4316 10.8724 10.5239 11.0353 11.0985 10.0475 8.19872 6.43236 6.19391 5.22239 3.27435 2.12729 0.0162622 -0.308981 -1.14759 -0.249905 -0.665531 -0.118297 0.776161 0.631824 -3.1884 -10.8209 -25.6058 
200 210.725 216.931 220.537 222.863 224.037 226.378 228.011 228.15 227.417 228.384 227.656 225.848 223.225 224.826 225.332 225.136 225.637 226.206 223.935 222.933 221.871 222.649 223.399 223.12 223.741 225.16 226.96 225.57 225.26 226.267 226.46 228.035 227.934 230.263 229.249 227.104 224.703 222.697 224.833 224.56 225.336 224.754 220.634 218.867 220.997 225.577 225.444 227.451 230.049 230.58 233.518 232.452 230.989 230.921 228.763 226.795 227.355 226.641 225.523 224.011 222.046 220.052 217.587 215.573 213.764 210.874 208.429 204.886 203.585 199.504 195.593 191.898 188.333 183.384 180.137 175.876 171.307 167.203 165.398 164.724 165.523 161.959 157.973 155.892 153.14 150.737 145.213 142.8 140.449 139.252 136.787 134.663 134.592 131.719 127.825 126.661 125.851 125.368 125.351 124.099 120.827 119.08 116.637 113.784 110.397 105.174 102.403 99.7233 100.088 99.4921 97.224 96.5902 96.0421 95.4339 94.3831 94.2295 93.5072 90.6137 89.6446 89.0792 87.849 86.7158 84.6524 84.6816 86.2846 85.1958 82.0537 75.9692 73.5474 73.2916 74.0293 72.8533 71.8464 72.5292 71.9716 71.0269 68.6319 65.7464 62.9669 60.6101 59.2951 58.2909 57.4186 57.0073 56.9604 55.139 52.2997 49.5539 50.2751 49.6088 48.5736 47.8319 44.9926 43.556 43.2917 42.7127 41.4226 38.9095 36.1731 33.5473 32.5687 34.8864 36.2296 35.7669 35.3392 33.9711 31.6456 27.7929 25.7629 24.944 24.2468 24.3542 24.5199 24.0663 23.698 24.0752 23.6966 22.0746 23.1231 22.9761 21.8218 20.7749 18.6897 14.885 10.8502 7.60967 4.69266 2.06777 -0.0371332 0.70553 1.46973 1.68229 2.35851 3.02092 2.99489 2.96153 0.540891 -6.79395 -20.7749 
200 207.786 212.727 214.747 216.679 218.506 220.73 221.206 220.043 219.755 219.732 217.082 215.365 215.152 213.322 214.94 215.158 216.9 217.488 217.16 215.157 213.861 214.155 211.94 211.766 211.93 212.219 212.736 214.191 215.283 219.849 220.432 222.208 219.176 216.231 213.909 216.244 218.27 217.6 220.848 223.978 225.174 223.965 220.155 217.154 218.219 217.197 215.385 212.858 212.832 209.138 206.806 204.914 204.93 205.4 199.924 198.274 196.694 195.246 191.885 190.237 187.154 185.274 183.28 183.618 182.918 179.986 175.859 172.415 168.008 166.21 165.284 164.664 163.659 161.852 161.63 159.944 159.604 159.557 158.537 154.548 151.343 147.001 142.001 138.26 135.222 133.255 131.557 131.253 129.846 127.504 124.817 122.172 118.282 115.018 112.53 111.196 109.504 106.94 104.515 101.781 100.181 99.0263 96.4108 94.2639 92.9395 92.1592 91.1882 87.8539 87.0734 84.2167 82.1191 80.128 77.4795 75.5049 73.8595 70.4407 66.8517 65.2725 64.7163 64.6738 64.6905 64.499 64.2259 64.1953 63.3117 62.1275 59.2141 56.1354 53.824 52.8341 49.5747 46.1858 44.1884 43.8652 43.1256 43.0011 44.0777 43.5425 41.8134 40.6006 40.4317 40.0134 39.3195 39.4652 38.1735 37.7682 35.987 34.2854 32.9184 30.9144 32.6183 34.6133 33.6084 32.8099 30.4869 29.1549 27.9997 27.1011 25.8521 24.2631 23.8815 23.7596 23.4889 23.7348 24.0412 24.0417 23.7162 23.8512 23.3856 23.0905 21.7676 21.4442 21.2226 21.0749 21.062 20.2049 19.2265 18.7546 19.2323 19.4656 19.0031 18.8391 18.9443 17.8954 14.633 12.2787 8.30881 3.57878 0.16326 -3.10195 -6.16163 -7.50141 -8.60273 -10.4177 -11.9047 -12.9907 -16.0032 -27.3603 -45.9259 
200 208.143 214.51 219.134 222.548 225.705 227.294 228.6 229.231 228.903 227.744 228.804 229.16 227.874 226.335 225 225.929 226.467 226.383 225.738 223.813 223.095 222.77 224.796 224.984 224.11 223.473 223.564 221.852 222.398 222.412 222.813 222.9 224.67 225.197 224.233 225.87 226.012 225.162 224.81 223.387 220.35 220.048 218.674 220.105 222.177 223.993 222.659 222.696 220.68 221.554 222.362 220.849 219.771 219.907 220.641 217.437 216.855 214.666 211.467 207.86 206.756 204.033 205.374 203.948 205.772 208.611 206.537 204.996 202.323 199.887 196.686 194.522 190.152 187.528 184.211 180.971 178.414 175.978 173.698 171.033 168.944 165.619 162.497 160.288 157.099 153.996 150.679 147.709 145.895 144.554 141.857 138.304 135.684 132.308 128.847 126.785 126.696 126.293 125.367 123.858 122.927 121.889 119.252 115.528 110.239 105.166 104.875 103.654 100.532 98.2057 96.9176 97.6628 95.4285 94.2515 93.1843 90.5996 85.6391 83.6538 83.0443 81.5969 78.453 75.4071 72.8833 70.997 69.1134 67.5758 66.7767 64.6381 63.2509 62.3373 60.8247 57.4298 54.837 52.7676 51.7897 52.1376 51.6931 51.3476 49.4632 48.7684 47.9668 45.9026 43.9761 41.9545 39.6894 38.4001 34.8898 32.7724 31.6046 30.3621 28.5457 27.3016 27.9739 27.7567 27.2623 25.7135 23.954 21.9396 18.8918 16.9114 14.0591 11.8799 11.3299 11.5703 12.3804 14.0453 14.5204 13.6497 13.5299 12.7647 10.7187 8.96587 8.12291 6.78749 4.56037 5.26794 7.33277 9.42566 9.89007 10.2678 10.3995 11.2503 13.2128 11.912 11.6279 10.0996 6.97746 3.0073 0.0556939 -1.05818 -0.151966 0.209568 0.73309 0.939787 -0.423981 -0.0807292 -3.01931 -11.5006 -29.1457 
200 207.377 212.241 214.655 216.329 218.425 220.597 220.506 221.818 221.624 220.972 221.773 221.658 221.949 223.175 225.8 228.22 230.071 231.229 233.205 234.072 233.938 232.425 233.053 233.985 234.789 235.534 235.805 234.605 235.939 239.165 240.33 239.731 241.05 239.828 237.947 237.916 236.85 237.415 233.948 232.255 232.963 232.977 232.684 230.122 229.084 227.357 224.839 222.188 222.805 221.45 217.543 216.099 215.003 212.083 211.364 211.679 210.014 208.494 208.391 205.656 204.948 203.003 199.077 196.332 196.686 196.008 192.863 190.66 188.825 186.623 183.928 177.881 173.408 169.883 166.203 165.252 164.488 160.616 157.066 157.107 154.8 151.701 148.387 143.834 138.715 136.206 136.611 136.817 135.866 133.073 129.768 127.821 124.792 122.8 121.162 117.455 114.924 112.596 110.184 109.767 106.861 104.049 102.185 98.9311 95.2913 93.3436 92.5741 91.3545 89.1335 87.682 86.08 84.1251 82.5075 82.7656 83.2454 81.3281 76.1184 72.3833 69.0745 66.3901 63.7411 63.2856 62.7658 61.6525 60.523 59.6361 58.0222 57.8884 57.3331 56.4444 55.1582 53.3799 51.4881 49.8219 46.5221 45.4648 43.4568 42.1852 42.6634 42.1799 40.8431 39.365 37.8672 37.088 37.375 38.1475 39.9238 39.4547 38.8301 37.2493 36.2087 35.2084 32.9121 29.7746 26.245 25.0336 25.9589 27.7182 28.1651 27.9773 30.276 30.3167 30.2631 29.9037 30.2533 31.4399 31.814 31.7082 30.7071 30.9592 31.2596 30.3635 29.9185 25.9245 23.1985 21.9164 21.0926 19.1166 18.5032 18.3601 18.2199 18.2054 16.3699 14.0293 10.4361 7.47363 4.78714 1.87291 -0.0380239 0.722454 0.886698 -0.0608021 0.445775 1.0024 -0.487239 -3.13835 -6.91352 -16.3619 -33.3475 
200 209.846 215.503 218.659 220.062 220.796 221.981 222.339 221.299 220.151 220.216 220.142 221.29 223.551 225.322 226.28 226.043 225.523 224.711 225.704 225.417 225.831 224.738 221.955 219.974 218.44 218.492 218.803 219.766 221.165 221.03 221.361 223.26 222.73 222.747 223.39 225.164 223.009 224.982 226.742 226.557 225.408 227.65 228.679 228.743 228.004 226.292 222.155 218.897 219.502 219.32 216.868 215.735 217.409 216.704 216.477 213.603 214.016 212.655 213.07 213.607 215.485 214.744 210.789 209.18 207.131 203.303 198.844 195.156 192.542 189.655 188.407 186.076 181.585 176.858 172.11 166.485 161.681 157.67 157.695 156.605 152.524 150.635 148.98 148.153 144.135 140.309 136.71 134.877 134.354 134.695 135.461 133.66 129.303 125.033 123.135 121.319 120.852 119.083 118.2 116.127 113.561 110.517 105.77 99.9902 96.4141 94.0147 91.8845 89.1293 85.1494 80.4181 75.8705 72.6259 67.8373 63.6225 60.3077 57.6259 58.0065 57.1059 55.1628 53.0953 50.1391 47.5636 45.4314 43.802 41.823 41.5436 40.8501 38.6622 36.247 35.7749 33.4092 31.8628 30.7023 28.413 25.6509 23.0431 20.6933 19.3893 20.0842 21.615 22.8381 22.9378 22.8884 21.4392 20.0399 18.6095 16.9451 15.6653 15.7234 14.981 13.753 11.4607 11.6154 11.64 11.5154 9.75997 9.64807 8.00477 8.3779 9.37174 10.3886 10.5575 8.93702 6.72537 6.05608 6.97858 9.34361 11.4839 11.9504 12.7857 12.8194 13.8934 14.7113 15.84 15.5655 14.8707 12.4222 11.7141 11.3702 9.53029 9.37926 9.06186 11.4609 12.3829 12.5354 10.0044 7.75539 4.05483 0.0193073 -0.366838 -0.80634 -2.04987 -3.54574 -4.99568 -7.10823 -10.6322 -16.5916 -25.7065 -42.3267 
200 208.124 211.376 212.993 215.018 214.766 214.728 216.66 218.885 219.783 222.982 225.227 226.638 226.143 225.812 225.627 227.098 228.629 229.182 230.833 232.56 231.463 230.6 230.315 232.704 232.294 231.895 230.108 229.536 228.769 228.041 229.244 231.001 232.076 233.505 233.449 230.854 230.946 229.005 228.976 226.806 223.962 222.237 221.244 221.549 223.327 224.31 223.077 223.656 223.699 224.355 222.567 222.144 222.184 221.215 219.168 218.382 217.044 215.705 215.466 214.922 214.833 213.671 210.271 209.396 209.13 207.913 205.217 203.61 201.975 199.619 198.785 198.939 196.653 193.823 190.94 187.193 183.971 180.669 176.86 172.437 169.749 168.675 165.751 163.17 161.201 159.135 152.13 148.415 143.317 138.731 135.099 134.463 134.779 131.085 125.963 121.724 119.846 119.026 117.14 116.769 115.42 113.1 112.305 110.982 109.315 107.241 106.272 104.935 103.76 100.4 96.7621 94.3871 93.3286 90.9147 89.8901 89.1433 88.251 87.0669 85.8403 87.4961 86.2089 84.2011 82.7249 80.9163 79.7584 79.4105 78.5158 76.9224 75.7917 76.0314 75.4418 73.8879 71.2687 65.7476 61.889 61.5853 61.138 59.3351 54.7538 51.5368 49.3205 47.5607 46.2227 45.5153 45.1021 43.4507 42.7237 40.5302 36.836 34.0282 34.0481 36.4928 37.8335 37.4137 36.3583 35.7282 37.0153 36.7187 36.0542 34.7399 32.3945 30.0168 29.9618 29.2182 29.2673 29.7105 27.7052 27.4736 27.4936 27.1507 27.7682 28.2997 28.4422 26.6738 25.645 24.6396 23.7963 24.2122 22.5876 20.787 18.4017 15.8838 12.4394 10.516 9.66258 8.90265 6.47369 2.63544 0.0166811 -0.316941 0.705556 2.17723 3.20647 4.86702 6.36513 7.59332 3.6516 -4.65104 -21.9258 
200 208.232 212.734 216.175 218.699 221.017 221.288 221.409 221.818 223.193 222.512 223.2 224.814 225.568 226.366 226.57 227.303 228.236 227.456 227.269 226.074 223.792 222.133 220.894 221.899 221.471 222.32 225.717 225.41 222.471 222.275 224.003 224.503 226.305 227.454 229.714 229.417 229.375 229.47 229.91 226.352 222.807 220.274 219.915 221.625 221.062 222.719 223.664 221.22 219.501 221.41 223.426 224.915 225.621 223.675 218.981 217.574 215.414 213.638 210.717 209.607 209.182 206.699 205.826 204.774 206.134 204.6 202.26 198.862 195.321 191.451 188.227 183.992 182.535 180.226 175.497 170.534 165.373 162.022 159.723 158.051 156.266 154.602 153.011 152.898 150.218 148.143 145.589 143.512 139.689 137.476 134.652 130.732 127.095 126.426 125.678 122.291 119.596 117.52 116.071 115.486 115.275 114.517 113.114 110.643 107.461 102.81 97.9009 94.5958 91.3363 88.5223 86.5058 83.9182 80.8037 77.9331 74.3687 73.3561 75.2923 75.6929 73.3142 73.1293 72.462 69.6655 69.4265 69.544 66.1223 64.2811 62.442 60.2504 58.912 57.6889 55.3154 53.3722 52.916 50.1863 48.4078 45.8006 44.7607 43.5746 42.2003 40.073 36.9736 31.6691 28.2583 24.9832 20.3881 16.3614 15.6361 16.0758 16.3815 16.7029 15.0394 10.5898 7.18727 6.14667 6.09432 6.53278 6.95195 6.49336 5.3189 5.9118 7.83689 8.09251 6.59835 5.66431 4.79307 3.39062 2.09046 1.87346 1.65681 1.59591 1.08041 0.945772 0.0452845 2.34181 5.46255 7.22509 5.96805 5.41053 6.13293 6.04434 6.65283 7.10599 7.63364 6.81503 6.05829 3.04645 2.65698 2.4546 -0.0494394 0.939348 1.61397 2.38069 3.88265 4.02109 3.17691 0.586714 -5.03577 -14.225 -31.1325 
200 207.553 212.52 215.084 218.91 221.086 222.731 223.524 223.85 225.108 224.898 225.812 227.108 226.321 225.754 226.177 229.573 232.438 233.079 232.986 232.43 232.478 232.355 231.146 231.891 232.442 232.411 230.403 227.006 225.401 227.174 229.597 229.741 231.597 233.736 234.423 233.948 231.76 230.889 231.391 231.777 232.592 232.41 229.301 229.435 230.258 228.057 225.929 225.466 224.406 223.347 222.63 223.723 222.409 217.242 212.949 211.7 211.411 210.651 207.919 207.229 207.646 204.418 200.336 198.039 196.424 197.242 194.02 189.512 183.649 180.381 177.7 173.087 169.643 167.653 168.578 168.677 166.266 163.14 160.108 157.721 155.843 154.845 150.37 146.994 144.893 144.908 142.96 139.428 134.982 131.633 127.936 124.506 122.897 121.669 121.028 119.977 117.539 115.771 113.1 112.566 112.845 113.299 112.162 109.419 107.916 105.095 102.738 98.6384 93.7953 91.6794 89.8107 88.0505 86.2034 83.2786 79.61 76.4136 73.64 70.6402 68.5928 67.1217 67.9725 66.2492 63.8376 60.531 57.5137 56.0184 52.3904 48.6356 44.8809 41.4123 38.6286 38.5086 39.5495 38.0827 36.7919 36.1701 36.5845 37.0586 36.5648 34.335 32.7716 31.5606 32.181 32.3739 30.4847 30.174 29.6192 27.7404 28.0125 27.5265 26.3757 24.2192 23.0811 22.3007 21.2629 19.2936 16.6705 13.1847 10.9355 9.23348 8.73749 9.54465 10.9803 12.081 11.4264 10.1234 9.77696 10.4094 10.8288 10.8613 12.13 13.4755 15.0262 15.5454 14.6167 14.417 14.9986 14.6184 14.6402 13.9746 12.428 13.3139 13.2279 12.5934 11.3578 8.06734 5.50843 3.91964 0.0517653 -0.983541 -0.684435 -1.90476 -2.70528 -3.48944 -6.86801 -9.35061 -15.6592 -23.2815 -38.911 
200 207.409 211.465 213.271 213.667 215.954 216.377 217.598 218.907 217.305 216.078 215.375 213.575 215.471 216.662 216.285 216.832 216.404 217.363 217.473 220.44 221.788 221.715 224.27 223.766 224.516 227.546 227.569 225.928 225.416 223.53 223.279 222.975 221.506 223.764 224.206 222.9 225.133 227.446 227.214 230.001 230.465 229.725 228.085 230.918 231.665 231.339 231.861 231.801 230.402 228.717 227.745 226.269 226.529 223.671 224.504 223.274 222.21 221.57 218.395 216.584 213.689 211.653 210.648 209.335 205.69 204.453 203.387 201.89 198.657 193.176 189.434 183.383 180.421 180.14 178.541 175.959 173.905 170.323 168.377 164.507 162.395 159.951 158.573 154.634 151.016 147.889 144.741 142.228 140.497 139.216 138.223 137.956 137.903 136.27 135.696 133.546 131.189 126.106 122.244 119.567 117.691 114.838 112.593 113.268 113.58 112.194 110.521 109.195 107.915 106.766 103.954 100.833 99.1394 98.4609 98.297 95.1977 91.1264 87.7722 83.6624 81.7487 81.0135 81.0435 79.419 77.2373 75.1179 73.1082 69.9386 65.8445 62.9634 59.6716 57.7296 57.2211 56.1133 54.0053 52.897 52.3698 50.6997 49.1236 46.4382 44.3984 44.9157 44.8728 43.6511 42.6356 39.4199 37.2481 35.2487 33.148 31.2802 31.5372 31.6256 32.6486 33.4528 34.2041 33.8776 31.6802 29.1315 26.2949 24.0247 23.4322 22.9921 22.91 22.6037 22.803 24.6317 26.593 28.2407 28.1224 26.0495 24.6591 23.8094 22.4449 20.6184 19.5463 19.5137 19.4059 17.6087 16.381 16.6545 15.6961 16.2637 15.5099 14.4927 12.512 11.1214 9.30375 6.33099 4.47432 0.0790188 -1.50136 -0.108479 2.42174 5.69813 8.63601 10.4287 10.8771 9.61079 1.8309 -15.3548 
200 208.544 213.177 216.235 217.022 217.217 218.771 221.446 223.462 224.884 226.336 227.295 227.698 227.732 226.141 226.371 225.389 224.985 225.249 225.356 225.263 224.514 222.471 220.315 218.386 216.9 213.507 213.076 211.485 210.86 210.293 209.417 207.193 203.546 203.499 202.409 199.961 199.427 200.781 201.613 202.981 199.178 194.346 196.277 197.642 197.793 195.379 193.646 192.287 190.984 190.069 190.738 190.656 191.086 190.367 190.43 187.18 185.333 186.415 186.492 182.15 178.004 175.075 172.422 170.998 167.875 166.048 163.037 160.783 158.651 156.57 152.771 151.746 149.311 146.098 143.882 143.948 143.258 143.205 140.542 138.901 137.446 136.825 135.838 134.838 132.793 129.944 124.42 121.559 116.927 112.799 109.318 108.263 103.684 99.8811 98.0279 97.5541 96.5039 96.1391 95.7721 95.0986 93.1149 90.4021 86.7967 83.2834 81.6342 79.9532 78.7657 76.7389 75.1337 73.9502 72.2708 70.5657 68.8845 67.4203 66.0074 65.2679 62.9883 60.5666 57.6987 55.2349 52.4662 49.5886 46.6488 44.1934 42.2168 41.3721 40.6342 40.0753 41.226 40.039 38.6252 37.822 36.3851 34.9703 33.2254 31.9826 29.8295 29.8166 30.391 30.8317 30.913 28.3138 24.8752 22.9618 20.5259 18.4643 16.8782 15.8653 13.0055 12.4693 10.8811 10.0578 10.8297 11.317 11.6436 11.1191 9.62474 9.05943 8.56555 8.68477 7.29829 6.57135 6.60242 7.72729 8.36691 10.1179 11.0183 9.88491 9.09334 7.67883 6.99965 6.49892 6.73834 6.8255 6.84997 5.10284 5.16898 4.34819 4.06954 5.33903 5.47903 6.32233 7.87189 7.4221 6.07178 4.31264 2.58955 0.609466 -0.0240802 0.457524 -0.170746 -0.665369 -1.78541 -1.45671 -0.35921 1.28715 -1.12361 -8.88982 -22.6557 
200 208.509 213.2 215.945 216.566 217.404 220.138 222.523 222.079 220.784 219.847 219.817 220.991 220.959 221.494 220.847 219.664 219.02 219.199 220.384 218.579 217.83 221.122 221.116 219.074 218.153 217.839 219.456 219.211 216.858 216.068 216.155 218.137 220.261 221.072 221.656 223.375 223.567 221.838 219.359 216.697 215.154 214.516 215.56 217.115 217.762 217.777 217.447 215.705 214.192 214.012 213.953 212.779 213.945 211.752 209.8 207.722 207.499 205.683 205.488 205.297 203.247 200.358 197.747 196.353 195.555 195.31 197.215 195.026 191.618 186.286 183.203 180.264 180.572 180.96 176.191 172.325 168.349 164.971 161.562 158.02 155.285 152.89 148.889 145.768 143.411 142.419 140.865 137.32 136.235 135.401 133.809 127.949 124.415 122.029 118.336 115.244 111.866 110.595 108.719 106.218 102.518 99.6377 96.2672 93.2104 90.4215 88.1571 86.0804 83.4912 81.92 79.9277 77.1042 74.4625 71.4639 68.684 67.5402 64.453 61.1063 58.8994 56.4068 54.1934 52.4395 51.3055 50.983 50.6 48.7938 46.1372 44.9694 43.9836 42.5015 42.8861 41.9325 41.1497 39.4807 38.62 36.8455 34.9186 35.0953 35.8298 36.4705 36.6683 37.2469 36.2435 33.2294 30.1828 27.855 25.0266 23.8459 23.5576 24.0514 24.4092 25.4862 25.8588 26.2153 25.6048 25.2342 25.4914 26.1351 26.3117 26.4344 24.3231 21.3538 19.2026 17.4678 17.3636 15.8199 16.0099 15.8653 14.5563 13.0204 14.3168 14.7351 14.0971 14.2602 14.4797 15.2215 15.1301 14.2826 14.5039 14.919 14.8382 13.7467 13.3188 13.0074 10.0921 9.05819 8.21827 4.64575 2.05691 0.0681558 -1.29496 -3.10282 -4.34641 -6.68237 -10.6291 -14.0506 -18.7265 -25.1549 -34.2216 -50.3341 
200 209.708 213.76 214.664 217.134 220.278 221.064 222.229 221.662 222.18 223.439 223.348 220.928 219.607 220.115 221.172 222.437 223.193 224.031 223.608 223.646 222.456 219.614 217.112 215.68 215.043 216.552 218.732 221.821 221.587 219.868 218.846 220.207 223.222 221.57 221.749 222.813 222.039 223.734 223.09 222.901 222.979 223.642 223.064 221.812 223.017 225.398 226.545 225.379 220.72 215.945 213.016 209.197 206.04 204.795 204.17 202.189 201.293 201.666 199.852 199.102 199.465 199.435 197.763 196.561 195.324 192.172 189.947 187.835 182.622 176.328 173.667 172.157 168.565 164.76 162.326 159.509 156.634 155.172 153.417 152.077 149.991 147.578 145.352 142.442 141.963 141.501 138.422 138.509 138.008 133.817 130.846 128.81 125.998 123.16 121.369 119.927 115.449 112.781 110.219 107.899 106.383 102.102 98.9103 96.4479 96.1201 94.001 91.3976 88.0061 86.4189 85.5642 80.9168 77.1601 73.1012 69.7509 66.424 61.838 59.5071 57.5807 57.6511 56.8998 54.5781 52.0489 50.2924 48.4636 45.2365 42.471 39.3479 38.7166 38.5316 37.3356 36.6373 35.4381 35.9561 35.805 35.5133 33.3819 32.3474 30.0962 27.9334 28.0081 30.5489 31.3788 32.7657 31.598 30.2458 31.0513 29.935 28.9415 28.6904 28.4549 28.2815 27.0943 27.4367 28.6294 29.3425 29.1139 30.1366 30.3724 31.6947 32.7614 34.6975 35.8428 35.6527 34.2572 32.6351 31.0207 30.4095 30.412 30.852 32.1981 33.4078 33.6293 33.2162 31.6967 28.356 25.4057 21.7399 20.2371 20.6218 19.9629 18.8144 18.2429 16.9286 15.6894 12.2828 9.10559 6.42673 1.75513 0.0710755 -1.35043 -2.59546 -2.31872 -3.02056 -2.65977 -2.74446 -2.44453 -4.60152 -13.5584 -30.2194 
200 207.911 211.691 213.735 216.551 219.257 221.409 222.436 222.778 223.984 222.494 222.419 223.494 225.324 227.07 226.936 227.562 228.133 228.276 231.031 232.694 233.763 235.975 236.556 234.892 235.455 237.858 240.349 241.549 239.636 239.677 238.662 240.362 243.151 243.67 241.397 238.281 239.306 238.324 237.11 236.456 236.629 237.269 234.924 233.775 233.842 233.281 233.795 235.977 234.155 233.042 231.703 230.081 228.374 228.582 231.247 230.655 229.312 228.142 227.671 228.038 227.121 223.349 220.189 219.023 220.024 218.605 216.167 213.456 209.567 204.639 200.886 197.233 196.678 197.155 196.089 196.954 196.887 193.224 189.475 185.421 182.812 182.438 181.38 177.227 173.309 169.765 165.579 163.167 159.275 158.227 155.73 153.895 150.258 146.443 141.005 137.786 135.547 133.064 131.824 131.031 128.002 123.904 122.415 120.773 119.308 119.066 118.022 117.085 115.643 114.465 113.414 111.232 108.102 107.9 108.223 107.621 105.795 103.012 99.2754 97.1198 95.1148 92.8189 90.1601 88.1039 86.0487 84.3376 83.9656 80.7348 76.4073 74.0343 72.1186 68.9858 66.8605 64.9737 62.8701 60.5814 56.4792 51.9225 47.4298 43.6757 39.8196 35.7888 34.6367 35.207 33.84 31.8927 31.0963 29.003 27.7735 25.7753 23.7964 22.6126 19.6105 16.9994 14.8586 12.1147 10.2352 9.65446 10.848 13.0401 13.549 14.0466 15.3669 15.1288 17.0839 17.4776 17.0518 16.0835 13.1416 11.6414 9.53159 8.28634 11.5655 14.1667 15.7826 14.9872 13.8743 12.869 11.1048 9.33393 8.66143 9.00949 8.59594 8.17744 7.14185 5.84455 4.65445 2.65157 0.096538 -1.83422 -1.55576 -0.219276 3.4027 2.71148 1.51473 -1.11033 -5.84424 -14.9353 -32.2648 
200 207.317 213.164 216.922 219.475 221.576 221.789 220.964 219.623 219.092 219.47 218.469 216.124 214.322 213.804 213.902 215.283 216.659 217.727 221.671 221.332 220.863 222.837 222.714 224.463 226.111 226.74 226.972 226.705 226.312 227.738 227.616 227.03 229.411 226.699 225.246 225.425 224.692 225.753 226.048 226.982 228.365 231.495 231.812 230.077 226.557 222.546 218.714 214.744 214.104 214.658 213.898 211.147 208.971 207.43 205.319 202.866 203.699 206.267 205.802 203.985 203.812 202.121 198.781 199.319 199.196 197.255 195.171 192.228 189.851 190.779 187.977 182.406 179.4 178.103 175.254 172.566 170.417 168.224 165.754 161.373 158.579 154.947 154.554 153.319 150.473 147.654 146.735 146.479 144.225 142.725 141.604 139.844 137.718 135.264 132.382 130.225 126.717 124.297 123.138 122.078 121.258 120.773 119.741 115.805 111.683 109.908 107.72 104.249 99.2557 93.8864 89.856 87.3463 85.2012 85.1225 85.8102 85.4568 84.0458 81.5644 77.9956 73.7153 68.9517 64.9097 63.1151 61.5636 61.2178 61.3166 60.1179 60.4075 59.9185 57.1284 53.2924 49.9644 47.4217 45.9108 44.9246 43.9528 43.0139 42.9267 43.3383 41.5712 39.3613 36.4036 34.5888 31.5411 27.3463 23.9686 22.4684 21.8738 20.4702 20.6502 20.5364 19.5171 16.4889 13.2257 11.0608 10.1876 9.28988 10.1055 10.3859 9.62874 9.68484 9.21985 8.9725 10.4214 10.544 10.7368 10.4435 8.59936 5.27116 2.5194 2.4267 3.45488 3.65889 4.71282 5.37932 5.42447 5.41355 4.72627 3.55353 2.75885 1.02315 -0.0601303 0.0108897 1.69147 4.65409 4.8865 4.31249 2.72281 0.0274415 -0.521388 0.584518 0.718139 0.408873 -0.23129 -0.802953 -1.34086 -6.11487 -16.9024 -34.1523 
200 207.654 212.827 217.462 220.288 222.391 221.129 220.983 221.772 224.181 223.682 221.697 220.751 221.82 222.905 224.474 225.278 228.24 232.43 233.201 230.746 231.377 231.343 232.566 232.913 232.761 233.642 233.488 231.507 232.16 232.002 231.712 230.684 229.854 227.678 225.867 225.998 225.034 225.305 224.522 223.249 223.829 226.05 230.559 232.636 230.406 229.36 229.531 228.3 227.15 228.746 228.806 226.939 223.045 220.416 217.471 212.806 210.846 208.825 206.618 203.743 203.273 203.519 203.684 202.6 201.308 200.412 197.471 194.817 191.968 190.742 186.017 182.096 178.257 175.701 174.49 174.543 173.571 170.687 166.233 162.599 159.901 158.927 157.473 154.065 151.434 148.192 144.957 142.915 140.663 137.498 134.86 130.423 127.291 125.5 122.593 118.842 116.5 116.712 117.989 115.564 113.333 110.844 109.937 109.141 106.923 103.429 99.6645 97.3716 95.4793 92.2158 90.5922 89.2841 88.5106 88.0391 86.6762 84.9981 82.5583 79.2218 76.9866 73.2974 70.9052 67.9723 66.134 64.1158 61.4806 59.8511 57.4279 56.0585 55.308 53.4726 51.919 49.6896 46.5236 44.3173 40.7447 36.9424 35.5667 33.8979 33.3519 33.2162 32.7112 32.5995 31.1484 28.4004 25.5243 23.071 21.1198 18.6829 17.402 17.7633 17.2165 16.2456 15.9501 14.3458 12.2684 11.4462 11.0844 12.5795 12.031 10.8126 9.33036 7.0983 4.67812 3.30306 3.85928 5.80437 8.38849 9.59634 9.8003 9.1795 8.93262 8.62189 5.89862 4.74945 4.63599 5.90872 7.20651 10.066 12.1587 12.2746 12.0537 11.8748 11.2156 10.8999 8.30146 6.50658 5.13944 3.42509 0.154666 -2.93865 -3.76715 -5.57907 -8.1313 -12.0306 -15.6144 -21.2848 -28.689 -41.4493 -59.6143 
200 207.716 212.128 213.865 215.802 217.874 218.233 219.168 220.493 220.327 219.376 220.722 221.625 223.341 225.219 228.006 228.22 227.721 228.927 228.101 228.709 228.441 228.439 227.826 227.718 226.931 227.029 225.21 225.081 228.215 228.255 227.711 228.269 228.885 231.38 232.553 229.896 228.268 230.131 227.918 228.851 230.208 230.727 233.059 234.208 232.453 228.206 226.094 224.676 223.067 222.981 223.116 222.224 220.999 217.944 214.371 210.85 208.392 206.533 205.047 201.54 198.349 196.504 195.595 192.635 189.476 187.918 185.86 183.43 177.22 178.344 178.815 175.088 171.304 168.381 164.825 161.257 159.547 156.162 152.766 148.76 146.391 145.113 143.939 143.299 142.316 139.539 137.507 132.825 132.098 131.052 128.683 127.048 124.965 122.576 121.119 119.491 116.953 113.193 110.93 110.11 109.606 107.848 106.326 104.632 102.133 99.663 97.0365 95.4103 92.306 88.006 86.8492 85.586 83.5062 80.5702 78.1869 77.312 76.4361 73.755 71.6149 70.687 70.5087 70.5913 67.3649 65.0765 63.6402 62.8937 62.019 62.0323 59.8672 58.7377 57.7892 56.7285 54.9874 54.0667 50.7708 48.8891 47.4547 45.875 44.3843 42.6476 40.312 37.3312 34.3398 32.2895 31.0896 28.5648 26.5278 24.8976 22.5953 22.7881 23.9122 25.1263 25.8988 26.1567 24.4171 23.0507 20.6002 18.82 18.0459 19.012 19.8741 19.84 18.0202 16.0502 16.1358 16.7181 17.7684 19.0906 19.8493 20.6435 22.0245 23.8993 24.5182 23.2087 21.1936 19.8239 19.5829 18.4394 16.2613 16.5114 16.0402 17.4721 18.3163 17.1511 15.6858 12.2493 7.67471 3.20275 0.00541575 -0.102899 -2.01814 -3.19451 -3.44866 -5.11106 -7.50081 -9.98486 -14.9357 -25.105 -43.2491 
200 208.414 213.693 216.311 216.577 217.295 217.978 220.021 220.181 220.493 225.44 227.095 226.582 227.611 227.008 228.451 227.807 226.963 226.411 226.455 227.689 228.778 229.76 231.016 232.065 232.453 231.548 230.967 234.171 233.021 233.031 234.051 233.21 231.866 232.149 232.862 233.58 230.702 228.254 231.73 234.961 234.989 233.684 229.646 229.825 228.256 227.973 225.078 225.388 224.075 223.027 223.027 222.229 221.698 222.224 221.985 223.11 221.159 217.618 216.246 215.429 214.197 211.357 209.486 207.675 203.812 200.951 199.332 199.173 195.796 193.699 192.745 192.044 190.661 186.234 183.105 181.26 179.569 174.025 170.962 167.193 164.245 161.351 158.522 156.728 154.303 150.915 147.469 143.401 140.441 138.155 135.682 135.523 133.337 129.839 125.05 122.796 120.774 116.821 114.37 111.322 108.367 107.239 104.497 102.206 101.401 98.3753 97.6178 95.678 94.588 91.1109 87.0176 84.1397 80.5215 78.2346 74.6494 72.6357 69.6985 66.5135 64.7588 63.7557 62.765 60.9419 57.7558 56.1193 54.0376 51.061 50.9387 51.5098 49.7496 46.8356 44.1157 40.4165 38.4453 35.5105 32.3414 27.7727 25.837 25.1113 25.8807 26.6234 27.102 26.2107 25.0627 24.5877 23.664 22.897 21.7341 20.5399 17.9435 13.7175 9.91939 6.94879 5.89873 5.42508 5.47854 6.80011 6.17407 5.63655 6.50016 6.0001 3.39284 2.36343 2.3811 2.27339 1.32456 0.811309 0.794109 1.8447 5.33941 7.73237 10.0061 11.3663 11.8746 13.3224 12.9504 11.8573 10.8935 7.96773 6.54722 5.73648 6.11015 6.46535 7.6451 9.04131 9.30277 9.75276 7.15923 4.33266 0.077988 -1.48177 -4.51635 -7.93233 -10.6547 -13.1098 -13.8162 -15.3638 -20.1361 -30.3503 -48.6701 
200 208.139 212.479 214.87 215.003 215.952 219.261 219.013 219.525 220.734 219.512 217.541 217.499 217.878 218.152 218.494 219.028 218.6 217.732 216.359 213.978 213.981 213.824 213.608 211.766 210.698 210.838 212.774 213.166 215.712 216.471 216.911 213.016 210.781 211.574 211.152 208.686 206.886 206.31 209.071 208.898 210.629 210.137 210.09 210.596 211.377 213.472 213.274 214.299 215.192 215.754 213.768 213.614 212.757 212.651 211.694 210.269 209.189 207.05 206.842 206.599 204.555 203.73 203.107 203.052 200.966 199.77 200.219 200.726 200.385 198.242 198.578 197.854 196.272 193.174 190.615 186.438 182.463 179.77 177.111 173.881 169.385 165.433 163.616 161.95 159.234 155.101 152.517 148.933 145.565 144.269 144.019 141.93 138.106 133.303 131.687 129.41 126.296 122.417 120.397 116.991 114.385 109.958 107.02 103.323 102.48 101.115 100.379 98.0648 97.04 94.9166 92.3314 92.6978 89.9651 87.4044 85.1416 81.9644 81.351 79.1805 77.8891 76.1002 74.9347 75.5317 76.034 75.2291 74.7822 73.7326 72.4473 70.3149 66.4191 65.4466 63.9847 63.3195 63.0239 60.7982 58.2643 56.239 54.444 54.475 52.7642 51.4128 51.7178 53.1258 54.8329 54.8161 55.0855 56.4946 57.9441 59.4913 60.2512 60.4195 59.5991 59.1337 59.0476 58.141 57.4205 56.1838 55.6527 54.9107 51.9002 49.2526 47.353 46.1108 45.2543 43.4501 42.8588 43.1533 42.7498 42.4538 39.9746 36.5705 35.6132 35.745 36.4166 35.8936 35.6145 35.2452 35.9527 34.9259 32.5126 29.3055 24.8434 22.2612 18.7428 15.0681 13.3972 9.52118 6.81421 3.44922 0.0579023 -1.10014 -1.88527 -3.31566 -6.91451 -11.7322 -16.1209 -19.5168 -24.9733 -33.4182 -49.9775 
200 207.803 212.2 214.769 215.398 216.758 216.733 217.169 219.114 222.018 223.657 223.776 224.293 224.117 224.424 223.826 223.714 224.564 225.01 225.457 227.681 225.463 225.613 225.227 223.844 222.815 220.674 218.708 219.108 218.06 220.856 221.959 222.112 225.215 225.904 227.536 227.244 227.888 228.862 229.201 228.341 228.222 227.747 227.041 228.452 228.838 228.925 226.265 221.406 218.132 217.522 216.895 214.359 211.384 208.07 204.912 203.115 203.301 203.473 201.409 198.422 195.24 193.54 195.539 192.088 189.125 186.921 183.706 180.051 177.339 173.37 171.911 169.988 168.949 166.758 163.349 159.823 156.317 152.826 150.209 148.524 145.923 143.836 140.606 136.959 134.923 132.748 129.056 125.376 121.642 120.254 119.204 117.057 114.073 110.184 108.417 108.376 107.164 106.137 105.041 103.46 101.337 102.219 102.052 100.201 96.0842 93.7064 92.5897 91.902 89.5013 89.3866 87.3458 84.576 81.3086 78.5111 75.7776 73.214 72.9729 70.9815 68.0434 65.3876 62.739 61.1448 58.4177 56.5849 56.7291 56.1887 53.596 50.9643 48.7379 46.3125 44.9181 42.6197 42.2086 42.1149 40.3109 39.7076 39.6082 38.8702 37.4797 36.945 35.5752 33.7197 32.1087 29.9619 27.6376 28.4406 28.363 28.2127 26.99 27.3315 26.8701 26.6975 26.6563 26.5729 25.8465 24.858 25.0092 24.8765 24.7461 25.8028 25.8229 25.9472 25.3429 23.7763 22.885 24.2807 23.1646 22.6574 22.2309 23.196 25.1158 24.6083 23.4502 22.4688 23.0271 24.6791 26.1248 26.5918 26.5875 27.7485 28.3255 25.6533 23.1582 19.9952 15.3805 11.6664 8.06835 4.47458 0.10051 -1.90969 -3.33351 -3.92976 -4.85298 -5.42885 -5.86571 -7.86841 -12.968 -20.9037 -35.8351 
200 208.064 212.916 217.115 220.954 221.934 224.057 225.978 227.455 229.666 229.735 231.051 231.161 230.682 230.115 230.569 231.152 231.726 232.809 233.636 234.39 234.066 235.102 237.326 239.797 239.512 239.188 239.594 239.928 241.653 240.899 237.689 237.452 238.12 237.045 235.479 233.145 234.091 234.387 234.19 234.609 239.548 241.302 239.994 240.917 240.531 239.181 236.947 237.084 237.971 239.298 239.311 237.997 236.692 236.125 233.999 232.871 229.304 229.202 229.317 228.832 228.456 225.685 223.246 220.7 217.828 215.83 215.08 215.193 213.598 211.082 206.082 201.435 197.841 195.922 195.287 192.111 190.301 190.286 188.284 184.948 182.021 178.458 174.528 168.824 162.874 156.92 154.399 153.003 149.497 145.475 142.483 138.688 134.334 129.564 124.408 121.223 118.521 117.014 114.843 111.496 109.674 107.883 103.948 101.517 99.5258 100.627 98.7154 96.4202 93.5168 90.8516 87.8654 87.2226 84.7953 83.2898 81.7531 81.8841 81.1003 79.3061 78.0737 77.3413 73.862 71.4297 69.4182 66.3467 64.7424 63.3325 61.9768 60.615 59.0682 56.8282 55.5232 54.3604 52.1145 52.1196 50.4299 49.1538 47.5688 45.5237 44.3577 41.9086 39.5663 38.0046 37.3184 35.8101 34.2417 33.086 33.4605 34.2693 35.9447 35.6143 34.4357 33.3386 34.3594 34.2807 32.7531 30.0388 27.7309 26.3769 26.0396 26.3318 26.371 25.8005 27.0766 28.3377 28.0814 27.35 27.0151 23.5952 20.9302 19.8973 17.1813 15.121 15.8035 16.5825 17.9841 19.1361 19.1649 19.2863 20.3978 20.5391 20.0372 18.3172 18.6167 18.4265 15.5077 10.8182 6.55283 1.92927 0.0101969 -0.193741 -0.0625503 1.14959 1.89221 2.88099 3.62998 4.62821 1.66907 -6.726 -22.7382 
200 208.984 214.573 218.226 217.982 218.855 220.132 220.731 221.807 223.426 224.705 223.522 222.833 222.704 223.234 222.447 225.15 225.619 226.175 228.689 228.763 231.159 234.527 235.163 236.375 236.147 236.524 237.31 238.045 238.536 234.49 234.713 233.674 234.485 237.224 240.342 239.87 240.233 240.734 240.797 239.377 237.68 239.721 239.479 240.199 241.242 240.939 239.993 238.436 238.331 235.685 234.902 233.493 232.954 228.627 226.703 224.083 222.234 224.213 222.943 220.331 216.167 214.172 212.455 209.603 206.15 203.622 200.969 198.399 194.492 192.195 189.202 183.806 180.006 177.22 173.468 172.059 169.577 165.563 161.287 156.251 153.992 151.613 150.779 151.201 149.473 147.983 144.399 140.863 138.816 136.803 134.361 132.515 129.739 128.291 126.719 124.097 121.298 118.691 114.602 110.918 109.975 108.07 106.854 106.691 105.813 103.189 99.5212 96.9983 95.0834 92.0776 89.0906 87.1356 85.4621 81.8463 77.2659 72.5374 70.2455 67.9917 68.5937 68.4737 67.9988 67.3052 66.0719 63.9268 60.7771 57.2891 54.8234 52.909 49.1146 46.2426 45.3276 46.3642 44.3643 42.3278 40.5418 38.5866 37.9329 37.7762 37.5431 36.9589 36.2131 34.6422 32.6629 30.3176 28.2816 28.6114 29.8701 29.998 29.8324 28.9269 28.0623 28.3036 28.725 28.4042 28.8396 30.3111 30.4275 29.538 29.456 29.0612 29.5605 29.3927 29.9903 29.6946 30.4185 30.0693 28.0465 27.0115 26.2323 24.5793 22.2848 19.6252 16.8205 14.9842 15.2384 15.3466 14.3879 12.5281 12.3116 12.1533 12.1641 12.0649 12.0324 12.3875 12.5054 10.7146 8.54623 4.92785 0.103549 -1.96743 -3.98084 -5.70353 -7.21746 -10.6082 -13.899 -16.497 -22.6412 -33.569 -51.1948 
200 209.251 213.852 214.484 215.867 217.451 215.899 216.21 217.233 215.587 215.619 217.949 218.185 218.007 216.259 216.418 216.429 215.442 215.846 216.656 217.764 219.754 218.696 219.443 221.018 220.875 218.381 216.226 215.956 215.03 214.872 216.674 217.427 218.096 218.103 216.218 216.243 216.826 213.367 211.556 210.4 208.405 209.09 210.615 211.345 211.556 212.167 211.549 212.441 212.441 213.674 215.899 214.905 213.753 212.406 207.599 204.795 204.687 204.973 203.138 199.206 195.757 190.816 185.563 184.673 183.583 181.294 180.868 179.268 175.991 173.916 170.445 168.163 164.349 162.421 159.869 156.661 152.61 149.727 146.616 144.25 142.626 140.689 141.332 139.794 136.934 133.52 130.858 129.062 127.633 127.415 125.004 122.319 120.128 116.382 112.867 111.813 109.89 105.259 101.477 99.4984 98.7298 97.4192 95.5431 92.978 89.3127 87.4581 87.3466 86.4856 83.5338 81.271 78.9835 76.3477 74.1899 73.0044 70.1428 66.8431 64.267 60.1143 56.3036 55.1486 55.7266 56.2678 55.771 53.1972 50.5307 48.3455 46.3419 45.1656 43.6685 41.9886 41.4714 40.7514 39.1188 38.1672 36.9029 35.3023 32.2204 29.1027 26.3817 24.9611 25.0746 26.4549 26.939 25.9018 26.1132 24.4028 23.0268 22.9151 20.1576 17.7879 17.3829 16.5307 14.6062 14.1597 12.8718 12.5389 10.8603 11.1974 12.7647 13.7202 13.5084 12.2988 13.7128 15.9472 15.6227 16.4872 18.8135 19.0434 18.0257 16.7111 16.7133 17.1905 15.9908 14.9391 14.8534 15.214 14.9671 13.9089 13.3424 13.5399 12.8273 10.6714 10.3152 9.45079 9.3933 8.56162 6.51329 2.34657 -0.0109808 0.208636 -1.02468 -2.15908 -2.85941 -3.34761 -5.51558 -8.18861 -12.8956 -21.3101 -36.1692 
200 207.761 210.23 213.521 215.349 216.265 216.776 218.297 217.47 217.127 218.222 217.841 216.56 216.294 214.105 213.719 213.712 214.745 216.175 215.348 215.68 217.144 217.079 217.172 218.299 216.056 214.777 217.063 218.965 218.577 220.065 219.097 219.727 217.852 216.491 215.048 215.064 214.778 213.335 212.061 210.57 210.448 209.34 211.481 213.386 214.802 214.37 215.328 214.365 215.492 220.741 222.458 224.637 222.159 219.783 216.047 212.719 209.734 207.195 205.681 204.221 202.025 201.718 202.185 199.331 197.36 195.339 194.192 194.332 189.623 186.257 183.016 178.935 175.887 175.757 172.598 169.059 166.059 165.646 161.848 158.568 157.271 155.412 154.139 153.287 151.331 148.578 145.633 140.812 136.847 133.548 129.16 125.909 122.831 120.687 121.03 120.293 120.078 119.911 119.621 118.849 118.622 116.027 117.125 116.159 116.188 114.733 112.209 108.939 106.227 103.136 100.012 96.6513 95.8593 95.2542 95.0838 95.5879 95.0549 92.0524 89.4904 86.7142 83.9852 82.0646 80.9622 81.8615 83.6323 82.5022 80.4924 79.3562 75.5722 71.433 68.7017 65.7372 64.3555 62.9604 62.3292 61.1878 60.5051 58.4199 56.9105 54.6493 51.7513 49.7198 49.662 48.1339 46.542 44.3246 41.2792 38.1703 37.4657 37.4558 37.5414 37.5183 37.0313 36.2202 34.7471 31.734 29.8498 28.0587 27.6818 27.3518 26.3333 26.0286 26.8896 26.8291 25.8502 24.5305 24.676 22.957 21.2582 20.566 19.5384 16.431 12.0178 8.59296 6.62263 5.82486 5.21709 5.7351 5.69281 5.84093 4.6396 5.3258 6.01886 7.42822 7.65659 7.50906 6.5126 3.96485 -0.0201179 0.382241 2.57203 5.54902 8.33288 9.66492 10.4072 8.89393 5.63225 -1.05288 -15.0174 
200 209.84 215.171 218.838 220.329 219.298 217.952 216.879 217.689 219.868 221.891 222.798 221.728 219.843 219.401 219.345 219.748 221.222 222.161 220.227 221.62 221.58 219.747 218.568 217.263 215.577 212.651 212.089 215.043 216.991 219.21 218.623 217.171 218.101 219.147 221.794 223.827 222.75 220.807 217.914 216.04 213.948 215.117 216.088 217.07 216.031 212.999 214.388 214.185 213.674 217.139 217.588 216.6 217.613 214.151 209.834 210.41 213.339 215.816 213.863 212.351 212.34 209.211 206.462 204.268 201.815 200.67 199.39 197.204 194.889 194.499 194.599 192.779 190.006 186.914 184.244 180.804 178.978 177.514 175.462 172.298 167.628 162.833 161.14 159.855 158.788 156.721 155.967 155.618 153.212 148.967 143.034 141.911 140.017 136.398 133.135 128.945 125.44 123.696 122.1 122.678 122.721 122.681 120.969 118.31 115.201 112.478 109.756 108.548 106.693 103.553 101.924 100.33 99.1046 97.4449 94.7734 90.867 85.5574 82.4938 83.4864 82.5278 79.8277 74.483 70.1677 69.4405 70.1972 69.3089 66.9843 66.9839 66.526 63.2291 59.7588 55.7076 52.9777 50.2377 48.765 48.7623 48.0456 46.1469 43.1083 40.1563 36.7254 36.2492 35.5978 33.864 31.654 28.8088 26.8532 24.5953 22.3722 21.6166 20.7093 21.2396 22.0548 22.6018 22.9249 21.2026 19.6691 18.9981 18.7622 17.846 17.6954 18.1899 18.3604 18.2855 18.7062 20.7277 20.6905 20.3082 18.2355 15.9955 14.3339 13.6968 14.0392 13.2098 10.9122 9.15226 8.12159 7.572 7.23434 7.41524 6.27383 4.22456 2.41576 2.9018 4.40706 6.12154 5.22432 2.9336 -0.0986415 1.87419 3.28927 5.0869 6.56944 6.82556 6.8457 6.64754 4.07311 -2.84781 -17.1126 
200 209.963 216.145 219.905 220.696 221.821 222.303 221.895 222.51 221.352 219.581 217.472 214.67 212.308 211.912 212.698 211.135 210.593 208.632 209.224 212.017 213.499 214.048 215.146 217.912 219.673 218.304 218.55 220.578 223.43 223.816 222.154 222.921 222.011 222.664 222.728 222.574 221.442 222.397 221.012 220.382 221.001 220.508 221.396 220.449 218.452 215.847 216.493 215.579 216.592 217.75 216.376 214.446 213.884 214.365 214.111 213.904 212.894 213.215 212.095 210.687 208.68 203.682 199.466 196.45 193.417 188.345 183.143 180.86 179.479 176.25 173.615 172.378 168.895 165.437 160.674 156.961 153.097 148.265 145.951 141.453 135.364 128.852 125.011 122.51 120.815 118.906 118.135 117.213 116.221 114.767 110.754 105.663 102.194 99.9759 96.8601 93.8779 94.2588 94.0556 93.1848 93.3334 95.5767 96.3954 94.7687 93.6518 91.4587 89.9131 89.9478 88.3549 88.038 86.8671 83.5659 81.9801 79.2934 77.4202 75.5518 73.774 73.178 72.9722 72.0325 70.6233 70.2141 70.1907 68.296 65.52 64.3419 65.9416 67.0685 67.0889 66.472 65.5047 65.3523 63.0281 59.0203 55.0879 51.7713 48.0037 44.295 43.3346 42.3906 42.0016 40.9407 39.5125 37.6301 34.1042 32.3944 31.9174 30.1589 27.8921 27.0133 28.0297 28.3329 28.6626 28.3365 27.6618 27.0157 27.0053 26.3108 25.4513 24.1183 23.1296 23.1656 23.603 24.4172 24.7878 24.7866 24.4461 24.2191 23.8068 22.5085 20.8141 17.5334 16.8466 16.9508 17.0074 14.7686 14.9682 16.7343 17.4249 17.1324 18.5642 20.1164 20.3347 19.3707 16.5861 13.5947 9.40856 5.29583 2.34335 -0.0453643 0.861921 3.00311 5.5244 8.84191 11.4519 13.6293 13.9102 11.4139 3.46666 -12.7341 
200 207.723 210.938 211.147 210.631 211.2 211.062 212.803 214.633 217.023 217.971 216.724 212.725 212.829 212.345 212.454 214.266 217.026 218.021 221.626 224.844 225.559 225.753 226.298 227.582 227.651 226.238 223.832 223.398 222.906 219.629 218.913 216.428 215.377 215.543 215.355 218.568 218.288 215.855 214.053 216.207 218.379 216.629 216.15 214.28 213.899 213.076 213.806 215.325 217.429 218.877 218.597 218.726 215.268 212.326 211.384 209.084 209.673 208.221 207.183 209.277 205.95 203.616 199.09 197.25 195.655 190.646 188.257 185.898 181.383 178.784 176.706 174.849 174.089 172.998 172.406 172.747 170.081 166.746 163.085 160.937 159.843 156.964 153.387 149.01 145.089 141.133 138.957 135.195 131.64 128.298 124.514 121.693 120.353 118.167 114.93 113.672 112.556 109.504 106.865 103.815 101.739 99.6642 100.294 99.1471 98.4754 95.3322 91.6452 88.1446 86.8836 84.2148 79.8392 77.1114 74.2891 71.5415 70.6647 69.4949 67.4363 65.1938 62.3828 60.8729 59.3381 57.3421 56.1384 54.5386 50.9003 47.8895 44.3873 42.3093 44.0265 44.8855 42.6723 40.9674 40.359 40.133 38.5738 35.4061 33.9595 33.4454 33.2922 32.8843 32.2736 29.6491 27.2843 24.8992 21.604 19.6013 18.1043 17.0669 17.747 16.1743 14.4092 12.8707 10.838 8.31707 4.90251 3.66537 1.61455 1.32805 2.88513 2.82543 3.417 2.6633 0.922537 -1.68333 -2.93207 -1.80412 -1.71244 -1.43705 -0.222262 0.360142 2.72763 3.86629 4.62674 5.2102 6.65939 8.84937 10.7322 12.6659 12.3796 11.2733 10.6574 8.40101 5.64849 4.83235 4.8994 4.56191 3.53804 1.17245 0.0427311 -0.81189 -1.24845 0.028781 1.68175 2.82048 4.70155 3.79176 0.697632 -8.16491 -24.2288 
200 208.67 211.817 213.678 216.958 219.941 222.028 221.349 220.231 218.94 216.831 217.222 220.714 220.778 221.828 223.206 224.746 225.773 227.595 228.654 229.547 228.914 228.846 229.317 230.506 232.687 233.593 234.035 233.281 232.434 233.698 234.289 235.31 234.038 230.847 232.186 233.151 232.758 232.075 233.872 233.822 233.695 233.744 232.953 230.645 229.99 229.259 230.41 229.987 230.004 232.451 234.579 235.336 234.1 231.95 230.936 230.22 228.892 227.001 226.026 226.239 223.828 222.193 218.984 218.255 219.631 221.302 221.497 221.676 217.392 214.92 212.133 212.026 212.685 211.392 211.623 210.743 208.634 205.773 204.848 203.151 199.792 196.171 192.031 189.134 187.283 185.24 184.588 183.054 181.593 178.097 176.02 172.928 171.309 168.848 167.675 165.444 163.234 159.551 156.085 153.77 149.337 146.267 144.844 142.616 140.308 137.729 136.607 133.265 128.573 122.527 119.015 117.042 114.338 111.192 108.999 105.598 102.906 101.237 100.487 98.5254 94.7785 91.4213 89.9345 88.8185 87.0886 86.4882 86.5243 84.308 82.4855 79.6914 77.625 75.8639 74.7949 74.5132 71.7101 68.4654 66.801 62.7821 59.9879 57.405 56.3388 55.8275 54.9983 53.5325 52.2543 51.3524 48.1518 46.952 45.9713 44.2619 43.078 43.3813 42.3205 40.3698 39.3113 37.0022 33.6128 30.7075 27.5272 25.3221 24.3981 23.6312 21.8206 20.5776 20.9329 19.5087 18.8689 18.0456 19.1021 19.4057 21.1974 20.8813 20.7924 21.4741 21.3136 19.434 17.9049 16.2349 13.3673 12.616 12.6888 12.4024 12.0799 11.9647 11.0706 8.26768 6.24993 2.29054 -0.0202693 0.385116 2.62971 5.53275 7.28364 7.36555 8.38943 8.67928 5.12445 -1.92332 -17.9913 
200 206.567 209.33 211.759 215.077 217.594 216.978 215.479 216.694 216.662 216.528 217.863 218.151 220.072 220.557 220.097 220.539 220.431 220.797 222.284 221.307 220.976 220.844 221.795 222.236 222.712 222.284 219.222 215.959 215.142 214.701 216.038 215.108 214.444 212.895 212.068 212.719 210.842 210.158 212.814 211.175 208.595 208.483 209.627 207.826 204.896 202.998 202.085 199.273 195.953 195.047 195.044 193.025 192.25 192.643 191.931 192.457 191.375 188.303 186.722 187.386 186.315 182.788 178.727 175.933 176.644 174.189 172.635 169.031 167.156 164.289 163.14 161.523 161.418 159.888 156.721 153.936 149.439 146.602 145.413 143.142 138.768 134.723 132.446 133.406 133.398 132.733 130.991 129.121 125.395 122.631 122.368 118.728 116.434 114.157 111.953 109.943 106.571 104.979 103.626 100.618 96.3494 93.1497 88.3138 84.2938 81.7763 80.4491 75.4799 73.3759 73.5024 74.6814 71.3734 67.8356 66.5616 64.2648 60.3244 55.9055 50.9582 48.3189 46.5256 45.4129 42.8262 42.675 42.5744 41.4523 39.714 39.356 40.8797 41.0923 41.9467 42.9949 40.5275 39.4755 38.5358 38.7018 38.1563 39.6435 38.6851 35.0043 30.7919 28.3929 25.1631 23.6621 22.7236 21.4906 20.2782 18.5027 18.1313 16.2387 15.9952 15.7116 15.8954 15.3606 15.2003 14.0009 14.7754 13.121 11.5274 10.5457 8.85388 7.71692 6.86697 5.62407 5.81945 6.48591 6.25462 6.2265 4.84615 5.13535 5.49373 6.28613 7.25545 8.30226 9.67013 11.7189 13.0855 12.8056 11.7444 10.3015 8.76419 8.362 7.92809 6.26682 4.88461 5.93302 6.82998 6.74275 4.63721 2.5587 -0.0357397 0.679055 2.31434 3.86173 3.60156 3.40038 3.55458 4.72776 3.62267 -3.53732 -19.1636 
200 207.147 211.289 214.365 216.695 216.9 215.861 216.219 216.117 216.505 217.158 216.776 216.916 216.992 217.681 219.322 220.627 220.683 220.875 221.902 224.36 225.928 227.237 227.925 229.332 230.469 232.058 232.583 233.41 235.472 239.075 242.453 245.161 246.576 246.047 245.156 246.48 246.221 247.414 249.332 246.251 243.585 240.963 239.933 235.968 231.596 226.469 223.963 224.129 223.603 224.046 224.343 223.534 218.885 218.013 216.38 216.608 214.824 216.447 216.407 214.28 214.249 215.886 215.523 215.973 213.569 211.575 209.576 207.148 204.609 200.796 196.807 192.651 189.09 182.935 178.993 175.069 171.101 168.694 168.996 168.207 166.265 163.731 159.116 154.524 151.793 149.877 148.07 145.549 142.458 140.496 142.18 142.91 141.331 140.298 138.191 136.872 134.198 131.544 129.833 128.592 129.246 128.384 127.477 126.018 123.568 121.49 119.113 116.519 114.153 110.676 107.614 103.697 99.8638 96.1487 93.6892 90.1583 86.6076 83.3986 80.7947 80.4189 79.749 78.2522 76.0308 73.3948 72.2791 70.5017 68.5054 65.6412 65.1186 64.6768 62.577 61.8216 61.6188 58.4997 57.5048 56.1923 54.7237 53.2336 52.1458 49.1276 45.9427 43.7109 43.3224 41.9455 38.8956 36.5884 34.9091 34.7415 35.5083 36.0919 35.3127 33.8737 33.0866 33.5957 32.6222 33.7573 33.5936 31.2434 28.8865 26.2249 23.2316 20.8766 19.0877 19.5084 19.8859 21.4205 21.4849 20.0772 17.5312 14.8163 14.8245 16.6377 18.1256 20.7922 20.4267 18.4455 17.9994 20.225 21.1404 20.968 18.7491 14.9677 11.8883 10.6731 9.45772 8.34325 6.35049 3.39781 -0.0252842 0.480399 2.79258 3.34082 2.83661 2.32872 2.23815 0.328758 -3.67619 -11.9264 -28.0972 
200 208.812 211.864 214.976 216.541 216.571 216.131 215.986 214.627 215.563 216.149 216.898 216.306 214.829 212.741 212.264 212.584 212.766 212.861 212.452 212.153 212.64 212.066 210.876 210.544 211.387 214.812 217.628 218.13 219.181 218.298 215.254 213.068 214.715 212.839 209.94 210.625 213.92 215.151 217.455 217.856 217.674 215.781 212.912 212.972 213.025 216.507 218.675 219.895 221.144 222.317 221.453 219.882 219.205 215.732 211.125 207.002 204.162 201.906 202.155 200.315 198.623 194.077 189.517 184.118 181.437 179.828 177.444 176.209 174.469 170.98 167.122 166.104 167.261 166.869 165.912 161.774 159.199 158.483 157.956 154.6 152.361 150.715 149.626 146.988 144.472 141.731 139.476 137.336 134.158 130.802 125.864 123.129 119.62 117.319 115.111 112.972 108.486 106.24 103.133 100.832 97.7649 97.4464 95.5408 92.9292 89.5361 86.3591 83.8726 81.2253 79.3307 76.9149 74.662 73.8431 70.4388 66.5785 63.0738 61.8926 61.0658 60.5006 60.1567 59.0496 58.0543 55.2823 54.5342 53.8029 52.5574 50.6837 48.0627 46.9411 44.9598 43.3214 43.0738 42.9216 41.612 39.3968 37.7458 36.1473 35.021 32.9358 31.8059 31.7637 32.6864 32.0427 28.6886 26.1424 25.1689 25.189 25.3767 25.1325 24.5081 26.1782 26.0448 26.3538 26.0359 24.0092 21.959 19.1068 17.1409 15.6049 13.925 12.0512 10.0697 8.38471 6.17839 4.71543 2.45185 0.845516 0.643815 0.68065 1.40708 2.41953 3.35106 4.61322 3.89842 4.17136 8.30888 10.9388 13.2054 14.4413 15.6937 15.5906 15.2228 15.1911 14.1813 13.0085 9.18961 6.8997 3.05482 0.579695 -0.0260416 0.494791 2.2868 3.86171 5.1479 4.78896 4.34965 3.48847 2.58035 -3.72399 -17.9552 
200 209.665 214.664 219.158 221.759 222.303 223.401 223.926 223.493 223.847 225.046 227.522 229.896 231.117 233.349 234.818 234.583 233.074 231.492 229.668 230.963 231.893 231.824 232.794 234.028 236.574 236.08 235.148 236.44 236.229 233.743 231.598 229.193 230.461 229.295 227.057 225.995 226.391 224.769 224.177 223.775 223.341 223.562 220.796 217.414 215.411 214.35 212.949 214.715 211.749 210.767 213.845 214.029 211.305 209.767 210.259 207.77 207.393 210.16 209.904 208.273 210.33 208.238 208.007 208.997 204.491 199.098 196.331 190.427 188.762 186.888 184.679 181.188 178.49 175.687 171.123 167.418 161.954 159.091 157.535 154.053 152.565 149.029 145.231 142.782 139.163 138.41 134.798 132.122 131.714 130.671 128.396 127.07 123.164 121.138 117.785 115.882 113.54 111.998 109.751 105.794 104.38 101.748 97.5041 94.4341 91.7251 88.7745 85.9436 82.9272 80.1464 77.987 73.7034 72.2482 72.6336 72.0812 69.1318 65.3811 63.0112 61.6646 60.3429 60.0533 58.7761 55.8064 51.9115 50.8592 49.2412 47.8267 44.8524 43.835 42.6286 40.4038 40.8321 39.6606 37.4861 35.1499 33.3605 32.4069 31.0493 28.6711 27.1118 24.8288 22.5276 20.9345 20.1908 19.0796 16.4717 12.4584 9.30739 9.25993 8.78521 8.21955 8.4838 9.02111 11.0366 12.0157 14.1505 17.0498 19.0754 19.1066 18.2002 16.5582 14.991 15.1592 14.1705 12.3499 10.2368 9.07585 7.6586 7.01831 6.32937 6.49215 7.72352 9.2651 10.7432 11.1981 13.0416 14.9466 15.2534 16.0259 15.5638 14.1987 14.4141 13.1508 12.9836 12.8725 12.6723 11.3829 8.82587 4.47229 0.0398889 -0.757889 -1.61105 -1.81028 -0.913329 1.50901 2.4245 0.160068 -3.90314 -13.465 -30.5087 
200 207.215 213.21 216.189 217.526 220.175 221.528 224.012 225.592 226.153 224.987 225.509 227.793 228.851 229.428 228.085 225.335 224.913 224.515 227.04 227.886 228.49 228.07 230.094 232.611 236.818 237.526 238.559 239.073 239.877 239.36 238.093 237.982 237.965 236.958 236.172 232.963 233.01 233.626 235.211 236.908 236.767 236.204 235.242 232.89 229.416 227.913 224.536 222.859 219.993 217.676 217.494 214.464 215.271 213.744 211.922 210.875 210.07 206.335 205.218 204.931 201.692 200.574 200.27 199.753 199.038 195.889 190.919 188.241 185.786 183.86 183.654 183.287 183.048 181.043 181.377 180.449 179.533 176.287 171.459 168.874 166.491 165.349 165.123 161.309 158.945 157.013 153.892 151.967 149.873 147.315 145.062 143.451 139.646 137.159 133.826 131.401 130.15 128.924 127.011 125.435 122.149 119.177 117.573 116.938 114.839 113.422 112.044 109.674 106.211 104.035 102.688 103.124 100.328 97.3645 97.1696 97.8702 96.519 92.6345 89.7109 88.0926 85.8099 82.734 80.5211 79.5789 79.6912 77.5378 76.0388 73.8223 73.6458 73.4224 71.5413 70.8463 68.8185 66.6689 64.4359 61.7272 59.332 55.0903 50.2967 46.6582 43.3837 40.3585 37.9915 37.4859 38.0345 38.079 35.7485 32.5898 30.0737 27.5541 26.6136 25.5515 24.9594 23.4937 22.663 21.9053 22.1696 21.0323 19.9542 17.9472 17.2242 17.3923 17.8981 18.091 17.2465 17.1397 16.1962 15.5221 13.3519 11.9822 10.0622 8.15708 7.74141 7.97255 8.2946 11.4891 13.7875 13.2457 13.2339 12.91 11.7432 10.7911 11.281 11.9368 11.1465 8.60173 5.81165 3.2732 0.0320825 -0.609568 0.584774 1.10959 3.21745 4.28186 5.30683 6.75247 3.30746 -5.2089 -22.2412 
200 208.513 213.136 217.735 220.06 221.965 224.55 226.577 226.977 227.413 228.779 230.04 231.277 230.499 229.23 227.116 228.041 227.989 228.563 226.634 225.561 227.849 228.291 226.459 224.432 222.649 224.248 225.96 226.371 227.498 225.376 223.99 223.868 223.582 224.23 224.699 223.001 225.721 227.018 227.398 225.652 222.922 221.836 222.381 222.821 223.594 223.122 219.615 220.035 221.449 224.551 224.759 221.398 218.312 218.815 218.309 216.008 213.651 212.68 209.195 205.59 202.078 200.917 198.936 197.648 195.505 192.588 188.74 185.834 187.301 186.535 186.44 185.341 183.51 178.91 172.729 169.341 168.399 164.618 161.143 156.972 152.595 148.941 146.818 146.024 143.53 140.329 138.251 133.762 128.26 125.955 125.05 124.592 124.244 122.474 118.935 114.62 114.12 113.011 111.172 109.658 107.854 105.467 102.585 99.8031 99.2227 100.869 99.5685 98.15 96.4535 93.5851 91.0819 88.5998 87.2842 85.8422 85.4095 82.7519 80.6833 79.4946 79.2426 77.8441 75.2484 72.4206 69.1557 67.2265 63.8919 60.8074 59.4132 59.5038 58.6161 58.6154 57.5182 57.0772 53.6613 49.8276 48.4844 47.111 46.0314 45.263 44.8148 43.309 40.0112 38.9384 37.2734 34.9117 32.8326 30.3316 29.2111 29.6142 30.7724 30.7672 27.3284 24.5097 23.1224 23.7291 23.5985 23.8478 24.3254 25.7549 26.8145 27.4858 26.5676 26.6077 26.0609 26.1694 27.2668 27.815 27.7872 25.9368 25.4553 24.3199 22.3927 19.1862 15.7552 13.5428 12.4417 13.1878 15.0605 17.0658 17.6433 17.993 15.98 14.3272 13.4724 14.3484 14.3469 12.458 9.71385 4.38675 0.0452307 -0.859383 -2.20047 -1.43687 -1.0207 -1.55068 -3.16401 -5.22989 -9.14445 -17.3698 -34.4117 
200 208.37 213.546 217.043 219.894 222.702 223.923 224.118 224.793 227.48 228.352 229.664 228.042 226.147 224.201 223.721 224.904 225.992 227.277 228.077 227.978 226.369 226.25 226.415 227.185 225.174 224.932 221.954 217.501 212.502 214.23 215.159 214.267 215.825 217.225 217.131 217.035 216.365 215.061 215.167 215.054 214.535 214.15 213.41 215.146 216.02 216.381 217.705 217.532 213.443 211.14 207.667 203.707 202.309 199.19 198.835 197.614 198.925 198.976 198.508 195.035 191.928 190.144 188.656 184.966 183.876 181.002 176.836 175.018 171.599 167.251 165.173 162.909 158.905 157.052 156.619 156.57 156.31 154.482 151.069 148.61 146.111 142.816 141.093 139.736 133.914 130.213 128.274 127.97 128.574 126.219 123.087 121.237 119.022 116.09 114.124 111.633 109.186 106.809 104.141 99.5689 94.738 90.2678 88.2405 86.2114 83.9841 80.6188 79.2538 79.554 77.2227 75.4222 73.2631 69.7752 67.2935 62.9874 59.7016 57.5552 55.6702 55.3699 54.873 54.4865 54.9752 53.8459 53.8961 53.4489 51.0348 48.7844 47.6894 47.6034 48.9116 49.1633 49.3823 49.7794 50.3955 48.7197 48.4907 45.6382 44.9313 44.9184 44.8633 43.7713 41.7876 38.971 37.3372 35.5971 34.5564 33.7767 32.2576 30.596 28.4652 27.513 28.9027 29.6158 29.7288 27.5187 23.9684 22.2331 21.3079 20.4282 18.1182 17.165 16.7282 17.6912 19.4217 21.0181 20.5368 19.5538 19.8305 18.5267 17.2447 16.8668 18.0625 18.2232 18.5895 18.1517 18.0202 16.3623 14.2417 13.6935 13.4475 10.5544 7.30626 5.40398 4.91476 5.45604 4.28362 3.30569 2.32993 1.45496 -0.150251 2.85477 6.28427 10.7101 16.7976 22.6594 26.8733 31.0468 31.3467 25.792 12.9653 
200 208.853 211.496 212.754 214.434 214.319 215.384 216.293 217.253 215.657 215.243 214.498 213.774 211.768 210.987 209.565 207.654 207.285 207.942 209.699 210.388 210.499 210.429 209.748 210.33 210.414 211.175 211.724 212.961 213.549 216.027 219.122 219.413 217.579 215.645 214.647 213.976 210.108 206.603 206.08 206.601 207.018 206.079 205.591 204.345 201.881 201.391 202.659 205.171 203.87 203.137 202.631 202.223 201.183 199.688 200.965 200.154 194.273 190.372 187.999 186.571 185.945 185.917 183.915 182.053 179.931 176.696 174.467 170.524 166.142 163.364 159.424 156.833 154.735 154.085 151.486 147.994 145.048 143.219 141.697 138.835 136.233 133.918 130.582 126.76 123.886 121.525 117.754 113.15 109.938 106.33 105.027 102.26 99.2264 97.3813 95.3236 92.354 90.0324 88.5313 87.9011 85.7455 83.3604 81.7004 81.3472 80.8368 77.6413 75.0904 73.9106 72.2233 70.4385 69.1174 67.5107 62.6202 59.9732 56.3952 52.3082 49.3557 45.9277 42.1879 39.5956 37.5844 35.995 32.3942 29.1136 27.5157 23.8868 19.5672 17.3457 16.2761 15.4196 16.4791 16.9854 16.3816 17.9104 20.4256 21.5265 22.8507 22.3133 21.5089 19.8309 17.6398 16.5139 14.9491 10.9579 8.7181 9.20368 9.0874 7.27163 4.14936 0.786094 -1.32868 -2.30022 -4.04875 -5.47121 -6.55513 -6.85226 -6.70396 -9.26002 -11.8296 -12.2971 -12.2979 -12.2827 -13.4396 -13.7123 -12.3776 -10.3089 -8.08326 -6.80027 -6.03778 -4.55885 -4.94756 -3.61972 -3.73296 -5.29002 -5.64589 -5.79631 -4.54017 -4.61377 -1.8588 -0.698526 0.198865 0.646312 2.0982 2.41751 3.56083 2.1015 0.496206 1.35705 0.286415 -0.0838788 1.5937 2.71491 3.30687 2.36582 1.90725 1.21956 0.112555 -2.25239 -9.32208 -23.8212 
200 206.999 212.933 216.397 218.158 221.207 224.44 226.835 226.224 224.335 223.724 224.358 225.813 226.812 226.628 226.118 224.967 224.446 225.032 226.535 228.163 228.314 229.029 230.057 230.41 228.246 225.976 224.851 227.936 231.038 232.003 232.233 232.891 229.125 227.514 228.212 229.358 228.13 226.311 226.006 227.537 228.422 229.23 227.966 228.233 227.179 223.84 221.844 220.681 221.917 221.182 220.259 220.083 219.531 220.295 220.8 220.396 218.247 217.993 216.98 215.097 213.061 212.048 210.174 207.972 205.335 201.729 198.479 195.533 195.443 196.655 199.041 194.472 191.461 189.667 187.933 185.848 183.385 178.952 177.135 175.048 171.952 167.45 164.493 161.81 158.539 156.604 155.48 153.673 151.241 150.371 149.548 147.637 145.236 142.642 140.919 139.059 136.992 135.917 135.687 134.713 133.715 132.434 129.407 128.528 127.548 126.371 124.708 120.863 117.339 115.141 112.462 110.747 109.412 106.908 102.577 99.8993 95.5535 95.3264 93.2833 89.3328 85.4641 82.8237 80.2858 77.4783 75.0027 73.0424 70.2396 66.934 63.9591 63.3026 61.6104 59.5122 58.3707 56.5234 56.285 55.7778 55.1138 53.2317 52.7783 51.7495 49.1313 47.5467 43.7012 38.822 37.615 36.025 35.1207 36.3932 36.5161 35.4129 32.7139 29.9763 27.0462 25.7755 25.8377 24.2889 24.3045 25.9627 27.1237 25.5871 22.8271 19.5323 17.4453 16.285 14.8743 13.9328 14.2303 14.4736 15.545 15.2599 13.7833 10.6542 7.4166 5.11308 4.01993 2.96396 2.5124 2.51196 1.53305 1.39023 3.69903 4.58709 4.85448 5.05852 5.51954 6.3269 4.12572 2.2955 -0.052123 0.990336 2.49085 2.73192 3.46013 4.69702 4.43425 2.21459 -2.05322 -11.4452 -29.5052 
200 209.688 215.736 218.843 218.995 219.557 221.607 222.023 223.045 223.816 223.352 225.814 226.497 224.697 223.473 220.839 219.075 218.436 219.329 222.045 223.595 225.337 224.864 224.361 222.616 223.657 226.433 226.034 227.049 226.393 226.886 226.175 226.89 228.838 229.36 231.234 232.394 232.645 232.78 233.16 233.003 231.1 230.919 232.009 232.707 233.49 233.624 230.904 232.63 231.685 231.872 232.51 231.522 231.086 229.07 227.579 226.598 226.04 223.276 222.522 220.814 215.545 211.839 209.098 207.513 206.265 203.575 201.582 202.648 203.45 205.861 205.039 204.05 202.801 202.98 201.701 202.215 200.751 196.109 191.201 187.001 183.091 181.018 179.679 175.904 173.522 171.335 169.932 166.936 162.093 156.872 150.16 146.738 145.148 142.423 138.847 135.674 133.544 131.575 129.369 129.344 129.703 128.415 125.594 124.98 122.068 120.563 118.714 117.7 115.407 111.09 107.813 106.082 102.917 100.128 97.9353 96.9119 96.303 94.2414 92.4756 91.2517 91.4535 89.3373 86.39 81.6993 78.2106 76.8856 75.2752 72.4198 70.8888 69.5791 69.2727 69.0596 68.306 67.5905 66.9092 66.2443 64.1918 60.8577 57.1186 55.123 53.1099 50.6568 48.76 46.6786 45.2365 42.7623 42.3781 40.8787 39.9584 38.9065 38.4071 37.4414 34.8997 31.9994 28.8657 26.2123 26.0079 26.2629 26.4354 26.463 27.4726 25.7884 22.5977 20.7777 20.7951 20.5414 19.8201 18.9498 16.0471 16.006 14.8428 16.1071 15.9605 15.1574 12.9703 10.8685 8.61172 8.26408 8.75024 7.99426 8.27051 9.99672 10.9362 11.0056 9.96453 7.62082 5.28731 2.74685 -0.0775172 1.47283 4.38945 7.32651 8.63541 10.5175 12.8896 13.507 11.4479 3.49645 -12.5491 
200 209.974 214.644 217.773 221.272 224.305 223.903 223.295 223.379 223.5 224.999 224.615 222.716 221.631 223.038 223.639 225.073 226.015 226.607 227.711 229.511 229.96 229.569 228.023 227.405 229.688 232.692 232.717 235.753 235.552 237.219 238.642 242.299 242.128 244.095 243.934 243.172 242.492 243.744 243.632 244.189 242.96 246.398 247.024 245.469 243.107 241.724 239.717 236.22 235.819 237.423 237.309 238.194 239.551 237.046 234.942 236.299 234.953 232.287 228.305 224.561 221.134 221.348 221.092 218.576 215.569 212.307 210.927 208.426 207.434 204.096 198.274 193.415 189.941 187.496 184.896 179.439 177.53 177.831 178.942 175.825 172.506 171.426 168.967 166.615 164.269 161.954 156.219 152.84 151.06 149.183 148.567 147.783 143.447 141.174 138.449 135.137 131.141 128.525 125.998 125.608 123.828 122.877 120.926 117.29 112.917 107.846 105.15 102.662 101.288 99.9914 95.9698 91.6314 90.7501 91.7539 90.9295 87.2017 82.9339 79.445 77.4155 75.6499 74.4201 74.547 74.9722 74.8797 71.5069 69.6214 69.1004 67.6674 65.129 65.1212 63.0275 59.723 56.086 52.9997 50.4083 50.0442 48.1589 46.2259 47.0115 44.5027 43.1068 40.683 39.0886 37.9816 38.001 39.0711 40.899 41.2586 41.9075 41.3235 40.6016 39.8205 39.3974 38.7918 37.6208 36.3333 35.6597 35.0756 32.3197 28.3881 26.6072 26.9666 28.2826 28.2721 28.7609 26.704 23.9301 21.4674 21.8071 21.9386 22.1729 20.0434 18.6681 17.812 15.4227 14.2638 12.9854 12.6187 14.0151 14.8054 13.5885 13.0879 11.9417 10.3432 9.1188 7.44587 4.90903 2.85889 -0.0584727 1.11098 2.43476 3.96273 6.14468 9.17059 10.2871 10.7443 7.94562 -1.35865 -19.2269 
200 207.618 212.227 214.362 216.51 219.718 222.014 223.871 225.517 225.638 224.732 224.918 223.728 222.498 221.216 221.818 222.044 221.05 220.139 218.709 218.155 216.239 214.955 216.739 216.486 217.088 218.286 218.697 220.879 219.754 219.488 224.034 223.967 223.852 223.925 226.392 226.468 225.045 224.665 226.186 225.717 222.684 222.022 223.418 225.485 225.379 226.324 227.522 224.792 223.103 218.032 214.669 215.453 216.67 213.781 213.475 212.744 212.917 213.17 212.592 215.624 213.939 208.732 205.662 204.194 202.54 200.987 202.308 200.192 198.1 198.961 198.242 195.064 193.421 189.538 186.248 185.724 183.416 180.305 178.342 174.847 171.228 169.037 167.679 165.599 161.882 158.267 153.79 151.388 146.671 143.04 141.262 138.858 135.699 132.843 131.187 131.467 130.019 128.182 125.132 121.711 119.152 115.688 113.252 111.62 109.12 106.159 103.147 99.551 95.4975 91.8717 89.4655 87.6223 86.0478 85.0156 83.7542 83.3156 79.7061 75.2139 70.7782 67.7618 65.9116 63.0244 59.5172 56.6337 54.9618 54.7063 55.7703 56.6546 55.4241 54.9421 52.9081 51.7568 50.991 47.582 43.9849 41.3024 40.14 39.9578 39.779 39.2876 38.6355 38.0541 36.3357 37.3379 37.2649 36.6448 34.8677 32.0715 30.0082 29.064 27.665 25.1769 22.9777 21.2473 21.1287 20.4112 18.5158 15.6222 16.2397 15.5139 14.9821 14.5376 13.971 13.6326 15.1275 17.0424 17.8975 18.2322 19.4675 20.2126 19.6868 20.3659 20.2157 18.5153 18.1903 19.1907 20.1428 20.2093 19.6616 16.3474 13.3549 12.0842 12.1978 11.0272 9.62432 7.22957 4.95751 2.55992 0.100364 -1.90692 -1.63801 -2.24088 -1.56917 0.364268 1.1714 1.28649 -2.34413 -10.6958 -27.1958 
200 208.948 215.061 217.934 219.657 220.359 221.493 221.931 223.075 224.069 223.019 222.316 221.627 220.993 222.381 223.395 222.845 225.259 226.682 225.467 224.883 223.843 224.399 223.461 225.142 228.095 229.094 230.176 231.084 232.738 233.743 231.498 230.734 230.76 230.13 233.274 233.761 232.058 230.149 229.037 230.152 228.055 226.158 224.992 225.576 225.428 225.908 226.313 226.777 227.86 225.38 224.525 221.244 221.34 216.862 214.552 210.395 208.499 204.193 204.707 206.504 203.215 197.563 191.749 190.434 189.455 187.579 183.237 180.974 176.76 171.925 169.56 167.037 165.677 163.458 159.969 156.771 152.664 152.68 150.057 145.993 142.825 143.018 143.123 142.224 140.853 139.174 136.04 134.6 132.996 132.419 130.66 129.958 130.327 129.548 128.748 128.775 127.668 126.363 124.979 122.17 120.429 118.528 114.58 112.348 111.734 111.489 111.469 112.734 113.214 113.491 114.367 111.405 107.127 103.439 100.818 97.7655 95.1217 91.6823 89.3602 87.1735 84.6078 83.4393 83.6998 82.4662 79.0785 75.1301 73.0934 72.6843 71.046 69.2999 69.6494 69.2301 67.1157 64.9665 62.4528 60.0756 55.7691 52.1601 49.7814 45.6157 44.3624 42.0023 41.3485 38.9537 37.726 36.7557 36.7781 35.5402 34.063 33.0546 32.4898 32.0813 32.2936 33.5046 32.9238 31.3711 30.1046 29.9966 28.6318 26.907 22.0848 19.2927 16.2012 12.9646 10.0025 7.18574 5.98998 4.98219 4.75187 4.97609 4.90751 4.08669 3.30441 3.88291 6.8076 9.03106 9.21664 9.85961 11.4745 12.3061 12.251 12.1714 10.6931 9.21791 8.35198 5.6429 3.13359 2.04947 0.0783529 -1.48871 -2.2633 -3.21798 -3.74999 -4.07294 -4.85146 -6.45829 -12.1021 -21.3002 -38.1414 
200 208.071 214.028 217.119 219.092 220.543 220.9 222.257 222.789 224.623 227.117 227.822 226.611 227.413 226.797 225.307 225.844 226.313 227.587 229.869 230.41 230.738 229.619 226.394 223.709 225.618 226.788 227.266 226.452 226.768 227.717 227.981 229.889 229.719 230.276 229.911 230.268 229.575 231.284 231.39 230.51 230.252 229.508 226.249 226.497 227.647 227.589 224.662 221.881 221.754 220.934 221.059 217.898 219.403 220.09 219.204 220.526 219.457 218.05 214.987 215.05 216.458 214.147 212.744 211.361 207.065 204.949 203.486 199.629 196.33 194.349 191.826 190.465 187.682 186.83 182.662 180.617 177.932 174.735 170.911 170.287 169.433 165.776 162.059 159.781 158.767 156.749 155.519 153.923 151.481 151.13 149.205 146.546 141.908 136.243 130.989 125.324 119.494 117.052 116.052 115.045 114.132 111.352 109.205 107.117 105.676 104.007 103.1 102.146 98.865 96.2657 96.1505 94.6768 93.4436 91.6475 87.6102 84.2294 82.3315 79.8703 78.1566 76.9816 74.5422 71.7362 69.2293 65.9705 64.395 60.4442 57.7251 54.6438 51.7122 49.2426 48.5493 46.172 44.6462 42.2698 38.0799 35.5375 33.4735 30.2703 30.3023 28.8858 25.6907 24.7818 24.7562 24.7302 23.7875 22.7547 21.2358 20.4147 20.2012 19.4964 18.4714 16.1228 16.8076 17.2953 17.1571 17.2002 20.1369 22.467 22.9601 22.663 24.284 25.4468 26.6758 26.3537 25.2918 24.8637 24.0277 23.7198 21.8187 20.4137 18.405 17.9578 16.9491 16.1572 15.1193 13.0853 12.4599 11.8878 13.2299 15.4597 14.0058 14.2982 14.4815 14.3001 12.3838 9.52532 6.23148 3.43802 0.0586798 -1.11492 -0.997175 -0.667604 -1.57436 -2.46018 -4.4879 -7.0062 -11.4598 -19.0634 -32.7345 
200 207.378 210.998 215.441 217.646 218.496 220.226 220.859 221.862 223.917 225.49 224.924 224.438 221.106 219.567 220.929 221.856 222.04 222.065 220.87 220.145 220.116 221.907 223.493 222.084 224.735 226.31 226.947 226.603 226.274 224.347 221.413 221.579 220.868 219.019 219.271 220.167 222.698 221.197 216.667 215.052 215.186 214.454 213.698 215.598 217.513 221.097 221.958 223.167 227.06 225.788 221.614 219.953 218.923 219.34 216.649 214.375 212.58 210.857 210.019 204.908 203.443 202.547 197.835 196.348 196.167 196.195 196.279 194.628 194.876 193.251 192.118 190.669 189.2 187.694 183.743 180.401 177.406 174.471 173.014 169.194 166.204 161.803 158.397 155.069 154.12 154.733 154.545 154.299 152.988 149.017 146.371 141.8 138.525 136.878 135.022 131.863 127.586 125.08 122.497 117.339 112.146 109.467 109.285 107.624 106.25 104.828 101.837 99.3907 98.0161 97.1546 96.0678 94.5942 92.9068 89.4605 85.5564 84.0735 83.9419 82.6335 81.0998 81.1757 78.8561 77.5649 77.4851 75.7297 75.6827 75.836 74.0253 74.0113 70.8615 68.8465 67.1177 68.2107 68.3386 68.3184 67.0108 67.0695 64.8727 63.4111 62.0178 61.0795 58.8105 55.7351 53.4793 51.2155 48.052 46.0592 46.4046 45.4602 43.7748 42.9562 43.3714 42.6373 42.4573 40.9408 39.1178 38.976 38.5179 36.2407 33.1158 31.4266 30.1625 30.1169 29.369 28.7013 28.3756 28.3504 27.4833 23.2252 22.7563 21.0834 18.0162 15.7769 15.7855 16.7846 15.8421 14.6501 14.201 14.952 14.4877 13.9631 13.9209 13.8862 14.0826 13.1409 12.0329 11.2191 8.69818 4.57164 0.0938229 -1.78264 -4.28422 -6.50804 -7.17256 -8.65804 -10.0777 -13.4494 -18.6608 -27.1597 -43.1894 
200 210.037 215.305 218.796 220 219.032 218.446 219.853 221.106 221.612 222.515 220.869 219.216 219.959 221.105 220.204 219.14 217.531 216.456 217.105 217.816 219.767 222.71 225.076 225.589 225.71 224.734 222.723 222.431 223.971 222.701 225.399 228.691 229.977 228.537 229.022 229.888 228.197 226.708 226.116 224.388 223.134 220.253 217.349 219.115 223.436 224.511 223.255 221.747 221.96 220.513 222.552 224.879 223.654 220.491 218.294 215.362 211.905 209.687 209.411 207.281 206.383 205.441 203.109 198.967 193.847 193.438 195.249 195.777 193.578 191.472 188.298 185.366 184.586 181.715 177.978 176.003 174.881 174.784 170.95 169.609 167.379 165.428 162.312 158.624 153.801 151.837 151.605 152.221 151.521 149.707 149.898 147.829 145.392 143.868 141.009 139.075 137.999 137.386 133.75 128.37 123.88 120.231 117.146 115.102 113.241 111.141 107.87 105.614 103.558 100.802 98.6682 95.6489 92.376 88.6033 85.9563 83.4194 81.8053 79.7807 77.1696 76.9603 75.3502 76.51 75.862 74.2633 73.5634 72.2498 72.755 72.7471 71.9492 71.0432 69.8274 68.2218 66.369 64.9622 65.0638 63.5138 61.8482 60.5135 59.7881 57.4157 55.3726 53.7808 54.2017 54.2535 50.9106 47.9495 45.6391 44.7198 44.2971 46.4164 48.6905 50.0496 51.6155 53.1645 54.3806 53.8743 52.17 49.201 46.3418 45.2127 44.5645 43.4508 43.0691 42.8712 42.5595 42.069 40.9276 38.9164 36.4626 33.0242 29.9065 27.6619 26.0413 22.5174 20.4321 20.8341 22.8203 21.6006 19.6155 17.2371 16.2333 15.1044 13.8957 13.7024 13.1832 11.8227 8.49473 3.8495 0.0399256 -0.758586 -4.09473 -7.73855 -11.9098 -14.6547 -15.8703 -18.9446 -25.4809 -35.7363 -53.7544 
200 207.669 211.072 212.367 213.843 215.885 216.918 217.722 218.788 218.323 215.751 215.145 214.925 214.904 215.21 217.485 217.131 217.364 220.033 223.616 225.261 224.666 224.8 223.302 223.285 224.892 227.062 228.749 228.916 230.193 229.59 228.889 228.499 230.311 232.265 232.418 234.588 234.237 236.485 237.229 235.569 233.686 230.335 231.933 232.846 234.241 234.895 234.43 232.597 230.019 227.953 227.567 228.221 226.46 228.706 225.589 220.776 218.785 218.233 216.452 215.699 214.202 212.235 208.306 205.178 201.576 198.489 198.533 199.159 200.942 202.014 201.15 199.565 196.875 194.616 191.339 188.593 184.895 182.541 181.253 180.844 181.112 178.622 173.631 171.424 168.542 164.749 163.455 162.468 158.799 155.126 150.372 146.175 142.328 141.357 139.393 136.006 133.776 132.314 131.241 130.309 129.641 128.528 125.035 121.68 118.702 116.445 116.163 117.438 116.156 115.663 116.087 116.46 116.053 113.094 110.8 108.799 105.824 103.177 99.1477 95.1977 90.6735 83.8555 79.8923 78.4218 77.8678 74.5858 71.064 68.0624 66.4034 64.276 61.7639 59.2892 58.0335 56.986 55.4034 54.2691 53.5311 51.1285 50.019 48.5855 45.4357 43.0319 39.9931 38.6674 38.8444 39.1249 39.4734 38.6296 37.4978 35.8226 33.8666 33.4758 33.8237 32.8338 32.5871 32.4809 33.8083 35.0069 35.2657 34.0458 33.2768 33.4561 32.8361 31.105 30.8063 31.2847 31.255 31.2049 31.9973 32.6828 31.2659 29.6937 27.4954 26.2954 26.0969 26.1281 24.7712 24.3555 24.1897 23.4371 23.9766 22.4499 19.5741 15.9446 12.8527 10.0918 7.44464 4.19898 0.251662 -4.78158 -7.62421 -11.8879 -16.6885 -20.4994 -26.9604 -33.7728 -41.7516 -53.3983 -70.6679 
200 208.236 213.858 217.219 217.71 218.882 220.918 222.183 221.881 223.58 227.502 228.152 229.362 229.634 230.705 231.083 232.317 232.488 232.054 232.384 232.651 233.64 233.037 231.342 230.802 229.808 229.425 231.584 231.658 233.359 233.381 230.814 229.62 232.735 234.102 232.129 230.682 233.005 234.874 235.79 238.13 242.611 240.776 239.445 236.368 233.989 234.278 233.798 230.998 229.673 231.768 229.998 229.587 228.421 227.857 226.174 224.192 223.216 222.814 219.807 216.601 213.309 211.228 210.945 208.244 204.148 203.249 202.219 201.912 200.707 199.732 196.615 192.681 189.847 185.523 181.535 176.337 173.66 171.515 168.72 163.508 158.254 152.71 147.905 143.414 140.944 138.698 134.195 128.82 127.753 129.181 128.077 125.433 122.328 120.685 119.156 118.147 116.346 114.546 112.407 110.985 108.408 106.18 105.831 105.117 104.789 104.123 102.535 100.742 99.0222 97.8495 95.8734 96.0782 94.7915 92.2754 89.1072 85.4718 81.5503 77.7673 75.6041 74.5464 73.0769 71.347 70.1378 68.0256 63.6775 63.679 64.1113 63.8244 59.3692 55.5925 52.2704 48.7448 46.5229 46.2555 45.4674 46.0665 45.9533 45.6477 45.0145 44.2814 43.8537 42.2251 39.4703 37.7215 36.9309 36.3665 35.2556 33.5873 33.9406 31.4182 29.6154 29.0276 30.5009 32.1724 34.9903 36.2257 36.9193 37.1432 36.1757 35.6143 35.251 34.3064 30.9795 28.0978 28.7493 29.7178 29.7846 30.691 32.1548 30.8973 28.0583 27.852 28.3226 27.9385 25.1664 20.8734 16.4749 14.7782 14.4045 16.1113 16.5033 16.8001 16.1897 16.1717 15.2988 11.9138 7.61324 3.57935 0.101082 -1.92055 -3.64524 -6.60286 -9.81939 -11.7339 -14.1422 -18.394 -24.437 -35.0478 -51.8818 
200 207.937 212.155 212.989 212.686 214.536 216.717 218.006 217.945 219.879 220.895 220.069 221.96 222.661 224.136 225.38 224.548 224.753 226.167 227.205 225.31 223.152 222.273 222.752 222.442 223.037 222.928 224.265 229.18 233.098 233.995 234.297 235.509 236.802 236.959 237.553 236.371 235.557 236.27 236.277 234.483 234.29 231.991 231.775 233.312 232.21 230.699 229.478 226.741 224.753 225.607 223.248 220.414 216.725 216.733 215.704 214.505 211.614 208.026 205.877 205.349 204.466 202.18 201.335 198.72 195.553 194.599 193.077 188.793 186.945 183.925 181.01 177.443 172.522 169.657 166.08 162.83 161.419 160.733 159.89 159.548 155.358 152.1 149.242 145.345 144.882 142.583 139.433 136.915 133.644 130.903 128.611 127.403 126.421 125.222 123.516 121.167 118.152 114.198 110.421 106.435 103.509 101.06 99.7767 98.2877 95.8711 94.25 91.8927 92.4768 93.0716 92.8425 91.7741 89.8196 86.8691 84.0975 83.8459 83.1784 81.1271 78.8807 78.098 75.7041 74.5912 74.1456 74.1706 74.409 72.7357 70.7568 68.5369 64.7686 63.4432 61.5412 59.227 58.3785 58.8425 61.0321 60.6633 60.6744 60.0283 57.6445 55.8666 53.714 52.2469 52.7775 53.2141 53.4469 51.5064 50.244 48.7184 46.9879 45.2767 44.0879 42.933 41.5246 40.7946 40.1444 40.1659 39.7237 38.9316 38.8468 40.7689 41.9874 43.1116 44.9136 46.4577 45.2942 42.5635 39.8201 37.6013 36.9482 38.1445 37.1877 34.9955 33.2136 32.6156 30.0181 27.0327 25.7136 25.0225 22.4967 20.858 18.576 17.6375 17.9347 17.7541 17.2886 15.52 11.727 7.82334 5.05504 0.107526 -2.04299 -4.28178 -7.97125 -10.0523 -10.87 -14.6902 -18.0146 -21.897 -29.73 -45.3376 
200 207.239 208.603 211.24 214.706 216.923 219.497 219.087 218.419 218.026 216.833 217.839 219.025 219.248 217.907 214.413 214.825 216.167 217.607 217.773 220.633 222.426 222.933 223.184 223.574 223.586 225.011 225.279 225.182 225.977 228.029 226.594 227.1 230.857 233.543 234.992 232.932 232.253 234.873 233.453 232.564 233.545 233.271 231.2 229.343 231.763 228.949 227.525 225.446 226.461 224.32 222.415 220.471 220.148 218.781 215.885 213.54 210.938 209.51 206.679 206.817 203.881 203.072 199.493 198.925 197.814 194.305 194.082 191.539 189.19 187.771 185.006 181.064 179.75 181.339 179.521 178.903 179.459 179.15 176.054 175.618 170.826 166.676 164.266 161.463 159.719 157.301 155.84 154.176 153.681 152.742 149.095 146.761 147.521 146.045 143.096 141.475 138.572 135.354 131.935 127.108 124.555 121.979 118.212 117.075 115.404 114.614 112.32 111.484 110.576 108.749 107.646 106.404 106.22 105.028 103.467 102.221 99.8334 98.7778 96.9486 92.6934 87.976 84.1402 80.8913 79.394 77.6459 75.6685 73.4847 70.2481 66.2715 62.3563 60.1058 57.9983 56.1196 53.608 52.0612 51.6911 51.9807 50.3759 49.6208 47.6345 46.9037 44.8709 43.1941 41.1647 42.6109 43.8205 44.5903 42.2074 40.9212 38.4453 36.548 34.7845 33.4204 32.1323 31.0907 29.6567 26.501 25.2467 25.5133 26.8479 28.4052 27.5002 26.1004 25.9623 25.2899 24.3774 24.4993 23.0381 21.5668 21.7383 20.836 20.6094 19.7379 17.4453 16.8409 17.1773 17.5703 16.4939 14.6614 12.0778 10.2457 9.03268 6.76736 5.77247 5.30685 4.15075 4.21405 2.03133 0.0499659 -0.949352 -1.38854 -1.93431 -2.33708 -3.27501 -4.71965 -7.17856 -9.47808 -17.4468 -36.1857 
200 207.294 211.211 212.918 214.264 216.834 218.796 220.703 221.331 221.195 223.127 224.405 222.339 221.178 220.426 218.68 217.138 216.026 216.027 215.776 216.145 218.237 217.755 217.673 216.509 216.868 218.356 218.104 217.587 219.62 222.4 224.067 225.889 226.981 225.466 225.287 224.176 222.926 224.448 226.396 227.945 229.973 230.164 226.13 224.638 225.709 224.474 222.174 223.396 225.279 223.148 220.901 219.542 217.369 213.617 213.456 211.401 211.26 212.546 212.987 214.317 213.615 209.516 207.783 205.533 201.967 198.121 196.781 196.148 193.029 188.277 187.394 186.942 185.953 184.615 183.149 181.053 179.907 180.118 177.415 175.195 172.047 170.124 168.638 167.847 166.11 163.125 158.443 153.355 152.183 148.611 144.999 141.248 138.981 136.75 136.277 135.321 133.962 132.898 132.961 130.253 128.204 127.007 125.601 123.409 121.55 120.343 119.72 118.953 118.547 118.279 115.949 113.532 110.026 107.79 105.785 104.673 105.703 103.592 101.561 98.3576 98.3457 96.9158 93.3462 89.3611 87.162 84.8763 83.9725 81.5932 79.1385 76.7691 74.991 73.5937 71.9734 70.6968 68.3538 64.4114 60.5667 58.1952 56.7963 55.7147 54.0316 51.7509 48.9598 46.3759 43.5541 41.6138 39.4689 39.4396 39.282 40.1399 40.699 40.8659 38.7715 38.6268 36.5012 35.4343 34.0882 31.1917 28.5905 26.5836 27.1461 28.4193 30.9408 33.6101 34.8866 34.792 33.8257 32.4745 30.9453 30.3957 28.6143 26.7925 27.2135 28.637 30.9152 31.2479 30.4002 29.4525 27.6111 23.2476 19.5233 14.9397 10.5881 8.10426 6.50906 5.80333 3.62673 1.46344 0.0279343 -0.530752 -1.05018 -2.36836 -2.50601 -3.12456 -3.86214 -5.83299 -10.5625 -19.9891 -36.6415 
200 208.967 212.469 213.833 215.006 216.427 217.326 217.609 217.647 218.33 217.436 216.425 214.862 214.051 212.53 212.348 211.847 211.679 210.232 208.692 209.764 210.533 209.76 209.147 210.956 211.625 210.479 212.525 212.912 214.46 215.393 215.302 214.817 214.796 214.581 212.217 208.124 206.394 208.74 210.01 210.223 211.213 215.819 218.802 221.49 221.226 221.498 221.152 219.24 222.352 225.429 223.521 219.924 217.609 213.447 210.997 208.418 206.516 205.599 201.984 199.416 198.701 195.83 191.685 190.613 190.203 193.738 196.288 196.797 194.317 191.783 190.246 189.763 189.375 188.234 185.944 183.121 180.687 177.139 175.833 173.882 172.469 170.054 167.452 164.324 162.155 162.045 160.194 159.262 156.855 154.019 152.055 149.693 146.875 145.153 144.142 143.134 138.62 134.658 129.23 126.162 123.35 121.958 122.101 122.203 122.174 120.221 117.782 114.608 111.05 109.871 109.581 106.743 102.322 98.0846 95.8274 94.0142 92.8538 92.3571 89.8494 87.1742 85.2447 81.1867 76.6027 72.1233 71.4187 71.4048 70.0105 69.5466 69.0243 68.0761 67.7566 65.8549 65.5874 64.8963 62.6723 61.5096 60.0623 58.9548 56.8213 54.5243 53.7917 51.9381 49.4285 46.8545 43.5902 38.819 34.8658 32.1609 29.7991 27.5393 25.6143 24.3984 24.8376 23.0685 21.1744 19.1173 17.3073 16.2144 15.0921 11.158 6.64778 2.64102 1.29527 0.416655 2.21228 4.09908 5.75234 5.17311 4.47798 3.52229 3.84379 5.46513 8.20664 9.88534 10.281 11.4135 14.287 16.3602 17.2412 17.2744 17.4522 17.9361 19.5675 18.8979 16.1992 11.4449 7.62867 2.30916 -0.0354738 0.674003 1.19219 2.03254 3.36053 4.36544 6.25865 8.69889 7.62278 0.363707 -13.8368 
200 206.777 210.861 214.398 219.582 222.194 223.849 226.048 228.972 230.04 229.746 230.255 230.267 230.625 230.166 228.91 229.166 230.883 228.879 225.792 224.16 222.463 225.291 226.987 226.493 224.661 223.118 222.288 221.704 221.679 223.829 226.681 226.221 226.3 228.678 229.374 229.035 229.271 229.439 228.931 227.981 229.456 232.814 235.331 241.129 243.054 242.677 241.497 239.656 240.939 240.491 240.67 239.235 236.393 234.905 234.921 228.564 226.483 227.213 224.348 222.26 219.875 216.739 213.784 209.134 206.345 204.284 203.651 203.808 201.796 195.485 190.896 191.058 190.429 192.09 191.685 190.235 186.655 182.747 179.438 177.574 174.287 170.215 168.854 167.107 164.25 162.141 159.355 158.898 157.132 155.012 152.772 150.703 149.017 148.422 145.287 143.068 141.155 140.21 137.196 133.336 130.907 127.012 124.685 122.833 120.256 118.548 115.881 112.868 109.496 105.808 103.304 100.631 99.1082 98.0065 96.1364 94.1808 92.5404 91.8614 89.6692 86.8776 85.0672 82.2443 80.2051 78.6368 78.062 77.4746 75.9782 75.9083 73.8238 71.9056 71.2265 70.0147 68.9812 67.1521 64.9595 63.3804 62.4714 60.8651 58.3201 56.6371 53.9851 51.1933 46.8329 46.0793 45.7236 44.2682 43.0326 41.0326 37.4257 33.2239 30.1936 29.8061 30.5611 32.2502 34.8933 36.5964 35.8447 35.7449 36.3501 37.2791 36.1453 32.8122 30.2291 28.1217 25.5916 24.9528 24.8011 25.1764 24.1294 23.1162 22.7141 22.541 21.0695 19.2848 16.5101 14.438 13.9566 12.9048 14.4508 15.5239 15.9064 16.308 15.8601 14.1201 12.2167 9.73886 5.85763 3.24776 -0.0184497 0.350545 0.000909715 0.961698 2.5446 3.12757 2.1008 0.471492 -3.41679 -10.5083 -26.4218 
200 207.021 211.252 212.945 214.094 214.95 215.017 215.244 214.702 213.475 212.265 212.093 215.025 213.843 212.706 210.926 210.232 209.998 210.515 210.021 209.443 209.453 211.473 212.628 212.204 209.962 210.874 210.597 210.361 209.978 211.259 210.084 208.513 209.86 209.707 210.354 209.622 208.022 208.478 208.287 207.42 208.648 207.305 210.586 211.874 212.028 212.081 213.87 212.323 212.369 215.387 213.965 212.464 213.813 214.826 212.741 211.989 213.195 212.298 212.219 210.767 209.798 207.287 203.475 204.287 200.272 197.229 196.536 197.059 196.853 194.832 191.421 186.937 183.853 181.951 177.894 175.804 172.523 169.719 166.236 162.097 157.605 153.171 149.618 145.625 140.159 137.665 134.628 130.285 125.577 119.683 113.668 109.115 104.372 101.148 98.5157 96.4157 94.8322 92.4449 91.4122 90.2283 87.3147 84.0039 80.4799 77.7906 74.0172 69.7592 65.8207 64.231 61.4868 57.5225 54.9204 51.7512 47.6621 45.6478 44.4169 41.9689 40.739 39.2559 36.8938 34.847 32.7563 30.2281 27.9423 26.0209 22.9657 21.1904 19.8081 18.6161 18.3349 17.9282 16.0813 14.153 11.6999 13.187 15.2529 15.2155 15.4911 16.0705 16.8786 16.0797 12.9991 10.8537 10.4332 8.36302 5.9324 4.35556 3.49735 2.60167 1.31742 1.92344 1.99682 2.32233 0.205399 -1.77427 -1.66124 -0.770274 1.34239 4.09554 4.95392 5.70113 7.75762 9.2619 9.21148 9.52326 9.6161 7.77727 5.52009 4.05881 3.25605 2.91248 3.01675 3.61028 4.21582 4.24826 6.96948 6.07492 4.7692 4.41236 3.73666 3.94762 2.84783 2.98567 4.89334 4.57747 4.59295 4.86054 2.90683 1.60557 0.0360486 -0.684924 -0.420376 0.167737 0.690603 1.63334 2.88991 4.07018 3.05932 -2.79821 -17.9044 
200 208.052 211.499 213.576 216.86 216.912 217.703 218.667 219.57 221.17 222.151 224.447 224.066 223.941 224.437 223.609 222.668 221.821 223.266 225.677 227.009 227.57 226.687 227.347 229.905 228.02 229.399 229.442 228.963 229.725 231.773 231.557 232.907 232.94 234.876 235.99 233.897 233.776 233.774 232.289 231.793 231.652 230.254 229.016 228.823 228.028 226.271 226.009 225.608 224.891 223.858 224.271 222.463 220.124 221.477 218.982 215.532 210.785 207.992 204.6 201.972 200.911 201.78 199.648 196.021 193.518 191.888 190.487 187.054 187.148 185.711 180.75 177.262 174.488 171.695 171.058 169.681 169.062 169.285 167.977 164.977 161.378 156.772 151.447 148.009 144.315 141.516 139.336 137.596 135.163 134.424 133.886 131.162 128.211 125.053 122.883 119.796 116.937 114.872 114.064 111.9 108.892 105.676 103.116 101.24 96.6922 93.4609 89.716 85.4844 82.411 82.9918 82.5347 81.1023 78.8951 77.9525 75.3615 70.5277 66.6462 62.4266 59.0407 57.2461 54.8657 52.7618 49.8483 47.4459 46.0864 44.5134 43.9837 44.4525 45.2837 45.2183 43.4841 41.5856 40.6238 41.4751 40.6177 40.9627 39.1349 38.6306 36.7768 35.9839 33.7918 31.8778 31.5629 30.712 29.3291 29.23 28.5426 27.8472 26.078 23.6166 22.135 22.2898 21.8951 20.1948 19.8634 20.7605 20.5086 20.7632 21.9353 24.4067 26.8945 27.1588 26.6815 25.8482 25.3706 23.3696 20.2763 19.2375 18.8367 17.898 16.454 14.7835 14.7949 16.6343 17.9313 18.5734 19.3548 20.7542 19.5357 16.9211 14.0768 11.1037 9.37121 7.83458 6.45131 7.46813 6.74693 3.48519 0.0498193 -0.946567 0.391406 2.2323 3.8292 6.17831 9.36702 10.3977 8.42463 0.062982 -14.0757 
200 207.313 211.789 214.266 215.395 216.499 217.593 217.586 219.623 221.4 223.997 225.83 225.698 227.536 227.446 226.316 224.642 222.897 221.196 219.751 219.492 219.78 218.782 220.094 221.42 223.546 225.505 225.538 223.979 224.329 223.567 222.23 222.068 221.107 221.826 218.536 216.906 217.579 219.238 220.453 220.148 220.718 221.327 221.578 219.384 217.373 215.057 215.932 218.187 221.217 221.08 218.059 210.819 208.136 204.794 200.763 196.19 193.012 192.016 194.16 192.942 194.038 192.778 192.447 188.662 186.166 183.366 180.957 177.286 172.971 171.191 169.593 166.398 163.914 162.116 161.023 159.413 157.394 154.635 151.092 145.82 139.578 135.322 133.536 133.744 130.493 126.244 122.585 119.751 117.33 116.754 115.4 111.357 107.532 105.617 104.666 105.262 104.934 102.983 99.8033 97.3441 94.8659 93.3035 92.9776 92.9851 90.0912 86.7273 82.0308 77.5859 74.1825 71.103 68.5206 65.8321 64.9697 63.3768 61.9645 60.0857 58.5532 56.6181 55.7196 55.8119 54.5112 52.774 51.2405 51.106 49.5524 47.243 45.3369 42.9822 40.8975 40.3198 37.6372 35.6113 33.0248 31.0987 29.3014 28.2234 26.0071 25.0455 25.7559 25.3225 24.6496 24.8472 25.2941 25.1103 22.4381 20.2254 16.2979 14.8351 12.8634 10.6124 8.60651 8.78149 9.92824 10.4086 9.71827 8.96707 7.81727 6.93072 8.39704 8.91002 8.91994 10.3891 11.699 11.5798 11.0933 10.5979 10.3401 10.526 10.0748 8.78707 6.80759 5.38827 4.34185 4.17008 4.88013 3.35478 3.39282 7.07312 10.4091 11.2928 11.4092 12.2057 11.9445 11.7713 9.08798 6.2523 3.1465 1.18825 0.0103518 -0.196683 -0.346162 -0.20615 0.00590576 0.90064 1.00982 0.127502 -1.70181 -9.98441 -25.9644 
200 209.035 213.037 215.072 217.381 218.088 219.112 220.879 222.76 224.711 225.867 225.853 226.511 225.656 224.369 224.68 224.634 226.357 227.098 230.467 232.056 229.683 227.192 226.046 224.141 223.25 221.117 219.33 218.525 218.568 218.711 216.857 216.006 215.96 217.065 216.781 218.021 219.535 218.759 217.951 218.558 217.977 216.636 218.981 217.936 216.483 213.926 213.794 213.783 211.289 212.125 212.197 213.173 211.908 211.1 208.383 207.701 207.4 204.532 204.57 205.653 205.09 204.028 204.077 201.219 197.347 195.58 194.226 192.167 188.476 187.35 183.853 181.687 179.27 173.326 170.895 168.745 165.348 165.046 165.081 163.002 158.478 153.309 149.922 149.559 147.998 145.644 143.92 141.602 139.794 138.801 136.113 132.147 129.33 124.867 121.083 117.823 115.739 112.416 108.625 105.764 101.764 98.4816 96.6506 95.3575 93.2057 91.3454 92.8657 91.5556 90.1015 89.1637 86.6536 83.3673 80.8251 77.6934 73.8604 70.8195 67.7925 66.4681 64.7606 63.6837 61.9937 59.3753 57.1676 53.6224 51.811 50.8776 51.7931 51.1737 49.3195 48.814 48.0284 46.6128 46.2669 44.5699 42.3681 42.7315 44.7287 44.7183 44.1034 43.6179 42.0597 42.2961 40.8424 39.6462 38.6005 35.6133 33.7392 31.3981 30.3607 28.411 27.0367 26.5605 27.0537 26.1097 25.7767 24.1887 25.0109 25.0908 24.0206 22.9774 21.727 21.4185 21.0445 20.1538 19.5825 18.1896 17.0697 17.473 17.3874 16.6755 15.8663 15.4454 13.726 11.2298 11.2988 12.3665 12.9048 13.8787 17.0182 18.8829 19.5827 18.5422 17.9877 16.0357 14.0674 12.5226 8.81011 4.64367 0.0900917 -1.71174 -2.01399 -1.13732 -0.093904 0.0760257 0.862181 2.36161 0.0120095 -6.53216 -19.9929 
200 208.744 214.103 216.588 218.008 219.04 219.446 220.447 220.205 220.503 221.64 223.44 225.737 225.353 224.218 223.763 224.778 224.203 226.43 227.495 226.803 225.375 224.945 225.22 223.427 219.878 218.099 218.579 219.948 221.243 221.367 219.499 218.393 216.812 217.097 218.748 219.737 220.855 219.946 221.067 223.151 225.51 225.626 228.242 228.878 228.083 225.492 224.824 225.404 224.624 225.058 220.621 221.638 222.837 225.351 224.434 221.917 217.796 215.145 213.14 210.892 209.859 206.888 205.294 205.357 201.933 199.846 196.963 193.481 190.914 186.706 184.497 185.251 185.269 183.433 180.55 178.956 177.063 175.674 171.793 167.959 164.741 162.364 158.238 152.194 148.625 146.989 145.479 143.297 141.261 138.759 135.981 133.903 133.841 134.323 132.835 130.284 129.245 127.743 124.106 121.427 116.861 115.415 114.605 111.939 109.249 106.435 103.776 101.21 99.8879 96.5076 91.7139 88.5718 85.3009 83.0562 81.8907 81.8853 81.3871 78.1486 76.6907 75.9426 75.6558 73.9286 74.0505 72.7068 72.0522 71.1628 68.3739 67.0211 64.6608 62.7386 60.5725 57.266 53.9907 52.6933 52.3748 51.6419 51.3752 51.4055 49.9373 48.7306 47.6483 46.106 44.8393 44.0345 42.5273 41.9895 41.1076 41.4022 39.7334 38.8102 37.2912 34.9056 33.1218 31.2614 28.7406 28.6808 28.9962 28.6601 28.7728 29.5528 28.5902 27.905 27.4359 25.0831 22.7149 22.2535 23.0118 23.2473 23.3552 23.0679 21.811 20.3992 20.125 19.3545 17.6911 15.9154 14.0994 12.997 10.5208 10.386 10.6806 10.1747 11.6884 13.1639 12.4961 9.90559 6.98937 3.6582 0.0450659 -0.856253 -2.82376 -4.39968 -5.13912 -6.0896 -5.66261 -5.95501 -11.715 -22.5644 -39.1907 
200 206.578 210.347 212.329 215.589 218.155 218.453 216.404 215.805 214.701 214.831 215.088 215.067 213.678 213.296 214.295 213.814 214.17 216.076 215.473 213.823 213.341 213.073 213.329 213.033 214.291 214.2 211.807 208.233 206.355 205.827 204.778 203.62 206.303 208.283 208.599 209.492 210.696 211.833 213.146 213.96 214.263 212.5 209.318 208.847 207.59 205.173 204.875 203.616 202.93 201.976 198.996 195.907 196.523 198.721 198.127 195.885 193.695 191.754 190.492 189.549 187.465 184.778 183.594 181.706 180.115 178.612 175.128 173.296 170.265 168.986 167.757 165.376 162.513 158.88 155.079 152.626 152.827 152.633 151.589 150.687 150.289 149.618 149.371 148.161 143.206 138.109 134.418 133.571 132.369 132.235 129.896 128.526 125.819 122.89 120.053 117.492 115.485 112.913 110.434 109.862 108.22 105.319 103.603 101.673 101.987 100.162 98.2121 94.9846 92.8267 91.012 87.9633 84.9251 81.8304 79.3319 76.1734 71.8833 66.5619 60.5997 57.9215 56.7035 55.5156 53.4466 52.0288 53.2095 53.0793 50.4421 46.9025 45.486 45.6632 44.1849 43.9367 40.4897 38.7564 38.3488 37.7888 35.6804 33.8645 31.8374 30.6829 30.4327 30.3294 29.6518 29.5199 29.2671 26.7405 26.1342 26.9183 25.3699 22.7601 21.3294 19.8142 18.7989 18.4489 17.8641 17.5103 19.748 20.377 20.3874 18.8939 17.2672 15.6671 14.6918 13.9742 12.3472 11.9079 11.537 11.1095 10.8168 12.8014 12.9071 13.2905 14.8839 15.9679 14.9523 13.2733 13.3091 11.5103 11.1308 10.505 9.46633 7.84756 7.02432 6.70944 6.2643 5.01807 5.42838 4.9193 2.30305 -0.0214815 0.408148 0.368547 0.0102362 -0.775488 -1.87985 -3.28955 -7.09412 -13.129 -23.8505 -41.0904 
200 207.985 212.273 215.609 217.405 216.714 216.441 218.641 219.424 220.258 220.17 221.597 223.698 223.896 224.276 225.048 223.869 221.891 220.772 222.92 223.271 221.397 219.593 220.288 221.834 224.006 227.803 227.39 225.325 222.963 223.86 225.883 226.558 226.247 224.617 226.216 228.846 227.709 225.88 226.919 227.2 229.016 228.401 228.785 230.804 230.037 229.911 228.716 226.819 224.799 225.05 223.395 221.307 221.109 222.125 220.268 216.99 214.757 212.153 208.892 206.149 205.448 203.969 203.406 203.484 202.077 201.329 197.996 195.424 193.515 191.598 188.655 186.407 184.221 183.172 181.273 179.208 178.045 177.211 176.686 174.232 170.092 166.595 166.86 166.653 163.409 158.593 154.682 149.871 146.877 144.47 142.577 141.89 136.967 133.895 131.633 129.309 127.421 125.622 122.422 118.734 117.558 118.379 116.791 115.27 115.472 114.027 112.967 111.199 108.171 104.632 101.154 99.6437 98.739 96.9039 93.7148 90.7737 88.2698 86.6138 84.4162 82.6426 80.5461 79.5765 76.2698 72.9729 69.6249 66.3969 65.7299 65.5459 64.4241 62.061 61.6121 64.0081 64.565 64.6449 63.3083 61.0663 59.7939 59.7249 57.8427 55.9915 54.7068 52.6803 50.9457 48.5318 47.9342 47.1944 46.2258 44.6937 43.6292 41.149 36.907 33.4202 31.3173 29.3349 27.575 25.7951 24.2215 23.7994 23.681 22.1366 19.8837 18.9779 18.1738 17.644 16.559 14.3365 12.8865 13.0522 13.4077 14.8992 16.1286 16.7328 18.0608 20.0209 21.9223 22.8512 20.8841 18.3609 16.715 15.1228 13.1751 11.2329 8.26925 5.35562 4.68288 4.02273 1.96386 1.49819 -0.0312637 0.59401 0.721408 -0.632903 -2.86947 -4.46956 -6.00272 -10.0071 -15.6547 -26.6699 -44.6465 
200 209.42 212.795 216.336 216.593 217.736 217.925 218.81 218.824 218.378 216.13 216.473 216.295 216.382 218.177 218.204 217.216 214.643 214.667 214.447 215.671 215.813 216.569 215.363 213.986 213.224 212.183 208.558 208.359 209.677 213.031 213.919 216.034 214.891 213.905 211.833 212.85 212.962 214.728 216.37 216.974 215.583 214.828 213.317 209.259 206.541 204.487 204.517 203.169 199.581 196.076 194.53 193.927 192.525 191.939 192.288 189.346 186.535 186.722 185.37 182.808 179.638 178.848 176.93 176.504 174.46 171.641 169.466 169.055 168.366 166.098 166.233 166.267 163.078 160.1 159.89 158.318 156.286 155.002 152.752 151.096 147.765 145.048 143.935 141.383 139.102 138.13 134.602 132.352 129.067 125.491 122.435 118.942 117.1 117.491 117.552 117.136 116.801 116.446 114.859 111.17 108.461 106.29 104.67 105.29 103.675 99.5187 95.7268 93.7715 91.213 89.5089 87.6187 84.8208 82.6635 78.6121 74.6121 74.1413 74.0787 72.0907 69.3744 66.7745 65.2148 64.9738 63.2584 60.8917 58.8351 57.1972 55.3896 53.3989 52.4935 49.8489 48.1631 45.555 45.7788 44.9133 43.4046 42.3336 40.9215 38.17 35.3072 33.522 34.0948 31.93 30.5325 29.4946 27.568 25.1693 24.0545 23.9904 22.7198 21.4543 21.3347 20.1441 20.4929 19.4473 19.1706 18.5462 18.1831 16.4113 16.0627 16.5314 16.7351 17.7956 17.9816 17.807 15.8164 13.8819 13.8052 12.9075 12.9876 13.2787 13.393 14.0497 14.6316 13.4223 12.723 14.3424 15.701 16.8626 16.5689 14.4194 12.6889 10.4763 10.9462 10.8624 9.22381 8.47564 6.08482 2.90486 0.0365798 -0.695016 -1.84746 -4.11525 -5.22197 -5.69063 -8.41538 -11.5639 -15.939 -24.1963 -39.6449 
200 208.285 212.654 213.906 214.782 215.874 216.976 216.697 218.257 219.129 220.981 220.974 219.726 220.256 219.55 218.138 218.953 218.871 218.043 216.904 214.076 213.666 214.101 215.38 215.91 213.909 210.054 208.975 208.298 208.933 212.089 214.105 215.874 215.065 216.607 218.325 221.537 222.707 224.423 227.603 227.513 228.873 229.333 233.327 234.997 235.575 234.603 233.885 232.584 230.715 229.621 230.886 230.98 233.497 236.071 235.474 234.133 234.884 232.701 231.293 230.651 229.399 229.079 226.374 221.212 218.703 218.669 217.749 215.463 211.534 209.259 207.15 205.701 203.894 201.4 199.25 196.493 194.04 192.462 190.905 190.523 187.721 186.773 183.667 178.601 176.082 175.643 175.693 173.012 169.205 165.494 162.187 159.983 155.673 149.894 146.153 143.052 140.102 135.992 133.884 131.997 129.738 126.694 123.429 122.672 116.937 112.645 109.865 106.544 102.923 98.773 98.5602 97.1047 95.5941 94.9625 93.2008 91.0373 87.5252 85.0974 85.0168 84.0963 80.6435 78.1148 75.418 72.349 69.7058 69.3092 69.3405 70.3622 70.0414 68.2512 68.0274 67.8189 67.4012 68.2516 67.7538 68.9784 69.0987 67.923 68.0479 65.8989 63.64 62.4133 60.9961 60.4592 59.6632 57.1693 53.5982 51.0088 49.8517 49.1498 48.031 48.5077 48.7856 49.7943 50.1635 50.096 51.5834 51.992 51.4562 50.456 48.7316 46.2658 43.3631 39.9239 36.8225 32.808 28.0675 26.7291 25.3292 24.1671 23.6703 23.0209 21.7106 19.8208 18.7554 18.0059 18.1834 19.4981 19.302 18.429 17.2383 14.9501 12.5433 11.2049 8.48187 6.43206 3.79747 1.51559 -0.000309982 0.00588966 0.414952 -0.750079 -3.53288 -5.88418 -7.83204 -10.2679 -15.7865 -26.3057 -45.2454 
200 207.075 212.423 215.518 217.91 220.483 223.446 225.306 226.625 227.013 224.905 222.773 221.925 221.758 222.227 222.133 220.108 219.301 221.948 223.427 222.382 221.533 220.718 219.143 217.786 215.821 214.087 213.523 214.434 216.794 218.375 221.18 221.571 221.097 221.256 222.996 224.88 225.598 222.695 222.8 221.128 218.718 213.302 211.889 212.769 212.269 211.934 210.664 212.047 211.224 210.699 210.312 212.658 214.776 214.878 210.633 209.089 206.289 203.303 201.834 198.633 195.62 193.818 192.106 189.688 185.488 183.393 181.232 178.022 174.822 172.284 171.314 170.467 171.887 172.098 171.823 167.515 165.11 163.989 162.315 163.25 162.784 163.532 160.48 156.605 151.24 145.872 140.012 136 131.467 128 125.896 122.765 120.081 120.064 119.264 117.008 113.798 111.905 108.905 104.073 100.018 95.2074 90.627 85.0107 79.6801 74.3438 69.8582 66.5747 65.2532 63.5864 63.0685 61.6309 61.2999 60.1557 58.5488 57.136 54.8126 52.4398 50.7463 47.5539 46.564 46.5055 46.5457 42.3028 38.4715 38.555 37.3564 36.3936 35.8921 35.934 34.8341 32.8368 30.9836 30.2477 29.9207 29.2077 28.204 25.6971 22.795 20.0412 19.2653 19.5667 18.359 17.6662 16.022 15.0225 14.8432 15.5907 14.5325 14.9796 15.8862 14.904 15.9732 16.9917 18.3265 19.7142 19.4641 19.929 19.6004 21.1398 21.4949 22.6899 24.0502 24.5521 24.5141 25.7688 25.951 25.555 25.3891 23.1782 23.0497 22.9434 22.0562 24.0237 24.8205 23.4931 22.6832 22.8341 24.1561 24.5997 24.1708 22.801 22.0412 18.8296 14.1795 9.31124 5.66597 2.01906 0.097067 -1.84427 -3.74791 -5.68358 -8.93623 -12.7711 -15.2449 -17.6306 -23.321 -33.0236 -49.9793 
200 209.789 213.623 214.368 215.018 216.195 217.622 221.218 225.594 226.722 226.594 225.399 223.604 225.076 226.041 225.315 224.789 226.46 226.793 226.683 225.934 226.869 230.082 230.578 230.515 230.914 231.183 232.372 230.94 230.166 230.896 230.389 230.836 231.17 231.416 234.279 234.688 233.554 231.631 231.968 230.277 233.166 233.909 233.87 231.804 228.09 227.383 229.773 229.627 226.691 224.288 224.009 224.029 222.397 221.374 220.941 221.526 220.44 218.572 216.533 214.636 212.033 209.963 209.45 210.238 210.228 208.053 202.677 198.088 196.096 194.835 191.091 189.387 185.749 180.796 179.041 175.666 173.343 169.067 166.837 165.309 163.337 162.169 161.099 158.279 156.733 154.254 150.029 146.774 145.707 143.013 137.893 134.529 133.035 128.924 124.297 119.812 115.854 112.224 107.541 103.09 100.378 98.1693 96.2108 94.8682 93.7974 90.6646 88.151 84.7826 82.1355 79.5015 78.218 76.6233 74.6385 75.2383 78.0241 79.8767 78.7077 79.2528 77.8463 75.3294 73.9893 73.3633 69.7289 68.3772 66.292 64.4857 62.5711 60.5268 60.5139 59.6023 57.4471 55.3579 53.5555 51.597 49.8676 47.6004 45.3811 44.5449 44.1048 43.9092 43.0807 41.0705 40.6493 40.4191 39.7706 38.2564 36.6679 34.2652 34.044 34.3605 32.5288 30.8054 29.4729 28.9371 26.9412 23.2792 22.2498 22.4423 21.6295 20.5709 19.5394 19.4239 19.6088 20.0772 20.2142 19.3064 18.1251 14.8667 11.753 9.73488 9.00287 9.9504 9.82375 10.7058 11.2472 11.2177 11.4136 11.8435 12.2577 12.3403 11.9225 13.0546 13.4725 13.8353 12.1499 9.48622 6.30458 2.52621 -0.0194412 0.369384 1.03585 1.00267 1.23725 1.10861 2.42754 4.4215 1.75643 -4.37055 -18.163 
200 208.084 211.845 215.724 218.423 218.957 219.045 219.231 219.807 219.678 222.247 223.65 224.712 225.198 224.894 223.382 223.507 224.711 226.676 226.927 226.103 226.442 228.106 225.929 224.673 225.476 224.748 221.015 220.853 221.17 220.358 221.282 222.551 224.606 224.919 226.572 225.913 223.868 222.65 225.736 228.857 233.445 235.023 234.877 231.907 231.699 229.741 229.688 228.49 224.681 223.639 227.643 230.477 228.224 228.461 232.417 230.515 229.384 226.704 225.112 221.445 218.408 214.271 209.294 205.799 204.123 202.583 199.115 196.23 192.07 189.757 187.891 184.605 182.031 177.925 176.626 177.961 179.123 177.447 177.417 176.586 175.892 173.394 171.576 168.97 166.066 161.865 157.381 152.861 149.344 147.529 145.867 143.92 141.438 139.64 140.792 139.495 137.313 133.702 129.993 127.499 125.575 122.28 120.028 119.579 117.665 116.348 114.755 112.307 111.96 110.874 108.901 106.37 104.271 104.28 102.166 99.1227 96.8775 92.5117 89.2726 86.8183 85.2885 82.698 80.6678 78.1965 76.7403 72.0086 68.8568 66.04 62.6337 60.5538 59.4015 58.315 56.737 54.6982 51.8996 47.7844 44.3992 43.5356 43.0614 41.8555 41.6158 39.5959 38.5399 37.6865 34.8083 31.7785 28.3152 25.3075 23.2155 19.7273 18.3993 18.7962 20.2831 20.6538 20.5985 19.3845 18.8613 20.3503 23.6763 25.716 25.5965 25.4696 25.1279 25.5711 26.3054 26.8703 26.6362 27.3544 27.2552 26.4269 25.8331 26.6324 26.1 24.9212 21.4127 17.8099 15.9261 15.325 14.9352 15.664 15.9559 15.8461 15.8744 13.9368 10.0822 6.30844 5.11306 3.4009 -0.014361 0.272859 1.04301 0.915328 -0.231019 -2.29415 -4.99538 -6.74118 -10.9293 -20.4711 -37.9966 
200 209.729 214.866 217.108 218.756 220 221.513 221.882 222.229 223.469 221.877 222.911 224.402 224.763 224.589 226.163 226.422 227.402 228.238 228.168 230.114 230.346 233.94 236.287 236.496 237.333 235.572 235.712 234.288 233.249 233.675 233.179 233.933 234.17 234.177 235.145 236.342 239.397 238.873 236.107 235.369 234.13 236.634 237.801 236.08 235.058 234.132 234.584 235.766 234.536 236.155 237.324 235.975 232.735 232.224 230.67 228.895 225.568 225.157 224.91 226.002 225.363 224.843 219.135 215.604 213.137 211.374 207.974 205.108 203.898 205.883 207.059 206.127 204.207 204.024 204 201.919 201.679 202.422 202.02 200.595 197.355 192.38 189.149 183.5 179.978 175.314 172.344 169.598 166.654 164.99 161.626 160.336 157.617 156.018 153.172 150.428 147.537 142.45 138.401 135.338 131.94 129.271 126.973 125.007 121.446 119.445 118.451 115.667 113.854 112.649 110.81 110.218 108.909 105.115 101.532 98.6613 96.8722 93.7919 91.5014 91.1986 89.9942 88.5228 84.6221 81.8075 79.366 75.3821 72.395 71.2086 68.9312 66.6779 64.709 63.175 62.6617 62.601 61.8902 58.4042 55.6039 54.2327 52.7054 49.6682 46.2619 44.8007 43.2637 41.9215 40.1709 38.1342 35.5997 32.796 29.9915 28.5062 26.8168 25.1663 22.8018 21.3201 20.1347 17.4215 14.0354 11.2285 8.42163 5.1822 4.47153 5.5304 5.84963 3.42334 4.30535 6.16879 7.65119 8.01409 6.48662 6.02366 5.99625 3.69015 2.36266 1.76275 2.3586 3.45485 4.51098 5.0436 4.70523 4.09791 4.57194 6.54995 8.79487 10.8522 11.5138 10.5269 8.04646 3.76183 -0.0490232 0.931441 0.907829 0.332308 1.4436 2.78724 2.81246 1.28417 -1.53345 -9.03767 -24.934 
200 207.833 212.454 213.836 213.258 215.204 215.138 215.65 216.747 217.761 218.632 218.577 217.788 218.803 220.436 218.177 219.627 221.281 220.584 222.352 223.017 224.994 226.815 228.346 226.132 225.311 225.517 225.8 225.531 223.216 222.296 221.201 221.028 218.57 218.89 215.008 214.017 215.66 213.335 210.493 209.286 210.942 213.084 212.651 213.222 214.108 215.689 217.801 217.353 218.2 217.561 217.903 214.054 212.764 211.557 210.918 212.041 212.72 213.307 213.378 211.084 206.1 202.848 201.255 199.694 197.025 196.913 194.994 192.779 193.775 189.65 186.245 186.117 183.089 180.313 176.854 174.3 171.167 167.631 166.891 164.468 160.383 157.469 153.317 149.935 147.607 142.918 139.351 137.686 137.833 134.236 130.589 127.236 125.563 126.083 124.542 121.115 117.519 114.118 112.151 108.984 105.71 105.146 103.732 103.075 102.944 101.857 100.152 97.6007 94.1635 90.5144 88.5929 86.9879 85.5232 85.3074 85.0181 82.3302 78.8976 77.7723 76.7936 75.0628 73.8645 71.2246 70.5642 71.3005 71.4212 69.0542 66.1151 64.8522 62.7655 60.3212 59.5114 59.4979 60.0678 58.8786 54.9028 51.964 51.5469 51.1596 49.3127 45.505 42.1999 39.1677 38.779 37.9255 37.7316 35.9391 36.1438 35.4921 32.4162 31.2009 28.711 26.5481 25.5053 25.1727 22.608 22.0501 21.5223 22.3001 25.0153 25.4178 25.1535 24.2464 23.2692 23.9077 24.8515 27.6395 28.7177 28.9265 27.632 25.887 23.2631 21.6927 20.1578 19.5724 18.6524 16.4142 14.3861 13.6117 15.0511 15.1313 13.7591 10.6701 9.82035 9.31506 7.81414 6.48002 4.81178 2.5523 -0.00197823 0.0375863 1.00874 0.905169 1.10967 0.0687086 -2.4223 -6.11406 -9.95235 -17.8468 -32.9465 
200 209.093 213.705 214.773 215.392 216.058 216.768 219.517 220.456 221.016 220.318 218.818 220.55 221.971 221.551 222.678 225.45 225.262 226.306 228.899 230.229 231.256 232.566 232.019 230.421 232.025 235.468 237.113 239.92 239.811 238.855 239.506 236.984 237.112 236.629 234.868 232.635 234.517 236.897 239.487 241.871 242.725 243.719 240.837 243.08 242.926 245.258 243.275 243.751 243.823 244.627 244.09 243.294 243.592 241.807 239.758 237.866 234.361 231.092 230.664 227.021 225.205 225.037 222.699 219.327 215.301 211.198 207.863 205.512 202.04 199.585 198.088 192.908 191.751 192.248 188.581 184.2 183.026 181.377 178.594 176.104 176.267 174.405 170.922 169.534 167.965 167.227 165.814 163.94 163.61 160.279 158.428 155.034 151.978 149.889 146.267 143.887 140.719 138.299 135.195 130.419 126.353 121.962 118.467 115.995 114.518 112.927 110.272 109.515 110.554 109.516 105.666 99.8598 96.0644 92.7576 90.142 86.1848 82.9863 79.8804 75.9321 72.3357 68.7339 65.0142 63.7677 62.0652 59.8147 58.2358 56.6933 53.8761 50.9819 49.9132 48.3278 45.7965 43.2797 42.2447 41.2999 39.5153 36.4049 32.5555 30.8243 30.3443 28.6572 27.6674 26.0872 23.9713 20.9287 18.297 16.8687 14.8931 14.2119 13.666 13.0894 11.5268 10.6731 9.00847 8.60705 8.22841 8.15198 8.56552 7.61305 6.64261 6.85999 7.47427 7.44918 8.38964 8.83432 9.43614 10.6436 12.7613 13.4766 14.3199 14.9666 14.74 14.4793 16.4564 16.7759 15.2352 14.248 12.6828 10.9602 9.75319 10.3973 11.2369 10.6248 9.46112 8.46127 5.90422 4.43365 3.04351 0.0713942 -1.35649 -1.71059 -2.57033 -4.10019 -5.06571 -4.98587 -5.62416 -8.42378 -15.5834 -30.7348 
200 207.933 211.18 213.509 216.531 218.329 220.625 222.233 224.011 223.805 221.191 220.196 220.892 221.423 222.31 223.159 223.836 224.504 223.856 223.472 223.157 224.273 224.39 224.226 224.151 224.836 225.64 225.354 226.945 229.625 231.663 232.195 232.754 236.514 236.361 237.562 237.041 236.877 237.091 236.088 236.604 234.734 231.7 227.35 228.548 226.352 228.191 229.218 228.611 229.115 231.625 233.733 232.221 227.939 225.488 223.882 220.16 217.202 212.727 211.253 210.726 207.198 205.979 204.131 203.681 202.316 197.982 196.705 194.182 192.322 189.911 187.968 185.499 184.391 181.618 178.832 175.02 172.083 170.57 166.591 163.115 159.827 155.725 155.13 152.683 149.136 147.593 143.771 141.995 139.981 135.521 131.845 128.591 125.366 124.423 123.78 120.394 117.647 112.818 108.289 105.713 103.575 101.435 99.4989 96.3223 92.4295 89.6942 88.3848 87.9607 86.7647 86.2824 86.0586 84.704 82.8344 82.7039 81.53 80.3178 78.8326 76.2179 73.7454 71.4201 68.7621 67.5113 65.3496 63.9201 62.3629 61.7399 60.1657 59.308 58.8708 58.9458 57.0931 55.4699 53.4577 48.7778 44.6838 42.8819 41.2233 39.5684 37.6304 36.8114 34.1477 31.6463 30.048 28.5464 27.3663 26.6629 24.2458 21.5909 20.2738 20.3662 19.941 19.5191 18.4162 18.613 17.065 15.0427 14.1822 12.161 9.87757 11.0874 12.728 12.2053 11.9882 12.2886 11.9482 12.3403 11.4512 10.4239 10.1452 10.0274 12.203 14.2749 14.2639 14.205 13.6135 12.7843 12.253 11.9211 10.5367 9.5027 9.46675 10.1023 10.5715 10.1144 9.19837 8.47307 6.38669 2.30313 -0.0858858 1.63183 3.00962 5.30157 6.0693 6.9236 7.77928 6.84215 2.33109 -5.97628 -22.8742 
200 208.475 212.956 214.526 214.763 214.789 213.696 214.531 214.43 214.457 214.382 215.04 217.186 219.86 221.361 221.676 221.827 220.542 220.798 223.479 222.529 221.897 222.611 220.486 220.881 220.824 221.957 222.061 219.549 220.953 220.827 221.188 224.018 225.739 226.52 225.517 222.665 219.723 219.91 222.466 225.364 226.707 225.533 223.321 224.517 223.843 225.007 223.203 224.246 225.184 224.526 221.632 218.864 217.534 212.786 212.065 212.12 211.298 209.385 208.885 207.778 208.07 205.111 202.726 198.272 197.421 195.369 193.843 192.743 193.18 192.298 190.807 190.145 188.035 185.137 183.357 182.333 180.103 176.705 173.275 169.348 167.05 166.824 166.941 165.799 164.231 161.941 159.658 156.137 154.545 154.352 152.717 150.594 147.786 144.111 140.982 137.539 132.641 129.291 126.972 122.738 118.711 115.898 114.368 111.22 108.855 105.687 103.84 100.638 97.6929 94.1722 91.2397 88.6226 86.4131 85.0862 82.8737 80.5773 78.824 77.1937 75.8812 74.2053 72.9947 71.6921 68.6419 63.4008 59.9302 56.8499 53.9161 51.5017 48.7841 46.9321 45.4736 43.5554 43.0169 42.9911 42.9413 41.9849 40.565 39.926 39.5413 39.6309 40.5818 39.8971 39.13 38.2682 35.8216 34.2328 32.6095 30.5937 27.8589 25.5239 25.0743 23.8043 22.5041 20.5683 21.0652 21.9807 23.2143 23.0303 23.0076 23.2577 23.6742 22.6614 20.0133 19.7212 20.0758 20.3482 23.1401 24.8946 24.8571 24.0764 23.5727 24.3461 24.5846 24.8101 24.4201 22.6419 21.8045 21.5125 20.4099 19.7203 19.0653 16.9724 15.335 14.582 13.7065 11.5971 9.29404 4.2474 0.0672579 -1.2779 -2.47759 -3.8472 -5.74948 -5.68843 -8.60435 -13.432 -20.582 -30.0603 -45.433 
200 206.307 210.802 213.199 213.691 215.041 215.626 216.399 219.75 222.987 222.71 223.84 223.601 223.884 224.039 224.928 225.744 226.088 226.99 229.599 230.188 229.971 231.115 232.204 234.797 233.288 233.062 232.271 231.803 234.026 235.712 236.703 239.075 240.378 239.773 236.634 235.461 233.668 233.227 232.702 234.558 234.673 235.816 234.519 234.272 235.366 235.345 235.645 234.615 230.005 225.394 223.739 223.61 221.37 221.218 221.791 220.525 220.817 220.81 218.881 220.645 219.999 218.849 215.219 211.884 206.075 200.721 196.094 194.043 192.119 188.678 184.979 184.311 183.33 184.868 184.878 182.764 182.143 180.276 177.468 175.479 171.638 167.965 163.795 158.375 154.63 151.861 149.045 145.342 144.216 141.096 139.042 136.693 135.915 133.628 127.848 122.946 118.261 113.425 112.909 112.213 111.895 112.274 111.935 110.869 108.899 105.61 103.517 103.985 101.994 100.176 98.9285 97.433 94.934 92.6647 91.4205 88.0878 85.5666 83.4816 81.9227 80.8011 79.56 78.686 78.4052 78.9211 79.6203 79.2241 77.011 76.8079 77.5716 76.2043 74.5185 71.9085 69.6752 69.5967 69.6328 68.9884 66.7675 63.8583 60.2282 56.2474 55.7256 55.103 52.256 50.6673 47.5484 45.5715 44.3526 44.367 44.4633 44.452 43.4301 42.1603 42.1498 40.4141 37.8999 34.8883 34.5554 34.1075 33.0173 32.8144 31.9602 31.0187 28.7885 26.4896 25.108 23.7134 22.6947 24.722 26.5984 28.9998 29.7188 27.8823 26.8115 25.4924 25.3488 25.3611 25.3509 24.8951 23.902 21.8101 21.0932 19.0094 16.7973 14.5269 13.292 10.6589 6.62415 2.89139 -0.00906445 0.172225 0.645728 1.44432 2.63114 1.87123 2.23122 2.24125 1.18017 -4.70947 -20.9583 
200 207.414 208.73 208.258 209.988 211.414 211.557 213.833 217.102 218.012 219.319 220.171 222.155 222.81 222.937 223.732 224.373 225.362 225.088 224.888 223.05 223.816 223.835 224.592 222.585 223.64 224.935 224.096 223.696 223.065 225.223 225.449 229.054 229.068 229.73 230.767 229.429 228.597 228.481 228.606 228.462 228.974 230.256 229.353 227.985 226.663 225.041 225.492 223.943 222.519 221.381 219.125 218.427 216.172 214.484 211.74 210.062 206.8 207.408 205.547 205.149 206.957 204.694 199.041 192.725 190.937 188.645 187.668 183.303 181.6 178.895 178.643 175.073 171.237 169.044 167.608 164.024 159.774 154.757 151.006 147.601 146.21 145.141 143.833 139.648 137.801 136.485 134.346 131.924 129.36 128.487 129.032 128.841 127.68 125.346 123.942 122.657 120.853 118.762 115.541 111.201 109.142 108.277 105.051 101.913 97.4972 95.0802 93.749 92.4015 89.07 87.8741 84.8578 82.9819 80.8522 79.9097 76.5494 73.9724 69.9453 67.4298 67.0048 67.6454 66.1334 63.9545 59.9135 57.2258 57.5528 57.8745 58.6507 57.2075 56.2742 54.9364 54.9449 52.8318 50.5826 47.6491 45.2928 45.2802 44.8851 42.3463 40.6951 38.0032 36.7256 33.4054 28.772 28.9203 30.3791 29.9328 28.7403 27.629 27.8944 27.7116 26.3771 24.7598 22.5424 19.6253 17.3036 15.4714 13.1332 12.5839 13.3234 12.1663 10.7371 10.0701 10.0225 10.1416 10.1354 10.1733 9.96588 9.595 8.92572 8.21389 9.90875 12.0715 12.832 13.4346 14.8317 15.6119 15.3264 15.0707 16.2698 15.8889 15.7915 14.3402 11.92 11.2412 9.71926 8.55889 6.03526 3.59402 0.131397 -2.49654 -5.43421 -7.01915 -7.41231 -7.46565 -9.81274 -13.7379 -19.7234 -30.8323 -47.6627 
200 206.109 209.922 213.15 214.466 215.678 219.894 221.267 221.848 222.875 221.875 221.856 220.689 221.252 222.956 224.648 227.06 228.372 227.575 226.981 227.797 228.833 230.572 231.561 232.826 234.479 234.384 236.77 239.393 242.004 241.078 240.913 239.779 237.916 240.397 239.449 237.922 237.006 235.002 232.678 233.156 232.699 232.838 235.222 237.451 236.481 233.879 234.084 232.453 231.587 228.175 224.806 223.835 222.701 221.528 222.36 221.045 218.801 216.837 215.483 216.111 214.392 211.152 208.757 207.22 205.932 204.628 204.311 203.362 199.258 196.145 194.798 193.143 192.463 190.322 186.761 186.889 185.657 184.667 182.304 178.034 174.73 174.084 173.306 172.772 173.114 171.189 168.501 165.812 162.506 160.392 156.982 153.846 151.585 151.239 150.088 149.015 148.297 149.542 148.767 148.147 145.895 143.485 141.465 139.54 137.025 130.801 125.467 122.871 120.934 119.121 118.914 117.556 115.671 113.339 110.838 107.228 105.072 101.588 100.203 97.3182 96.8079 95.4065 94.6341 91.7116 90.2558 88.6064 87.5184 86.0871 82.7651 82.0308 80.7792 79.6101 77.4964 75.2358 74.1918 74.1666 72.9574 71.8034 70.698 70.0153 68.4151 65.7844 61.4855 58.5013 57.1656 55.3177 54.823 55.5742 55.5094 56.2105 55.4929 54.6799 56.025 54.6569 52.7544 50.9159 49.0121 46.4105 44.3247 43.343 42.7582 42.2494 40.9712 39.9564 39.1245 38.6366 36.6809 34.7192 34.1251 32.7547 30.4661 28.6593 27.4943 26.2179 26.607 27.6191 27.0127 23.8404 20.6807 17.2736 14.6717 15.029 15.8145 15.8185 13.4714 9.25205 6.10735 4.17144 0.10692 -2.03149 -2.7333 -2.89232 -4.03746 -6.77483 -10.2978 -14.7076 -21.1342 -29.7788 -46.3899 
200 208.76 214.525 217.487 219.635 221.846 223.396 223.782 221.966 222.801 224.729 224.402 225.144 226.294 225.4 223.231 221.787 221.033 223.194 222.6 221.815 223.265 223.709 224.456 223.151 224.288 225.45 227.066 228.079 229.599 229.558 229.501 231.962 234.257 235.464 235.903 234.887 235.118 232.695 234.744 234.283 233.554 231.498 232.369 235.085 234.527 233.046 232.532 231.365 228.796 227.401 223.384 224.556 222.621 217.757 218.765 220.706 220.084 220.039 218.058 216.108 212.812 212.594 210.015 206.092 203.516 203.482 201.075 195.265 189.669 185.538 182.697 179.444 174.078 169.856 169.22 167.595 164.829 166.136 164.056 160.462 158.744 159.332 159.271 156.24 153.107 151.306 150.753 148.516 147.567 145.787 143.725 141.775 138.883 136.378 133.831 133.247 132.739 131.06 128.739 126.463 125.837 126.298 124.094 121.503 117.951 114.397 111.399 107.374 102.705 98.3928 93.8596 90.9244 88.8312 86.5995 84.2346 80.5286 78.3025 77.1162 76.3916 75.754 75.4888 73.2871 71.4002 68.9661 65.4325 62.8687 61.6774 60.8362 57.9089 54.9533 52.3476 50.8313 50.0112 50.2687 49.1598 46.8409 44.8456 40.6832 37.4396 34.2435 30.9023 29.6218 28.5099 24.5644 23.5178 22.9353 22.0637 21.9871 20.5213 19.7519 18.1089 17.2973 17.9159 16.8276 15.549 15.5885 15.7726 16.7353 17.5837 17.904 16.5727 15.8832 16.6872 18.2658 19.175 19.3152 18.8942 17.8829 17.1047 18.7232 19.9654 20.805 20.5027 18.7903 19.7404 19.0973 16.7064 15.1482 15.3068 13.1238 10.184 8.38359 9.76079 9.82144 9.24506 8.4802 6.73826 4.30499 0.077114 -1.46517 -1.10116 -1.37469 -3.03597 -4.36466 -4.91722 -5.92127 -9.40938 -15.2192 -29.5908 
200 208.77 212.553 215.066 215.952 215.343 217.63 218.745 220.95 224.081 225.739 227.256 227.426 227.33 228.223 228.245 227.458 228.22 228.84 228.538 227.507 224.256 221.316 219.198 218.502 221.418 222.543 223.801 223.406 222.616 223.967 224.109 222.62 222.947 222.478 223.862 222.359 222.156 222.79 223.815 225.436 225.024 223.205 221.384 221.933 219.867 219.292 216.686 214.841 212.277 212.381 210.704 207.163 205.948 203.745 203.552 203.958 200.7 200.455 199.407 196.603 194.636 194.479 194.113 191.247 189.94 189.341 189.234 188.337 185.826 179.685 176.01 173.824 173.225 170.023 166.606 162.086 161.487 159.949 157.664 156.429 155.098 153.063 151.746 151.013 150.644 147.736 145.749 144.937 144.486 141.518 140.879 138.919 138.004 138.894 139.79 141.284 142.736 141.719 139.516 135.373 132.097 129.884 126.156 123.299 121.469 119.961 117.988 115.512 111.503 109.806 106.271 101.441 96.2183 94.1152 92.0875 89.7426 86.1801 84.0624 81.6157 80.3269 79.7671 79.4139 78.6749 78.0779 77.1523 75.7664 73.3418 72.2879 70.3131 68.7964 65.8551 64.2582 62.2314 62.1281 61.0503 60.0944 59.884 58.1788 56.9832 57.1668 55.5239 54.2418 53.0085 51.7999 48.7282 46.6336 44.5203 43.0952 42.6437 40.6599 37.9952 34.7417 32.623 30.5676 28.9362 28.4082 28.3871 27.8059 27.5974 28.1866 28.9297 30.672 31.0697 29.5468 27.4315 24.3633 23.7228 23.6461 22.6383 21.1434 20.2408 20.1257 21.8059 21.9435 20.6619 18.6777 16.5474 15.3545 15.4384 13.9836 14.367 15.7796 14.2648 12.3809 11.0379 9.81862 7.20138 4.19142 0.157762 -2.99748 -6.59028 -10.2011 -15.0434 -20.1161 -27.0649 -34.1151 -42.1963 -54.2149 -71.8714 
200 208.681 213.683 216.588 218.675 220.916 222.081 222.074 221.831 221.42 221.691 223.282 223.839 224.23 224.826 225.24 225.611 226.662 226.032 224.244 223.978 222.285 221.867 220.572 222.111 222.402 223.128 224.784 224.695 225.8 227.077 226.22 225.954 225.63 225.315 224.818 225.259 227.089 226.089 226.236 222.456 221.955 223.161 220.561 218.076 216.665 215.071 212.335 210.425 206.774 205.756 207.337 206.686 205.307 206.626 207.671 207.911 207.199 205.231 206.798 204.536 201.32 199.291 194.515 190.984 186.752 185.409 181.563 178.836 175.111 171.659 168.8 166.918 163.571 158.844 155.514 151.38 146.637 143.346 142.754 143.149 143.757 144.67 144.231 143.89 142.423 141.843 141.205 137.565 135.285 133.23 131.518 129.279 127.323 125.621 124.282 123.367 118.728 113.702 113.544 113.135 110.314 106.364 102.857 98.4599 95.3921 94.6263 92.6017 90.256 88.3079 85.215 80.6284 77.0695 75.0393 73.0994 73.0259 73.4486 73.434 72.8938 71.4477 69.6557 69.1037 67.4995 65.9846 66.4607 67.6937 67.1867 67.4691 66.2649 64.1686 62.4909 61.0431 58.7593 56.449 54.1142 51.8858 49.7399 49.2041 47.7026 44.6846 43.6719 40.0027 37.5422 34.6522 33.3017 31.3049 30.6544 29.1452 26.8853 24.5679 22.3834 20.3069 20.4058 18.9575 16.5028 15.4454 14.7883 14.1923 12.1761 11.0038 8.38915 6.94713 6.77505 7.43164 6.93788 6.28585 5.16104 4.31627 4.12515 1.49347 0.0903953 -0.832479 -1.08544 -0.524904 0.711579 2.77349 5.02224 5.92316 5.04508 3.45023 1.73126 2.00335 3.94641 6.66046 8.22244 10.5652 9.72646 6.32705 2.248 0.0418036 -0.794269 -2.19847 -3.55197 -4.84152 -7.50262 -9.46519 -14.3603 -20.9555 -30.5682 -47.7197 
200 209.283 215.201 217.383 220.044 221.983 222.887 224.189 224.438 223.887 223.633 223.73 223.561 223.943 224.855 226.68 226.69 227.334 227.878 229.011 230.939 235.727 236.603 235.685 235.721 236.02 238.756 238.757 238.408 239.406 241.854 239.908 239.599 238.116 237.851 236.418 235.699 238.491 239.038 239.38 239.524 241.82 245.324 246.551 245.714 245.372 244.376 243.211 241.081 239.74 238.329 240.431 240.284 236.327 234.391 231.211 229.358 230.333 229.276 227.81 224.94 218.583 215.158 209.441 206.911 204.14 198.892 194.122 190.985 189.48 187.328 185.668 183.65 182.178 179.38 178.557 176.399 175.52 173.143 168.421 165.306 164.917 161.624 160.278 160.048 158.987 159.647 158.763 157.332 154.625 150.438 149.45 148.416 146 143.639 141.647 141.2 140.576 138.866 136.169 133.791 132.228 129.561 126.944 122.433 118.248 115.213 112.111 110.189 109.062 105.769 104.275 102.529 101.026 99.7622 95.911 94.7844 93.1844 93.2233 91.6012 90.6006 90.2261 88.8368 87.7419 86.6109 84.1731 81.6256 79.9358 75.8221 72.991 72.1222 71.7952 70.7904 69.5107 68.8564 67.1192 66.3243 64.9399 63.1955 62.618 62.0123 60.3946 58.1887 55.7096 54.5975 52.9625 50.3337 47.7089 44.5386 41.6443 39.3902 36.5072 35.006 34.3069 32.9986 31.5562 30.2594 28.9773 28.3489 28.4455 27.625 25.4338 23.8316 23.1171 22.1188 22.1364 21.6748 21.508 21.3062 21.168 20.1976 19.2859 18.4375 16.1934 14.5755 12.2221 10.824 11.0836 11.458 10.8333 10.4768 9.28348 9.67731 9.60735 8.28637 7.21088 7.19871 5.53108 2.90888 0.0122539 -0.232824 -0.0629136 0.717586 2.15579 3.43346 2.95152 -0.280258 -6.30781 -15.9886 -32.9423 
200 207.961 211.835 214.197 217.205 218.535 217.91 215.029 214.463 215.356 216.976 218.404 220.609 221.803 223.043 223.235 222.572 223.131 223.97 224.555 223.693 223.389 223.9 224.167 221.857 222.552 224.698 228.139 230.958 231.833 232.595 233.639 233.894 236.162 236.286 236.795 238.974 241.073 242.664 241.564 241.24 242.931 245.181 242.205 241.791 242.14 243.637 243.459 244.939 246.503 244.975 246.39 246.676 246.009 246.692 246.291 244.007 243.312 242.626 244.163 242.65 238.761 235.348 234.374 232.449 229.215 227.046 221.992 218.217 215.255 214.09 213.785 215.07 213.953 210.6 207.268 204.311 200.84 197.736 194.869 192.088 190.658 189.252 186.65 182.122 181.05 177.999 174.722 172.45 168.237 165.267 161.931 158.458 154.792 150.523 146.798 142.947 139.227 137.8 137.849 138.572 139.329 136.122 133.979 131.573 128.803 125.478 120.305 118.977 116.571 112.603 109.035 104.768 99.8001 97.638 94.7551 91.9496 91.5049 90.2531 90.3328 89.8121 90.0708 86.5065 82.3293 79.3514 77.638 74.9132 71.798 68.0121 65.0207 63.8529 63.497 62.2694 61.5072 58.0966 57.729 57.1178 56.2746 53.8977 51.125 48.7421 46.9851 46.7405 45.7614 42.7216 40.0682 38.7412 36.465 35.4516 34.5368 33.8337 32.8833 32.5882 31.7059 29.805 28.1349 24.0348 19.8564 17.4127 16.9437 16.1126 15.1621 16.6588 17.193 18.3629 19.4839 18.9979 16.9645 14.8283 14.2022 14.9344 15.1379 15.526 15.9683 15.6279 16.8856 16.8617 15.9783 14.6242 14.1182 12.5049 11.5197 10.4287 9.69959 8.4648 6.73925 5.46595 4.46608 2.70428 -0.0707257 1.34379 1.18501 1.21337 -1.54531 -4.71675 -7.00812 -9.42903 -15.7507 -26.9025 -44.8587 
200 207.943 211.133 214.826 216.514 217.363 219.401 219.942 219.626 219.88 221.031 220.822 220.933 222.464 223.176 223.637 223.936 225.694 224.544 225.178 225.368 226.599 224.756 224.184 223.617 222.833 222.952 222.89 221.473 221.141 223.924 223.657 223.389 222.872 223.483 223.651 222.111 219.197 219.481 220.506 220.78 218.864 220.927 219.158 221.24 217.252 216.581 215.918 213.198 210.081 208.679 207.15 203.715 200.445 199.167 198.1 198.448 197.194 195.422 193.458 192.067 192.455 190.386 186.257 184.574 184.259 181.78 178.453 174.362 169.684 165.946 162.679 160.448 160.257 156.589 153.929 151.639 149.495 146.754 144.374 141.854 140.277 139.935 139.465 139.37 139.122 136.768 134.041 130.923 130.366 132.25 132.29 131.477 131.313 128.098 125.027 124.382 122.999 120.199 116.124 114.25 113.828 113.777 113.008 110.685 108.323 107.584 105.894 104.661 103.213 101.988 100.554 98.5816 94.9835 91.0356 89.0379 85.3666 82.7109 78.8784 78.2548 77.8484 74.2379 72.2026 69.4615 67.3002 64.2475 61.9261 60.4005 57.4188 56.5322 55.9069 55.0081 56.8771 59.9284 60.2761 58.7633 60.0642 61.594 62.4105 60.7023 59.992 61.1508 61.9748 61.8203 60.5692 59.2541 56.6228 51.6846 48.4177 45.3176 41.9353 38.4254 38.1571 38.0233 37.0128 35.9651 35.4356 34.1262 33.4929 32.6665 30.9769 28.2295 26.7575 25.603 24.3238 22.3274 21.5708 22.8532 22.7467 21.12 20.7741 19.0198 18.1681 17.5131 17.3338 17.1691 15.9506 14.8315 15.2 15.202 15.1796 14.983 13.0693 11.7205 10.9729 8.60842 5.67391 2.45791 -0.218529 -0.0882482 1.67672 4.81768 9.05938 13.6984 17.057 20.113 21.606 18.7037 11.5375 -4.70597 
200 207.986 212.487 215.462 215.607 216.51 217.658 217.887 218.359 218.982 218.486 219.34 218.337 217.086 215.982 216.241 217.28 215.905 215.643 213.729 212.481 212.212 213.025 211.381 210.972 213.581 215.334 216.486 216.024 216.168 216.587 214.91 213.702 215.324 215.908 216.917 215.379 217.323 221.43 219.967 219.67 218.336 220.469 220.081 219.621 214.163 211.397 211.247 210.74 210.214 209.124 206.301 202.393 201.403 203.21 204.044 202.647 201.542 197.763 194.779 190.16 189.596 190.686 192.596 193.708 193.867 193.134 190.557 190.516 189.745 187.174 182.752 176.947 173.247 169.07 166.971 165.534 162.237 161.174 161.629 160.62 158.956 156.304 152.732 149.841 147.148 144.451 140.507 135.491 132.263 126.568 122.883 121.05 118.978 116.454 115.351 113.449 111.074 106.281 102.767 100.02 98.601 98.9317 98.7692 96.8671 94.5813 91.1164 87.2485 86.1484 82.1504 77.4305 73.8549 69.045 66.6053 64.5348 62.1 58.5408 53.8968 52.8501 50.8807 49.6589 48.1992 45.6428 44.3548 42.3872 41.3637 40.7389 39.0381 37.6104 36.9491 37.5514 35.4726 33.873 30.9554 29.6314 28.2009 26.0952 24.4349 22.0453 19.9783 18.9805 17.9736 15.4235 12.1006 10.8163 10.5667 8.30255 6.99023 5.62731 4.21518 2.39394 1.26748 -1.16339 -0.540742 0.727365 0.137969 0.552288 1.18173 0.650942 0.267929 -0.821931 -1.33306 -0.17674 1.23535 2.64435 3.77452 4.02731 4.83219 7.75026 9.16346 8.89005 7.74166 7.18859 5.85767 6.86709 8.31933 8.99409 8.90195 8.66777 8.80475 9.76457 11.0951 11.9613 12.7705 12.2522 9.9405 6.54226 3.99903 1.06214 -0.0221279 0.420431 0.225385 1.98053 3.12234 3.3412 4.45884 4.69608 3.41393 -3.52045 -18.8182 
200 209.955 214.889 216.091 218.704 220.622 221.524 222.925 221.498 221.051 220.341 221.042 221.446 222.315 223.299 224.596 224.846 225.003 226.13 226.757 226.394 226.12 226.303 226.493 227.399 228.384 228.519 230.034 231.015 229.793 226.969 227.884 225.958 223.987 220.992 221.003 221.353 223.026 226.273 226.983 224.194 225.399 224.563 223.101 222.319 218.616 215.201 214.59 213.683 212.778 209.956 209.238 207.883 207.184 207.816 206.212 204.685 203.933 205.063 202.574 200.472 199.152 197.072 192.927 189.915 188.347 185.782 181.452 177.599 173.295 171.557 167.997 166.858 166.322 165.802 162.954 158.972 156.033 154.639 153.681 151.034 148.004 146.789 146.607 144.261 142.609 141.935 140.668 139.926 138.224 134.874 131.828 130.84 129.795 130.705 130.672 128.228 124.899 123.736 121.981 119.198 116.588 114.887 115.08 114.269 110.924 109.349 106.558 105.277 102.803 100.691 100.148 98.4724 96.3648 94.3341 92.2563 89.867 87.9375 86.2979 85.6719 85.9449 85.892 85.2464 83.8608 82.0997 80.2771 77.4094 76.99 75.8714 73.6315 71.3082 70.4123 71.2737 71.825 69.7234 69.4692 69.685 70.154 70.238 69.7398 68.7363 65.7447 63.193 63.3634 62.2318 60.4187 59.7581 59.0434 57.9332 55.3829 55.2767 54.4704 53.0147 50.6944 47.3354 44.4293 44.5423 43.9078 42.2159 39.8724 37.6307 37.323 36.9653 36.6805 35.627 35.0639 34.6544 33.9627 33.9257 33.075 33.3637 34.3287 33.5485 33.7227 33.1434 32.4674 32.6423 31.3181 29.9627 28.024 26.4988 25.3054 24.037 22.4247 20.0353 16.395 13.3465 9.02659 5.14137 0.21994 -4.17885 -7.82939 -10.5905 -12.2938 -14.0575 -16.5477 -20.469 -26.2888 -36.6363 -55.1607 
200 208.248 214.319 219.235 221.934 221.988 222.755 223.963 223.975 224.585 224.555 224.544 223.583 221.856 219.853 220.505 223.622 224.195 223.785 222.671 223.346 222.754 222.305 221.4 220.084 221.084 222.156 222.787 224.271 224.723 225.252 226.948 229.125 226.272 227.466 230.653 233.183 232.78 228.097 226.268 224.622 224.628 224.142 223.079 221.753 220.934 219.707 221.441 219.585 219.909 218.936 219.853 219.269 215.769 217.016 219.542 219.918 217.76 216.086 215.355 210.198 206.655 205.604 204.729 202.777 200.304 197.094 195.238 194.655 191.949 188.441 186.135 184.544 182.156 181.847 180.339 176.237 171.954 167.321 164.383 162.617 159.684 158.259 156.724 154.398 151.525 147.414 144.434 141.715 140.226 136.817 134.623 131.214 126.211 123.859 121.447 119.637 118.432 116.389 112.243 109.553 106.545 104.084 100.811 97.446 93.6413 90.188 88.7407 87.8448 88.8502 89.7066 88.1446 84.9068 82.4115 79.7099 77.8928 76.0819 75.8859 74.013 70.9446 69.486 67.4034 63.8804 60.634 59.3659 59.1769 61.1578 62.2888 62.6316 59.2973 56.9864 55.5158 53.8175 50.7216 48.7713 46.9026 43.4174 40.0236 36.8113 34.2968 34.6722 33.7797 30.9399 29.2373 28.9431 27.7373 26.4333 24.6221 23.6943 23.522 23.3337 20.9314 19.3499 18.3676 17.2165 16.5009 16.0928 16.6259 17.446 17.3709 17.67 16.6566 14.8556 14.6683 14.3947 12.8301 11.1581 10.3951 9.48349 7.58714 7.07393 7.5428 6.21211 5.14536 5.78673 4.68038 4.03217 3.43267 3.03011 4.60432 4.62051 4.77317 5.03117 7.16268 8.11507 9.10979 7.93837 5.30248 2.3517 0.00428443 -0.0814042 1.13852 2.86793 6.12214 9.70319 12.6048 13.8368 11.2223 2.00302 -15.9669 
200 206.695 209.53 213.311 214.64 215.929 217.601 218.672 219.574 218.383 219.229 219.082 220.191 219.609 220.981 223.837 227.529 228.492 229.987 232.605 232.18 231.888 232.629 232.017 232.314 232.955 231.71 232.11 234.715 236.763 236.821 234.789 233.5 233.091 234.505 237.203 239.017 238.185 237.849 237.719 238.82 240.902 242.003 239.653 239.501 240.679 241.941 241.357 241.466 243.207 244.939 245.745 244.369 243.563 240.539 238.747 235.093 233.791 233.929 233.013 230.075 227.644 227.406 223.582 222.436 219.63 216.929 214.75 212.699 209.53 203.511 201.458 198.047 195.147 191.624 188.467 185.639 184.922 185.113 183.575 180.306 175.951 170.022 164.07 163.536 162.533 161.778 161.298 158.085 156.044 153.94 151.646 149.675 148.158 146.593 142.675 141.059 139.369 137.787 131.365 126.69 121.199 114.63 110.876 109.793 108.59 105.997 105.599 104.42 101.596 99.5273 98.7731 95.858 92.9572 89.1179 86.4452 83.063 79.6757 76.5489 75.2562 75.5064 74.9229 74.3123 72.172 70.7056 67.0648 63.9961 62.112 60.5417 58.8077 57.2614 56.993 53.4028 51.0892 50.8474 48.4422 45.6177 45.0092 45.1611 43.6019 41.4476 37.2073 34.3351 32.066 29.7636 27.3305 26.9227 27.8305 28.6911 28.33 26.3358 23.2585 22.5669 22.8981 24.6376 23.8289 21.2757 19.1595 18.7161 18.9591 21.033 22.6389 23.6874 25.5492 27.0684 27.219 26.6508 24.5873 22.7604 21.9429 22.2193 22.136 21.0212 20.0364 19.2421 17.8879 15.9352 16.0183 16.1886 17.0828 16.5211 16.111 15.1134 14.7135 13.7279 12.0083 11.1683 8.72706 3.94835 0.0731004 -1.38891 -3.94387 -6.08226 -8.82697 -11.1589 -12.0808 -14.4962 -19.0434 -27.5779 -44.3493 
200 209.783 215.077 215.018 215.259 215.44 216.979 217.727 215.435 215.627 216.302 217.087 216.456 216.422 215.189 214.23 211.541 210.803 213.481 213.635 212.799 212.644 214.196 215.785 217.856 218.232 220.104 222.362 222.092 221.615 222.84 224.134 224.582 224.234 222.167 222.928 226.263 227.761 226.575 223.797 220.797 218.536 220.038 220.226 218.099 215.472 212.928 210.743 212.33 212.4 214.126 217.704 218.597 218.033 215.93 215.626 214.489 213.674 211.95 209.344 206.943 204.191 199.892 197.429 194.457 190.223 187.12 188.233 188.174 184.701 184.871 184.223 181.401 179.662 180.675 178.976 180.1 181.107 181.484 178.136 173.814 171.832 170.581 167.223 163.757 161.928 158.82 156.207 155.483 153.54 151.58 148.714 144.518 140.709 139.367 137.199 133.595 130.096 127.023 125.438 122.267 119.452 116.511 114.887 114.394 111.88 108.753 103.938 99.8248 96.7111 92.4936 89.3525 86.9763 86.1457 85.9482 82.9651 80.5985 81.6328 81.9298 79.8178 79.5735 80.0606 79.9469 79.3623 78.463 76.726 74.6699 71.4175 70.2603 68.5071 66.667 64.768 63.1197 62.0878 61.8917 61.4955 62.6887 64.8017 64.8124 63.0683 61.0623 60.6583 58.4605 54.7991 52.5016 51.7709 50.4954 50.5943 50.3767 49.801 48.8411 48.9156 47.4693 46.0408 44.4923 42.4465 40.929 39.4056 37.3322 33.85 32.0653 32.2619 32.3359 31.2996 31.1957 30.5496 28.4633 25.5872 25.185 24.8404 24.2506 22.9154 22.1134 20.6264 18.9067 17.6762 16.626 15.184 16.6901 16.8073 17.8934 18.1208 17.0284 15.4283 12.4392 9.29841 7.47692 5.60011 2.79798 0.0236766 -0.449856 -3.47721 -6.08665 -7.54217 -8.40092 -7.8648 -8.64347 -12.5051 -20.8135 -36.1063 
200 207.661 211.899 213.249 214.613 217.679 220.118 219.915 219.759 219.985 220.563 220.267 219.637 219.753 219.105 218.701 215.44 217.463 218.726 218.107 216.859 217.526 219.126 222.187 220.422 220.897 218.929 217.627 218.223 223.216 225.915 225.122 224.123 223.139 220.427 219.908 222.578 223.61 223.63 221.532 223.734 225.47 225.16 221.665 221.59 222.676 219.964 219.709 217.689 215.254 212.677 212.698 209.923 208.16 208.369 207.166 206.225 206.905 207.389 206.192 207.271 205.622 201.794 198.961 196.73 192.999 188.758 185.783 182.668 179.522 175.684 175.101 175.212 173.948 171.681 168.005 165.214 162.723 158.022 154.252 151.28 147.065 144.681 142.409 138.287 134.534 131.568 130.153 128.945 128.043 126.476 123.29 120.357 114.496 111.514 107.651 105.795 104.532 103.525 101.3 99.1698 94.9734 89.0002 84.5434 80.714 78.4402 78.1925 77.5729 75.4599 72.6244 67.6614 63.1115 61.6698 60.1566 56.8304 54.4215 53.0804 51.0548 50.0265 48.0066 45.3637 44.1924 43.195 41.4663 40.5912 39.8523 40.5033 40.465 39.8894 37.152 33.1046 29.2248 28.1921 27.3391 27.0873 27.0714 27.3514 27.7651 27.2194 26.9919 26.7161 25.5663 23.0633 22.6337 22.709 20.9485 18.6235 16.4128 15.3492 15.138 14.298 13.9329 13.8527 14.6731 15.2618 15.1787 15.6133 16.9513 17.465 19.0662 20.231 19.8818 17.8525 14.6172 15.2087 15.7325 15.7791 17.0459 17.0022 17.6345 17.4636 17.0671 15.282 14.3457 13.181 14.1945 12.9179 12.484 13.3795 14.4939 14.6364 14.0354 14.6749 15.0356 13.7105 12.2184 8.65913 5.91765 2.50023 0.0302105 -0.573999 -1.33465 -1.84154 -2.64106 -3.76431 -5.69307 -8.81014 -13.5778 -24.3594 -40.8049 
200 206.953 211.607 214.03 216.36 218.362 218.711 219.087 218.786 220.377 221.888 222.092 222.483 222.73 222.913 222.532 223.939 226.951 226.628 225.935 226.888 227.598 231.083 228.545 226.942 227.057 226.186 225.69 226.869 228.067 228.986 227.87 227.228 227.761 226.764 228.201 231.257 230.812 231.037 229.665 230.561 232.447 230.535 228.234 229.242 230.468 230.31 230.869 229.915 228.979 228.04 226.699 226.884 224.939 224.333 221.012 219.181 218.867 217.229 217.642 219.738 219.335 216.993 216.663 213.989 209.997 206.956 205.917 205.149 204.553 203.376 200.138 196.78 193.506 192.301 188.773 186.708 182.146 177.643 176.396 172.685 166.84 164.198 160.604 156.632 154.078 153.308 150.131 147.628 146.085 146.019 143.66 140.286 138.272 137.999 135.507 131.882 127.291 122.966 118.85 114.86 111.943 108.923 105.582 101.325 98.5011 95.0798 93.413 90.9105 89.0662 87.4855 84.0568 82.6958 81.3796 77.0853 74.7691 73.9826 73.6327 72.5315 71.5882 71.0275 70.244 69.9293 69.3429 70.1343 69.3036 68.3506 67.427 65.5424 62.7273 59.1783 57.3926 54.5441 54.2499 54.8312 55.3571 54.5058 54.464 55.1361 52.6746 49.9132 48.8995 48.8855 48.1153 46.3725 44.3807 42.3497 37.9717 35.3071 33.493 32.1224 32.6207 33.3316 33.591 32.7137 31.057 28.8009 27.889 26.9334 27.8905 29.7261 30.7802 31.5644 30.571 29.8047 29.324 27.7112 25.6085 23.3356 20.5368 20.1972 20.9664 21.2659 20.4438 19.0866 17.1518 14.4372 13.4137 13.9222 14.3966 13.525 13.6944 13.9273 12.3664 10.2702 9.559 8.20267 5.13853 2.93273 0.152379 -2.8952 -4.36456 -5.23403 -6.78657 -8.31555 -11.3887 -15.216 -20.7556 -32.4342 -51.3162 
200 206.981 208.345 209.37 212.036 213.127 215.701 218.631 221.66 223.138 223.284 225.053 224.449 225.772 228.074 228.012 228.877 230.329 229.341 226.877 226.663 225.498 225.943 224.518 225.02 225.417 224.134 220.321 218.522 218.379 219.083 219.295 216.37 216.863 215.415 213.794 212.818 211.352 212.501 212.186 210.945 211.24 211.017 212.233 211.119 210.685 210.769 213.797 215.14 214.578 215.462 211.671 211.066 207.062 203.314 199.724 199.666 197.897 195.643 192.063 190.811 188.909 185.022 182.87 178.91 175.05 173.299 169.164 166.094 164.314 160.867 160.342 157.889 157.258 155.701 154.548 153.655 152.613 151.07 147.37 145.494 145.558 144.613 141.53 136.954 132.806 130.614 128.295 126.994 126.277 125.23 122.932 122.411 121.132 119.301 117.96 116.725 116.405 113.509 111.898 108.514 105.063 101.018 97.5646 93.8991 91.1107 88.7892 85.1767 80.5908 76.592 72.7371 70.8913 68.8558 67.8939 66.0977 64.4488 65.2906 64.7847 63.2401 61.8234 59.4724 55.8371 54.1874 53.2204 51.3272 49.0778 45.9475 44.1417 41.4574 38.2491 36.948 36.838 34.475 32.3914 31.1873 29.3354 29.0271 29.1164 28.5006 26.9805 27.9219 27.833 27.6514 25.9059 23.8547 22.5643 20.7202 19.7443 18.4002 18.0467 15.1981 12.8002 9.84272 6.58323 3.69931 2.32519 3.32181 3.74057 4.26543 5.34445 5.58848 5.02397 4.37314 6.59632 7.58296 7.8917 9.69027 10.3605 11.4981 11.5793 12.1647 12.2385 8.55895 7.0989 7.15597 7.68874 8.35043 9.55331 11.5129 10.2521 11.6084 12.4912 13.7092 12.2552 11.9749 10.3157 8.72184 6.20073 2.66268 0.059392 -1.12845 -0.834771 -1.44079 -0.672207 -1.59634 -2.77154 -4.61019 -9.92113 -20.2569 -36.6713 
200 207.478 212.861 217.313 219.252 221.291 222.619 223.165 223.906 223.648 223.093 222.65 222.884 223.185 223.611 225.62 227.369 227.493 224.308 223.066 221.062 223.408 224.322 224.748 225.335 225.117 225.244 227.438 227.902 227.318 228.699 232.977 234.329 234.295 231.52 227.475 224.952 225.632 224.174 221.924 220.075 219.101 217.29 218.609 217.426 215.054 214.07 216.016 215.805 211.928 210.558 208.583 210.112 210.884 210.33 210.09 209.789 208.528 205.882 207.812 207.011 203.502 199.976 198.915 198.63 197.087 194.038 191.046 188.493 185.745 183.106 180.572 177.528 173.309 170.556 168.21 165.092 161.876 159.314 156.085 152.379 148.641 147.197 145.095 142.965 140.648 137.357 135.324 134.295 132.758 130.925 127.042 123.903 121.697 117.879 115.447 111.876 108.4 105.4 103.509 100.646 97.5015 95.9733 95.03 94.0068 91.7383 89.8502 87.6901 86.233 82.4085 80.0073 79.1245 77.5188 76.4505 75.7263 75.6722 72.871 69.4942 68.6465 68.6118 66.8757 64.4008 61.7595 61.4431 59.811 59.1527 56.923 56.435 54.3539 54.9717 55.7226 56.9509 56.9384 55.656 52.4524 50.5099 52.1743 53.4953 53.4596 51.5882 52.1006 51.8673 50.1693 47.3935 44.9552 42.7905 40.7612 38.9377 37.2993 35.3176 35.6564 36.8612 37.2502 36.246 33.8486 31.8869 31.1786 30.2456 29.8999 29.9448 27.7041 24.7405 23.4166 22.5517 21.4879 18.5082 17.8799 17.6334 15.9358 15.5953 13.2297 12.9716 10.3751 9.95239 10.6164 12.7024 14.2209 13.9202 14.4118 14.9958 13.9633 13.3231 13.644 12.3122 9.98847 8.4622 7.98588 6.46026 3.21867 0.026422 -0.502018 0.18065 1.4014 0.719775 0.696956 1.77892 1.04085 -0.870563 -8.76604 -25.9069 
200 208.389 213.08 215.881 216.51 215.562 215.576 216.912 217.35 216.758 216.816 216.572 217.244 217.176 217.573 216.68 216.75 215.042 215.008 213.189 214.464 217.093 218.001 216.795 218.765 218.3 216.534 213.856 213.328 214.115 215.266 214.4 211.217 210.422 208.012 206.886 209.711 212.613 213.295 212.377 213.136 214.626 215.638 216.553 215.651 215.924 216.711 219.086 218.559 215.706 213.748 211.506 211.636 210.161 211.817 211.993 210.505 211.052 211.804 211.643 212.989 209.357 205.671 202.642 200.789 198.364 196.234 192.511 188.389 186.26 183.638 180.971 178.021 174.842 170.592 166.62 164.856 162.641 158.259 154.745 153.308 151.721 147.496 143.041 140.6 137.817 134.038 133.474 132.35 130.873 128.753 125.616 125.071 122.005 119.999 118.194 117.556 116.548 113.26 110.715 106.792 104.526 101.198 98.0747 95.0115 92.3983 90.9491 88.132 85.6053 82.1206 78.611 75.2368 70.9045 66.4112 64.8577 63.1931 61.6758 60.2248 58.256 56.5821 54.0283 51.7775 49.2418 46.0145 43.8888 43.8014 44.0446 43.2894 42.1998 39.6307 38.856 37.5808 34.7221 31.8336 30.0266 28.8747 27.8096 27.1906 25.5148 24.6623 22.2787 18.3122 18.1648 19.1816 18.9226 19.1971 21.3646 24.4608 26.5467 26.1525 24.2762 22.3788 22.0708 21.7907 20.6474 19.2411 18.6108 18.0973 18.457 18.2271 17.713 17.5263 17.2442 15.587 14.6969 15.056 14.9286 15.318 17.2876 16.9342 16.4239 16.9213 17.0849 17.1577 16.4665 16.9912 17.1874 18.3 19.6283 20.2379 21.2313 19.0398 18.9936 18.2133 16.2011 13.2925 10.7971 7.55387 3.70821 0.0872349 -1.65746 -1.24045 -1.91151 -1.13965 1.72625 5.15221 5.94127 3.29007 -3.95154 -19.0589 
200 210.312 215.556 218.498 218.652 218.316 219.538 220.903 221.939 221.055 221.598 221.643 221.483 222.679 222.695 221.873 221.206 220.797 220.878 220.167 220.224 219.762 219.886 220.514 221.301 221.85 225.132 226.441 221.818 220.821 221.119 219.823 216.492 213.584 213.295 210.988 209.261 208.017 211.011 210.829 212.928 212.955 210.26 208.932 206.625 204.6 202.014 200.341 198.216 196.963 196.565 198.77 196.666 195.295 191.928 190.874 188.888 189.713 189.384 188.613 188.487 186.212 184.65 182.614 180.454 180.506 180.418 178.307 174.384 170.934 166.871 165.477 164.484 160.766 157.976 155.999 154.065 151.749 150.28 149.428 146.456 142.468 140.703 136.754 133.416 130.355 126.84 122.407 118.862 117.464 115.399 111.979 108.422 104.479 102.067 101.222 100.928 100.101 98.7045 96.7108 92.9158 89.0525 86.7907 85.3542 83.6101 80.2027 77.5714 74.7099 73.1182 72.0364 69.6109 67.9372 68.1662 67.9457 65.894 65.4909 64.8726 63.1954 61.5398 60.7731 61.0068 60.6044 60.4604 60.5312 59.8153 60.6947 59.8135 55.9593 53.7639 51.7493 50.4778 49.7936 46.8123 44.2089 41.2158 38.6746 36.6933 35.9948 34.4716 34.3978 33.2117 33.3612 33.4942 32.3695 32.5847 32.3302 31.1859 30.4351 29.4966 28.807 28.7274 28.28 27.1275 25.2689 24.5046 25.4645 25.1003 23.376 23.329 23.2294 22.1532 19.9892 18.5283 18.1405 17.0643 16.8388 18.234 18.5768 20.0434 20.9865 19.1022 19.092 19.8863 19.3291 15.2543 12.57 9.89748 8.56145 8.44175 9.46867 11.5173 13.2318 13.6703 11.8731 8.06191 6.90783 7.45655 4.96921 2.58853 -0.0618925 1.17596 1.96557 -0.0124751 -1.70427 -4.23234 -5.44989 -7.38611 -10.5315 -18.1926 -32.3733 
200 206.589 209.916 211.777 213.124 213.803 214.614 216.063 216.012 216.43 216.165 215.92 214.346 213.662 212.725 212.552 213.356 214.092 214.029 213.12 213.793 215.13 213.025 210.648 211.513 212.483 211.407 210.826 209.839 210.349 208.495 207.39 208.548 212.374 215.38 214.862 215.424 215.189 215.225 215.557 218.564 217.939 216.526 216.006 217.554 221.479 221.408 221.12 220.969 218.731 218.135 215.598 217.653 218.529 217.701 216.788 215.177 213.787 212.437 209.611 206.215 205.654 203.881 204.985 203.845 204.133 203.724 202.147 200.815 198.805 199.431 195.895 193.463 190.186 185.423 182.104 176.509 171.478 166.811 162.029 159.198 156.484 153.41 150.195 147.998 147.207 145.219 140.81 138.841 135.413 131.737 129.211 126.876 125.866 122.951 121.864 120.303 118.901 118.254 118.441 116.403 112.874 110.495 109.557 110.744 111.251 109.578 107.294 105.53 105.357 103.223 102.14 101.556 99.951 98.9063 96.9092 93.5684 90.1361 89.1325 88.4744 86.571 83.2801 81.6661 79.4929 78.8447 77.5006 75.5335 73.817 71.6773 69.7655 67.7113 66.3116 66.0812 63.713 62.1058 61.0309 63.2554 63.2691 61.9024 60.1151 60.5666 61.0302 60.5121 58.1735 57.0236 55.8832 54.0335 51.9501 51.366 49.9146 48.8335 46.6702 44.4236 43.3269 42.6277 43.0413 43.0681 44.0523 44.0671 43.9068 42.5316 40.247 38.5107 39.6223 39.6466 38.1455 37.6958 37.4951 37.0593 38.6741 38.8316 38.9116 39.3645 40.1726 40.3675 40.3382 37.5715 34.4437 33.1766 33.6221 30.8433 28.4457 27.218 26.4937 24.2132 21.6201 17.1664 12.1981 6.14085 0.176704 -3.35737 -6.8095 -9.64715 -10.9078 -11.3286 -12.4364 -13.9309 -18.2037 -27.7382 -43.4285 
200 208.48 214.252 217.491 217.149 217.852 217.71 217.117 218.976 219.521 218.537 218.408 219.08 219.645 220.996 220.14 219.31 219.221 221.486 220.556 218.971 220.021 219.745 221.689 223.664 223.001 225.185 225.794 224.692 223.452 221.408 222.123 222.493 221.93 223.292 226.653 227.761 228.174 229.318 229.662 229.064 228.381 230.744 232.135 233.787 239.995 239.431 235.77 235.189 234.283 233.16 229.856 227.187 226.589 227.17 227.506 227.165 223.752 221.67 219.289 217.367 216.052 215.084 213.033 208.355 203.501 199.324 194.774 194.824 194.956 192.472 190.583 189.057 185.316 183.097 183.757 181.765 175.576 168.966 165.147 162.218 158.845 156.052 153.136 149.156 146.512 143.179 137.437 135.597 133.058 131.711 130.871 128.897 128.232 126.897 124.243 122.414 121.114 119.828 118.639 115.903 110.707 104.062 99.9072 98.1654 97.0441 97.469 97.1362 97.0238 94.6889 91.8732 90.1402 88.1048 85.5743 83.9399 82.6579 79.8021 75.8396 73.0067 72.276 69.5125 68.8358 68.2967 67.8311 68.5896 68.2956 64.4084 62.6772 62.1681 60.1462 57.758 56.7459 54.4706 51.6593 51.0029 48.8556 47.846 45.3553 44.6451 42.3207 40.5785 38.7133 35.7413 35.0949 34.1982 31.6218 28.6719 28.2532 27.3711 26.8179 26.4884 26.5157 26.6865 26.532 26.4217 24.1488 22.7533 20.7591 19.6077 19.0768 19.3048 19.6984 20.1999 20.0876 18.6009 15.515 15.4259 14.8478 15.5703 15.9991 17.2081 17.7943 17.119 17.6589 18.1943 19.0108 20.4134 19.8455 19.6996 19.4739 20.4812 19.6052 18.8705 17.8409 15.5522 12.9182 10.8033 9.10219 4.28013 0.0805275 -1.53002 -1.81421 -1.79029 -1.33154 0.105816 -0.313285 -2.82377 -5.93062 -12.3802 -25.4834 
200 205.893 209.954 211.806 215.437 218.226 221.236 224.17 224.897 224.134 222.921 222.308 223.188 224.544 226.167 226.211 224.433 223.617 223.796 223.256 223.777 223.761 225.997 229.826 227.037 223.22 224.914 224.069 222.339 220.929 222.54 226.695 228.638 229.075 226.256 228.074 229.291 231.252 233.099 233.468 233.052 232.814 232.663 231.353 233.829 235.824 236.881 234.225 233.423 232.599 229.84 228.533 227.601 228.006 227.738 225.434 224.675 223.7 220.725 216.748 212.115 209.296 206.57 204.275 202.377 199.406 198.455 197.832 197.983 194.764 190.521 187.388 185.527 184.113 180.387 176.884 174.88 173.227 169.282 167.267 165.83 164.948 161.924 158.913 156.037 155.258 153.493 152.206 147.943 144.741 141.585 139.122 138.353 137.517 139.422 139.044 136.915 135.22 134.871 134.545 132.284 130.75 129.463 126.341 122.77 119.522 116.091 113.01 110.698 107.764 104.855 103.806 102.173 99.7139 98.9585 96.5078 95.6503 95.3301 94.6672 93.1206 90.8337 89.1066 86.3781 81.7912 79.6382 77.508 77.1016 76.3673 74.4575 71.7436 72.2288 72.2249 71.9438 69.749 67.8698 65.5741 63.6504 63.7888 63.996 62.8805 62.3874 61.8323 59.9968 57.4157 55.2591 51.9373 49.723 47.488 44.9959 44.3464 41.8829 39.4719 36.8315 34.2298 32.4201 31.1632 29.9085 27.836 25.4363 22.9146 21.7096 20.4665 18.5078 19.1325 18.727 18.5075 18.8882 18.1317 16.4652 14.1658 13.9341 13.7766 14.8397 17.0654 17.4314 17.1373 17.3533 16.9834 16.7041 15.7603 15.9754 14.7705 13.6487 13.4197 12.5862 10.5243 10.0045 8.01601 3.1759 0.0361975 -0.687752 -2.80822 -3.83629 -5.11489 -7.28104 -10.0672 -13.7052 -20.1687 -30.8174 -48.9679 
200 207.467 210.041 212.342 214.15 214.516 212.034 210.22 211.206 213.924 216.139 216.683 215.344 213.462 214.117 212.201 212.033 212.815 212.133 211.965 213.756 213.328 214.186 215.003 211.992 212.91 213.714 216.296 216.219 213.859 213.409 215.333 218.02 219.4 219.395 221.258 223.768 222.053 220.766 219.52 218.486 217.193 217.544 215.37 217.955 216.46 214.511 213.122 210.169 208.531 207.768 204.304 203.622 201.134 202.381 203.881 201.286 200.889 200.29 199.474 196.241 194.744 191.952 188.802 186.292 183.261 178.85 175.473 174.312 173.154 170.15 169.078 167.916 168.076 166.446 164.31 162.184 160.877 157.166 153.876 150.326 147.694 144.05 142.675 141.244 139.293 137.876 136.563 133.761 130.028 127.666 124.134 120.56 119.659 117.248 114.06 110.427 106.786 104.93 102.296 99.9693 97.9007 93.3165 88.9918 85.5101 83.0325 81.3917 78.1296 74.4024 70.0201 67.1575 65.9141 65.4884 65.5471 63.903 61.1589 60.0203 60.6214 59.1598 58.479 57.4766 54.7079 53.0207 49.6962 46.4318 44.1653 42.5344 40.1403 39.3201 39.3197 36.8633 34.9787 33.9287 34.0426 34.0076 33.3192 31.8964 30.5349 30.047 31.1784 33.0629 33.3462 31.5389 29.9417 29.9673 27.4893 24.2556 23.5019 22.8708 22.7124 22.4275 20.1832 20.0085 18.9488 18.1648 17.3749 17.6512 16.2735 13.9008 11.7266 9.92107 9.44412 8.3796 8.87314 7.8429 8.74984 10.5885 12.0194 11.9437 10.5532 7.88028 6.71005 4.71121 3.25664 4.53911 4.74157 5.30092 5.13864 5.36418 5.78278 7.19357 7.72483 7.23326 7.66352 8.25402 7.41137 6.79709 3.68836 1.84767 0.020811 -0.395408 -0.594261 -0.591661 0.0413736 -0.99648 -4.30223 -7.29599 -12.8786 -23.0125 -40.217 
200 205.627 209.737 212.096 214.599 214.964 214.989 213.017 213.446 214.237 214.344 213.12 212.712 212.195 210.385 210.557 211.108 210.255 210.546 211.745 211.886 211.711 210.89 209.705 209.904 208.904 209.991 212.836 214.524 214.046 215.152 215.839 215.043 214.344 211.414 209.053 209.836 208.598 208.673 211.276 211.265 211.105 212.747 213.779 215.648 215.096 213.948 213.979 212.044 213.469 214.836 213.799 215.365 214.315 212.441 209.552 206.245 205.318 204.561 202.743 201.99 199.777 198.307 197.917 196.465 194.937 192.605 191.959 192.772 191.25 189.738 187.612 186.015 185.266 186.375 184.766 182.254 181.002 179.552 177.233 174.791 172.634 170.712 168.687 166.059 163.98 159.12 158.346 156.947 152.877 149.649 148.104 145.092 139.798 135.088 132.701 129.851 128.047 125.623 121.601 118.453 114.922 112.844 109.77 106.177 102.086 97.9121 93.3918 89.309 87.5767 85.7362 82.7936 79.7934 78.2708 79.5193 78.3748 75.8451 74.1085 72.3031 71.2914 70.3727 69.2984 67.4594 65.9255 62.098 59.3201 58.2843 56.7877 54.337 52.084 51.2171 51.0575 50.5462 47.9974 46.964 46.4257 44.0463 41.3671 41.2107 41.3336 39.9163 38.9096 38.5054 38.4721 38.0497 38.9879 40.836 38.3351 34.3462 29.521 26.5685 25.8399 25.5287 26.1511 24.9555 24.5971 24.0637 22.6648 22.7503 21.4575 20.7299 19.2977 17.9409 15.4871 12.768 11.0288 11.0791 10.9501 10.7582 11.9494 12.5831 11.1095 10.3146 8.40466 6.93451 7.12231 4.5931 3.78884 3.00742 2.25943 1.83493 4.18002 5.71585 5.52211 4.71994 3.59212 2.54222 2.98956 0.962871 -0.115133 2.18752 3.74141 4.85973 4.85109 5.0829 6.50853 9.42994 5.36297 -2.54388 -17.6535 
200 208.543 212.816 217.024 219.545 220.548 221.097 221.484 221.063 220.414 219.721 220.549 219.176 218.218 217.319 218.54 218.179 217.572 219.094 220.992 220.494 220.851 222.858 222.832 221.734 222.044 222.459 222.729 220.106 219.514 222.318 221.981 220.825 220.63 224.079 223.377 223.556 223.32 222.613 222.891 222.612 225.698 226.883 226.859 228.095 225.786 222.079 221.243 220.53 220.213 220.777 221.715 220.303 219.415 221.581 222.023 218.051 216.353 216.179 213.044 209.135 207.545 204.96 202.521 202.757 202.544 202.091 200.111 199.711 200.415 199.621 194.847 192.576 192.476 190.069 188.148 185.837 184.311 182.463 180.015 178.567 176.241 173.255 170.51 168.731 167.754 165.461 165.153 161.268 158.87 155.781 153.501 149.238 144.782 141.522 138.193 135.099 133.22 129.808 127.322 123.993 121.189 118.966 116.59 116.602 113.667 111.555 108.83 106.316 104.597 101.889 99.6113 98.3131 95.6736 92.9981 91.1909 88.8446 87.7002 86.2386 83.461 79.7834 76.8952 75.7515 75.267 73.4038 71.6232 67.6979 63.3744 60.0344 56.9286 55.1407 51.9109 49.2771 46.7769 44.5022 43.3118 41.3626 40.8637 39.2226 37.402 34.9303 32.5872 31.293 28.6966 26.2902 24.3132 22.1673 20.9326 20.1686 20.319 19.3643 20.8342 20.2952 20.8547 20.7182 20.8525 21.1505 21.3714 20.3852 21.5812 23.1529 22.9649 23.0811 22.1108 19.3697 19.001 19.1174 17.7416 18.4977 19.0038 19.9514 19.9514 18.9954 17.9956 17.5604 18.1697 16.822 14.8169 14.3047 15.1874 14.4483 13.4087 12.3138 12.1652 10.995 9.51631 7.98642 5.66669 2.50869 -0.12209 2.3197 6.21401 10.9687 15.7846 18.9334 21.8555 23.8442 23.6606 17.2718 2.06514 
200 209.219 214.536 217.996 219.152 219.755 220.31 221.197 221.757 221.75 222.24 223.941 225.396 223.91 224.903 226.225 229.171 231.193 231.014 229.819 229.759 228.948 228.151 228.574 227.142 226.822 226.1 226.326 226.797 228.356 227.881 226.305 227.198 228.021 228.758 226.127 225.819 223.014 223.46 221.044 218.581 218.792 220.915 221.72 219.956 218.201 215.382 213.566 212.258 209.744 210.545 207.995 207.418 206.497 208.46 207.239 203.705 202.885 204.064 203.66 205.807 205.978 203.318 202.174 201.638 199.706 198.224 194.718 192.452 190.413 189.334 187.444 186.693 184.395 182.014 179.832 177.254 175.429 172.224 169.384 166.962 163.977 160.336 154.62 151.217 147.651 145.604 144.803 142.061 140.694 139.082 136.198 131.594 128.593 123.818 120.502 118.429 114.896 110.39 107.87 107.547 105.175 105.45 102.745 99.0855 96.5436 95.0487 93.7521 92.8632 92.0224 89.8626 85.8618 82.6189 79.7022 78.8611 77.0892 72.7866 69.9828 67.3864 67.5307 67.5562 64.4672 60.9808 56.3678 52.8416 53.134 53.611 52.7736 51.7058 49.7615 48.0682 47.1715 45.863 44.7282 45.2549 44.65 42.246 40.2144 38.8586 36.6202 36.332 35.5085 35.7251 32.506 28.2278 24.8653 24.6533 23.8867 21.9082 21.3817 20.9697 20.2307 18.0039 15.6042 14.0584 13.4521 11.9238 9.87455 7.96106 7.08399 6.87925 7.30543 7.74413 9.58118 9.65735 8.86853 8.58044 9.59039 10.4432 10.1346 9.50108 10.18 10.6486 10.3963 10.2823 9.98362 7.99674 6.87295 6.29925 4.50911 3.79868 4.65311 6.39901 7.31522 6.39902 5.50313 5.09409 3.07907 1.83366 -0.0371973 0.70675 1.52421 4.10143 7.19196 9.97204 11.342 12.7553 11.6875 5.10446 -9.46676 
200 208.895 213.842 215.845 218.198 219.49 218.49 218.436 218.719 218.634 220.025 220.455 218.808 219.465 222.038 224.188 224.62 225.564 224.028 221.872 221.674 222.344 222.616 221.222 220.895 222.718 224.048 226.259 228.867 230.034 228.209 228.107 228.31 227.754 229.369 229.925 230.884 231.22 232.983 232.026 230.143 230.989 229.972 230.574 228.15 226.373 224.965 225.752 227.39 227.898 224.924 221.393 220.189 218.018 217.648 217.248 214.755 212.24 211.088 210.219 207.921 207.336 207.265 203.376 200.697 199.174 198.382 196.701 192.921 190.132 189.345 186.899 186.535 187.162 186.544 185.543 182.369 180.951 178.602 176.329 173.847 172.931 170.969 168.08 165.357 161.929 159.841 155.133 150.99 149.693 149.069 145.904 142.111 139.198 136.406 133.443 129.59 129.659 126.556 123.34 119.484 117.8 116.498 114.666 115.049 114.725 113.04 110.909 108.137 107.389 105.951 104.131 102.186 98.6424 96.2093 93.833 91.0349 88.5193 86.2282 84.6092 83.9672 80.1362 76.5 74.8985 73.3445 71.9973 71.1258 70.4742 69.7638 67.6636 65.2276 63.1341 59.4627 57.0894 56.1692 57.146 55.8775 54.8547 54.293 51.269 48.7362 47.2818 43.2926 41.5992 40.5302 39.8769 38.9355 38.8018 38.7646 39.4174 39.6809 40.2889 39.6729 39.0472 38.7638 36.6712 33.3102 31.4335 30.2582 28.5005 28.7419 27.388 25.4712 23.5648 22.8011 22.3197 22.7065 21.8993 20.2404 18.9977 17.6062 15.907 14.7744 14.9386 14.3513 13.7585 12.2134 10.5273 9.96108 8.547 6.84576 6.82575 6.68215 7.65314 7.56013 8.37387 7.97634 5.16153 1.89274 0.0356533 -0.677412 -2.14103 -3.68036 -4.57589 -5.48997 -6.89588 -9.59368 -14.5795 -24.2317 -41.0958 
200 209.157 212.875 215.805 216.568 215.913 215.018 214.878 214.39 214.447 214.925 216.32 216.757 218.12 218.744 221.466 222.208 221.666 219.929 221.646 222.215 223.823 227.259 228.887 231.864 233.874 235.533 235.32 233.371 230.828 230.742 231.59 232.716 231.686 230.565 229.62 231.668 232.642 236.052 235.032 236.149 237.763 241.205 242.9 243.108 241.298 242.076 240.566 239.372 238.66 239.807 239.785 239.302 240.757 238.795 237.642 233.866 231.016 227.506 225.283 222.949 220.621 219.286 219.946 219.155 218.075 218.433 217.921 215.655 214.836 212.006 210.291 206.64 202.594 198.219 192.62 189.334 186.053 183.059 178.976 174.334 171.747 168.93 167.144 163.691 160.682 158.843 156.171 152.556 150.661 149.72 147.725 146.88 143.439 139.27 137.142 133.214 127.939 122.988 121.076 120.287 116.257 112.97 110.347 106.159 103.869 99.6722 96.9902 94.3295 92.5273 93.9074 92.678 92.4234 90.0599 86.202 83.7642 82.7343 81.0775 78.8885 75.6752 72.6364 69.9825 68.205 66.5007 63.3397 63.0055 62.8854 60.8485 60.0006 57.9755 56.603 52.3184 48.0629 43.0541 38.7612 36.3708 35.2997 34.1369 33.5417 30.3099 27.5495 27.6297 26.9401 25.6229 25.2529 23.1239 22.6499 21.1477 20.1809 18.8904 17.0071 15.7969 16.5543 17.4567 17.8565 17.3529 14.2247 12.3408 9.84022 8.682 7.47252 4.97127 4.45413 4.7627 4.19108 1.51426 -0.389906 -0.0737215 -0.660928 -0.285406 2.25143 4.2724 4.95315 5.11103 4.85502 6.38153 7.57515 9.3507 10.9449 11.0401 9.38969 9.39016 8.14987 6.84143 6.215 5.75692 3.93053 2.70709 0.882315 0.0503799 -0.957218 -0.769709 0.387543 3.88404 7.59155 11.851 13.5459 12.5386 6.39376 -7.83645 
200 208.503 212.559 213.133 212.826 211.271 210.243 210.475 209.011 208.504 209.027 208.217 207.869 207.61 208.511 212.053 215.906 219.407 220.265 221.469 223.498 225.905 227.465 228.681 228.907 230.617 232.46 231.712 231.601 234.029 235.526 234.937 234.797 232.463 231.996 231.606 234.912 231.971 231.094 230.524 230.968 231.293 229.018 228.104 227.255 224.818 224.133 223.264 222.473 221.632 220.674 220.156 217.668 218.304 217.068 214.169 209.78 207.245 205.063 201.788 195.6 193.619 192.228 189.636 185.915 184.76 182.921 179.699 179.192 176.616 174.234 170.419 170.976 168.638 164.078 161.259 158.944 158.343 155.218 152.506 147.849 143.781 137.431 132.604 129.839 126.354 124.469 122.734 121.704 119.14 118.894 116.815 113.059 109.319 107.17 105.463 104.471 102.111 100.689 97.1869 91.7191 88.2387 87.827 84.8853 80.3613 78.5088 77.7786 74.9847 73.151 71.9231 72.9034 72.3982 70.7411 70.9935 67.7943 65.4064 62.4977 61.0328 59.0122 56.5006 52.8492 50.9004 48.4819 48.1093 47.0473 44.6075 43.3078 42.3982 42.6656 42.7944 42.9318 42.8541 40.5259 39.7445 37.6126 35.316 33.4955 31.3681 31.0213 31.8789 33.6571 32.6669 32.1672 32.2942 32.0416 32.6914 31.7194 31.9145 32.5688 33.3653 33.4827 31.5705 28.9501 25.826 23.9755 23.866 24.1355 21.8453 19.1363 14.9999 15.0836 14.2092 12.6253 11.415 10.7139 9.15119 8.78887 8.01782 7.91553 6.79163 6.32911 5.86423 5.37919 6.39355 8.24182 7.34852 5.76187 4.6845 5.36146 6.65132 7.42995 7.99441 9.44316 10.1604 10.2826 10.2474 8.94443 6.2345 3.47757 -0.0830807 1.57853 2.824 2.90471 3.48733 4.6406 4.60032 1.45774 -4.03739 -14.8585 -32.0493 
200 207.135 210.837 211.946 213.177 213.793 214.844 217.122 218.656 220.753 221.95 222.164 222.008 220.645 220.717 220.596 221.626 220.393 217.752 216.995 217.376 216.442 217.074 217.558 217.751 218.05 216.779 215.272 215.715 217.452 217.278 215.808 216.476 217.4 217.51 218.171 219.689 219.608 220.528 221.657 225.17 228.109 228.171 228.079 228.676 228.417 226.763 225.721 224.981 223.203 224.516 223.447 223.95 222.55 222.282 221.623 220.335 220.979 219.825 215.479 210.977 205.279 201.899 199.457 197.42 194.24 193.002 193.208 191.305 188.663 186.687 185.746 183.701 180.016 176.81 171.847 168.12 165.385 163.61 162.6 158.334 152.39 149.185 146.885 144.11 140.759 137.206 131.2 129.278 128.435 127.067 126.094 124.921 123.089 117.743 113.675 110.544 107.263 104.539 99.2151 96.1958 93.8716 93.0302 90.8282 87.5526 85.7965 83.8756 81.4082 79.8499 78.7622 76.4775 74.1319 71.2449 69.9738 68.1487 66.5227 63.9658 62.0722 61.4238 59.7377 57.7856 56.256 54.8416 52.8814 52.445 49.7274 48.4886 49.0104 49.8782 51.2902 52.763 52.7934 49.4434 46.6627 43.4545 40.8552 38.3617 36.3232 34.0717 32.0986 30.6066 30.449 30.1225 28.1244 25.697 24.7882 25.232 25.8641 26.1801 25.4663 23.9104 23.9971 23.9363 23.4793 22.5384 22.6612 22.4312 22.4989 22.1454 19.1879 16.3749 13.339 9.99644 7.84538 7.61881 7.32517 6.3132 6.49261 6.82039 6.78186 7.23865 7.90185 7.29413 7.42447 7.61307 6.85675 7.08705 7.76023 8.8084 8.13314 7.77047 7.31854 7.5169 7.51386 8.37096 8.05078 6.25392 4.32349 1.72182 -0.00469597 0.0892234 -0.403733 -0.543314 -0.081983 0.801624 -1.58446 -3.13219 -7.92702 -17.5864 -36.3438 
200 207.243 209.831 212.121 213.984 215.254 215.614 217.655 220.584 222.092 223.645 222.169 220.889 220.258 218.896 220.298 221.044 222.22 223.207 223.094 224.256 224.509 224.265 223.258 224.085 225.573 226.461 229.602 230.931 233.031 233.935 234.327 234.351 236.844 240.469 242.754 242.037 240.144 240.072 240.383 240.996 242.518 242.175 240.539 239.027 237.864 236.281 233.738 230.763 229.369 227.92 225.606 225.136 224.049 222.304 222.53 219.915 217.823 215.805 212.98 209.816 211.339 211.294 211.37 209.605 208.449 206.221 202.169 199.475 197.099 194.826 192.313 188.232 183.795 181.022 178.014 176.824 173.02 169.89 170.107 170.452 168.159 167.821 165.563 164.992 163.983 161.617 158.087 154.449 151.592 148.233 146.358 144.028 142.426 142.33 138.928 136.198 132.195 127.912 123.793 122.52 121.552 119.25 115.849 113.421 110.857 109.927 105.696 102.38 99.5586 97.1815 93.6729 90.8211 89.1803 87.8012 83.8678 81.2208 79.4788 79.6392 79.3207 78.1839 74.6376 72.0667 70.5425 69.2497 67.1598 66.6883 66.7917 63.9668 63.5264 63.0364 62.0122 60.9354 59.7025 59.7779 58.7145 57.2076 54.8204 52.934 51.6648 49.7439 49.139 47.7826 46.3148 44.8407 43.4356 42.3767 42.5288 41.2328 39.1705 36.2889 33.9446 31.5143 28.9989 25.6653 23.5562 22.6952 21.7702 21.1007 22.0247 21.884 18.1902 14.9789 12.5857 11.5207 10.9602 11.8387 12.9607 12.9908 12.6587 11.2521 10.0646 10.0877 9.96341 9.37722 8.57791 8.85932 9.84359 9.80891 9.80047 8.93718 7.62157 6.83498 6.06143 5.44792 4.4705 3.85609 3.80415 2.02377 0.0956334 -1.81703 -2.06248 -3.75905 -4.93243 -6.12099 -7.68369 -11.448 -16.2288 -26.4148 -44.1963 
200 207.816 212.616 215.981 215.732 214.192 214.891 217.015 218.671 218.27 218.545 220.76 222.744 223.647 224.096 223.097 221.054 220.714 219.203 218.813 219.06 218.391 214.836 211.685 209.429 208.347 208.901 210.182 210.35 211.84 213.077 214.844 216.56 215.622 212.38 212.987 212.984 214.147 215.079 217.159 220.556 223.708 222.971 222.612 222.102 222.32 220.564 222.456 223.911 223.613 223.634 223.792 224.748 223.044 218.796 215.44 213.378 212.715 211.443 208.991 207.694 208.872 208.609 206.478 205.042 203.284 202.781 200.989 198.395 198.917 197.448 196.761 196.935 194.215 191.821 187.36 185.644 183.639 182.199 180.126 178.442 178.147 174.804 172.195 169.479 166.937 165.814 164.518 163.806 162.201 157.761 154.845 153.07 150.152 145.362 143.098 142.198 139.413 138.431 135.613 132.781 128.664 125.708 125.094 123.709 121.92 118.373 114.821 112.994 110.768 107.633 103.671 98.2082 94.0027 91.171 87.7063 83.9611 81.1931 77.9035 75.1996 73.3562 72.2593 68.7868 67.2178 63.9905 61.7764 59.9272 57.6297 55.0789 53.5159 52.4193 50.3607 48.8667 48.1893 47.3334 46.438 44.5794 44.5365 44.4136 43.3641 45.0832 46.6432 46.9573 45.6875 43.7383 41.7088 40.8048 41.2398 42.3339 42.7397 42.3096 39.9783 39.7425 38.5616 38.6913 40.3497 41.545 39.7389 38.6042 37.7695 36.2945 35.1654 35.1406 35.7488 34.9458 33.5717 32.0902 30.5622 26.902 22.5984 20.3264 19.4957 18.9531 18.8062 19.931 21.3755 21.4097 20.1211 18.4739 18.3314 19.2502 18.855 17.2324 16.3336 14.8499 14.993 14.4499 11.6233 7.13105 0.234282 -4.45135 -6.43151 -8.72624 -10.9722 -12.2848 -13.8859 -15.492 -19.4369 -28.6927 -45.8795 
200 208.58 213.461 214.926 215.665 216.644 219 218.184 219 220.91 222.791 221.931 222.272 221.367 221.707 221.272 223.746 224.25 223.947 224.489 224.299 223.984 223.699 226.082 228.224 227.807 224.969 222.026 220.823 221.546 221.157 219.597 217.393 216.177 214.657 214.81 217.798 220.403 224.544 226.486 225.829 222.7 220.617 219.481 218.437 218.275 220.66 222.62 222.544 221.28 220.67 217.976 216.258 212.204 212.297 213.546 211.351 208.822 203.507 202.726 204.482 203.437 202.709 200.561 197.151 196.498 195.775 193.722 192.482 189.513 187.924 186.547 186.415 183.216 180.554 181.12 177.629 173.77 170.93 168.199 165.276 164.101 160.416 158.304 156.549 154.446 153.083 150.9 148.13 147.231 145.565 142.525 141.863 138.757 134.176 129.302 123.79 120.458 117 113.733 108.899 105.829 104.013 102.409 99.5818 97.9632 97.4096 95.8664 94.6415 93.1546 91.2583 88.1524 84.0753 83.3451 84.2727 84.6747 84.8514 84.4439 85.1655 84.8655 86.0256 87.012 87.432 87.742 87.8306 85.3477 83.714 81.5322 79.5446 77.8309 76.4861 76.3653 76.3272 74.6082 71.3377 69.7005 67.8667 65.4467 65.0015 63.6887 61.5335 61.925 61.0819 60.7314 59.9963 61.0783 59.3155 56.561 54.453 52.1217 51.1757 51.0032 50.3461 50.1161 50.791 50.7071 51.1417 49.5659 48.346 48.009 47.8305 46.1914 43.7179 39.9433 37.2382 34.5764 30.957 29.5729 28.3472 29.1265 28.2721 26.3325 26.1716 26.8815 26.6125 25.902 23.2418 22.8556 23.1736 23.9231 23.4456 23.5929 21.5135 19.6159 18.456 15.5594 12.1412 8.29186 4.14343 0.0302626 -0.574989 -0.310684 -1.44683 -2.78042 -5.62232 -8.87301 -12.5502 -18.9599 -28.9859 -46.4815 
200 208.619 213.452 216.581 218.154 219.393 219.259 219.019 220.548 220.768 220.004 221.045 220.174 221.451 221.966 223.027 224.755 227.165 227.857 226.082 225.097 225.495 225.954 224.633 224.491 224.369 224.313 223.54 220.804 222.075 224.974 224.41 222.391 221.829 222.738 223.506 222.969 223.406 224.236 222.6 221.433 219.574 217.24 219.15 218.939 220.807 220.207 218.852 216.003 217.116 215.528 212.649 210.83 208.227 205.492 205.745 203.794 202.665 201.036 198.742 195.639 192.038 187.744 182.942 180.619 177.572 175.438 173.748 171.292 166.615 160.525 156.553 152.422 149.684 149.759 149.284 146.873 145.317 145.37 143.217 140.522 139.031 135.628 132.644 129.376 125.003 122.225 120.875 121.304 119.07 116.262 113.547 111.735 108.503 107.031 105.289 104.695 103.584 101.367 98.9713 95.7393 92.7575 90.5214 87.9881 83.7034 80.0201 76.8511 74.697 72.6676 69.2245 66.6121 64.9798 63.755 62.5592 63.0684 61.3112 60.6229 60.5044 59.3416 59.7192 60.1296 60.5868 59.2673 57.847 56.144 54.4793 53.3244 51.8399 49.1838 48.2462 47.5442 45.9864 47.1314 46.1455 44.8744 42.0248 38.9336 34.6185 32.2438 30.6955 29.2555 28.0832 27.9642 26.1625 24.0101 22.7647 23.3699 22.7396 22.4602 21.7003 21.4838 22.6945 23.4446 24.173 24.8961 26.3223 27.6037 28.0036 28.8389 29.9042 30.3189 30.1699 30.605 29.2894 28.3271 27.7878 27.3522 28.2397 28.4221 28.5272 27.2548 27.2346 26.4978 24.3726 22.564 20.4736 19.3304 19.5595 18.9692 18.8445 19.4666 19.8308 18.5674 17.4697 14.5071 11.6915 8.91278 6.4895 2.91525 0.0147689 -0.280609 0.916789 2.23408 4.04561 5.94511 7.56033 8.11938 6.52522 0.556248 -13.4923 
200 209.184 213.811 216.871 218.56 219.727 220.158 222.253 222.771 221.89 221.048 221.28 221.405 220.853 220.417 221.434 223.293 225.77 225.826 225.038 224.685 224.53 224.731 224.86 224.994 222.547 221.123 220.612 220.63 220.842 221.529 221.445 220.919 222.838 222.864 223.203 225.132 225.913 223.836 222.806 224.839 227.829 225.506 225.992 225.711 226.137 227.79 228.196 226.632 226.496 227.342 229.128 228.691 228.365 226.136 226.153 226.716 228.805 226.206 227.662 229.92 228.677 227.803 227.731 225.951 225.252 222.982 219.162 218.364 215.196 210.791 207.251 205.013 202.395 199.79 198.993 198.351 195.026 192.205 188.365 184.713 179.53 175.3 172.548 168.913 166.891 163.96 159.807 156.796 154.272 153.376 150.882 149.063 147.64 144.757 140.346 138.934 136.722 135.778 132.731 129.982 127.658 126.258 122.909 121.21 119.551 116.582 111.87 108.158 105.307 102.561 102.174 100.749 98.3953 96.6672 95.0748 94.6949 93.992 92.5108 91.6064 90.8177 90.02 89.1969 88.0142 87.7195 86.04 85.2109 86.3418 86.5383 85.6072 82.5659 77.8336 75.6811 73.4204 71.3878 68.9532 67.0043 64.3904 61.8792 58.3855 55.8452 56.4243 56.8157 54.8775 50.9332 47.3972 43.484 40.3451 38.8765 37.9763 35.7278 33.8587 33.4574 32.4263 30.6888 29.8543 29.3358 27.5149 25.083 21.8665 19.6915 20.1411 20.5864 20.0954 18.158 18.2043 16.6953 16.2022 17.187 17.7048 17.0091 15.5949 13.1114 11.8546 9.43728 8.58126 7.66087 7.35201 8.26838 8.99117 9.91171 10.7772 11.1525 11.4533 10.9695 9.96786 9.44164 7.05677 4.20107 0.0567862 -1.07894 -0.456549 1.51392 1.84932 0.958016 0.904184 0.667103 -2.53591 -9.07357 -22.8818 
200 206.944 210.59 213.285 214.978 216.071 215.565 214.945 215.431 215.671 217.493 217.714 215.588 215.472 215.246 217.535 219.098 220.806 223.607 223.632 224.086 226.266 225.134 223.032 223.112 223.846 225.839 226.26 224.355 222.313 222.259 222.904 222.282 220.284 216.387 215.764 215.851 216.014 214.493 214.438 210.808 208.464 208.818 208.329 210.854 212.343 210.851 210.669 212.051 214.944 212.559 211.521 209.378 208.352 207.107 204.961 202.858 200.655 198.084 194.34 192.796 192.39 190.242 189.062 187.676 183.677 181.829 181.978 179.12 175.835 177.035 174.614 172.985 168.353 165.309 160.626 160.688 158.884 158.824 156.585 154.392 153.016 151.371 151.655 148.798 145.84 144.117 140.868 136.507 132.649 129.317 127.038 125.129 121.886 117.915 115.752 112.237 110.581 110.803 108.8 107.004 107.596 106.739 107.035 106.932 102.558 99.0501 97.2613 93.1455 89.788 87.1135 85.697 85.0761 81.7401 77.5205 74.028 70.4293 68.6027 66.6219 63.7811 60.5701 56.8048 54.0646 52.8579 52.2672 51.1608 50.6519 49.621 45.5493 44.8636 45.7176 45.9872 46.6032 47.7278 48.3738 48.0743 46.4146 44.4947 42.065 39.8977 38.5988 38.8885 38.2729 37.4416 36.9961 36.9514 35.5462 32.3939 31.3054 28.6013 26.3821 23.5182 21.0906 20.2299 20.362 22.1558 23.5089 24.9825 25.9334 27.2023 27.5424 26.9917 26.4723 26.6042 26.7885 26.2427 25.1298 23.7051 21.6191 18.4549 16.7533 14.4982 12.9858 10.3528 6.86086 4.54534 2.81159 0.465888 -0.0777424 -0.584836 -0.465786 -1.3354 -1.60788 -2.70752 -1.94103 -1.28958 -1.18325 -0.634879 0.393153 -0.00987098 0.187549 2.27587 4.45305 7.32267 10.7085 12.1065 12.1828 9.41046 2.26852 -11.676 
200 209.276 213.699 215.822 216.895 218.409 219.162 220.776 221.699 223.233 222.493 221.232 221.461 221.702 222.157 220.823 220.737 223.418 223.305 223.787 225.281 226.757 224.838 224.542 225.055 225.023 226.872 228.47 229.751 228.139 229.011 229.384 228.959 231.43 233.044 234.638 230.872 227.755 228.242 229.636 230.101 230.834 230.255 228.633 229.365 226.172 223.395 223.649 223.911 224.172 220.876 221.735 221.323 218.581 217.886 215.811 212.843 212.192 212.147 210.851 207.791 205.657 205.187 203.189 199.748 199.327 197.305 193.187 190.904 187.631 183.88 180.106 175.02 173.002 171.337 170.143 166.335 164.166 162.493 158.485 155.122 151.149 149.225 144.862 140.89 139.04 137.509 133.483 127.342 121.657 116.686 113.24 108.343 104.623 102.122 100.176 95.4884 91.6771 89.9552 85.5115 82.0969 81.3439 80.897 80.0111 80.6203 80.4431 80.6425 79.9078 75.8182 72.5845 71.0539 69.3675 69.9076 68.1226 66.9528 64.8724 61.8697 59.1917 58.3691 57.7389 54.892 50.6428 48.3085 47.2782 45.0164 43.3556 41.3945 39.7374 37.0335 36.7605 37.6371 37.6988 36.8685 33.9462 30.8659 29.1717 29.2203 28.8251 27.9294 25.8258 23.9076 22.2861 22.4372 21.5128 20.9644 19.7595 18.3002 18.6973 18.537 17.0838 14.3528 12.776 11.4342 10.7377 11.9566 11.5145 10.9494 12.1312 14.6457 14.3743 14.957 16.7484 18.4213 19.9175 21.3703 22.3101 23.6129 26.2051 26.1498 25.3444 22.9111 23.5528 25.7264 25.3859 23.2516 23.087 22.1951 21.1841 20.415 19.733 17.6248 16.0054 13.3114 12.0703 11.3458 11.532 10.1936 7.46709 4.1422 -0.0602582 1.1449 1.40907 2.00328 1.07794 -0.170131 -1.07421 -4.30944 -9.49324 -18.4433 -33.9282 
200 207.444 212.761 214.862 216.763 217.051 217.458 220.353 223.034 226.612 228.29 229.018 228.951 228.675 227.521 226.245 228.696 231.34 232.469 233.217 234.43 232.09 231.905 232.955 231.984 232.5 236.179 238.903 240.066 239.741 239.404 239.427 238.148 239.382 239.893 238.393 235.896 234.475 234.692 236.038 236.969 235.252 235.891 235.272 236.963 238.529 239.593 241.112 240.301 240.122 236.616 235.065 239.473 239.574 238.4 239.83 240.039 237.944 234.209 234.148 231.027 227.506 225.899 222.984 219.641 218.174 216.052 212.819 211.627 211.059 208.923 205.081 200.38 196.272 193.976 194.661 193.173 191.98 189.931 188.189 185.372 184.157 183.674 180.817 180.274 178.232 177.21 176.491 175.164 173.139 168.334 161.954 157.512 154.731 150.754 149.793 148.674 146.208 143.809 142.104 139.611 137.802 136.781 136.625 137.681 136.151 133.281 129.942 125.386 122.163 118.581 116.988 115.103 113.093 111.033 108.403 104.425 101.813 100.782 98.357 96.2668 95.7957 94.3304 92.4161 90.5072 87.5823 84.0086 81.3031 79.5076 79.4408 78.8581 74.7856 73.3972 73.0616 73.2789 72.1164 67.8498 65.5635 64.6766 63.1596 60.6006 58.373 56.1257 54.4222 51.0829 49.29 46.2134 43.4365 42.2212 41.0819 41.2765 39.467 35.8041 33.1311 31.6175 32.0392 32.7086 33.4213 33.1933 32.3036 31.9905 31.1022 29.923 28.3782 25.6402 23.3139 21.8536 22.0469 21.626 21.1137 22.8555 23.4714 22.7731 23.2229 23.486 22.2054 19.116 16.0645 15.492 14.1949 13.7311 12.8774 11.9834 10.7235 9.80185 8.85173 7.54944 5.32053 2.35146 0.0378688 -0.719507 -1.13207 -1.77897 -2.71776 -2.53978 -2.65292 -3.73116 -8.16965 -16.6354 -33.0666 
200 207.466 211.947 213.773 214.11 215.485 215.692 214.502 214.275 214.665 215.474 215.252 216.413 218.416 218.212 218.162 215.961 213.45 212.771 214.672 216.91 217.776 219.356 220.869 221.123 219.848 219.188 218.79 217.587 216.982 216.371 215.163 215.427 213.657 211.517 210.036 207.526 210.921 211.758 212.381 211.319 211.191 211.146 209.794 208.498 208.986 209.629 209.229 208.783 207.478 208.939 212.305 209.329 206.054 203.508 200.166 198.711 196.699 195.566 194.435 193.198 190.32 188.351 188.965 190.391 189.936 189.267 188.109 185.693 183.879 181.791 179.019 175.048 170.347 167.39 165.244 163.963 160.523 157.553 154.812 152.19 150.401 149.925 148.256 144.731 140.876 137.583 134.683 131.762 129.836 127.7 123.49 121.472 118.279 115.635 113.02 111.762 111.143 108.292 105.09 104.5 103.417 99.5524 96.3971 93.8537 93.8188 93.3452 93.4209 92.4404 91.6337 89.5545 86.7044 83.2086 79.867 78.0885 76.5198 75.526 72.5975 70.938 67.6886 65.2602 62.6237 61.1413 59.6359 58.4459 55.3221 53.4858 51.1688 49.076 47.0091 46.6503 45.6701 45.0807 46.1185 45.8278 44.7294 42.868 42.1934 43.3546 43.4965 43.4896 42.7343 40.7615 40.5842 41.3116 42.2726 42.6728 43.5256 41.967 39.9253 38.0266 36.5096 35.8413 35.5982 34.5816 32.0186 30.8874 30.3264 30.4409 28.9945 27.7928 28.1483 29.6099 30.1692 30.2492 29.2501 28.7046 28.7545 29.9555 28.6216 28.2903 27.4641 27.6002 31.5229 33.1384 31.7627 32.7687 32.8225 32.4201 31.4376 30.1449 27.7277 23.6718 21.0005 18.6208 15.1253 11.7329 7.39056 3.70179 -0.0159812 0.303642 1.09626 1.98293 2.24815 2.72587 4.7896 6.70193 5.06343 -3.20415 -20.1335 
200 208.224 212.945 215.954 218.276 220.555 222.391 224.576 225.928 225.183 224.461 224.99 224.656 224.759 226.317 225.484 224.525 224.2 224.679 224.291 222.779 223.522 222.579 222.259 222.689 224.787 225.981 226.485 226.239 225.266 226.961 227.41 227.227 227.5 227.545 226.4 227.133 229.036 230.217 229.291 229.976 230.622 229.117 228.297 229.334 229.447 229.756 229.969 231.058 228.706 229.699 230.08 228.574 225.32 222.896 222.314 221.532 218.843 217.861 214.946 210.911 208.849 208.916 208.158 207.357 206.236 202.988 200.002 197.225 193.763 192.704 191.426 189.958 189.037 190.077 189.215 187.768 187.376 182.746 176.773 171.969 168.32 164.896 162.735 159.504 158.352 155.92 151.831 149.501 145.142 141.225 138.092 134.623 131.533 132.393 132.899 132.615 130.019 127.054 124.829 122.136 119.444 118.143 116.293 113.559 111.302 108.714 107.303 105.555 104.56 102.906 99.4237 97.2864 93.7919 91.9286 92.3218 91.8644 91.6537 90.0476 89.323 85.3442 83.0539 81.0994 79.8501 77.877 74.4556 73.9084 72.138 70.7672 70.234 68.3568 65.053 63.5645 64.234 65.534 64.7363 63.6824 61.9098 62.7976 63.225 62.0326 63.1478 61.1405 57.6322 53.8155 49.2647 46.3 42.9369 40.2579 38.1943 36.9517 34.2808 30.8092 29.2102 26.9627 25.8545 24.3561 22.5355 19.8906 19.8261 20.366 21.745 22.9889 22.9873 23.9175 22.8459 22.2298 22.3694 21.8663 21.7432 23.7279 25.5156 26.2251 26.8169 27.7598 26.9966 24.505 22.5918 20.9418 19.3729 17.144 17.8451 17.593 15.341 13.1015 10.8112 8.37082 5.21771 2.2375 -0.0147748 0.280721 2.86296 4.00773 4.1557 4.59444 4.88751 4.25382 1.92741 -6.46354 -23.0012 
200 208.623 213.189 215.695 218.729 221.539 222.151 224.848 226.091 227.529 229.527 231.499 231.19 232.174 231.976 230.511 231.788 234.584 236.373 237.272 237.426 236.155 236.118 235.4 236.067 234.328 232.475 229.419 228.618 228.95 227.32 225.591 224.613 224.796 225.826 228.008 231.057 229.74 228.097 228.898 229.268 228.151 227.344 229.761 229.949 230.254 230.057 230.748 229.727 230.34 230.407 231.757 231.787 232.025 233.872 234.414 233.695 229.769 229.099 225.323 226.05 223.437 219.059 216.155 211.898 211.231 210.278 206.78 202.74 198.874 196.925 194.167 190.381 188.49 187.397 185.193 181.819 178.106 174.898 169.616 165.37 162.379 160.752 160.231 160.607 159.459 158.093 155.954 155.455 153.198 150.809 149.088 146.438 145.916 143.307 140.309 136.123 130.229 127.009 124.663 121.799 120.534 119.935 117.823 114.883 113.805 109.879 107.297 106.688 104.783 101.265 98.0184 95.0292 92.9968 91.2867 88.4875 85.2706 83.6236 80.6652 76.0965 73.2648 71.281 70.1981 68.7206 66.8021 65.2142 62.6151 60.8557 61.0242 61.1463 60.2183 58.0272 56.9865 55.0608 52.6476 51.9442 50.6437 49.0053 44.6674 40.894 38.1034 35.906 32.8508 29.4816 28.7959 27.8013 25.4987 23.6593 21.1727 19.8767 18.2665 17.4951 15.056 13.272 12.8709 12.8661 13.3191 13.8636 15.3634 15.6115 15.2694 14.662 15.2531 16.9022 18.2817 19.0088 17.7678 17.069 16.8665 19.188 19.4988 21.1352 23.4214 24.2875 22.9216 22.1212 21.1415 19.2534 17.8306 17.0903 18.0411 16.4575 14.7268 12.4262 11.7454 11.2487 10.1912 6.20854 1.94058 0.00449009 -0.0853118 -0.836273 -1.12413 -0.0564987 1.75552 1.95311 -0.184547 -5.47259 -14.6969 -31.6492 
200 208.552 214.181 217.451 219.591 218.842 219.212 219.882 221.928 224.128 225.591 225.094 224.973 224.738 223.792 224.225 227.834 229.282 228.159 225.591 224.221 222.792 219.669 218.739 217.145 217.413 218.451 219.368 216.272 213.724 210.479 210.908 209.781 210.942 211.596 212.999 214.656 213.129 214.22 215.527 216.394 217.77 220.356 220.953 220.775 220.289 218.519 217.614 218.36 217.863 217.311 215.449 214.925 213.165 213.356 211.449 210.068 208.107 200.874 196.125 191.549 189.535 186.504 183.585 180.453 176.285 172.384 169.637 165.955 164.36 161.056 157.634 154.861 151.595 147.785 146.031 144.718 144.785 142.438 141.255 138.625 134.965 133.703 131.341 127.542 123.259 122.392 120.045 120.356 118.375 117.599 115.676 112.761 109.535 104.739 100.989 97.7201 92.8221 90.6473 89.8727 87.8065 86.9508 86.2729 84.5163 82.7975 82.5265 82.0321 82.5045 82.2045 79.7857 77.6744 75.8275 74.9829 72.1904 69.8446 66.0742 61.6316 58.2734 55.3341 52.6114 51.2262 50.0419 47.3554 44.8304 42.873 41.7137 39.8051 38.3349 36.7079 35.0777 33.7311 30.9889 27.2538 25.8553 24.2842 22.9001 20.2383 18.6339 17.7448 17.0431 14.6078 10.7245 8.27782 7.10298 5.55712 2.09398 -2.8222 -7.82976 -9.63296 -11.7822 -13.7017 -14.0997 -14.6446 -13.7431 -12.3718 -10.8016 -10.8935 -9.14438 -9.61586 -9.50583 -10.2764 -10.795 -11.1998 -12.5952 -12.7465 -12.5786 -12.4144 -11.4354 -10.8737 -11.8149 -13.0639 -12.9166 -13.8706 -14.3045 -12.828 -10.1365 -6.96256 -4.72434 -3.96557 -1.75608 0.19956 0.873827 2.66905 4.48114 6.49611 5.67308 5.16151 3.94925 1.47078 -0.0931129 1.76915 3.59135 4.97544 7.36782 10.096 13.0281 13.8052 12.3677 5.99004 -8.90434 
200 206.668 209.477 211.238 212.375 213.425 214.345 215.836 218.025 219.072 217.831 216.717 214.513 213.051 213.999 214.648 217.586 219.556 220.688 219.983 220.255 220.948 221.814 224.442 227.361 230.622 232.196 235.438 237.457 235.782 235.732 236.412 235.666 236.418 235.617 235.754 234.764 235.818 235.499 232.907 231.285 230.591 232.958 235.196 233.215 228.128 228.047 229.386 231.611 229.732 227.885 228.858 228.005 228.171 227.898 225.46 223.651 223.656 219.884 216.555 214.628 211.918 209.552 206.426 205.962 205.791 203.4 201.216 197.414 193.095 190.87 186.878 185.293 184.162 183.391 180.963 178.918 179.251 175.674 174.07 171.304 169.875 167.817 166.3 164.555 161.827 158.835 157.377 155.677 154.019 153.565 150.321 147.809 146.463 143.847 141.638 139.475 136.516 133.687 131.694 130.031 127.433 123.856 121.517 121.313 119.812 118.358 117.008 115.145 112.335 109.499 107.783 105.879 104.153 103.152 101.538 98.7391 95.9676 93.5129 89.5331 85.1167 81.4022 77.1162 72.4156 68.0142 63.2531 60.5367 58.2618 56.699 55.3351 53.447 52.1983 48.7465 45.9521 43.9465 42.7428 40.999 37.787 36.2427 35.5227 34.1338 31.7564 30.2643 30.4452 30.4329 30.1482 29.5284 29.0376 28.3812 28.0227 27.7515 26.2039 25.5533 25.8005 25.9481 25.6723 25.4788 25.3475 24.1337 22.2517 22.6529 23.172 22.9131 23.7965 23.7724 22.0551 18.2381 14.2757 11.696 10.2081 9.74063 9.00606 8.42454 6.02984 4.61646 3.0642 1.95406 2.12995 4.13462 7.54772 9.36008 8.46292 8.17377 6.88195 3.93608 3.37169 2.76178 2.35462 0.618632 -0.146001 2.77401 4.49316 5.6619 8.789 12.8636 16.6198 19.3687 18.2345 11.1356 -6.63528 
200 207.028 210.75 212.483 213.443 215.558 216.753 218.618 219.714 220.441 220.947 221.248 221.353 221.237 221.578 222.764 222.029 219.596 217.648 217.454 216.82 217.125 220.868 223.148 223.218 223.336 221.065 219.493 218.687 217.93 218.446 218.843 221.068 218.259 217.036 216.106 215.645 214.827 214.825 215.298 213.139 209.74 209.077 211.422 209.931 209.909 208.703 205.95 203.584 202.724 203.687 201.771 198.627 195.556 195.142 194.895 193.241 191.846 190.846 187.313 183.433 181.168 181.519 180.538 178.039 176.62 175.641 174.856 172.724 173.459 172.377 169.123 165.779 163.749 159.452 155.91 154.889 152.887 151.997 150.618 149.032 148.071 145.142 142.977 140.069 137.549 134.214 130.284 128.493 125.347 121.644 120.268 117.414 114.241 110.93 109.212 108.309 104.751 102.055 99.0593 97.5111 98.0533 96.6208 95.111 92.8526 91.8798 91.6025 90.8409 87.7381 84.2164 82.1783 78.8102 74.0372 68.3859 65.3773 64.4862 61.5412 59.4246 57.2546 54.6125 50.6846 48.1422 47.6013 47.8167 46.7012 45.6181 44.0223 43.0119 41.6461 41.3249 40.5226 38.9485 38.6069 37.2268 34.3911 30.9876 27.7497 26.7007 24.6859 25.4808 23.8848 20.9665 19.6545 18.8614 18.2914 17.8635 17.9108 18.874 17.2645 17.2168 16.0064 13.9342 11.0136 8.25095 6.47334 5.52363 5.80195 6.39557 6.96136 8.7672 10.6589 8.96857 7.63178 7.54161 8.36438 8.06014 9.24329 9.48779 12.0446 11.2344 9.74556 8.7619 9.89501 10.1684 9.85653 11.4297 12.1137 10.5817 9.58994 7.77202 6.93263 6.06322 7.04117 8.16545 8.96862 7.26858 6.84894 4.82689 1.61392 -0.0580496 1.10294 3.5747 8.24344 14.4457 18.1846 19.6837 22.2436 20.7309 13.4779 -2.1473 
200 206.898 212.21 215.182 216.399 216.232 214.981 215.08 214.777 215.307 216.372 216.138 215.772 215.002 214.744 214.096 213.772 213.057 212.007 210.396 211.395 211.792 212.759 213.064 215.131 216.264 217.902 220.177 221.662 222.737 223.159 222.218 220.666 220.059 222.589 225.67 228.931 228.194 226.116 223.753 225.377 226.366 226.487 222.595 220.215 221.055 221.312 222.607 221.099 221.26 221.083 220.517 218.956 217.64 216.951 216.882 214.044 211.384 211.069 210.199 210.164 208.402 205.979 205.386 202.068 198.262 197.397 196.713 193.433 188.568 185.262 182.471 180.437 176.828 173.473 168.938 166.195 162.808 159.726 155.318 152.022 148.614 144.835 139.979 135.769 132.823 131.144 128.407 125.944 123.244 119.82 118.667 116.472 114.45 112.205 108.811 105.272 103.498 100.567 95.6836 92.1668 88.6828 85.0078 83.7114 83.6606 83.5826 80.4052 78.9243 76.5222 74.5397 74.2512 72.9608 71.5007 69.5483 67.622 65.1821 64.0118 62.29 62.4537 61.4001 58.8803 56.2246 54.0235 51.2089 48.2377 45.7162 44.4389 43.4567 42.4609 41.0826 41.3865 41.3106 38.5814 35.5816 33.781 32.5945 31.4168 32.1824 33.7489 34.6433 33.4585 30.4579 27.1495 22.6016 20.6607 20.2688 19.1305 18.8961 17.3944 16.0058 15.4937 15.6876 15.8909 15.5735 14.3529 13.0661 11.5495 11.6752 10.8995 9.25505 7.37069 5.711 3.2088 1.96001 -0.678474 -2.35194 -3.10093 -2.41837 -1.90351 -1.77943 -2.95651 -2.19707 -1.76371 -1.7654 -1.08678 1.01418 1.91454 2.18644 2.43191 3.84732 3.17079 2.0022 0.623842 2.36963 4.01815 4.19914 3.95861 2.70842 0.748876 -0.00242958 0.0461621 -0.775729 1.2587 0.237074 0.324504 0.949578 -0.482126 -5.39074 -15.6813 -35.5883 
200 206.225 208.358 208.796 209.098 210.701 213.035 214.289 213.158 211.43 209.02 208.972 208.684 209.477 210.117 209.262 209.44 208.402 207.429 208.868 209.508 209.083 210.181 211.559 212.479 212.251 213.339 213.358 212.337 211.052 209.83 209.049 208.819 209.502 208.51 205.641 204.012 204.701 203.723 207.272 206.225 203.198 205.267 205.21 203.074 201.561 202.15 201.574 199.681 202.284 201.377 198.09 196.306 195.945 195.903 195.334 191.332 189.618 189.418 188.028 187.064 183.914 181.474 179.168 177.119 174.885 169.966 167.477 164.152 162.681 160.64 159.119 159.569 159.185 158.52 157.808 155.733 154.29 152.676 150.778 149.783 147.991 144.697 141.528 139.939 138.206 137.672 134.718 134.254 133.879 132.477 129.146 126.934 124.907 121.65 118.111 113.311 110.266 108.016 104.942 102.344 97.8905 94.7534 92.7784 89.4766 86.6382 85.0323 81.3432 78.4093 75.0998 73.2538 71.2586 70.4652 69.2782 66.2877 64.56 61.6311 57.8035 53.2915 50.4977 48.0278 46.9053 44.4796 43.0479 39.7381 35.9557 33.7079 31.5777 29.1894 27.2935 22.9636 23.1278 23.9217 24.2027 25.5769 25.6275 24.9243 24.3826 22.8108 20.7983 20.5194 19.2987 17.6269 17.3212 16.2898 14.7689 15.1934 15.1402 16.2126 18.5241 19.7579 20.813 20.7564 20.0036 19.004 17.7097 16.8754 17.0162 16.1925 16.6487 16.8854 15.6755 15.6655 15.2519 14.5932 13.8887 14.0186 14.675 13.9945 15.0175 16.7581 18.7685 19.4132 19.9615 18.2076 16.6401 16.2455 15.8295 15.8527 14.3764 13.0032 11.0514 11.2112 11.0411 10.4233 9.09993 7.32526 5.38151 3.56228 0.0890446 -1.69185 -3.99039 -6.51628 -11.6829 -16.8883 -20.0395 -25.8817 -35.1517 -47.1014 -66.1986 
200 209.599 215.648 217.592 217.751 218.354 218.649 219.346 219.374 220.483 220.21 219.709 218.577 217.935 216.57 217.439 217.365 215.313 214.701 214.331 214.188 213.813 213.483 213.406 211.774 213.372 213.95 214.833 214.895 216.151 217.669 219.279 220.335 220.058 219.94 220.097 223.238 225.038 224.387 225.016 224.778 223.894 224.106 222.381 220.788 218.363 218.133 217.314 218.423 217.575 218.781 214.552 211.917 209.299 210.915 212.788 209.736 206.601 205.057 203.225 201.151 199.8 198.816 196.532 193.38 190.331 190.802 188.395 184.719 180.368 178.705 177.307 173.143 168.444 167.04 165.945 162.605 159.657 157.08 152.683 148.139 146.226 142.583 138.172 133.699 129.908 129.137 127.678 125.196 123.24 121.95 119.372 119.123 117.129 116.507 114.522 112.274 110.249 108.817 106.718 104.956 104.154 101.16 98.6908 97.7344 97.2223 95.0916 93.1763 93.9292 94.4322 93.6127 92.5111 91.9936 92.2377 90.9553 88.996 84.4122 82.0548 79.3047 76.2705 73.2566 69.611 67.862 67.4652 67.517 64.536 62.0468 60.0993 57.2388 55.2126 50.938 47.2806 45.9015 45.7829 46.1008 43.896 41.4141 40.3217 38.2118 35.0727 33.6281 31.4456 29.1598 27.4847 24.8377 21.8589 20.6867 19.5461 16.9595 15.6169 15.8642 16.1203 16.4306 15.6901 13.5256 11.8007 10.7483 8.09789 5.25302 5.33608 5.4547 6.00706 6.19974 6.1502 6.61452 8.46651 8.31619 8.77249 8.06578 7.46683 6.96685 6.03102 6.9135 7.3461 8.81113 11.2197 14.2852 17.8013 19.4261 19.7743 19.2 18.0177 17.1001 14.9699 11.8513 10.5639 9.10127 5.80538 3.14205 0.0659394 -1.25285 -2.56472 -5.85391 -7.64767 -10.1653 -11.6739 -12.4957 -15.9741 -25.2288 -41.7479 
200 210.492 218.857 223.991 225.491 226.003 227.69 228.871 228.434 227.85 228.598 230.618 232.278 232.436 233.106 233.579 235.024 236.98 239.046 242.094 243.163 244.44 242.792 240.43 241.559 242.351 242.697 242.808 242.973 244.79 244.759 242.605 239.935 239.646 238.467 240.688 242.233 242.918 245.404 248.206 249.192 244.802 243.308 241.51 238.763 237.831 235.034 233.736 232.416 229.5 227.706 227.175 225.15 225.018 224.051 223.749 224.493 223.314 222.916 220.806 219.695 217.071 214.869 211.418 209.633 208.772 205.659 204.736 201.402 198.6 198.129 195.844 193.903 191.372 188.136 185.898 183.135 180 177.416 174.002 169.457 165.081 163.69 163.666 160.93 158.192 156.634 154.41 150.409 147.3 144.517 141.215 138.161 132.618 129.424 126.893 124.087 123.093 121.291 119.308 116.484 113.162 109.899 107.642 104.947 102.599 100.454 97.9992 94.5114 91.9617 90.8711 90.1644 86.4841 83.2367 82.4495 82.8795 83.0242 82.9476 82.1548 78.4628 76.3846 73.9325 73.1143 71.8251 68.5654 65.7636 64.6175 64.7522 64.5434 63.983 62.5031 60.6754 59.6632 59.8214 59.5099 59.064 58.8376 59.7419 59.7702 57.6842 57.5356 57.6558 56.9111 56.6811 55.4361 53.8035 52.203 51.0858 49.3867 48.421 47.462 45.0636 40.8914 38.43 37.1094 35.5004 34.1686 32.6682 32.7131 34.169 36.255 38.181 37.378 36.7754 36.0652 36.1775 33.3041 31.6345 29.4256 27.6364 27.3134 26.7494 26.5755 25.4562 23.6315 23.4947 23.9964 22.8489 21.4963 20.5504 19.7393 17.4748 15.2796 13.5509 12.688 9.9707 7.31011 4.81242 2.31869 0.015907 -0.302232 0.959366 1.68812 2.77261 2.8911 1.21719 0.232824 -1.88347 -10.1136 -27.0208 
200 210.438 215.101 217.489 218.356 219.844 221.029 220.415 219.986 220.771 221.363 222.278 221.789 221.022 220.897 221.521 221.71 222.487 221.786 222.505 223.28 222.996 223.39 225.768 226.26 223.713 222.288 220.42 220.412 222.487 222.285 221.945 223.251 223.866 225.284 225.345 224.048 222.032 221.504 220.87 221.931 225.26 226.021 222.815 220.151 220.835 221.526 220.261 221.483 218.214 218.322 216.315 213.267 213.134 211.313 209.775 208.809 207.976 207.3 206.83 205.633 207.612 209.196 208.469 209.899 211.133 211.693 212.42 212.059 207.744 203.925 202.327 197.658 191.926 187.871 187.207 186.577 182.88 178.878 174.393 172.866 172.344 171.196 167.963 166.108 160.887 154.262 150.909 146.559 142.302 139.772 137.293 134.451 132.157 130.743 130.007 128.553 126.695 125.023 123.3 120.256 116.939 115.424 112.889 112.074 109.48 109.674 108.316 108.332 106.913 104.377 101.588 100.952 100.729 101.346 101.932 101.778 100.358 97.5596 94.3558 90.7902 88.2656 84.529 82.5095 80.1266 77.4508 75.457 72.0743 69.989 68.0448 65.5604 61.0297 57.5536 54.5327 51.0155 48.6691 47.6816 47.4264 45.9966 43.7506 41.8822 39.7574 37.0164 33.3674 30.0866 26.1777 24.2252 23.5594 21.8043 20.0218 17.6626 15.1104 12.6037 11.9643 12.1538 10.3352 9.21371 8.86353 10.1883 13.7127 16.8858 17.4998 17.5874 18.8679 21.103 22.6124 23.4052 22.6641 22.6375 22.9679 21.8074 21.0059 20.9183 21.1864 21.6583 20.1018 18.7311 18.652 17.7367 17.3907 16.3794 15.1011 13.6365 12.1651 10.6877 9.40851 6.47457 5.37557 2.21806 -0.0555146 1.05478 1.36511 3.34126 5.82358 8.47145 12.075 14.1153 13.3668 7.06246 -8.00472 
200 206.429 211.325 215.252 216.163 218.229 220.305 221.715 224.194 225.08 224.539 222.49 223.621 224.769 225.501 226.287 226.786 227.673 228.526 228.87 229.256 230.033 231.172 232.151 234.383 234.981 235.818 233.472 233.856 232.694 230.433 230.753 231.137 230.963 229.131 227.447 223.982 223.689 223.243 222.365 222.036 223.866 221.077 219.544 218.353 215.875 212.741 212.167 211.227 209.912 211.927 212.455 212.084 211.568 212.999 209.837 207.541 206.851 204.688 203.529 203.408 203.036 197.86 194.718 193.123 191.736 190.341 191.06 189.831 186.827 183.333 182.759 181.787 180.205 177.572 175.532 174.907 173.623 170.478 166.236 163.081 158.827 157.45 154.203 152.76 150.592 149.94 146.741 142.494 139.579 137.331 135.03 133.14 131.247 126.987 124.001 122.532 121.604 120.592 118.036 114.928 110.923 105.197 100.454 99.9293 97.8199 94.4229 90.2484 86.4119 82.854 80.0667 76.921 73.9071 71.6677 69.6049 68.0758 67.1601 66.0416 64.9227 63.96 62.5469 58.2488 53.9271 50.8302 47.7512 44.4532 42.0367 39.3241 38.0812 38.1546 37.2489 37.2557 37.1415 37.4933 35.8578 35.2352 34.2116 32.424 31.0095 28.9197 28.0167 26.3935 22.8479 20.6027 19.1859 17.6679 16.8545 15.6428 14.0738 13.2081 12.2757 9.36645 5.95311 3.22501 1.17503 0.0534601 -1.77867 -1.31807 -1.3064 -4.05991 -5.92728 -5.30195 -5.40495 -5.32168 -5.98449 -5.44128 -4.86035 -3.594 -1.303 0.177553 0.628264 2.68322 2.45592 1.98359 1.68848 2.34184 2.77569 3.38827 4.47104 4.39726 2.89205 1.6925 2.06774 2.55253 2.28799 1.30308 1.88084 1.38252 0.878241 -0.0296926 0.564159 3.61754 6.24705 8.85009 9.63795 12.2678 12.6038 10.2822 5.39968 -9.44174 
200 207.633 211.48 211.703 212.465 215.318 216.879 218.357 219.492 217.996 216.818 216.047 215.787 217.372 219.03 218.536 217.207 215.329 216.301 214.692 215.053 215.948 217.036 215.656 214.101 213.596 212.918 213.198 212.451 212.207 213.776 213.216 212.461 213.46 214.397 213.705 212.23 210.872 209.268 208.178 209.169 210.24 209.291 208.415 206.68 204.919 203.452 202.58 203.442 203.091 203.981 203.566 202.269 200.42 199.709 195.02 191.096 188.24 186.639 186.888 187.322 189.69 187.798 185.644 185.355 186.048 187.414 186.733 187.828 186.405 183.394 179.952 177.91 175.006 172.726 171.306 166.944 164.696 162.363 159.297 158.339 156.946 154.64 152.312 151.022 145.919 142.595 140.308 135.903 131.47 125.892 121.254 116.98 113.603 111.424 107.694 104.8 102.362 101.11 100.981 98.2445 92.8149 88.0874 86.7104 87.5912 85.9007 84.2714 83.2686 79.9912 75.8028 72.6651 71.5031 69.6347 68.2602 65.0795 63.0019 60.5036 58.7167 56.763 54.0842 50.178 46.0637 43.6734 39.8779 37.8546 37.4948 37.4759 35.3661 33.1906 31.0981 28.59 28.1401 27.6973 27.5822 27.7127 27.2298 27.3801 25.4679 23.503 20.277 17.6804 16.5673 15.2421 15.0965 17.121 17.6342 18.1419 18.377 18.9778 17.5039 15.2759 16.3697 17.3678 18.7702 19.1461 18.5995 18.9902 19.3797 18.2777 17.2439 16.6793 17.1285 15.3335 14.749 15.0608 15.389 15.4603 14.4134 13.1208 11.3016 10.6411 8.63003 8.31593 8.2037 7.40824 6.21364 6.0012 6.83411 7.15784 6.46912 5.75221 7.16254 8.17921 8.15793 6.36909 5.84947 4.9615 3.28273 1.31062 0.0509703 -0.968435 -1.11503 -0.739879 -0.664019 1.28763 3.1732 4.17046 2.272 -4.28933 -18.7191 
200 207.525 210.502 213.398 217.703 219.354 219.796 220.583 219.611 218.409 218.554 219.452 221.495 222.12 222.752 221.52 220.212 217.877 217.212 217.869 221.811 223.268 223.268 222.639 221.681 220.623 220.558 221.768 223.266 224.715 225.516 225.149 227.579 227.086 226.746 228.186 230.255 231.071 233.288 234.25 235.518 237.029 236.558 236.163 240.381 241.789 239.207 237.654 236.838 234.961 235.731 235.038 232.959 230.77 228.549 228.318 228.292 224.645 222.548 222.257 218.286 216.457 213.256 211.383 209.648 207.475 206.052 204.009 200.948 196.946 192.867 187.177 184.466 182.32 179.318 176.298 175.22 169.586 162.518 158.357 158.783 157.782 155.474 152.694 149.729 148.341 146.221 142.715 139.738 135.6 133.018 131.801 127.384 124.291 125.527 121.831 120.296 118.436 114.078 111.236 110.47 110.181 107.242 105.884 102.982 100.803 98.3926 96.8564 95.1994 95.6295 92.8952 90.8149 89.3781 86.1576 83.6261 81.5956 79.9214 79.5515 78.9252 79.3654 79.1203 78.9054 79.8758 77.9686 76.0145 76.44 74.9261 71.6921 68.3549 66.0234 65.1298 62.7974 62.0051 60.4301 58.0175 57.5142 55.724 52.5753 48.3312 46.5003 42.8619 40.6571 37.5768 34.4239 32.2648 29.7378 27.855 26.8193 26.2244 24.4564 22.2783 20.807 18.5462 18.1126 17.493 16.5016 16.0955 16.4065 16.4316 16.6381 15.0595 14.4693 14.5386 14.2626 15.6842 17.8733 19.6336 20.8693 22.3005 22.2549 21.689 20.6541 20.1745 21.2501 20.9602 21.2645 19.72 18.7468 18.5801 19.2943 18.5736 18.581 17.3223 16.9269 15.3801 14.4242 12.6289 8.65163 3.96379 0.075925 -1.44257 -3.80491 -4.76163 -6.41244 -7.50439 -9.30543 -11.7622 -16.9327 -26.8563 -44.8839 
200 209.151 214.524 218.19 220.716 223.915 225.2 224.487 223.592 225.946 226.858 225.936 225.613 225.019 224.401 225.163 225.232 223.799 223.71 226.422 226.973 226.999 228.829 229.293 228.986 228.194 227.311 227.596 225.429 224.839 225.213 225.77 224.656 222.487 219.888 219.51 220.099 218.451 218.156 219.454 218.801 218.055 217.323 216.768 217.614 216.465 216.2 217.038 217.318 217.118 218.545 219.545 218.51 216.461 216.382 213.978 212.082 210.035 209.783 207.808 204.844 202.1 201.169 198.587 194.383 194.772 193.087 191.056 187.188 183.709 180.481 177.841 177.98 175.209 175.816 175.927 174.032 173.19 172.223 168.87 165.302 163.284 160.415 159.905 159.91 157.861 153.978 151.585 148.218 144.793 143.814 141.711 138.325 136.422 133.457 129.305 127.979 126.568 127.38 126.758 123.561 122.158 120.778 121.631 119.493 116.476 115.249 113.064 111.901 110.263 108.785 105.496 101.555 96.4657 93.5026 88.9668 83.9005 81.1382 79.3126 78.6324 78.6335 77.5484 75.3029 74.8404 74.8547 75.8129 75.3353 74.2342 72.2608 69.0093 65.386 61.4128 59.7436 60.7177 58.8874 56.6713 54.0942 50.8419 47.8772 46.2021 44.2597 43.2875 41.4868 39.5084 38.2738 38.4147 38.3812 37.1782 35.3212 34.2997 33.0558 30.9198 28.8117 25.0578 22.4135 20.0583 19.5699 18.3944 16.1406 14.342 13.3864 13.6008 11.6752 10.365 9.45241 7.76506 5.79707 5.05536 5.85224 8.26732 9.58419 9.16573 9.44268 9.62682 11.0804 12.8604 14.1933 15.9012 17.5477 18.1905 18.3421 17.7429 16.8387 16.4427 16.8109 16.0891 13.0804 8.15494 5.22667 0.150597 -2.86134 -3.94696 -3.25252 -3.1537 -3.98254 -3.48669 -3.5388 -6.72164 -14.899 -30.3209 
200 207.163 211.415 215.15 217.996 218.168 218.878 218.645 217.236 215.511 215.685 216.269 215.786 213.752 215.009 216.474 216.12 213.533 210.845 211.734 213.111 213.966 215.533 216.887 219.586 220.95 219.301 217.06 216.469 216.668 219.587 219.45 220.462 221.079 221.086 220.515 222.521 223.794 224.58 224.642 224.075 222.927 221.154 223.804 224.823 225.095 224.741 222.447 223.588 219.603 217.419 215.828 212.918 210.919 211.122 211.452 210.434 209.173 207.471 206.659 204.714 202.35 200.73 196.023 190.667 186.282 185.989 183.801 178.788 175.19 172.372 170.646 170.176 168.024 167.257 166.914 166.386 163.645 162.162 158.735 155.241 152.81 149.358 148.132 146.407 145.201 143.158 140.968 138.552 137.874 136.573 136.595 133.917 130.212 127.044 125.651 123.706 120.116 116.721 114.122 109.905 107.488 103.845 99.2848 94.8238 92.7143 90.4853 86.77 83.9011 82.1852 81.0976 79.7113 78.9771 78.5662 79.0992 79.3786 77.7495 76.5257 74.2856 72.3559 70.6742 69.2189 68.6929 68.2973 67.8148 66.6037 65.4326 63.8839 63.6858 62.8132 60.3258 57.3471 54.627 52.6913 50.3281 47.5773 45.7478 43.9474 42.3148 41.394 39.7302 36.3488 34.4099 31.9126 29.29 27.9925 26.5087 25.0106 24.0402 22.9732 23.1483 23.5184 24.3339 25.0603 25.4052 24.5777 23.019 20.6532 20.0857 18.9338 18.242 15.6242 12.6455 9.25128 8.48212 8.62259 8.11442 6.89847 5.91595 3.66172 2.10211 2.11808 3.23342 1.59495 1.60865 1.95699 1.24565 0.703717 2.11963 2.32597 1.74894 2.32185 2.23858 1.54398 0.610149 1.57928 2.63206 2.82893 1.69227 0.0312674 -0.594081 1.19748 4.66173 8.69557 12.6038 15.5004 18.7315 18.1502 11.5299 -4.68654 
200 208.131 212.646 214.365 215.121 215.356 216.289 217.853 220.216 222.133 223.879 224.069 223.214 222.587 221.704 221.927 219.792 220.102 221.646 219.761 219.497 220.567 221.007 220.392 219.24 218.738 216.958 217.636 217.665 218.904 220.754 220.266 220.547 220.279 220.755 221.113 222.356 222.928 221.746 221.5 221.71 219.867 218.134 216.38 214.801 216.785 218.166 216.575 215.884 216.296 217.491 218.315 219.424 218.849 218.36 216.191 213.163 210.311 209 207.248 207.051 204.907 204.292 203.148 198.001 194.166 192.031 189.851 188.768 185.203 182.04 179.245 176.845 172.639 167.183 164.832 164.019 161.549 158.789 157.344 154.432 152.161 149.022 146.892 143.88 141.729 138.839 136.283 131.875 127.65 122.19 116.963 113.776 113.207 112.261 109.185 107.181 103.295 100.086 96.3189 92.1979 89.2795 85.7542 83.24 81.522 77.8889 74.2848 72.1175 71.2796 69.9999 69.6947 69.9798 69.0497 68.5807 66.719 65.0018 62.0908 60.6669 59.5462 57.6539 57.2612 54.4729 52.215 50.0573 47.3683 46.9656 45.7101 44.5067 43.9072 43.528 40.0158 36.9126 34.5688 31.7286 28.6914 27.8652 26.686 25.746 25.7839 26.5302 27.6722 27.5642 26.0018 25.5981 25.3351 23.733 20.3394 18.2686 16.3971 13.796 10.8764 8.80766 7.85043 6.46007 6.03564 5.75279 5.31443 4.56754 4.50612 4.84473 4.36113 3.649 3.6761 5.04152 5.67364 4.2577 2.45013 2.45286 2.31649 0.86407 0.797128 1.64535 2.68922 5.68531 7.46135 7.83641 8.85225 9.73706 11.3987 11.6024 11.023 10.5888 9.94441 10.347 9.86637 8.70959 7.41669 6.00547 3.13447 0.0242071 -0.459934 -1.23092 -1.77485 -3.29329 -3.3043 -2.38786 -2.96266 -5.81109 -15.3267 -32.5895 
200 209.179 212.398 213.128 214.893 217.636 219.237 217.966 218.412 219.627 218.678 218.806 218.459 220.052 222.549 221.142 221.006 224.034 224.928 225.278 227.598 228.598 228.406 228.47 228.701 227.644 228.137 227.804 226.389 227.99 227.721 227.498 227.19 224.809 224.114 227.454 227.129 225.529 222.445 220.423 221.571 223.002 224.239 225.356 225.136 223.721 221.747 219.477 218.492 218.126 218.873 221.217 224.418 224.843 222.448 222.074 221.952 218.798 218.98 218.964 216.819 217.208 217.708 218.792 218.083 215.41 211.991 209.889 209.814 209.078 210.798 210.89 208.903 205.08 202.153 199.223 196.301 194.488 194.099 192.155 189.846 186.997 182.827 179.287 177.149 172.153 166.836 164.531 163.671 162.745 158.492 155.356 152.617 149.716 146.948 144.224 144.009 141.927 138.365 135.099 132.879 131.006 129.177 126.942 125.425 123.034 120.896 118.621 115.685 113.646 111.626 111.922 108.45 105.859 104.777 104.556 102.761 100.168 97.6526 96.5328 95.917 93.7768 91.4471 89.9553 90.1866 89.8994 89.3227 87.1581 85.8686 85.0074 83.5336 80.4421 78.628 77.4151 74.7668 73.0461 73.374 72.784 71.1758 66.6169 63.9823 62.5259 61.2403 58.396 54.2443 51.3975 49.0396 46.5467 46.8821 46.8554 45.9536 45.0133 43.2716 40.4999 38.7881 35.8809 33.4808 31.7592 30.3153 29.6121 28.876 26.6968 24.885 24.1173 24.4069 24.0005 24.0628 23.715 22.3859 21.0193 19.787 17.2596 17.6266 18.4453 19.413 21.4969 21.9106 22.4132 22.9095 24.358 23.6449 22.2411 20.7077 18.157 14.8285 12.3471 9.40066 6.64711 3.16257 0.109564 -2.08171 -2.65488 -3.55518 -2.89098 -3.92486 -4.05585 -5.58826 -8.01952 -14.5408 -29.5234 
200 207.558 211.487 215.228 217.213 218.515 219.796 220.827 220.258 219.937 219.131 219.194 219.171 220.634 221.15 222.154 223.579 222.056 220.533 220.325 218.872 219.635 219.888 220.61 220.388 219.416 219.23 221.311 222.345 222.633 223.539 223.55 223.455 221.115 220.904 222.876 221.827 217.812 214.626 215.486 218.043 218.28 218.174 218.495 218.273 218.387 220.751 219.519 219.628 220.019 220.397 220.417 221.877 220.563 219.423 219.522 218.306 215.76 213.251 211.254 210.537 208.298 204.322 203.055 202.132 198.545 197.887 195.079 193.166 191.487 188.315 185.582 181.641 176.295 171.761 169.488 164.813 161.024 157.932 155.767 156.08 155.855 154.526 153.45 150.253 146.801 143.756 139.347 136.602 134.345 134.015 132.963 130.86 128.555 128.098 126.74 124.412 122.35 119.126 116.685 114.397 113.269 110.665 108.874 107.377 104.643 102.403 102.264 101.501 99.2526 95.8368 92.6111 89.9506 86.8393 84.1823 82.2193 80.6795 78.8056 76.225 73.7102 72.5316 68.8221 65.4117 63.0682 62.4478 60.6596 57.6918 55.3064 52.8911 51.954 50.8391 49.5013 48.2205 48.712 47.2259 45.9317 44.6903 42.2096 39.0203 36.5025 33.9092 32.5976 31.8899 32.5835 33.0536 32.4005 32.4785 31.5965 29.8235 25.1638 21.3256 20.6242 21.792 20.8991 20.238 19.5506 18.556 16.5532 15.3335 13.6054 12.8783 11.9112 11.5876 11.0502 9.05863 8.10382 8.37642 6.42894 6.03079 6.2706 5.90281 6.76153 8.80111 9.69446 8.29417 7.5018 7.41578 7.75181 10.3993 12.8299 15.0472 15.3758 15.1122 12.2672 11.5728 10.5077 8.06993 5.75374 2.93086 0.0381391 -0.724642 -1.45645 -1.78993 -2.25447 -4.47883 -7.35947 -9.89136 -14.6374 -25.7764 -42.2322 
200 208.819 212.591 214.062 215.993 218.318 219.404 220.353 221.451 223.082 224.672 225.155 226.799 226.483 226.156 225.109 226.202 226.961 227.616 227.269 228.72 228.999 229.209 229.112 227.612 227.426 228.759 228.847 226.119 222.826 223.107 224.873 224.771 225.384 225.002 224.933 223.208 220.526 221.186 221.112 221.364 220.479 222.199 221.782 222.909 223.021 223.174 224.767 226.637 224.428 221.577 220.109 219.187 219.827 223.004 224.515 220.986 217.139 214.037 211.626 208.297 204.273 201.401 199.649 196.734 195.938 192.494 190.961 189.045 186.528 184.365 182.74 180.563 179.567 176.155 174.018 171.752 169.695 167.87 166.977 164.986 163.695 162.075 158.072 158.19 156.187 153.668 151.225 149.97 147.66 145.797 142.557 139.203 134.508 129.368 125.086 121.961 117.909 113.516 107.966 103.8 100.238 95.7244 91.1423 88.1044 86.9569 86.8062 86.5571 85.001 81.502 77.2084 70.6689 66.807 66.247 65.5756 64.5067 61.9719 59.5725 57.832 55.3427 54.0791 51.8326 50.1494 48.4276 46.9738 44.5335 41.5111 40.2985 39.6487 40.2007 39.82 40.8535 42.3388 42.397 41.4491 42.0337 42.7485 42.3586 41.3423 41.1758 40.852 41.8133 41.8203 42.1396 44.0354 45.2932 44.5392 44.7292 43.822 43.334 41.7576 41.7689 40.2945 37.8102 35.7495 34.1695 33.3187 33.1617 32.2537 31.8357 31.2539 31.6912 31.2136 31.7666 30.3479 30.1098 30.6173 29.1501 28.2474 26.8423 26.2654 25.6828 26.457 23.6537 20.3527 18.8759 16.9895 14.8484 12.1139 9.6956 8.65588 9.51644 12.3083 13.6833 14.9697 14.8791 15.0401 11.0214 5.78416 0.109968 -2.08938 -2.66143 -2.56097 -3.16736 -4.48719 -6.87518 -9.3562 -15.0192 -23.247 -39.5778 
200 206.722 211.573 214.738 215.558 215.741 215.748 216.674 218.023 217.832 216.413 215.133 213.198 208.773 205.378 204.352 204.234 200.975 198.945 198.593 195.735 194.838 196.497 197.816 197.109 198.34 197.612 194.797 194.585 194.325 196.377 197.164 195.449 196.69 194.951 196.398 197.299 198.454 202.029 201.72 199.749 201.099 199.837 195.563 192.901 193.751 194.426 196.368 195.357 195.157 195.648 193.66 192.318 191.24 190.939 190.621 192.752 195.027 195.258 192.897 191.237 187.126 186.615 187.55 186.744 185.114 182.975 179.545 178.165 178.074 176.893 175.065 174.345 171.661 168.012 165.661 163.427 161.525 157.492 154.774 152.022 151.502 150.662 150.853 149.893 147.356 144.353 140.984 139.199 137.385 135.585 132.325 128.782 126.493 123.987 120.151 116.247 114.359 112.388 109.541 105.744 102.928 98.3459 93.7998 91.258 89.5603 87.5713 85.3164 83.0328 81.9233 81.6387 78.2416 74.5809 71.5774 67.5559 64.5083 62.3267 61.6937 59.731 57.3866 54.7632 53.0309 53.0302 51.9954 48.5988 46.0113 43.1469 39.1386 35.0144 33.0565 31.0001 28.7769 25.4368 23.6735 23.8831 25.1086 24.8916 22.7458 22.5737 21.1404 19.3753 18.7441 17.7826 17.4183 16.3673 14.8882 12.8863 10.8905 8.8031 7.87605 7.00451 4.89387 2.20028 1.06304 1.51413 3.90813 4.7344 4.00594 4.7202 4.67309 3.74059 2.25691 1.83075 1.91304 1.64736 -0.377234 -1.13908 -1.61941 -0.726561 -0.633187 0.102547 0.217169 -0.435493 -1.31304 -1.74368 -1.13713 -0.269027 0.482704 -0.115576 -1.3537 -2.31534 -1.57283 -0.847111 0.604971 3.90975 5.52732 4.50531 3.9333 1.98986 0.0934415 -1.77539 -4.30656 -5.35666 -6.83047 -6.01686 -4.71721 -5.49834 -7.41462 -15.1135 -31.4272 
200 207.581 210.858 210.352 210.343 210.929 210.865 211.927 213.173 214.653 216.359 216.373 215.777 216.787 219.708 221.652 221.965 222.055 223.719 223.779 222.692 221.791 219.667 218.406 217.455 216.386 217.213 219.304 219.652 221.118 221.346 222.185 223.886 221.133 220.338 222.469 224.412 225.061 225.64 224.899 224.109 223.142 221.736 219.911 220.404 219.48 215.278 214.944 213.721 209.993 205.017 204.337 201.319 199.517 196.417 193.181 190.328 188.279 190.104 188.314 186.925 186.368 184.216 182.741 179.592 175.951 174.405 171.578 167.968 164.767 162.85 161.285 161.27 158.982 158.643 155.14 152.294 149.893 147.498 145.498 141.837 141.088 137.208 134.844 134.071 131.139 125.985 120.306 115.655 110.717 107.599 105.21 102.886 102.119 100.125 99.1558 97.9091 93.073 89.7166 86.5733 86.4413 83.9387 80.6174 78.351 75.0133 71.7994 67.2814 65.8122 65.9311 63.6938 61.0817 59.3376 58.0581 55.5356 53.4383 52.2533 50.2733 47.1782 45.2661 43.4883 44.3511 43.6608 41.569 40.9334 40.6726 38.4181 37.1377 35.6156 34.3907 34.1722 33.4335 32.5516 31.4406 30.4319 28.9602 28.9737 28.1667 28.6394 29.3474 28.1425 26.828 26.0582 23.0644 21.2666 20.5405 20.4739 19.8211 19.6026 21.7707 21.3673 20.7679 19.4154 17.6748 16.5903 16.2203 16.4397 15.9183 15.9039 14.8936 14.6504 12.8471 10.0335 8.43082 6.7559 6.75179 5.8931 5.36134 5.02152 4.41569 5.11934 5.18855 4.2331 2.82113 2.09625 2.49388 2.15267 1.84093 0.0591371 -0.819472 -0.934728 -2.00339 -4.61722 -5.87048 -5.37493 -3.88469 -2.771 -2.66295 -1.6797 -0.380661 -0.0592458 1.12567 -0.199942 -1.65519 -2.91196 -2.76352 -4.81633 -7.35181 -12.0235 -19.9185 -36.4538 
200 208.548 214.236 218.3 221.549 223.303 224.371 226.411 226.999 228.244 227.064 227.96 228.474 229.083 229.495 228.94 228.355 227.655 227.273 226.977 226.888 226.652 227.576 227.122 226.387 226.009 228.357 230.65 234.697 239.106 239.239 239.713 239.903 239.588 240.364 241.871 243.047 242.854 244.478 246.959 247.545 248.151 246.028 245.243 243.174 239.539 239.537 237.892 236.671 238.527 237.124 235.759 237.531 238.435 239.292 239.208 239.733 238.705 240.459 242.353 241.927 239.775 235.732 231.481 228.464 227.145 225.889 223.597 219.433 216.433 215.493 213.865 208.505 205.498 202.564 199.172 194.352 189.783 186.689 181.966 180.115 176.084 171.99 168.564 165.828 162.508 157.275 154.185 150.656 148.783 144.861 141.905 138.789 138.585 137.89 133.458 131.205 129.94 129.5 127.1 123.302 121.54 120.208 118.105 116.093 112.621 111.612 110.23 106.926 105.06 103.679 102.244 98.899 98.623 96.2952 93.2972 90.4881 89.4767 89.5766 89.0051 87.3913 85.157 84.8909 84.0107 81.8599 80.7328 78.6845 77.4236 76.1206 75.3614 73.8223 71.2567 69.8855 67.0474 62.6615 58.1934 52.9678 49.3027 48.313 47.9797 45.3569 42.2032 39.6747 36.0315 34.7055 34.6373 33.1002 31.988 31.2093 30.1575 28.3189 29.1046 29.1914 28.9544 29.165 28.5771 28.1866 26.8215 25.2415 25.0029 25.2562 23.5408 22.5442 22.631 21.4348 19.8467 18.6549 18.8201 20.2138 18.4572 18.3365 18.5895 17.8068 18.3393 18.144 16.1607 13.8242 11.7262 10.6993 11.5531 10.847 10.3362 9.79065 9.13382 7.3755 6.56788 4.82953 2.82825 0.275698 -0.0321318 0.610504 1.32637 2.9092 4.53773 5.43028 4.9132 4.79697 1.58052 -6.12887 -21.2388 
200 208.54 214.901 218.472 221.076 223.529 225.034 224.452 223.388 220.91 221.197 221.537 221.974 223.377 221.355 218.883 218.716 218.873 220.623 220.693 220.645 220.338 218.695 217.113 216.152 215.435 214.47 211.825 211.108 211.697 209.704 210.4 209.582 206.566 206.849 208.946 207.777 205.021 206.541 207.179 205.437 204.573 203.049 201.515 199.975 197.357 196.157 194.764 192.52 192.893 190.8 187.167 187.138 184.687 186.172 186.858 183.996 182.18 180.984 182.795 182.077 176.64 173.157 169.926 168.719 167.857 168.709 165.798 166.787 162.958 159.475 157.028 154.68 152.849 149.226 147.145 146.308 144.608 141.636 138.167 137.494 135.51 135.389 134.862 133.406 130.477 128.664 128.437 126.849 124.253 122.036 120.328 116.088 112.161 110.179 109.127 108.943 107.157 103.891 100.964 97.2056 94.7062 92.451 88.8104 86.6482 85.7826 83.6739 80.3187 78.786 77.8689 75.1438 72.9646 71.2712 69.25 66.9619 64.983 63.1453 60.4231 59.1858 57.6614 56.958 55.8395 54.3948 52.4869 49.2383 46.9796 45.4892 44.2402 45.1243 45.5339 46.6212 46.2425 45.2226 45.0902 42.8632 41.5159 41.6331 40.5711 39.4903 38.0571 36.9967 35.4284 34.6914 35.4226 35.6779 35.7811 36.135 35.5947 33.639 31.1689 29.0797 27.7201 27.9242 29.491 31.5061 30.6853 27.6863 25.5765 25.0662 25.1031 24.7333 23.4002 21.8786 21.1462 21.2524 20.6979 19.7256 18.1729 15.3759 14.0323 13.1334 12.8209 12.2046 11.7558 12.7419 13.711 14.844 13.7187 11.9069 11.8754 12.0706 11.7104 10.8262 9.12505 6.10954 4.42382 3.22208 2.09187 0.503936 0.0293124 -0.556936 -0.20448 0.417702 0.718421 0.891884 0.201719 -1.47277 -5.70848 -16.329 -33.843 
200 208.031 211.793 213.098 212.598 213.449 214.215 216.771 216.122 214.721 213.018 214.623 217.17 216.727 216.367 216.588 218.702 218.362 219.509 219.384 219.84 219.972 219.215 219.654 220.422 221.703 221.745 220.911 222.078 219.621 218.438 216.096 215.445 216.454 216.353 216.661 216.239 215.381 217.864 218.788 219.31 216.123 216.369 219.672 221.96 219.095 215.44 215.289 213.911 212.875 212.748 212.601 213.064 213.648 212.894 211.181 209.628 209.364 209.624 206.899 206.376 204.639 200.454 198.079 196.475 195.435 194.344 190.673 185.273 183.482 180.394 174.81 171.209 169.29 166.187 162.904 162.218 163.202 161.171 159.018 155.018 152.718 150.304 148.73 146.968 143.657 139.641 136.893 138.269 135.86 133.186 129.965 125.61 123.632 120.928 117.793 115.224 112.855 112.321 111.611 109.556 108.085 105.521 103.257 100.494 97.794 95.6634 96.4858 97.7548 98.1533 97.4695 95.8396 94.9732 91.5517 88.3417 83.7047 81.3528 80.5437 78.1992 73.7722 70.7035 68.375 64.857 62.7119 62.1534 59.3177 58.3833 57.4685 55.8691 55.1256 55.4801 54.5486 53.8931 52.7516 50.7031 49.5029 48.6108 45.7551 43.406 41.7699 41.4748 41.09 39.2064 37.4252 36.2109 37.451 38.3308 36.6223 33.9707 33.1395 31.4043 29.886 27.2124 25.034 22.747 20.8468 20.8623 21.0989 21.5159 19.6241 18.6154 17.1378 15.7003 14.6216 14.6957 13.1212 10.8213 9.4771 10.5833 12.4457 12.358 12.3306 12.4063 13.1366 14.6521 16.0815 16.2647 17.0202 16.6822 16.785 17.7567 17.6603 15.6159 13.0406 12.3909 10.6101 8.64019 5.99581 3.11083 0.0930946 -1.7688 -1.40214 -3.15279 -5.46742 -5.92746 -7.12897 -9.13451 -13.9392 -25.9134 -46.9425 
200 207.775 210.245 210.788 214.04 214.901 215.341 216.125 216.314 216.279 218.51 218.727 219.638 218.943 218.758 220.07 220.319 221.613 223.263 223.471 224.458 227.843 229.406 231.012 232.317 233.468 234.507 235.659 236.747 236.27 234.608 233.232 233.57 235.032 234.832 235.704 234.078 231.198 228.88 228.36 230.472 230.406 230.473 234.081 235.138 234.324 230.906 232.007 230.658 227.372 225.14 221.227 218.631 216.734 213.679 213.012 212.746 213.323 213.473 211.883 209.59 208.637 207.626 203.84 200.677 198.359 195.819 192.88 190.334 188.668 186.486 186.35 181.569 176.862 177.254 177.201 176.491 174.748 172.092 169.848 166.719 164.193 161.508 160.725 159.995 158.265 158.054 154.384 152.519 148.124 144.219 141.675 137.688 132.689 126.55 123.484 120.63 116.762 115.86 114.347 112.507 110.044 109.098 107.701 106.754 104.723 101.908 100.815 97.9535 96.7719 95.4466 93.3016 91.6226 88.0016 85.5694 83.8544 81.3168 78.5739 75.5945 72.5655 70.4672 68.4371 68.0973 66.2471 65.6962 66.7335 67.9754 69.3837 68.577 66.6888 64.7777 61.5626 59.6558 59.3594 58.7716 57.6452 55.0551 51.8736 49.8582 48.4233 45.5766 43.6896 44.8154 43.6823 41.6547 40.6499 42.1958 42.1383 43.1354 44.5571 43.9196 42.8271 42.2896 41.4756 40.1057 39.1427 37.8017 36.392 34.3954 31.335 28.8527 26.7253 24.2102 23.8837 23.0677 21.4353 18.9856 15.4412 13.9962 13.0379 10.2133 8.46457 9.02628 9.29943 10.0908 11.3656 12.3357 13.2234 14.6409 14.1369 12.9377 11.9406 11.1029 10.9489 9.92689 9.70262 7.01993 3.63592 1.90878 -0.123945 2.35496 1.969 1.70032 2.17788 1.19466 1.98493 1.54468 -2.55408 -11.2844 -28.4467 
200 207.419 213.091 217.048 218.428 218.323 219.269 219.816 219.564 220.291 220.175 221.185 221.246 220.73 220.179 220.373 220.95 221.014 221.25 220.159 218.543 218.544 220.374 221.846 221.673 220.555 221.566 221.221 221.77 223.639 223.47 224.344 223.958 225.997 226.087 224.449 224.843 225.451 224.798 226.739 227.165 226.616 225.535 224.22 225.805 225.22 225.782 228.2 227.843 227.167 225.755 225.694 227.084 225.812 223.556 220.371 215.631 215.897 214.28 211.822 212.941 210.189 211.886 209.395 205.094 201.755 197.13 193.609 189.698 189.036 189.558 188.206 186.943 182.788 178.646 177.153 172.884 170.173 167.53 166.088 165.478 163.061 159.738 158.3 154.94 149.468 145.313 141.604 137.929 133.707 131.312 128.628 126.58 124.821 122.569 121.225 118.465 115.735 112.867 109.254 107.206 102.305 98.738 97.0376 95.7195 92.9884 91.334 88.5053 85.2367 82.4615 79.2101 72.9595 68.591 65.0665 62.5878 59.7843 55.8406 53.6229 51.5689 47.5342 43.8712 40.7478 38.7917 34.941 32.6189 30.4985 27.8136 25.2975 23.7288 22.5252 22.8101 21.7464 20.338 20.02 18.938 16.5127 14.3178 13.7001 14.297 14.1346 10.0721 5.93585 3.91884 3.10826 2.38374 1.84089 1.5148 -0.469138 -1.6991 -1.86133 -0.836895 0.644267 1.30373 1.15984 0.117494 -0.471926 0.356728 1.41706 2.35406 2.96532 3.63112 4.59035 4.85192 4.90814 5.5636 5.304 7.92995 10.0772 9.46796 7.96946 7.56684 7.7723 8.26146 7.55345 4.84822 2.89574 4.97041 7.71026 10.8173 13.2877 13.5767 11.9573 11.2489 9.29401 8.9388 6.77279 4.63716 2.07274 0.23568 -0.06152 1.16888 4.24406 6.31704 7.8643 10.1628 11.6237 11.1423 6.226 -2.36671 -18.2067 
200 208.355 212.337 215.032 215.005 217.053 219.266 221.419 222.965 224.257 224.135 223.362 222.48 222.966 223.157 222.843 221.958 222.768 225.406 228.793 229.301 228.001 225.97 225.065 224.013 224.32 224.628 223.068 224.692 226.567 226.868 227.992 227.318 226.038 225.63 224.397 222.557 223.321 223.25 223.849 224.255 221.184 219.307 217.486 214.596 213.945 211.452 209.658 208.564 207.314 206.659 203.929 202.359 203.24 201.469 198.625 197.275 194.167 193.619 191.291 187.439 187.675 187.441 185.018 184.093 182.746 180.263 179.436 176.802 177.464 177.581 179.569 178.187 175.911 170.725 166.357 162.142 159.615 156.53 154.513 154.062 152.788 152.266 149.969 146.724 143.889 140.506 138.535 137.347 136.766 133.248 130.47 128.66 126.616 124.022 121.691 119.471 117.709 116.087 114.647 112.32 108.816 106.423 104.005 99.4124 94.2913 91.3849 91.215 87.7402 83.6336 79.0772 75.6156 72.048 68.2542 66.6141 65.9543 66.1254 67.1747 67.0919 65.1416 64.1508 63.2381 62.5556 61.9731 61.2102 58.3826 54.4226 50.2247 49.1995 48.6471 48.2841 47.4507 44.4704 40.0278 37.3647 34.0761 31.4123 28.8524 26.4653 24.1406 22.5628 19.963 18.1923 15.5669 13.2647 10.6913 9.75679 9.28619 9.41005 8.85666 9.9212 11.5435 12.8069 14.5976 14.6889 12.3555 8.81806 6.23055 3.72207 1.98777 0.328362 -0.254743 -0.225696 -1.24211 -0.38328 0.138101 -0.000975211 0.939125 1.45705 1.25787 3.24399 4.32688 4.26655 3.60583 2.0403 0.837492 -1.16555 -2.67875 -2.39502 -2.75116 -1.97792 -1.53929 -1.59791 -1.31474 -1.15369 -1.29938 -0.293393 0.843918 0.367307 -0.0538027 1.02225 3.07306 6.18682 9.88552 11.652 13.2705 12.7253 9.81003 0.935344 -15.1799 
200 208.523 213.903 215.365 216.114 216.871 219.497 220.723 221.264 222.565 223.202 222.159 220.993 222.341 225.143 226.686 224.601 223.313 223.587 223.205 222.665 221.99 221.544 222.709 221.45 218.979 220.795 221.586 221.22 221.033 221.709 222.489 223.166 225.086 226.868 225.863 222.465 222.386 223.448 223.046 220.228 220.448 222.196 220.202 218.664 219.466 218.818 218.058 216.056 213.407 212.238 209.138 205.346 200.698 198.665 195.665 195.103 191.748 190.01 188.253 187.951 185.193 183.71 183.061 181.129 180.006 177.704 175.487 175.68 174.969 173.234 171.596 170.834 167.216 160.685 154.965 150.411 147.981 148.81 147.601 144.138 142.188 138.148 136.28 135.477 132.191 130.749 131.668 130.506 127.006 122.899 118.68 113.812 111.499 109.785 109.884 108.596 106.404 103.421 99.0725 96.893 94.4203 91.9389 90.2148 87.6323 84.4556 80.4044 78.3828 77.48 75.8374 76.0549 75.6587 74.531 71.9432 67.7197 65.6234 65.5985 65.8819 64.1367 63.7879 62.5532 61.4155 59.6892 57.586 57.4794 58.7517 59.1393 57.9817 54.54 51.9017 49.3803 48.5502 47.7342 46.368 45.5511 45.087 42.4219 40.1768 38.6015 36.8712 36.0625 34.4036 31.935 31.4399 29.8941 27.7402 24.6426 21.3263 19.2732 16.0276 13.2415 10.5907 9.76763 8.63896 7.34204 7.53518 8.15178 9.13959 7.97924 5.2705 4.22436 4.55004 4.81348 5.74683 6.74551 8.78963 8.81256 8.06872 7.39467 5.69727 4.96188 4.37613 3.75833 3.82355 2.30333 0.0704903 -0.341213 -1.29573 -2.32109 -3.13574 -3.66045 -1.74798 -0.0649838 1.0719 3.66588 5.90062 7.13901 6.17556 3.07995 -0.069311 1.31691 4.10889 5.35608 7.2918 7.67044 8.55901 10.7189 9.70459 2.69487 -13.1692 
200 208.488 212.996 215.552 219.186 221.066 220.282 219.591 220.808 221.749 219.775 219.17 220.419 221.687 221.763 221.3 221.434 223.281 224.883 223.993 220.404 218.946 218.852 220.523 219.069 219.591 219.377 221.195 220.084 222.391 224.388 224.669 221.357 222.355 225.771 224.487 221.605 221.535 222.59 222.435 221.705 222.558 223.014 222.561 221.651 222.253 222.927 221.733 221.061 221.091 219.678 218.758 214.378 213.489 214.569 215.692 212.622 210.679 209.78 206.291 203.937 201.428 196.919 194.723 192.819 190.375 187.117 184.924 183.093 179.883 178.847 172.907 170.078 166.63 161.627 158.957 156.399 153.92 152.701 152.114 148.914 146.528 143.577 142.11 142.917 142.095 142.142 141.478 138.346 134.715 130.615 128.353 127.1 126.075 123.91 122.923 122.364 121.128 118.135 115.175 111.813 108.337 106.782 104.824 101.493 98.9709 96.251 93.3978 91.1863 88.4099 86.5612 81.7264 77.9962 74.8856 71.9583 68.6814 65.5239 63.1874 61.6011 60.6362 60.5879 58.9884 58.2132 56.876 58.008 58.2617 55.701 55.3075 56.61 57.0769 57.6658 55.2346 52.4439 52.3435 53.4687 55.1483 54.4777 52.3711 50.5338 47.3381 45.6203 46.7172 46.2055 45.8682 46.0546 46.03 46.0488 44.2149 42.0671 40.9764 39.1469 37.5702 36.2959 34.6426 33.594 33.0873 33.4373 35.3626 37.5897 38.695 37.2548 34.0656 30.0922 29.5739 29.037 26.0943 22.3846 20.0732 18.616 17.5933 15.6713 15.8089 15.6252 14.9498 13.5407 14.6544 15.3 13.6473 12.1279 11.8187 11.3135 10.5939 10.5286 9.46187 8.7163 7.07502 4.63894 3.42709 1.9949 -0.00355051 0.0674596 1.25866 2.82542 3.55107 4.29585 5.30627 3.98126 0.601165 -7.11026 -22.3001 
200 207.048 211.61 216.258 218.54 219.103 220.942 220.857 219.231 218.587 219.793 222.683 223.049 224.053 223.938 224.494 225.996 226.462 226.615 226.862 227.909 228.726 228.943 230.65 230.254 229.45 232.631 234.35 237.099 240.237 242.176 239.741 236.68 236.969 237.138 236.061 235.667 232.73 230.463 230.325 229.91 229.618 230.816 233.456 233.267 232.601 232.347 230.439 232.709 232.11 231.192 230.523 229.236 226.632 225.441 223.583 222.153 222.431 221.155 219.868 217.128 216.036 216.035 217.869 215.624 212.673 209.181 204.784 201.304 199.56 198.194 200.096 199.728 196.031 192.87 188.945 187.422 182.828 180.929 178.642 178.442 178.593 177.395 177.173 177.502 173.684 171.416 169.6 168.617 165.682 162.786 158.589 153.007 148.014 143.625 141.326 139.267 137.932 136.244 133.251 131.235 129.543 126.553 122.386 119.211 117.256 116.115 116.667 116.899 115.681 114.341 112.521 109.746 106.875 103.029 99.8264 98.0754 96.3526 92.0557 88.3398 87.0093 86.0589 84.1378 83.6234 81.2805 79.5647 77.2525 75.2717 73.5885 71.5362 69.8611 68.6523 65.2497 63.1471 60.8077 58.5002 54.8 51.3803 50.225 50.5282 50.1442 49.5489 47.7794 45.8779 44.9357 42.8437 42.4011 42.703 42.7963 43.1534 42.0361 39.7049 38.7969 38.8082 37.6876 35.8601 36.1774 36.2653 35.6837 35.5296 36.4012 36.0841 33.4226 32.4414 31.8689 32.2912 33.3223 36.6261 37.918 36.3677 33.7571 33.4064 31.2718 27.8047 27.3942 28.2126 25.9377 25.24 25.386 26.3915 24.606 22.5609 21.2473 19.5495 16.4794 14.3533 12.8638 9.0154 5.26468 0.0270986 -0.514874 0.0959895 0.878175 2.38019 3.22291 3.27233 3.95538 2.8485 -5.24991 -22.1315 
200 209.695 216.696 219.084 219.689 220.26 222.087 222.603 222.423 222.137 224.111 223.573 223.784 224.085 223.921 223.152 223.048 224.208 224.539 224.264 226.858 229.32 229.181 227.886 226.496 226.808 228.649 227.938 228.134 230.103 227.622 224.651 224 224.41 226.129 225.73 222.844 219.634 219.57 218.786 217.451 218.255 217.466 216.201 214.647 214.786 215.489 214.19 215.343 215.607 214.229 213.352 210.365 206.679 204.203 205.397 206.909 210.059 210.332 209.903 208.211 204.833 203.977 202.472 199.669 196.106 192.13 188.693 184.583 182.08 180.916 181.382 182.038 181.693 176.121 169.804 165.908 163.498 160.689 156.614 154.637 151.422 149.947 149.343 148.75 148.075 146.155 141.697 139.244 137.826 136.629 134.506 134.073 133.828 132.247 130.997 128.371 125.497 122.193 118.786 116.728 115.524 113.721 111.194 107.76 105.786 102.831 100.555 98.1632 95.9464 93.78 92.3966 91.3875 89.6685 87.5998 84.9196 81.6521 79.6077 77.0442 77.2487 77.2733 75.4553 72.2654 69.9287 68.4163 65.7715 63.0226 60.1156 59.6935 57.8386 54.4519 52.6908 51.9753 51.0841 49.9596 49.4955 48.0999 45.5363 43.0202 41.393 40.3527 39.7374 38.5116 36.7222 37.2951 37.2274 35.6762 34.7921 33.305 32.1035 29.8776 28.3186 26.5719 24.1273 21.0629 18.3285 17.0742 14.5528 14.22 13.9255 14.6524 17.3748 18.8627 21.2306 22.2031 20.9644 20.671 20.4444 19.6973 17.689 18.5314 19.744 20.7449 20.5598 19.2808 19.0063 18.2733 17.8674 17.4885 17.2666 15.8908 16.0374 16.0254 16.8375 14.7694 11.393 8.94185 6.47523 2.79099 0.0212955 -0.404614 -0.372121 0.0873595 -0.846538 -0.198585 1.61244 1.68603 -2.57121 -10.0524 -25.8131 
200 209.382 215.24 217.899 218.581 219.243 220.622 221.063 221.328 223.855 226.31 227.277 229.95 231.439 231.081 232.374 235.983 236.984 238.189 240.982 242.541 240.976 239.831 239.428 237.546 237.24 239.013 236.73 236.232 236.118 235.684 234.782 234.875 236.228 236.624 237.01 238.363 241.342 241.817 241.172 240.519 244.086 245.836 245.362 245.807 245.44 242.475 240.826 239.215 237.657 237.523 235.783 231.312 228.031 229.189 229.034 228.316 228.045 228.569 226.187 221.519 217.717 214.125 210.969 208.176 205.351 204.014 200.442 196.015 192.919 190.567 187.682 186.389 186.248 184.334 181.216 178.784 176.972 174.557 172.5 171.156 171.59 170.112 168.786 165.956 163.359 159.447 155.736 153.08 149.873 148.524 146.714 144.862 141.347 139.763 139.231 138.253 136.17 132.242 129.614 125.566 125.139 123.153 121.213 119.43 118.123 114.306 112.994 112.831 111.286 109.941 109.068 107.394 106.411 106.689 105.472 102.427 98.6159 96.5395 95.1587 91.6248 87.3345 86.4578 84.4463 79.5082 75.8586 73.5312 71.4253 69.1513 70.1075 69.5728 67.4276 64.9089 63.222 62.3181 60.6279 59.4223 59.1769 58.6407 57.2592 56.6126 54.3213 52.1772 50.1593 48.5022 49.5698 49.8049 49.7968 49.6225 48.0149 45.6476 43.5538 41.3968 38.6043 37.1006 35.1242 33.1411 30.8365 27.5707 25.7439 24.1434 23.786 22.1427 21.7896 22.5489 24.0163 24.7151 25.9631 24.9557 24.5419 22.5658 21.3065 21.2608 21.7929 21.3371 19.8579 18.2527 18.2074 19.5669 20.5343 19.857 18.1979 16.2821 14.448 13.3134 11.4529 8.8407 7.61187 4.05466 0.0518156 -0.984497 -2.17043 -3.60265 -5.07784 -4.86911 -3.98029 -2.71277 -4.57038 -12.5182 -27.5934 
200 208.586 211.971 213.159 213.569 214.754 214.526 215.75 216.184 214.97 214.681 215.966 217.218 217.251 216.532 217.268 216.082 216.3 217.048 218.244 217.668 216.881 215.886 217.26 218.109 217.262 217.475 216.562 216.947 215.19 213.834 211.827 212.639 210.652 208.953 209.885 208.889 209.598 211.155 209.305 208.365 209.056 206.665 206.567 206.46 203.896 203.242 200.6 200.19 198.262 197.916 198.532 197.911 198.584 196.385 192.373 193.034 193.667 192.244 189.32 187.508 187.407 187.832 186.387 182.97 182.464 179.22 174.85 171.572 170.339 169.398 167.018 163.864 164.428 162.626 163.143 161.578 161.828 161.205 159.732 156.374 153.565 153.05 153.577 151.12 150.245 148.038 144.225 139.96 135.45 134.058 131.521 129.896 128.907 127.032 125.532 123.273 121.712 119.152 117.072 116.567 113.991 110.733 109.085 107.165 104.375 101.61 100.543 98.6865 97.7686 96.7188 96.194 95.5595 96.0606 96.0471 93.3846 91.3893 90.3567 88.0496 85.0473 82.8295 80.6035 78.228 75.0761 71.6412 68.8176 65.9626 63.7219 63.1994 60.2315 57.2457 55.6916 56.9368 57.2957 55.3297 52.1006 49.8258 48.3221 48.7227 49.0137 47.6729 47.6765 44.587 42.8621 40.2202 39.1236 38.0413 36.454 36.3204 36.718 36.0301 35.2526 35.2554 34.0374 32.8043 31.6742 31.2872 29.3158 29.393 29.0762 28.4928 26.6754 25.7531 25.8037 26.9333 27.8493 27.8486 29.2651 30.9936 31.658 31.7856 29.2878 28.1786 26.5405 26.5955 25.4173 23.4438 20.9497 19.046 17.281 15.2398 15.3465 15.2683 14.1223 12.7981 11.4522 9.74067 7.3777 4.57707 0.0908509 -1.72617 -2.82571 -5.33793 -6.9471 -8.26754 -10.4962 -15.9113 -21.6569 -30.1166 -43.6781 
200 206.037 208.814 209.899 213.066 216.727 218.357 219.479 219.287 218.526 220.491 221.919 221.142 221.297 220.606 220.215 221.492 223.336 223.23 224.207 224.938 224.836 224.517 223.825 222.976 222.906 221.577 226.039 226.749 224.601 220.724 220.531 220.839 219.88 218.127 216.732 215.667 216.059 214.922 212.427 210.574 210.987 210.882 212.516 213.671 214.862 215.084 213.346 213.179 212.966 211.514 210.202 208.934 207.693 204.249 202.414 202.758 203.99 203.251 199.92 197.805 197.275 196.566 193.9 192.763 190.973 189.943 188.841 187.459 186.007 183.156 177.004 174.624 173.267 170.818 168.05 165.059 163.178 160.07 159.247 157.448 155.221 151.97 149.304 148.281 147.139 145.081 145.451 143.375 138.377 134.523 130.046 126.578 122.749 119.172 118.143 115.007 112.869 111.933 108.511 103.246 100.016 97.7911 96.5706 92.3795 88.2538 86.0754 84.4793 81.6464 79.0131 77.5084 77.3362 76.4319 76.5067 75.1566 73.6577 71.6502 69.8565 69.2164 67.1362 64.1474 61.8024 61.0226 59.4574 57.7535 55.9596 55.1157 55.7323 57.1285 57.6868 57.0045 56.2526 53.9791 52.1511 51.1159 49.7011 46.4764 43.5335 39.726 35.7731 33.2931 31.0232 27.4937 23.403 20.4091 18.0664 16.7846 15.7131 15.4876 15.5796 16.1976 16.3665 17.5688 19.1423 17.7687 17.849 16.4105 14.0092 12.191 10.9792 10.9284 11.4788 11.2815 12.5465 11.9086 10.7943 9.05276 8.86689 11.2021 13.8268 14.8853 14.9741 14.7727 14.7374 14.8026 14.9618 14.92 15.697 15.4513 14.4531 13.8114 13.7744 13.3012 11.56 10.3738 10.7213 9.45279 6.49848 3.23367 0.0296365 -0.563093 -1.10631 0.273748 1.38443 2.21019 2.76231 0.975028 -3.69429 -12.0064 -27.6193 
200 207.198 211.225 213.369 213.676 213.822 214.287 214.008 213.728 212.604 213.518 212.944 214.204 215.453 217.269 219.055 220.556 220.717 220.011 221.769 221.118 220.78 221.097 221.366 220.689 218.525 217.555 217.848 217.159 219.205 222.615 225.287 226.323 227.651 224.784 222.983 222.935 225.569 228.783 231.54 231.978 231.612 232.115 233.171 234.773 235.326 233.995 234.059 237.088 237.469 233.125 234.21 236.442 236.844 237.243 236.216 236.673 234.454 231.244 229.949 227.02 223.662 220.058 218.859 218.631 217.866 218.195 218.739 215.349 212.501 210.792 212.283 212.035 208.19 205.986 201.668 196.88 191.158 187.425 182.934 180.657 176.698 174.277 170.924 167.178 164.735 160.85 157.824 157.534 160.564 161.151 157.916 154.266 150.665 148.199 147.462 145.258 143.803 141.766 140.399 139.509 138.698 135.112 133.926 133.447 132.333 131.372 130.675 128.28 126.053 122.088 119.758 119.035 118.646 116.84 113.854 111.913 111.737 110.748 108.318 105.15 104.385 102.21 99.5587 99.2662 99.0502 98.4751 97.732 96.027 94.9768 93.6444 91.9674 89.5514 88.5206 86.9502 84.8484 82.5913 80.527 78.4831 76.1769 75.4365 73.4781 71.4459 68.6025 67.2761 67.745 66.5398 64.9801 63.3494 62.0212 60.8929 60.6049 60.8935 59.9081 57.9868 54.1753 50.9961 47.3673 46.0108 44.0055 41.9708 40.3463 36.4384 32.5421 28.9644 25.6825 22.7283 20.4206 19.2581 18.5366 17.9513 18.0581 19.1446 22.545 23.2156 22.7595 20.6096 18.0631 15.5363 13.0237 10.7232 9.86102 10.5484 11.8412 11.4157 9.30088 7.90119 6.79655 3.94726 0.0352499 -0.669749 -1.26573 -2.19088 -1.53737 -1.72499 -3.28392 -5.58095 -10.643 -19.0553 -36.3718 
200 207.887 210.948 214.553 215.577 214.669 214.416 213.522 211.997 214.886 216.427 215.313 215.138 217.345 216.876 216.109 213.601 213.134 214.812 217.296 216.917 217.72 215.945 212.088 210.715 210.403 209.653 209.449 209.296 209.729 210.2 211.628 212.934 213.539 212.413 213.712 215.359 216.782 217.237 218.08 219.189 217.664 216.777 214.726 215.906 219.432 221.218 221.752 223.477 223.893 221.852 221.278 219.365 216.578 215.186 214.132 212.537 210.903 207.199 205.512 205.754 204.859 203.285 202.162 200.745 198.827 196.56 193.717 191.154 187.94 183.77 180.047 178.946 177.089 175.609 173.557 172.764 170.724 166.073 163.395 159.274 157.056 156.164 153.616 151.269 147.673 142.761 140.033 137.538 133.514 131.646 131.543 130.433 127.919 124.447 121.791 119.167 118.014 114.985 112.643 110.999 108.502 105.891 104.378 102.185 100.829 99.681 96.9085 95.1113 91.8604 86.5174 81.0724 78.2854 76.413 74.7837 70.2675 66.4487 64.4649 61.676 57.9178 56.3942 57.2613 56.8979 56.029 54.4213 50.2932 44.7693 40.2841 38.0419 35.9135 33.5968 28.9126 26.0714 24.7931 21.97 18.9069 17.2834 16.9914 17.6067 17.4321 16.8269 14.0502 11.9707 10.7169 10.411 10.9285 10.0572 9.96835 8.03746 7.32699 7.59005 7.71171 8.05869 6.92475 6.08411 8.31361 9.95515 8.87377 6.78163 5.45673 5.73408 5.661 7.15465 6.25749 3.74495 1.34303 0.708222 0.373566 -1.10131 -3.55476 -6.28565 -7.55471 -7.24523 -7.00689 -4.04262 0.0982434 2.37771 1.85387 1.39521 0.804691 -0.772289 -1.60064 -3.22853 -2.44972 -0.59556 0.741959 2.13818 2.51326 1.68001 -0.120634 2.29205 4.97601 8.62373 11.5528 14.7853 17.3241 20.3884 19.7093 12.7254 -3.13066 
200 206.979 211.257 213.04 214.526 217.041 219.338 219.957 221.673 222.245 221.923 224.167 227.03 226.788 225.831 225.903 225.974 225.969 224.762 222.287 221.407 220.352 218.871 219.631 219.96 220.913 221.103 221.066 217.082 214.613 213.959 215.93 218.685 221.398 221.6 220.813 219.041 217.058 217.116 212.651 210.231 208.397 211.254 211.24 212.529 213.524 210.099 208.434 210.329 210.581 210.96 210.817 209.819 206.286 205.074 203.011 199.786 198.028 196.409 194.333 194.586 193.193 191.508 189.815 187.625 185.911 183.028 180.314 178.174 177.672 176.005 174.849 174.644 171.331 168.728 164.446 162.119 159.907 158.435 156.104 151.942 149.752 146.766 143.151 139.322 132.769 128.209 125.096 121.528 119.629 116.15 113.612 112.512 110.296 108.678 104.582 100.796 97.7604 95.302 93.4091 92.4626 90.5953 88.5384 86.544 85.3272 86.0493 84.2951 82.4193 81.4377 81.2423 79.8394 76.8094 74.7887 71.3417 68.4905 65.4186 63.5734 63.8968 62.683 62.8073 64.7438 64.7912 64.8439 63.1438 61.1933 58.3353 56.6917 55.5241 55.4818 54.3696 54.1906 52.8172 50.5408 48.513 46.4365 43.6039 40.6887 39.3705 37.6227 36.9999 36.6979 36.1307 36.4596 36.4718 35.5136 34.294 32.7951 32.0239 31.2221 30.4914 28.9651 27.2181 25.2474 23.5454 22.3269 21.2225 22.3092 22.8371 22.7104 21.4591 18.572 17.101 16.3009 16.767 17.0655 16.5671 16.0673 14.8816 14.4056 13.8883 12.5447 12.4403 12.0027 10.7414 12.7099 14.139 14.7721 15.264 16.6677 17.1683 16.4126 14.2621 11.9068 9.95749 7.35591 5.51355 3.08739 1.82741 0.976446 -0.01201 0.228189 -0.41525 -1.51633 0.0701871 2.66737 3.46496 2.49112 -1.96193 -11.5636 -30.7751 
200 208.733 211.073 213.427 215.037 215.775 217.171 217.416 218.554 218.835 220.141 221.731 221.919 219.908 219.02 217.248 216.064 213.725 211.84 209.856 209.169 210.63 211.588 212.203 214.363 214.701 215.176 214.558 213.439 213.333 213.441 216.314 214.014 212.476 208.957 210.258 210.701 210.823 213.198 211.716 212.773 212.995 212.319 211.872 211.065 213.116 211.985 211.419 210.271 210.586 210.147 212.212 210.953 211.082 211.179 210.759 209.918 209.23 209.942 206.082 203.407 199.975 196.635 195.98 194.381 190.629 186.477 183.595 180.435 179.791 178.763 178.212 176.541 174.938 172.356 170.894 169.616 168.101 167.288 164.214 162.835 159.101 157.01 154.645 149.515 146.729 145.727 143.426 140.39 137.909 134.513 132.881 130.36 126.493 122.655 118.778 116.515 114.276 111.502 110.135 107.67 104.928 102.145 98.1307 94.9783 93.034 92.1822 91.6319 92.1996 90.33 88.4766 83.3077 79.5998 75.4374 70.7691 67.6476 64.1292 61.3822 58.5455 57.8424 59.0991 59.7738 61.1817 61.7346 60.9428 58.62 56.0409 56.1479 53.9807 51.1834 46.7073 44.0044 43.1804 44.1916 43.8859 42.0827 42.2385 42.8465 45.3154 44.5424 44.6627 43.6559 42.7031 40.5869 39.3537 38.1195 36.8572 34.4889 32.6302 30.9923 29.5774 28.1185 27.5198 26.2124 24.4067 21.7897 19.8831 18.8592 17.5745 18.4878 20.311 20.1044 18.5419 17.9076 17.2353 17.4246 17.9253 17.6359 14.7814 12.7367 11.2661 10.6376 9.29187 8.16448 6.9433 6.1506 4.79326 4.00378 6.85695 8.26863 9.16442 11.723 11.8688 11.0384 9.3232 7.33573 5.9122 3.28598 1.47488 -0.0141125 0.268137 1.14543 2.01772 2.35641 2.92606 4.15471 5.45347 4.7118 -2.81657 -18.8211 
200 207.326 210.776 213.092 213.876 215.001 215.97 216.652 217.035 217.536 216.558 217.04 218.136 219.457 220.47 220.762 220.544 222.092 223.213 224.144 224.031 225.066 227.808 228.083 227.25 225.478 223.98 221.225 219.835 221.32 222.277 221.39 221.768 223.434 225.625 226.784 226.386 224.718 223.471 223.315 224.87 225.973 224.659 221.913 221.047 218.979 217.536 218.262 219.304 219.2 219.357 218.263 219.426 217.696 216.184 215.704 213.523 213.269 213.111 211.96 209.425 204.653 203.378 203.371 201.665 199.965 198.268 194.679 191.574 190.849 190.822 189.643 188.455 185.972 184.659 180.272 173.77 169.626 167.91 165.434 162.002 157.208 156.03 154.752 152.81 151.351 149.336 147.645 148.028 147.579 146.632 144.84 143.393 142.004 141.956 137.773 133.305 130.207 126.367 123.561 120.124 118.557 118.477 118.021 115.614 111.608 106.649 103.825 102.109 99.942 98.1558 97.6798 94.4913 90.8809 87.0757 81.812 78.7917 76.9694 76.4535 74.7913 73.1351 71.9432 69.8744 68.5548 66.7496 65.6533 65.5502 64.1961 61.7865 61.2954 60.8031 59.7859 59.4875 59.3563 56.7946 53.8952 50.2879 46.1244 42.1999 39.9481 38.9879 38.9855 39.7312 39.7231 37.2576 36.7972 38.928 38.9764 38.2846 37.7221 36.4488 34.9315 34.4026 33.2813 33.3241 33.4903 33.3351 32.7008 31.4775 31.9078 31.3916 30.0642 29.3125 29.5049 28.6638 26.3059 24.6756 23.6778 24.1731 23.5086 21.6018 19.7979 17.2177 16.7305 16.2668 15.7327 16.6233 15.7882 14.0356 13.0404 13.3165 15.0271 16.3003 16.2201 15.2739 12.7103 9.24089 6.59394 3.88154 0.0170743 -0.324411 0.581364 1.14595 2.07038 3.68988 4.96482 3.83237 -1.03622 -8.40766 -24.1958 
200 206.713 210.21 210.902 211.347 210.433 210.349 210.561 211.049 211.76 211.467 211.696 211.345 209.71 208.514 207.278 208.411 210.479 211.401 213.052 212.979 212.127 210.834 206.966 205.322 205.882 204.929 203.735 204.608 205.241 207.063 206.426 205.654 206.994 207.818 209.498 211.351 210.293 208.092 206.913 202.944 200.623 198.615 197.834 196.8 194.121 191.776 190.985 191.744 190.53 189.831 188.849 189.242 191.096 190.551 191.849 192.779 195.187 196.169 196.046 191.197 189.17 189.544 189.665 186.727 183.899 184.179 182.878 178.603 171.795 169.208 166.267 161.408 156.135 154.485 153.258 150.026 147.589 148.911 148.36 145.786 143.469 138.648 135.026 135.171 136.44 134.923 133.045 129.904 127.796 124.963 122.155 120.994 117.442 113.979 112.241 110.034 107.274 103.351 98.8574 95.2685 93.3649 91.3429 89.906 89.8271 90.8784 88.1628 83.9483 79.8661 77.0228 75.5686 74.9538 72.1576 70.789 70.9745 67.6114 64.6474 62.3356 59.3708 56.4014 54.1818 52.3811 50.132 47.774 47.4504 47.4603 47.0294 46.665 44.1789 42.1022 41.8686 41.4802 40.1728 39.3311 39.1457 40.1179 39.9019 38.4975 36.7035 34.2706 32.2801 31.5642 30.3245 30.9464 32.4953 33.1566 32.7028 30.7797 28.3157 26.4545 24.6329 22.5669 22.0201 20.1568 20.3412 20.1874 21.2982 22.9395 23.8249 22.0526 19.2566 15.4054 13.4817 11.9354 12.2607 14.2918 15.9487 18.343 18.8007 18.3007 19.8051 22.0864 23.4404 22.5187 20.664 17.8061 14.7743 12.6467 11.7007 10.5874 7.968 3.98162 1.64008 1.42659 0.79927 0.899109 1.02102 2.63109 2.07237 0.0183563 -0.348769 0.285144 0.683619 2.30963 4.08611 6.63174 8.87126 4.93938 -2.92788 -19.9512 
200 208.69 213.022 215.57 215.913 217.19 217.052 216.55 216.927 215.991 216.458 218.05 218.935 219.634 219.238 218.407 218.573 220.039 220.269 219.454 217.91 218.564 218.131 218.528 216.113 214.419 215.196 217.238 217.71 217.464 215.278 214.356 213.843 215.558 214.973 216.364 216.439 216.325 215.989 214.831 214.206 212.989 212.983 212.871 213.637 210.15 207.283 206.704 208.471 206.423 207.169 209.38 210.621 212.216 210.145 210.652 209.842 208.918 207.755 206.222 203.576 201.225 200.027 197.783 196.386 197.239 197.574 198.029 198.83 197.928 194.953 190.802 188.153 186.248 183.999 183.68 182.942 181.895 178.179 176.512 173.166 168.695 164.283 161.439 158.445 154.689 152.261 151.179 149.878 147.88 145.475 142.636 138.925 135.751 134.571 130.435 127.405 124.287 120.256 115.549 112.488 109.096 105.411 102.327 98.6978 93.5703 88.1176 83.6475 79.8542 77.8713 76.974 75.7082 73.6518 70.2239 65.731 60.1776 57.9255 54.8679 51.7784 51.1627 51.0038 47.4616 45.0803 41.3075 39.1615 35.0909 30.6332 27.7184 26.5796 26.9223 26.8886 26.2832 24.3991 23.8666 24.6657 22.4828 23.3633 23.2263 21.8108 20.9612 17.9197 16.2298 13.748 10.5392 7.61511 6.09842 5.99625 6.10012 6.07129 3.124 0.869333 -1.02177 -2.27911 -3.06234 -4.02737 -3.13689 -2.17236 -1.94224 -1.38365 -2.30854 -3.39708 -3.18387 -2.64562 -2.27578 -2.84307 -3.11213 -1.84157 -2.03506 -2.27777 -1.29609 -1.6136 -3.60388 -6.06309 -5.99853 -4.91384 -5.48404 -4.99383 -4.82866 -2.79281 -1.92257 -1.64022 -1.98485 -2.35895 -2.11419 -0.726545 -0.423112 0.294218 0.206246 0.424923 -0.0665236 1.26395 2.06152 2.9823 2.73069 1.08019 0.193349 -1.03656 -3.17897 -11.2929 -27.3124 
200 207.883 214.487 218.784 221.968 223.228 224.093 224.7 224.669 224.498 223.071 221.098 220.653 220.845 220.54 220.601 218.119 218.464 219.973 222.58 222.519 222.437 222.335 222.194 220.264 218.397 218.691 219.415 217.716 217.051 218.086 218.538 220.522 220.27 220.909 222.269 222.598 225.065 225.003 224.922 224.175 225.171 223.891 226.535 226.277 225.536 224.362 224.395 223.559 219.209 214.286 211.637 208.85 208.316 207.39 207.961 207.549 205.477 205.684 204.324 202.334 202.167 201.548 201.016 201.152 201.081 202.231 201.78 199.675 198.016 196.531 195.02 191.058 191.575 192.016 188.857 187.183 184.823 181.906 178.7 176.698 172.736 169.318 168.119 166.26 164.494 162.71 160.564 158.856 156.146 153.301 150.643 146.683 145.418 142.362 140.324 136.163 133.273 130.591 129.051 127.952 127.765 127.421 125.501 124.413 123.432 122.48 120.791 117.278 113.528 109.735 106.45 104.398 103.992 103.469 101.11 99.0275 97.2 97.0011 97.9271 96.3688 92.6004 88.7158 87.4213 85.4567 84.1999 81.4192 80.2548 78.0291 76.8381 76.3085 76.4248 75.4765 73.6317 72.8691 71.1903 71.8123 70.3913 67.6314 66.339 64.9979 63.0601 62.0572 60.8945 59.3668 57.716 54.4933 51.1545 51.5225 52.462 52.4871 53.3045 53.092 52.6793 52.085 53.0091 51.7882 48.892 48.1303 46.3047 42.9806 41.1143 40.5404 39.5175 37.0549 34.4795 31.2353 29.867 27.5097 27.1365 28.7657 30.4219 31.2232 30.4602 28.4418 25.3746 21.8655 20.9653 20.0911 19.2443 18.8257 17.0008 14.3197 12.4387 11.2095 9.54337 7.03103 4.69239 2.36615 -0.123555 2.34754 4.69569 6.39828 9.17656 11.8965 13.1968 11.6738 7.6355 -1.44155 -18.857 
200 209.772 216.126 218.467 219.508 220.805 220.919 218.74 218.363 216.942 217.852 218.765 218.783 218.087 218.45 216.392 215.396 215.801 216.803 217.525 216.801 215.931 216.748 215.444 216.031 218.805 217.474 216.371 214.264 214.891 213.488 211.002 211.323 213.173 213.985 216 218.068 219.092 216.217 213.896 210.631 207.94 208.07 208.316 207.177 207.892 208.826 206.392 205.241 202.027 199.873 199.953 201.643 203.215 204.229 201.392 198.472 197.434 195.852 196.139 194.118 190.486 190.145 188.58 190.731 189.078 187.583 183.525 180.417 176.767 174.353 170.341 166.636 163.482 163.257 163.639 160.954 158.242 156.42 155.069 152.213 150.901 150.194 148.966 146.977 145.739 142.088 139.249 137.934 137.251 133.836 130.829 127.695 125.413 122.172 119.202 115.462 111.137 107.698 106.216 104.469 102.751 100.355 96.8885 94.9966 92.8484 93.1378 91.9298 91.8333 91.9178 92.633 92.2691 90.3011 86.8257 85.1362 83.5507 81.1987 78.7799 74.5674 72.1342 71.9525 71.7168 72.4536 71.5297 69.1568 67.8427 67.725 65.2068 64.4806 62.6844 62.1028 59.8456 58.9836 57.9022 55.0254 53.4562 52.5807 53.2242 52.8507 53.2949 54.1598 53.0534 49.9299 46.9783 44.8346 42.5079 40.5238 39.9114 39.47 36.6472 32.8534 33.5991 33.508 31.1152 30.0171 29.0407 27.8944 25.9283 23.6586 25.0583 26.7835 27.7647 29.451 30.0869 30.754 32.3615 32.4237 30.1719 27.0254 24.2572 22.3029 21.2018 20.563 20.3259 20.786 20.7968 18.6247 14.831 14.0653 12.5567 12.9868 12.4765 11.0676 10.6403 10.1863 8.18441 5.94829 4.41479 2.41348 -0.0104082 0.197756 -0.129834 0.57832 2.82181 4.28843 3.4917 2.46843 -0.507386 -8.09527 -24.8545 
200 207.788 213.376 216.991 219.865 221.218 222.926 223.828 223.806 224.124 224.621 225.379 227.54 227.73 226.442 225.871 227.52 229.324 229.995 230.219 230.289 229.787 228.488 228.109 230.227 231.135 234.577 237.472 239.149 238.879 240.511 242.508 242.329 239.934 237.135 236.588 235.428 236.009 234.899 236.126 237.475 238.063 236.296 236.453 235.503 233.855 233.975 236.286 234.77 231.676 225.677 221.424 217.923 215.212 210.653 206.225 203.735 203.346 203.376 200.8 199.446 197.093 195.253 193.506 192.787 189.63 186.511 187.612 184.598 182.07 178.635 175.803 174.587 172.036 169.713 167.02 164.924 161.488 161.858 162.994 164.667 164.301 160.743 156.34 151.919 148.685 147.396 146.752 144.179 142.104 138.791 138.056 137.475 136.133 133.866 131.56 131.201 131.41 130.547 128.971 127.501 123.662 120.557 116.456 112.925 108.671 105.237 101.884 99.9729 99.1874 97.581 95.781 96.3363 96.9093 95.6822 93.7289 93.421 93.332 91.3072 91.2845 90.7401 87.0362 83.3562 78.7916 75.6663 72.6822 70.8261 69.737 68.4086 68.5031 66.7421 65.0424 61.1443 56.1265 51.2263 49.1474 48.8016 48.7431 46.3211 45.0267 45.208 43.9138 43.7107 44.0451 41.9459 40.2231 39.5414 38.698 37.3316 36.3338 34.5302 33.9307 34.1724 33.1066 32.6194 33.2346 32.2804 29.7816 25.6974 23.8694 22.7461 21.277 21.0723 21.398 20.9791 21.7594 20.7284 21.5855 23.1803 22.8448 21.4073 20.3282 19.8419 20.4535 23.0184 25.0739 25.056 23.9836 22.5173 20.8542 19.4216 18.1389 17.6448 18.0245 16.9794 14.968 11.8509 8.52864 4.21601 0.0730054 -1.3871 -2.15865 -2.38737 -3.60408 -4.08165 -4.95403 -7.64539 -11.3867 -21.3411 -40.0115 
200 208.464 213.301 215.781 216.252 216.12 216.2 214.611 215.417 218.103 220.373 221.992 224.091 224.464 226.215 228.411 230.111 231.992 234.842 234.46 235.68 237.908 238.672 239.394 239.059 238.651 240.522 242.184 242.239 242.077 243.398 244.801 244.904 242.991 243.756 243.098 244.531 245.885 244.77 245.13 244.343 243.813 241.217 238.562 236.175 233.768 231.036 226.234 224.332 222.115 220.536 222.33 222.806 222.335 218.675 214.807 211.723 208.513 208.015 206.765 204.348 200.277 198.683 195.188 195.985 195.81 192.118 189.944 187.637 186.259 185.92 188.226 188.056 186.604 185.252 182.903 181.634 181.313 181.122 177.588 176.362 173.454 170.108 167.286 166.362 168.082 167.524 163.912 162.253 161.297 160.092 159.088 156.797 154.301 150.848 148.524 146.432 144.642 142.149 139.746 137.758 137.778 138.296 136.381 133.67 131.261 129.41 128.749 126.349 123.203 120.682 117.405 114.226 111.858 110.109 109.366 110.187 109.022 105.042 102.877 99.1691 97.7575 97.7324 96.7263 92.9774 91.5595 90.9463 88.9667 86.4049 84.3575 84.1421 81.5179 78.8086 76.4851 75.5277 73.4897 73.4755 73.315 72.5013 71.515 70.4931 68.9155 67.3046 65.4609 63.072 61.035 60.9524 60.0049 59.6765 59.0055 58.5423 59.0738 58.9017 57.99 56.9856 55.6275 54.3001 53.0701 51.775 50.1918 46.9931 45.7165 43.9293 42.3203 42.0037 40.5554 40.1087 40.4725 40.422 39.6344 38.7346 35.982 34.4252 32.5635 29.3646 27.3941 25.8838 24.3831 23.9106 23.5946 23.0713 22.0939 20.8417 17.7238 15.6227 13.581 12.5228 9.47518 5.00043 0.0527684 -1.0026 0.413307 0.0570987 -2.25973 -3.21022 -5.29408 -8.8434 -14.9581 -24.9308 -40.4506 
200 210.069 216.348 217.743 219.443 220.743 219.856 220.208 220.89 223.08 224.672 224.443 225.801 226.654 228.66 230.631 231.124 231.657 230.802 231.816 233.051 234.01 235.112 237.322 239.441 241.546 242.887 245.007 244.404 244.424 245.609 247.136 247.239 249.844 252.398 254.015 257.147 258.878 261.268 262.349 262.744 262.651 261.473 259.194 257.751 256.93 257.11 257.58 257.311 253.936 252.236 250.369 247.829 245.966 242.03 238.361 235.154 234.647 231.324 227.335 226.936 220.47 215.315 213.852 212.574 210.57 206.543 200.391 195.987 195.375 194.984 194.215 190.885 189.549 186.772 185.124 181.704 180.023 180.216 179.267 178.793 177.837 175.374 172.507 169.113 168.918 167.39 163.733 161.341 156.75 153.684 150.982 150.783 147.82 143.319 138.257 134.078 130.434 124.947 121.088 118.452 115.857 112.479 110.279 108.32 105.48 102.319 100.434 97.6325 92.6123 88.0051 83.9762 82.1102 82.3007 81.8577 82.1445 82.0404 81.2377 80.3292 80.0286 77.9618 73.5141 70.9519 68.2216 64.8698 64.5584 63.3838 63.8158 62.4873 61.89 60.1084 57.5358 54.0811 51.3989 50.6382 48.8865 46.6826 45.0945 43.1952 40.9868 39.1897 37.6379 35.7196 35.5128 33.8525 31.5613 29.4689 27.6191 26.0014 24.5999 23.3667 21.2092 18.9753 16.1785 14.9642 15.416 14.4614 12.8398 14.7557 16.0748 18.617 21.2666 23.1698 23.2347 23.0179 22.3554 22.9542 24.0247 26.2412 26.1679 27.299 29.4432 29.4236 27.1155 25.7307 24.6474 23.581 21.186 19.8827 18.6005 16.2817 14.9095 14.644 14.6374 13.9279 11.7524 9.75139 6.0995 2.87119 0.0532785 -1.01229 0.206079 1.0532 2.28919 3.69375 3.5387 1.35318 -2.63543 -10.698 -25.6506 
200 208.432 213.556 215.788 218.208 219.187 220.298 221.208 222.215 221.734 219.662 219.346 219.114 218.454 219.21 219.124 218.965 221.446 220.718 220.347 220.514 222.057 223.962 226.179 229.263 229.006 228.858 228.031 228.441 230.322 230.176 229.765 231.067 233.848 234.105 235.229 233.251 229.502 229.018 227.007 226.018 226.808 225.847 227.085 229.143 229.68 227.815 227.165 227.706 227.329 226.277 225.675 223.113 221.374 218.623 220.136 218.188 215.881 213.429 212.407 208.953 207.166 205.665 202.646 202.044 200.488 199.348 196.484 196.382 191.211 187.31 186.497 184.658 181.685 178.514 174.274 171.315 168.221 166.347 163.313 161.711 160.33 158.297 158.584 158.456 157.623 154.979 155.559 153.861 150.508 146.86 142.682 140.069 138.111 135.967 133.534 131.196 128.933 126.797 123.067 119.072 117.331 116.008 113.619 111.967 110.576 109.061 107.549 104.194 100.094 97.8393 95.2807 92.9408 91.4486 90.4574 91.0502 88.8128 87.5871 85.1625 83.8082 80.9403 78.185 77.2995 77.0271 75.3055 73.7862 73.6949 72.1419 70.1039 68.3255 66.6872 65.7217 63.8959 61.2586 57.62 53.7413 51.5054 50.7961 50.0839 48.9568 48.8568 49.4069 50.5411 49.4159 47.0873 45.9977 45.7362 45.4001 43.1431 39.2694 37.9909 35.2418 35.0563 35.5898 33.4141 32.0211 29.8386 29.3045 27.7702 26.2711 23.7198 21.8378 20.7607 21.7231 23.1223 23.7815 20.6719 18.2863 18.5962 18.4366 19.9382 22.121 22.122 21.5375 22.1469 22.5535 21.7581 21.6343 22.1741 20.2765 19.1228 18.297 14.8268 14.0289 13.9677 11.8424 9.07039 8.11125 4.10316 0.0931061 -1.76902 -2.30719 -1.97768 -1.61656 -2.91252 -6.69029 -12.015 -18.7621 -29.6293 -45.9906 
200 206.636 211.444 217.238 218.89 221.147 220.942 222.772 223.059 224.503 228.101 229.346 229.634 231.52 232.197 231.177 230.626 231.578 231.701 232.577 231.796 233.717 234.436 235.389 236.202 237.896 239.598 240.626 242.712 245.481 246.278 244.679 244.152 245.389 246.314 244.15 241.341 242.876 246.009 249.019 249.181 248.412 243.892 242.34 239.873 236.396 235.978 235.006 236.807 234.251 233.235 232.441 231.739 228.514 225.524 221.821 220.983 220.998 219.326 218.656 216.209 212.173 207.411 206.435 204.429 202.795 202.173 200.079 195.08 190.279 186.452 182.741 180.522 178.652 175.474 172.805 171.391 169.161 167.839 166.702 164.432 160.577 157.899 154.052 150.788 149.597 145.926 139.815 133.473 133.533 134.307 131.788 129.044 127.595 124.567 121.216 118.961 116.4 112.559 107.741 104.663 101.169 98.1203 96.6129 95.3766 93.4827 90.1441 86.594 84.7701 84.7921 85.7458 83.0663 79.6833 78.0022 77.419 74.0768 72.0212 70.5992 68.8941 66.1574 63.4347 63.2935 64.401 63.5555 60.5882 58.0186 56.6541 56.5008 55.8728 55.0455 54.2839 54.3476 54.0614 52.1024 50.6594 47.0908 42.5416 39.1311 37.9434 37.812 38.7142 38.8894 38.2379 39.2199 39.2273 38.2582 38.2142 37.8856 38.6021 38.9748 40.0521 39.0801 36.9721 35.8398 33.0679 31.6402 28.6812 26.4588 25.769 24.0487 22.5861 21.0889 21.1705 20.9041 22.0303 21.7941 21.5313 22.8953 22.2139 21.1873 20.364 19.7533 19.9633 19.444 19.8297 18.3883 16.8439 17.1583 17.9194 18.2542 18.6418 17.8498 16.3672 14.6749 12.7799 10.4813 7.03772 4.91893 3.22641 0.0439145 -0.834375 -2.73368 -3.33877 -4.29938 -4.78999 -5.21636 -7.00457 -11.7835 -22.2685 -41.4001 
200 209.118 215.67 219.512 222.495 224.045 222.754 221.494 222.046 224.104 223.915 224.981 224.744 224.728 224.42 223.301 223.217 224.024 225.369 228.375 228.089 227.153 226.907 225.417 223.937 222.276 220.428 221.255 222.131 223.073 223.045 220.735 220.147 222.728 222.415 219.672 219.464 218.417 219.376 223.001 223.746 221.632 220.903 218.653 217.257 218.257 217.351 218.378 218.388 215.954 214.578 215.356 214.57 214.305 214.798 216.553 215.742 214.098 211.979 208.854 206.481 205.296 205.684 203.315 201.27 199.333 197.729 197.022 195.506 192.421 189.374 185.057 181.634 181.19 179.937 176.747 176.47 175.063 174.54 170.541 166.896 164.246 161.134 159.268 159.491 158.047 156.032 154.528 149.867 146.321 141.823 138.371 136.406 136.502 133.982 133.785 133.216 131.772 129.47 127.774 125.498 121.962 120.766 117.807 114.787 111.998 109.04 107.15 104.663 103.28 103.719 105.127 104.701 103.575 100.756 98.6874 95.6499 92.5279 90.2959 89.565 89.3761 89.8533 87.0692 84.615 83.7457 83.559 84.0535 81.8844 80.6989 80.067 76.9281 73.2462 71.2851 68.9541 65.9706 64.6903 63.3823 64.6633 63.9716 63.266 61.5371 60.1207 59.1507 59.3051 60.5065 60.3337 59.4012 59.7515 61.1771 61.8988 60.3495 59.8231 59.1986 58.2108 57.2684 57.3818 56.1723 54.4129 52.6166 49.4049 46.4266 44.2076 43.2574 40.7654 40.2875 39.6237 40.2675 40.4287 40.9389 40.0648 38.726 37.768 36.8332 34.886 33.619 31.2902 30.6008 30.6135 30.1558 27.9345 26.0992 25.0599 21.9253 17.5312 14.6294 13.0769 9.64708 6.44112 2.75547 -0.0165998 0.315395 0.712254 2.55694 3.60995 3.32572 2.58226 -0.500922 -5.27893 -14.5643 -32.3274 
200 207.156 210.581 213.48 215.301 216.321 218.753 218.249 219.406 221.28 222.598 223.849 222.07 220.277 219.444 220.316 219.554 219.047 220.536 221.059 220.081 218.848 219.792 220.277 221.106 219.534 218.23 219.513 219.818 219.477 219.449 219.09 221.556 222.291 222.829 224.084 224.727 222.794 221.377 222.042 221.341 222.151 222.161 223.321 222.934 223.846 227.257 229.048 228.582 229.175 231.569 228.597 223.124 220.593 221.155 222.866 223.455 223.109 221.16 218.676 217.043 217.339 216.987 215.354 210.76 205.561 203.405 202.495 201.349 200.335 196.862 193.706 190.998 191.277 188.922 186.743 186.273 184.629 184.889 183.375 181.198 177.322 178.327 179.745 180.753 181.36 180.594 178.26 176.058 172.221 166.871 165.819 164.27 160.686 160.272 158.48 156.613 153.942 151.161 150.205 147.935 144.452 142.269 140.481 138.09 134.308 131.508 129.837 127.483 124.685 121.145 118.843 114.662 111.058 108.247 105.042 102.066 99.6326 95.739 91.8073 88.3661 86.0633 85.7527 84.2508 82.579 79.6705 75.1094 73.3515 70.9422 70.8559 69.9167 68.5976 66.8264 64.9283 63.3524 61.5937 60.1283 59.0824 58.4087 55.6187 54.3683 54.5536 53.2473 51.6382 50.6606 48.143 45.7646 44.2629 43.9102 41.0009 39.9717 41.3318 42.4029 41.5691 40.9368 42.4357 42.3882 41.0202 41.2951 39.9037 38.9692 36.8983 34.6215 33.6193 31.6348 30.3386 28.2416 26.4699 24.1656 24.6098 25.3229 27.3916 28.5129 28.6528 29.1158 28.9308 27.9421 27.9012 28.41 28.7574 28.0204 27.291 24.5604 21.4527 18.4087 15.67 12.3702 9.17171 5.38233 0.253566 -4.81776 -10.0362 -13.5411 -17.969 -20.7775 -23.7755 -30.6873 -37.5145 -48.9406 -68.5471 
200 208.247 213.818 215.199 214.748 216.066 216.279 216.115 214.948 215.386 215.909 215.202 215.891 215.131 216.112 216.215 215.272 216.297 217.425 220.656 221.081 222.752 223.64 223.879 223.47 224.518 226.296 226.816 226.11 224.038 221.317 219.71 217.984 218.532 220.289 221.329 219.447 217.422 215.418 214.042 214.932 214.792 210.574 212.109 210.835 209.942 209.108 208.335 208.159 205.96 208.045 208.9 205.541 201.016 199.213 198.748 196.817 195.468 196.525 195.627 196.34 194.809 193.508 193.075 191.639 190.36 186.366 184.891 185.478 185.002 180.14 176.116 172.195 168.996 167.16 165.252 164.553 162.966 159.805 157.37 154.46 153.673 153.531 151.817 150.68 149.131 145.772 142.788 140.284 136.258 130.576 125.541 123.52 122.147 120.169 117.865 115.38 112.176 110.008 105.474 101.452 97.3683 94.9259 92.8603 91.3765 90.151 89.0199 87.3753 86.0713 85.3972 85.6183 84.4331 82.0641 81.4574 81.6189 80.0803 77.5412 75.3837 72.4526 69.6753 68.2352 67.2796 66.6494 66.0287 64.9215 63.9281 61.4951 59.7595 57.837 54.776 53.2811 51.9278 51.1712 50.4199 48.8192 46.3036 43.2783 40.6469 40.7509 40.9251 41.219 41.3938 41.4727 41.579 41.6837 41.738 40.8656 40.2024 40.1616 39.5401 38.0299 37.2563 35.5773 35.309 33.7451 32.0819 30.5812 29.0225 27.8373 26.068 24.1594 22.151 19.7242 18.2719 18.0251 19.1211 16.6863 14.9593 13.443 11.9936 11.0959 11.8463 12.2179 14.6294 16.107 18.5447 18.9009 18.0959 17.574 17.9439 18.9301 19.5709 19.1419 17.5862 14.7297 10.79 7.31948 4.09905 1.85107 0.032579 -0.619002 -0.163123 1.32985 -0.0230557 -1.6906 -1.24089 -0.948424 -3.69133 -11.727 -29.2636 
200 209.71 213.02 213.776 214.498 214.575 213.635 213.201 213.464 215.09 215.136 216.389 216.855 217.245 216.693 217.492 219.541 221.417 220.784 219.294 219.196 218.974 220.325 220.128 218.982 220.297 222.836 223.721 225.4 226.399 227.889 228.981 226.73 226.105 227.325 229.716 228.813 227.519 227.623 227.977 227.081 226.765 227.666 229.22 227.579 227.223 227.09 227.391 223.364 219.781 216.967 215.169 213.076 209.33 208.199 205.804 202.974 201.993 202.605 199.755 195.779 195.356 193.271 191.8 188.841 188.231 186.127 182.946 180.245 176.804 173.006 168.871 166.663 166.738 165.879 166.321 165.619 165.038 163.432 161.584 159.58 158.939 155.987 154.824 153.768 149.173 144.594 140.989 138.785 134.699 130.128 126.26 122.485 119.256 116.433 113.61 110.875 108.127 104.972 100.775 98.0897 98.1262 98.9384 99.1499 97.5746 94.9588 92.1322 90.0555 87.9081 85.8271 81.6703 76.5377 73.9366 72.2066 70.4267 66.6515 65.0504 63.856 61.5079 59.6006 59.7211 59.6021 58.2158 57.0128 53.3927 51.7434 49.7745 46.8206 45.6605 45.0675 42.5344 41.1818 39.8954 40.6399 40.4392 38.9017 35.4526 32.6374 30.6743 31.2338 30.8798 30.2572 29.2294 28.9694 28.1475 27.7693 27.8965 27.1408 25.6448 25.2604 23.969 23.3554 23.9853 23.6228 23.9318 25.9637 27.7911 27.6309 28.6793 29.0979 30.7528 31.4153 30.8594 29.6894 30.043 29.3018 27.3359 25.7256 24.0218 21.9783 20.3144 18.0992 17.42 17.5929 18.5336 18.4312 18.7156 19.2418 20.2167 19.8673 19.0639 17.5816 16.5767 16.4953 15.4183 13.3636 10.8127 6.85451 3.2212 -0.0270895 0.514701 0.162961 -0.849396 -1.06239 -1.40118 -3.57744 -6.45668 -12.0971 -21.8087 -37.6468 
