-0.00801199 -0.0175433 -0.0153901 -0.014183 -0.0151419 -0.0144731 -0.0164698 -0.0156078 -0.014964 -0.0164695 -0.0161691 -0.0167158 -0.015212 -0.0144584 -0.0125249 -0.0140931 -0.0159851 -0.0153793 -0.0190128 -0.0185734 -0.0153186 -0.0169337 -0.0155442 -0.0160861 -0.016636 -0.014123 -0.0159397 -0.0175249 -0.0159467 -0.0163468 -0.0150308 -0.0191272 -0.0156413 -0.0165887 -0.014688 -0.0182847 -0.0169433 -0.0152404 -0.01513 -0.0144635 -0.0174399 -0.0179953 -0.015288 -0.0178685 -0.0175378 -0.0153767 -0.0138654 -0.0154309 -0.0158547 -0.0168018 -0.0149299 -0.014085 -0.0161052 -0.0166935 -0.013658 -0.0126472 -0.0159457 -0.0167253 -0.0137335 -0.0153105 -0.0147408 -0.0157288 -0.0140742 -0.0156125 -0.0155239 -0.0165411 -0.0186761 -0.0169368 -0.0149226 -0.0194672 -0.0163432 -0.0171831 -0.0159123 -0.0137646 -0.0162282 -0.0161145 -0.0160309 -0.0177702 -0.0198812 -0.0160816 -0.0148902 -0.0154217 -0.0151302 -0.0144294 -0.0143414 -0.0157 -0.0172719 -0.016395 -0.0167382 -0.0184024 -0.0184441 -0.0148154 -0.0146428 -0.0156643 -0.0157496 -0.0174764 -0.0171555 -0.0178476 -0.0168033 -0.0079381 
-0 -0.000100909 -0.000291797 -0.000214587 -0.000343108 -5.4467e-05 -0.000111206 -0.000312817 -0.000238985 -0.000126116 -0.0001436 -0.000245398 -0.000624765 -0.000661008 -0.000763517 -0.000954914 -0.00127856 -0.000775581 -0.00147663 -0.00118996 -0.00150915 -0.0017355 -0.00159171 -0.0025025 -0.00205928 -0.0021371 -0.00195331 -0.00160799 -0.00147182 -0.00145707 -0.00169925 -0.00126989 -0.000926216 -0.000974122 -0.000739405 -0.000526461 -0.000499386 -0.000479489 -0.000696348 -0.000302681 -6.85971e-05 -0.000272394 -0.000341059 -2.01463e-05 -0.000142801 -9.85799e-05 -0.000233621 -0.000333108 -0.000142291 -0 -0.000130545 -0.000384337 -0.000277118 -0 -1.07728e-05 -0.000297807 -8.22017e-06 -0.000238899 -0.000226014 -1.02865e-05 -0 -3.89603e-05 -0.000163303 -0.000114536 -0 -0.000145408 -1.2992e-05 -0 -3.21146e-05 -0.000126285 -0 -0.00013645 -2.19498e-05 -4.00827e-05 -0.000118317 -0 -0.000151825 -6.57508e-06 -0 -0.000156707 -1.69315e-06 -0 -0 -0 -0 -0 -0 -2.46624e-05 -0.000133738 -0 -0 -0 -0 -0 -0 -0 -2.84067e-05 -0.000129993 -0 -0 
-4.17858e-05 -0.000258753 -8.755e-05 -0.000371806 -0.000286866 -0.000237316 -0.000515306 -0.000334271 -0.000718667 -0.000589724 -0.000568465 -0.000684297 -0.000919014 -0.00111942 -0.00162569 -0.00140714 -0.00213805 -0.00172531 -0.00262309 -0.00253315 -0.00278835 -0.00298063 -0.00273036 -0.00222208 -0.00302867 -0.00273637 -0.00300527 -0.00317765 -0.00233819 -0.00305473 -0.00229299 -0.00197999 -0.00200537 -0.00160721 -0.00158416 -0.00106896 -0.00131857 -0.00101969 -0.00049942 -0.00100873 -0.00105839 -0.000466371 -0.000927519 -0.00085867 -0.000522009 -0.000446777 -0.000379785 -0.000329227 -0.00032052 -0.000767095 -0.00020541 -0.000246474 -0.000268336 -0.00043371 -0.000373204 -0.000152846 -0.000444769 -0.000261838 -9.77691e-05 -0.000401622 -0.000210411 -0.000146736 -0.000283499 -0.000253608 -0.000190354 -7.40192e-05 -0.000287206 -0.000113975 -0.000107513 -5.54239e-05 -0.000153863 -5.51726e-05 -0.00015374 -0.000107888 -0.000205095 -0.000132124 -0.000283871 -0.00017091 -0.000150903 -0.000216655 -0.000107642 -3.58546e-05 -0.000188291 -0.000160442 -9.06128e-05 -0 -0.00013959 -1.88102e-05 -0.00012751 -0.000257015 -9.06753e-05 -0.00012827 -4.56582e-05 -0.000142871 -0 -0.000106397 -8.60518e-05 -0.000124351 -0.000140041 -1.8359e-05 
-0.000107076 -0.000170431 -0.000323858 -0.000316357 -0.000589714 -0.000566286 -0.000738171 -0.000948163 -0.00103022 -0.00071875 -0.00131674 -0.00127165 -0.00118344 -0.0014573 -0.00151962 -0.00217403 -0.0023019 -0.00271974 -0.00322259 -0.00271537 -0.00363254 -0.00288665 -0.00438974 -0.00429088 -0.0040359 -0.00448467 -0.00365483 -0.00334265 -0.00296982 -0.00350164 -0.0026833 -0.00316482 -0.00193899 -0.00249027 -0.00177459 -0.00192277 -0.00197503 -0.00141847 -0.0017105 -0.00126642 -0.000989425 -0.000672028 -0.000903875 -0.000637707 -0.000836697 -0.000684515 -0.000902633 -0.000679233 -0.000705625 -0.000689532 -0.000429789 -0.000563134 -0.000754607 -0.000468636 -0.00059896 -0.000463605 -0.000361724 -0.000501804 -0.000302297 -0.000282561 -0.000342826 -0.000363095 -0.00031823 -0.000383175 -0.000208773 -0.000467518 -0.000245279 -0.000548376 -0.000391085 -0.000272506 -0.000251946 -0.000546281 -0.000194647 -0.000220213 -0.000245799 -0.000196026 -0.000259426 -0.000267858 -0.000185936 -0.000282064 -0.000240301 -0.000124821 -0.000149756 -0.000331032 -0.000126555 -0.000153178 -0.000143858 -0.000250897 -0.000181259 -0.000240573 -0.000178116 -8.62768e-05 -1.97781e-05 -0.000200171 -0.000109491 -0.000277939 -2.62212e-05 -0.000240163 -7.66373e-05 -0 
-0.000108821 -0.000369388 -0.000278754 -0.000726607 -0.000628117 -0.000423166 -0.0011007 -0.000895921 -0.00163986 -0.0011162 -0.00188584 -0.00150896 -0.00207855 -0.00227531 -0.00217735 -0.00282165 -0.00216016 -0.003302 -0.00253316 -0.00410399 -0.00300841 -0.00455308 -0.00519728 -0.00311942 -0.00442034 -0.00448377 -0.00400548 -0.00499753 -0.00459791 -0.00263249 -0.00369738 -0.00360731 -0.00299071 -0.00343503 -0.00291469 -0.00251644 -0.00197113 -0.00230817 -0.00136998 -0.00198407 -0.0012779 -0.00130028 -0.00130904 -0.00179306 -0.00158566 -0.00118598 -0.0012434 -0.000851664 -0.000890491 -0.000735222 -0.00110074 -0.000800608 -0.000905799 -0.000818937 -0.00100751 -0.000793722 -0.0009488 -0.000828025 -0.000575953 -0.000516861 -0.000366773 -0.000703313 -0.000649933 -0.000465501 -0.000570927 -0.000470279 -0.000452729 -0.000344815 -0.000317809 -0.000469762 -0.000257038 -0.000424199 -0.000330663 -0.000481487 -0.000434491 -0.000451894 -0.00030719 -0.000336039 -0.000188019 -0.000476459 -0.000141172 -0.000267151 -0.000366633 -0.000337962 -0.000436615 -0.000463838 -0.000278077 -0.000266458 -0.000293251 -0.000181949 -0.000171224 -0.000303976 -0.000170383 -0.000277978 -0.000209465 -0.00016206 -0.000262285 -0.000142942 -4.20866e-05 -0 
-0.000376786 -0.000436432 -0.000826149 -0.00107551 -0.00108184 -0.00149229 -0.00144255 -0.00126234 -0.00125969 -0.00139361 -0.00216368 -0.00199561 -0.00234462 -0.00216987 -0.00326795 -0.00342278 -0.00297889 -0.00356478 -0.00313287 -0.0032161 -0.00371997 -0.00388777 -0.00448886 -0.00350287 -0.00394684 -0.00410001 -0.00405116 -0.00459184 -0.00388227 -0.0037423 -0.00423658 -0.00335123 -0.00258942 -0.0022576 -0.0027007 -0.0024123 -0.00238395 -0.00279334 -0.00249135 -0.00179685 -0.00186211 -0.00205751 -0.00194395 -0.00131515 -0.00134461 -0.00154456 -0.00121623 -0.00134274 -0.00159293 -0.000949279 -0.00127379 -0.000939843 -0.00119815 -0.000951748 -0.0012402 -0.000954042 -0.0012286 -0.000889478 -0.00132591 -0.001161 -0.000746537 -0.00112723 -0.000800046 -0.00081011 -0.00103481 -0.000756435 -0.000759729 -0.000655043 -0.00106162 -0.000644071 -0.000743508 -0.000584772 -0.000655172 -0.00069579 -0.000565931 -0.000433644 -0.000477776 -0.000469465 -0.000425714 -0.000437244 -0.000507793 -0.000475207 -0.000666813 -0.000451068 -0.000657611 -0.000612029 -0.000584525 -0.000345908 -0.0003744 -0.000278314 -0.000270305 -0.000414398 -0.000219202 -0.000205492 -0.000316709 -0.000225217 -0.000413833 -0.00010595 -0.000489181 -0.000144419 
-0.00038904 -0.000343925 -0.000336636 -0.000699339 -0.00111192 -0.000823858 -0.00151908 -0.00171384 -0.00168536 -0.00174455 -0.00172817 -0.00194537 -0.00242717 -0.00180642 -0.00291955 -0.00280095 -0.00398586 -0.00325045 -0.00426719 -0.0035453 -0.00418372 -0.00570828 -0.00507622 -0.00485288 -0.004726 -0.00517139 -0.00505042 -0.00493215 -0.00337508 -0.00412211 -0.00299915 -0.00446233 -0.00275209 -0.00279248 -0.00224516 -0.00309172 -0.00232849 -0.00263322 -0.00220816 -0.00229834 -0.00169304 -0.00135432 -0.0014826 -0.0018197 -0.00166127 -0.00152516 -0.00168217 -0.00140513 -0.00124093 -0.00123555 -0.00114738 -0.000766741 -0.00139341 -0.00150298 -0.000995251 -0.00138982 -0.00143905 -0.0012888 -0.00102876 -0.00104865 -0.00086483 -0.000881785 -0.00107835 -0.0012645 -0.00101359 -0.00108852 -0.000873612 -0.00126418 -0.000679733 -0.0011855 -0.000670642 -0.000995636 -0.000757526 -0.000563471 -0.000738102 -0.000599817 -0.000911693 -0.00102744 -0.000908574 -0.000686838 -0.000728579 -0.000800011 -0.000704742 -0.000686872 -0.000698034 -0.000221961 -0.000730906 -0.000472229 -0.000476248 -0.000527782 -0.000616046 -0.000378189 -0.000494852 -0.000392963 -0.000323522 -0.000556386 -0.000335417 -0.000259095 -0.000208524 -0.000192012 
-0.000495603 -0.000762728 -0.000834218 -0.00103509 -0.00183864 -0.000915605 -0.0022035 -0.00181148 -0.00231142 -0.00172557 -0.00212139 -0.00139977 -0.00227377 -0.00287741 -0.00223727 -0.00288681 -0.00293288 -0.00340794 -0.00365351 -0.00355364 -0.00390345 -0.00568604 -0.00276266 -0.00475969 -0.00295016 -0.00451531 -0.00325224 -0.00472755 -0.0025321 -0.00457741 -0.00333827 -0.00394957 -0.00309707 -0.00315638 -0.00291205 -0.00279183 -0.00256469 -0.00256134 -0.0022651 -0.00219366 -0.0017008 -0.00190591 -0.00178578 -0.00161005 -0.00174142 -0.00178196 -0.00173539 -0.00197237 -0.00181379 -0.00226138 -0.00181992 -0.00180023 -0.0013274 -0.00143633 -0.00113222 -0.00155796 -0.00146967 -0.0014088 -0.00136242 -0.00115706 -0.00121097 -0.00106542 -0.00169392 -0.00102335 -0.00150999 -0.000894429 -0.00130816 -0.00133385 -0.00135081 -0.00125986 -0.000664201 -0.00108094 -0.00102877 -0.000704766 -0.000790558 -0.00076157 -0.00106886 -0.000649259 -0.00122382 -0.000854136 -0.000873263 -0.000500576 -0.000995801 -0.00075969 -0.000635639 -0.000768918 -0.000597859 -0.00039075 -0.000931826 -0.000530495 -0.00064193 -0.000966327 -0.000886632 -0.000358402 -0.000857989 -0.000526521 -0.000733272 -0.000498433 -0.000314043 -0.00028954 
-0 -0.000435509 -0.00165084 -0.000523292 -0.00108277 -0.00209458 -0.000916054 -0.00209434 -0.00189272 -0.00228546 -0.00168637 -0.00207846 -0.00165398 -0.00230799 -0.00279037 -0.0028389 -0.00302767 -0.00253452 -0.00420473 -0.00374248 -0.00452122 -0.00376166 -0.00428129 -0.00444619 -0.00470682 -0.00517375 -0.00385052 -0.00417856 -0.00425883 -0.0039118 -0.00393535 -0.00239244 -0.00329374 -0.00335636 -0.00349016 -0.00303085 -0.00173906 -0.0027556 -0.00185532 -0.00198481 -0.00192069 -0.00179087 -0.0014231 -0.00170518 -0.0017285 -0.00210515 -0.00133367 -0.00164531 -0.00211399 -0.00161797 -0.00149623 -0.00151698 -0.00174937 -0.00197061 -0.00124654 -0.001399 -0.00151446 -0.00138805 -0.00146887 -0.000980812 -0.00134294 -0.00112407 -0.00117482 -0.00128521 -0.00134661 -0.00139255 -0.00134697 -0.00166259 -0.00154128 -0.0013346 -0.0011504 -0.00120244 -0.000853198 -0.00121106 -0.000995862 -0.00112916 -0.000883076 -0.00113353 -0.000980208 -0.00126416 -0.00144208 -0.00132509 -0.00101406 -0.00086976 -0.00104253 -0.00111901 -0.001009 -0.000782509 -0.00117642 -0.00107649 -0.000875138 -0.000980828 -0.000803109 -0.0010787 -0.000750216 -0.00097042 -0.000420485 -0.000421098 -0.000756655 -0.000178971 
-0.000199837 -0.000485906 -0.000948704 -0.00124024 -0.00114878 -0.00135544 -0.0014565 -0.00194409 -0.00199707 -0.00219133 -0.00223136 -0.00189823 -0.00209865 -0.0024245 -0.00220795 -0.00249254 -0.00346366 -0.00328938 -0.00407436 -0.00335893 -0.00490152 -0.00371146 -0.00380789 -0.00442914 -0.00457713 -0.00361962 -0.0049137 -0.00382656 -0.0048474 -0.00378205 -0.00399134 -0.00347421 -0.00406323 -0.00334212 -0.00333076 -0.00288642 -0.00246375 -0.00242139 -0.00208838 -0.002343 -0.00162133 -0.00213127 -0.0018223 -0.00143266 -0.00204976 -0.00155638 -0.00153563 -0.00216468 -0.00215508 -0.00193017 -0.00215702 -0.00153794 -0.0012684 -0.00142126 -0.00126938 -0.00178194 -0.00160593 -0.0018328 -0.00179431 -0.00126953 -0.00112469 -0.0013336 -0.00104539 -0.00149348 -0.00120791 -0.00101541 -0.0012245 -0.00120284 -0.00129915 -0.00150162 -0.00113679 -0.000903936 -0.00123769 -0.0012449 -0.00108803 -0.00125591 -0.000973851 -0.00118573 -0.00122839 -0.00138177 -0.00143177 -0.000848805 -0.000969384 -0.00057242 -0.00107212 -0.00102009 -0.00120327 -0.00107925 -0.000971952 -0.00102256 -0.00095909 -0.000574617 -0.00065288 -0.000936312 -0.0005451 -0.00115379 -0.00064773 -0.000853111 -0.000534032 -1.2629e-05 
-3.28284e-05 -0.000458457 -0.000496607 -0.000837143 -0.00152121 -0.00157237 -0.0021699 -0.00150555 -0.00299812 -0.00191561 -0.00271827 -0.00202353 -0.00229706 -0.00248488 -0.00293486 -0.00335186 -0.00274562 -0.00351969 -0.00314628 -0.00455065 -0.00365898 -0.00584424 -0.00374977 -0.00582847 -0.00409682 -0.0047855 -0.00517639 -0.00499823 -0.00389759 -0.00558267 -0.00316992 -0.00412864 -0.00343449 -0.00360271 -0.00301642 -0.00283449 -0.00335034 -0.001927 -0.0024911 -0.00214365 -0.00231127 -0.00158818 -0.00183428 -0.00191701 -0.00184403 -0.00184195 -0.00202961 -0.00190536 -0.00199232 -0.00156878 -0.00118059 -0.00179859 -0.00141073 -0.00173228 -0.00134437 -0.00172327 -0.00157638 -0.00193455 -0.00158677 -0.00220468 -0.00135991 -0.00183429 -0.00119038 -0.00103121 -0.00116618 -0.00120852 -0.0013039 -0.00127318 -0.00129947 -0.00137443 -0.00127608 -0.00136108 -0.00140148 -0.00110045 -0.00104547 -0.00103796 -0.00110967 -0.0013746 -0.0016026 -0.00134488 -0.00106084 -0.00145751 -0.00112403 -0.0011406 -0.000715517 -0.00147501 -0.000855837 -0.00151686 -0.00119329 -0.000741751 -0.000955219 -0.00108062 -0.000995905 -0.000757511 -0.00106979 -0.000618139 -0.000440277 -0.000624884 -0.000528692 -5.07878e-06 
-0.000223147 -0.000706711 -0.000367452 -0.00146367 -0.00141687 -0.00159266 -0.00167636 -0.00146604 -0.0019645 -0.00195995 -0.00197543 -0.00256752 -0.00262393 -0.00240733 -0.00341722 -0.00315366 -0.00430207 -0.00347056 -0.00439435 -0.00339 -0.00280411 -0.00479966 -0.00416167 -0.00558574 -0.00563358 -0.00400122 -0.00513324 -0.00505901 -0.0046574 -0.00490428 -0.00323072 -0.00456265 -0.00360699 -0.00355241 -0.00299824 -0.00293701 -0.00320727 -0.00186481 -0.00233431 -0.00233322 -0.00199399 -0.00230484 -0.00148138 -0.00225235 -0.0017942 -0.00195949 -0.00224147 -0.0022142 -0.00133924 -0.00243928 -0.00176413 -0.00241544 -0.00226778 -0.0017775 -0.00222537 -0.00224529 -0.00153005 -0.00125041 -0.00146499 -0.0018244 -0.00213634 -0.00191937 -0.00156025 -0.00141414 -0.00178721 -0.00163732 -0.00121363 -0.00169243 -0.000883189 -0.00115567 -0.00159483 -0.00141561 -0.00116868 -0.00149958 -0.00142923 -0.00160909 -0.00137869 -0.000909365 -0.000944927 -0.00147771 -0.00132608 -0.00114944 -0.00123527 -0.00115268 -0.00114311 -0.00123585 -0.00111483 -0.000770032 -0.000992589 -0.00099028 -0.0014453 -0.000817931 -0.00104117 -0.00158894 -0.000586775 -0.00120432 -0.000366235 -0.000605248 -0.000205856 -0.000279245 
-0.000671731 -0.000733316 -0.00036018 -0.00127852 -0.00150075 -0.00158183 -0.00185027 -0.00143862 -0.00207568 -0.00197357 -0.00251325 -0.00196667 -0.00318075 -0.00258807 -0.0033848 -0.0025994 -0.00369332 -0.003532 -0.00319666 -0.00449789 -0.00242261 -0.00547353 -0.00404272 -0.00450403 -0.0047793 -0.00535508 -0.00544506 -0.00435824 -0.00482746 -0.00388775 -0.00483341 -0.00370487 -0.00357876 -0.00303759 -0.0030627 -0.00327995 -0.00265718 -0.0022296 -0.00287557 -0.00234256 -0.00288401 -0.00192613 -0.00266539 -0.00192481 -0.00227389 -0.00207927 -0.00182355 -0.00238537 -0.00123515 -0.00185665 -0.00211482 -0.00202462 -0.00147243 -0.00178509 -0.00244705 -0.00135238 -0.00205789 -0.0015537 -0.00225583 -0.00145741 -0.00146725 -0.00163027 -0.0016659 -0.00161088 -0.00236819 -0.00114945 -0.00185265 -0.000982443 -0.00139935 -0.0015491 -0.00150663 -0.00146694 -0.00149706 -0.0017252 -0.00140399 -0.00170808 -0.0018867 -0.00128799 -0.0011175 -0.00103587 -0.000952647 -0.00102761 -0.00120216 -0.001206 -0.00118125 -0.0012945 -0.00185711 -0.00186438 -0.0015939 -0.00143787 -0.00106771 -0.00139678 -0.00123957 -0.00126203 -0.00115196 -0.000903813 -0.000837803 -0.000963267 -0.000575025 -0.000256083 
-0.000108221 -0.000487862 -0.00118454 -0.000611543 -0.00126135 -0.00120626 -0.00232089 -0.00132497 -0.00255719 -0.00216236 -0.00187075 -0.00170052 -0.00218797 -0.00231335 -0.00285049 -0.00333512 -0.00381924 -0.00395895 -0.00436854 -0.00385385 -0.00463308 -0.0037495 -0.003867 -0.00408108 -0.00620084 -0.00386539 -0.00576418 -0.00360671 -0.0062675 -0.00362095 -0.00393954 -0.00337729 -0.0027648 -0.00357266 -0.00328948 -0.00332317 -0.00256539 -0.00294828 -0.00189395 -0.00218693 -0.00166949 -0.00240401 -0.00228287 -0.00278085 -0.00261507 -0.00114586 -0.00155979 -0.00151671 -0.0020689 -0.00196475 -0.00155331 -0.00178526 -0.00120277 -0.0019994 -0.0016857 -0.00202618 -0.00161539 -0.00142902 -0.00139955 -0.00174303 -0.00189414 -0.00172649 -0.00143043 -0.00191356 -0.00199334 -0.00135581 -0.00211928 -0.00218147 -0.0021756 -0.00168575 -0.00183298 -0.00118154 -0.00135089 -0.00131087 -0.00129433 -0.00205774 -0.00151357 -0.00181717 -0.00171608 -0.00162615 -0.00130165 -0.00137703 -0.00153738 -0.00136794 -0.00120344 -0.00101501 -0.00125604 -0.00133144 -0.00103594 -0.00163178 -0.00145419 -0.00161836 -0.00115482 -0.0012919 -0.00116247 -0.00149879 -0.000829611 -0.000701456 -0.000395358 -0.000256597 
-0.000635812 -0.000695559 -0.000981277 -0.00138142 -0.00145085 -0.00154492 -0.00144323 -0.0021318 -0.00230376 -0.00226967 -0.00221219 -0.00161029 -0.00223034 -0.00277193 -0.00334377 -0.00291924 -0.00331321 -0.0033924 -0.0037732 -0.0038862 -0.00372736 -0.00443704 -0.00434655 -0.00432556 -0.00551898 -0.00524968 -0.00410994 -0.0037711 -0.0056581 -0.00458432 -0.00265374 -0.00371787 -0.00344756 -0.00378589 -0.00269486 -0.00285727 -0.00312889 -0.00209944 -0.00259038 -0.00225948 -0.00202809 -0.00199972 -0.00247534 -0.00214571 -0.00274399 -0.00225399 -0.00166495 -0.00224572 -0.00140666 -0.00200034 -0.00189485 -0.00190684 -0.00173289 -0.00137075 -0.0017868 -0.00160433 -0.00176266 -0.001544 -0.00121477 -0.00233704 -0.00188402 -0.00166884 -0.00218375 -0.00164975 -0.00148243 -0.0010997 -0.00174715 -0.00120755 -0.00181195 -0.00207638 -0.00166122 -0.00179666 -0.000964225 -0.00154067 -0.00153309 -0.00137297 -0.00173948 -0.000838596 -0.0012627 -0.00140622 -0.00176791 -0.00166916 -0.00184573 -0.00143767 -0.00183155 -0.0015069 -0.00174326 -0.00102282 -0.000994546 -0.00111997 -0.000963977 -0.00118416 -0.000790868 -0.0011995 -0.00113282 -0.00152095 -0.0011528 -0.000956855 -0.000917409 -0.000779319 
-0 -0.000504158 -0.00117387 -0.000641831 -0.00135901 -0.00209195 -0.00197906 -0.00227864 -0.00178076 -0.00240813 -0.0023536 -0.00186026 -0.00201 -0.00260427 -0.00279435 -0.00274606 -0.00372316 -0.00319825 -0.00439458 -0.00346946 -0.00480306 -0.00428546 -0.0036625 -0.0056817 -0.00415666 -0.00474567 -0.00448745 -0.00553043 -0.00303443 -0.0049858 -0.00388705 -0.0044984 -0.00375903 -0.00333201 -0.00335794 -0.00358364 -0.00296966 -0.00296276 -0.00286852 -0.00191859 -0.00242935 -0.0017255 -0.00265239 -0.00176673 -0.00178221 -0.00155748 -0.00198548 -0.00197596 -0.00230916 -0.0025686 -0.00170267 -0.00171746 -0.00159694 -0.00162348 -0.00149102 -0.00221855 -0.00162557 -0.00161243 -0.00182247 -0.00202548 -0.00144877 -0.00175813 -0.00203148 -0.00141896 -0.00200372 -0.00128144 -0.00173953 -0.00110332 -0.00167583 -0.00144574 -0.00195242 -0.00174634 -0.00234242 -0.00133691 -0.00166187 -0.00164951 -0.00138419 -0.00163408 -0.0015537 -0.00163817 -0.00142655 -0.00136429 -0.00140916 -0.00174163 -0.0017062 -0.00133297 -0.0012841 -0.000867405 -0.00133374 -0.000799257 -0.00214636 -0.00185089 -0.00129899 -0.00122214 -0.000956171 -0.000885162 -0.000789052 -0.000645329 -0.00031043 -0.000760591 
-0.000380868 -0.00047704 -0.000851927 -0.00129124 -0.0016879 -0.0014945 -0.00202108 -0.00142309 -0.00214112 -0.00246546 -0.00257664 -0.0020707 -0.00308321 -0.00185811 -0.00264 -0.0034136 -0.0037007 -0.0039293 -0.00347358 -0.00379997 -0.00464511 -0.00420617 -0.00557802 -0.00447455 -0.00477143 -0.00526591 -0.00530594 -0.00405444 -0.0041953 -0.00468385 -0.0039918 -0.00396312 -0.00359027 -0.00370404 -0.00242328 -0.00312864 -0.00321983 -0.00256738 -0.0034351 -0.00192979 -0.0018952 -0.00235003 -0.00261852 -0.00233972 -0.0021638 -0.00198433 -0.00214695 -0.00154113 -0.0024694 -0.00157479 -0.00197277 -0.0014979 -0.00196441 -0.00208404 -0.0014671 -0.00250651 -0.00122707 -0.00193655 -0.00153653 -0.00186364 -0.00152883 -0.00222368 -0.00180233 -0.00233986 -0.00208776 -0.00159324 -0.00192198 -0.0016826 -0.00107889 -0.00110413 -0.00111321 -0.00131864 -0.00151287 -0.00142278 -0.00150153 -0.00164569 -0.00172407 -0.00151512 -0.00113781 -0.00176446 -0.00142452 -0.00159737 -0.00174771 -0.00152768 -0.0019399 -0.00161044 -0.0016604 -0.00215403 -0.00175779 -0.00143891 -0.00145767 -0.00110961 -0.00144936 -0.000882284 -0.000923813 -0.000913036 -0.00112681 -0.000464915 -0.00103327 -0.000308228 
-0.000186447 -0.000693602 -0.0010174 -0.000835377 -0.00197617 -0.00173414 -0.00222095 -0.00195319 -0.00232744 -0.00200384 -0.00281001 -0.00231541 -0.00183891 -0.00271388 -0.00247899 -0.00379741 -0.00366682 -0.00333251 -0.00368931 -0.00437887 -0.00409995 -0.00535097 -0.00437091 -0.00554665 -0.00490587 -0.00593994 -0.00403449 -0.00546078 -0.00393123 -0.00542792 -0.00393819 -0.00485932 -0.00289613 -0.00360355 -0.0035655 -0.00273732 -0.00251343 -0.00260572 -0.00257707 -0.0027873 -0.0022716 -0.00280785 -0.00234451 -0.00188209 -0.00196374 -0.00160935 -0.00196062 -0.00204836 -0.00216592 -0.00236017 -0.00154681 -0.0018298 -0.00161131 -0.00185571 -0.00238129 -0.00174297 -0.00216065 -0.00179127 -0.00154554 -0.00174226 -0.00200903 -0.00197791 -0.00176902 -0.00233821 -0.00154076 -0.00175288 -0.00193885 -0.00150785 -0.00144293 -0.00229622 -0.00160044 -0.00122251 -0.00156783 -0.00184892 -0.00190471 -0.00174537 -0.00168041 -0.00160091 -0.00111899 -0.00134241 -0.00117231 -0.00176817 -0.00135763 -0.00180434 -0.00155125 -0.00132003 -0.00142477 -0.00147584 -0.0017779 -0.00132338 -0.0014313 -0.00171476 -0.00117286 -0.00149552 -0.00171728 -0.00078067 -0.000769531 -0.000550673 -0.000215792 -0.000261915 
-0 -0.000985164 -0.00137862 -0.00110199 -0.00132628 -0.00179671 -0.00230823 -0.00180483 -0.00238822 -0.00276876 -0.00211094 -0.00224107 -0.0025718 -0.00254406 -0.0021806 -0.00286145 -0.00264281 -0.00345732 -0.00343608 -0.00423527 -0.00487569 -0.00322542 -0.00541331 -0.00478254 -0.00445032 -0.00578334 -0.00390538 -0.00576419 -0.00351175 -0.00552667 -0.00351634 -0.00448152 -0.00310191 -0.00323536 -0.00333664 -0.00287013 -0.00315136 -0.00232975 -0.00274845 -0.0018006 -0.0027236 -0.00295916 -0.00271428 -0.00223689 -0.00204074 -0.00237574 -0.00208365 -0.00166654 -0.00206507 -0.0021124 -0.00174726 -0.00189107 -0.0017534 -0.00187463 -0.00164635 -0.00202567 -0.0026945 -0.00190235 -0.00235166 -0.00131172 -0.00178727 -0.00190502 -0.00192293 -0.00179051 -0.00173391 -0.00187834 -0.00181775 -0.00197973 -0.00205493 -0.00171464 -0.00142961 -0.00173272 -0.00169724 -0.00148746 -0.00131437 -0.00167492 -0.00236647 -0.00134635 -0.0010896 -0.00183614 -0.00168263 -0.00197818 -0.00143536 -0.00112504 -0.00155071 -0.00191516 -0.0014514 -0.00129388 -0.00131048 -0.00118538 -0.00165422 -0.00184453 -0.00129024 -0.00150724 -0.00143051 -0.000843393 -0.000923345 -0.000959326 -0.000534893 -7.81499e-06 
-5.9541e-05 -0.000896269 -0.000813646 -0.00103229 -0.00169221 -0.00147959 -0.00250566 -0.00211428 -0.00258885 -0.00196586 -0.00292844 -0.00200582 -0.00242677 -0.00225688 -0.00337787 -0.00340563 -0.00345383 -0.00384982 -0.00349809 -0.00418013 -0.00380548 -0.00366699 -0.00387109 -0.00434538 -0.00425682 -0.0041126 -0.00456922 -0.00389621 -0.00382119 -0.00363654 -0.00347735 -0.00429395 -0.00308363 -0.00384305 -0.00375859 -0.0033074 -0.00261521 -0.00317631 -0.00256363 -0.00329718 -0.00285047 -0.00277361 -0.00187854 -0.00208075 -0.00189254 -0.00255258 -0.00215954 -0.00205423 -0.00223538 -0.0018541 -0.00137637 -0.00198817 -0.00211757 -0.0023338 -0.00186671 -0.00165078 -0.00237649 -0.00153172 -0.00244325 -0.00220124 -0.00244647 -0.00178239 -0.00147195 -0.00180833 -0.0017847 -0.00171766 -0.0015417 -0.00133965 -0.00214517 -0.00219963 -0.00247509 -0.00194899 -0.00172022 -0.00180241 -0.00189211 -0.00131492 -0.0018099 -0.00141269 -0.00192983 -0.00142931 -0.00173655 -0.00185342 -0.00129376 -0.00181002 -0.00169217 -0.00122725 -0.00154277 -0.00129936 -0.00167725 -0.00154149 -0.00141871 -0.00118221 -0.00120721 -0.00124339 -0.00104612 -0.000912947 -0.00128434 -0.000932725 -0.000988555 -0.000283837 
-0.000677537 -0.000720541 -0.000344322 -0.000716688 -0.00153291 -0.001767 -0.00183567 -0.00192959 -0.00175957 -0.00192568 -0.00188463 -0.00228798 -0.00291471 -0.00206211 -0.00255152 -0.0021646 -0.0030396 -0.00320542 -0.00379919 -0.00432886 -0.00415205 -0.00481969 -0.00544157 -0.00573968 -0.00571693 -0.00500922 -0.00389855 -0.00429537 -0.0049332 -0.00423286 -0.00463439 -0.00450934 -0.00284667 -0.00251316 -0.00269862 -0.00319437 -0.00313501 -0.00229527 -0.0029723 -0.00214035 -0.00212291 -0.00223071 -0.00230819 -0.00236745 -0.00199317 -0.0015409 -0.00184855 -0.00221681 -0.00199554 -0.00243564 -0.00158624 -0.00195005 -0.00166439 -0.00238154 -0.00197053 -0.00228567 -0.00215697 -0.0019063 -0.00199028 -0.00204441 -0.00260644 -0.00197268 -0.00201293 -0.00162186 -0.0023599 -0.00249876 -0.00198577 -0.00168666 -0.0013378 -0.00147269 -0.00137863 -0.00253819 -0.00207335 -0.00193708 -0.00142321 -0.00169118 -0.00144431 -0.00181483 -0.00147532 -0.00176054 -0.00161399 -0.0011395 -0.0015419 -0.00154456 -0.00155142 -0.00180989 -0.00119796 -0.00152766 -0.00194116 -0.00191807 -0.00174897 -0.00148687 -0.0014662 -0.00118827 -0.00112934 -0.00106958 -0.00136058 -0.000942176 -0.00047573 -0.000351019 
-0.000570371 -0.000765723 -0.00144601 -0.00165781 -0.00185642 -0.00164074 -0.00187144 -0.00196326 -0.00250705 -0.00229657 -0.00171442 -0.00233542 -0.00148237 -0.00260176 -0.0024056 -0.00297738 -0.00280744 -0.00312761 -0.00381742 -0.00318864 -0.0055361 -0.00312835 -0.00589409 -0.00503597 -0.00460835 -0.00436451 -0.0048167 -0.00426971 -0.00408937 -0.00429585 -0.00358791 -0.00403143 -0.00296425 -0.00347145 -0.00257576 -0.00272499 -0.00261913 -0.00331314 -0.0024011 -0.00285781 -0.00199326 -0.00223108 -0.00160257 -0.00234537 -0.00189183 -0.00239786 -0.00209857 -0.00170342 -0.00175797 -0.0021159 -0.00171143 -0.00179484 -0.00210769 -0.00323667 -0.00258071 -0.00175104 -0.00215003 -0.00181001 -0.00201252 -0.00217189 -0.0016957 -0.00228088 -0.00175558 -0.00245995 -0.00193601 -0.00222357 -0.00174472 -0.00182085 -0.00137566 -0.00148758 -0.00150385 -0.00155029 -0.00199341 -0.00164 -0.00172702 -0.00152596 -0.00195431 -0.00134452 -0.00148568 -0.00148035 -0.00166457 -0.00169449 -0.00125312 -0.00116037 -0.00141357 -0.00125861 -0.00144915 -0.000831837 -0.00235229 -0.001942 -0.00170188 -0.000974498 -0.00145842 -0.00111333 -0.00201223 -0.00168718 -0.0012668 -0.00102242 -0.000915758 -0.000259865 
-6.6249e-05 -0.00106127 -0.00102581 -0.00112393 -0.00150171 -0.00179766 -0.00205035 -0.00198725 -0.00200737 -0.0019372 -0.00169666 -0.00287423 -0.00195014 -0.00308599 -0.00181038 -0.00331049 -0.00322909 -0.00389458 -0.00257159 -0.00524298 -0.00423003 -0.00478479 -0.00455512 -0.00430193 -0.00485879 -0.00460927 -0.00413667 -0.00500801 -0.00475167 -0.00452638 -0.00401494 -0.00395714 -0.00359212 -0.00370317 -0.00242351 -0.00326457 -0.00271144 -0.00362827 -0.0019898 -0.00230304 -0.00214059 -0.00242684 -0.00205343 -0.00238082 -0.0024728 -0.00245185 -0.00231672 -0.00266651 -0.00214972 -0.00186401 -0.00241542 -0.00231525 -0.00174965 -0.00169015 -0.00238845 -0.00193796 -0.00174607 -0.00133271 -0.00213018 -0.001729 -0.00176994 -0.00222131 -0.00180389 -0.00199209 -0.00157099 -0.00140261 -0.00168605 -0.00169071 -0.00176557 -0.00206102 -0.00106252 -0.00208104 -0.00132977 -0.00225989 -0.00159525 -0.00176765 -0.0016154 -0.00155054 -0.00182972 -0.001345 -0.00146145 -0.00199931 -0.00175571 -0.00138802 -0.0016848 -0.0022748 -0.00126497 -0.00120415 -0.00129605 -0.00127061 -0.000924084 -0.00151922 -0.00238448 -0.00162556 -0.00112406 -0.00108016 -0.000963342 -0.000928989 -0.0005857 -0.000174654 
-0.000465066 -0.000876927 -0.000807782 -0.00173858 -0.00152311 -0.00182842 -0.00149574 -0.00225444 -0.00217369 -0.00215086 -0.00266486 -0.00184347 -0.00218816 -0.00312509 -0.00273095 -0.00381485 -0.00321672 -0.00368614 -0.00360429 -0.00419661 -0.00436919 -0.00433219 -0.00519755 -0.00397505 -0.00425158 -0.00503372 -0.00483461 -0.00517774 -0.00338847 -0.0044283 -0.00378233 -0.00403585 -0.00353097 -0.00357681 -0.00348803 -0.00267209 -0.00255489 -0.00241392 -0.00186341 -0.00248664 -0.00212936 -0.00302811 -0.00262712 -0.00222545 -0.0023956 -0.00192883 -0.00252481 -0.00210244 -0.00252667 -0.002485 -0.00275559 -0.00229696 -0.00220169 -0.00216756 -0.00320558 -0.00156538 -0.00121454 -0.00186592 -0.00170627 -0.00236316 -0.00220977 -0.00257245 -0.0017394 -0.00128752 -0.00138893 -0.00203457 -0.00272176 -0.00174976 -0.00154192 -0.00222405 -0.00186643 -0.00160055 -0.00175427 -0.00209269 -0.00185025 -0.00179275 -0.00132719 -0.00162686 -0.00172052 -0.00162764 -0.00173457 -0.00151572 -0.00163606 -0.00105362 -0.00151308 -0.00137568 -0.00168336 -0.00185706 -0.00120745 -0.00147108 -0.00119365 -0.00114666 -0.00120115 -0.000862448 -0.00131052 -0.000974589 -0.00110578 -0.000624818 -0.000627277 -0.000177019 
-0.000244552 -0.000883122 -0.00137336 -0.00104496 -0.00171207 -0.0020438 -0.00160345 -0.00175524 -0.00202359 -0.00183659 -0.00149587 -0.00199274 -0.00204591 -0.00303323 -0.00267524 -0.00361884 -0.00304581 -0.00312631 -0.00322394 -0.0052662 -0.00383232 -0.00403123 -0.00559874 -0.00465094 -0.00452427 -0.00440443 -0.00539423 -0.00493726 -0.00460737 -0.00437751 -0.00435235 -0.00340143 -0.00341442 -0.00324457 -0.00272861 -0.00277829 -0.00208295 -0.00280735 -0.0024293 -0.00245216 -0.00198284 -0.00288674 -0.002747 -0.00251966 -0.00250804 -0.00280632 -0.00240226 -0.00226223 -0.00215675 -0.00183293 -0.00244237 -0.0021186 -0.00178381 -0.00190596 -0.00174948 -0.0019004 -0.00201671 -0.00214191 -0.00227618 -0.00212013 -0.00218265 -0.00176661 -0.00150124 -0.00161862 -0.00203163 -0.00183842 -0.00237376 -0.00231386 -0.00182786 -0.00181074 -0.00172421 -0.00165843 -0.00140818 -0.00217579 -0.00187599 -0.0017556 -0.0015706 -0.00191234 -0.00187054 -0.0021481 -0.00144218 -0.00174869 -0.00172873 -0.001581 -0.00149426 -0.00157882 -0.00171157 -0.00172683 -0.00129073 -0.00238818 -0.00163 -0.00137646 -0.00112118 -0.00136399 -0.000965634 -0.0014475 -0.00115838 -0.000610555 -0.000688688 -0.000289758 
-8.77193e-05 -0.000699803 -0.00120812 -0.00110303 -0.00137762 -0.00155034 -0.00156653 -0.00216679 -0.0010227 -0.00217421 -0.00216995 -0.00277476 -0.00189435 -0.00289128 -0.00223182 -0.00278416 -0.00293142 -0.00373906 -0.00354762 -0.00365055 -0.0049756 -0.00432043 -0.00410234 -0.00393447 -0.00591354 -0.0050439 -0.00566811 -0.00407149 -0.00578244 -0.00373337 -0.00377056 -0.00431411 -0.00376905 -0.00421693 -0.00325269 -0.00354721 -0.00215521 -0.00240146 -0.00246483 -0.00270354 -0.00253855 -0.00213996 -0.00209908 -0.00286071 -0.00232982 -0.00249748 -0.00242851 -0.00215829 -0.00263035 -0.00194834 -0.00209507 -0.00208425 -0.00189393 -0.00212993 -0.00183784 -0.00252488 -0.0014445 -0.00200343 -0.00181215 -0.00176394 -0.00146549 -0.00216981 -0.00159263 -0.00180394 -0.0020629 -0.00172666 -0.00118378 -0.00189027 -0.00165141 -0.00221772 -0.00190882 -0.00206234 -0.00192512 -0.00188054 -0.00220803 -0.00194263 -0.001871 -0.00185143 -0.00170041 -0.00169574 -0.00135193 -0.0013891 -0.00165636 -0.00130895 -0.00156038 -0.00174892 -0.00229065 -0.00164621 -0.00200029 -0.00173433 -0.0013608 -0.00120842 -0.00134611 -0.00151478 -0.00145003 -0.000518167 -0.00158027 -0.000553294 -0.000711068 -0.000371594 
-0.000167756 -0.000602938 -0.000856471 -0.000972633 -0.00139826 -0.00166553 -0.00226523 -0.00231744 -0.00170099 -0.00233283 -0.00172678 -0.0022695 -0.00228803 -0.0026684 -0.00200567 -0.00309345 -0.00357784 -0.00379751 -0.00311053 -0.00340881 -0.0036325 -0.00493362 -0.00353143 -0.00496634 -0.00441592 -0.00432217 -0.00501244 -0.00421849 -0.00362308 -0.00436773 -0.00441645 -0.00374875 -0.00338563 -0.00321641 -0.00271051 -0.00315655 -0.00278821 -0.00154468 -0.00261059 -0.00220691 -0.00273408 -0.00191371 -0.00261324 -0.0022485 -0.00269377 -0.00202956 -0.00245858 -0.00294808 -0.00203456 -0.00244727 -0.00214475 -0.00207477 -0.00155636 -0.00182988 -0.0021696 -0.00207513 -0.00244909 -0.00212197 -0.00258143 -0.00185086 -0.00208982 -0.00141764 -0.00201424 -0.00187279 -0.0018167 -0.00173453 -0.00208259 -0.00123459 -0.00167047 -0.0012342 -0.00152328 -0.00251191 -0.00206081 -0.00175221 -0.00179155 -0.00247389 -0.00245331 -0.00206017 -0.00144008 -0.00148083 -0.00162164 -0.00213145 -0.00162369 -0.00196772 -0.00180132 -0.00162615 -0.00116029 -0.00147731 -0.00161274 -0.000895618 -0.00169077 -0.00185022 -0.0018597 -0.00151615 -0.000902219 -0.00142956 -0.00135471 -0.00102219 -0.00054157 -0.000117194 
-0.000199902 -0.000739228 -0.0011066 -0.00119094 -0.00152544 -0.00191105 -0.00287696 -0.00201433 -0.00195019 -0.00137057 -0.00170929 -0.00168896 -0.00179436 -0.00217258 -0.00358336 -0.00277945 -0.00315765 -0.00302206 -0.00377187 -0.0025782 -0.00470845 -0.00375214 -0.00423874 -0.00458802 -0.00389307 -0.00436943 -0.00454861 -0.00385462 -0.00404073 -0.00394873 -0.00367779 -0.00440904 -0.00357197 -0.0027353 -0.00339054 -0.00342951 -0.00316748 -0.00197818 -0.002538 -0.00198269 -0.00241217 -0.00226002 -0.00215312 -0.00222915 -0.00182355 -0.00239452 -0.00287313 -0.00275386 -0.00237406 -0.00201104 -0.00234625 -0.00207046 -0.00285209 -0.00221203 -0.00149746 -0.00276768 -0.00253607 -0.00192648 -0.00133553 -0.00160004 -0.00189921 -0.00177816 -0.0019091 -0.00166764 -0.00174327 -0.00175386 -0.00147749 -0.00178325 -0.00171224 -0.00229971 -0.00217023 -0.00145508 -0.00136491 -0.00128563 -0.00166924 -0.00229113 -0.00224621 -0.00184082 -0.00186476 -0.00128311 -0.00130023 -0.00168866 -0.00166613 -0.00161124 -0.00148828 -0.00194926 -0.00251923 -0.0019045 -0.00213555 -0.00161132 -0.00183486 -0.00172185 -0.00173087 -0.00104164 -0.00152934 -0.00108822 -0.000765216 -0.000719108 -0.000724788 -0.00026546 
-0.000163348 -0.00060499 -0.000693689 -0.000790656 -0.00138906 -0.00144871 -0.00120376 -0.00176779 -0.00249564 -0.00207854 -0.00217017 -0.00194295 -0.0018583 -0.00200147 -0.00265564 -0.00296326 -0.0028113 -0.00388182 -0.00411051 -0.00460062 -0.00382936 -0.00533952 -0.00459431 -0.00445495 -0.00390295 -0.00401987 -0.00528307 -0.00276229 -0.00515612 -0.00374499 -0.00435646 -0.00344805 -0.00362235 -0.00263881 -0.00362658 -0.00348159 -0.00290843 -0.0022814 -0.00194251 -0.0026326 -0.00229697 -0.00245651 -0.00276656 -0.0020106 -0.00222209 -0.00259006 -0.00199547 -0.00248109 -0.00165469 -0.00202653 -0.00184442 -0.0024379 -0.00150607 -0.00267638 -0.00181388 -0.0024381 -0.00200982 -0.0018298 -0.00233265 -0.0024475 -0.00134123 -0.00239635 -0.00136386 -0.00216161 -0.00182568 -0.00198517 -0.00197589 -0.00114028 -0.00180781 -0.00150039 -0.00176978 -0.00162116 -0.00178782 -0.00179987 -0.00149837 -0.00208626 -0.00199924 -0.00164027 -0.00179107 -0.00190545 -0.00187055 -0.0016246 -0.00194081 -0.00193821 -0.00186702 -0.00192246 -0.00180625 -0.00127044 -0.001321 -0.00150393 -0.00183443 -0.00172734 -0.00186467 -0.000745969 -0.00138901 -0.000814649 -0.000533021 -0.000840605 -0.000484251 -0.000359723 
-0.000515572 -0.00121193 -0.000648415 -0.000915523 -0.00178228 -0.00121435 -0.00204676 -0.00174572 -0.00134029 -0.00227726 -0.00181248 -0.00197859 -0.00215937 -0.00254366 -0.00211562 -0.00287452 -0.00361432 -0.00350469 -0.00411924 -0.00390462 -0.00509756 -0.00456663 -0.00364915 -0.00327697 -0.00472102 -0.00426722 -0.00442677 -0.00473973 -0.00482875 -0.00373425 -0.00466423 -0.00386371 -0.00436707 -0.00353746 -0.00331288 -0.00234683 -0.00320524 -0.00246275 -0.00224676 -0.00220535 -0.00233551 -0.00262059 -0.00190255 -0.00202971 -0.0023618 -0.00169479 -0.00212333 -0.00148296 -0.0024394 -0.00243838 -0.00181598 -0.00220669 -0.00162735 -0.00233923 -0.00147084 -0.00196574 -0.0021751 -0.00189581 -0.00268735 -0.00166989 -0.00228749 -0.00145186 -0.00189294 -0.00115513 -0.00206121 -0.00159521 -0.00240654 -0.00224453 -0.00231633 -0.00185633 -0.00223481 -0.00139032 -0.00212809 -0.00175481 -0.00182097 -0.00166341 -0.00134377 -0.00159929 -0.0017867 -0.00169497 -0.00149594 -0.00117134 -0.00196319 -0.00168846 -0.00186028 -0.00189896 -0.0013636 -0.0012737 -0.00196051 -0.00139921 -0.00207213 -0.00171712 -0.00180333 -0.00154693 -0.00106766 -0.00105742 -0.000939364 -0.000689116 -0.000538831 -0.00018206 
-0.000505686 -0.000348687 -0.000530049 -0.00131352 -0.00114408 -0.00174404 -0.00139498 -0.00178651 -0.00136188 -0.00230737 -0.00201755 -0.0019737 -0.00218654 -0.00225492 -0.00269047 -0.00334471 -0.00304397 -0.00282508 -0.00379799 -0.00376216 -0.00390766 -0.00356386 -0.00615287 -0.00417537 -0.00429533 -0.00377025 -0.00508932 -0.00374047 -0.00402102 -0.00381689 -0.00434114 -0.0037633 -0.00427689 -0.00341928 -0.00340326 -0.00315131 -0.00235047 -0.00294713 -0.00236395 -0.00280734 -0.00215423 -0.00261934 -0.00210042 -0.00229986 -0.00243211 -0.00146373 -0.0020983 -0.00150088 -0.0020759 -0.00199324 -0.00271169 -0.00183169 -0.00229506 -0.00181742 -0.00231486 -0.0023649 -0.00210563 -0.00195575 -0.0017734 -0.00240647 -0.00137226 -0.00162801 -0.00122924 -0.00239289 -0.00201149 -0.00159657 -0.00215245 -0.00216309 -0.00176426 -0.00190236 -0.00125522 -0.00157434 -0.00154681 -0.00167315 -0.00186221 -0.00143802 -0.00225492 -0.00131638 -0.00145806 -0.00155032 -0.00120853 -0.00178625 -0.00184241 -0.00165577 -0.00130453 -0.0026043 -0.00191163 -0.00156952 -0.00113505 -0.00157489 -0.00168752 -0.00177769 -0.00100495 -0.00161348 -0.00111303 -0.00208144 -0.00141453 -0.00118919 -0.000827504 -0.000309873 
-0.000188185 -0.00060888 -0.000856741 -0.00132728 -0.001796 -0.0019676 -0.00197437 -0.00214306 -0.00143407 -0.00179685 -0.00197549 -0.00162626 -0.00275583 -0.00302846 -0.00336947 -0.0036543 -0.00355088 -0.00264148 -0.00340685 -0.00366282 -0.00385767 -0.00601657 -0.00354788 -0.00510205 -0.00460544 -0.00522527 -0.00461764 -0.0055617 -0.00418479 -0.00548897 -0.00402958 -0.00468689 -0.00450039 -0.00286478 -0.00286969 -0.00288146 -0.00296901 -0.00204812 -0.00224897 -0.00273411 -0.00255499 -0.00246549 -0.00202339 -0.001796 -0.00195419 -0.00165673 -0.00232226 -0.00177129 -0.0021591 -0.00236795 -0.00237918 -0.00188225 -0.00190566 -0.00216356 -0.00186924 -0.00203835 -0.00156168 -0.00207294 -0.00200883 -0.00160747 -0.0022338 -0.00199985 -0.00178123 -0.00124069 -0.0018426 -0.00239488 -0.00221582 -0.00138613 -0.00157945 -0.00158016 -0.00169264 -0.00175714 -0.00129932 -0.00136187 -0.00217305 -0.00251185 -0.00195516 -0.00170481 -0.00203355 -0.00201869 -0.00166339 -0.00166991 -0.00141215 -0.00137471 -0.00166822 -0.00152034 -0.0019996 -0.00104423 -0.00128742 -0.0010465 -0.00116377 -0.00103077 -0.00146185 -0.00197699 -0.00161024 -0.00131516 -0.00106811 -0.00146962 -0.000368727 -2.32231e-05 
-0.000296947 -0.000772577 -0.000972191 -0.00114383 -0.00140941 -0.00154561 -0.00183894 -0.00195364 -0.00150262 -0.00188632 -0.00221561 -0.00214572 -0.00220026 -0.002644 -0.00239801 -0.00301699 -0.00310885 -0.00450212 -0.003626 -0.00564312 -0.00373828 -0.00634903 -0.00390084 -0.00467935 -0.00432645 -0.00478404 -0.00528617 -0.00488456 -0.00436707 -0.00416247 -0.00428497 -0.00423872 -0.00350196 -0.00344598 -0.00364836 -0.00304264 -0.003049 -0.00268545 -0.00253969 -0.001991 -0.00271541 -0.00200027 -0.0025027 -0.00184581 -0.00273209 -0.00255446 -0.00220173 -0.00217289 -0.00193112 -0.00272525 -0.0020188 -0.00207021 -0.0025058 -0.00202935 -0.00197747 -0.00214632 -0.00194141 -0.00237192 -0.00249695 -0.00160747 -0.00175776 -0.000927206 -0.00145812 -0.00145752 -0.0017616 -0.00192602 -0.00228292 -0.00199333 -0.00213884 -0.00164581 -0.0016211 -0.00182004 -0.00173112 -0.00184596 -0.00138995 -0.00210631 -0.00135599 -0.00211119 -0.00197168 -0.00131267 -0.00178618 -0.00188037 -0.0022098 -0.001539 -0.00141783 -0.00127915 -0.00127226 -0.00138358 -0.00181089 -0.00132899 -0.00135523 -0.00103232 -0.00118997 -0.00114335 -0.00105613 -0.00113926 -0.0011746 -0.00080395 -0.00109465 -0.000257525 
-0.000582001 -0.000759563 -0.000780165 -0.00116273 -0.000917778 -0.00178707 -0.00166239 -0.00215823 -0.00220072 -0.00230311 -0.00164437 -0.00265789 -0.00214656 -0.00293611 -0.00281386 -0.00311177 -0.00337638 -0.00285683 -0.00433336 -0.00369387 -0.00430579 -0.00471382 -0.00440519 -0.00447924 -0.0050057 -0.00562743 -0.00414838 -0.00472496 -0.00402776 -0.00510325 -0.00426864 -0.00395793 -0.00396297 -0.00343762 -0.00372217 -0.00306371 -0.00269812 -0.00265142 -0.00242688 -0.00252352 -0.00297228 -0.00211311 -0.0025488 -0.00245454 -0.00204104 -0.00256351 -0.00216107 -0.00202116 -0.00226634 -0.00243247 -0.00136334 -0.00192039 -0.00193184 -0.00253063 -0.00226488 -0.00225061 -0.00216913 -0.00160605 -0.00212831 -0.00271409 -0.002118 -0.00207219 -0.00230112 -0.00174476 -0.00176967 -0.0018148 -0.00152395 -0.00168158 -0.00187179 -0.00186835 -0.00122123 -0.00234647 -0.00185638 -0.00226557 -0.00223093 -0.00165953 -0.0017742 -0.00203406 -0.00196599 -0.00177915 -0.00157788 -0.00187348 -0.00189655 -0.001918 -0.00172318 -0.00215033 -0.00170536 -0.00131583 -0.00135123 -0.00100653 -0.00119219 -0.00113498 -0.00105533 -0.00135614 -0.00103322 -0.000896072 -0.00123594 -0.0011501 -0.000548495 -0.000284218 
-3.7315e-05 -0.000687365 -0.00103997 -0.000658765 -0.0017218 -0.00148977 -0.00218331 -0.00173587 -0.00253632 -0.00175177 -0.00193296 -0.0013774 -0.00220443 -0.00289019 -0.00336711 -0.00393713 -0.00393689 -0.00443979 -0.00381236 -0.00436933 -0.00487906 -0.00346741 -0.00407466 -0.00547879 -0.00410987 -0.00497535 -0.00442245 -0.00593503 -0.00347717 -0.00455787 -0.00446647 -0.00353018 -0.00363206 -0.00371398 -0.00330198 -0.00258729 -0.00263173 -0.0030407 -0.00267269 -0.00294679 -0.00231903 -0.00210009 -0.00288602 -0.00276493 -0.0022097 -0.00229822 -0.00224798 -0.00207155 -0.00217058 -0.00229621 -0.00194355 -0.00256465 -0.00195681 -0.00205083 -0.00242695 -0.00174943 -0.00243028 -0.00162037 -0.0021336 -0.00269614 -0.00193103 -0.00190348 -0.00183025 -0.00195756 -0.00191324 -0.00172539 -0.00235542 -0.00192106 -0.00151745 -0.00143615 -0.00226545 -0.00202853 -0.00187508 -0.00207739 -0.00186867 -0.00128045 -0.00178733 -0.00130155 -0.0013659 -0.00150808 -0.00170032 -0.00169968 -0.00182185 -0.00200511 -0.00193578 -0.00178516 -0.00174718 -0.00161524 -0.00200533 -0.00165056 -0.0015355 -0.00185337 -0.00155838 -0.00143733 -0.00129237 -0.00111265 -0.000820228 -0.00120369 -0.000591195 -0.00010488 
-0.000245007 -0.000440172 -0.00148535 -0.000669436 -0.00163796 -0.00122101 -0.00150741 -0.00196159 -0.00193645 -0.00183212 -0.00210973 -0.00183401 -0.00232531 -0.00268445 -0.00343119 -0.00331264 -0.00288134 -0.00294299 -0.003402 -0.00365312 -0.00396123 -0.00347979 -0.00453707 -0.00459968 -0.00436117 -0.00425813 -0.00424008 -0.00449276 -0.00336717 -0.00384101 -0.00394684 -0.00324638 -0.00375343 -0.00343548 -0.00310876 -0.00311892 -0.00241649 -0.00229246 -0.0027291 -0.00276767 -0.00269336 -0.00233983 -0.00211794 -0.00206584 -0.00204791 -0.00258635 -0.00206085 -0.00303665 -0.0024095 -0.00254739 -0.00180576 -0.00209593 -0.00161443 -0.00272617 -0.00208085 -0.00214541 -0.00251573 -0.00228312 -0.00212687 -0.00225227 -0.00146589 -0.0024492 -0.00164008 -0.00206426 -0.00207812 -0.00198555 -0.00184934 -0.00178184 -0.00277427 -0.00242713 -0.00184824 -0.00176554 -0.00174398 -0.00177143 -0.00189938 -0.00175577 -0.00133266 -0.00165844 -0.00115439 -0.00182446 -0.001789 -0.00172922 -0.00204592 -0.001757 -0.00222973 -0.0011779 -0.0015552 -0.00112489 -0.00180714 -0.0020119 -0.00150958 -0.00132402 -0.00180667 -0.00115203 -0.0017947 -0.00108884 -0.00112199 -0.000721813 -0.000553376 -0.000179665 
-0.000201687 -0.000521471 -0.00105497 -0.00133082 -0.00121936 -0.00192286 -0.00152499 -0.0016614 -0.00190685 -0.00160771 -0.00193127 -0.00192533 -0.0018863 -0.00273336 -0.00314852 -0.00331015 -0.0029853 -0.00347195 -0.00274714 -0.00363816 -0.00463762 -0.00422496 -0.00502558 -0.00473055 -0.00474699 -0.00446239 -0.0044236 -0.0035862 -0.00516062 -0.00332458 -0.0048364 -0.00324119 -0.00322523 -0.00286554 -0.00300815 -0.00249019 -0.00253515 -0.00262363 -0.00234788 -0.0027113 -0.00298125 -0.00226647 -0.00199266 -0.00251748 -0.00229645 -0.00187359 -0.00241598 -0.00180215 -0.00259789 -0.00206836 -0.0020406 -0.00179927 -0.00268499 -0.00179041 -0.00223324 -0.00228608 -0.0021885 -0.00233198 -0.00160621 -0.0013765 -0.00155183 -0.00127335 -0.00152107 -0.00156477 -0.0017994 -0.00174389 -0.00239682 -0.00246868 -0.00175277 -0.00202341 -0.00179919 -0.00184842 -0.00165908 -0.00221257 -0.00172705 -0.00194745 -0.00144871 -0.00179974 -0.00129403 -0.00177246 -0.00185892 -0.00196713 -0.00234612 -0.00191019 -0.00171263 -0.00235262 -0.0013385 -0.00154055 -0.00153158 -0.00133229 -0.0012975 -0.00137127 -0.00169447 -0.00183544 -0.00130326 -0.00169915 -0.000969643 -0.00143363 -0.000613379 -0.000335629 
-0.000426251 -0.000965957 -0.000817993 -0.00112003 -0.00124389 -0.00131455 -0.00165108 -0.00138787 -0.00147986 -0.00169825 -0.00225742 -0.00215069 -0.00238406 -0.0025025 -0.00284044 -0.00282044 -0.0030217 -0.00359068 -0.00329227 -0.00459291 -0.00387234 -0.00446722 -0.00413602 -0.0045153 -0.00437552 -0.0047612 -0.00425619 -0.00385396 -0.00434335 -0.00388909 -0.00396785 -0.00292076 -0.00357416 -0.00324561 -0.00276659 -0.00280565 -0.00292192 -0.00273908 -0.00279457 -0.0026817 -0.00307778 -0.00257772 -0.00204914 -0.00234973 -0.00176812 -0.00226949 -0.00202938 -0.00277598 -0.00211699 -0.00196265 -0.0019606 -0.00175426 -0.00243734 -0.00194719 -0.00177732 -0.00225401 -0.00238591 -0.00164019 -0.00260812 -0.00146026 -0.00193262 -0.00155611 -0.00207843 -0.00220274 -0.00216788 -0.00184555 -0.0015377 -0.00164323 -0.00194815 -0.00202643 -0.00150056 -0.00192891 -0.00167263 -0.00172246 -0.00142424 -0.00206103 -0.00205764 -0.00158243 -0.00108314 -0.00179039 -0.00165274 -0.00244666 -0.00166586 -0.00151925 -0.00116919 -0.00118358 -0.00145837 -0.00114031 -0.00153433 -0.0011321 -0.00173217 -0.00126529 -0.00153857 -0.0014229 -0.00138366 -0.00201872 -0.00121363 -0.00142829 -0.000531579 -0.000119454 
-0.000362444 -0.00041598 -0.00078779 -0.000678093 -0.00118797 -0.00142763 -0.00154091 -0.00201954 -0.00209936 -0.00258408 -0.00210879 -0.00240485 -0.0023184 -0.0020141 -0.00267986 -0.00317055 -0.00360187 -0.00338521 -0.00470981 -0.00433515 -0.00419665 -0.00365573 -0.00383523 -0.0042845 -0.00416475 -0.00411071 -0.00549343 -0.00511355 -0.00445804 -0.00383977 -0.00407573 -0.00385916 -0.00329191 -0.00332816 -0.00316357 -0.00304165 -0.00283906 -0.0031036 -0.00322144 -0.00248937 -0.00251482 -0.00228605 -0.00235551 -0.00175723 -0.0020015 -0.00214498 -0.00201882 -0.00252081 -0.00218834 -0.00199023 -0.00221651 -0.00232097 -0.00198575 -0.0017962 -0.00215457 -0.00220626 -0.00163285 -0.00169439 -0.00187501 -0.00181562 -0.00201667 -0.00203693 -0.00239564 -0.00216591 -0.0018256 -0.00156893 -0.00175448 -0.00192577 -0.00167992 -0.00190738 -0.00165276 -0.00184967 -0.00209666 -0.00193549 -0.00196645 -0.00159456 -0.00133089 -0.00148362 -0.00130523 -0.00138501 -0.00210501 -0.0016506 -0.00252175 -0.00223662 -0.00185828 -0.00139231 -0.00110786 -0.00134657 -0.00182156 -0.00128805 -0.00191529 -0.00137335 -0.0015938 -0.00142275 -0.00118142 -0.00117247 -0.000878105 -0.000497625 -0.000670088 -0.000142091 
-0.000409047 -7.39917e-05 -0.000575662 -0.00104034 -0.00148015 -0.00133925 -0.00240404 -0.00163322 -0.00211923 -0.00180629 -0.00212467 -0.00204334 -0.0022434 -0.00288935 -0.00255706 -0.00262438 -0.00309317 -0.00405951 -0.00382276 -0.00416459 -0.00398185 -0.00479683 -0.00375903 -0.00381777 -0.00341975 -0.0054825 -0.0042975 -0.00566201 -0.00420185 -0.00423476 -0.00408207 -0.00329545 -0.00270047 -0.0035461 -0.00324276 -0.00310602 -0.00303273 -0.0029419 -0.00200513 -0.00248261 -0.00307809 -0.00179682 -0.00261208 -0.00246853 -0.00252475 -0.00239481 -0.00212806 -0.00277825 -0.00216229 -0.00223807 -0.00176417 -0.00228623 -0.00198556 -0.00244095 -0.00212115 -0.00260784 -0.002119 -0.00168669 -0.0017931 -0.00168728 -0.0018283 -0.00158616 -0.00235849 -0.000942251 -0.00274606 -0.00208706 -0.002452 -0.00195901 -0.00203578 -0.00173814 -0.00181826 -0.00148127 -0.00131925 -0.00196613 -0.00199832 -0.00213768 -0.00162024 -0.00116495 -0.00167012 -0.00134051 -0.00162378 -0.0027338 -0.00141914 -0.00172349 -0.0014116 -0.00113775 -0.00184175 -0.00112754 -0.00164254 -0.00137139 -0.00163024 -0.00150012 -0.00118677 -0.00171179 -0.00135329 -0.00118307 -0.00105834 -0.000827241 -0.000470564 -0.000140691 
-0.000528603 -0.000845565 -0.000845223 -0.00161691 -0.00110528 -0.00185403 -0.00138708 -0.00165585 -0.00122793 -0.0018538 -0.0015862 -0.0018628 -0.00275601 -0.00215592 -0.00266548 -0.0027378 -0.00295207 -0.00388647 -0.00308571 -0.00355358 -0.00340115 -0.00367964 -0.00500901 -0.00425301 -0.00503246 -0.00438367 -0.00529526 -0.00399621 -0.00514481 -0.00266269 -0.0036985 -0.00384577 -0.00359391 -0.00327728 -0.00244389 -0.00268474 -0.0026869 -0.00261986 -0.00251513 -0.00245192 -0.00240232 -0.00250212 -0.00200602 -0.00206029 -0.00271233 -0.00260654 -0.00234127 -0.00202162 -0.00209491 -0.0018035 -0.00219315 -0.00256822 -0.00211597 -0.00228964 -0.00210613 -0.00202693 -0.00208058 -0.00182818 -0.00228828 -0.00235303 -0.0018725 -0.00198307 -0.00159937 -0.00217476 -0.0014944 -0.00173332 -0.00206221 -0.0019456 -0.00226091 -0.0018386 -0.00222454 -0.00190414 -0.0021873 -0.00236344 -0.00159772 -0.00131038 -0.00180224 -0.00151295 -0.00184483 -0.00148896 -0.00208285 -0.00177335 -0.00199669 -0.00217246 -0.00186368 -0.00164415 -0.00168263 -0.000910678 -0.00179735 -0.0010599 -0.00169055 -0.00143826 -0.00173002 -0.00127918 -0.00168742 -0.0011453 -0.000869088 -0.000709842 -0.00049284 -0.000402169 
-0.000345685 -0.0005899 -0.000707272 -0.00141437 -0.00127932 -0.00117318 -0.00172551 -0.00130413 -0.00238051 -0.00213032 -0.00238174 -0.0017574 -0.00231385 -0.00252454 -0.00285542 -0.00273725 -0.00241205 -0.00318671 -0.00328567 -0.0039349 -0.0028443 -0.00387077 -0.00451017 -0.00380537 -0.00625072 -0.00459594 -0.00503064 -0.00421445 -0.00475557 -0.00344362 -0.00435271 -0.00342842 -0.00295937 -0.00294553 -0.00360563 -0.00289053 -0.00335818 -0.00269971 -0.00237726 -0.00233016 -0.00248994 -0.00208589 -0.0023172 -0.0023279 -0.00244897 -0.0021849 -0.00262912 -0.00163819 -0.00213316 -0.00207118 -0.00245025 -0.00150644 -0.00226355 -0.00162452 -0.00306582 -0.00264813 -0.00223529 -0.002154 -0.00142735 -0.00205111 -0.00192011 -0.00204063 -0.00182198 -0.00178629 -0.00127269 -0.00174169 -0.00166118 -0.00174691 -0.00147193 -0.00210724 -0.00185081 -0.00186942 -0.00219645 -0.00207688 -0.0021469 -0.00204806 -0.0013384 -0.00190862 -0.00171154 -0.00253736 -0.00125983 -0.00164618 -0.00145321 -0.00193001 -0.00121274 -0.0019597 -0.00209136 -0.00169372 -0.00167979 -0.00188884 -0.00194045 -0.00144852 -0.00127547 -0.00185777 -0.00123602 -0.0016449 -0.000921773 -0.000867936 -0.000589429 -0.000296813 
-3.90031e-05 -0.000990165 -0.000628572 -0.00107309 -0.00185201 -0.00182825 -0.00196326 -0.00158096 -0.00248723 -0.0016186 -0.00202336 -0.00189543 -0.00234702 -0.00272741 -0.00287727 -0.0033342 -0.002712 -0.00323068 -0.00245022 -0.00342992 -0.00354521 -0.00471735 -0.00489422 -0.00482875 -0.00469355 -0.00527967 -0.00511758 -0.00440495 -0.00551534 -0.00394715 -0.00456841 -0.00438539 -0.00390375 -0.00294706 -0.00385396 -0.0025153 -0.0027889 -0.00231218 -0.00238795 -0.002553 -0.00188103 -0.00226482 -0.0025256 -0.00175132 -0.00210123 -0.00229957 -0.00223762 -0.00266033 -0.00238178 -0.00211653 -0.00274725 -0.00227437 -0.00217407 -0.00254851 -0.00242179 -0.00130056 -0.00217257 -0.00138822 -0.00186051 -0.00225663 -0.00209228 -0.00210486 -0.00204803 -0.00132399 -0.00223346 -0.0014632 -0.00207678 -0.00215117 -0.00194639 -0.00192967 -0.00194769 -0.0020205 -0.0029669 -0.00179746 -0.00110706 -0.00133797 -0.00148809 -0.00159158 -0.00145513 -0.00180894 -0.0021049 -0.00202857 -0.00158607 -0.00166077 -0.00172756 -0.00195105 -0.00200763 -0.00167719 -0.00206768 -0.000974269 -0.00179476 -0.00101488 -0.00165776 -0.000769688 -0.00198742 -0.00123456 -0.00115666 -0.000708625 -0.000872558 -0.000193647 
-0.00014686 -0.000447978 -0.00104833 -0.00110036 -0.00180974 -0.00137291 -0.00210493 -0.00169753 -0.00249369 -0.00229445 -0.00194434 -0.00216955 -0.00204168 -0.00298981 -0.00310084 -0.00318222 -0.00363386 -0.0039108 -0.00328188 -0.00407705 -0.00323822 -0.00481224 -0.00325636 -0.00433621 -0.00378855 -0.00460803 -0.00365463 -0.00321556 -0.004592 -0.00415662 -0.0038021 -0.0040922 -0.00385051 -0.00372285 -0.00324395 -0.00353193 -0.00331054 -0.00260096 -0.00226289 -0.00311601 -0.00206592 -0.00216987 -0.00300758 -0.00265454 -0.00241166 -0.00254088 -0.0018693 -0.0021509 -0.0025084 -0.00275546 -0.00233715 -0.00206776 -0.00250932 -0.0025625 -0.00224845 -0.002074 -0.00213494 -0.00211693 -0.00162352 -0.00250254 -0.0022561 -0.00259683 -0.00187097 -0.00216544 -0.00225995 -0.00110743 -0.00184225 -0.00199793 -0.00225808 -0.00104528 -0.00203953 -0.00169917 -0.00161961 -0.00195277 -0.00204837 -0.00159448 -0.00216128 -0.00155133 -0.001826 -0.00168473 -0.00182561 -0.00169381 -0.00112002 -0.00171102 -0.00120941 -0.00176215 -0.00153344 -0.00169043 -0.00209356 -0.00215332 -0.00156657 -0.00142228 -0.00128104 -0.00139985 -0.00151126 -0.00113729 -0.00117518 -0.000989711 -0.000503163 -0.000287349 
-0.000451011 -0.000830249 -0.00107876 -0.000858134 -0.00123142 -0.00178869 -0.00159614 -0.00241516 -0.00181714 -0.00204481 -0.00137566 -0.00190201 -0.00183097 -0.00220717 -0.00257649 -0.00262948 -0.00339654 -0.00404856 -0.00287332 -0.00342625 -0.00412905 -0.00448419 -0.00506629 -0.00409692 -0.00438757 -0.00478345 -0.00460985 -0.00446503 -0.00480759 -0.00423531 -0.00363422 -0.00375817 -0.00388418 -0.00382713 -0.00245157 -0.00275511 -0.00263435 -0.00231101 -0.00198102 -0.00236707 -0.00238403 -0.00236662 -0.0026698 -0.00181209 -0.00217715 -0.00217036 -0.00194785 -0.00177672 -0.00247371 -0.00222051 -0.00281234 -0.00186641 -0.00277483 -0.00173602 -0.00153094 -0.00260873 -0.00237191 -0.00235193 -0.00238764 -0.00257253 -0.00214136 -0.00228453 -0.00130583 -0.00244124 -0.00181818 -0.00185546 -0.00159837 -0.00197956 -0.00204895 -0.00162843 -0.00266595 -0.00199653 -0.00174922 -0.00131383 -0.00189073 -0.00170775 -0.00165198 -0.00179519 -0.00165478 -0.00148288 -0.00176337 -0.00147557 -0.00196908 -0.0022406 -0.00181979 -0.00194291 -0.00212917 -0.00134328 -0.00160014 -0.00199612 -0.00199013 -0.00200436 -0.00175996 -0.00163875 -0.00146787 -0.00113179 -0.000933698 -0.000618645 -0.000584514 -0.000299527 
-1.24614e-05 -0.000550103 -0.00102458 -0.001469 -0.00115849 -0.00129755 -0.00158031 -0.00159784 -0.00121999 -0.00238588 -0.00156051 -0.00249277 -0.00219098 -0.00280414 -0.00199686 -0.00305775 -0.00325669 -0.00396748 -0.00366872 -0.00373904 -0.00391463 -0.00523179 -0.00331665 -0.00513923 -0.00415718 -0.00425525 -0.00489973 -0.00470704 -0.00535179 -0.00425152 -0.00423499 -0.00404917 -0.0034046 -0.00334919 -0.00378268 -0.00284351 -0.00280352 -0.00260713 -0.00245424 -0.00218048 -0.00212379 -0.00298675 -0.00247872 -0.00240678 -0.00282889 -0.00231688 -0.00203405 -0.00189104 -0.00219426 -0.00209388 -0.00193728 -0.00183536 -0.00207492 -0.00224597 -0.00183313 -0.00222824 -0.00292359 -0.00227564 -0.00259362 -0.00148386 -0.00188795 -0.00178699 -0.00174427 -0.00155446 -0.00178218 -0.00212177 -0.00164435 -0.00199892 -0.00135621 -0.00192575 -0.00212876 -0.00153341 -0.00158303 -0.00180066 -0.00144142 -0.00214449 -0.00164925 -0.00142921 -0.00158639 -0.00103691 -0.00223188 -0.00192626 -0.00173116 -0.00167698 -0.00167461 -0.00150544 -0.00184811 -0.00175156 -0.00251239 -0.00126851 -0.00139342 -0.00118251 -0.00126019 -0.00129754 -0.00166522 -0.00136191 -0.00105955 -0.00112035 -0.000829646 -0.00064306 
-1.23112e-05 -0.00049244 -0.000868325 -0.00137117 -0.00132548 -0.00189356 -0.00134967 -0.00193237 -0.00141783 -0.0018477 -0.00198417 -0.00222432 -0.00246151 -0.00224795 -0.00283114 -0.00313716 -0.00341305 -0.00345761 -0.0036388 -0.00398407 -0.00367845 -0.00403893 -0.00411453 -0.0056934 -0.00393551 -0.00450892 -0.00438899 -0.00521258 -0.00347855 -0.00392707 -0.0029079 -0.00321836 -0.00377413 -0.00331441 -0.003637 -0.00304488 -0.0028226 -0.00238071 -0.0026775 -0.00211622 -0.00292584 -0.00161394 -0.00318907 -0.00198892 -0.00228461 -0.00229711 -0.00255039 -0.00220591 -0.00146854 -0.00256854 -0.00202896 -0.00255468 -0.00166585 -0.0022365 -0.00206123 -0.00225149 -0.00192917 -0.00222583 -0.00209545 -0.00164987 -0.00205784 -0.00167797 -0.00172803 -0.00200266 -0.00223199 -0.00215506 -0.00195632 -0.00237467 -0.00164201 -0.00191787 -0.00154988 -0.00169399 -0.00171103 -0.00199954 -0.00157845 -0.00148918 -0.00145618 -0.00181198 -0.0012694 -0.00184349 -0.00160383 -0.00158381 -0.00169361 -0.00165529 -0.00244916 -0.00231093 -0.0015823 -0.00148288 -0.0016102 -0.00158652 -0.00172763 -0.00154038 -0.00127752 -0.00120992 -0.00110572 -0.0014156 -0.000846534 -0.000875828 -0.000382753 -0.000227712 
-0.000314578 -0.000196909 -0.000612467 -0.00127286 -0.000757068 -0.00224625 -0.00158791 -0.00210185 -0.0014728 -0.00211619 -0.00202741 -0.00262752 -0.00235736 -0.0025569 -0.00204186 -0.00253223 -0.00213405 -0.00317104 -0.00432806 -0.00362503 -0.00460259 -0.00357893 -0.00393494 -0.00479151 -0.00429327 -0.00417604 -0.00480882 -0.00441766 -0.00435667 -0.0056221 -0.00378532 -0.00423393 -0.00310283 -0.00353814 -0.00253561 -0.00336464 -0.00331794 -0.00321605 -0.00241061 -0.00210697 -0.00254331 -0.00215857 -0.00256909 -0.00266288 -0.00240628 -0.00225378 -0.00214698 -0.00226556 -0.00169711 -0.00234962 -0.00164586 -0.00240704 -0.00215001 -0.00237736 -0.00194443 -0.00185279 -0.00235761 -0.00187689 -0.00233166 -0.00187002 -0.00216173 -0.00209944 -0.00166161 -0.00196983 -0.0021033 -0.00225031 -0.00192593 -0.00219517 -0.00175858 -0.00153613 -0.00183701 -0.00180725 -0.00192137 -0.00182432 -0.00185307 -0.00188923 -0.00193616 -0.00152465 -0.00146036 -0.0012899 -0.00141304 -0.00131689 -0.00149361 -0.00190815 -0.00284755 -0.00175147 -0.00142954 -0.00144067 -0.000843544 -0.00170003 -0.00101886 -0.0014812 -0.000930106 -0.00137531 -0.00130135 -0.00210143 -0.00134614 -0.00121088 -0.000823836 -0.000205697 
-0.000408405 -0.000730843 -0.000583094 -0.0010797 -0.00127348 -0.00207431 -0.00178648 -0.00176189 -0.00201232 -0.00196666 -0.00192019 -0.0019826 -0.00273629 -0.00255967 -0.00247525 -0.00324821 -0.00360357 -0.00371582 -0.00365904 -0.00333579 -0.00441415 -0.00371892 -0.00463363 -0.00421529 -0.00467396 -0.0040912 -0.00453047 -0.00297416 -0.0051402 -0.00332189 -0.00421313 -0.00349017 -0.00361967 -0.00391637 -0.00317368 -0.00303781 -0.00287892 -0.00267292 -0.00247198 -0.00177782 -0.00268385 -0.00192868 -0.00242144 -0.00241445 -0.00187158 -0.00316682 -0.00220338 -0.00256356 -0.00193032 -0.00223225 -0.00243258 -0.00241481 -0.00252835 -0.00180192 -0.00169122 -0.0023149 -0.00193601 -0.00188745 -0.00169326 -0.00211867 -0.00205414 -0.00243454 -0.00200184 -0.0015767 -0.00230852 -0.00207449 -0.00258716 -0.00178608 -0.00175179 -0.00158999 -0.00215811 -0.00233575 -0.00165365 -0.00152319 -0.00169519 -0.00156248 -0.00156701 -0.00176226 -0.00155615 -0.00181117 -0.00186051 -0.00124963 -0.00176132 -0.0015477 -0.00170991 -0.00282109 -0.00225665 -0.00144173 -0.00141104 -0.00102171 -0.00133956 -0.0010929 -0.00140067 -0.00141942 -0.00154021 -0.00104947 -0.000960067 -0.00106717 -0.000631801 -0.000548596 
-0.000162843 -0.000706894 -0.000926726 -0.00109266 -0.00143635 -0.00118639 -0.00136706 -0.00154437 -0.00217252 -0.00271141 -0.00236944 -0.00141287 -0.00233069 -0.00240867 -0.00273882 -0.00337929 -0.00300359 -0.00327726 -0.00421442 -0.0031706 -0.00427206 -0.00391445 -0.00418139 -0.0045353 -0.00441305 -0.00470034 -0.00460853 -0.0042822 -0.00551587 -0.00466257 -0.00361489 -0.00460633 -0.00345285 -0.00355692 -0.00247726 -0.0032378 -0.00268051 -0.00297066 -0.00233458 -0.00268716 -0.00239535 -0.00174944 -0.00208207 -0.00169856 -0.00260723 -0.00211866 -0.00204809 -0.00265428 -0.00217983 -0.00189765 -0.00178585 -0.00165398 -0.00194361 -0.0019551 -0.0023734 -0.00222272 -0.00232225 -0.00217386 -0.0017009 -0.00197424 -0.00201544 -0.00164322 -0.00162129 -0.00196759 -0.00207767 -0.00173268 -0.00205423 -0.00201836 -0.00189632 -0.00148305 -0.00225631 -0.00171554 -0.00181619 -0.00159665 -0.00194166 -0.00202859 -0.00226589 -0.00207741 -0.00216874 -0.00156291 -0.00212174 -0.00158506 -0.00188132 -0.00230709 -0.00168344 -0.00193481 -0.00163153 -0.00194672 -0.00145693 -0.00165312 -0.00175057 -0.0013505 -0.00135701 -0.000941406 -0.000963208 -0.00112603 -0.000836732 -0.000801867 -0.000868501 -4.47878e-05 
-0.000240914 -0.000415553 -0.000929772 -0.000671355 -0.001432 -0.00143156 -0.00148261 -0.00158623 -0.0020563 -0.00183455 -0.00193413 -0.00246086 -0.00242374 -0.0031663 -0.0031758 -0.00255039 -0.00377564 -0.00326158 -0.00429179 -0.00397549 -0.00356135 -0.00436209 -0.00403205 -0.00401363 -0.00482678 -0.00380571 -0.00462213 -0.00501346 -0.00425015 -0.00537841 -0.0032561 -0.00375764 -0.00423782 -0.0031981 -0.00262304 -0.00206315 -0.00275747 -0.00236797 -0.00305822 -0.00218648 -0.00254813 -0.00225981 -0.00254094 -0.00182857 -0.00195514 -0.00252705 -0.00271631 -0.00195987 -0.0030706 -0.00171138 -0.00216583 -0.00184841 -0.00207608 -0.0023789 -0.00271938 -0.00166577 -0.00173704 -0.00205532 -0.00192134 -0.0019745 -0.00207988 -0.00231526 -0.0023629 -0.00209518 -0.00181244 -0.00169135 -0.00187877 -0.00169405 -0.00145376 -0.00182194 -0.00137458 -0.00216675 -0.00183644 -0.00228295 -0.00152439 -0.00171719 -0.00155966 -0.00160459 -0.00171185 -0.00175059 -0.00144242 -0.00170464 -0.0021383 -0.00155118 -0.00216428 -0.00186766 -0.00177464 -0.00199377 -0.00196699 -0.00181471 -0.00124252 -0.00135238 -0.00121654 -0.00112312 -0.00118472 -0.00139102 -0.000886823 -0.000483221 -0.000629781 -0.000136066 
-0.000191373 -0.000613425 -0.00107991 -0.000959774 -0.00154354 -0.0015714 -0.00201065 -0.00179898 -0.00182151 -0.00172586 -0.00184445 -0.00221577 -0.0015948 -0.00216815 -0.00241772 -0.00315939 -0.00324465 -0.0027296 -0.00384009 -0.00514702 -0.00397675 -0.00480242 -0.00448989 -0.00412421 -0.00430912 -0.00382734 -0.00531741 -0.00459527 -0.00323963 -0.003868 -0.00311707 -0.00345508 -0.00419468 -0.002968 -0.00315063 -0.00265527 -0.00239985 -0.0025972 -0.00246874 -0.00257515 -0.00238571 -0.00237185 -0.00151795 -0.00291705 -0.00233086 -0.00262759 -0.00220382 -0.00171851 -0.00199523 -0.00210164 -0.00247996 -0.0018369 -0.00196357 -0.00208474 -0.00258504 -0.00157099 -0.00204363 -0.00191786 -0.00235096 -0.00163304 -0.00161551 -0.00228212 -0.00186805 -0.00216353 -0.0022102 -0.00156893 -0.00213552 -0.00145777 -0.00197086 -0.0018393 -0.00211255 -0.00229282 -0.0019322 -0.00249884 -0.00173566 -0.00161343 -0.00153151 -0.00163994 -0.00185777 -0.00209798 -0.00188922 -0.00187372 -0.00176853 -0.00181934 -0.00194773 -0.00197444 -0.00158262 -0.00161946 -0.00200786 -0.0023344 -0.00168057 -0.00164115 -0.00134924 -0.00124874 -0.0010049 -0.000854558 -0.00122737 -0.000736756 -0.000835904 -0.000185118 
-7.33573e-05 -0.000504954 -0.000913582 -0.00124618 -0.00146927 -0.00195286 -0.00168433 -0.00210577 -0.00139168 -0.00227414 -0.00225614 -0.00186869 -0.00176262 -0.00286753 -0.00247035 -0.00333057 -0.00362409 -0.00264546 -0.00439857 -0.00279339 -0.00521794 -0.00370419 -0.00475959 -0.00493872 -0.00419172 -0.00471543 -0.00403969 -0.00512292 -0.00369702 -0.00498206 -0.00316813 -0.00437236 -0.00323529 -0.00318757 -0.00324275 -0.00269636 -0.00285084 -0.00226428 -0.00247063 -0.00211716 -0.00183556 -0.00274123 -0.00262533 -0.00235398 -0.00218597 -0.00233788 -0.00240033 -0.00211255 -0.00235602 -0.00182381 -0.0023238 -0.00193015 -0.00194835 -0.00209021 -0.00198585 -0.00178567 -0.00239926 -0.0016823 -0.00233629 -0.00168575 -0.00195883 -0.00140803 -0.00205085 -0.00246922 -0.00189213 -0.00157202 -0.00152631 -0.00182231 -0.00289912 -0.00192357 -0.00156576 -0.00165985 -0.00226623 -0.00152559 -0.00193662 -0.0018209 -0.00172445 -0.00198468 -0.00208486 -0.0014662 -0.00185051 -0.00162216 -0.00137135 -0.00131105 -0.00186511 -0.0015439 -0.00154271 -0.00161009 -0.00172111 -0.00183117 -0.00147305 -0.00145355 -0.00137772 -0.00213081 -0.00149309 -0.00136613 -0.00140814 -0.000977182 -0.00073099 -0.000409373 
-0.000506597 -0.000279065 -0.00071908 -0.00152912 -0.00115476 -0.00181783 -0.00184267 -0.00219721 -0.00180458 -0.00260067 -0.00205186 -0.00226564 -0.00272968 -0.00261561 -0.00255839 -0.00325471 -0.0032713 -0.00363422 -0.0045749 -0.00385299 -0.00467871 -0.00433806 -0.0053227 -0.00504305 -0.00497428 -0.00362932 -0.00380688 -0.00534991 -0.00351183 -0.00476732 -0.00462895 -0.00353292 -0.00375214 -0.0034999 -0.00322442 -0.00250273 -0.0027896 -0.00285821 -0.00209156 -0.00273481 -0.00215378 -0.00238805 -0.00209166 -0.00244064 -0.00285337 -0.00149155 -0.00234725 -0.00251323 -0.00218435 -0.00229442 -0.00230688 -0.00219063 -0.00195229 -0.00297167 -0.00227069 -0.00253366 -0.00193022 -0.00222474 -0.0023213 -0.00211886 -0.0020583 -0.00159351 -0.00157099 -0.00201673 -0.00224033 -0.00234214 -0.00195788 -0.00169385 -0.00210869 -0.00210775 -0.00230179 -0.0014836 -0.00194027 -0.00169105 -0.00161671 -0.00210575 -0.00154583 -0.00193009 -0.00164362 -0.0012574 -0.00174025 -0.00126837 -0.00221874 -0.0014941 -0.00117285 -0.00125052 -0.000972843 -0.00166156 -0.00209046 -0.00178015 -0.00158325 -0.00116879 -0.00155983 -0.00135383 -0.00112629 -0.00124348 -0.00118703 -0.000273914 -0.00075482 -0.000279195 
-0.000236326 -0.000977136 -0.0009283 -0.00113294 -0.0017278 -0.00142306 -0.0015332 -0.00168639 -0.00144538 -0.00208892 -0.00240683 -0.00169885 -0.00198497 -0.00206107 -0.00243517 -0.00329626 -0.00332709 -0.00314744 -0.00342885 -0.00378049 -0.00418903 -0.00384223 -0.00491701 -0.00459638 -0.00479309 -0.00420232 -0.00531111 -0.00379535 -0.00444129 -0.00292756 -0.0041895 -0.00338967 -0.00359953 -0.00387795 -0.00340561 -0.00224696 -0.00256674 -0.00234638 -0.00299135 -0.00304916 -0.00273278 -0.00241712 -0.00183291 -0.0027049 -0.00193676 -0.00276206 -0.00234691 -0.00233874 -0.00266573 -0.00217626 -0.00253608 -0.00198557 -0.00194121 -0.00158374 -0.00196774 -0.00200135 -0.00223911 -0.00238706 -0.00195769 -0.00183056 -0.0020776 -0.00221748 -0.00194159 -0.00187977 -0.00183125 -0.00159609 -0.00227377 -0.00213937 -0.00261627 -0.00203158 -0.00227629 -0.00168524 -0.00171261 -0.0016575 -0.00248495 -0.00167632 -0.00227535 -0.00191041 -0.00180747 -0.00169245 -0.00143516 -0.00184404 -0.00174508 -0.0015924 -0.00191834 -0.00197606 -0.00170649 -0.00194608 -0.00107516 -0.00162526 -0.00144763 -0.00211314 -0.00168441 -0.00155815 -0.00116532 -0.00114147 -0.00102058 -0.000996549 -0.000638083 -7.2714e-05 
-0.000350733 -0.000253024 -0.000833046 -0.00110607 -0.00121922 -0.00137919 -0.00125969 -0.00155275 -0.00194656 -0.00214967 -0.00195673 -0.00214249 -0.00217766 -0.00237216 -0.00366583 -0.00218928 -0.00389967 -0.00231873 -0.00481401 -0.00315692 -0.00503055 -0.00423918 -0.00455367 -0.00504202 -0.00469657 -0.00385905 -0.00470725 -0.00332067 -0.00435845 -0.00365208 -0.003988 -0.00411334 -0.00340767 -0.00323653 -0.00367355 -0.00349156 -0.00380598 -0.00208707 -0.002392 -0.00249716 -0.00217048 -0.00258826 -0.0021951 -0.00210268 -0.00313302 -0.00224185 -0.00226601 -0.00193357 -0.00209065 -0.00256848 -0.00190034 -0.00209631 -0.00212797 -0.00213295 -0.00181846 -0.00160972 -0.00191787 -0.00163713 -0.00291499 -0.00199003 -0.00205376 -0.00192696 -0.0020017 -0.00211528 -0.00155757 -0.00177046 -0.00188053 -0.00210628 -0.00193482 -0.00223517 -0.00208529 -0.00222272 -0.00232615 -0.00230959 -0.00262799 -0.0015578 -0.0016841 -0.00153757 -0.00185351 -0.0014089 -0.00123328 -0.00141173 -0.00181625 -0.00210258 -0.00166502 -0.00179918 -0.00161489 -0.0015008 -0.00147145 -0.00116405 -0.00142705 -0.00193637 -0.00181521 -0.00165452 -0.00129202 -0.00185347 -0.000963973 -0.000647968 -0.000798232 -8.33618e-05 
-0.000545908 -0.000170704 -0.000854633 -0.001557 -0.00113307 -0.00168479 -0.00143366 -0.00163233 -0.00235315 -0.00154612 -0.00225615 -0.00161503 -0.00212076 -0.00235057 -0.00263306 -0.00320133 -0.00309863 -0.00334728 -0.00415806 -0.00343039 -0.00507703 -0.00346374 -0.0045615 -0.00398919 -0.00414745 -0.00520733 -0.00455104 -0.00507839 -0.00443816 -0.00492125 -0.00440092 -0.00400422 -0.00340198 -0.0032673 -0.0031693 -0.00346705 -0.00279468 -0.00274264 -0.00279602 -0.00236719 -0.00250247 -0.00228475 -0.00219857 -0.00209481 -0.00189113 -0.0024575 -0.00180252 -0.00233052 -0.00220243 -0.00187513 -0.00216529 -0.00201919 -0.00264009 -0.00231605 -0.00187458 -0.00153021 -0.00191589 -0.00223735 -0.00328385 -0.00220702 -0.00209207 -0.00190204 -0.00226376 -0.00174176 -0.00189162 -0.00150817 -0.00181778 -0.00187259 -0.00217023 -0.00183215 -0.00183886 -0.00186953 -0.00238684 -0.00190307 -0.00170302 -0.00175202 -0.00216329 -0.00246487 -0.00125226 -0.00113102 -0.00147609 -0.00148494 -0.00155014 -0.0018455 -0.0012195 -0.0016111 -0.00143993 -0.0018506 -0.00145048 -0.00106264 -0.00126505 -0.00128728 -0.00203435 -0.00193368 -0.00136416 -0.00123161 -0.00128946 -0.000830701 -0.00112206 -0.000391413 
-0.000430124 -0.00073759 -0.00046962 -0.00120781 -0.00110428 -0.0016068 -0.0013145 -0.00187396 -0.00154861 -0.00215652 -0.00217568 -0.00265202 -0.00206718 -0.00244526 -0.00265829 -0.00265164 -0.00323565 -0.00320977 -0.00359801 -0.00425872 -0.00511177 -0.00372427 -0.00472985 -0.00452728 -0.00412601 -0.00443985 -0.00415415 -0.0047385 -0.00453027 -0.00429397 -0.0043958 -0.00401427 -0.00362269 -0.00273866 -0.00339077 -0.00312706 -0.00297979 -0.00379087 -0.00226885 -0.00301452 -0.00185431 -0.00228004 -0.00201757 -0.00237904 -0.00256915 -0.00246764 -0.00242068 -0.00211446 -0.00199467 -0.00256594 -0.00199073 -0.00226453 -0.00274632 -0.00224535 -0.00214397 -0.00234128 -0.00198978 -0.00185236 -0.00249189 -0.0024278 -0.00184856 -0.00224408 -0.00199184 -0.00167196 -0.0027566 -0.00198614 -0.0019972 -0.00147408 -0.00123834 -0.00169906 -0.00190367 -0.00191103 -0.00216262 -0.00176023 -0.00161854 -0.00185188 -0.00218293 -0.00261825 -0.00213339 -0.00163556 -0.000995429 -0.00123248 -0.00109492 -0.00158914 -0.00245585 -0.0012951 -0.00200462 -0.00142841 -0.0019762 -0.00182913 -0.00196091 -0.00107433 -0.00158447 -0.00102485 -0.00155231 -0.000813515 -0.000949326 -0.0005011 -0.000565811 -0.000470635 
-9.23029e-05 -0.000535823 -0.00117662 -0.000731562 -0.00154569 -0.00158863 -0.00176816 -0.00149316 -0.00174145 -0.00160471 -0.00159191 -0.00190152 -0.00215989 -0.00327174 -0.00284532 -0.00275711 -0.00309758 -0.00264804 -0.00350113 -0.00388432 -0.00411632 -0.00405159 -0.00436965 -0.00508362 -0.00485752 -0.0046951 -0.00515043 -0.0045298 -0.00429024 -0.00390557 -0.00445523 -0.00331095 -0.00401666 -0.00369465 -0.00325352 -0.0031963 -0.00228667 -0.00321073 -0.00261852 -0.00242828 -0.00257636 -0.00228766 -0.00274902 -0.00218224 -0.00255136 -0.00191527 -0.00265828 -0.0023359 -0.00211688 -0.00170669 -0.00232886 -0.00227665 -0.00232944 -0.00200477 -0.00206319 -0.00198362 -0.00214345 -0.00198617 -0.00186215 -0.00217168 -0.0019545 -0.0019952 -0.00224268 -0.00233926 -0.00155832 -0.00174774 -0.0015686 -0.00213396 -0.00167945 -0.0019491 -0.00195798 -0.00230804 -0.00150019 -0.00267562 -0.00150084 -0.00184812 -0.0018371 -0.00207434 -0.00197392 -0.00177454 -0.00186516 -0.00156001 -0.0017709 -0.00159305 -0.00177716 -0.00236837 -0.00180931 -0.00170918 -0.00145949 -0.0016099 -0.00222678 -0.0014086 -0.00188385 -0.0015922 -0.00108807 -0.00106069 -0.000890848 -0.000472439 -0.000347189 -0.000246086 
-0.000443025 -0.000782637 -0.000412136 -0.00156684 -0.00145959 -0.00185269 -0.0016996 -0.00183682 -0.00201282 -0.00194863 -0.00186144 -0.00265283 -0.00239104 -0.00262257 -0.0027664 -0.0032561 -0.00270376 -0.00377442 -0.00403121 -0.00378458 -0.00396788 -0.00521131 -0.00360676 -0.00430603 -0.00470933 -0.0043099 -0.00587229 -0.00460748 -0.00523165 -0.00391984 -0.00465198 -0.00371831 -0.00482589 -0.00376004 -0.00338154 -0.00235249 -0.00264926 -0.00248342 -0.00265152 -0.00239154 -0.0022711 -0.00182319 -0.00221899 -0.00200238 -0.00212239 -0.0022675 -0.00261567 -0.00205922 -0.00309058 -0.00185738 -0.00240749 -0.00178951 -0.0022873 -0.00218473 -0.00195209 -0.00208038 -0.0024214 -0.00209548 -0.00190433 -0.0018164 -0.00220667 -0.00155705 -0.00159571 -0.0025195 -0.00209904 -0.00218036 -0.00241176 -0.00164997 -0.00199853 -0.00201538 -0.00204856 -0.00167841 -0.00182423 -0.00154963 -0.00173578 -0.00141816 -0.00227438 -0.00195763 -0.00234787 -0.00162107 -0.00218061 -0.00112003 -0.00134033 -0.00107668 -0.00180634 -0.00155398 -0.00146671 -0.00125836 -0.0018329 -0.00123262 -0.00192759 -0.00137167 -0.00200737 -0.00119517 -0.00119185 -0.00123143 -0.00106558 -0.000672286 -0.000479638 -0.000511282 
-0.000558511 -0.000517045 -0.00148838 -0.000774719 -0.00178171 -0.00150293 -0.00211684 -0.00162466 -0.00169304 -0.0016601 -0.0014986 -0.0020749 -0.00222344 -0.00217498 -0.00241818 -0.00315275 -0.00410609 -0.0035683 -0.00327914 -0.00381417 -0.0030244 -0.00481159 -0.00476739 -0.00372754 -0.00378648 -0.0056974 -0.00463271 -0.00409219 -0.0051122 -0.00401328 -0.00429505 -0.00329819 -0.00402683 -0.00304587 -0.00318903 -0.00397132 -0.00253159 -0.00319456 -0.00333518 -0.00265618 -0.00237361 -0.00237524 -0.00193581 -0.00224449 -0.00250747 -0.00236082 -0.00238536 -0.00301656 -0.00253355 -0.00191048 -0.00206777 -0.00193813 -0.00261053 -0.00246808 -0.00216173 -0.00298346 -0.0022513 -0.00256974 -0.00190984 -0.00218533 -0.00290967 -0.00195891 -0.00202126 -0.00160246 -0.00171071 -0.00178652 -0.00199892 -0.00159815 -0.00211028 -0.00135769 -0.00184792 -0.00177297 -0.00189266 -0.0022522 -0.00186609 -0.00178082 -0.0017814 -0.00149636 -0.0020762 -0.00160749 -0.00174016 -0.00215324 -0.00211382 -0.00153275 -0.00159263 -0.00170712 -0.00130107 -0.00183107 -0.00175007 -0.00144387 -0.00128331 -0.00156938 -0.00143524 -0.00137091 -0.00147458 -0.00107792 -0.00177027 -0.00072857 -0.000367731 -0.000515249 
-0.000361729 -0.000573849 -0.00105039 -0.00117224 -0.00128569 -0.00183634 -0.00130334 -0.00184634 -0.00166341 -0.00250412 -0.00202136 -0.00214024 -0.00193746 -0.00197068 -0.00204459 -0.0029029 -0.00289354 -0.00431396 -0.00464618 -0.00457124 -0.0044425 -0.00356583 -0.00415705 -0.004171 -0.00519059 -0.00553404 -0.00455555 -0.00495963 -0.00454883 -0.0038925 -0.00425603 -0.00429077 -0.00415471 -0.00296501 -0.00327984 -0.00279426 -0.00255663 -0.00292743 -0.0019696 -0.0028215 -0.0022924 -0.00229413 -0.00260816 -0.00259742 -0.00231083 -0.00201015 -0.00237432 -0.0021123 -0.00173023 -0.00225601 -0.00266699 -0.00244007 -0.00166036 -0.00214835 -0.00171025 -0.00222732 -0.00212762 -0.00231847 -0.00221949 -0.00201315 -0.0020287 -0.00227234 -0.0021399 -0.00208258 -0.00175386 -0.00145158 -0.00237712 -0.0019743 -0.00184824 -0.00196575 -0.00129595 -0.00183298 -0.0019384 -0.00247762 -0.00170306 -0.00220159 -0.00194675 -0.00215497 -0.00199409 -0.00215525 -0.00140126 -0.00234302 -0.00237679 -0.00229797 -0.00159858 -0.00121028 -0.00179349 -0.00217206 -0.00172871 -0.00178876 -0.00186176 -0.00126914 -0.00158757 -0.00120821 -0.00128362 -0.00125447 -0.000884715 -0.00063644 -0.000564767 -0.000275641 
-0.000170974 -0.000605723 -0.000635143 -0.000721865 -0.000928261 -0.00147331 -0.00149449 -0.00209934 -0.00226939 -0.00234402 -0.00183994 -0.00225241 -0.00218222 -0.00245607 -0.00286307 -0.00309399 -0.00377712 -0.00265291 -0.00337222 -0.00414214 -0.00517689 -0.00484582 -0.0050053 -0.00445193 -0.00410022 -0.00438309 -0.00447439 -0.00464279 -0.00365579 -0.00426717 -0.00426276 -0.0045563 -0.00370817 -0.00377411 -0.00286184 -0.00295759 -0.0025577 -0.00288284 -0.00250815 -0.00312148 -0.00225096 -0.00211394 -0.00240214 -0.00181308 -0.00264636 -0.00226337 -0.00301476 -0.00233606 -0.00241454 -0.00209315 -0.00153332 -0.00244331 -0.00212296 -0.00233784 -0.00236209 -0.00246979 -0.00221639 -0.00210413 -0.00164985 -0.00248487 -0.00131559 -0.00214062 -0.00171513 -0.00219267 -0.00174593 -0.00184181 -0.00187461 -0.00218514 -0.00206852 -0.00207257 -0.00168818 -0.00183788 -0.00147559 -0.00229667 -0.00205815 -0.00198594 -0.00182299 -0.00191824 -0.00181109 -0.00189556 -0.00197883 -0.00134721 -0.00132275 -0.00159698 -0.00148073 -0.00174213 -0.00145009 -0.00145449 -0.00164054 -0.0016766 -0.00173992 -0.00185345 -0.00184042 -0.00178995 -0.00146496 -0.000916559 -0.00117799 -0.00073972 -0.000371199 -0.000144402 
-0.00049257 -0.000927915 -0.000545126 -0.00128936 -0.00124006 -0.00169946 -0.00171683 -0.00176877 -0.00221123 -0.00187853 -0.00174056 -0.00246552 -0.00188236 -0.00263061 -0.00278625 -0.0030928 -0.00321225 -0.00280597 -0.00384044 -0.00453636 -0.00313676 -0.00492326 -0.00373595 -0.00437877 -0.00391463 -0.00525984 -0.00432077 -0.00464368 -0.00385601 -0.00514437 -0.00363033 -0.00408181 -0.00339567 -0.0028863 -0.00292513 -0.00301369 -0.0026437 -0.00285924 -0.00236337 -0.00253616 -0.00279409 -0.0022777 -0.00218639 -0.00201785 -0.00206711 -0.00243624 -0.00205088 -0.00200557 -0.00284443 -0.00267598 -0.00244385 -0.00275605 -0.00221688 -0.00300068 -0.00250694 -0.00206467 -0.0019824 -0.00225005 -0.00178855 -0.00203948 -0.0015568 -0.00196116 -0.00181285 -0.00227385 -0.00246893 -0.00147245 -0.00200196 -0.0015375 -0.00171092 -0.00138269 -0.00225077 -0.00230063 -0.00213226 -0.00239174 -0.00233774 -0.00150518 -0.00203915 -0.00153138 -0.002126 -0.00173115 -0.00138876 -0.00166028 -0.00206329 -0.00163999 -0.00177795 -0.00182357 -0.00118749 -0.00163549 -0.00159974 -0.00210116 -0.00162305 -0.001146 -0.00104015 -0.00128878 -0.00153005 -0.00131834 -0.00123634 -0.000683206 -0.000375632 -0.000425427 
-0.00010663 -0.000576957 -0.00100755 -0.00113461 -0.000808562 -0.00192337 -0.00109396 -0.00185157 -0.00141777 -0.00205328 -0.00162092 -0.0021295 -0.00180029 -0.00334835 -0.00234918 -0.00319138 -0.00306166 -0.00371124 -0.00438144 -0.00306929 -0.00552822 -0.00479322 -0.00526625 -0.00569339 -0.00457643 -0.00427101 -0.00597733 -0.00288543 -0.00532402 -0.00405446 -0.00356535 -0.0034976 -0.00339997 -0.00354877 -0.00219284 -0.00369749 -0.00223889 -0.00261027 -0.00239843 -0.00267041 -0.00242504 -0.00251977 -0.00258678 -0.00229344 -0.00257798 -0.00246814 -0.00229203 -0.002322 -0.00233834 -0.00223004 -0.00209079 -0.00223672 -0.00264657 -0.00245774 -0.00250943 -0.00174402 -0.00253597 -0.00226386 -0.00229353 -0.00200809 -0.00255955 -0.00163101 -0.00235207 -0.00135423 -0.00222505 -0.00213966 -0.00171511 -0.00149291 -0.00140097 -0.00176776 -0.00206618 -0.00172433 -0.00212813 -0.00205838 -0.00219018 -0.00177307 -0.00200389 -0.00191413 -0.00192203 -0.00212153 -0.00215753 -0.00214671 -0.00146712 -0.00187188 -0.0014976 -0.00142324 -0.00158623 -0.00103306 -0.00160813 -0.00133862 -0.00146116 -0.00197523 -0.00160662 -0.00175192 -0.00142545 -0.00121116 -0.000729003 -0.000471566 -0.000581926 -0.000345707 
-3.05723e-05 -0.000524873 -0.00105981 -0.00163933 -0.00123333 -0.0019853 -0.00144101 -0.00197557 -0.00159303 -0.00234188 -0.00165861 -0.00162989 -0.00220526 -0.00196613 -0.00230873 -0.00248311 -0.0034018 -0.0034031 -0.00412329 -0.00352853 -0.00547476 -0.00413423 -0.00402805 -0.00410892 -0.0038201 -0.00461244 -0.00384531 -0.00500514 -0.00424623 -0.00352944 -0.0039937 -0.00363061 -0.00317274 -0.00316557 -0.00312604 -0.00297656 -0.00260803 -0.00239529 -0.00265856 -0.00213114 -0.0033213 -0.00240826 -0.00253115 -0.00169164 -0.00275824 -0.00269643 -0.00252066 -0.00205379 -0.00272785 -0.00256625 -0.00260744 -0.00211054 -0.00248398 -0.00217529 -0.00253817 -0.00269557 -0.00250767 -0.00235024 -0.0020116 -0.00186584 -0.00260229 -0.00173807 -0.00238125 -0.00191394 -0.00218785 -0.00174392 -0.00246748 -0.0019534 -0.00124389 -0.00154949 -0.00140332 -0.00200355 -0.00183626 -0.00145243 -0.00158406 -0.00179228 -0.00164443 -0.00149058 -0.00215 -0.00169492 -0.00196328 -0.00209959 -0.00246584 -0.00168933 -0.00139081 -0.00164735 -0.00183489 -0.00266774 -0.00196274 -0.00207691 -0.00134941 -0.00167233 -0.0011539 -0.00176656 -0.00131265 -0.000770101 -0.000954723 -0.000478844 -0.000705771 -0.000273917 
-0.00014115 -0.000327489 -0.000588535 -0.00101184 -0.000974496 -0.0012542 -0.00180743 -0.00155629 -0.00178561 -0.00215792 -0.00160956 -0.00192592 -0.00242144 -0.00232654 -0.00218499 -0.00311238 -0.00274445 -0.00380802 -0.00273632 -0.00504324 -0.00330659 -0.00516736 -0.00396169 -0.00473684 -0.00474563 -0.00471563 -0.00486243 -0.00423527 -0.0039006 -0.00329083 -0.0046326 -0.00309015 -0.00380579 -0.0038019 -0.00357208 -0.00318283 -0.00290454 -0.00258259 -0.00266187 -0.00213805 -0.00177923 -0.00290893 -0.00220183 -0.00240302 -0.0025324 -0.002433 -0.00227383 -0.00231273 -0.00236285 -0.00256551 -0.00223521 -0.00170687 -0.00209505 -0.00235362 -0.00184314 -0.00261626 -0.00273097 -0.00226395 -0.0021226 -0.0014844 -0.00277279 -0.0013777 -0.00246955 -0.00197194 -0.00142527 -0.00181546 -0.00146794 -0.0021451 -0.00223828 -0.00250447 -0.00179178 -0.00204047 -0.00199585 -0.00169875 -0.00158545 -0.00189809 -0.00223062 -0.00196915 -0.00155977 -0.00180197 -0.00179066 -0.00209406 -0.00182965 -0.00209543 -0.00181564 -0.00154066 -0.00142509 -0.00134912 -0.00132724 -0.00198078 -0.00209668 -0.00122468 -0.00192939 -0.00146881 -0.0014207 -0.0010742 -0.000818652 -0.00063819 -0.000320163 -0.000106908 
-0.000341918 -0.00066671 -0.000824029 -0.00109775 -0.00090594 -0.00165702 -0.00111679 -0.00180205 -0.00216068 -0.00219172 -0.00159689 -0.00259968 -0.00250442 -0.00244759 -0.00215117 -0.00302304 -0.00276553 -0.00330649 -0.0027773 -0.00368479 -0.00333117 -0.00398877 -0.00348769 -0.0045594 -0.00419188 -0.00488653 -0.00438527 -0.00488737 -0.00312419 -0.00436332 -0.00350529 -0.00381006 -0.0034669 -0.00352004 -0.00320537 -0.00331128 -0.00357675 -0.00235707 -0.00306717 -0.0026033 -0.00294058 -0.00224837 -0.00263216 -0.00242589 -0.00211306 -0.00213673 -0.00168087 -0.00248665 -0.00194324 -0.00281163 -0.00287186 -0.00225887 -0.00235663 -0.00193938 -0.00224761 -0.00193406 -0.00280341 -0.00240987 -0.00194879 -0.00176755 -0.00162055 -0.00215332 -0.00154223 -0.0015491 -0.00176571 -0.0019695 -0.00182775 -0.00207953 -0.00164727 -0.00135378 -0.00211681 -0.00212074 -0.00213007 -0.00163022 -0.00158025 -0.00176832 -0.00203815 -0.00202572 -0.00151308 -0.00160833 -0.00182267 -0.0019499 -0.00176967 -0.0018181 -0.00201821 -0.001187 -0.00179418 -0.000941658 -0.00207002 -0.00186638 -0.00183375 -0.000968995 -0.00166575 -0.00158658 -0.00156423 -0.00159852 -0.00121769 -0.00122015 -0.000879048 -0.000224326 
-0.000464647 -0.0010213 -0.000520347 -0.00148194 -0.00116755 -0.00145811 -0.0010432 -0.00168962 -0.00161166 -0.00271609 -0.00225384 -0.00187057 -0.0020018 -0.00212627 -0.00305931 -0.0026315 -0.00344221 -0.00361515 -0.00482052 -0.00347063 -0.00408526 -0.0036147 -0.00447745 -0.00586004 -0.00438398 -0.00408652 -0.00495755 -0.0044662 -0.00465448 -0.0031457 -0.00518297 -0.00382676 -0.00365199 -0.00292162 -0.00355134 -0.00354425 -0.00332521 -0.00237262 -0.00261294 -0.00292617 -0.00285555 -0.00191169 -0.00294893 -0.0028324 -0.00224972 -0.00220925 -0.00224548 -0.0022241 -0.00206674 -0.0018958 -0.00196038 -0.00222793 -0.0020134 -0.00219233 -0.00221643 -0.00173656 -0.00188218 -0.00201155 -0.00217589 -0.00194325 -0.00205176 -0.00221141 -0.0018062 -0.00223173 -0.00207026 -0.00238444 -0.0020434 -0.00229151 -0.00171741 -0.00132604 -0.00185385 -0.00147501 -0.00203609 -0.00163333 -0.00201454 -0.00207478 -0.00164072 -0.00225243 -0.00151473 -0.00244562 -0.00168894 -0.00170144 -0.00193975 -0.00180177 -0.00171636 -0.00111662 -0.00103998 -0.00136197 -0.00123453 -0.00168805 -0.00175953 -0.00116301 -0.00131894 -0.00109062 -0.00187974 -0.000906092 -0.000878831 -0.00106156 -0.000464256 -0.00040399 
-0.000271556 -0.000168881 -0.00095404 -0.00121251 -0.00169888 -0.00151401 -0.00249794 -0.00146019 -0.00249475 -0.00134268 -0.00254563 -0.00174221 -0.00293476 -0.00332861 -0.00210138 -0.00206177 -0.00266876 -0.00264903 -0.00311293 -0.00422262 -0.00377451 -0.0045833 -0.00433628 -0.00418302 -0.00493788 -0.00461239 -0.00408037 -0.00542126 -0.00402157 -0.00442003 -0.00362584 -0.00407614 -0.00400412 -0.00352663 -0.00293243 -0.00344447 -0.00289303 -0.00219432 -0.0027783 -0.00192641 -0.00313761 -0.00198698 -0.00288058 -0.00251389 -0.00309388 -0.00262207 -0.00202914 -0.00230344 -0.00206741 -0.00208878 -0.0027576 -0.00257656 -0.00198983 -0.00234892 -0.00173872 -0.00255166 -0.00167551 -0.00229885 -0.00146893 -0.00148848 -0.00192328 -0.00212781 -0.0020868 -0.00196372 -0.00190711 -0.00211479 -0.0019028 -0.00207613 -0.00200557 -0.00184224 -0.00237543 -0.00147594 -0.00180164 -0.00180097 -0.00186708 -0.00233575 -0.00184224 -0.00113343 -0.00166672 -0.00136843 -0.00135587 -0.00126001 -0.00140086 -0.00185179 -0.00177063 -0.00133826 -0.00161464 -0.00175528 -0.00188285 -0.00165855 -0.00167457 -0.00214277 -0.00178796 -0.00185467 -0.0014223 -0.00104085 -0.000982715 -0.000666696 -0.000541154 -0.000259817 
-0.000427406 -0.00049801 -0.000535007 -0.00136107 -0.000934322 -0.00162915 -0.00183752 -0.00180995 -0.00170532 -0.00205235 -0.00179899 -0.00248808 -0.00210816 -0.00228164 -0.00295279 -0.00266222 -0.00390706 -0.00306041 -0.00418765 -0.00339916 -0.00441317 -0.00415591 -0.00508423 -0.00453125 -0.0045317 -0.00412854 -0.00476025 -0.00495799 -0.00373169 -0.00429162 -0.00447589 -0.00347982 -0.00364389 -0.00415355 -0.00288975 -0.00411805 -0.00245315 -0.00309451 -0.00269777 -0.0028504 -0.00198078 -0.0027509 -0.00237828 -0.00240261 -0.00195201 -0.00267212 -0.00260296 -0.00251111 -0.00237683 -0.00233384 -0.00194769 -0.00219146 -0.00225014 -0.00155045 -0.00227317 -0.00211589 -0.00233496 -0.00228073 -0.002068 -0.00238198 -0.00164732 -0.00207338 -0.00132957 -0.00173231 -0.00174309 -0.00194749 -0.00194099 -0.00161268 -0.00243184 -0.00205929 -0.00236843 -0.00233771 -0.00184954 -0.00196737 -0.00145079 -0.00242487 -0.00195956 -0.00180222 -0.00125927 -0.00132826 -0.00159483 -0.00130993 -0.00177877 -0.0018949 -0.00168035 -0.00188146 -0.00152323 -0.00175419 -0.0013388 -0.00154931 -0.00152407 -0.00136029 -0.00126138 -0.00150539 -0.00120688 -0.00146518 -0.00100714 -0.000533349 -0.000327637 -0.000323234 
-4.42005e-05 -0.000776371 -0.000799525 -0.00146088 -0.00148692 -0.00139711 -0.00166088 -0.00184727 -0.0018824 -0.00205766 -0.00200411 -0.00228136 -0.0020203 -0.0027865 -0.0028595 -0.00275772 -0.00265314 -0.00368999 -0.00364692 -0.00475628 -0.00387172 -0.00492773 -0.00399168 -0.00533284 -0.00521948 -0.00551746 -0.00440809 -0.00391551 -0.00504136 -0.00301458 -0.00426897 -0.00311985 -0.00355256 -0.00355987 -0.00357484 -0.0035631 -0.00306151 -0.00274123 -0.0027574 -0.00337759 -0.0019605 -0.0023211 -0.00216599 -0.00273307 -0.00226593 -0.00251861 -0.00271272 -0.00253878 -0.00211474 -0.00213797 -0.00208412 -0.00267793 -0.00221557 -0.00250498 -0.00226134 -0.00287939 -0.00174966 -0.00232801 -0.00141623 -0.00189411 -0.00151185 -0.00231487 -0.00287066 -0.00204794 -0.00178253 -0.00220743 -0.00187751 -0.00173681 -0.00166552 -0.00199247 -0.0019828 -0.00237342 -0.00181855 -0.00184777 -0.00219545 -0.00208506 -0.00164149 -0.00143447 -0.00112511 -0.00173643 -0.00120283 -0.00148411 -0.00166602 -0.00172703 -0.00226208 -0.00224606 -0.00167191 -0.00190489 -0.00120459 -0.0012409 -0.0012436 -0.00106319 -0.00174362 -0.00123117 -0.00116554 -0.000728446 -0.000885409 -0.000895104 -0.000394752 -0.00020428 
-0.0002241 -0.000596156 -0.000794461 -0.000907095 -0.00123996 -0.00181488 -0.00198823 -0.00169055 -0.00224712 -0.00174069 -0.00249261 -0.00171037 -0.00232315 -0.00249628 -0.00294879 -0.0029896 -0.00255023 -0.00373074 -0.00364082 -0.00450218 -0.00349694 -0.00464516 -0.00388575 -0.00417751 -0.00465375 -0.00486947 -0.00396469 -0.00449721 -0.00376616 -0.00381911 -0.00427433 -0.00338329 -0.00312941 -0.00342196 -0.00329271 -0.00375007 -0.00318968 -0.00320802 -0.00288176 -0.00232862 -0.00251519 -0.00268286 -0.00248576 -0.00247781 -0.002033 -0.00204033 -0.00232208 -0.00265112 -0.00299249 -0.00186742 -0.00162401 -0.00206948 -0.00199287 -0.00189908 -0.00172896 -0.00169441 -0.001904 -0.00260998 -0.00234006 -0.00245756 -0.00269748 -0.00256843 -0.00288628 -0.00209128 -0.00238721 -0.00164504 -0.00199969 -0.00182763 -0.00205289 -0.00182732 -0.00259348 -0.00218894 -0.00204782 -0.0019306 -0.00173302 -0.00188209 -0.00136089 -0.00169774 -0.0013795 -0.00173606 -0.00112575 -0.00171397 -0.00172994 -0.00214818 -0.00250095 -0.00200116 -0.00155006 -0.00127201 -0.00177239 -0.00100945 -0.0018636 -0.00140286 -0.00182519 -0.0012846 -0.00112485 -0.000860149 -0.000794073 -0.000515615 -0.000701273 -0.000298478 
-0.000241039 -0.000550677 -0.000899062 -0.000963413 -0.000844861 -0.00188693 -0.00133014 -0.00210245 -0.00179159 -0.00235563 -0.00195044 -0.00210411 -0.00200519 -0.00223379 -0.00301906 -0.00290164 -0.00354144 -0.00476175 -0.00318817 -0.004852 -0.00337672 -0.00413997 -0.00447955 -0.00480105 -0.00531701 -0.00412322 -0.00382065 -0.0044879 -0.00385811 -0.00486188 -0.00418761 -0.00345976 -0.00392413 -0.00354218 -0.00330023 -0.00345736 -0.0025995 -0.00273868 -0.00242319 -0.00269007 -0.00265955 -0.00195038 -0.00309747 -0.00250736 -0.00226182 -0.00210314 -0.00207392 -0.00204671 -0.00234653 -0.00226368 -0.00185596 -0.0020629 -0.00204792 -0.00167786 -0.00237031 -0.00216766 -0.00223059 -0.00209248 -0.00271272 -0.00222869 -0.00163354 -0.00201618 -0.00250073 -0.00185222 -0.00155132 -0.0019249 -0.00231449 -0.00211377 -0.00180369 -0.0016601 -0.00191739 -0.0011727 -0.00219934 -0.00123299 -0.0018169 -0.0021803 -0.00210868 -0.00177242 -0.00172328 -0.00182058 -0.00150976 -0.00154026 -0.00166419 -0.00187985 -0.00200938 -0.00208039 -0.00147075 -0.00191449 -0.00138032 -0.00167062 -0.00147403 -0.0019642 -0.00149323 -0.00158997 -0.00154574 -0.0010414 -0.00149427 -0.000631649 -0.000806105 -0.000284488 
-0.000363595 -0.000487755 -0.00049924 -0.001287 -0.00202071 -0.00173178 -0.00204226 -0.00165446 -0.0019766 -0.00159105 -0.0018559 -0.00185649 -0.00157951 -0.00247227 -0.00290251 -0.00279852 -0.00421574 -0.00385624 -0.00382443 -0.00360337 -0.00402423 -0.00413466 -0.00395921 -0.00495424 -0.00423181 -0.00506006 -0.00465422 -0.00558872 -0.00390568 -0.00445731 -0.00350321 -0.00396304 -0.00323762 -0.00310299 -0.00291094 -0.00259478 -0.00314856 -0.00210622 -0.00320396 -0.00248462 -0.00255247 -0.00217136 -0.00218836 -0.00237222 -0.0017687 -0.00218033 -0.00208957 -0.00261562 -0.00266472 -0.00209094 -0.00220964 -0.00275599 -0.00230086 -0.00223304 -0.00248721 -0.00210401 -0.00295742 -0.00172642 -0.00206107 -0.00155484 -0.00240354 -0.00196193 -0.00167779 -0.0014327 -0.00236629 -0.00177156 -0.00187714 -0.00227206 -0.00142295 -0.00184308 -0.00133186 -0.00193366 -0.00130466 -0.00181303 -0.00188058 -0.00172231 -0.00207992 -0.00179127 -0.00121699 -0.000987026 -0.00165014 -0.00184394 -0.00219226 -0.00161557 -0.00186283 -0.00155588 -0.00188089 -0.00164305 -0.00182299 -0.00172111 -0.000986568 -0.00128361 -0.00149076 -0.00117342 -0.00166384 -0.00101668 -0.00112395 -0.000885358 -0.000580475 -0.000498035 
-8.95721e-05 -0.000595927 -0.00100466 -0.00122771 -0.00137316 -0.00129675 -0.00190711 -0.00175658 -0.00197323 -0.00216742 -0.00153964 -0.0020008 -0.00254846 -0.00265598 -0.00237465 -0.0030807 -0.00378764 -0.00332238 -0.00423451 -0.00294769 -0.00492982 -0.00375692 -0.00433551 -0.00459141 -0.00467281 -0.00518745 -0.00524238 -0.00564189 -0.00317876 -0.00520087 -0.00364954 -0.00464507 -0.0031496 -0.00305061 -0.00283907 -0.00253088 -0.00307493 -0.00258808 -0.00251915 -0.00228564 -0.00258068 -0.0028928 -0.00201206 -0.00197274 -0.00250931 -0.0024478 -0.00271257 -0.00279166 -0.00288724 -0.00309652 -0.00219456 -0.00195924 -0.00210105 -0.00245852 -0.00221805 -0.00158694 -0.00235789 -0.00187739 -0.00232405 -0.00161293 -0.00251778 -0.00146587 -0.00177926 -0.00140708 -0.00199833 -0.00136237 -0.00218994 -0.0017474 -0.00202483 -0.00199365 -0.0020013 -0.00170171 -0.00214999 -0.00150651 -0.00258992 -0.00187957 -0.00172485 -0.00149986 -0.00139923 -0.00180761 -0.00154564 -0.00175656 -0.00169528 -0.00136798 -0.00197702 -0.00202221 -0.00124877 -0.00210414 -0.00176288 -0.00183079 -0.00139873 -0.00135765 -0.00129085 -0.00116825 -0.0015038 -0.000997683 -0.00143538 -0.000842218 -0.000480152 -0.000231573 
-0.000299013 -0.000385664 -0.00112509 -0.000859375 -0.00131007 -0.00161057 -0.00215056 -0.00179198 -0.00220992 -0.00191724 -0.00193036 -0.00207987 -0.00214461 -0.00272926 -0.00261601 -0.00293108 -0.00356332 -0.00282403 -0.00420486 -0.00327007 -0.00543482 -0.00418401 -0.00487346 -0.00470494 -0.00516225 -0.00512049 -0.00470033 -0.00502244 -0.0031839 -0.00444564 -0.00318133 -0.00468676 -0.00360355 -0.00368326 -0.00309208 -0.00249211 -0.00316278 -0.00214023 -0.00288338 -0.00201353 -0.00252685 -0.0023763 -0.0028877 -0.00258058 -0.0022495 -0.00302111 -0.00222851 -0.00253726 -0.00227221 -0.0028014 -0.0026518 -0.00262742 -0.00206442 -0.00170191 -0.00210754 -0.00220962 -0.0019301 -0.00222772 -0.00233267 -0.00133232 -0.00132464 -0.00184094 -0.00156224 -0.00206545 -0.00240869 -0.00180306 -0.00221085 -0.00203999 -0.00242943 -0.00186422 -0.00184068 -0.00219358 -0.00215159 -0.00185137 -0.00203266 -0.00190011 -0.00256645 -0.00209004 -0.00199597 -0.00124882 -0.00181926 -0.000939398 -0.0013048 -0.00113462 -0.00151292 -0.00180856 -0.0022619 -0.00167994 -0.00126928 -0.00175241 -0.0014349 -0.00159528 -0.00104725 -0.00144663 -0.000899533 -0.000965912 -0.00127842 -0.000608137 -0.000826902 -2.43592e-05 
-0.000507761 -0.000666811 -0.00106173 -0.00128737 -0.00134027 -0.00172964 -0.00189382 -0.00139538 -0.00203527 -0.00163989 -0.00197927 -0.00179406 -0.00220816 -0.00230449 -0.00337461 -0.0032196 -0.00296773 -0.0028014 -0.00347696 -0.00362876 -0.00414732 -0.00398895 -0.00432699 -0.00438495 -0.0039778 -0.00558549 -0.00458651 -0.00584942 -0.00441161 -0.00486096 -0.00388422 -0.00423736 -0.00343545 -0.00341006 -0.00214374 -0.00377095 -0.00279877 -0.00288923 -0.00260039 -0.00287621 -0.00279284 -0.00257702 -0.00261317 -0.0020903 -0.0025332 -0.00234138 -0.00341237 -0.00260406 -0.00175438 -0.00188534 -0.00187243 -0.00194801 -0.00150155 -0.00267908 -0.0021298 -0.00270191 -0.00216345 -0.00246875 -0.00194761 -0.00233463 -0.00225295 -0.00214817 -0.00199468 -0.00197391 -0.00147596 -0.00247365 -0.00203271 -0.00207845 -0.00238318 -0.0018008 -0.00178029 -0.00166025 -0.00208218 -0.00176306 -0.00195307 -0.00206304 -0.00166803 -0.00152308 -0.00176777 -0.00160182 -0.0015274 -0.00133003 -0.00206729 -0.0019274 -0.0019552 -0.00135952 -0.00139265 -0.00174372 -0.00183578 -0.00163168 -0.00158718 -0.00160264 -0.00145883 -0.00138623 -0.00101981 -0.000958282 -0.00128694 -0.000579114 -0.00108158 -0.000175431 
-9.16856e-05 -0.00090148 -0.000392592 -0.000944894 -0.00120637 -0.00196625 -0.00179559 -0.00157753 -0.00208022 -0.00192607 -0.00196374 -0.00243852 -0.00236739 -0.00272422 -0.00286418 -0.00336186 -0.00293864 -0.00282478 -0.00324065 -0.00319545 -0.00516219 -0.00391614 -0.00580073 -0.003925 -0.00447942 -0.00456426 -0.00429679 -0.00485835 -0.00363552 -0.0041624 -0.00443911 -0.00327503 -0.00354888 -0.00263851 -0.00326252 -0.0031836 -0.0031054 -0.00330939 -0.00254502 -0.0025491 -0.00287464 -0.00256847 -0.00261705 -0.00235392 -0.00227079 -0.00255214 -0.00268088 -0.00268121 -0.00229612 -0.00233023 -0.00204022 -0.0022025 -0.00273417 -0.00220801 -0.00154997 -0.00216019 -0.00188924 -0.00168994 -0.00243212 -0.00204254 -0.00240876 -0.00135398 -0.00175006 -0.00210959 -0.00219102 -0.00225543 -0.00193036 -0.00180673 -0.00205121 -0.00218427 -0.00179788 -0.00256242 -0.00196577 -0.00144418 -0.00169233 -0.00151217 -0.00176746 -0.00180125 -0.00156647 -0.00177702 -0.00174563 -0.00188203 -0.00144563 -0.00197773 -0.00229865 -0.00142188 -0.00188766 -0.00165581 -0.00188646 -0.00151816 -0.00188067 -0.00135506 -0.00150093 -0.00167054 -0.00138019 -0.00177761 -0.000615268 -0.000758062 -0.000424907 -0.000302139 
-0.000292872 -0.000687098 -0.00058444 -0.0014795 -0.00153254 -0.0014425 -0.00212734 -0.00158446 -0.00194663 -0.00187692 -0.00213596 -0.00190896 -0.0024591 -0.00242866 -0.00274196 -0.0025993 -0.00248948 -0.00342452 -0.00321938 -0.00395325 -0.00336151 -0.00466885 -0.00419087 -0.00555914 -0.00363305 -0.00453561 -0.00443766 -0.00596854 -0.00445061 -0.00505086 -0.00403254 -0.00346836 -0.00369389 -0.00290846 -0.00370736 -0.00332586 -0.00313814 -0.00254795 -0.00289299 -0.00225133 -0.00303594 -0.00228233 -0.00268834 -0.00218379 -0.0025462 -0.00221714 -0.00221148 -0.00230752 -0.00198102 -0.00250278 -0.00263324 -0.00193137 -0.00210633 -0.00175074 -0.00218949 -0.00207924 -0.00164546 -0.00204539 -0.00211248 -0.00230122 -0.00153781 -0.00225597 -0.00197238 -0.00239946 -0.00209242 -0.0029182 -0.00178412 -0.00156047 -0.00132441 -0.00179868 -0.00189918 -0.00180071 -0.00193736 -0.00179962 -0.00189846 -0.0019472 -0.00221455 -0.00165164 -0.00215299 -0.00213431 -0.00151876 -0.00112333 -0.00190768 -0.00175656 -0.00201687 -0.00168663 -0.00163443 -0.0012631 -0.0013198 -0.00160057 -0.00146519 -0.00141481 -0.00170871 -0.00147866 -0.00174177 -0.00103782 -0.00110456 -0.00077536 -0.000808342 -0.000222284 
-0.00063417 -0.000761406 -0.000522403 -0.000999104 -0.00145089 -0.0015463 -0.00159132 -0.00172088 -0.00182842 -0.00189736 -0.00218568 -0.00229848 -0.00318564 -0.00263873 -0.00234395 -0.00255017 -0.00310384 -0.00343697 -0.00462366 -0.00380583 -0.00320253 -0.00433284 -0.00400942 -0.00504399 -0.00375072 -0.0044291 -0.00342612 -0.00505637 -0.00346853 -0.00485304 -0.00310518 -0.00443992 -0.00303071 -0.00272857 -0.00364014 -0.00205054 -0.0032399 -0.00197887 -0.00253947 -0.00305083 -0.00355095 -0.00257544 -0.00214096 -0.00186342 -0.00186674 -0.00307 -0.00222453 -0.00208577 -0.00188668 -0.00327005 -0.00303883 -0.00210929 -0.00250393 -0.00245305 -0.0019832 -0.0022045 -0.00211089 -0.00212176 -0.00216068 -0.00229234 -0.00242338 -0.00221607 -0.00201296 -0.00216206 -0.00160231 -0.00179793 -0.00114623 -0.00193068 -0.00156159 -0.00206707 -0.00138753 -0.00160508 -0.001817 -0.00235111 -0.00203212 -0.00222368 -0.00136575 -0.00176367 -0.00194734 -0.00185001 -0.00157138 -0.00225432 -0.00120848 -0.00145497 -0.00101567 -0.00149667 -0.00160212 -0.00210955 -0.00145765 -0.00118149 -0.00111299 -0.00113669 -0.00132707 -0.00134276 -0.00182965 -0.00153604 -0.000939747 -0.00108679 -0.000586514 -0.000349283 
-0.000420523 -0.000256128 -0.000495644 -0.0012265 -0.000819249 -0.00198342 -0.00120975 -0.00209094 -0.00122309 -0.00240173 -0.00188151 -0.00181145 -0.00272257 -0.00278621 -0.00239306 -0.00368597 -0.00344939 -0.00356703 -0.0035021 -0.00333975 -0.00539218 -0.0036323 -0.00577973 -0.00371392 -0.00466082 -0.00377835 -0.00553391 -0.00462431 -0.00532436 -0.00491745 -0.00332547 -0.00391665 -0.00277684 -0.00331733 -0.00308211 -0.00309858 -0.00239777 -0.0034279 -0.00290737 -0.00290229 -0.00206502 -0.00261777 -0.00260434 -0.00202094 -0.0023069 -0.00260924 -0.00246826 -0.00194456 -0.00237387 -0.0019077 -0.00281401 -0.0017194 -0.00220852 -0.001796 -0.0019423 -0.00206699 -0.00240983 -0.00204888 -0.00176901 -0.00187726 -0.00184659 -0.00172074 -0.00164896 -0.00233179 -0.00250778 -0.00224826 -0.00220426 -0.0023985 -0.00208639 -0.00215925 -0.00180073 -0.00164933 -0.001886 -0.00181721 -0.00176073 -0.00215646 -0.00193539 -0.00157674 -0.00174937 -0.00203108 -0.00199294 -0.00158123 -0.00170357 -0.00195035 -0.001168 -0.00149026 -0.00140554 -0.0015792 -0.00192945 -0.00175082 -0.00184912 -0.00135016 -0.00130763 -0.0014992 -0.00159112 -0.000926973 -0.000172513 -0.00108708 -0.000612853 -0.000186754 
-0.000185962 -0.000489388 -0.000869892 -0.00139417 -0.00129462 -0.00115112 -0.00177823 -0.0018897 -0.00199703 -0.00236988 -0.00225052 -0.0020164 -0.00211862 -0.00232056 -0.00222289 -0.00319158 -0.00265533 -0.00377573 -0.00359018 -0.00337651 -0.00448836 -0.00377639 -0.0045276 -0.00477388 -0.00432077 -0.00546755 -0.00405751 -0.00438039 -0.00452251 -0.00446887 -0.00298266 -0.00396637 -0.00332297 -0.00260522 -0.00358281 -0.00343051 -0.00315646 -0.00254191 -0.00254411 -0.0021529 -0.00271465 -0.0019782 -0.00203724 -0.00235788 -0.00205367 -0.00266256 -0.00313304 -0.00230656 -0.00222413 -0.00184632 -0.00199533 -0.00321561 -0.00264888 -0.00206642 -0.00234468 -0.00184469 -0.00230515 -0.00175057 -0.00241615 -0.00165665 -0.002685 -0.00229701 -0.00220656 -0.00206952 -0.00241722 -0.00193163 -0.00202125 -0.00225249 -0.00173965 -0.00193242 -0.00171827 -0.00163865 -0.00161902 -0.00146262 -0.00190252 -0.00139056 -0.00194841 -0.0016175 -0.00178204 -0.00220888 -0.00152674 -0.00173479 -0.00125312 -0.00145686 -0.00151771 -0.00201978 -0.0011485 -0.00148643 -0.0013826 -0.00124961 -0.00138313 -0.00131098 -0.00192645 -0.0014456 -0.00187986 -0.0011663 -0.00110303 -0.00107833 -0.000833846 -0.000626266 
-0.00023162 -0.000624204 -0.000592518 -0.00143256 -0.000887475 -0.00173392 -0.0014824 -0.0015962 -0.00196324 -0.00219369 -0.00186769 -0.00173922 -0.0020032 -0.00236743 -0.00325334 -0.00260549 -0.00347949 -0.00370377 -0.00424212 -0.0037445 -0.00525779 -0.00451452 -0.00421749 -0.00535016 -0.00450524 -0.00438427 -0.00365705 -0.00536199 -0.00457923 -0.00403238 -0.00333155 -0.00354558 -0.00362086 -0.00324403 -0.0034857 -0.00254014 -0.00246752 -0.00267591 -0.00283423 -0.0026913 -0.00286952 -0.00257414 -0.00255475 -0.00248855 -0.0023962 -0.0026786 -0.00251973 -0.00155737 -0.00237096 -0.00177237 -0.00173513 -0.00170324 -0.00210322 -0.00173465 -0.00193066 -0.00140167 -0.00231739 -0.00246832 -0.00234529 -0.00197713 -0.00236627 -0.00215722 -0.00255356 -0.00256174 -0.00167432 -0.00153822 -0.00190126 -0.00150619 -0.0022784 -0.00200864 -0.00226569 -0.00171707 -0.0016101 -0.00158386 -0.00186971 -0.00117819 -0.00211137 -0.00186971 -0.00195901 -0.00261037 -0.00208905 -0.0014142 -0.00175608 -0.00179704 -0.00185062 -0.00134545 -0.00117783 -0.00133502 -0.00126037 -0.00181722 -0.00161145 -0.00212871 -0.00130787 -0.00148204 -0.00154009 -0.00140594 -0.000979561 -0.00122672 -0.00110116 -0.000509571 
-0.00034222 -0.00071596 -0.000930115 -0.000989405 -0.00139181 -0.00182465 -0.00142472 -0.00206999 -0.0024698 -0.00150531 -0.00238691 -0.00176023 -0.00198587 -0.00298032 -0.00364925 -0.00293644 -0.00395775 -0.0032244 -0.00403624 -0.00367702 -0.00520738 -0.00405485 -0.00708664 -0.00443421 -0.00485032 -0.00432382 -0.00440997 -0.0048416 -0.00364478 -0.00424491 -0.00312356 -0.00390436 -0.00379532 -0.00395049 -0.00364338 -0.00313422 -0.00294366 -0.00273476 -0.00392701 -0.00264177 -0.00256067 -0.00258803 -0.00203983 -0.00245488 -0.00194301 -0.0019093 -0.00220001 -0.00247551 -0.00264964 -0.00247064 -0.00207155 -0.00180257 -0.00238823 -0.00192649 -0.00242133 -0.00201587 -0.00210143 -0.00209849 -0.00210107 -0.00154814 -0.00169009 -0.00179765 -0.00234722 -0.00207631 -0.00213247 -0.00173626 -0.00176382 -0.00181174 -0.00157317 -0.00178555 -0.00160152 -0.00181032 -0.00167238 -0.00217185 -0.00161268 -0.00153721 -0.00190812 -0.00185037 -0.00181936 -0.00166196 -0.00206467 -0.00140129 -0.00135647 -0.0017366 -0.00181614 -0.00169228 -0.00155088 -0.00130823 -0.00150746 -0.00194732 -0.0017662 -0.00177014 -0.00194064 -0.00162627 -0.00142103 -0.000984161 -0.000953933 -0.000648497 -0.000866429 -0.000316065 
-0.000465419 -0.000440295 -0.00100468 -0.00149532 -0.0013018 -0.00227655 -0.00155975 -0.00234919 -0.00139178 -0.00238175 -0.00194972 -0.00215987 -0.00205162 -0.00272283 -0.00223346 -0.00343194 -0.00376074 -0.00344808 -0.00389705 -0.00282572 -0.00563183 -0.00380201 -0.00574721 -0.0054483 -0.0057009 -0.00435914 -0.00602164 -0.00410369 -0.00374229 -0.00564293 -0.00310424 -0.00398576 -0.00331996 -0.00328275 -0.0032091 -0.00355877 -0.00360274 -0.0025797 -0.00297389 -0.00296862 -0.00324942 -0.00289001 -0.00306896 -0.00192063 -0.0028879 -0.00195851 -0.00271433 -0.00234375 -0.00221413 -0.00215024 -0.00250015 -0.0027272 -0.00168296 -0.00249106 -0.00279151 -0.00238315 -0.00277249 -0.0013335 -0.00222263 -0.00143947 -0.0015353 -0.0020727 -0.00187579 -0.00222732 -0.00210724 -0.00192154 -0.00227945 -0.00201469 -0.0018475 -0.00165391 -0.00155981 -0.00177299 -0.00143066 -0.001726 -0.00201239 -0.00171161 -0.00222922 -0.00209376 -0.001794 -0.00161694 -0.00203707 -0.00191546 -0.00175724 -0.00168546 -0.00114308 -0.00164386 -0.00129569 -0.00162888 -0.00152375 -0.00202554 -0.00123698 -0.00186213 -0.00118693 -0.00164617 -0.00134163 -0.000921543 -0.000751066 -0.000911028 -0.00037208 -0.000190146 
-0.000338152 -0.000749772 -0.00109861 -0.0011335 -0.00162414 -0.00180858 -0.00212331 -0.00167952 -0.00187921 -0.00180321 -0.00200658 -0.00213966 -0.00255943 -0.00265326 -0.00301285 -0.00306727 -0.00237906 -0.0035188 -0.00357513 -0.0045902 -0.00387695 -0.00388681 -0.00363655 -0.00418586 -0.00362305 -0.00532421 -0.00366381 -0.00546057 -0.0041195 -0.00548796 -0.00340219 -0.00353919 -0.0033086 -0.00347717 -0.00354328 -0.00278873 -0.00275629 -0.00278132 -0.0032711 -0.00231438 -0.00223152 -0.00284445 -0.00286809 -0.00273746 -0.00286425 -0.00202323 -0.00249702 -0.00264033 -0.0026217 -0.0021762 -0.00253834 -0.00248043 -0.0022265 -0.00215032 -0.00175821 -0.00204918 -0.0019844 -0.00191379 -0.00167458 -0.00235428 -0.00219931 -0.00209847 -0.00221643 -0.001407 -0.0021079 -0.00198759 -0.00240013 -0.00196712 -0.00254651 -0.00273652 -0.00196924 -0.00201619 -0.00133502 -0.00140208 -0.00144386 -0.00203658 -0.00194121 -0.00243076 -0.00170509 -0.00160566 -0.00159411 -0.00145731 -0.00238991 -0.00196853 -0.00165951 -0.00188255 -0.00141709 -0.00151443 -0.00181638 -0.00192997 -0.00196149 -0.00130976 -0.00142763 -0.00137802 -0.00189617 -0.00143398 -0.00079771 -0.00102888 -0.000573873 -0.000144793 
-0.000215694 -0.000138076 -0.00069885 -0.00117327 -0.000823054 -0.00135718 -0.0014714 -0.0021292 -0.00182343 -0.0020844 -0.00225549 -0.00246984 -0.00249217 -0.00282716 -0.00240523 -0.00285939 -0.00379424 -0.00315225 -0.004235 -0.00415976 -0.00523942 -0.00445905 -0.00480232 -0.0049773 -0.004658 -0.0051579 -0.00409489 -0.0058186 -0.00218674 -0.0053762 -0.00400305 -0.00339765 -0.00321864 -0.0033669 -0.00361198 -0.00262699 -0.00335553 -0.00210488 -0.00259514 -0.00240602 -0.00295041 -0.00259514 -0.00266253 -0.00261549 -0.00224124 -0.00183376 -0.00262095 -0.00219547 -0.00234336 -0.00233382 -0.00354688 -0.0018203 -0.00210148 -0.00192376 -0.00189011 -0.00235629 -0.00185968 -0.00184704 -0.00142218 -0.00185747 -0.00202918 -0.00213863 -0.00188379 -0.0025169 -0.00156932 -0.00201324 -0.00168287 -0.00231603 -0.00172669 -0.0016088 -0.00242723 -0.00253535 -0.00161783 -0.0016814 -0.00193024 -0.00214615 -0.00150559 -0.00242892 -0.00173786 -0.00137911 -0.00156312 -0.00143793 -0.001417 -0.00152043 -0.00188425 -0.00178164 -0.00141963 -0.00154888 -0.00160169 -0.00184049 -0.00154336 -0.00192739 -0.00165048 -0.00159672 -0.00186633 -0.00149295 -0.00116368 -0.000727635 -0.000750571 -0.000357463 
-0.000206199 -0.000948001 -0.000853311 -0.00103496 -0.00130772 -0.00192988 -0.00162565 -0.00196581 -0.00162519 -0.00284026 -0.00193978 -0.00242646 -0.00256257 -0.00286946 -0.00258881 -0.00286029 -0.00409246 -0.00344335 -0.00385934 -0.00398508 -0.00291375 -0.0035529 -0.00343549 -0.00572604 -0.00460885 -0.00489741 -0.00403114 -0.00535111 -0.00413705 -0.00370093 -0.00461126 -0.00327552 -0.00321032 -0.00314837 -0.00315384 -0.00324468 -0.00324252 -0.00239187 -0.00363629 -0.0024276 -0.00322869 -0.00273053 -0.00281663 -0.00225105 -0.00329829 -0.00221003 -0.00230834 -0.00221026 -0.00304207 -0.00185283 -0.00225214 -0.00179112 -0.00207538 -0.00147615 -0.001973 -0.00198 -0.00238064 -0.00185342 -0.00223803 -0.00182226 -0.00202438 -0.00175844 -0.00178271 -0.0019531 -0.00164029 -0.00195276 -0.00231136 -0.00233232 -0.00206469 -0.00160614 -0.00176827 -0.00159153 -0.00186022 -0.00160262 -0.00150371 -0.00210177 -0.00227082 -0.00235065 -0.00164423 -0.00187627 -0.0013779 -0.0014762 -0.00194284 -0.00127647 -0.00127981 -0.00142284 -0.00115879 -0.00228951 -0.00144632 -0.00144723 -0.00163207 -0.00118794 -0.00216581 -0.00152669 -0.00119092 -0.00155455 -0.00123237 -0.000859916 -0.00126647 -0.000397489 
-0.000515644 -0.000490633 -0.00056727 -0.00115184 -0.00146387 -0.00168561 -0.0018787 -0.00210447 -0.001846 -0.00174484 -0.00187135 -0.00171975 -0.00229857 -0.00282266 -0.00355502 -0.00270729 -0.00325655 -0.00361062 -0.00326614 -0.00365483 -0.00362152 -0.00477004 -0.00378855 -0.00534233 -0.00427172 -0.00410464 -0.00400293 -0.00492891 -0.00482013 -0.0033432 -0.00482598 -0.00291198 -0.00356127 -0.00336723 -0.00327414 -0.00308962 -0.00300441 -0.00357539 -0.00280023 -0.00336608 -0.00213975 -0.00251038 -0.00262539 -0.00200567 -0.00191967 -0.00235531 -0.00239666 -0.00226725 -0.00252002 -0.00210722 -0.0027456 -0.00194154 -0.00250357 -0.00204003 -0.0021214 -0.00207256 -0.00154418 -0.00205329 -0.00186795 -0.00202602 -0.00189882 -0.00188802 -0.00169639 -0.00187099 -0.00235113 -0.00187115 -0.00214503 -0.00253312 -0.00294383 -0.00177126 -0.0020364 -0.00190171 -0.00217398 -0.0022401 -0.00192244 -0.002073 -0.00198832 -0.00143559 -0.00158016 -0.00144242 -0.00199884 -0.00163423 -0.00146399 -0.00152965 -0.00130313 -0.00133114 -0.00147915 -0.00202879 -0.00156538 -0.00150312 -0.00115438 -0.00142349 -0.0015765 -0.00177545 -0.00130399 -0.00112901 -0.000927418 -0.00109255 -0.000454434 -0.000179331 
-0.000327815 -0.000493914 -0.000820973 -0.00135601 -0.00117283 -0.00185245 -0.00173498 -0.00184257 -0.00242168 -0.00241929 -0.00201282 -0.00210347 -0.00208895 -0.00223276 -0.00359678 -0.00311425 -0.00328743 -0.00373642 -0.00471561 -0.00401926 -0.00363782 -0.00406668 -0.00375253 -0.00412171 -0.00460392 -0.00468389 -0.00519241 -0.00424072 -0.00405326 -0.00373782 -0.00349051 -0.0037173 -0.00356181 -0.00320796 -0.00359422 -0.00317353 -0.00311254 -0.00227414 -0.00177522 -0.0023702 -0.00234395 -0.00291419 -0.0027428 -0.00218763 -0.00255443 -0.00189431 -0.00287744 -0.00217595 -0.00221207 -0.00173755 -0.00260568 -0.00163406 -0.00282212 -0.00192412 -0.00238936 -0.00108942 -0.00200963 -0.00157176 -0.00226668 -0.0014927 -0.00261177 -0.00171142 -0.00212363 -0.00166514 -0.00243355 -0.0021626 -0.00240173 -0.00217782 -0.00203541 -0.00261748 -0.00159159 -0.0019618 -0.00187062 -0.00201693 -0.00139783 -0.00269252 -0.00204135 -0.00194998 -0.00186235 -0.00214756 -0.00152907 -0.00137962 -0.00170144 -0.00148719 -0.00158698 -0.0012795 -0.00148257 -0.0015881 -0.00168448 -0.00157264 -0.00147983 -0.00162849 -0.00137638 -0.00136929 -0.00180391 -0.00145135 -0.00140393 -0.0007627 -0.000570108 -0.000697092 
-0.000130458 -0.000583098 -0.000908503 -0.000814795 -0.00136373 -0.00161227 -0.00159629 -0.00251765 -0.00135911 -0.00239668 -0.00160338 -0.00258594 -0.00212756 -0.00274371 -0.00255099 -0.00284109 -0.00335154 -0.00318679 -0.00435361 -0.00296151 -0.00437199 -0.00335476 -0.00546688 -0.00515174 -0.00506673 -0.00482082 -0.00431647 -0.00569523 -0.00304007 -0.0055631 -0.00372234 -0.00457842 -0.00285239 -0.00440655 -0.00342839 -0.00331765 -0.00211459 -0.00247699 -0.0026569 -0.00226213 -0.00227653 -0.00215335 -0.00273408 -0.00210504 -0.00247048 -0.00211515 -0.00245984 -0.00242615 -0.00193524 -0.0016603 -0.00155088 -0.00175044 -0.00209367 -0.00222017 -0.00190491 -0.00169315 -0.00205839 -0.00260557 -0.00208253 -0.00196551 -0.00183958 -0.00184052 -0.00176706 -0.00195525 -0.00230094 -0.00223003 -0.00229069 -0.00186401 -0.00225936 -0.00192867 -0.00186468 -0.00161148 -0.00167659 -0.00195062 -0.00173929 -0.00159892 -0.0018102 -0.00153496 -0.00194835 -0.00159055 -0.00219544 -0.00178415 -0.00157692 -0.00124562 -0.00217266 -0.00172223 -0.00187386 -0.00163444 -0.00104739 -0.00134404 -0.00137621 -0.00139576 -0.00212909 -0.00180941 -0.00135119 -0.00134316 -0.00143127 -0.000664417 -0.000865903 -0.000125669 
-0.000394606 -0.000437967 -0.00111908 -0.00149563 -0.0009623 -0.00159966 -0.00147 -0.00237916 -0.00177403 -0.00188856 -0.00177601 -0.0019611 -0.001914 -0.00214592 -0.00316962 -0.00308772 -0.00326769 -0.00319313 -0.00454941 -0.0036211 -0.00502882 -0.00378476 -0.00509488 -0.00411344 -0.00460555 -0.00415848 -0.00559911 -0.00426777 -0.00541366 -0.00405473 -0.00478937 -0.00338278 -0.00337981 -0.00287535 -0.00359798 -0.00354297 -0.00304173 -0.00276402 -0.00262296 -0.00232751 -0.00203384 -0.00281228 -0.00232975 -0.00228313 -0.00258179 -0.00196195 -0.00243207 -0.00212368 -0.00250142 -0.00204352 -0.00176966 -0.00222455 -0.00236473 -0.00219316 -0.00155156 -0.00240196 -0.00202146 -0.00284997 -0.0019449 -0.00210137 -0.00259617 -0.00176351 -0.00225232 -0.00174983 -0.00184986 -0.00166887 -0.00197177 -0.00167387 -0.00182213 -0.00177779 -0.00221856 -0.00164055 -0.00165748 -0.00131916 -0.00171802 -0.00203988 -0.00160503 -0.00179914 -0.00198786 -0.00181617 -0.0017617 -0.00138961 -0.00178335 -0.00170288 -0.00216574 -0.00195309 -0.00135299 -0.00134853 -0.00179724 -0.00148069 -0.0011328 -0.00134422 -0.00133454 -0.00143118 -0.00170855 -0.00115623 -0.00147188 -0.000624083 -0.000192241 -0.000599759 
-0.000309744 -0.000821157 -0.00103121 -0.00125634 -0.00118735 -0.00179992 -0.00191628 -0.00171065 -0.00198464 -0.00196246 -0.00193676 -0.00202463 -0.00254334 -0.00265467 -0.00339027 -0.00236936 -0.00320203 -0.00205364 -0.00357853 -0.00420856 -0.00392705 -0.00402659 -0.00306649 -0.00464525 -0.0046828 -0.00408582 -0.00477026 -0.00479177 -0.00371496 -0.00495588 -0.00333903 -0.00349858 -0.00357031 -0.00300315 -0.00308525 -0.00241503 -0.00260342 -0.00239333 -0.00317042 -0.00213012 -0.00308854 -0.00287208 -0.00223154 -0.00303325 -0.00244149 -0.00213222 -0.00245681 -0.00193772 -0.00194605 -0.00197797 -0.00234872 -0.00273323 -0.00232616 -0.00247777 -0.00208276 -0.00194184 -0.0019996 -0.00176269 -0.00221952 -0.00191672 -0.00267546 -0.00177848 -0.00226328 -0.00194218 -0.00247403 -0.00210798 -0.00175647 -0.00192445 -0.00153881 -0.00149525 -0.00175513 -0.00184073 -0.00225409 -0.00181093 -0.00191784 -0.00159318 -0.00228141 -0.00159005 -0.00135244 -0.00140346 -0.00193428 -0.00137505 -0.0015004 -0.00170981 -0.00176325 -0.00224762 -0.00187991 -0.00163246 -0.00247322 -0.00192823 -0.0012843 -0.00156098 -0.000926348 -0.00161174 -0.00142909 -0.00087633 -0.00106926 -0.000444637 -0.000690188 -0.000517104 
-0.000101722 -0.000406507 -0.000778541 -0.00100646 -0.00205301 -0.00143628 -0.00161545 -0.00177193 -0.00215593 -0.00173957 -0.00166672 -0.00164416 -0.00227874 -0.00307725 -0.00277341 -0.002996 -0.00289819 -0.0029206 -0.00313099 -0.00371691 -0.00484494 -0.00404487 -0.00391441 -0.00404801 -0.0051614 -0.00422376 -0.00534622 -0.00439883 -0.00453795 -0.00347314 -0.00386298 -0.00420118 -0.00281049 -0.00415414 -0.0027841 -0.00297211 -0.00251997 -0.00248243 -0.00309636 -0.00245497 -0.00294049 -0.00234631 -0.00244151 -0.0019394 -0.00153947 -0.00240534 -0.00264297 -0.00187994 -0.0020206 -0.0022714 -0.00259605 -0.00238613 -0.00148658 -0.00227657 -0.00183781 -0.00207975 -0.00141489 -0.00210093 -0.00205884 -0.00177119 -0.00169013 -0.00219587 -0.00187435 -0.00237585 -0.00208616 -0.00220843 -0.00198411 -0.00220471 -0.0024957 -0.00188793 -0.00209928 -0.00130774 -0.00178483 -0.00210957 -0.00168141 -0.00162792 -0.00188558 -0.00161167 -0.0014956 -0.00156146 -0.00197181 -0.00155818 -0.00156363 -0.00148518 -0.00236154 -0.00178733 -0.00259895 -0.00210728 -0.0016987 -0.00144952 -0.00156832 -0.00142147 -0.00199335 -0.00173474 -0.00131886 -0.00153522 -0.00114627 -0.000630352 -0.000657068 -0.000135927 
-0.000129337 -0.00102562 -0.000672977 -0.00100929 -0.00167148 -0.00164411 -0.00183165 -0.00167652 -0.00170566 -0.00146883 -0.00206566 -0.00225241 -0.00219049 -0.00239618 -0.00239186 -0.00334542 -0.00297404 -0.00314302 -0.00360433 -0.00342176 -0.00397899 -0.00447002 -0.00350501 -0.00395455 -0.00559519 -0.00442717 -0.00428226 -0.00473654 -0.00382248 -0.00455379 -0.00377152 -0.00433139 -0.0036353 -0.00365328 -0.00379616 -0.00282203 -0.00272346 -0.00227743 -0.0026811 -0.001725 -0.00282507 -0.00266226 -0.00191366 -0.00254872 -0.00232925 -0.00206681 -0.00211586 -0.00277202 -0.00186782 -0.00277036 -0.00177268 -0.0022029 -0.00195758 -0.00152003 -0.00157613 -0.00168957 -0.00194042 -0.00241717 -0.00258673 -0.00208414 -0.00169453 -0.00110622 -0.00224567 -0.00127637 -0.00279723 -0.00230123 -0.00179126 -0.00126353 -0.00179282 -0.00187509 -0.00177847 -0.00178159 -0.00215148 -0.00117285 -0.00181088 -0.00155752 -0.00273689 -0.00173341 -0.00184547 -0.00173995 -0.00154175 -0.00169454 -0.00125458 -0.00177582 -0.00134986 -0.0018398 -0.00144246 -0.00161233 -0.00200856 -0.00217824 -0.00162135 -0.00137172 -0.00159359 -0.00107373 -0.00137009 -0.00142951 -0.000964297 -0.0010234 -0.000899088 -0.000181112 
