-23 651 1721 2147 2692 3049 3920 4227 4613 4203 5111 4647 4991 5894 5709 6659 8938 10112 9518 11552 14203 15046 16523 16247 13977 13356 13091 14124 13963 12065 11087 11751 11757 10320 8918 7249 6914 5703 5558 5723 6282 6341 5232 5724 5191 5295 6003 6033 5854 5678 6171 5277 4679 4296 4542 4062 4214 4130 5054 5323 4447 3793 3773 3638 3279 3974 4502 4636 5073 5261 5621 5299 4730 5395 4839 4813 4562 4256 4630 5000 4658 5182 5068 5382 5449 6497 5138 4676 5622 6187 6124 5410 4901 4141 3794 5768 4054 4073 4467 2671 
-24 478 443 1063 1183 2142 2629 3234 3557 4049 5263 4982 5573 7666 9781 12794 16308 16326 19214 27440 30719 34899 36701 35942 34842 31083 31642 33463 30188 27942 25895 25486 21467 18737 14235 10565 8648 7141 6281 7124 7329 8718 5011 5429 4811 5449 6949 6083 7072 7089 5152 4577 4689 4423 4270 4748 4711 4416 5074 4864 4588 3769 4706 3389 3456 3720 4362 4887 4649 4915 5157 5147 4647 5213 5244 4307 4612 4602 3424 4666 5301 4742 5326 5635 5764 6064 6525 5786 5148 4589 5224 4466 5860 4859 4471 4811 3232 2710 2164 1422 
-8 405 831 1087 1617 2161 3491 4099 4065 4167 4726 5952 7792 10082 13010 18773 23570 25764 32880 38705 46151 50360 53394 53603 53459 49959 51666 50806 48370 42820 40682 38720 30728 23611 18732 15233 11826 10249 9356 8913 8048 6728 6065 6254 6592 5318 5163 6883 7152 6269 5408 4451 4845 4446 4054 4167 4359 4743 4607 5660 4455 4283 3701 3816 3781 4728 3841 4682 5743 5030 5094 5310 4745 5363 5248 4750 4519 5070 4051 4217 4719 5460 5726 5209 5317 5502 6039 6158 6128 5028 4538 4639 5206 4627 4706 3716 3153 3144 2808 1791 
-12 740 1165 1498 1925 2943 2893 4579 4367 4492 5470 5952 8194 11048 16043 23889 31877 38738 43631 50058 54536 67199 69052 71104 77195 76300 74540 69291 64042 61333 55279 48771 38063 27960 23284 20556 15882 13163 11022 10664 8598 7007 7019 6151 5988 7287 6576 5599 7349 5690 6539 5437 4498 4330 4441 4284 4143 4013 4214 4309 4536 4441 4497 4729 4477 3678 3409 4270 5347 4749 4403 4781 5278 5692 5150 5477 4589 3909 3629 4309 4899 5328 4669 6621 6226 5583 5261 5157 5321 5749 5439 5404 4512 4191 4357 3590 2455 2103 1793 2240 
-7 477 946 1099 1418 1788 2527 3351 3956 4098 5538 7358 11305 14399 20280 29174 38252 52949 53139 58299 65163 76921 84776 93677 98021 103740 99697 90470 86174 77827 70174 60635 48189 36015 29583 23639 19483 16916 14771 9471 9288 7936 7711 8535 5660 6682 6872 7079 6418 6440 5284 4996 4955 5526 4749 4274 4264 4595 4204 4292 4606 6045 4716 4333 4480 4053 4539 4244 4851 5604 5523 5069 5070 5150 4291 4527 6124 4790 4395 4437 4569 4806 4595 4836 4902 5112 6591 5873 5310 4962 4461 5100 4814 4918 2997 2159 1321 420 159 40 
-28 1393 1443 1615 2106 2657 2781 4268 5023 5728 7562 9328 12490 16956 25427 37213 47278 58204 66668 74576 79086 84717 96571 111559 116808 120714 116539 112983 106917 94770 82661 71724 60785 45897 36155 28268 23544 18720 14707 12427 11749 10020 8486 7315 7208 6275 6562 7559 7232 6251 5776 5904 5275 5089 4602 4308 3978 4497 3729 4021 4743 5123 5396 4228 4043 4710 4348 4271 4628 4502 5135 5282 5093 5080 5077 5238 5712 4767 4134 4328 5239 4488 4478 5016 5118 5524 4783 5370 5408 5497 5220 5354 4729 4301 4654 4671 2351 2160 1596 1432 
-6 251 217 316 638 1232 1833 2474 3499 5139 7930 9733 13875 19728 30107 40537 56259 65438 77854 88487 95975 104902 112811 126267 136056 134976 137598 136933 128568 110799 96636 80601 69570 59896 46399 32425 23481 19318 16440 14345 12621 11052 8475 8101 7550 7707 6532 7022 6754 6730 7531 5230 5230 6146 5534 5095 5037 4020 4581 5616 6367 5700 5389 5167 5431 4565 3852 4557 3996 4109 4990 5201 5365 6204 6063 4951 4089 4120 4432 4927 4684 4443 4225 5453 5135 5268 4887 5116 3564 2898 2224 1446 677 245 189 159 18 0 0 0 
-11 345 857 1040 1546 2501 3681 5029 5881 7174 9052 11985 17239 26449 36848 46243 59323 75740 89353 103439 111641 124683 128168 135957 146773 145477 144499 150182 142075 128242 115621 92528 77728 68725 59352 43129 28489 23115 18505 14708 12565 12437 10498 9410 8374 7379 7244 7631 7327 7113 6381 6524 6469 5437 6240 4921 5328 4801 5244 4238 5791 5482 4466 4904 4856 4704 4718 4083 4968 4668 4686 4788 5597 6259 6170 5004 4833 4764 4695 4808 5249 4944 4817 4557 5098 4603 4344 4194 4814 4089 4262 4158 2573 2442 1787 828 521 481 289 148 
-42 1479 2011 2936 3628 4184 5601 6322 7973 9749 11949 14472 20136 31801 39424 52521 65958 84627 99228 109570 128302 141094 143859 152967 161586 161620 161965 161206 155903 140690 128880 108507 88386 72139 66287 54619 40197 28585 21030 18140 13563 11979 11048 9545 9927 9498 8054 7671 6745 6839 6723 7239 6747 6251 6087 5912 5582 5173 5115 5401 5213 4999 5100 5872 6130 4544 4866 4417 3983 4707 4960 5039 6043 5622 5200 5054 4869 4147 5461 5326 5262 4343 4319 4292 5192 4344 5427 4887 4573 4061 3772 4595 3857 3760 5422 4484 3092 2407 2128 1697 
-37 1602 2313 3296 4877 4633 6121 7444 9020 10392 12021 18217 25283 37166 46000 56657 70541 90243 104433 124932 142320 159540 161444 162386 176413 180539 169213 170101 169735 153060 139529 123884 98980 84783 71211 61827 47623 35366 26698 22319 15458 11655 10776 10500 10069 9272 8989 7879 7802 7162 6877 7068 6596 7064 7389 6526 6144 6325 5775 5427 4898 5468 5577 5081 5081 5495 4665 5426 4424 4647 4444 4707 5886 6530 6394 4884 4436 4855 5964 4793 5129 4826 4250 4810 4565 4195 4212 4485 4393 3625 3779 3683 4100 3497 4331 4456 2993 2531 3017 2379 
-1 175 314 939 1350 2193 3572 5689 7972 10709 15156 21149 27998 39222 53362 66224 78688 95808 116553 139064 158287 175019 180196 183955 196666 193189 179781 182301 185062 165941 155603 131370 111805 97776 83924 67707 53450 40482 31388 23886 17865 13286 11043 10227 9356 9269 10412 9615 7459 7603 6629 7471 8010 7310 7682 7959 7093 7238 6420 5918 6218 6874 6059 5680 5190 4298 4670 5628 6030 5724 5379 4551 4972 6232 6496 5499 5431 5307 4977 5248 5050 5258 4275 4017 4341 3659 4213 3799 3379 2893 2363 1806 1347 802 855 1093 556 519 177 29 
-5 172 518 1379 2271 3135 4578 6362 9857 13152 16119 23021 32039 42788 59324 72581 82691 104200 125121 147645 173124 183717 200824 208959 219369 208782 197440 204480 188944 179854 165814 143879 122216 109047 95540 74046 61346 46898 36201 27849 21230 15388 12489 11692 10645 8993 8759 9321 9000 7503 7350 7219 7663 7383 7952 7832 9231 8652 7686 7569 6210 6137 6078 6358 6215 6050 5540 5256 6061 5338 5343 5343 5005 4999 5599 5490 6026 5809 5892 4709 5162 6189 5271 3820 3437 3842 3729 3115 3362 3462 2081 1337 710 739 583 59 28 9 0 0 
-11 728 1482 2004 3147 4705 6888 8716 12074 15160 19886 28214 35802 48768 63639 76111 92296 112543 133016 154027 177421 196476 215009 228764 233466 217542 227244 225987 199598 188427 174773 157167 128369 121246 102554 83455 67967 56333 43284 29632 22095 18940 14999 12190 12074 10511 8505 8297 8471 8115 7579 6761 7247 8141 8461 8519 8473 7979 9170 8865 8631 8265 7033 6475 6589 6259 6559 5407 6012 4935 5095 4978 5609 7164 6673 5292 5421 6082 5596 5027 5988 5348 4585 4338 3875 3019 3260 3402 2746 2379 1479 1302 1019 809 619 745 349 213 116 0 
-27 1241 1859 2989 4785 6378 8032 10073 13206 17868 22956 31220 41501 51049 67222 83884 101348 118455 141830 158313 179282 218371 229773 242602 247469 237604 246644 235836 216603 197796 181900 166586 149135 124556 108479 90855 76675 60339 46589 34247 25038 19236 17084 14641 12156 10914 10055 8562 8585 7280 8195 7378 6941 7429 8061 9083 8772 9555 9708 8002 8195 10143 8946 7859 6931 7286 6268 5785 6178 5789 5673 5843 5495 6043 6420 5931 6747 6577 5559 5810 5722 5026 3877 3645 3994 3326 3295 2642 2460 2557 2160 2024 1804 1639 2264 1849 887 862 734 324 
-18 1613 1935 3748 4946 7142 8994 10809 14054 20196 27251 36411 43609 53664 68973 92047 110696 127918 146008 171871 202314 221617 236699 252284 262946 258096 255572 241068 231870 210276 191188 177249 159986 133064 116447 97845 83994 71093 51054 39341 29102 22640 16860 14265 13983 12532 10837 9446 8013 8124 8374 6609 7931 7690 7989 8051 8091 9629 10208 9456 9074 8470 9013 10572 9162 8368 8132 6409 5849 7178 6364 5430 6646 6950 6922 6156 6000 5625 5293 4517 5697 5709 4593 4240 3936 4489 4060 2943 2569 2674 1740 1942 2238 2156 1717 2091 2076 1419 1004 366 
-16 596 1504 3239 5913 7366 9687 14203 17896 24506 31963 38654 44928 57033 75453 97461 117251 135375 151764 183167 214835 232862 243238 262062 276252 284715 266391 253129 239086 225099 212287 189967 168225 142292 122505 106860 90261 73830 61707 43531 32855 24269 19901 15965 13175 12230 10302 11398 10295 9025 7897 8201 7415 6581 6739 7663 8467 9560 9596 8937 9731 9304 9433 9740 10771 9760 9720 8737 7747 7619 7223 5868 6137 6757 7285 7135 6337 6681 5096 5027 5846 5250 5305 4599 3957 3577 3340 2927 2491 2525 1737 1994 1663 1985 2410 2080 1359 1036 1270 567 
-12 975 2163 3088 5799 8306 11899 16555 23386 27837 33584 40535 46647 62522 84987 104331 121414 143868 157534 196304 221265 244207 257964 270170 283172 299651 283749 257732 262296 237521 220264 205279 177913 154369 134403 111259 93448 80321 65344 50862 37581 25468 20980 17010 14364 12250 11491 12009 9411 9352 8434 8236 7998 7855 7157 7451 7010 8095 9613 10251 9663 8624 9783 9677 10447 11410 9742 9213 9228 8285 7991 7856 7297 8372 7315 8395 8062 6973 6514 5695 4734 4345 4514 3949 3603 3722 2982 2812 3120 2578 1893 1756 1500 1753 2618 2107 1435 1232 1453 734 
-10 872 2627 3895 7006 10606 15095 18692 25391 31255 35880 42349 50952 68687 91668 110653 129863 149904 170724 205389 226059 253326 272983 285967 305934 304328 291915 283997 275707 246130 230285 219888 190512 166305 147220 116621 93608 86691 69263 53760 42101 30238 22050 17566 15932 12169 12614 10681 10999 9309 8681 8940 8537 7173 7171 7559 7982 7864 8414 7991 9799 9972 9767 9184 10221 10741 10327 10659 10450 9340 9257 8900 9166 8600 9142 8173 7816 8654 6333 5897 5387 4919 4470 4377 4297 3129 3279 3594 3060 2043 2095 1309 1322 1524 1593 1000 702 634 288 127 
-57 2660 4791 6388 9446 12669 16615 22275 27396 33551 38177 45674 53853 76237 99456 114422 137374 158860 180202 214866 228980 271161 283862 307507 314341 307605 307432 302924 289418 253619 237964 227097 204106 181309 154751 124889 101739 83735 71367 57650 45740 35028 23681 17932 16165 13938 11550 10963 10007 9718 8810 7827 8504 7762 7984 8617 8353 7538 8461 8524 8174 8844 9597 9626 10798 9785 9847 10161 10992 10637 10398 10120 9442 10350 9306 9091 9826 8362 7307 7011 5946 5299 5636 4732 3929 4092 3239 2608 2937 2147 2598 1858 1953 2028 3393 2990 1662 1422 938 771 
-29 1304 3168 5589 8812 12498 17694 24738 28367 36147 43283 50097 57843 80040 102664 123708 143309 162432 193656 216859 239565 289130 310352 306282 319927 311996 326006 320563 302895 272177 249955 231112 215436 198218 166550 136888 110447 85443 69324 61901 47586 36100 27112 20298 16363 13103 11957 11076 10915 10013 8756 8066 7411 8518 8665 7333 8603 8165 8187 8335 8276 8244 10490 9640 10036 10644 9912 9332 10053 10029 10331 10903 11438 11099 10594 10295 9500 9167 8212 7518 7177 6842 7119 5382 3937 4292 4368 3083 2581 2852 2499 2222 2136 2338 2390 2421 1120 811 813 738 
-47 2384 3859 6150 10557 14704 20544 26644 31624 41729 46856 51669 62006 84298 107204 124451 146327 170746 204606 220641 256598 289587 327189 322723 317015 336577 339030 336039 310555 280392 273813 244132 224877 207775 173087 143366 114739 92433 73178 63466 51282 37818 29852 20627 16506 15233 13033 10385 9933 9592 8791 8055 7591 8355 7729 7476 7487 7153 8066 8959 8826 8605 9533 10165 10283 10063 10534 10109 10394 9903 9396 10196 11418 11189 11257 10484 11268 10144 8831 8991 8263 7229 5926 5851 5210 5562 4541 3905 3596 3885 2939 3094 2689 2452 2994 2650 2033 1916 1764 1593 
-43 2918 5625 9064 12918 18570 25397 28918 37380 43663 49014 55580 67868 89403 113381 125755 145428 186607 218453 227715 273193 297489 322839 342290 326148 339194 347888 353252 323278 285567 290022 262149 240104 214416 180355 148766 117692 96636 81819 65887 54143 40273 28829 22615 17611 14975 12809 11552 9323 9207 9058 8382 7994 6619 6837 7408 8410 7133 7730 8129 8559 8453 9529 8912 10521 9220 11122 10299 10205 10807 9943 10696 10488 9676 10672 11715 11283 11826 9814 10076 8480 8275 7819 7052 5720 5648 5361 5552 4149 3858 3349 2752 2943 3055 3939 4171 2136 1583 1251 1112 
-51 2346 6153 9191 13031 19050 25142 34477 41196 45937 51509 60300 74695 93865 116531 131197 156616 197670 229374 244729 275025 300651 331430 353330 350828 346218 356394 367132 335900 316678 289589 275564 262409 226623 181212 155824 127347 101382 85554 70898 54682 41664 29077 21518 19070 15181 12557 11054 9712 9618 8950 7908 7596 7310 6764 6640 7686 7519 7379 8523 8264 8545 8708 10043 8911 9400 9789 9546 11174 10470 10715 11164 12234 10441 11105 9830 10801 11151 10813 9456 8773 8627 8347 8418 7978 7051 6386 5175 4879 4420 4172 3999 4066 3783 3573 3039 2060 1705 917 841 
-15 921 2679 6427 11553 19316 30715 37283 44537 47159 57291 62994 77875 99133 117523 145573 167187 204277 247285 254211 275453 302778 343266 363701 367269 363019 367835 381533 349280 339477 304770 281195 266514 234547 193015 161859 137346 109497 88849 70755 57315 42180 31317 22286 17238 14208 11454 10727 9573 9727 9008 8351 7763 7782 7459 7058 7690 6734 7800 7969 8126 8554 8338 8290 8858 9560 9095 10349 10880 10505 11314 11187 11467 11012 10216 10483 9931 10205 10366 11182 9943 8860 8879 8914 7611 7558 6587 6491 6110 5791 5059 4751 4541 4241 4098 3396 2166 2077 1367 427 
-14 1999 4514 9602 16414 25317 32061 39978 45227 53360 59046 66690 82220 97600 128908 159014 176576 216019 253318 260855 286187 301452 351159 378148 378447 382190 390505 369258 378295 351379 317286 303195 261982 239938 206135 171456 144468 118096 94942 74034 56104 44393 31313 23008 18185 14102 12490 10682 10148 8942 8608 7787 7384 6965 7112 6834 6661 7118 7746 7280 7574 8618 8989 9311 8692 8618 9587 9578 9768 10569 10345 10863 10393 10115 10942 10811 11340 11966 11244 9772 9761 9561 8612 8556 7761 8004 8486 7726 5841 5930 5204 5324 5184 4468 4434 4986 3675 2584 2061 1476 
-17 1478 3667 6805 14785 22934 36298 44159 47908 55761 60337 74694 84188 101586 138547 171746 190470 220335 260127 267636 295989 311850 346779 390747 391228 404183 419460 380657 382017 364639 336304 312723 270415 247020 213531 183379 152735 121119 98619 74429 56844 44813 31885 23504 18136 13579 11915 10696 10193 8201 7974 8528 7446 8145 7901 6520 7445 6053 6494 7659 8693 8672 8662 8173 7435 8748 9028 9607 10892 10617 10082 9816 10355 10504 10891 11370 12011 10558 10347 10353 10407 9658 9152 8530 8158 7339 7600 7089 6573 6267 6553 6764 5042 4909 4465 3868 1738 1349 1161 213 
-55 2499 5035 11749 19835 30466 38785 43381 50205 58766 65871 79166 85694 109787 149750 175917 195789 225219 259014 280772 297937 319758 360498 389588 418260 422759 420990 404626 387364 376994 356563 316594 281151 253958 222787 191075 158716 128468 96021 75150 57868 46376 32483 25165 19070 13943 12188 10100 9703 9636 7061 6954 7175 6957 7505 8149 7704 6767 6946 6797 6935 7658 8093 7561 9173 8552 8039 8713 10584 10572 10310 10185 10513 9807 10253 9780 10107 10691 11488 10606 10337 10359 10477 9145 8624 7911 7474 7373 7315 6570 6731 6120 6781 5397 7645 6707 4803 4408 3363 2745 
-33 2098 4957 9454 17533 29214 41520 47661 54440 62163 71101 78553 94673 117311 155087 180336 203135 233883 254321 289646 312779 329124 364269 399129 438405 440435 418304 419968 405469 399305 366559 329225 287826 264033 234888 196128 167802 130935 98785 75816 57289 44595 34608 24430 19229 14309 11569 11252 10236 8481 7422 7227 6887 7767 6786 6884 7193 7212 8133 7149 6549 6132 8327 8322 9169 9430 8685 9258 9920 9708 9102 9540 9228 9612 9729 10298 10864 11398 10740 10398 10519 10474 9554 9030 8863 7938 7744 7442 8290 8007 6693 7816 5926 5353 5866 5053 4249 3352 2563 1806 
-9 1317 3851 8758 17707 29192 41659 50876 58921 67590 73813 82130 99440 124442 154704 192495 208248 238632 270019 291895 321287 354199 379994 416209 455993 443973 432845 432300 427084 409279 368630 347602 306811 269318 238694 208737 171350 134940 102800 75502 58279 44753 31562 24160 20026 15600 12942 11319 9461 8493 8803 7671 7520 6889 6695 6717 6186 7467 6334 6726 7956 7510 7343 8420 7992 8440 9311 9233 9966 9643 9651 9375 10349 9758 9505 10416 9333 8905 10131 10368 10410 10690 10045 10189 9935 9213 9944 8539 7207 7655 6105 5879 5638 4469 4442 3540 2951 2382 1337 980 
-41 3350 7321 14364 24597 33289 45378 55368 62712 67290 76225 91171 106785 123869 159030 201805 214750 242664 277043 300527 330504 374457 404074 434534 452054 452956 452573 450953 435972 407102 385540 362349 325424 274119 241034 217523 172680 136040 108037 78471 59715 41621 32024 24405 19326 16221 15068 12212 10226 9084 8238 7994 6345 5515 6859 7247 6234 6994 6832 6694 7388 7434 7542 7796 8055 8327 8118 8593 8176 8935 8761 9750 9594 10938 10429 10762 10269 10611 10380 9347 9461 8907 9238 9316 8820 9157 10290 8019 8777 7893 7826 7177 7019 6354 6428 5631 3323 3215 2023 1561 
-53 3500 7965 14575 25060 37499 52609 57173 63683 71211 82811 95583 108665 128007 165980 195988 229299 247804 287228 312987 337393 390568 417606 444922 454909 463470 468712 471273 439701 406041 403852 390070 332597 279023 253624 216260 171704 145097 109538 80067 60942 42938 30730 24914 19329 15431 14184 13279 11992 8659 7615 7350 7477 7484 6839 6370 5918 5601 6002 5992 7159 6923 7212 7658 8741 8558 8471 8108 9068 10008 9266 8036 9916 10535 10296 9500 10087 10498 11068 10150 9316 8498 9022 8589 9056 8566 8611 8489 8188 8452 8666 7229 7131 7348 7122 7112 5191 3954 2780 1697 
-27 2006 5912 13593 28443 44043 53155 58607 67002 76092 88942 98897 110203 135774 170137 202434 230000 261611 299458 321261 355735 407271 423009 452603 467162 483011 483572 483407 448807 419055 420003 397182 348666 291573 259356 218208 171834 149195 112333 80644 60168 45264 31810 25429 20006 15263 12874 11834 11521 9356 8073 8342 7881 6744 6763 7355 6437 6274 6330 5982 5682 6959 8068 7726 7855 7246 8169 7729 9578 9294 8427 8487 10168 9817 9675 9799 11026 10369 9775 9882 9725 8878 9377 8971 8680 8706 8185 8985 8175 7980 7719 8129 8004 7102 7563 7061 5845 3516 2728 1374 
-30 2398 6078 12659 24455 39595 55109 64578 68945 79462 96317 101775 115814 136583 175303 206464 235695 274312 306255 340223 376303 414017 428045 464684 494899 486419 497611 492996 458993 454714 428009 409647 361088 307548 261193 218784 176501 147454 113950 80974 63686 45849 33647 25098 18632 14815 14058 11446 11445 10313 8553 8180 7314 7011 7170 7131 6646 6584 6111 7018 6868 6476 6897 7522 7626 7182 8532 8297 8386 9266 8764 8280 8925 9649 10302 9699 9859 9322 9722 9878 9928 9670 8809 8647 8852 10156 9016 8649 8091 7914 7721 6762 7000 7103 8217 7675 5768 3939 2317 1344 
-26 2451 6171 12894 22972 39040 55106 66640 76970 82282 97342 109347 119761 142023 177128 210793 251621 275554 313041 357211 386122 423642 438649 477338 511543 487939 515867 504323 471890 477951 448479 414181 377160 315571 265903 222354 179286 146135 113979 85253 64206 49380 34252 25201 19969 15574 13035 10992 11496 9719 9385 9102 8280 6704 6451 7216 7114 6736 7086 6479 6830 7323 7224 7410 7410 8005 7411 8363 7590 8526 8426 8444 7838 9527 9689 9573 10634 10541 9202 8495 10076 10743 9817 9665 8843 8492 8211 7791 8855 7963 7775 7219 6801 7439 7797 8098 6661 5196 4870 3611 
-22 1515 5010 11180 20232 38432 59825 72073 77077 88638 101765 110372 123680 149103 180437 222650 258813 278121 322887 364307 403406 435237 449112 503737 505176 507322 523111 516083 507495 478134 472019 428181 374570 331233 268418 231566 183099 140332 115760 90001 64510 46318 36533 27442 20581 15623 14553 12653 10257 9625 8871 8690 8700 8786 7401 6707 6728 6742 7163 6429 7173 6844 7228 7916 8186 7796 7639 7837 8053 7266 7760 8348 8526 8737 7693 8686 9691 10455 10492 10819 10146 10316 9666 9676 10242 8229 8583 8675 7501 7871 7594 7408 6766 6495 6855 5090 4371 3049 2149 1831 
-42 3123 7382 13746 22404 37753 62296 76279 80246 97263 104454 113188 127654 155663 187147 233274 263654 279257 327322 378289 409365 442584 472974 506023 505259 523697 529275 534944 524158 496799 488355 437165 383969 335594 281016 229603 182423 143101 114061 89053 68381 50659 37969 27686 21734 17719 15334 11524 11344 10606 7856 8133 7328 7976 7626 7243 7681 6545 6400 7096 7788 7073 7242 7688 7632 7382 7391 8171 7906 8089 7800 7770 8482 8180 8380 8076 8885 8575 9431 10527 9920 11269 11441 10547 10019 9070 8546 8152 7869 7349 7257 8210 7559 7259 7723 7671 6270 5225 4228 3629 
-46 3221 6828 15358 22946 39422 67115 78792 88295 97559 108400 114272 136908 160729 199642 229635 265466 290636 334456 390972 418136 456667 487041 512205 525079 531725 544790 542921 533837 520028 490020 450353 395867 346129 286111 229174 187414 145575 112175 89349 69869 51103 37145 30004 22755 19602 14877 12135 11159 10957 9689 8233 7830 8392 7306 7311 6718 7258 6653 6572 6897 6703 8322 6583 7328 7839 8331 8445 8456 7865 7802 8227 8025 7247 7761 7908 8288 8223 9166 8911 9998 9931 11461 11730 11640 11087 8733 7733 7258 7648 7867 8094 7568 7586 7581 8021 5565 5572 3652 2100 
-24 1948 4896 11932 25801 48585 68394 84258 91587 99268 110919 125507 140551 170911 205077 224130 271763 299271 341721 402115 423322 468272 505497 516088 534611 555221 560403 546020 549669 539479 498825 449490 406549 355039 287831 234696 195288 144976 111790 90301 72250 51296 38901 30533 24589 17892 16183 13608 10904 10725 10272 8897 8145 8096 8421 8032 6830 6857 6495 6478 6627 6899 6583 6667 7728 7721 7734 8103 8328 8226 8113 8189 8918 8065 9058 7809 7945 8136 7531 7583 8555 9882 9803 10455 11306 11953 11334 9343 9186 8609 8205 6932 6203 6751 7022 6788 4823 3090 1986 1210 
-32 2589 6347 13916 27737 49091 76158 86981 92952 101141 122189 128732 146160 177544 203894 231240 273721 316510 357613 401992 430571 467918 516480 530702 548975 564551 572489 572950 567406 556612 512275 457717 410866 356787 289700 245126 195978 148985 115235 89587 73335 52801 41612 31470 24982 19575 15004 13735 12518 11178 10620 8416 7962 7963 7805 7588 7674 7552 7033 7142 6199 6422 7356 6575 8021 7580 8038 7380 7261 7451 8484 7726 8706 8462 8536 8944 7530 7998 8885 8733 7553 8793 7954 8777 10340 10960 10968 11767 10352 10096 8172 7986 8137 7281 6121 6602 5942 4757 4395 2058 
-39 2756 6751 17036 31983 58088 76975 86881 95013 111644 125907 135847 152079 173997 208510 237111 279586 332120 364678 399750 428677 482584 517115 545558 564476 582296 583708 600549 572515 558184 537512 468314 416510 348887 302657 247358 202724 156564 116675 93959 72961 55241 43860 30911 26080 20604 15858 13440 11595 11047 10558 9296 8513 8014 8220 8097 7049 7135 6631 6981 7005 7140 6885 7753 7010 7838 8022 7780 7077 7229 6970 6958 7801 7571 9008 10258 8688 8062 9639 7997 8745 9024 6863 6799 8442 9142 11103 12111 11542 10858 10632 9285 8220 7966 7269 6918 6380 5034 5700 3315 
-43 3323 8096 18291 36985 62717 75675 89444 103106 118392 126296 138494 157690 176661 212256 242432 287132 332911 374588 395670 444715 498877 507685 561706 581582 594675 615917 593521 589787 575656 548239 486426 417794 348448 303899 254473 204787 167885 120123 95240 74804 58066 43899 33724 25684 17923 18217 13876 11712 9930 10435 9375 8726 8453 8377 7699 8049 7419 7203 6896 7141 7494 7077 7269 6957 7400 6979 8187 8105 8635 7161 7157 7058 8346 6772 8077 9039 8704 9759 9224 8846 8834 7038 7572 7608 7682 9301 9407 11205 11052 12128 12607 9280 8666 8695 8412 6663 4808 3246 2787 
-48 2958 8697 21608 41935 58714 77769 96671 111711 116353 128831 146335 158290 186213 215038 244467 287666 334825 378993 406266 452361 504236 525304 572613 601450 621422 625450 608054 596117 584372 575392 487171 431595 353785 307230 256788 212534 174257 127928 100296 75938 58942 44739 36522 25842 19845 15906 13847 12018 11646 10153 8310 9043 8471 7716 8301 7735 6963 7171 7573 6831 7083 8167 8251 6825 6431 6947 8083 7095 8423 8075 8190 8435 7189 6805 8180 8064 8970 8199 7987 8743 8262 8743 8094 7979 7768 8625 8789 7990 9575 11800 14239 11436 10710 8837 9298 8688 6330 4765 2607 
-16 2008 6336 17871 40510 60110 81296 104346 111805 119346 131139 148907 164349 189459 218418 249554 291081 333126 377176 424150 456168 500162 563709 574214 617020 656262 638203 617535 622458 605581 562887 503250 432954 378701 310532 254585 222394 176104 139497 103078 80398 62883 44671 35474 26414 20602 15560 12853 12552 11082 10851 10305 9005 8737 7122 7876 7342 7708 8111 7625 7190 6865 6846 7178 8967 7256 7074 8315 7102 7174 7682 9196 7129 7960 8668 8365 7701 6205 7032 7585 7994 9105 8441 9600 8799 9304 7046 7473 7906 9611 9731 10419 12217 11812 11337 10037 8028 4380 2558 604 
-38 2356 8168 20176 39542 64646 88980 103601 111248 121878 135300 153302 171728 196329 217826 254098 302888 327394 381451 440853 468421 507965 572751 590645 623204 657710 655537 635896 644570 621735 558025 512648 447706 389885 314749 261283 226479 181568 146267 111487 85569 61825 48577 36953 27737 20852 15705 13025 12420 11559 10123 9244 9327 8598 8455 8378 6886 7747 7688 7372 7007 6824 6630 7492 8047 7700 6878 7903 8023 8919 7934 7402 7136 6942 7649 7617 8574 9524 7997 7161 7975 6171 7242 7961 9390 9158 8395 8843 7722 7376 9929 9818 10225 11761 12268 12712 10559 8108 7460 4356 
-47 3655 11544 24333 44060 69531 90675 102002 112908 127236 137149 158809 176679 200820 221949 260182 310262 330267 388606 446539 491220 519341 560548 621760 620374 659031 671051 657435 657734 631839 566893 514692 463099 396018 320931 276866 229642 187520 147520 116921 88990 66053 51317 38638 26873 20863 17884 13811 11547 11019 10222 10000 9625 7985 7330 8037 7691 7772 7767 6480 6910 7676 6754 6599 6491 6360 8902 7759 8133 6885 7919 9491 8263 7464 7215 6660 7816 8114 8293 8676 8418 7207 6897 6523 7372 6324 8598 8313 9244 9248 7689 8351 9764 9501 12244 13984 11873 10086 5344 2453 
-54 4325 15647 31063 50464 74287 87271 104410 117591 124500 147684 163665 176461 204985 227545 265137 320782 340706 378886 459692 502056 525994 567623 636117 640109 660007 684682 662658 688594 632477 578031 518416 469083 403502 336885 283927 240230 191151 152133 118050 91358 72056 52119 39802 28693 21694 17005 14822 12906 12010 10121 9711 8719 7797 6927 7635 7306 7404 6971 7134 6896 5929 6626 6618 8149 7220 6999 7226 7168 8041 8462 9082 8244 7463 6926 7986 6852 9046 8134 7558 7316 8610 8523 7602 6909 6559 6308 6598 7020 9614 8152 8954 8837 8995 9135 11996 12274 12004 11829 6985 
-50 4903 15067 33903 56972 74498 85636 105602 117288 132645 152183 165337 178279 207304 236931 273869 321381 357504 385444 466879 505882 533157 583543 626001 669753 677722 678152 681407 689011 645947 587616 531737 466807 408758 355781 289852 246087 198842 154721 120646 93363 75599 52709 41418 29744 22179 17803 15127 12795 11505 11234 9199 8324 7562 7254 7345 7755 7155 6943 7437 6478 6974 6420 6486 6830 7838 6746 6550 7392 8435 6764 7758 8321 8710 8505 7800 8283 7576 7795 8402 7069 7931 7575 7300 7598 7420 7402 5872 7062 7871 6497 6984 8721 8419 11182 10374 9077 10821 11411 8154 
-46 4585 14138 35871 58945 74574 86081 104711 125373 136834 151043 168012 178587 214677 249403 275208 323753 369944 400564 463890 512725 544740 589686 637068 676547 694471 689582 694349 690568 651636 609358 545893 475184 424619 356523 306619 252635 201282 162545 125946 94308 76053 55617 41115 30366 22471 18591 15967 12322 11653 10334 10421 8781 8578 7101 6587 7054 6869 7289 6532 7457 6837 7592 6355 6493 6933 6480 6891 8002 7782 7658 7891 8547 7353 7426 7851 7804 7752 10279 8052 6960 7393 7181 7269 7581 6900 7726 8043 7049 6681 7243 6677 6770 6040 7768 10368 9691 9640 10496 6717 
-95 7304 18879 39621 62463 72190 90060 107467 127911 139086 148403 173096 187129 219952 256221 283953 326122 375637 418260 462776 520512 559351 611001 639764 680453 714390 699451 693058 705911 652441 618122 562409 487440 429166 367882 317512 262279 203253 163931 129896 98799 74664 58361 42134 30016 23155 18233 16045 14015 11426 10370 9466 8239 8857 7401 7478 7214 6643 7245 7554 6890 5976 5777 6276 6371 6573 6947 7452 8095 7313 6863 7353 7859 9122 7605 6497 6214 9319 8072 8642 7742 7559 7347 7461 8378 8194 6398 5999 6766 7261 8040 8390 6918 6380 7644 8411 6676 6470 8210 6554 
-55 6230 18512 38552 57782 76465 95208 107099 128597 140826 151012 173979 199962 224062 264958 293932 327367 386555 433784 462241 528694 580245 612161 663228 683975 723980 708552 714832 697008 664720 623362 582373 504201 435253 379070 327704 263349 207075 160783 132759 106665 76394 54723 43169 29183 23514 18777 16136 14377 11825 11458 10048 8129 7140 7586 6787 7651 6913 7499 7240 7034 6699 5453 6133 7113 6485 6990 6963 6836 7101 7124 6689 7458 8411 8633 7217 6535 7306 8029 7695 7464 8807 8744 7801 6929 7864 7813 6787 6043 6123 6732 7579 7822 7377 8485 8147 5886 5178 4838 2616 
-95 8018 24169 45380 61722 79071 96073 109285 124298 144593 154180 176119 207878 232369 270893 302702 333423 390373 440145 473891 527926 595449 611154 689810 713395 707288 728606 725254 687604 686136 644229 578697 523761 446320 391294 326919 273052 210544 163045 134326 105700 80913 58140 41740 30469 24209 18515 15181 12832 13092 11806 9310 9380 8224 7910 7402 7251 6743 6597 6847 6440 5742 5720 6167 6610 5872 7158 6447 6648 6757 7688 6943 7772 7946 7554 7004 6619 6870 9922 8489 6536 7292 7748 7743 7953 9197 7344 6457 6338 7079 6458 6335 6140 7273 7982 10133 6475 6460 7012 6063 
-76 6698 21400 43198 70138 80730 93687 112580 123960 144496 158739 181268 212881 239521 273742 301460 351429 383733 453036 499611 527296 594225 642637 697901 726803 717884 716861 736195 708252 699917 648280 585918 542365 466261 394028 330893 275804 220217 166627 133194 106983 80747 60352 41117 30387 23861 19544 15310 12548 11898 10670 10267 9148 9310 8142 7393 6842 6791 7888 7059 6275 6783 6891 5952 5742 5529 6596 6543 5929 6912 7147 6800 6540 8376 8290 7829 6032 6492 7364 7427 8626 7427 8851 7417 7294 7299 7611 7444 7349 7819 6471 6381 6347 5999 6813 9096 6277 6058 8058 7302 
-52 5714 20691 50305 70270 81912 96597 107864 127934 144172 164453 187392 216078 245604 279102 316794 354095 382741 458714 517752 554121 588497 665135 710196 729262 731896 715196 737152 753150 705298 639425 613301 552460 478885 406582 334458 277857 224804 174992 136208 105471 78883 61721 41606 32066 23646 19955 15306 12807 10590 10458 11494 8975 8234 8295 7980 7894 7381 6718 6277 6349 5500 6261 6670 6238 6417 6321 6394 5703 6312 5998 6677 8026 7161 8033 7224 6687 7289 6868 7135 8023 7276 7520 7378 7947 7983 7083 7386 7786 7582 7204 6268 6742 5006 7013 8635 5892 6435 6225 4695 
-45 5514 18738 47893 71688 84163 94971 107779 129385 147557 164606 196643 217724 250609 290558 317307 363369 398450 458547 530201 580279 606010 669753 721817 734894 739696 737421 758512 771419 709349 640169 625127 572329 491813 407310 340058 285764 227051 181480 140789 104856 78154 58202 43625 33039 22999 19146 15982 13366 11307 9807 9733 8439 8327 9616 9094 8134 7585 6857 6072 6453 5702 5729 5884 6957 6694 6355 7042 6416 5746 7216 5701 6631 7955 6921 7537 6957 6702 7762 7278 6881 7211 7337 7059 6308 7386 8379 8045 6759 7389 6917 5309 7233 7505 7499 7360 5806 5578 5840 3438 
-70 5199 20932 51843 71927 84415 95641 108164 132600 149034 173853 193978 218232 259640 298719 320215 372204 412528 460896 545314 593880 619290 686038 711651 739511 745868 756045 796531 765375 709191 672152 634503 576349 497164 414982 346726 290549 227623 186560 145924 104007 78588 57786 42855 32527 25268 20869 15808 13604 11983 9657 8288 8448 8759 8706 8856 7836 6883 6655 6496 7134 7349 6386 5707 6073 5481 5297 5972 6793 5737 6778 8046 6863 6141 7442 6581 7009 6908 6905 6815 6781 7349 7614 8098 6379 7298 6728 6270 7252 7736 7681 6723 7113 5658 7370 8533 6250 6590 5651 4678 
-48 4323 18186 49595 71699 88261 94696 110224 135316 148507 176296 198072 224826 262592 301748 332291 373101 427187 471507 561426 591789 641684 699977 701748 747338 763166 792310 812744 768705 721575 693586 634737 577762 508392 426207 353295 297686 232143 189735 145688 108707 77579 56474 42265 32664 25775 19353 16728 13829 11653 9572 9033 8989 9013 8041 8233 7619 6733 7561 6761 6754 7234 6993 5812 6608 6491 5726 4671 5714 5925 7138 6894 7753 7217 7494 6086 5857 6360 7387 7837 6828 6998 6511 6940 7119 7380 7274 6691 6412 6449 7402 7350 6443 6132 6841 7985 6587 5788 4935 4032 
-37 4573 17887 45073 72203 88048 99347 111397 136975 150139 176894 201558 231957 265053 297452 342035 378219 436874 490487 558638 592676 663793 703866 713958 758030 793200 818162 817858 765261 749497 708744 635864 587059 502383 445435 363104 292312 243334 196133 144184 107070 79694 61005 42378 30253 25062 20393 15890 13474 12259 11004 9678 9044 8478 8312 7837 7437 7432 7300 6585 6662 7103 6830 5942 7010 6810 6279 6331 5373 4917 6166 6503 6776 5599 8495 7187 7589 7170 6364 6197 7047 6639 6264 7232 7497 7661 7334 5623 6243 6151 7194 7585 5728 6178 7310 7481 6459 6304 4809 4352 
-67 7180 19477 43614 73576 93184 96739 115014 137972 151015 176479 208396 237735 262237 297800 346796 391598 438908 513630 555843 609383 655012 700214 751341 766811 816462 838889 833111 781512 749936 723698 657812 593485 506459 456136 370606 294977 245841 199704 149274 106043 83928 60521 43786 31395 23971 20440 16994 14393 11972 10420 9019 9178 9586 7860 7283 7681 7299 6914 6713 7056 7204 5867 5402 6656 7522 6635 5481 6387 6074 5718 6783 5980 6122 7472 6592 7373 7081 6520 7258 7689 6028 6095 6826 7226 6597 6377 6171 7530 7033 6570 6982 5462 6290 7456 7643 6357 5812 5498 4104 
-67 4047 14935 42512 76744 90086 99437 120037 135283 151041 180522 217162 238866 261918 303215 352934 406774 449126 517547 566249 606829 665261 704355 775139 789313 823295 837452 857223 819777 740828 726993 671724 602166 527796 449283 373646 300383 247163 203034 147549 109655 81698 62438 44964 33630 24121 19480 17505 14045 11907 10218 9615 10372 8447 7910 8106 7629 7324 6591 6998 6924 7539 7084 5700 5418 6434 6345 6040 5904 6961 6655 7022 6662 5530 6233 6953 6249 6170 6938 7937 6406 7981 6918 5769 7005 7016 5836 6065 6239 7283 6878 5925 6686 6165 7659 7127 5508 4414 3968 4032 
-18 2190 11615 43404 73771 89905 104699 120690 131548 154286 189009 218186 235109 268863 313383 355046 420913 464007 505505 573288 619484 676395 746532 765862 811046 841047 841639 878585 834564 754821 723811 684447 622898 546047 453299 364833 306244 249707 202333 148200 110152 83829 63184 46658 34313 24286 19141 15321 13780 12688 13244 10264 8330 8203 9136 8483 7674 8835 7795 6782 6033 6878 6840 7369 5690 5542 6420 6014 5527 5970 6567 7676 7074 6065 6794 6293 6845 6074 6385 6070 6802 8141 7086 7234 7338 6334 6627 6048 5444 6748 6874 5963 6236 7631 6754 5149 4475 3277 2410 782 
-39 4215 16156 41383 72004 89472 111831 120535 130566 159194 192244 215766 234826 283895 318268 356228 430691 465726 510247 573933 625428 707465 756583 779353 822039 831850 886416 884739 835459 778978 724761 700521 640290 558605 456202 369559 308418 253528 198387 151335 115066 84821 64327 48056 36044 25487 19196 15222 14429 12589 12308 11457 8844 7388 8243 8387 8628 6903 7413 7440 7182 7189 7126 6766 5890 6190 5335 5795 5144 5962 6241 6574 7601 6411 7885 6635 7010 5713 6180 5644 7042 8315 7382 5763 6534 6179 7466 6098 6021 7006 7002 6144 5509 5503 6340 7726 5661 5986 5043 3931 
-77 7411 20586 44235 72355 94722 108491 123688 134694 162346 190538 210466 245298 295280 324403 365851 432431 463154 519596 581558 639636 731646 744701 802513 843920 841491 922093 882258 849284 797941 731857 710093 645009 562097 463383 380667 311933 245460 197811 156794 117556 85963 65416 48476 36858 27733 21326 15428 13439 12018 11856 11344 9623 8325 8092 8569 8105 7228 7762 7273 6758 6174 6817 7599 7269 6447 6777 5976 5453 5515 5558 6135 5601 6368 7724 7136 6865 7224 6571 6169 7232 7329 6148 7319 6187 5913 6934 6815 6468 6609 6065 5956 7147 8058 5678 7132 5605 5584 5354 4861 
-69 5710 17012 42978 75433 93144 111998 123498 143972 158627 186573 213808 262583 295144 325668 383628 417715 463189 530356 593931 668245 728608 774276 798034 859356 886809 924093 881122 869754 816046 741211 712045 653498 569763 467424 392012 310831 242263 197718 158277 121997 87527 65878 49108 35714 28986 21971 16064 13794 12985 12716 10978 9320 8664 9212 7750 7221 7061 7980 6890 6467 7156 6682 6931 7080 7299 6938 7106 5678 5647 5814 6114 5902 6264 6527 7123 6422 6353 6669 7369 7214 6664 7261 7376 6316 6815 6505 5708 5600 6381 6358 6515 6077 6346 6496 7679 5001 5899 5228 3302 
-47 5856 17423 47197 75023 97298 110155 128685 145783 154175 188852 225275 264844 294125 332967 387158 419506 466776 534205 613376 682290 727655 800658 812837 871584 932087 920660 894717 880437 840222 764504 706684 663101 566196 471554 394548 309830 245901 198926 162985 122419 86422 68547 50481 38213 28867 20796 16808 14222 13853 11344 12127 9667 7911 9005 7728 9004 8138 7696 6606 6772 6495 7230 7130 6812 6534 5927 6884 6432 7040 7085 6214 7303 6157 5772 5403 5859 7449 6593 6558 7012 7556 7845 7021 7390 6590 5906 5928 6457 6050 6078 6357 6109 6580 7447 6975 5381 6206 5333 4316 
-29 2856 13637 42500 77641 96900 115358 126755 141623 165293 193492 224549 265187 295567 338808 387766 423962 472713 542514 627480 686423 748141 814043 842648 897839 930793 939521 933675 876051 857673 793884 711857 650733 569500 480021 393951 311695 253094 205566 161457 122368 92351 66705 51765 37417 28777 22043 17986 15147 13651 11577 10367 9850 9237 9411 8029 8416 8550 7821 7859 7020 6596 6819 6684 5807 6148 6268 6108 6712 7092 6870 7570 7141 6558 5429 5714 6265 5974 6688 6831 6102 6999 7108 7728 7647 7670 6548 6089 6130 5965 6545 5952 5017 5582 6285 4787 3222 1614 1868 1387 
-36 3195 12834 37286 76107 98449 114502 127217 144354 173917 198631 221078 258267 297482 347127 391261 429399 479341 564303 633536 682581 775479 816893 881806 917067 929352 950921 957410 886684 859248 817463 728356 638675 566865 487840 395099 323359 258512 208364 162762 122761 94620 70171 49746 38422 29722 22129 18245 15542 13510 12567 10855 9373 9354 8470 8750 9008 7538 8023 8044 8007 7904 6185 6172 6078 5913 6266 6280 7094 5763 6921 6570 7199 7755 7176 7419 6595 5846 6435 5856 6551 6625 6608 6822 7898 7931 6946 6843 6352 6475 5975 6424 6460 6021 6486 5987 4806 3723 3458 1697 
-54 6192 15716 37063 71837 99718 112722 130265 150985 179068 198636 219337 253278 304520 348027 390065 442436 483727 574102 639778 690854 788198 843277 888461 932291 947560 966475 967525 910886 867017 824144 737586 649224 562303 485736 407089 336648 261248 213954 162035 125946 94491 72309 52030 37680 30392 21782 18069 14735 14730 13535 10579 9684 10101 8605 9673 8286 8562 7850 7399 7683 8393 7638 6323 6775 5789 5839 6122 6515 6003 6324 6204 8475 7544 6945 7181 7720 6639 6582 6051 6675 6506 6304 7120 7185 7382 6873 6239 7152 6653 7662 5654 6001 6875 7375 6772 5171 5190 4652 4273 
-67 5061 16683 38865 71974 97554 117713 131308 159094 180337 193964 222212 255894 305912 344040 392440 451884 492899 577477 649821 704050 791780 848766 903709 941972 973946 981070 964285 943237 884970 814250 735438 671602 571019 484446 410959 344412 275721 212764 163719 127119 95667 74372 54480 38093 29325 23817 18540 15552 14417 12308 10429 10517 9551 10299 9251 7575 8721 7899 7732 8160 7198 7322 7166 7156 6772 6592 6160 5951 5471 5972 6450 7440 6498 7040 7227 6868 7402 8447 7617 6762 6313 6651 6754 6217 6802 7127 7220 7173 6880 6337 5225 5925 6861 7361 7216 4971 6071 6342 5144 
-61 4289 15847 36898 70617 99416 117250 138648 157777 181924 192114 224829 265148 297401 343873 393758 459477 514445 584023 656878 724784 776917 855853 925321 952897 993581 1001577 987543 948402 890863 819552 738173 688558 584980 492992 413467 350191 283255 218966 165359 128050 97709 73146 56886 39093 29605 23770 19171 15874 12900 12826 11398 9742 9282 9991 9106 10382 8188 8289 8044 8081 7240 7705 6650 6981 6375 6335 7171 6504 6133 5897 6201 6667 6954 6263 7276 7753 6797 6787 7980 8081 7838 7588 6424 6539 7464 6993 6458 5695 6555 7066 6467 6528 5993 6648 7211 6062 7114 5843 3471 
-76 5769 18425 40120 74175 99897 120152 136561 161269 182468 194337 230914 265972 291360 343783 398076 462365 533476 595015 659421 741271 775283 864006 934141 976312 998770 1034738 1011693 950146 882199 820454 764641 681503 595187 519355 423891 343746 288231 228061 170580 124435 99361 76348 56069 41624 30660 22722 19726 16844 13664 12807 10477 9851 9722 10051 8922 9413 8290 9165 8363 7916 7816 6175 7313 8338 6742 6910 6386 6412 6738 5900 5944 6065 7016 7104 6369 6869 7339 6566 7212 7631 7385 8580 9768 7366 6378 6104 6564 6744 6408 6779 6870 7033 6301 6333 8165 5098 4788 3439 2787 
-42 4020 13877 40377 74707 101431 120022 136307 164794 178083 205227 234492 251053 299063 348585 403561 473046 550230 603432 671607 742858 812795 871562 928111 993915 1020986 1046898 1020238 965580 879166 821732 796251 685843 595687 542746 429377 355556 287821 231243 174971 126406 101104 77852 55484 39974 31324 24705 20147 16198 13875 12696 11073 9414 9181 9772 9783 9222 7817 8715 9402 8685 7688 8274 7367 6297 7451 7371 7369 7351 5455 6711 6891 6592 6107 6621 6350 7647 6494 6375 6546 6746 6911 7758 9256 8306 8802 7534 7516 6418 5719 6874 6532 5793 5672 6407 7752 5180 5068 3606 3458 
-44 4643 15265 43089 76770 101210 117501 138408 162086 182973 209685 231324 251741 303588 352960 404332 492876 549042 617805 676263 758496 836573 881045 936368 988126 1041224 1053358 1029925 971836 881184 844101 797563 716285 614754 537793 432986 372888 299567 223193 176990 138564 100973 76795 56394 39315 32385 25248 21410 17927 14163 11632 10905 9724 10013 9355 9019 9261 9035 8538 8515 7037 9162 8185 8540 7290 6886 7241 7094 6335 7073 6490 6673 7013 6598 7056 7290 6456 7102 5635 6013 7237 7950 7614 6814 8147 8229 8937 8091 8063 7315 6843 6652 6043 6614 7556 6805 4991 5058 4289 3613 
-68 5421 17345 43243 79831 98406 116861 143865 161514 182946 207466 230814 264552 303518 355525 418440 504026 546393 625109 697452 760132 854220 899205 938277 990210 1046600 1046422 1039398 981639 899726 863118 809736 729431 653598 518318 442509 376127 309928 226325 181580 141822 107202 76366 56393 39519 30217 25317 21651 17970 14536 12200 11088 9220 9732 10733 9463 9799 8818 8519 7936 7348 7182 8103 8309 7627 7811 8843 6482 6125 6948 7407 7404 7111 7231 6016 6101 7716 7111 6499 6946 6517 6754 7195 7421 7253 8435 7423 9023 9102 7750 7279 7374 7334 5760 5965 7980 5579 4788 4913 2837 
-79 5392 19529 45470 77841 102085 116874 143315 160722 181898 205824 236798 271791 307757 359979 434550 505412 554604 624038 723242 786285 839096 918058 965431 982364 1049786 1031057 1040285 985074 937854 869647 819520 743220 665043 536578 447033 378677 305731 235637 187955 146790 108044 77865 56418 41423 30991 23300 20413 19151 14357 13176 11340 9653 10461 10673 9738 9331 8954 7372 7121 8014 8169 8773 7658 7556 6826 7766 7107 7288 7460 7298 6986 6818 7452 7561 6877 7681 7153 7113 6658 5721 7023 6823 6895 7471 7856 9529 8034 7397 7031 7866 7734 7991 7761 8092 7064 5433 3943 3838 2902 
-82 7190 22124 47640 80635 102977 118296 138960 160255 181187 210728 238960 273404 321060 372626 438724 503346 571135 634680 724540 814868 862282 902990 979701 993322 1024065 1054172 1033268 990894 967858 890308 814848 763117 666097 559934 460288 381849 299237 239373 197753 147652 109777 81835 59495 41042 29907 24619 20815 17375 14764 12153 12406 10883 9914 10672 8911 8962 9180 8459 7702 7682 8183 7663 7507 6701 8476 7331 6036 7127 7580 6984 7524 7305 8063 6964 6529 7103 7824 6934 7603 6483 7205 7074 6987 7527 6933 7281 8527 8000 7356 7078 7419 9572 8654 8803 7790 6185 5697 4033 2744 
-43 4144 17401 47710 81973 103951 116751 136694 161286 186045 210987 241107 280528 330982 386086 443715 507051 583300 650255 730583 831627 874889 908791 952632 1004166 1038995 1052236 1052904 991299 981006 921208 817010 768364 682517 571318 474475 383376 304635 242198 193236 151194 118094 83728 60685 41740 31240 25647 19966 16963 14368 12020 12439 10540 10293 9828 9750 8932 8218 8229 9608 8494 7331 7430 7886 7181 7009 7421 6614 7391 6700 7330 7051 8295 7555 7714 7460 6898 6680 8023 8129 6989 6987 6488 7643 6513 8433 7572 7892 7599 6995 6714 8441 8528 9249 8559 6974 6757 6544 5038 3704 
-53 5128 21838 52463 79252 101003 118953 136200 166083 185085 208353 252637 286665 341371 392023 444462 513257 595042 668149 748022 834748 873466 912252 950772 1002349 1043532 1083198 1051134 1008857 1002297 915694 834997 785297 693024 586625 482924 391824 312338 242583 192518 149580 120082 88542 64151 43021 32041 24823 20405 16836 14197 13326 10858 10997 9118 9375 10619 10009 8930 8320 8554 8712 7686 7443 7110 7541 7707 6409 6644 7187 7044 8101 6519 7180 8080 6927 7396 8095 7558 7896 7815 7063 8150 6936 7743 7464 7381 7082 7298 8020 7170 7317 7615 7893 7755 8611 9310 7165 7643 7518 4756 
-78 6036 23188 51873 81029 101499 118524 140827 162772 187530 212233 259065 300648 341083 398444 447007 526526 591851 695496 764352 822282 869338 908862 973253 1010448 1031539 1106841 1067087 1032290 1017199 908321 852380 816206 688238 594695 499698 399244 317301 248885 188849 150580 120966 91808 64889 45075 33089 25772 20656 17709 13714 11406 11900 10630 11144 9786 8415 8854 8424 9645 9007 7370 7201 8654 8371 7218 8109 7208 6905 6119 6640 8200 6686 7168 6480 6296 6800 7443 7127 8671 8422 8205 8084 8821 6666 6450 7226 8128 9088 7934 7128 7134 6431 7338 7446 8034 9835 8368 7751 7672 5484 
-58 5611 19152 48096 83182 100130 120590 145326 159689 188295 224824 264336 303219 343447 395040 467749 531456 612089 703761 772508 830847 840624 923396 984974 1016267 1042072 1088197 1100088 1062553 987831 918941 891902 804646 711041 606768 501933 407784 331526 251861 190819 152089 122151 91888 64973 46562 33401 27092 21384 16001 13449 12124 12884 11239 10291 9227 8744 9310 10401 8255 7645 8199 7860 7814 7678 7339 7442 7767 6850 7717 7389 6803 6104 6025 6916 7429 7706 6913 6676 7656 7510 8715 8303 7529 7593 8425 8470 7464 7552 7754 7989 8910 6581 7007 6745 8720 7155 9434 8887 6184 4172 
-49 3510 17270 46004 79209 102036 124188 143010 162813 198968 231093 263279 305748 346814 404729 475713 550236 625193 715576 772269 823010 863672 910225 984566 1022125 1064569 1104310 1103960 1069095 972021 950458 899621 811948 734552 611274 507668 412038 338641 263289 194802 154205 123302 88861 64257 48407 35586 26987 21459 16964 13591 12997 12355 11575 8901 9338 9426 10050 9606 9409 7355 8003 7742 7043 7934 7376 7782 7290 7331 6837 6729 9106 7809 5791 7090 6503 7927 6162 6011 6681 8776 8319 7007 7906 8326 7395 8855 8469 8127 8028 7277 7559 9452 7168 7336 7102 7679 7718 8018 5080 3905 
-67 6697 21876 47647 79471 104515 126242 144670 168170 203226 234282 266924 309688 353106 411837 488644 568661 633808 718335 765097 823396 893379 901515 975597 1038150 1076819 1148504 1092568 1044045 1006091 969413 879931 835264 754271 617833 512646 415866 337036 274828 205850 152451 121520 91293 62840 49358 36441 27648 21612 18374 13830 13016 11740 11349 9768 10293 8730 8801 9088 8618 8604 8986 7736 6905 6388 7201 7961 7270 7313 7649 6744 6988 7008 7350 7738 7518 7155 7312 6107 7791 7061 7204 7832 7016 6803 7948 8269 7613 8709 8942 9179 8738 7679 8107 7538 7730 8333 6445 7804 9028 6590 
-81 6516 21586 52780 80712 105248 129716 149394 175217 198193 238378 278194 310144 364076 426859 498239 579044 630934 708182 780275 828989 890944 915419 983309 1032546 1109505 1163344 1099710 1045005 1032983 966602 897463 848445 747869 643668 521997 421472 340614 276210 216808 159721 120098 87286 67135 45984 36970 28219 22170 17535 16087 12901 11459 10571 10764 9542 9174 8906 9240 9518 8895 8319 8868 7579 7424 6901 6571 6633 5588 7562 7196 7090 6781 7370 7645 7130 8009 7498 7103 6019 6956 7979 7658 6554 7070 8226 7719 7612 8025 8955 8230 8799 8502 8142 7717 8481 8797 7343 7833 5743 4241 
-84 7007 23970 54597 86390 108282 133490 152393 170503 202317 248607 278376 318495 380218 434880 504343 570007 634086 715045 791258 839215 862216 933418 986754 1078101 1126924 1145436 1129967 1057861 1019283 982384 910948 837392 757370 655683 536272 430177 347305 278022 220310 165279 120203 88038 67510 45885 36652 27831 22407 19366 15390 13564 11657 10696 9978 9542 8872 10501 8895 8243 6945 9083 9446 7997 7763 8045 7347 6656 6081 6223 6530 6021 6886 6826 7791 6748 7091 8475 7728 8459 7350 6129 8072 6745 7705 6940 5963 7703 7662 9056 8513 7531 7232 9026 9232 10017 10103 6968 5488 6424 6422 
-60 3631 18276 50872 89369 113926 129741 151846 177101 208320 252196 286076 328775 394241 441829 502759 570067 643467 727042 791841 850513 861993 927192 1009124 1103956 1150126 1128397 1145138 1083564 1030449 984418 905655 845693 775615 654887 540773 447584 353825 282499 219689 167685 124888 88976 64653 48634 35407 29150 21423 18332 15355 12482 12503 10438 10269 10597 10120 9567 9475 8123 8834 8388 7914 7636 8057 7222 8243 7503 7496 7022 6889 5593 5622 5895 7030 7246 6938 7989 6551 6663 8223 8013 7409 7327 8186 7380 7304 7361 6704 7471 8683 7915 7972 7594 6892 8120 9944 9771 7238 6067 3490 
-75 4183 15835 51763 92733 112911 127219 154676 183984 216545 250473 296838 342401 399397 446011 498471 584049 638108 738702 800742 837369 897479 927323 1024617 1116129 1149624 1163159 1159724 1089707 1044323 977452 899576 868067 785252 655710 554135 453214 356289 294229 219539 167519 124651 90527 66305 47769 37208 28191 21071 18140 16000 13108 11459 10446 11281 11994 11054 9147 9332 7988 8830 8026 8331 7941 7649 8278 7058 8402 7412 7574 7095 7074 5831 5983 6355 5696 6906 7457 6674 7978 8387 6462 8017 8738 7899 7051 7587 7127 7302 8305 8099 7361 7066 7881 8253 8680 9120 7990 7374 6709 4666 
-93 5234 19745 54533 92895 105573 129768 162101 193220 217656 256830 308371 355756 386978 445621 514553 584225 645690 741988 827540 831025 902575 957863 1020809 1101397 1167916 1223030 1168007 1095571 1016488 971758 930696 881412 786519 677813 566108 453651 362173 298097 227118 167755 121581 89991 67131 51430 36829 27065 20767 18725 16558 13753 12153 12876 11880 9900 9601 9356 10231 9397 8252 8751 8487 7904 7068 7441 7470 6657 7456 7671 7711 7612 7777 7056 6001 6424 5348 6378 5864 6808 6670 7626 7093 8011 8944 7834 8404 7828 6271 7579 8381 8248 7118 7591 7876 8471 8943 7691 6083 6182 4518 
-66 4653 19590 53701 87160 108313 140507 166844 194849 222281 268697 313527 353344 392895 448337 518523 589269 659502 741247 824435 851537 910954 972562 1032573 1079094 1180133 1264385 1186451 1097306 993567 974754 947695 890563 793895 687374 574357 462109 375259 293548 232586 167061 120660 89721 69419 51901 38699 29151 22280 17265 16774 13092 12260 12412 11108 10138 9946 9186 9064 9429 9045 7961 8923 7968 7324 8014 7978 6532 6251 7949 8293 6562 7064 6887 8093 7527 7248 6691 5627 5547 4976 5747 7657 8002 8235 8493 7499 7204 7034 8653 7600 7244 7820 8241 7137 7601 9244 7276 5637 5226 4402 
-54 2951 14840 48124 86976 115470 150052 169205 194493 238210 271518 308675 361117 398082 452585 523285 599595 671137 736758 811552 881184 925958 1008002 1055705 1068348 1198067 1262791 1164546 1132249 1018706 951372 928431 915663 814502 696411 580584 479354 379699 293108 228808 171999 121066 90994 67633 52753 39435 28813 23191 18041 16179 14165 12275 11243 11857 11683 10560 9938 9408 9490 8812 8600 8232 8346 7956 7851 8223 6965 7711 7109 7988 6735 6648 7282 7082 9117 7637 7029 7053 6557 6355 6691 5610 5142 6778 7432 8371 7291 7979 8830 9116 8088 7331 7551 7210 7917 9759 7769 6369 5811 4110 
-52 3363 13383 45259 92072 124437 149830 172103 203133 243165 272968 307846 363496 405768 454938 539598 606744 675027 736591 815729 884611 943609 1040409 1098647 1060204 1179285 1245848 1153344 1168069 1054067 944085 911490 903122 834795 712384 590692 497666 377010 299062 228754 167591 125186 93485 68397 50715 39965 29132 22748 19206 15420 14042 14827 13777 12235 9848 10060 9802 9949 10008 9338 8471 7903 7565 8342 9150 7771 7913 6811 7431 7371 6654 6174 7813 7509 6283 7787 9157 7666 7541 6366 7457 6917 6087 6241 6290 6107 7104 6727 8143 8998 8473 8459 7743 7453 7403 8370 6980 6038 4852 3287 
-62 3117 14832 50669 94677 127548 154870 175098 209733 242388 280495 306509 359204 422456 470949 539774 617176 668264 757390 832283 882285 947901 1071418 1134258 1073631 1129537 1223739 1192003 1154561 1067062 971852 921390 889438 834781 729246 619897 491354 388829 304585 228456 168328 123124 94911 70708 51857 38996 32658 22104 18319 16007 14755 14982 13187 10623 10994 10816 10000 10706 9383 9613 8686 8358 9300 7226 7841 7807 8482 7681 7928 7350 7648 6904 6866 6473 7509 6585 8122 7749 8083 7567 7514 6696 6470 7730 8316 6153 5534 6076 5400 7761 8902 8367 8277 8783 9394 8972 6648 5206 5255 3815 
-63 5190 18945 50285 98224 131139 155336 182017 214435 242664 280225 311834 359470 434332 486350 534777 617797 695729 772764 851824 900825 965252 1092588 1139753 1086621 1099722 1194504 1214014 1141987 1060298 998949 957371 882455 835022 735010 621996 506418 396520 311387 230103 168016 124018 96986 71063 51289 39442 30873 23881 18352 15857 15309 13969 12910 13242 11436 11098 9796 9832 10219 10071 9226 9373 8477 7747 8504 8651 8056 7479 7266 7585 7317 7028 7701 7196 8346 7193 6322 7385 7071 7550 7414 8147 7313 8291 7998 7607 6828 6602 6067 5912 6384 7156 7361 8986 8907 9651 8933 8010 7053 4192 
-68 5169 19477 56362 99357 134592 160437 185003 215320 247297 276282 317300 373410 432709 487201 549528 612398 719385 800363 851662 935509 995198 1103787 1108907 1089220 1136784 1165737 1180307 1152113 1085637 985074 974066 924901 838031 716290 625701 517421 406968 310030 239764 171643 126058 99192 70830 51941 37217 31074 25171 18543 15443 15621 13473 11882 12747 12477 12464 12278 9326 9668 8980 10434 9550 8581 9628 8216 7625 8526 7404 7404 7567 7720 7615 7198 7618 7447 6952 7409 7124 7108 7405 9490 6324 7603 8200 8620 9364 7236 6461 6609 7554 6604 6121 6263 6669 8077 9305 7476 8303 7736 6567 
-69 5555 24208 59635 104630 140672 162458 187182 219737 245433 278852 332959 375268 428813 496505 560641 630340 734987 815271 879738 951281 1022114 1090384 1079145 1079094 1171626 1159232 1139634 1171902 1106274 987429 973672 952089 849600 717059 615604 522026 413426 317237 248661 174195 128759 102913 70618 51290 39477 28866 24902 18913 16447 14710 12692 13810 12112 11314 11319 11626 11392 10723 9564 10461 9395 8893 8395 8529 9165 8902 8396 7464 6852 7445 7714 6977 7285 7932 7409 7695 7863 7646 7893 6771 7072 7323 7881 8140 8639 8361 8682 7042 7436 7570 7611 5790 5361 7481 8745 6129 6555 6045 5374 
-81 8486 31050 71272 110665 139510 167264 191645 220327 249344 285534 341359 372797 429475 509029 580990 650774 734076 837641 902705 961951 1022523 1075195 1078830 1069881 1147971 1184430 1144770 1178960 1092735 1023199 980938 929654 874139 741213 615749 515562 420834 321741 248936 185674 134998 100262 72837 52500 38453 31143 25782 18801 16093 12812 13212 12417 12094 11439 11364 10934 9397 10677 11124 9927 9357 10491 8425 8245 8391 9072 8600 7896 8769 7761 7145 6873 7521 8003 7355 7358 8595 7845 7185 7617 7422 8182 6251 7721 9082 9003 8012 7907 8487 8011 7244 7077 7241 7777 8207 6445 6029 6459 4905 
-74 9901 35621 81132 113092 146098 167368 194766 222952 255781 294461 335559 377957 445716 516469 592745 668750 750275 861469 913991 967253 1016396 1074111 1108090 1051515 1091904 1206978 1193045 1142485 1118602 1032934 975040 919506 879491 767903 629955 513286 431694 321142 253707 186764 144786 102731 70908 52187 39848 30867 24528 19521 16318 13564 12448 12302 11038 10469 10515 11762 11043 9857 9271 9704 10197 10446 9903 9394 8318 7873 9237 7731 8265 8172 9224 8126 7715 7550 6747 7007 8342 8005 7775 8490 7671 8151 6698 7429 8284 8661 8294 8588 7806 7578 9037 7847 8084 8624 7924 6910 6694 5075 4629 
-103 10565 37673 84980 119798 148686 170896 197601 223908 263628 301257 330584 392330 456897 533409 600836 685403 783913 871637 913292 944452 1017248 1110745 1103549 1017800 1072817 1221466 1201007 1159767 1144509 1016695 951250 964593 862137 775149 654707 524379 427574 333651 250827 195867 144736 107453 70628 52077 39759 31329 25479 20870 15395 12932 12698 11424 9413 10924 10985 10219 10819 10383 10533 9838 8797 8670 8749 9962 9926 7725 8418 9235 8545 8263 7848 8943 8624 7971 8186 7579 8069 7883 7257 7784 8355 6936 7719 7801 7410 7870 8522 8730 7842 8577 9465 8061 8143 8699 10142 7477 5745 5361 4932 
-98 6626 34194 85994 126544 150317 174283 197471 231145 268893 296436 346079 400131 465867 552359 612886 708396 815840 867327 904737 928957 1042401 1130365 1074146 1019559 1093775 1201974 1201441 1224428 1126426 995633 965104 957732 871780 778043 665648 541914 434167 342851 257391 195543 148785 105975 72086 51793 40474 32004 24321 20549 17170 14156 12546 11452 10407 10361 9395 10375 9572 10298 9556 10159 8861 8517 9029 8812 9188 9147 7757 8371 10164 8863 8089 8632 8548 7089 8813 9211 8968 8127 7070 7490 8075 7756 8238 8696 8222 7562 7462 8055 7493 7538 9286 8525 9551 9397 10324 7780 6851 6786 6523 
-109 7080 34399 90160 128752 152642 174159 201686 240106 267187 305849 360086 408683 482442 553341 650944 719563 827364 851706 889598 967850 1027435 1111457 1076083 1032548 1101526 1171417 1238109 1260805 1093844 988563 972432 944479 883743 787935 679847 550597 448130 346515 268229 200311 146072 104950 72675 54144 40674 31321 24348 20640 17397 15198 12631 11293 10829 10286 10312 9269 8805 10376 9029 8326 9126 9170 9703 8966 7349 8849 9531 8593 8313 8066 8291 8645 8351 8513 8054 8037 8745 9654 9180 7472 8404 8387 7658 7815 8514 8468 8146 7858 7890 7247 7342 7955 9181 10721 10439 8795 8135 5554 4711 
-84 8950 37465 89592 134427 150862 182283 203651 243032 275360 318528 362279 428944 495091 571022 667896 721379 812187 852083 902388 989647 1022111 1088807 1105196 1043076 1088110 1180505 1264592 1239809 1091856 991538 964714 948143 906644 806437 685458 557442 451415 364250 274615 201311 141196 105429 75826 54948 41954 32608 24205 19168 17799 15083 13457 13189 11289 9895 10717 9129 9657 7721 7987 9218 9048 8514 8181 9430 7888 8937 8426 7514 7433 8538 8776 8005 9104 7698 8266 7956 9685 7763 9335 8217 9045 9231 8635 8108 7883 7981 8475 7546 8735 8443 7826 7818 7168 8440 10226 7753 10612 10679 8553 
-111 10414 44711 98078 129435 161790 184476 207978 247268 279890 332726 379278 436655 515537 588171 672334 719223 795304 876889 926214 970536 1033371 1090758 1085110 1056442 1100288 1193347 1244161 1207534 1095716 1003532 968517 952070 918252 813947 688550 566826 460929 370035 283540 201312 142377 102536 78737 56627 43095 32500 25092 21433 17496 13819 14043 12053 11366 11353 9721 10821 9050 8224 7800 8481 7537 8294 8088 8252 8184 7716 8388 7906 7526 8421 7845 8132 8778 8507 8280 7569 7930 7760 9822 8453 7861 9240 9078 8916 8626 8682 9230 9023 8784 8116 7330 7683 8126 9416 10252 6766 7006 8747 9280 
-74 9165 45620 95254 138578 167122 184579 214894 253881 294234 341291 396319 452839 524139 599729 658619 718793 804874 885597 942379 964835 1059777 1105218 1056028 1062924 1126937 1189910 1222635 1198484 1077695 1019327 1010708 954061 912658 826325 694483 585374 465644 373784 283997 202354 144685 103675 80075 56637 44656 33019 25519 20056 16931 14773 14024 12663 11458 11827 11315 10037 8867 8481 9244 9819 7819 7647 7047 7668 7204 8575 8815 7140 7767 7216 7370 7023 8932 7812 7474 8310 9101 7756 8211 7302 7900 9303 7865 8835 9983 9417 9051 8355 10505 8292 9011 8348 8127 8931 10304 6526 7243 7382 5827 
-91 10424 45712 104149 143326 167243 189435 224363 264028 309681 351271 405275 468506 529861 591909 651301 731770 820602 879886 954408 1004156 1058500 1090937 1064129 1062887 1103241 1203601 1240645 1156141 1063173 1045153 1032650 993718 908757 822675 714328 587676 482459 370222 276052 203511 148952 107584 80572 58991 45572 33826 24567 20553 17242 14752 14072 11608 11348 11489 10865 11351 9719 8851 9510 8975 8625 8658 7235 7854 6643 6958 6608 7566 9111 7573 7575 6970 7463 7535 8287 7164 7024 8201 7925 8626 8373 7200 7936 8219 8579 9187 10183 10765 9370 8994 8345 8298 9531 9843 9676 7866 8454 8363 6417 
-109 13481 59173 116592 139682 166468 205690 232943 276878 317606 362811 416582 481024 512301 581839 661370 741104 815257 881593 969890 1074847 1052930 1035006 1060559 1071720 1092935 1214640 1275704 1137924 1030516 1050820 1049323 1032040 924487 813871 724484 592323 491623 370689 267830 201947 155816 111962 80292 58226 46959 35506 26169 19921 17523 14219 13895 12506 11066 11931 9574 10591 10169 8881 9735 9181 9079 7862 7859 6785 8072 7616 7639 6854 6331 7670 8272 7133 7050 7850 7140 7627 7570 6507 7239 9200 8689 7402 8608 7348 7180 7285 8798 9626 9712 10680 9579 8815 9722 11128 10255 8509 8527 7187 4605 
-126 13491 62481 113135 144591 183361 209915 246603 283031 327191 374914 418583 478408 506996 588952 667977 734162 817441 896052 1027468 1095398 1052012 994738 1011935 1069482 1152364 1228619 1289736 1143512 1013437 1017003 1058648 1059471 949977 842774 712841 594401 491910 364252 270340 208513 158939 111202 80299 62512 47495 33198 27188 21942 15969 14241 13097 12276 12083 11573 11070 9383 10103 10469 9749 8604 8044 8607 8849 8440 7157 7239 7280 7307 7743 7607 6662 6156 7034 7796 8471 6657 6775 7812 5963 7858 8289 7285 8934 8261 7738 7120 7983 8231 7706 8568 10595 8918 9749 11062 12009 8340 8239 8693 8337 
-128 12843 62431 118034 158123 189038 222235 257391 285673 335197 381929 415962 465385 522214 598398 674540 722544 821374 932981 1057598 1096558 1028276 983342 996244 1042378 1170138 1300100 1290726 1117990 1041085 988135 1041601 1049241 985566 875365 715894 596884 478304 360995 281143 212543 158877 113171 81729 61938 48223 34799 27255 20767 17025 15281 13150 10689 12051 12134 10696 10041 9825 9318 8931 8611 9660 8323 8149 8287 8233 7183 6750 7735 7347 6973 7362 6416 7227 6684 7305 6916 7851 7676 7804 7432 6061 7030 7736 7691 8159 7972 8461 8147 7717 7411 7301 8343 8199 12496 12390 8785 8546 7188 6262 
-131 12789 69162 126892 165550 197927 229963 263557 292771 333075 381764 415645 462015 549333 598255 663344 736476 851103 968005 1036572 1040118 1037571 1013678 1010051 1033791 1179518 1332774 1298472 1082288 1048378 1059366 1006513 1009694 1001454 902881 738801 597062 466464 357629 292133 216773 158639 112182 84696 62545 47864 36139 26615 21294 16930 14348 13784 12013 11518 10405 10000 10381 10229 9297 9613 9265 8728 8263 7810 8698 8783 7865 7610 7018 7092 7623 7216 8184 6568 6647 6368 6682 6804 7527 8297 7163 7815 7259 6298 6435 7342 7336 7462 9706 7772 8302 6957 8806 7778 9291 10703 7488 8643 8565 7620 
-130 11748 63730 133031 172784 205874 235378 266867 297210 327659 379435 421905 471248 553635 602109 664621 760129 888361 986247 988306 966756 1057519 1075644 1043131 1072935 1169919 1302441 1279946 1109500 1064513 1088485 1014696 983601 977546 907593 776195 601230 467294 364838 292103 220868 158720 114603 84912 62890 48159 36661 26654 21530 16797 15662 13808 11974 11029 9918 10444 10356 9866 9347 8979 9936 8139 8159 7961 8124 8249 8394 7115 7977 7503 6679 8302 6246 7122 7155 6228 8345 6594 6299 7380 7404 8347 7272 7467 7531 6718 7050 6599 7178 7138 8514 8069 8261 8443 8932 10949 6204 5800 7591 6883 
-143 10913 57349 136474 183530 206797 238042 267325 301173 324459 378590 435403 474852 551771 615608 680156 798212 882954 965180 973387 957156 1036362 1120928 1099638 1123908 1178811 1237800 1248270 1146049 1103962 1079402 1033873 996467 960544 878799 775113 620993 485510 380750 292583 215905 157011 120216 84699 64635 46587 38053 26775 20503 17808 15224 13094 11304 11690 11920 10740 9998 9835 9466 9371 8779 8714 8290 9152 8724 7721 7670 6883 7332 7478 7861 6652 7048 7233 7209 7248 6497 7395 7104 7689 7275 6856 7249 7142 6730 8181 7637 7207 6999 6500 7128 7271 7343 7069 11217 10921 6409 5723 5792 6537 
-100 12717 69066 143291 186011 211002 240539 264701 299202 332866 382119 438217 481921 559224 638159 707783 807245 862684 906276 983947 1005164 1047021 1111314 1143731 1137907 1171365 1231933 1231068 1163619 1111291 1086084 1073245 1015261 954618 846445 737508 643663 513193 391119 297675 209405 157715 122961 86654 67658 45245 36506 30361 20678 16915 14083 13243 13834 11625 10197 10002 10776 9707 10286 9424 8414 8681 8649 6888 7558 8510 8782 8266 7178 7164 7047 8738 6499 7044 5986 6560 7591 7730 7516 7023 6644 6900 6951 6300 7376 8039 8599 7574 7166 7185 7254 6778 7996 6032 7365 10134 7357 8030 7306 6554 
-130 18163 82913 152583 181732 216587 241913 260222 304106 341517 384742 441444 494248 571136 656891 722906 799534 837494 871896 991858 1080504 1092165 1083619 1135654 1128738 1157125 1273154 1234911 1155406 1112306 1085469 1130043 1041279 926530 842397 713866 639163 520999 408016 305593 213097 160664 120443 90297 65847 46754 36912 30437 23467 15946 13113 13324 12798 11871 11517 9300 9620 10634 9168 9824 8905 9080 8554 8405 7778 7860 6925 7546 7593 7668 7170 7731 7485 7558 6944 7405 6526 6174 6983 6969 7368 6561 7343 6954 7796 7643 6482 7418 8629 6816 9088 8038 7425 6593 8083 9652 6191 6757 5992 5043 
-132 19629 89363 154008 187192 215876 235660 271312 310749 343627 381940 449631 517577 579782 658609 721232 777434 817946 891838 1004166 1135584 1145206 1066141 1064426 1129525 1194323 1288257 1253595 1170359 1103867 1092824 1128019 1060316 933080 839104 721317 615917 513290 410837 311026 227674 165131 118372 88390 67312 47986 36551 29885 23346 17962 14243 11021 11602 11514 11445 10603 11382 10274 9348 9423 7647 8939 8516 9017 8513 7715 7825 6711 7880 7684 6692 7081 7551 7718 6827 7028 7685 6587 6288 6661 7254 7250 7136 7498 6459 7327 7163 7714 7307 7384 7669 8684 7577 6553 8301 11611 6307 6140 5170 5904 
-153 19173 89502 158797 189689 212451 240758 279158 308459 353187 386768 454116 542373 586065 639167 711863 752457 836776 930008 1039772 1117942 1129764 1090800 1055703 1125729 1199501 1282950 1290465 1219446 1103996 1095669 1087685 1057280 977717 841590 736184 605244 500248 397475 318190 234430 174290 125402 86118 63574 50624 37481 27502 22810 19648 15249 11860 10858 11257 10473 10617 9948 11435 9539 10075 8778 8787 8312 7952 8221 7780 7609 8021 7678 7433 6363 8085 7521 6934 6894 7637 6635 7130 7693 6750 7240 6087 6942 6238 7561 7050 7754 7140 7574 6091 7197 8018 9204 7772 8272 11298 8157 6549 6400 5668 
-127 20797 95487 159159 190032 217656 246310 282509 303692 365256 402372 456706 549418 581279 623955 690053 767050 862356 969102 1052529 1076198 1098942 1135138 1124854 1102919 1149591 1296515 1344836 1231311 1118776 1085021 1070901 1053749 985297 882008 742679 603280 489581 394632 309022 233911 180668 133466 88872 62831 48504 36770 30380 21870 18824 15164 13932 12294 10672 8996 8614 9644 11647 9697 9925 9197 9894 8788 7396 9061 7673 7356 7240 7544 7514 7475 7845 6839 8157 5890 6980 7415 6528 6692 7361 7471 6940 7357 7124 5258 6396 7329 7554 7405 7273 6745 8340 6773 7520 9863 9596 8224 7169 7164 7139 
-91 23463 103114 159764 188972 225201 248618 283327 314187 366241 427883 454946 523222 589185 612321 686084 789699 893333 982424 1034502 1064741 1111517 1165665 1153419 1106600 1128985 1290605 1362291 1257632 1140934 1081555 1084326 1050662 975363 901320 751474 606256 494278 390159 302776 224288 183653 136452 93085 66526 48048 36633 29046 21725 18535 16930 13558 11741 11601 10021 9957 8681 9977 8808 8962 9494 8579 9081 9016 8358 7707 7704 7519 6924 7503 8123 7977 7819 7154 6980 6235 7105 7104 7262 6710 7002 7782 6679 7182 7021 6879 6213 7039 5907 7718 7695 7988 7503 7330 7195 9549 6770 7403 8527 7941 
-99 17932 93722 164163 196767 221405 254529 284498 327708 370568 434696 454000 494668 593390 622778 694339 809530 921410 956119 1009810 1102652 1173848 1153244 1126822 1155752 1160047 1249135 1340566 1292718 1164897 1106089 1088419 1059640 976658 882726 747720 631692 496402 391770 296970 220585 179914 131878 95047 69802 51828 35880 27305 20202 19865 17646 13077 12903 11029 9444 10392 9862 9188 8983 9260 7862 10345 7817 7854 8601 8420 8566 7409 7975 6677 7522 7610 6938 7680 7238 8476 6999 7066 6866 7072 6432 6241 6734 7592 6982 7234 6687 6321 7646 6616 6824 7113 6508 7286 8151 11550 7519 6418 5866 5676 
-101 17848 94676 167901 196513 224286 259096 292744 332596 377736 423921 454596 490306 568589 657979 725436 812265 903793 940534 1017824 1147086 1193785 1152917 1134260 1163478 1170014 1212264 1335123 1317110 1197910 1120642 1112271 1078995 965173 877535 748316 628639 509342 385512 301562 223221 171779 125327 96335 72162 51974 37097 28154 21692 18178 17161 16262 10753 9546 10391 11482 9428 10334 9445 9588 8774 7089 7164 7312 8542 8299 7680 8481 8105 7932 7817 6642 7244 7318 7204 7325 8329 7226 8067 6494 6754 6943 6479 7197 7016 6649 6387 7357 8576 6742 7168 5525 6590 7340 8216 9633 7009 8511 8076 5757 
-134 17922 97248 165869 198212 229569 262211 295372 345843 370931 406891 465540 491216 560237 679085 756954 794727 868972 957772 1045950 1150018 1194144 1190498 1178024 1122058 1146100 1209383 1309792 1358000 1231695 1140147 1121823 1085274 983462 873551 769333 620064 500629 393372 307599 224450 166203 123914 93902 70037 53480 38506 30198 20910 18429 16108 14673 11395 10996 11806 10550 10416 9425 8088 9236 8693 7831 7152 8167 7064 7984 8740 7134 7773 7329 7799 8200 7564 7197 6769 8021 7351 6504 7268 7793 6944 7691 6544 7269 7222 6500 6424 6179 7144 7207 8137 7892 6395 6359 8166 10310 5954 5003 5023 6517 
-146 19749 98165 164479 205300 232942 266438 304652 336626 367389 404050 462468 513376 567214 674129 761166 792738 855885 989006 1071297 1132224 1223173 1193502 1189075 1146503 1136692 1185711 1278172 1378460 1291479 1163329 1105937 1075818 1012461 878096 779753 619540 497446 397727 304659 225728 165493 124993 93066 67725 51820 39555 29316 23489 17546 15205 14321 12545 11137 11678 10791 10139 9802 8960 8629 8429 8184 7834 7420 8513 7221 7333 7656 6746 7124 8634 8323 7613 6848 7854 7077 7127 6797 6836 6686 7271 7470 7914 8858 7231 5939 6280 6965 6463 7912 6076 7494 6925 7619 10530 10872 6278 5439 5081 4737 
-99 14210 89591 170000 207784 235028 272481 300039 326826 373634 406759 457406 537486 587329 659495 737397 808778 888718 980950 1110454 1168218 1193372 1185577 1181940 1202516 1169207 1157916 1249353 1347697 1351435 1211854 1104128 1056921 1022798 899965 787188 630017 500825 390003 304505 231575 164589 123167 91838 68686 51519 36456 28921 23125 18129 15001 12927 12114 12772 12340 11207 9695 9369 10893 8586 8690 8172 8413 7580 7537 7844 7139 6729 8203 6962 6439 7255 8663 8271 7934 6898 6271 7311 7608 6590 6124 7447 7093 8035 7552 7468 6962 7099 7130 7548 6536 6570 6726 7455 9234 9291 7035 5922 5650 4763 
-93 17360 90248 170654 210450 240033 270944 291439 325966 381047 415809 458135 548001 605940 646911 710475 832983 921251 1000513 1115574 1174591 1160967 1212137 1213537 1193309 1173178 1170148 1234897 1337465 1343222 1230863 1153037 1063348 1015546 924472 774034 650698 504148 389195 305095 236020 163642 123538 91605 67677 50506 38071 27582 21010 19160 14904 13501 12624 12633 11205 11529 10350 10478 9427 9059 8545 8347 9364 6954 6914 6752 8092 8502 7413 6849 7072 6502 6540 6775 7479 8216 7372 7285 7840 7184 6941 6461 6573 7404 7417 7697 6757 7781 8528 6801 7080 6316 7405 7135 8159 8544 6607 6849 8828 6540 
-112 16707 92901 173117 209973 242013 259603 296017 333319 377239 424930 481783 539710 603968 645198 720865 825719 965572 1024881 1070103 1145330 1207743 1245587 1239675 1166023 1150065 1221411 1223518 1323912 1353307 1219163 1188295 1102523 1005842 930404 784198 639632 518055 394093 310423 233514 165178 123300 91300 68870 50851 37108 26850 22215 18172 14311 12531 13075 11652 10785 10943 11319 11307 10008 9903 8676 7850 8665 8407 6950 6945 6458 6908 8630 7636 7283 6777 7241 7136 6915 7232 7108 6928 7493 6890 7413 6828 6552 7338 7074 7027 7699 7514 8004 6617 6930 8244 8245 7598 9219 9308 6011 5380 6141 5861 
-94 18383 93506 172060 212692 235553 260078 301602 336649 375486 440559 490269 530532 596939 662979 735552 839026 978515 1023818 1029438 1142598 1291165 1246690 1216243 1188501 1160298 1220713 1213382 1307285 1366863 1239053 1170783 1121700 1021823 920592 803794 634712 521197 410319 310855 236076 166946 122933 92744 67047 48818 37371 29538 21328 15847 13076 12268 13211 13360 12226 10551 9816 10107 9146 11307 9296 8373 8291 8386 8383 7869 6994 6704 6668 6828 7790 7405 7604 7034 6718 7317 7482 6410 6734 7777 6457 7633 7249 6597 7111 6937 6878 7774 6628 7631 8444 7187 7453 8436 8671 9081 7137 7186 7597 5613 
-118 18741 95705 170050 207132 232822 271134 300227 343077 386932 440094 493688 530693 591451 681886 756355 866143 941264 1007985 1065955 1146640 1288827 1264119 1209689 1223816 1183718 1182133 1222350 1307635 1384525 1252190 1166212 1118510 1032120 921367 805558 646633 527362 422136 314695 238694 168295 126109 93769 66914 48517 36765 27865 22062 17555 13681 11864 11632 11464 12341 10976 10006 8739 9569 10689 9949 8930 8519 8163 9698 8570 6846 7548 6208 6506 7195 6725 6925 7711 7408 7369 6688 6399 7023 7785 6393 6155 7566 7604 8068 6568 7747 6840 5768 6097 7739 7827 8020 8882 9691 9613 6431 6031 4913 4671 
-110 18666 92902 164733 206480 241575 270016 301481 351893 396833 434050 490902 543356 594965 690813 793152 856042 906839 1015691 1114380 1157510 1252760 1285295 1228888 1210427 1195067 1218308 1239206 1276537 1336453 1285119 1188108 1098259 1044593 929713 792008 668115 547235 420264 325836 244940 169223 131089 94563 67086 48208 36619 27179 21639 18021 13832 12311 11525 10862 10187 10839 9576 11076 11209 9292 8693 8827 8593 8990 9570 7801 8431 8382 6548 7146 7414 7161 6736 6816 6012 6439 7980 7847 7476 6312 6190 6671 7520 7408 7084 7306 7526 7973 6017 7213 6434 5771 8472 9182 8783 10472 7090 7395 5971 5045 
-102 18376 87318 163348 214238 241536 274885 307108 361619 394660 424504 496776 555481 618561 699300 779221 844780 938133 1040300 1116945 1196618 1204154 1256445 1266649 1212322 1236037 1249977 1248129 1247204 1262467 1293078 1233323 1112180 1033941 926753 804641 682156 556099 432907 330574 246205 180422 132054 97170 68090 48806 35416 27484 21068 17987 15664 11317 10914 10917 11219 10022 9939 9808 11193 8140 8178 9862 9685 8760 7930 7872 7933 8592 7789 7654 7977 7488 8255 6193 6018 6476 6957 6215 7228 7242 7287 6842 7106 6603 7427 8017 6781 6618 7116 7327 6378 6817 7721 7353 9352 9139 7629 6744 7720 5538 
-109 19701 92426 168495 215588 243051 279158 318466 359344 389603 430206 495620 576875 640130 691002 753817 869340 978284 1059554 1104483 1177795 1209337 1233080 1270157 1268743 1259066 1216561 1232068 1293661 1279615 1228411 1199169 1154599 1057448 929778 812694 690535 557280 448249 337344 251255 188760 137427 98163 70108 49683 35165 27083 21843 18840 13619 12123 12475 11041 10622 10032 10383 8185 9441 8942 8640 9131 8350 8270 9225 8599 7855 7434 7847 8793 7840 8548 8091 7271 5890 6720 7594 6080 5596 6140 7509 7798 7662 6678 6946 6497 7644 7943 7107 6161 7129 7889 7467 7614 10326 8638 5155 5457 7596 6725 
-163 28459 101308 174218 212905 248456 287884 323861 345311 398504 441080 499774 596470 632844 686915 755518 899750 1010159 1055810 1066293 1155990 1251655 1229569 1261780 1274695 1249773 1242413 1242793 1290083 1323688 1207283 1121843 1171201 1090165 969809 817369 679060 562044 449684 355497 252671 195800 145185 99614 73012 50838 36129 27716 21422 17419 15595 12926 11015 11019 11194 9346 10323 9422 8494 7980 7596 9504 8825 7742 8425 8675 8199 8823 8521 6940 7346 7881 8414 7598 8225 6065 6263 6789 6650 7464 7320 5692 6998 7348 7043 7548 7306 7897 6724 6957 6697 8043 7362 7084 10284 10924 6437 5709 5482 5510 
-117 19608 102457 173230 216117 258458 287375 317231 349603 401516 462190 510593 580584 631659 699655 795516 906629 1017288 1039186 1073006 1128633 1252209 1301987 1256853 1213862 1228362 1296494 1312460 1257217 1295438 1229542 1138019 1121110 1088869 1007681 839395 683548 553632 460880 360364 264545 199815 149531 103126 75596 55032 35140 27614 21302 17583 15467 12755 11593 12048 11228 10517 10315 9577 8333 8300 8155 7949 7999 8721 8249 7775 7656 8658 8082 8187 7935 7750 7672 7232 7240 8102 7265 7413 7024 6731 5921 7180 8078 5896 5838 7368 8424 6624 7447 6816 6709 7550 7154 8642 10021 9359 5826 6139 7282 7144 
-143 19234 101248 175352 224276 261767 280007 312192 361636 412448 471647 511508 564476 647138 728539 819314 912208 994225 1041771 1082710 1120276 1248364 1348068 1213778 1166034 1222129 1294400 1340579 1365932 1307618 1172266 1167458 1107844 1078358 991313 864466 711837 557214 457375 366700 273883 203565 149411 110455 79253 55958 38750 27668 21577 18043 15132 13871 13283 10992 10063 9457 10318 9359 8931 9513 7837 7118 7714 7971 8136 7179 8422 7464 7567 6989 9178 8634 7603 7584 7421 6275 8688 8238 7541 7167 6909 6178 6216 7542 5297 7514 7501 6486 6985 6935 7790 7665 7320 6733 9405 10967 7261 6033 5953 5029 
-135 15514 91420 183843 222035 255911 284029 316381 374645 416466 469207 515350 566203 670925 739888 838437 907162 982257 1053446 1075531 1175518 1258631 1249614 1214053 1198407 1222017 1264112 1297785 1470937 1381062 1142875 1128402 1137655 1064556 964202 862757 739838 583054 463958 361640 282695 207132 150623 113948 83075 54258 41111 31018 20603 18452 15831 13746 14221 12018 10647 10373 9858 9642 8955 8273 9310 8349 8773 7983 6952 7757 6983 8437 7304 6726 7673 8804 7056 7290 8405 7103 7347 7439 6857 8917 7817 6893 6735 6866 6779 6461 6596 6827 8124 6668 6891 9156 6865 6940 9282 9284 7509 7963 6046 6483 
-161 13838 86442 180643 222066 250720 290044 333277 375591 412811 465907 523809 592160 681643 741359 841020 914425 983498 1072819 1078308 1191228 1269393 1167294 1210805 1232480 1186860 1255278 1359825 1462158 1375332 1195199 1147409 1139165 1056283 948650 860065 732255 607989 487278 356784 281657 211843 153746 114859 83074 58991 41712 30826 21884 20503 16588 13869 13984 11741 11755 11151 10742 9238 9073 8838 9319 8439 7030 8632 8299 7805 6682 6877 7495 7075 7286 7702 7437 8067 7412 7271 7601 7501 8008 7340 7232 7110 8104 7594 6915 6667 6820 6988 6678 7471 7038 7227 6919 7195 9657 12086 7396 6026 5388 5125 
-138 15357 87681 173836 221430 254676 302204 339383 374883 412839 467944 543414 608855 681039 742131 836971 941857 990653 1068627 1104402 1119633 1280293 1259584 1179625 1184284 1200020 1294890 1410320 1441326 1311078 1233211 1195781 1152570 1058139 950711 856677 726782 606806 494026 372863 280221 212111 159094 115890 82847 61988 44668 31049 22333 20000 17995 16096 12514 12293 11472 12346 11216 10041 10084 8776 8852 8492 7369 8344 8176 7833 6896 7984 7160 6993 7737 6738 7103 7917 7272 7164 7009 7963 7651 7210 7834 7826 7784 6464 6995 7149 8153 6331 6590 6942 7996 6753 6743 7050 9933 10354 6664 6078 7691 7521 
-124 11348 74468 173118 223148 263329 311527 334692 374892 427421 470002 559710 622997 669699 761780 830991 957472 1011881 1021372 1102838 1145574 1283018 1314171 1173417 1147888 1244857 1305232 1380293 1431775 1335445 1214652 1180328 1184933 1108626 976214 845954 740648 590379 485034 390590 284056 214226 159898 117627 83964 59936 43808 32269 24085 20361 18880 16536 14317 13523 12082 13614 12038 10041 9972 9750 8861 8619 8093 8248 7918 7385 8811 6657 7039 7712 8966 6749 6634 6611 7067 7830 6878 6510 7684 6925 7200 8830 7712 6655 6564 7220 7807 8026 7665 7915 6713 6426 6065 6478 8163 10647 7593 7690 7833 5916 
-124 13190 76682 175220 231559 268148 306826 343025 373956 438282 486308 566241 626001 664569 771009 851950 924027 1022323 1004032 1091189 1221922 1252039 1260560 1244885 1214622 1237333 1276343 1345637 1428667 1362939 1207614 1157145 1158692 1150389 1036425 866248 736003 594934 471721 376411 297379 219334 164443 116891 84471 61871 44488 32958 24929 20968 17681 16851 15464 14198 12615 12945 11721 11319 11221 10277 9152 8859 9159 9384 8229 7656 8064 6833 7355 7037 7372 7002 8170 6886 7272 7284 6953 7238 7063 7389 7305 7013 7541 7064 8271 7900 7353 8017 7298 7458 6529 8215 5976 7650 8083 9715 7167 6532 6215 7551 
-138 16352 86943 176727 237643 269791 305871 348701 381974 449579 506628 547941 635038 675428 768841 850169 901881 989797 1055170 1109162 1218393 1269327 1256138 1263004 1248193 1245171 1265297 1324957 1403839 1332762 1225842 1195455 1146957 1126508 1072725 912135 749597 593936 467618 365051 294268 226777 165011 118258 88918 60508 45909 32376 24331 20734 18699 17165 15631 14831 13529 12532 12333 11432 11142 11023 10936 9507 9984 9103 8090 8304 9002 7252 7798 6848 8203 6553 7094 8458 7198 6360 6586 8892 7096 6009 6720 7799 7221 7384 6707 8488 7493 7371 6759 7997 9066 8197 6648 6275 9284 10301 6179 7053 5618 4765 
-120 17074 86669 182517 235008 271655 307664 366154 396690 443031 517817 546067 623197 711614 741167 832118 910217 963737 1102004 1137722 1178332 1319489 1321358 1225721 1231826 1285491 1297745 1293021 1357473 1327160 1253571 1203358 1168784 1128935 1039294 942092 778777 600533 477793 362248 278866 224966 167840 123587 88970 63559 45442 33409 24542 20255 17092 17235 15384 13978 14448 13817 12012 13060 10430 10523 10054 10981 10417 8970 10591 9320 8975 7987 7840 9357 6776 7729 7484 7432 6896 6382 6658 7378 7436 7603 7578 6825 6971 7833 6092 7559 7632 6119 9342 7079 7755 8946 7202 7241 8550 10184 6159 5186 6447 7652 
-97 19372 94583 185770 236867 277777 311453 372903 413558 434829 521891 562176 605528 705845 741269 808389 925034 992798 1080976 1155880 1209666 1331377 1348861 1238962 1227594 1250570 1296317 1290900 1337099 1361888 1267227 1192135 1193917 1158813 1031181 924918 789861 620668 493262 371582 274363 211422 170609 122005 93326 65953 46265 32580 23577 20468 16349 16770 15321 14847 14775 12074 12578 12652 11166 11670 10378 11133 10287 10486 10320 10436 9971 9098 8709 8394 7564 7756 7905 7123 7941 8353 6834 6308 6996 6360 7239 8154 7420 8110 7020 6755 6759 7326 7618 8582 7580 7786 7363 7847 9758 9164 7579 7211 5607 4190 
-121 22858 105269 191378 240675 283063 324968 367701 423837 444294 502741 582984 593236 671644 766025 805835 931765 1029652 1061470 1156559 1258157 1331007 1323585 1260853 1247209 1249910 1252715 1278748 1367654 1393594 1274942 1213193 1183863 1140467 1065403 909530 783756 643198 504908 377683 275607 215106 157965 124978 91988 68730 47950 33779 23458 18446 17037 15721 15737 13946 12526 13846 12756 11693 11769 12379 11798 9446 10900 9495 10774 10607 9814 10417 8771 9362 10234 8016 7107 7954 8967 7748 7987 7042 6830 7633 6716 7238 7159 7716 7086 7005 6937 7982 7757 6460 9248 8311 6717 7751 9766 9567 7521 7759 7616 4920 
-140 24307 113263 195219 247099 289109 333674 365262 427052 452708 490356 578911 597312 649441 777271 840522 928239 1036573 1105457 1147118 1284468 1341894 1297263 1225293 1225830 1317482 1287765 1249443 1329038 1407279 1321786 1214820 1173740 1113383 1080986 934748 771738 645193 511640 381031 291635 217177 157954 120515 93454 66596 48128 34774 24871 18831 16792 15641 14185 13329 12727 12380 11395 12593 11207 10496 11639 12955 11733 8877 8973 9633 9868 10404 9509 10452 9220 10485 9762 8110 9468 7653 6673 8998 8415 7290 6585 7058 7072 7887 6168 7807 7299 8014 7498 7263 7416 9553 7200 7966 9589 9432 6270 5754 6434 5750 
-141 26000 121403 202013 250006 290897 344013 371386 410006 467142 484173 547407 622477 660612 761969 876554 941302 1032556 1145967 1172971 1272037 1310450 1253432 1217197 1225710 1325692 1370711 1300405 1337543 1387248 1272554 1219628 1219000 1129124 1035009 950315 797466 628517 502724 391786 301436 220824 162539 121100 88547 66436 49078 34317 24440 20038 16756 14016 14771 12863 11552 12024 11745 12263 11308 11427 11049 10503 11049 11415 9565 9900 8718 9477 10692 9637 9286 10059 9862 9497 11156 9737 8120 8626 7715 7468 8548 7344 8104 7149 6408 8019 7371 7666 8140 7670 8211 7163 8177 7020 10301 10539 7403 6551 5823 4821 
-183 27065 127434 202173 258330 295537 341046 375036 397797 464698 499794 520531 636656 695667 750371 882036 990081 1039959 1120969 1197574 1260493 1291336 1199873 1204874 1268795 1313746 1358844 1452691 1446759 1285985 1181099 1210314 1251173 1174943 1031724 938093 799180 629329 496555 394007 308360 225941 166521 123363 86569 64794 48435 33462 25284 20016 17891 15377 12948 12305 11931 11567 11836 10936 10839 10536 10391 10421 9613 10192 11273 10900 10357 9023 8559 9380 9184 10502 10166 10030 8652 10141 10333 10026 8784 8014 7517 8690 8206 8334 7780 8066 8656 7363 6279 8047 6710 9059 8635 8711 10311 10814 5955 5514 6732 6548 
-200 20429 116125 210699 261845 299257 336308 370811 392665 456026 516203 528665 624707 730435 762038 884984 1030891 1035011 1083828 1212525 1282890 1264103 1176168 1178093 1251681 1362407 1405138 1535187 1463333 1222974 1189409 1210456 1210352 1201451 1077933 920432 780370 638706 500637 394328 303588 234600 169698 123787 86708 63157 47714 33300 25980 20235 17161 15231 14087 12541 10323 11930 12142 10932 11123 10589 10035 9762 9399 9713 9118 10050 10540 10044 9934 9105 9038 8407 8992 9272 8843 11125 9985 9996 11090 9178 9164 8627 9600 8692 7665 8097 8423 8904 7738 6919 7990 7216 7080 8016 10775 13227 8000 6271 6094 5223 
-173 16284 110216 219586 258434 289943 332195 367635 407224 439252 527554 558213 611166 741583 812185 904355 981950 1055440 1082436 1205747 1270937 1224419 1206503 1177001 1233503 1415544 1536777 1483977 1360334 1251812 1235182 1239320 1217271 1160449 1081877 935895 777679 635916 507002 404285 298434 233031 176167 123255 87763 62698 46413 34587 24213 19450 18178 15865 15423 13641 11839 10702 10856 10693 10847 10690 10068 9692 9577 9915 8732 9099 9816 10550 8500 9500 9842 9433 9416 9596 8002 8147 7936 10015 11619 10533 9595 10275 9342 9863 9132 9666 8883 8935 9568 8009 7382 7806 7139 7895 10947 12636 6813 6916 6206 5914 
-156 20265 116407 216586 254326 289746 329447 365881 419306 439955 518371 592170 618332 746271 863802 882022 945396 1069439 1133207 1154029 1239766 1219129 1214166 1231757 1305942 1437187 1518944 1431308 1307960 1269548 1276062 1296768 1255869 1116272 1025903 954392 791747 630254 521785 407323 301115 227950 174038 129431 88707 61372 45872 33572 25060 20884 17142 16182 15289 12733 13429 13077 11977 9717 10119 9673 9887 10507 9189 9007 9257 9522 8461 8801 9629 8393 8571 9493 9430 10160 10385 8764 7949 8096 8270 10038 8857 10739 11828 9721 9680 10287 9682 9315 8871 9414 9301 8830 9918 8503 9808 11137 6772 5758 6138 5922 
-126 20311 115233 209443 251805 292981 331814 363922 426110 465746 498436 609421 663732 733343 847840 883359 943792 1055604 1160460 1159107 1190274 1233391 1241430 1303433 1406019 1420113 1425281 1408080 1308099 1280559 1302593 1341493 1263822 1128440 1009570 912339 803993 646867 524237 410055 302502 225731 169430 127543 94579 61710 46696 33298 24773 20600 16966 16058 16204 13939 11820 12145 11750 12098 10321 10562 9437 9793 9095 9931 8816 8531 8481 8741 9463 8120 9388 8702 8776 8141 10047 8864 8339 8971 8546 9193 8840 9496 9294 10424 9810 10140 11120 9784 8936 11049 10941 9994 9617 9033 10770 10830 6895 6583 6655 6410 
-139 24569 122658 215204 253594 290562 331275 375178 430678 479851 498104 621622 696862 706650 810880 900263 972996 1023983 1142252 1200935 1190636 1236435 1285403 1348009 1448249 1411209 1387481 1370076 1291653 1288495 1362823 1342763 1239498 1160816 1027338 886505 790234 654737 531029 403973 310742 225718 165276 124771 94007 66897 45352 33757 25797 19780 17019 16886 14711 13969 14067 11211 11511 11926 11768 11026 10619 9148 9447 9071 8968 9056 8577 7719 9112 8332 8637 9533 9320 6910 8094 8752 8927 9473 9823 8636 8083 9299 7899 8620 8765 10300 11549 11350 10774 9829 10043 10010 11135 12235 11723 11029 7148 7060 7541 7575 
-143 25437 130574 217525 253785 290598 335819 386622 428733 496408 531086 600569 689122 703204 789366 902908 993345 1018982 1109292 1239280 1249366 1238862 1278333 1383506 1457190 1428972 1367610 1343563 1287766 1307994 1380706 1333617 1249156 1147492 1059002 910596 765228 640096 525889 410478 310685 227655 168908 123607 90378 67342 47064 33001 25444 20278 16787 15368 16560 15053 12151 12373 11833 10989 10780 11402 10450 10309 11262 10228 9587 7645 8869 8283 7500 8373 8711 8490 8087 8226 8319 8429 8393 8342 8891 9350 9225 9226 8170 8392 7922 9406 9384 9593 9232 11964 11767 10511 10538 10364 11703 12623 8799 10189 9876 8077 
-129 26829 138374 217876 251057 302899 339129 392686 438345 503195 559972 564275 657981 740295 782786 878048 993826 1054573 1129567 1243884 1288842 1251794 1263021 1398528 1466834 1426516 1394192 1356309 1280250 1284041 1354712 1356640 1249071 1139163 1071340 943875 767239 632511 515559 400281 313197 229227 172165 125364 90183 65898 48492 33158 25373 21126 17297 15011 14352 14680 13157 12494 11488 11842 11533 10870 9685 9618 9674 10699 10308 9203 9396 9147 8226 8107 7934 8122 8454 8181 8244 8407 8243 7639 8770 8752 7968 8609 8836 9388 8608 8014 8520 7976 9649 11505 10055 10649 11165 10906 11644 12721 8512 10305 11138 8475 
-166 34770 141943 218234 263927 303719 347716 390297 465488 497133 545866 564847 637483 754301 795104 858502 976323 1107603 1182738 1244770 1261734 1264736 1276582 1384989 1451596 1431672 1442651 1390361 1279276 1238197 1310967 1367095 1260703 1160235 1078034 944139 787339 639542 503103 389524 305942 233294 178511 128404 90233 65923 47389 34138 24988 21478 17483 14283 13853 13729 13003 13098 11139 11196 12143 10031 11142 9993 9392 9292 9555 10534 9782 10121 8983 9329 9381 7607 7833 7311 7532 9395 7065 8614 8361 8163 7517 8791 9126 9315 8478 8278 9211 7926 8168 10095 8385 10265 10966 9455 13275 12438 9281 9440 9439 10273 
-136 28955 141846 226915 266233 307765 356594 404470 455708 485910 536365 587967 627623 732755 810717 881821 973673 1115746 1232102 1260249 1239468 1269019 1271038 1325638 1471049 1473098 1500601 1400784 1266494 1259043 1267613 1333260 1290774 1193681 1075826 932105 798514 651643 502055 382719 300827 234178 176308 130218 96394 65752 46130 34903 23591 18848 17299 17115 15607 13647 13070 10789 12318 11510 11165 9843 11220 9743 10014 8853 8360 10555 9287 9651 9355 9375 9793 9198 9319 8913 7950 7084 8692 7576 7789 7458 7922 8620 7809 7908 8717 8786 9440 8899 9266 7384 8906 8485 9459 9735 10911 12149 8942 9249 11087 10596 
-162 25914 141379 228994 271767 318347 362242 409066 432257 477759 541233 613331 618600 701039 826150 930365 984102 1115023 1230809 1306867 1292766 1228310 1230771 1277952 1489788 1532739 1520339 1419572 1268494 1243515 1301577 1319097 1276941 1200730 1066083 944578 798771 647604 515114 387878 296247 234871 166934 132621 97396 68680 48703 34883 25370 19363 16240 15279 14167 13287 12811 12493 11332 12310 10410 11017 10151 9635 10193 9442 9609 8556 8475 9197 9176 10290 9736 8073 9983 9376 8866 8733 8480 8471 8378 7703 6705 7790 7956 9626 7161 8284 8989 8045 9325 9711 9103 8002 8595 7345 9312 12334 8663 9579 9247 8358 
-227 22064 133349 232452 280445 322934 360181 390366 432329 481157 542626 617282 632288 691652 827949 959479 1027760 1104848 1197006 1292926 1358555 1237533 1201447 1276369 1467162 1540697 1504233 1453646 1276933 1246999 1377784 1337582 1213295 1165676 1095294 955567 794687 642738 520426 406200 305340 227651 160589 128500 99357 71477 48814 35336 25200 20917 17435 15135 13618 12121 11945 13422 12481 11235 10645 11172 10139 10743 9850 9314 9702 9373 8904 8132 8265 8047 9655 8920 9303 9627 10093 9183 8493 8918 9763 7983 8083 7301 7517 7681 8890 7295 8040 9035 9359 9053 8593 9013 9397 8703 9743 12622 7250 5958 5736 6114 
-213 15913 114185 235715 283045 319721 351000 385923 439372 491298 533491 604532 668098 721570 814486 954449 1075496 1120162 1199783 1202300 1295620 1346711 1286397 1301203 1408619 1446621 1490464 1439680 1358277 1382971 1365341 1275584 1213089 1163922 1094391 939551 794022 651259 529225 418731 317793 225748 160822 121121 98581 71831 50049 34932 25759 22148 17841 15212 14378 12699 12268 13788 11864 11551 11463 10526 9736 11063 9919 9653 9334 8786 9091 9153 8596 8347 9403 7620 7551 8502 10014 9670 8675 10149 9463 9473 7893 8701 8036 7921 8696 8450 6672 7850 8541 8497 9469 8854 9908 8425 10533 13254 7546 6043 5492 5139 
-144 15875 113171 235194 278401 312980 344453 396113 446627 492563 523327 609913 698073 745930 830803 923147 1093259 1157492 1175819 1157078 1198886 1425472 1430456 1340569 1360213 1336642 1436353 1447968 1458234 1461337 1294675 1256398 1264938 1194307 1060970 921301 786973 666822 535003 428801 324946 230400 163999 119601 94128 71776 52094 35425 25403 23198 19237 16342 14585 13506 11616 12422 11618 12249 10620 11081 10512 9808 10403 10963 8910 9410 8368 9557 8305 8141 8380 9155 8590 8029 7856 8093 8133 9317 9353 10372 8885 9511 9860 8943 8867 7584 8719 7170 9001 8008 8324 8199 7541 8406 11577 12033 7469 6736 5994 5036 
-142 18721 121141 225815 274379 309972 357064 400424 441199 486883 551656 610032 704483 773551 853967 914494 1057675 1164081 1121034 1194996 1238153 1339894 1458898 1395582 1383085 1368798 1381652 1463449 1427175 1402705 1354959 1324137 1291091 1190743 1039728 917194 793099 668327 537018 432621 325238 242751 169942 120242 89765 68725 52472 37315 26582 22777 18956 16201 15386 15398 14045 13236 11793 11711 10969 9892 10162 9417 9782 10603 10761 8961 9180 10220 9279 9381 7908 6466 8915 7581 8372 7536 7641 9062 7607 9701 9580 10176 9215 9677 10482 9369 8746 9030 8079 10124 8351 7413 6829 8858 9301 11759 8224 7719 7612 5956 
-125 24474 126356 225328 271150 319965 366983 395405 430266 502670 572625 612694 702478 797563 863454 937796 984392 1128351 1142949 1245639 1331720 1252399 1315223 1439176 1503401 1477167 1402462 1361355 1324248 1345537 1431017 1413967 1302288 1182866 1055109 911748 796290 668920 536840 427304 327292 247263 178773 124103 89442 66750 51968 38973 26991 21905 18353 17171 14736 14806 14849 13887 12565 11644 11036 10446 11055 10281 10497 8838 9853 9189 9290 9956 9901 8140 10200 8179 9288 7432 7576 8010 7530 8026 7993 8511 8215 8485 8789 9839 10495 8864 9589 11117 10030 9370 8939 8404 7350 8011 9613 9851 6486 5817 7611 8293 
-197 29765 132270 225102 283313 326105 357985 389861 456623 505688 574437 631769 694870 804636 864550 944587 954869 1054457 1256379 1258484 1301990 1272890 1211385 1420839 1624346 1635116 1377164 1238063 1323878 1358906 1399244 1392138 1331651 1215080 1080389 928581 799758 655974 535388 419997 330815 246453 180656 134021 93527 66294 49722 39515 27511 22859 18524 15303 14840 14345 13921 14181 12596 11588 12651 11737 10723 11126 10552 9262 9992 9750 9333 8451 9565 9245 9099 9749 9591 8602 8807 7471 6958 8097 7679 7465 7317 7706 9457 8636 9133 9156 9517 10585 11204 9667 9227 9260 8215 8245 11336 12388 7167 6475 5938 4686 
-216 31410 144798 235323 283911 313914 361698 405213 472799 504743 568489 655183 695675 791176 848819 919875 1006785 1056850 1253844 1259494 1205035 1316249 1297778 1391756 1613874 1629526 1391544 1300471 1342487 1381404 1316361 1291483 1324481 1271576 1126730 965583 815230 646675 525921 420357 327716 244150 181484 138300 98969 67360 51095 38575 28950 23038 18098 16112 14495 14167 13090 13372 12690 12965 11403 11671 12255 10604 10451 10313 10742 10643 10116 8691 10025 8555 7855 8783 9364 9489 10060 9433 7137 8213 7807 8295 7232 7607 7718 6978 8238 9772 8820 9340 10535 10176 10361 10713 9036 9121 11302 13829 7784 6514 6069 6020 
-193 40894 159733 233650 280471 316098 379775 419215 460499 527409 564182 658644 693514 759898 842137 902838 1089476 1123120 1112344 1243038 1212722 1308027 1437857 1396055 1490600 1516057 1531703 1436828 1341084 1336908 1308272 1264331 1245425 1237271 1175871 1031417 844643 657183 514204 422163 328798 239494 182321 136869 102549 73612 51463 38442 30244 23310 19037 14896 13534 14468 13567 13081 12814 11163 10776 11825 10845 10645 12236 11678 11053 11498 9617 8812 9516 9445 9534 8273 8424 8834 9385 9135 8331 10674 8592 8035 8283 8271 8187 7274 7145 6854 8082 8118 10134 9930 10145 10118 9745 8615 12267 13098 8316 8039 6639 5227 
-181 44098 159032 233538 283742 336093 382068 420953 463134 533010 570942 636761 701531 716358 852661 963251 1061656 1155011 1054381 1185979 1331663 1323966 1436563 1383261 1357223 1553949 1616114 1443712 1403392 1346364 1297866 1269631 1207277 1191764 1148543 1048692 883070 699187 525140 415172 329808 240110 179434 135159 105578 74585 55760 38725 30248 23886 19954 16186 13393 12947 12517 12735 11563 12005 11267 10808 11777 10871 10031 10328 10852 10029 10555 10899 11016 10535 9619 8394 8690 9715 8439 9141 9230 8386 10185 9544 9194 8261 7718 8206 7319 7878 7021 7330 7681 8743 9315 9876 8902 8706 10594 14456 8579 7471 8229 8268 
-163 37484 157037 249727 294194 344730 381156 427610 468938 517165 581178 606847 697736 738922 857650 1001802 990193 1119741 1163328 1154322 1408063 1400001 1297893 1328576 1366857 1565634 1597968 1514055 1478998 1344033 1282091 1289358 1247486 1173422 1095279 1005364 868637 746315 566909 426891 316754 247305 182305 132614 103505 74097 56689 41637 31743 23306 19514 15638 14368 13742 13186 12168 11169 11705 11867 10988 9975 10506 10223 10827 10289 9101 9129 10099 10272 12399 10011 10156 10093 10236 10156 8142 8674 7733 9491 9312 8911 9785 8808 9175 8120 8626 8932 8320 7491 7865 6854 8049 8099 8491 9434 13891 7865 7331 7884 9683 
-201 44465 166981 259541 300550 346539 382391 430527 472789 500013 579029 593531 689877 804294 833866 958108 997627 1054525 1278818 1255732 1325580 1420174 1275244 1303299 1393468 1461840 1593008 1655860 1450597 1329622 1303807 1314135 1315425 1181336 1055196 955395 832907 736654 608878 451914 327195 248107 183724 135859 99127 74483 56342 40904 31471 25090 19826 16510 15448 14585 12849 12062 11053 10778 10571 10737 10990 9849 10194 10308 8830 9465 10484 9281 8547 9717 9945 10709 11519 10731 10008 10514 9900 8840 9371 8750 9223 9535 9058 9652 8996 8685 8998 9358 9310 8563 7196 6134 6833 6905 11744 12863 7171 6010 6325 8008 
-177 40614 181315 267065 303490 345099 388184 417636 477914 494748 555295 627758 684813 810536 836842 880650 1058265 1094888 1224032 1393778 1277467 1342768 1322009 1310290 1365234 1412518 1608366 1669115 1448627 1331107 1342218 1376166 1316633 1218870 1054850 922635 811374 702878 597561 485313 347487 254812 187813 138267 100563 73454 55755 40808 31571 24390 20665 17537 13902 14209 13374 12667 11668 11705 10519 10042 9768 10257 9944 9538 9970 8818 9810 9082 8709 9420 8998 9461 8537 10744 10691 9884 11064 10805 9789 10356 9084 9535 9422 9235 8829 8790 9475 11048 9853 7937 9507 7339 6937 7218 9741 10118 6386 5329 5702 7817 
-179 45016 188594 267987 306873 340960 391053 406449 465261 514765 552500 645035 688112 754434 856297 889951 1041335 1190157 1161201 1398409 1374294 1254562 1307843 1315365 1398792 1476178 1523847 1585988 1494296 1366536 1387613 1392802 1315567 1232503 1079600 941243 797142 679300 568790 475757 371684 264548 194980 143916 102441 75603 54909 42208 30957 22893 19124 17551 15578 14148 13948 12634 11778 12231 10783 9747 10505 9739 9277 8780 9920 8829 8908 9894 8640 8975 9904 8189 9221 8676 8608 8959 10536 10141 12011 10991 10977 10288 10018 8786 9928 9819 9781 9392 10063 9052 8803 8812 8338 8356 12242 10902 6009 4915 4503 4658 
-192 49565 195617 272371 303542 332850 385838 412001 457426 540141 557902 628249 685409 740531 857745 968330 985193 1196974 1249923 1260016 1420343 1295780 1252924 1336153 1431001 1484341 1491913 1542618 1490525 1386796 1390119 1417322 1349168 1220496 1094893 980212 816442 665492 542138 460177 373361 271923 200158 148077 110862 78155 57885 41784 30437 22523 18316 16227 15404 16139 13149 12065 12050 12529 10423 10624 10979 9651 9484 9721 7944 8001 8952 9284 9295 8629 9594 8690 8260 8157 8516 9768 8596 9450 9284 11259 10925 11598 11204 9843 10139 9700 10362 10440 10749 8710 8733 9495 8780 8537 12450 12602 7188 5760 5421 5477 
-199 58232 197771 266088 302760 331428 374550 432427 470295 526119 565714 602839 697496 770814 831911 996939 1042579 1113968 1309509 1241676 1316447 1363175 1316078 1349805 1364911 1448546 1562236 1563614 1466162 1366392 1368748 1422145 1375009 1249897 1115980 998184 833331 673267 542636 447616 350953 275621 201790 148875 113939 86484 62256 41206 30851 23883 18597 16381 14501 13379 13856 12505 11911 11531 10771 11287 10367 10471 9810 9463 9298 8946 9005 8568 7900 8451 7742 8569 9788 9664 8294 7454 9008 8229 9334 8711 9707 10286 9946 11552 11624 12106 11408 10772 9828 10473 10288 8906 9442 8447 11417 11954 7173 6752 6504 7666 
-247 58646 195942 266261 294430 343692 377440 436622 476644 504076 567441 626471 687165 794881 855420 956985 1125321 1085182 1217154 1321192 1291114 1377343 1336700 1297694 1382989 1486792 1573935 1584374 1437945 1340412 1335962 1350937 1389074 1315873 1163166 1001013 837800 698895 555344 433311 341561 264854 201690 148392 115497 89432 64847 44248 34254 25069 18223 16651 14775 12092 11670 12576 12920 11679 10372 11138 10753 9948 10091 10291 9217 8328 7813 9344 9185 7991 8881 7905 8551 7585 8297 8648 9106 8248 8304 8670 8949 9693 8765 9046 11930 10617 11344 12211 10299 10775 10845 9600 10409 10341 13163 14916 7533 5847 5297 5262 
-223 40797 185654 268793 300128 343337 398227 422608 463786 508580 573113 650133 705938 760828 913520 953468 1075813 1135480 1113856 1352425 1415487 1294958 1289266 1289722 1407814 1554356 1583785 1566380 1438181 1315848 1281069 1332433 1403165 1331939 1197172 1033715 855182 723098 562092 427666 340014 255179 196809 150587 116924 85990 65835 47730 34787 24896 20025 17988 14973 12916 11547 12300 11920 11228 10773 10256 10744 9742 9622 10170 10009 10127 9429 8344 8183 8087 8151 8435 7764 8643 7279 8064 8726 8474 8944 8575 8913 8483 7679 9575 9295 10655 10045 11319 10773 10943 11661 10341 9475 10384 12728 14350 9247 8686 7568 6540 
-221 31671 168426 277854 309145 341555 397358 415745 449662 537155 585835 639335 736085 777762 897001 973762 992187 1165592 1196506 1279929 1424218 1310582 1296565 1322805 1376163 1560469 1639428 1547213 1404340 1288936 1290321 1362657 1363798 1290566 1220904 1077135 889793 734034 570208 442856 336889 246008 197849 152578 114002 85135 63008 47798 34884 27090 21339 18184 15843 14121 12354 12346 12183 10890 10237 11163 9180 9792 9421 8947 9305 10202 9303 8509 9456 9394 8703 7839 8239 8478 7952 7631 7355 8671 7683 7898 9222 8070 9115 9752 8177 8500 10163 10491 10298 10633 9672 10432 10736 10384 12107 15472 8900 7279 9554 7776 
-200 30075 169093 271980 316275 345840 377071 430049 463325 532510 604919 646777 737784 831582 832692 967144 1014474 1142242 1290254 1216669 1319167 1395576 1338067 1357631 1392627 1516702 1614629 1536407 1362004 1316431 1382579 1357210 1293101 1271119 1208769 1102900 933512 729823 597907 458948 337660 252884 192950 152174 113805 83470 60977 44705 33867 26141 22839 18626 17772 14575 14857 13312 12985 10493 10477 10884 11224 8827 8755 9274 8545 9624 8674 9162 9350 8845 8364 7995 9225 7928 9144 9017 8012 7749 7043 8192 8248 7659 8447 9695 9035 9208 8816 9921 7773 9442 9914 10299 9829 9803 13103 13265 8113 7707 8801 9982 
-173 26247 166118 279194 308718 342301 379648 441916 483963 519154 620341 669572 727314 821178 849794 928363 1094093 1129155 1240898 1278448 1254868 1393169 1399175 1372484 1450005 1472691 1496063 1526655 1434938 1399048 1363174 1334978 1293856 1237875 1207151 1095507 934690 758082 609590 472415 355217 262409 193347 146500 112126 83046 59263 43639 32035 24569 22751 19023 18057 16677 14299 14925 13243 12859 10901 10366 9627 9789 9530 9145 9665 9361 8422 7878 8779 8904 9903 8620 7534 8451 8202 8469 8429 8750 7981 7909 8337 7725 8565 7805 8897 8365 9695 8422 8493 8483 8522 8948 9882 9531 10613 13403 8591 9038 9676 6513 
-189 36938 175001 270358 309254 348790 397931 436712 496793 540585 602266 675691 724079 796303 901082 943419 1097420 1125377 1172518 1337303 1331207 1356568 1431823 1370320 1372772 1422049 1460036 1579427 1548722 1403132 1304187 1340047 1333929 1242971 1172613 1070242 918103 779082 616523 481641 378288 282854 193769 140371 109533 81823 60095 44094 33639 26049 20592 17668 15777 15595 15862 14795 14339 12737 13011 11011 9821 10005 11008 9775 9222 9219 9136 7888 7530 8085 7760 9340 8890 9170 8804 8009 8267 9308 8209 8214 7750 9108 9448 6790 9289 7682 8196 8568 8108 9573 8377 7809 7340 9937 11067 13166 7879 7011 7947 8896 
-197 42882 173111 270390 320006 359131 399125 443876 507784 549783 596925 653874 732790 806912 921604 981416 1029993 1145306 1191040 1307410 1429205 1381095 1380006 1363371 1273592 1361374 1497471 1678674 1597750 1378808 1332513 1329966 1306676 1276521 1155149 1042461 912499 770260 624615 499622 387234 299988 201005 141930 108407 76229 58704 45809 34018 26334 19708 17234 15264 15141 15970 14991 13659 13004 12556 12444 12584 10677 10242 10882 9456 8713 9029 9915 7447 8995 8230 7952 7378 7938 9088 8222 8607 9549 8539 8904 8205 8105 9251 8387 8598 7584 8504 8766 8866 7515 8629 7801 7965 7487 10296 12838 7318 6997 7346 7820 
-214 34290 172761 273347 330374 366975 399262 464681 501990 543462 585699 660508 742290 819125 926295 989672 1007459 1160709 1261599 1283760 1452926 1412197 1271796 1320038 1338842 1367988 1486295 1648827 1636648 1444810 1327174 1321001 1299737 1268123 1173563 1029239 891750 759765 639242 507538 390247 298699 216050 151899 105737 75612 58131 43571 35531 27927 19678 17997 15453 14470 15115 12740 13482 13070 12306 11776 12560 11955 11977 10938 10857 10666 9482 8647 9266 8477 8717 7464 8596 6829 7264 8851 8995 8208 8653 8850 8222 9438 8663 8944 8779 8964 7707 8518 8436 9080 7094 7528 7162 7432 10085 12836 7194 6068 5816 5750 
-183 27860 166635 278988 331084 377026 417778 451952 492350 548421 591966 667884 756247 821706 903427 1001770 1061023 1150310 1303809 1315551 1306847 1418343 1307905 1292683 1420017 1382416 1422698 1646903 1690828 1442778 1310023 1350118 1338047 1246333 1163621 1034709 884382 763198 625506 516509 389486 287862 220549 165718 112371 74174 57521 44415 34144 26964 21964 19497 16790 15367 13928 12377 12113 12944 13809 11499 11170 11044 12245 10335 11516 10930 11272 9515 9456 10640 8800 9958 8841 7845 7690 8204 7815 7820 7998 8152 8486 8831 9209 9446 9036 8244 8774 8676 8256 9050 8253 7021 7073 7749 10245 12085 6624 5618 6937 6051 
-212 32202 170245 280681 340897 385366 416381 441720 485560 557456 607577 671188 765939 823096 874549 1020411 1131096 1152252 1246744 1352525 1255959 1336652 1424375 1344569 1367007 1391149 1431428 1649972 1628340 1439858 1367343 1359090 1349420 1282099 1141213 1027890 906801 757578 620760 502728 393364 282010 213295 172727 122457 78550 56823 45360 33706 27785 21929 20123 17904 15533 15640 13288 12763 12673 11644 10630 11210 10476 11375 11015 10894 11026 10325 9967 10195 10789 9979 10180 9465 9620 8168 8417 8757 8059 8095 7521 8766 8369 8625 7805 9530 8960 9402 8619 8847 8068 7243 8589 7814 7092 9745 13488 6903 5742 5489 5762 
-187 38535 180393 286514 344824 384977 404815 444085 499805 551315 632746 672462 745036 841611 902436 1003864 1138126 1193725 1152730 1335846 1374106 1288655 1385234 1416116 1365198 1425187 1455583 1600326 1559875 1419097 1423501 1356772 1340595 1306508 1168464 1025367 910489 756769 620814 488437 387311 285301 207158 168464 130070 84372 59860 44299 36082 27992 22869 18914 17864 17068 15460 13770 13713 12328 12283 11007 11806 10682 10439 10047 10281 10062 10745 10750 10251 10152 9621 10484 10634 8754 10955 9533 10012 8900 8592 8258 8450 8197 8120 8605 7848 7594 9014 8858 9224 8274 8636 8241 7782 7013 10626 12257 6842 5482 5052 5128 
-212 38920 186117 294377 336845 375113 405451 455255 512778 552085 641170 679990 724972 858719 957020 978734 1069408 1199146 1217675 1260792 1441483 1378848 1261249 1430915 1423641 1430608 1492872 1552780 1543115 1404940 1383131 1389078 1360749 1290680 1222438 1054180 886990 757359 616087 490060 376173 283921 207669 164019 127994 88922 63405 47109 33860 29032 22730 20451 18654 16950 16043 14910 14418 13021 13074 12004 11659 10470 9152 10067 11151 9023 8458 10312 11509 9924 10419 8910 11188 9828 9928 10928 9371 9639 10529 9983 8920 9442 8307 8303 7940 8116 7870 8286 9158 8274 7769 7827 7384 8391 11501 12549 6698 5455 5165 5375 
-211 31980 182650 287501 328860 377380 417541 465421 514055 553731 630598 707315 745201 845520 945518 995315 1027488 1151642 1319514 1310723 1323544 1474157 1353303 1299296 1437391 1451024 1536895 1593243 1519483 1375094 1332521 1379036 1386424 1309297 1226630 1070476 896488 745451 614152 490255 367285 277556 211882 163034 122957 93411 64990 45466 34929 29571 22665 20366 19239 17678 16280 15381 14215 13710 12094 13068 12202 12212 11209 10552 9673 9248 9491 9529 9800 8714 9216 10960 10365 9889 9968 9228 9793 10940 10320 10804 11085 10260 9406 8653 8340 8787 8387 8260 7897 8160 7169 6671 7498 8302 11245 12835 7627 6397 6280 6444 
-183 28827 169886 281447 333304 379457 432897 465504 511397 563348 628746 729369 771248 824475 898411 996941 1059436 1151921 1286563 1429282 1328611 1359850 1436877 1306716 1370873 1474185 1596527 1638178 1474487 1374720 1372338 1331055 1342380 1336074 1234148 1086391 916919 746698 610245 483651 371533 269745 219737 161860 118872 94085 66075 46044 32369 27084 23603 21299 20393 17640 17718 14598 13986 14397 14036 12521 12312 13483 11874 11554 11196 9921 8883 9307 10298 8826 8497 8266 9149 9173 10425 10963 10215 9318 10019 10548 11652 11373 10507 9400 9841 9649 8989 8820 8621 8927 7171 7716 7536 7466 8794 11305 7113 6875 6840 6463 
-176 28244 165056 281122 337527 387964 438304 460483 511740 588845 634707 724806 777077 819760 865792 995227 1097288 1188948 1264248 1414122 1450488 1265213 1361667 1408861 1385275 1504765 1622468 1624064 1460653 1374098 1377680 1355728 1311793 1289025 1217106 1114257 935240 753754 615315 476944 374115 279110 215018 162014 119170 89893 68163 46556 31926 24835 20911 22716 20882 18210 16988 16199 16041 14100 12569 12772 12361 12989 12149 11333 11604 10809 10623 10540 10050 9059 9525 9873 9024 8938 9036 8739 10038 10208 11500 8266 10199 10321 10713 10982 10096 11903 9669 9329 9477 9243 8091 7717 7863 7262 11361 11678 5927 5450 5674 4720 
-206 25531 156796 283021 342442 388817 431967 471128 523175 615477 625788 701472 776575 812764 882253 992251 1123169 1181084 1325015 1320340 1467133 1370525 1244524 1422906 1442343 1523645 1665598 1618495 1445442 1350969 1366398 1429710 1352476 1221678 1172628 1095349 957840 770211 621528 477941 377504 291573 211180 158323 120306 89761 65803 46811 31102 24547 20191 19948 19467 19652 17412 17024 15409 14500 14328 13249 11957 12812 12303 12432 11455 11595 11298 10793 11027 9883 9467 9595 10025 10713 9089 8234 9299 9044 10189 10251 9917 10096 9192 9368 11365 10605 10025 11168 10824 9424 9826 8595 8418 7292 11265 13061 7089 5561 5112 5261 
-163 24004 155606 285403 341937 384746 442714 485444 537592 605307 622355 682883 764100 830493 936598 955284 1154485 1181862 1309427 1370464 1336860 1437199 1345568 1341651 1457848 1579363 1692461 1589055 1419948 1362273 1361650 1422683 1398416 1254785 1137169 1034463 940512 784057 635389 494400 381030 295801 219197 156440 115457 88332 67711 46757 32648 23864 19716 17298 17845 17927 17127 16382 16585 14024 14724 14693 12649 12841 11703 12005 12011 10930 10651 11809 10953 10925 11780 11183 9450 9582 9200 9281 9721 10230 8965 10420 8637 9810 9559 8822 9644 11487 9859 10635 10105 10909 10190 9873 8880 9122 10629 12872 7262 6019 6426 6511 
-178 25957 155315 290055 336198 392871 445992 507277 525871 586575 630586 665603 789887 831804 964527 979562 1112597 1238710 1230154 1434376 1320837 1363088 1437161 1369321 1456095 1621565 1670556 1542062 1432616 1401883 1376128 1366918 1402159 1320132 1157892 1001808 888756 775684 645497 510913 394221 300133 221453 161340 114467 84723 65861 47040 32727 25302 20112 17182 17676 15500 16243 15271 15153 16178 13380 13526 13753 13820 12311 12327 11921 12150 12353 10812 11889 10897 10821 10190 9956 10320 10582 10125 9854 9719 10514 11687 9304 8909 8704 9251 9518 10231 10455 10011 9018 9717 9808 10971 9740 10992 10841 13625 8293 7048 7552 7256 
-189 30774 164407 290435 345299 402370 444098 503394 520605 561759 652355 671393 805491 843081 942619 1059122 1058501 1262891 1244062 1320269 1442832 1358581 1380744 1425298 1466339 1627349 1669767 1517094 1423724 1392198 1402438 1399799 1365278 1312100 1198295 1023206 863487 749245 633879 506822 411253 309746 226883 166273 117070 81498 64004 48538 33781 24998 20032 17334 16075 15463 15430 14039 14644 13924 13694 13592 14560 12437 13066 12282 11633 12690 11493 11410 11448 11045 10323 11122 12471 10652 10968 10874 10030 10177 11173 11321 9469 9807 8786 8873 10391 8772 10549 9805 9439 9041 8910 8910 9209 10393 11949 13129 8004 7654 10138 9765 
-193 34852 179800 297251 349006 402323 436641 486948 527820 555856 669926 706722 766176 890955 914213 1073303 1101572 1172290 1321588 1290687 1439973 1410442 1333700 1416507 1491785 1607868 1689196 1534172 1396625 1374236 1409923 1441951 1370177 1289317 1185189 1065941 884151 731064 610072 497122 413057 315397 233711 174240 120409 83598 62127 45519 35655 24939 20708 18579 15943 15919 13837 13181 13413 13989 14121 13403 11409 12675 12395 12490 13120 11717 10551 12214 11806 11715 11700 11049 12295 11072 10455 10694 11498 11274 11588 11315 10190 8905 9907 11374 10222 9983 9705 8724 8814 9987 8861 8076 8927 9341 11000 13152 9360 9009 8386 8216 
-202 38234 192988 305055 349446 384955 430875 475586 550739 568759 655471 750730 740194 903575 926230 1017005 1172131 1147618 1342491 1394922 1313050 1398092 1389810 1383437 1500080 1650803 1656849 1521415 1411361 1389730 1373919 1421957 1393816 1313903 1177523 1067507 918501 739694 600593 480806 399641 318127 239348 174360 126753 88765 62839 45671 34127 26075 20515 17794 16542 15467 14310 13675 12329 12653 12366 13402 12590 13300 12437 12320 11748 11315 10684 11791 10799 11319 11481 11639 11894 10696 11696 11081 11740 10868 11752 11667 10758 11167 9217 11084 10124 10877 11004 9562 8928 9665 8703 8754 8739 7714 12252 14158 8137 6805 6872 8343 
-202 44683 203833 295717 347427 377329 426684 482281 557070 602002 623180 775779 768040 836706 990802 979507 1158361 1272127 1274447 1392324 1355727 1353582 1387068 1374513 1482590 1692367 1657635 1500015 1411219 1398272 1372559 1398950 1394648 1328998 1201278 1065370 920656 762278 606654 479183 380014 306089 244248 172545 130911 95530 64451 47489 33805 25404 21223 18421 16844 14388 14273 13090 13286 12955 11623 11158 11522 13158 11691 12096 11962 11464 10412 11336 11179 11221 10805 10496 12682 11063 10938 12136 12125 11675 11782 11685 11406 10892 9950 11287 10415 11165 10019 9400 10052 11386 9077 8472 10065 8134 11241 13176 7773 6614 7699 7534 
-194 45421 203200 292898 337427 383038 434320 492776 541375 631835 636342 728912 827072 809974 973019 1038901 1127953 1310095 1276636 1334273 1424550 1351876 1325956 1406666 1469982 1688374 1684796 1495268 1384325 1363923 1398517 1428094 1391941 1325128 1211710 1076506 919471 768813 629988 485229 371309 298253 230896 173580 135141 95596 70678 48256 33409 26599 21069 18429 16836 15193 14313 13731 13111 12104 10421 12186 11170 12083 12260 11835 10989 10593 12870 10713 11150 10354 10460 9382 11198 10937 11636 12246 12102 12050 12063 12437 10886 11802 11575 11084 10983 10349 10676 10192 9153 9475 11160 10937 9012 9323 12474 14610 7993 7074 6700 7056 
-298 57557 204766 284788 340732 400339 444238 489965 539871 631550 663386 687813 842539 845699 932351 1110691 1133268 1219365 1355112 1351268 1355515 1372262 1345433 1403033 1493797 1634911 1654115 1492132 1393767 1363148 1370703 1419152 1426171 1341065 1216295 1087094 920639 782094 641197 490478 380921 290444 219056 174915 133167 96650 71378 50738 36454 27166 21449 17580 16500 15287 15387 13269 12803 12707 11460 11633 10984 10612 10699 11777 10560 11353 10875 11307 11521 11339 10665 11030 9197 10552 10892 10523 11103 11703 12347 12155 11016 10577 11476 11697 12101 10366 11073 12184 10505 10688 10046 10140 9523 9838 13365 17359 9074 7183 6858 7485 
-205 51112 196660 295295 353081 407930 445925 489850 543576 612853 687808 687684 814734 903354 948274 1095805 1143891 1204640 1347892 1379981 1341504 1384565 1366503 1360423 1502608 1611726 1603275 1487549 1422762 1388621 1367411 1399337 1406182 1363290 1252883 1087737 933834 783381 642938 503462 393874 287384 216366 171496 130702 94877 71754 51971 35902 28131 21424 18548 17318 15690 13747 13528 14173 12176 12496 12313 10760 9904 10792 10720 10613 9823 10164 10953 10275 11928 10906 11865 9944 10858 10170 10119 9994 11015 11420 11871 10509 10845 11469 12466 11649 10343 11791 11005 11630 11488 11107 9713 9938 9224 12173 13527 8678 7516 8850 9807 
-212 48251 201840 309479 360707 408023 448212 485638 548747 600513 689147 721938 786757 952843 963025 1057209 1168202 1241416 1259065 1383885 1424899 1344776 1372377 1366962 1473250 1606836 1590918 1487984 1406079 1371440 1385122 1413936 1395952 1354478 1260825 1111415 954555 788059 636886 517052 400462 294347 219798 173229 125830 92932 70472 51626 35724 29003 22906 18607 17264 16346 14644 13356 12729 11735 12502 11664 12185 10717 10973 11292 9547 9602 10164 10291 9777 10211 10686 10987 11146 10728 11168 11185 10369 10794 10476 9449 10559 10187 10026 12491 11841 11524 11032 11631 11296 11096 11237 12000 10262 10386 12390 14501 8259 6936 7833 10108 
-216 54468 214741 317335 356661 406910 450910 491483 551733 592479 683740 766330 785367 944930 990138 1042613 1181505 1232158 1283487 1364467 1408947 1353036 1369985 1393101 1447014 1581409 1590133 1509232 1416955 1366518 1356535 1390594 1426474 1353095 1256683 1124313 967979 805328 646297 517142 399732 308082 231836 170337 127603 91851 65760 49202 38480 28500 21444 17987 17722 15773 15809 14869 13542 13352 11573 10354 11182 12298 11401 10135 10445 9970 10404 9370 10989 9698 9321 9713 9422 10698 12963 11681 11656 10920 10654 9684 10226 8972 9676 10218 10335 11742 12031 10371 10980 12671 11508 9932 11149 11400 13689 15280 9644 7819 8946 7468 
-183 53484 227675 315982 357675 407177 451574 500845 549108 609316 673905 800873 797754 884169 1046396 1048286 1145666 1249792 1363596 1321990 1337744 1382048 1344088 1407447 1442070 1565440 1600447 1515540 1417560 1379090 1380158 1382903 1375996 1350885 1284975 1139531 962937 819910 666583 516579 402375 323027 242093 169193 126325 94101 64286 48259 37766 27418 22273 18633 15966 16318 15853 13768 13412 13737 13256 12127 10377 11408 10029 10357 10965 11217 10227 9399 9556 9958 9756 10339 9322 10166 10906 10858 10744 11053 11490 10078 9674 10926 10623 9941 9401 9729 9840 11128 10446 11825 11010 10419 10711 10957 12316 13635 9552 10283 12492 10377 
-236 60463 234819 312745 357806 409382 457078 511405 556489 620830 671321 779999 848798 850090 1043706 1068905 1158282 1253569 1328113 1360427 1320979 1384773 1323265 1377708 1465838 1568461 1617828 1530049 1399284 1349320 1392882 1422548 1368539 1298848 1264174 1166811 980744 820605 671162 540406 413242 325942 246342 173247 126473 93560 70244 48279 34156 26782 22254 18658 17350 15346 14099 13406 13174 13555 14156 12220 12219 10939 10417 9919 11251 10113 8897 10145 10906 9122 9674 9794 10415 9275 10814 10705 10146 10214 9533 11270 11463 10959 10213 9660 10193 10230 9881 9811 9486 9887 9427 10853 11541 10598 13309 15829 9362 8179 8465 8917 
-238 62924 237552 316284 356625 416031 466291 520715 570879 623304 672990 747594 894893 855849 969541 1131625 1188200 1223942 1272483 1421071 1324120 1326820 1355264 1348574 1458852 1598432 1617663 1502066 1422288 1379971 1362937 1403418 1428911 1309088 1201932 1134310 1013555 828889 676590 555231 430683 323204 247396 183088 126578 92497 72977 49701 33880 26174 22125 18721 17671 16403 14664 12349 13268 12431 12156 12258 12808 12211 11264 11173 10788 10457 8736 9885 9761 10145 8843 10766 10936 9072 10279 9600 10629 10060 8930 11423 11415 10271 10354 10974 11232 8558 10027 9699 10155 9552 8947 9356 9943 11106 12821 14958 8823 7890 8043 10643 
-271 62850 234856 317899 368866 415963 478971 530286 578544 615558 685746 734845 863720 919523 947315 1122083 1178767 1273001 1260058 1306872 1388134 1337202 1380481 1373142 1438946 1576655 1620528 1512584 1409694 1382838 1373945 1378750 1402706 1372135 1223715 1085052 981307 848262 703735 560368 435681 326262 251522 182327 133429 95747 71345 50618 36564 27606 21915 17876 17339 16135 15216 14240 12260 11348 11682 11823 12263 11437 10787 10118 12389 11110 10313 10108 9951 9148 8520 9047 9904 10806 9978 11215 10497 9946 10931 9328 9146 8736 10399 11644 9844 11501 10944 9889 9959 9371 9472 8690 8868 8803 14410 15340 8318 7502 7255 7134 
-211 57976 236688 323442 375272 424322 482912 533447 577463 626846 698273 728066 804901 983294 970833 1078403 1164765 1268131 1295514 1240987 1432171 1379377 1362682 1403799 1437858 1542419 1589743 1559065 1427462 1351584 1391074 1403559 1376275 1338960 1276438 1105085 942161 836617 722817 566097 436174 330913 246043 189648 141784 98196 71662 51494 38173 27611 21964 19646 17062 16242 13542 13475 14350 12836 12012 10239 10173 11927 11194 10611 10280 11047 11251 11137 10333 9308 9637 9429 9641 8697 10180 9633 11442 11179 9892 9704 9900 11021 8339 9180 9883 11856 10248 10195 10549 10659 9624 8893 9103 9337 10593 14125 8058 7888 8041 9310 
-221 62699 240183 333082 376499 431247 489801 522808 590132 637952 673339 764399 793149 944862 1021473 1055240 1131452 1171015 1396564 1345297 1348273 1405473 1355532 1395383 1438990 1528595 1581873 1555157 1469900 1386979 1361875 1379201 1391235 1317443 1265467 1143309 972645 830264 693233 560964 444374 337068 247081 188151 145659 103545 74500 51925 37926 28857 23936 21607 17363 15904 13997 13474 13751 12456 11190 11951 11664 11237 10752 9766 10796 9847 9201 10762 10467 10774 9828 10851 10450 10261 9691 10286 8349 8955 9849 10768 10203 9486 10014 11267 9586 9025 9902 9578 11779 10513 9503 10181 9182 9587 11576 14467 7876 6644 7007 8120 
-277 66390 243670 336890 384265 433726 485867 537808 575920 650862 671744 782610 808670 876103 1053242 1021826 1141833 1194987 1345460 1430453 1317455 1405690 1379549 1377591 1432430 1486751 1614257 1585368 1449425 1430614 1380883 1347067 1349211 1329097 1283992 1140353 1014827 841324 662302 543992 440449 340509 253291 189718 145977 107896 77595 51820 39370 29812 24283 21875 17557 15692 16343 14263 13447 11744 11300 12256 11633 10218 11218 11005 10004 10163 8943 10565 9267 8935 10082 10654 10759 10697 10847 9817 10650 9670 9177 9689 9605 8716 9284 10458 10978 9742 10790 9352 9688 9033 10246 9807 11141 9241 11991 15623 8425 6950 6417 6504 
-176 49900 241573 343659 386007 438144 478875 549919 562043 655091 708112 739621 862270 834072 995780 1053279 1182250 1288774 1183354 1423951 1429220 1381150 1394165 1359350 1436101 1482070 1573622 1640357 1494881 1406132 1370664 1373790 1345645 1332555 1279953 1161228 1026858 832094 668836 535112 424915 335810 260414 192077 143673 110643 79649 52771 39237 30736 25296 21112 18609 17584 16054 14657 15176 12854 12376 12534 11486 10709 10980 10292 8831 10041 10578 10167 8805 9160 9948 9301 10546 10180 10769 10828 10243 10616 9478 9642 9269 9952 9202 9406 8771 9907 11393 10380 10260 8935 9090 10191 8739 10546 12999 13309 8483 7554 6866 6140 
-273 54487 245332 339792 388546 441549 485671 529825 590524 642438 726469 723872 847098 851088 913648 1172199 1155529 1271018 1248477 1289420 1470047 1415166 1407603 1400818 1427411 1460501 1563305 1602146 1535880 1427951 1367670 1379278 1396866 1337255 1250734 1181113 1007530 832034 682952 530805 416096 335086 255201 192063 142555 112921 81365 56196 37763 29196 26095 22422 19485 17868 16301 15511 15040 13713 13666 12077 11203 11488 10444 10074 9298 10662 9619 9527 9870 10157 10225 8615 9812 9261 10783 10191 9870 11481 9839 9664 10055 10350 9038 8942 8415 8781 9884 9802 10425 12010 10082 8548 9608 9538 12376 15144 8073 7510 8117 7874 
-219 56561 241641 345858 389523 437934 491161 531385 613295 619309 711177 747335 773522 950390 912638 1141271 1182930 1173054 1343315 1270225 1406403 1455276 1415246 1462315 1430833 1448750 1518884 1560550 1540685 1498221 1415733 1391989 1380658 1355807 1259672 1132862 1004708 845790 681337 536000 423640 326337 253022 185890 142650 110507 81165 58330 39576 28980 23926 22589 20621 19450 17672 15545 14315 14211 12663 12265 13592 12211 11520 10264 11008 10481 9610 8644 8609 9085 10305 10172 10340 10311 9777 9332 10310 9814 9840 9394 10263 10879 9384 10001 9835 9400 9627 7974 8769 9346 10507 10363 10325 10594 11394 14237 8060 6636 6848 8055 
-231 55656 242268 348220 397385 433933 499478 541414 589360 625621 669859 780801 776791 960185 992677 988119 1251833 1174069 1306497 1361506 1273911 1466716 1507612 1487808 1425727 1407115 1480797 1570185 1545685 1555392 1512784 1395233 1349463 1339339 1278657 1112686 984667 850908 685335 545196 420485 323920 250662 190209 136494 102883 81122 59082 42970 29410 21328 20897 20036 20064 19080 16419 14501 14073 12973 12563 13918 11102 12794 11156 11039 12249 10882 9832 8522 8502 9067 9410 10147 11285 10665 9956 9351 8690 8664 9698 10236 9291 10725 9423 8898 10033 11018 9869 8841 9128 8747 7900 8735 10574 11191 17048 9361 8337 6792 6254 
-255 55160 252840 349113 390860 449665 499893 528980 560893 646405 650042 790367 860463 860597 1050191 980607 1175577 1296649 1227651 1331494 1289505 1455179 1593807 1482075 1411712 1428313 1465055 1498965 1549822 1692453 1543830 1366063 1359925 1321681 1252064 1129389 986679 827690 694167 553697 419497 320941 250522 192434 132982 97951 75800 59601 42594 29730 23354 20446 17823 18464 17200 17080 15888 15921 14692 13205 12775 12687 12137 11863 11620 11810 11115 10337 10583 9251 9478 8838 9259 8762 11338 11146 9752 9473 10454 9486 9144 8648 10017 8816 8644 9580 10044 9974 10160 9612 9903 9127 8975 8303 12654 14765 8145 8044 8609 8902 
-218 49194 245536 354382 394201 446579 487312 529882 544805 635028 699632 767146 912435 812144 997834 1110801 1072759 1292422 1254631 1266090 1417809 1416448 1499459 1494757 1451440 1468516 1496450 1510858 1562033 1628451 1586051 1419904 1353982 1317147 1233957 1121236 989329 830646 685463 553191 426627 324098 245847 188799 135004 96086 71873 54308 40758 30564 24532 20998 18917 17898 16099 15521 16300 15590 14674 13418 14030 13621 11839 11866 11305 10969 11079 12122 11474 10396 10430 9815 10502 9644 9094 9773 9768 9977 10366 9591 9547 8242 9009 8642 9769 10919 8169 9202 9850 10324 10603 9484 7917 9072 11566 14628 8439 6066 5044 4473 
-223 53990 231790 353012 399270 440862 465272 524096 566142 621148 750715 748295 850677 924754 900795 1149878 1098339 1145405 1387650 1351447 1389690 1332684 1401492 1525456 1489742 1484696 1625071 1635561 1475711 1475012 1594488 1511454 1348817 1341847 1229292 1111620 985844 830930 677636 544651 434585 325219 247115 183537 137141 93933 70400 51586 38198 30367 24254 20990 18379 17382 16543 14947 15271 14902 13611 14818 14039 12550 13756 12115 11112 12882 13255 10705 9765 9904 10955 12240 11287 10424 9813 9530 8859 10207 9541 9681 10317 9387 9319 9284 8272 9215 9935 9620 9185 9141 8862 10430 9536 9042 11398 14873 8138 7098 6964 6953 
-299 48162 231499 355352 381683 433104 474713 507987 605552 639620 704704 772414 788546 1011318 924883 976681 1211092 1176743 1372279 1384817 1286543 1361532 1383346 1454480 1593191 1615658 1631246 1609792 1523015 1490577 1506197 1491533 1405944 1328549 1242242 1130746 981963 817400 665797 548001 431907 329722 248372 182015 133181 95479 69451 48661 37198 28289 23825 20434 18396 18264 16517 14752 14192 15000 14790 13826 13684 11818 13023 11632 12934 12619 11580 11878 11769 10720 10573 10103 13024 11523 11517 10714 10658 10098 9398 8588 8196 9031 10111 10676 9359 10027 8893 7773 9593 10818 8083 8978 9023 8487 14263 16152 8455 6705 6188 6562 
-268 44025 223063 346066 378378 424939 490236 522922 597990 668144 654018 804142 814658 895973 1042683 923095 1191447 1321926 1196374 1331845 1384612 1404257 1379277 1398564 1641565 1696849 1508911 1589265 1673855 1542978 1434940 1431251 1398762 1320544 1275629 1164737 975458 813012 660380 538217 428789 333255 250876 181313 132713 93258 68879 50487 36367 26985 22796 19860 17838 16815 14955 16411 15000 13221 13771 13820 13547 12511 13217 12281 11887 12106 11547 12056 11912 11834 11409 11705 10691 11495 11701 11782 10756 9383 10459 10452 8839 9030 9794 8822 10077 10144 9718 9186 9272 8711 8797 8726 8870 9461 12815 13515 7838 6849 7472 7050 
-229 44165 219138 332028 384561 430697 493144 556293 562771 673613 693834 746119 860354 815823 1041007 1096731 1051757 1251978 1202077 1340352 1456567 1413943 1438023 1449869 1506296 1618854 1567433 1728211 1707711 1490312 1448649 1413989 1380780 1330188 1273587 1169795 976279 825388 665126 527190 424929 337617 245851 182750 132028 94638 68077 50240 36279 26660 22300 18911 18312 17368 15056 14115 14572 15229 13478 13527 13254 11693 11823 13329 13114 11747 11388 11373 12031 11039 12322 11934 11717 12169 11706 11797 11361 11397 10227 10809 9771 9360 10384 10835 8359 9415 8967 10156 9916 9118 8904 9495 9252 9331 12212 14726 7858 6623 6732 6722 
-226 45032 224168 332328 387848 446275 493232 545730 579597 639735 750954 695375 843999 885124 938747 1172861 1040667 1098979 1367859 1355135 1420525 1467589 1440179 1486252 1415773 1485419 1774101 1804455 1598093 1489665 1477588 1439311 1416852 1340740 1226595 1134264 991516 839583 668127 533506 424525 329074 246238 178815 133410 97827 68247 49677 36798 26565 22657 19158 17837 15799 15650 14119 13238 13684 13035 12675 13825 13442 13066 10749 11207 13197 11688 11702 11043 10837 11565 11100 12637 12667 12690 10651 11467 12121 11587 10341 10285 9914 9802 10583 9520 10801 9765 9467 9704 9093 9915 8507 7599 8202 11595 13687 8256 8298 7822 8594 
-306 39961 204067 336600 397649 448441 485302 531366 614406 625413 717015 733803 794144 958636 923267 998798 1186086 1142139 1331626 1349132 1349261 1591160 1479127 1382586 1398867 1561073 1825358 1705025 1630089 1595798 1417562 1403051 1459817 1393736 1218059 1081142 981433 825526 689092 551242 413640 330991 246660 172741 134035 99246 69540 50326 36094 28152 22714 20156 17787 15523 14718 13681 14347 13186 12819 12171 12172 13621 11214 11778 13288 12545 11162 12446 11735 11180 11618 10850 10624 11235 12287 12406 12506 11670 11418 10651 10822 12841 10000 9976 10299 10336 9940 9725 9391 10222 9510 9996 8578 9770 12467 16973 8756 6768 5960 5777 
-280 27463 195378 345719 392172 433519 501865 536347 591320 637768 674780 814374 783657 871650 967933 934028 1230743 1259610 1159785 1404382 1460830 1503869 1475493 1369630 1518839 1623816 1634270 1715476 1721048 1581427 1461204 1401319 1388167 1413946 1302976 1071918 936867 802783 698037 565420 423289 326167 247581 177360 129414 97509 70598 49879 36782 28447 23023 21558 17368 16670 15692 14855 14734 13585 12842 13141 11126 11495 11576 12421 11178 12586 12071 12569 11636 11553 9859 11374 11289 12287 11348 11345 10581 12014 11880 11237 12086 10904 11405 10533 11242 10345 10516 9175 10148 10923 8963 10069 10100 9883 14917 15333 8248 6495 5943 5721 
-264 41686 205338 327742 398405 434838 500062 543461 562026 653660 702544 779875 821819 769489 995006 1070491 1061607 1270145 1215922 1428020 1537488 1320312 1478204 1549334 1561945 1584993 1550227 1729654 1729013 1521779 1527726 1481294 1347734 1341698 1312786 1123977 931945 793172 687516 554569 434249 333452 248376 182287 128288 95304 71876 50984 37988 29270 23120 21283 19565 17487 15242 14623 14238 13473 12220 13948 11469 12385 10734 10499 11925 10622 11855 11628 11248 12356 12475 11205 10767 12173 12324 11153 11082 11211 11658 11163 10307 11720 10710 11242 11500 11747 11582 9992 10468 9822 10083 9172 9147 9820 14889 15736 8616 7170 6735 7080 
-214 39734 204883 334343 397083 450521 470217 528166 604922 627336 745214 715147 815217 841264 918253 1113153 1015047 1199882 1426528 1315329 1473950 1451909 1445650 1579825 1545698 1627677 1644537 1610093 1644982 1580870 1537087 1504223 1445253 1300620 1215144 1145521 972116 810629 668148 538330 436829 337655 251967 188049 134468 94756 68894 51243 36868 30298 23704 20498 20103 19327 16094 15555 14831 13446 13168 12430 11883 12449 12262 11397 10070 11032 11032 10918 10853 10564 12668 12737 11589 11978 11723 10830 12190 11984 10657 9923 10955 10979 10936 11272 10832 11253 10539 12519 11508 10254 10904 9675 8750 8245 10933 15138 10086 8365 8513 7440 
-232 55102 217981 342237 390139 437390 473634 524566 626793 624900 698131 738089 776939 945371 859567 1001808 1168894 1152741 1414038 1358937 1340461 1592357 1492179 1526155 1566120 1624175 1749821 1561761 1533695 1618533 1582297 1474899 1440716 1361432 1197019 1099583 989580 823626 672442 534248 433783 333518 255996 191624 138846 98288 70357 50692 37681 28623 25451 20867 18518 17495 18153 15405 13941 15618 14467 12475 11978 11541 11618 10640 13025 12036 10145 11101 10118 10143 10979 11612 11874 12154 11749 12375 12299 11195 10670 11099 10542 10124 10808 10957 11121 11750 10501 11878 11064 10710 10939 11181 11049 10135 13031 13008 7636 6734 7558 8436 
-263 62308 224957 338650 390962 418647 501485 529023 595806 638964 644499 802566 790172 869484 933021 929107 1241286 1229684 1191672 1476955 1361325 1468798 1618518 1565200 1617076 1592813 1693291 1614657 1513535 1606700 1590897 1463083 1406078 1360992 1251147 1109130 941419 814046 691450 548602 428875 339816 252944 188331 140173 104725 71978 51349 37999 28313 22479 22249 18812 17550 16893 15753 15317 16221 14595 13952 13535 11455 12282 11470 11091 10848 10925 10086 11448 11497 10401 11159 10341 11587 12680 11806 12894 11887 10889 11391 9915 10057 11224 10131 10911 11705 12480 10002 10155 10468 10982 11585 12469 10707 14147 15655 8817 7221 6330 6090 
-271 61627 233231 335751 385599 443041 492246 527795 555308 659015 684498 751857 821567 799778 1004809 1016859 1066059 1310776 1224506 1342990 1471838 1351346 1617517 1716214 1684230 1640008 1574535 1590110 1556596 1617172 1548304 1464001 1408869 1344620 1252025 1119195 960095 790850 682665 572712 434609 343874 249400 188370 140033 104650 77593 53900 38267 27712 22886 20925 18078 17015 15459 16080 15498 15282 14919 13734 13256 13751 12265 12462 12494 10859 10342 11194 10820 11119 11312 10864 10939 10273 11893 11527 11861 11605 11757 11272 11524 10379 10183 11714 10662 10289 9729 11653 11803 11073 10359 9754 10241 11033 14868 16663 9696 7827 7274 7611 
-268 67305 238472 342464 392883 448441 478233 513508 562079 648650 737424 679354 825873 871074 950136 1094604 997721 1240502 1385838 1208503 1439140 1448081 1501363 1823530 1747530 1632867 1597919 1539993 1535164 1625227 1573528 1459553 1383221 1347615 1246109 1100009 984656 819506 653655 573298 459514 336106 254039 189987 140175 105506 77121 58054 39139 29480 22697 20646 17868 15717 15271 14771 16082 12979 14510 14562 13338 13690 13076 13146 12747 12532 11154 10418 10613 12329 10587 10226 11247 11331 11320 11636 10370 11296 12871 10935 11200 10740 10406 11609 11603 10821 10519 9892 10510 10177 11599 11463 10748 9487 13940 15158 8691 8483 9841 11802 
-263 58537 229824 354459 398485 429191 469345 506317 600929 632715 711572 703352 806201 939983 895880 1062954 1132729 1095635 1360850 1358186 1295549 1511188 1529659 1767794 1753197 1672029 1672738 1529561 1519037 1597814 1582319 1475827 1387388 1304395 1243807 1121748 966143 837782 681860 553165 457807 347254 257299 190690 141013 108201 76341 57919 39305 30110 24323 21288 17166 17292 15109 14933 13953 14126 13321 12613 13776 13069 13146 13369 11903 12461 12483 12353 11304 10527 11319 10276 10927 11705 10651 12737 12360 11340 10497 11322 10820 11005 11710 11754 10490 10805 10312 10680 10113 10620 10393 10566 11435 10385 15388 16787 8856 7566 7375 8147 
-257 50767 238530 357205 382722 414872 488495 521695 602094 612424 672965 794876 772902 894150 971812 981842 1175295 1162089 1194640 1473265 1368886 1420614 1546756 1658167 1781251 1723590 1709966 1533652 1507337 1605104 1582806 1448081 1409828 1292536 1214471 1155064 963008 833681 703425 548077 440740 347942 273205 195021 139969 107744 81103 57205 38899 31511 25090 20637 17815 17078 15813 15114 14071 12679 13519 13387 13074 11330 11907 12969 12544 11532 11711 12468 12343 11842 12750 11711 10146 10525 10867 11731 11193 13566 11117 11582 10311 10214 10539 11754 11752 11373 10946 10842 10998 10221 10637 9582 10049 9717 13587 17210 10724 8293 7392 6478 
-301 56333 240456 338475 383212 420245 502968 537449 561708 652542 675938 761671 794412 836925 1014809 1020729 1080789 1248580 1218382 1420438 1491567 1337665 1470862 1643424 1763996 1774160 1715585 1561635 1497055 1608805 1617644 1421042 1349386 1341787 1221865 1143002 978858 837453 690967 558226 435331 345098 274368 207687 144719 107132 77767 58812 41202 31608 24702 19842 18662 17606 16125 15576 14781 14354 11978 12579 11848 12968 11146 11252 11121 11350 12594 11061 12141 12426 11045 12979 11452 11632 11474 12239 11629 11086 12347 10855 10162 11319 11591 11497 11436 10822 10566 12393 11512 10390 10327 10354 11113 9383 15104 16354 8466 6983 6559 7292 
-268 41161 213307 348708 390377 442829 494559 533703 563661 656143 689177 698297 809657 875321 951044 1087497 1071819 1263254 1366849 1289236 1459918 1387699 1396941 1602970 1759526 1791504 1737081 1606402 1514401 1567677 1620994 1455453 1334718 1339683 1255902 1120258 997667 833556 678738 566366 436477 349047 270138 210982 156119 105607 78022 59296 40164 29573 25923 21391 20224 17259 16376 15175 14150 14619 14630 12934 12546 10573 11281 10879 11422 10814 10124 12710 11537 11816 10695 11325 11873 12610 12211 12138 12069 11667 10022 11070 11397 11659 9807 11942 12106 11443 10600 11376 11663 11883 10673 10994 9774 10050 13064 16285 8907 7405 6941 6711 
-235 44950 214308 354985 412642 448066 473232 532954 585157 622707 673248 730962 782135 893034 939011 1088120 1162934 1254708 1392285 1285693 1335144 1470140 1423550 1493306 1752094 1802160 1751635 1625510 1508890 1565583 1561929 1521223 1402719 1320049 1257289 1105816 995666 834104 685161 553598 447388 359085 267782 205414 157067 114632 79079 55997 40950 31063 25790 21828 20489 18172 16282 14668 16520 14700 13366 12932 12497 12341 11307 11391 10951 11186 9787 10796 12408 10006 10728 10761 11732 11375 13548 11964 11259 11248 11991 11924 11572 10077 10062 11020 13314 10863 12275 10859 11803 11573 11654 12104 11121 10102 14521 14516 8191 7516 8818 9101 
-226 49018 223059 383484 404162 426316 491283 526885 579867 599583 662796 754713 784255 874841 968261 1119400 1235459 1183816 1336281 1396612 1298690 1464993 1468301 1429698 1651761 1837512 1772026 1644242 1504395 1510537 1549854 1563160 1482338 1330550 1256925 1087834 969777 850810 687826 559796 447931 358044 278779 202174 151459 116301 82685 57758 40945 30666 25859 22986 20119 16916 16657 17255 15475 14223 14825 13748 11729 12755 11690 11485 11646 11405 11543 9772 9638 11261 10028 11477 11375 10701 11421 12352 11708 11318 11287 10631 12083 9940 12122 10695 10868 11758 12418 11556 10512 11138 13896 11733 10659 11004 12503 15957 10160 8579 10121 8555 
-263 54264 246535 365601 395298 429991 493080 520938 544342 629959 666073 727448 801787 899237 1039495 1071165 1209625 1219274 1236672 1485655 1412202 1352972 1454223 1479915 1563839 1786517 1817433 1679821 1504532 1430099 1562965 1592990 1499140 1395756 1238958 1108108 948009 834376 703004 566677 445316 354911 284293 206100 145361 112625 86993 59585 41047 29900 25649 23889 21025 17840 17190 16721 15618 14837 14428 13775 13697 12979 11817 11144 11574 11864 11677 10405 11140 10366 10192 9411 10624 10275 11044 11384 11881 11071 10593 12434 11428 10663 10270 11700 11725 11360 10577 11591 11642 11937 10620 12262 12462 12031 13614 17797 9309 8806 8637 9148 
-282 47829 230373 351774 412116 436531 459169 518473 556187 632005 674488 711286 840536 935781 1045500 1030688 1118764 1299252 1283243 1365720 1524564 1418425 1373546 1476322 1564177 1721042 1802752 1691863 1554043 1466740 1491640 1578358 1506953 1415799 1268383 1135344 953783 820284 705277 569516 455154 349339 284975 207300 149022 108675 82002 63072 41727 31432 25482 22711 20816 19633 16727 16975 14858 15529 15032 14064 14288 13221 13476 11207 10538 11716 10718 11110 12060 10995 11688 9594 10955 10941 10068 11014 11098 10802 11552 10519 9954 11137 11660 9684 11047 11112 10902 11306 11117 11395 12023 11474 11890 11123 14644 17985 9699 8586 10507 11108 
-229 43025 221608 367499 403296 430990 448495 522234 570796 612759 708281 731653 873607 934497 954194 1073950 1098180 1280393 1366434 1295852 1478152 1539799 1411713 1418170 1557949 1667989 1773092 1702296 1613238 1519886 1463936 1521868 1488221 1414458 1304022 1168584 983018 826657 694432 568669 460765 353123 275204 209995 152377 110068 81656 58660 43427 33059 26095 22391 19893 18060 17374 17882 16868 15438 14131 14839 13608 12833 13041 13539 12322 10709 11922 10881 10975 11943 10108 11531 11278 10923 10987 9766 9977 12612 10812 10154 10166 10783 9627 10853 11264 10289 11268 10449 11027 11288 10448 11668 10928 10416 15342 15306 9510 12187 9478 11763 
-261 54300 234782 361851 386824 421890 472048 508746 586160 629185 724154 776600 818678 929466 921550 1086527 1178268 1168619 1352344 1419159 1402585 1505692 1531755 1454685 1452766 1612324 1762765 1758213 1613868 1551466 1475125 1442585 1482205 1417124 1319046 1171829 1019167 855243 688870 580123 458703 345022 277988 207861 153356 112057 80429 58078 43647 32691 27186 23074 19814 18281 18304 16847 16098 15433 15949 14776 13441 13367 12785 12336 13375 13817 12142 12427 11154 10247 9844 11015 12048 11495 11796 12097 10845 11361 10178 9523 11244 10064 10374 9392 10947 10633 10458 11080 10097 10410 10634 11899 10537 11122 13816 16337 10283 9912 9909 11012 
-294 59344 233043 337447 401576 430570 471272 518583 606015 667141 696144 781529 788396 899470 990071 1041322 1167742 1221842 1276154 1412910 1481841 1490387 1542688 1470513 1413887 1583164 1725644 1819708 1663980 1502983 1463653 1433785 1460820 1416976 1317062 1184848 1016826 870263 722305 588912 448521 343971 280009 205606 153336 113423 81233 58355 41979 30909 26715 24656 21092 18451 16733 16336 16497 16581 15016 14680 14522 14283 12838 12007 12566 13341 12090 12088 12856 11465 12320 10840 10991 11059 11818 11443 10584 11282 10849 11817 11054 9255 9626 10120 10462 11769 10052 9687 10540 9212 11183 11210 10295 10091 12993 17956 9626 7736 7811 9895 
-229 48686 224497 338682 413347 440598 471104 556988 616108 650117 675983 763334 813429 885684 1004907 1032623 1152710 1273807 1264766 1344657 1560086 1539225 1441232 1465787 1475788 1540898 1696092 1856514 1705019 1467184 1443186 1455562 1428064 1412235 1333047 1177886 1024308 870792 730172 589730 469130 352166 270950 206300 151882 114275 81149 58591 42175 30619 25219 24609 21229 19720 17743 16778 15682 15890 15164 14192 14125 13374 13403 12937 13384 12646 12512 12547 11848 12605 12874 10996 12466 11204 10886 11080 12739 11142 11325 10493 12100 11046 10014 10717 9239 10066 11572 10973 9445 10584 9181 10326 9828 9277 12539 14977 8924 7887 8470 10366 
-250 46805 230977 352679 399521 460173 506717 552160 606453 628211 656676 780783 833018 868863 969515 1079406 1154651 1213726 1330093 1411390 1454720 1554359 1465166 1443483 1514266 1528492 1683853 1850925 1701271 1509947 1435075 1451741 1434018 1398984 1339957 1162609 1039722 879594 702926 589399 487825 370667 268367 202208 155197 113543 82413 57572 41007 32980 25512 23039 20591 19452 17399 17838 17826 15380 14062 13577 13560 14708 14833 13372 11991 11606 13007 13296 11519 12413 11860 12862 11330 12732 12073 11034 12958 10989 11678 10728 11145 10792 10156 11206 12017 9788 10254 10485 9194 10749 11263 10554 8403 9663 13421 14454 8473 8145 6566 7192 
-224 60776 229220 345807 423260 469254 522755 532314 567096 648516 666857 759286 848608 857758 984848 1079957 1132201 1255004 1338817 1447695 1396420 1476975 1569789 1451878 1514069 1569812 1657385 1775245 1695061 1549198 1462950 1464956 1451067 1378951 1300769 1183453 1042473 863783 701264 587378 480859 376004 287382 205456 154816 114263 83945 59664 41810 32204 24999 22051 20166 19147 18385 17777 16461 15328 15926 14563 12740 12415 14014 13823 12907 13127 12821 11964 12140 11948 12777 12470 11694 11806 12979 12722 12949 12243 11454 11646 12101 10885 9892 11425 10222 11249 11830 10261 10151 10385 10947 10598 10611 9807 13909 14831 8012 6511 6239 6902 
-246 58090 232742 356852 435308 478560 493115 529823 558662 647647 698090 709324 863432 893925 952186 1086211 1136780 1283877 1333654 1363286 1506832 1436797 1542868 1528538 1478075 1604078 1650389 1703703 1693658 1578731 1526976 1484384 1456740 1365638 1269896 1208362 1028928 836344 717458 591731 461454 365190 301325 221203 158699 113548 85172 59750 40621 32800 26033 22146 20600 18232 18659 16086 17197 15974 14641 14192 15092 13642 13787 13029 12096 12013 13329 11129 12753 13678 11443 11622 10951 12910 13268 13184 13314 11844 11198 13109 12007 11053 10883 10909 11244 11767 10269 10903 10442 9906 10755 11370 9654 11278 12661 15466 8517 7798 8375 7187 
-274 69768 255468 368044 423322 460797 485892 533369 574308 620174 716464 724996 816630 947352 919899 1088721 1202220 1188806 1360878 1339372 1510300 1554716 1469147 1541031 1521074 1542086 1662566 1690201 1704244 1616798 1547337 1493630 1433236 1396707 1287082 1162373 1015707 853144 712885 576392 462141 364074 288346 227519 169390 122434 83335 62281 43582 32897 25134 22010 19468 17846 17506 17409 16905 15197 14937 14817 14315 13611 13794 12905 13424 11072 12985 13053 12088 11156 12382 11923 12443 11172 12682 13325 13281 12000 12085 12743 12362 11656 11945 11249 10908 12398 11160 11404 10538 9159 11055 11187 10648 10039 13906 15834 10199 8572 8522 8857 
-274 79291 264651 357469 413003 440800 507695 541028 573788 606545 701574 788136 762019 928683 1008816 1016261 1217208 1184431 1304551 1425735 1427745 1640848 1542491 1470520 1529911 1528853 1629954 1733625 1751420 1630395 1490121 1489052 1478793 1400269 1287144 1122683 1008792 876676 687675 566986 470172 359862 282493 218087 175509 129965 89251 61990 45448 34080 26228 22162 19005 16970 17879 16659 15402 16679 14558 13262 14783 14980 13153 12701 12138 12470 13238 12416 11736 12289 12047 11792 11674 12217 12373 12796 12994 13102 11087 12529 12318 12620 12069 11632 12385 10889 11390 11181 13812 10186 10402 11282 11016 10163 13177 17390 8993 7440 7274 9020 
-293 71808 259996 352563 401106 453841 512111 538249 576892 621204 673178 797428 809737 839760 1076948 1010637 1108662 1303598 1225795 1452952 1495914 1561117 1608920 1469452 1497878 1572546 1591420 1763616 1785117 1624319 1483057 1492231 1508221 1386554 1264347 1127368 1017595 848278 692513 575980 454906 355901 276756 220959 172480 128096 94795 66322 47069 34341 27567 22722 17964 16960 18140 15270 14908 14667 14989 15023 14644 12919 15875 12136 13711 11782 11272 12760 12354 11699 12693 12486 11667 11662 11072 12234 11927 13694 11896 12362 12624 11790 11664 11436 13973 12303 11169 11615 10434 10486 12100 12603 11943 10844 13377 16291 9116 8292 7941 6845 
-236 74713 260735 352205 406802 461851 505692 544895 575486 633684 676861 736552 891655 840855 955006 1115950 1052919 1289163 1321365 1360573 1595315 1509455 1568752 1545122 1504957 1592285 1654107 1722317 1760448 1643440 1528454 1456447 1474974 1394827 1266194 1143799 983382 839082 707396 570168 447887 351521 274408 223853 166888 124640 94963 69835 50080 35911 27525 22131 19144 19077 16717 16081 14881 15421 13849 13443 13646 14017 13358 12460 14037 13576 12591 12241 12139 11646 11063 11461 11881 12780 12938 12269 11473 12942 11377 11097 11823 13425 12325 11607 11966 12337 12367 12746 11684 12360 10412 10451 11091 12716 14457 17199 9795 8303 8352 8555 
-282 72489 262181 362785 406169 453404 501792 558988 591612 603240 706626 737281 829645 921057 863613 1106965 1156535 1166632 1421377 1360631 1498755 1601154 1523794 1563657 1551548 1605422 1689653 1698962 1764013 1628591 1535392 1488989 1419915 1386185 1300436 1137434 962370 847743 706328 552301 449429 356987 276388 215474 166417 123922 89276 70227 50714 38784 28267 22680 20038 17678 16999 16392 15276 15284 14408 13404 12711 12756 13131 13108 13647 12861 12357 12141 11797 12606 12685 11551 10581 11560 11862 12118 12375 14000 12320 11650 11595 11016 11625 12632 12030 11915 11608 13411 12277 12049 11459 11220 11961 9993 13373 17492 10065 8786 9920 9892 
-252 74563 275751 359930 402206 452279 507857 546522 599041 629633 677127 765230 769340 925317 942844 978724 1236974 1206817 1317991 1457311 1408850 1626639 1619075 1529425 1574186 1601925 1687042 1733216 1804273 1612000 1484349 1493188 1430381 1386417 1285901 1142318 992417 830533 680045 558561 450472 357412 280560 210034 161134 123727 90112 66935 48216 38448 30781 22318 20279 18567 18003 17272 15709 13176 14139 13095 13123 13458 12323 11999 11671 13366 12498 11731 12603 13632 12384 11525 11478 11478 11374 11090 12329 12079 12715 13245 12444 10428 12144 11955 10583 11744 12537 11879 12115 12655 11303 11322 12337 11619 14976 16345 8895 8165 9380 10138 
-281 70979 270922 359308 398864 456037 511513 542269 589002 667178 662321 726881 794289 857161 1035933 994984 1128946 1319570 1247772 1425779 1474610 1594341 1691555 1532659 1539462 1594560 1700488 1799077 1789764 1641930 1442613 1429711 1470964 1404220 1274066 1154784 1012078 810190 678695 554567 453817 361299 280055 207517 161833 118438 91845 63577 46384 36267 30172 23485 22052 18356 16509 16463 16449 15199 14387 13918 12784 12853 12179 11240 11799 12002 11821 12067 12085 12996 12197 12174 11506 12210 12424 11717 11702 12361 10856 12050 11107 12710 12982 12694 11087 11343 10160 12202 11922 11993 11849 11437 12005 12548 15891 16750 9513 8086 7580 7933 
-270 65065 272132 360490 409100 451476 494024 566084 591504 635180 678446 702925 816002 862072 992631 1102671 1050524 1295046 1353090 1322984 1569717 1607725 1617438 1573915 1524575 1611952 1724037 1806768 1780615 1597856 1470476 1443824 1453241 1392958 1282953 1170616 992485 817933 682025 548202 452563 364636 278340 211354 160163 119750 86868 61495 45589 35351 27319 22701 23293 20509 16348 15472 14439 16106 14437 13824 13694 12492 11779 12659 12452 11648 11120 11434 12597 11963 11506 11730 11247 12362 12214 11898 12247 11732 12982 12233 10610 10349 12159 12525 12448 12125 11887 10989 11738 11109 10791 12112 11422 11883 14845 16883 9847 8484 9414 12095 
-262 71773 271200 364325 404657 457196 497842 549624 587909 607933 703165 738285 783656 906791 947660 1093112 1140935 1170989 1413002 1392867 1526825 1652155 1533807 1563726 1568089 1633960 1708676 1829451 1768201 1531364 1522242 1505227 1442070 1379164 1286103 1133501 1006713 836005 673826 551779 455374 358928 276088 215250 159793 120510 83300 61574 46153 34778 25304 20790 19965 20458 18257 15752 15870 15086 13205 13961 13735 12536 12903 12079 12540 11998 11764 12344 9680 10871 11618 10884 11647 11707 12765 12826 11529 13305 11974 11548 12332 11556 10639 11265 10524 12713 12087 13121 10877 10758 11917 10913 11843 10305 15790 16606 9599 8777 9298 10214 
-266 71602 276394 364685 407686 455229 496153 522687 575734 637315 684764 773576 796307 880358 980784 1021628 1217829 1204399 1313336 1503087 1506239 1645894 1531902 1507488 1564870 1632265 1745614 1829508 1732185 1566704 1493372 1513498 1496916 1409811 1267376 1093015 1002081 855874 675887 553817 456205 358016 272719 215339 161907 119387 85153 60231 43983 33729 24848 20913 18620 18609 16705 16908 15711 15253 14842 13373 13349 13115 11368 11503 13300 12521 12346 11357 11102 11333 10891 11247 9787 10761 11965 12180 12250 11812 13157 12835 11905 11305 10802 11323 12916 10801 10999 11009 13415 10964 11807 11320 9985 12461 13808 16356 9615 9782 10149 8886 
-256 72407 276213 365120 416946 435548 468365 535915 575736 650281 699249 744216 852463 863614 962944 1037139 1192995 1318915 1255048 1500008 1560263 1589080 1556932 1478244 1536586 1609148 1758859 1836084 1722950 1576888 1473854 1505465 1537506 1435513 1283550 1114434 959991 836250 697815 564187 454030 355713 277792 213297 160035 118119 88018 61317 43335 32465 25902 20417 17878 16473 15970 15532 15315 14829 15002 14009 12645 12547 13431 11124 12162 12031 12033 11223 11697 10910 11539 10771 11013 11117 11091 9833 11039 12961 13023 12199 12476 12086 12025 12893 10060 10783 12894 11401 11363 9422 11516 12159 11011 11082 14981 15557 8942 8383 9787 9181 
-231 67621 271390 362497 397990 438485 461070 541958 594889 626307 719078 739378 846409 904216 933835 1081646 1166362 1370039 1305955 1399168 1623090 1554895 1533886 1482567 1528813 1601875 1718907 1861650 1738013 1547805 1499859 1518455 1510080 1437583 1334357 1161964 945286 804150 693498 575992 459992 364958 278513 210503 157420 117209 89328 61996 42314 32152 25343 20719 18119 17264 16548 15069 14137 13498 13833 12865 12257 13073 13794 12557 11361 11502 11489 11622 11360 11452 11999 12037 11567 10912 10727 10165 10398 11027 12596 11601 12217 12939 12329 11823 12466 11192 10548 10120 12445 11920 11010 10328 12240 10420 14428 16017 9526 9263 9927 8879 
-268 69984 262528 352993 389862 439091 498682 518571 600486 637941 690914 768565 817204 926103 968176 1117755 1168530 1295156 1394794 1391940 1590890 1567481 1504585 1494282 1524113 1588235 1670925 1864523 1781754 1547680 1486889 1504337 1491176 1457284 1352819 1169711 989847 809875 678021 559401 461435 375355 287558 209379 157560 113310 87997 62019 46935 33320 22772 20821 19496 16509 15550 14228 14121 13423 13152 12569 13016 12197 12487 12271 11274 11693 12350 12112 10428 10273 10714 10921 11590 12006 10300 12474 12090 10603 9801 10193 12084 12302 11850 12445 11528 12452 12335 11867 10574 10559 11037 11494 10492 10871 14262 16324 9321 8865 8969 10463 
-261 68756 254314 339564 410982 450547 490188 531813 592170 646438 666773 782247 826408 925719 1022658 1137578 1167751 1207749 1454500 1431143 1526224 1598497 1495511 1495281 1491502 1561324 1686453 1845798 1790527 1565521 1454285 1481314 1509774 1475957 1332172 1189447 1013935 840872 685720 556212 450752 377060 291550 215523 156102 113638 85031 62869 47375 33247 25391 20192 18868 17561 15511 14172 14152 12830 13149 12194 12772 13113 11200 11232 11349 10682 10990 12303 11422 11341 11099 10672 10445 11162 10656 11607 11914 10997 12068 11967 10305 11520 10403 11309 11489 12085 11984 11846 13216 12024 10641 10408 9587 10482 13826 17203 10312 8415 9460 9912 
-234 58771 252874 351446 415642 455060 495055 529278 578923 650406 683153 768209 848570 954424 1029175 1107506 1262798 1173699 1351671 1497748 1553141 1592221 1477665 1454044 1487842 1552846 1687035 1859207 1766512 1549471 1476857 1482442 1497157 1472789 1343175 1186267 1027640 859687 713803 570320 452045 364997 293696 215307 160223 115987 84573 61272 44610 34763 26651 22281 18478 17432 16433 15421 13304 12529 13700 12001 12983 12948 11663 10925 11232 10325 9782 10365 11473 11450 10946 11397 11066 10339 10938 9640 10359 11376 13033 13030 11420 10564 10619 9715 12063 10312 12171 11099 12381 11183 14119 11400 9985 11092 12766 14371 9229 8549 9772 10199 
-248 65998 249995 362767 413638 453309 509504 519551 579193 646988 692028 792340 859629 934848 1065032 1092798 1291628 1222361 1239444 1550415 1591379 1536532 1465621 1449962 1514226 1577239 1654863 1831451 1747719 1543238 1483537 1491771 1480130 1461273 1369018 1173985 1027451 906435 712737 585948 477749 359946 287478 216203 159689 118393 87445 62682 44740 34031 28077 22349 18908 17323 16035 15232 13978 13631 13107 11831 12165 11707 12504 11914 11355 10711 10709 10874 10006 8891 10053 10223 11846 10174 12047 11490 9954 9893 10654 12153 11653 12146 12384 10939 10480 10742 11898 10298 10265 11506 12139 11913 11729 11729 14280 16649 9246 8083 7516 8937 
-278 55677 246340 356343 419086 460348 491743 535940 573664 658882 717340 785485 879430 902233 1093261 1130015 1158865 1347775 1309240 1427609 1569837 1533434 1486812 1481577 1507399 1585666 1647907 1786653 1743816 1538329 1464394 1510135 1507568 1418402 1352305 1203606 1039884 899383 751076 598261 470697 374977 295913 213554 154745 121862 90391 61966 46619 34101 26128 24161 19793 17683 16367 15209 14943 14186 13055 13919 11549 11250 12748 10036 11190 12143 11138 11153 9574 9674 9115 9649 9593 10624 11255 11222 11415 10586 10306 10707 11130 10378 11135 11298 11358 12653 11937 11909 10199 9518 9593 11599 11374 10760 16224 16806 9889 9639 8348 8680 
-210 56695 258936 365210 413806 454720 488683 553945 583633 659446 749068 751308 899115 937205 1008950 1194588 1125946 1364543 1395032 1340822 1528016 1556369 1527492 1506713 1496132 1560429 1656312 1755503 1700413 1563592 1505108 1464289 1492433 1431082 1318480 1209677 1076167 906661 753634 614902 479986 373454 303126 220973 158421 117544 92889 67074 46771 34137 26920 22078 20045 18678 17232 15289 14564 15333 14388 13963 12737 11072 11582 11934 11120 10155 10970 11887 9656 10738 11381 11070 8401 8153 8322 9757 11007 10836 11745 11106 11304 10820 9650 10737 11348 12513 11499 11077 12396 10577 10655 9992 10655 10200 12579 15617 10210 11001 10597 9729 
-266 80073 251514 367047 410079 455487 497847 560280 622801 631459 751495 779513 865500 972393 960109 1194800 1236325 1241797 1397506 1406254 1465133 1572063 1563428 1510127 1498632 1550395 1636220 1723817 1719312 1599706 1507166 1435822 1439042 1442254 1319463 1192886 1102840 921967 752592 613906 504213 374386 293240 229143 169864 120405 91726 69004 48487 36263 27475 22572 19846 18944 17050 15537 15442 14245 13568 14387 13207 12433 12422 11847 11380 10312 10288 10709 11880 11318 10930 10917 10113 9149 9729 8598 8319 9588 10482 11006 10793 10929 11254 11282 10073 10778 10715 12037 12157 12029 10030 10615 10292 10819 12695 17017 9669 8872 9955 9052 
-319 68131 260185 359477 412667 460170 519724 568885 620149 637736 734398 828017 802376 985976 1037246 1082525 1285641 1244592 1334008 1438573 1490291 1604590 1564882 1470631 1492456 1534706 1595969 1716782 1781420 1610916 1453135 1467586 1421345 1401235 1325689 1220682 1085621 931807 769100 620017 502727 383465 289436 232520 174721 128392 95635 69666 50027 36506 29330 22506 19676 18502 16280 16077 15257 15054 14138 13248 12832 12991 13444 11973 12322 11156 11147 10749 11879 9915 11119 10524 10578 10139 10082 9749 9454 9524 8732 8361 9400 10848 11182 10868 12367 9840 10072 10002 13180 10754 10886 10925 10727 9838 15191 17622 9098 7058 6971 7874 
-213 70526 266427 364100 425005 460518 530973 570499 611880 679091 702203 819789 826808 941253 1118392 1034170 1205948 1321456 1283939 1436044 1603530 1600637 1505211 1460598 1499029 1538358 1574534 1702888 1795409 1616764 1460536 1458383 1454797 1365828 1318612 1237547 1060862 927660 789494 627090 498482 390029 296122 234545 172673 134295 100787 72955 49933 38454 29673 22758 20860 18535 18237 15890 14832 14763 13555 13668 14633 11876 12909 11089 12651 12414 12432 11574 10453 10354 10136 11029 10779 10527 11873 11196 9362 10887 9514 8705 8007 8739 10112 10219 11367 11492 9547 11128 10417 11056 9971 10550 11852 10618 12667 15028 8841 8189 9098 9658 
-298 69807 271964 374185 422335 478506 511620 587307 628782 672550 684919 786765 914435 902247 1055228 1118416 1132786 1280378 1366096 1445811 1609431 1576980 1485004 1461606 1490471 1583066 1592671 1680177 1764975 1614614 1489288 1450991 1462133 1402320 1312425 1195529 1040738 940243 787232 625787 504692 395716 306286 231633 177617 135273 102632 74279 53387 37909 30955 25536 20710 18220 17483 16885 16264 14310 13360 14273 14232 12487 12358 11491 11614 12287 12636 12085 12164 11369 10306 9677 11210 10735 11211 11126 11767 9903 9652 11112 9274 10258 8052 9064 9611 10296 9900 10072 10841 10417 10880 10136 10348 11533 14413 17040 9307 7683 6901 6968 
-239 78104 283897 381537 415771 482369 527467 587099 617552 656329 721996 781833 893097 923452 981781 1155977 1176756 1204696 1430422 1484469 1533389 1578186 1466386 1470166 1493903 1572340 1612376 1677106 1767399 1596280 1492372 1481846 1462582 1445047 1298964 1165772 1045389 924221 761802 629805 517848 400987 314266 234434 175563 136013 104390 75575 53783 40828 31235 25229 22613 19716 17514 16423 15139 15202 14160 14132 12935 12879 11404 13527 13161 11259 11090 11561 11887 12161 12160 10758 10897 11878 9429 11017 11217 11796 11305 11238 10442 9331 8888 9117 9952 9230 9452 9206 11219 9979 9261 10348 9779 12035 11597 14769 8453 7945 9769 9672 
-250 83721 283585 373869 434509 482242 538161 560655 611213 685850 737652 766113 834371 971903 994650 1078965 1255633 1245435 1334829 1508713 1567082 1565414 1461809 1462280 1517525 1553630 1609841 1750263 1777713 1542457 1468532 1484521 1490339 1453303 1299020 1192766 1041221 890460 740293 633362 524315 406761 311810 238879 179296 135291 102342 77836 54758 39597 31988 25962 23224 20482 18128 18710 16492 15501 14017 13598 13113 12287 13921 11506 11194 12204 11302 11555 11199 11844 11109 12446 12027 12497 11393 10805 9546 11517 11806 10765 11292 10374 11726 9886 10247 9643 9233 9309 9403 9155 9748 10300 9823 9750 12758 15033 8609 7117 7049 8328 
-316 69243 281231 382750 441023 494214 504931 564086 622709 690665 735793 748818 838489 939789 1071854 1058543 1198153 1314557 1288864 1512670 1594598 1528302 1455900 1424672 1500445 1595844 1665781 1799224 1756561 1550948 1446824 1458958 1491138 1456714 1341771 1204666 1024147 888322 746755 622840 514591 399440 320900 240865 176872 138486 101243 76589 54817 41810 31317 26371 22561 19239 18795 20426 16974 15943 14595 13271 14297 12703 13368 12323 11973 10883 10339 12628 11667 12629 11248 10965 10835 10744 12459 11228 11540 12183 11169 10688 10301 11890 11401 12792 10963 10366 10180 8807 8611 9434 9289 9183 9317 10108 13925 16425 8288 6640 6142 6206 
-289 55484 276269 389759 431001 479902 516197 582868 610738 649368 762736 759458 856161 925786 1050635 1147239 1091255 1332696 1381529 1424194 1567062 1518357 1483453 1426478 1482861 1629465 1748205 1817526 1710227 1516797 1482300 1486434 1461759 1431744 1363736 1194678 1036550 909143 763058 623132 477965 394956 325166 240685 179163 137621 101013 72882 55151 43183 32536 25553 21750 20430 19261 17813 18156 16899 14996 14814 14724 13821 12217 12862 13341 10338 10488 12916 11329 12256 9998 11650 10498 11416 12075 11037 12038 11523 11761 10651 11751 11100 11470 10894 13365 11884 11048 10232 10501 8855 9315 9210 9157 8191 11303 16935 10290 7817 6380 5421 
-246 64757 271990 379006 425171 496018 528487 549494 630686 626838 753756 810224 841138 978272 960811 1166322 1159354 1248412 1436698 1389952 1501647 1523539 1484917 1485913 1518027 1639463 1786804 1808959 1647171 1510750 1505767 1503785 1496764 1424669 1306863 1174770 1082019 934011 771934 617342 469137 386332 312736 241483 179031 136042 101377 73744 54260 42331 32361 26968 22450 20262 19649 17696 16944 17284 15074 14295 15735 14768 14335 12063 13727 10787 11686 12051 11540 10726 9959 11705 10567 12356 11154 12009 10170 12404 11639 11225 12160 11779 12528 11755 10274 11769 13110 11409 12071 11458 9989 9132 9120 9147 13320 15020 8120 6832 6657 6630 
-289 68259 269814 379591 439461 497502 511639 523896 642916 680459 684766 860940 844889 971789 996290 1053710 1272466 1202475 1370958 1448201 1447185 1542441 1488403 1493108 1583781 1685164 1779280 1749465 1622650 1539499 1483601 1511299 1542096 1429804 1289922 1168920 1081689 945688 768549 618244 487156 383400 296602 229087 177516 136188 101525 74501 53751 38529 33132 26850 23201 20498 19400 17815 16988 16340 15509 14193 15364 14941 13478 13463 13209 13795 12252 10922 11791 10603 11133 11600 11327 11727 11070 11117 10482 12561 11850 11381 12414 11162 11525 11226 11262 12680 12619 11876 11087 12497 11905 10545 11172 8860 11351 17029 8461 6928 6346 7000 
-238 67223 288622 384174 435328 471627 506367 550811 614184 750631 659691 814253 907211 909064 1084952 1017277 1204224 1266633 1246483 1518687 1501196 1492673 1502553 1493410 1609419 1746614 1766957 1731758 1597880 1485167 1513132 1558297 1530665 1442059 1322388 1175919 1051874 924984 767400 629585 502922 387923 287922 216271 170628 135677 101121 71562 53913 38339 31327 26613 23176 20407 18905 18735 17252 16472 15296 14982 14357 13874 13216 13363 13688 14260 13903 12072 12542 12028 11800 10093 10540 10739 11008 10792 10696 12040 11514 11653 11371 11998 11396 11736 12360 11527 11392 11935 12683 12235 11949 12918 11696 11327 14621 14625 7432 6004 5698 6290 
-250 69725 291431 372232 408532 479049 513960 585939 605726 702504 727318 741913 967616 915386 1035442 1087227 1049084 1344461 1291306 1476835 1578179 1454887 1490746 1520571 1620541 1793718 1790119 1699576 1555534 1478719 1510376 1573005 1547874 1462919 1331872 1187175 1050225 892905 771633 629822 513170 386170 292011 214432 162680 129137 98687 72930 50832 38772 31655 25433 21011 21366 18741 19208 16548 16004 15673 15655 14274 13911 13278 13324 12807 12297 12692 12885 15053 12618 12210 12067 11377 10714 10216 11099 10277 10536 11940 11538 11638 12460 12601 11543 12068 11396 11161 11876 12805 12238 12230 11672 12780 12041 13717 17809 9163 7693 7496 8582 
-316 75167 267091 363100 410517 493766 532989 579609 604154 650895 817282 724845 893654 1006951 909020 1130997 1085841 1252574 1451329 1390914 1553149 1532045 1455008 1515116 1651794 1819812 1774090 1654886 1574302 1495249 1479022 1580452 1576978 1450410 1335120 1207002 1050350 910335 758057 614010 501599 396495 293716 223322 158439 122869 94277 70243 50946 39100 29563 24119 22765 19207 18785 17081 17264 17189 14904 15279 14759 14660 13720 12399 13028 12842 11726 12068 12063 14252 12674 13329 12841 11953 11816 11738 9627 10664 10195 12131 11044 11071 11135 11697 11513 12944 11668 12781 12353 12894 11731 12268 11332 12403 14585 19384 10169 8408 7796 7955 
-239 59717 254860 370663 438222 484192 529702 565305 642773 639751 762756 848492 770514 991344 936506 1077289 1247322 1150165 1469919 1485088 1449512 1534233 1478106 1529443 1690727 1795255 1748321 1668028 1548092 1488672 1523884 1573615 1541420 1456453 1358708 1196302 1079243 936951 743555 604241 494654 390932 297504 224853 167279 121826 89086 64008 49855 38209 29334 22598 21535 20764 18401 17870 15610 16153 15156 15311 14506 13646 13819 14415 13127 11847 11867 11490 11971 12980 13278 11783 12626 12588 13433 11365 12041 11479 11199 10917 11123 10168 11366 11206 10856 11916 12457 13030 11649 12602 12617 12406 12496 10675 15263 15191 9662 11352 12828 8856 
-261 70012 275468 373247 442042 473441 516012 584839 638870 679739 695029 890097 771453 820493 1089764 1052584 1271754 1264497 1329521 1555602 1435766 1476688 1523478 1538968 1688144 1793701 1733421 1659518 1521131 1508467 1579622 1556512 1508648 1443714 1351268 1226689 1102076 928711 759786 613998 485995 381291 291414 222643 175110 124630 86306 63402 47772 37359 27606 22357 20699 19591 18862 17549 16187 16583 13886 13471 13830 14352 14064 13303 12960 13954 12446 12431 12548 11934 11110 11796 11826 13195 12721 12364 12544 12632 10220 10861 12544 12083 10221 10721 11318 11340 11497 12096 11148 12636 13688 14460 12691 10799 15464 17311 9382 7875 7669 10719 
-273 72668 282998 375539 422828 480201 518374 590322 630489 719362 680326 743725 918438 786528 1050278 1143878 1182806 1395429 1327808 1474393 1509765 1446775 1517775 1532902 1680208 1795140 1709129 1638188 1565007 1528908 1542266 1577355 1527119 1403974 1338702 1256518 1104378 930438 771854 639225 486514 374834 288534 216206 168050 127732 92678 64127 44701 35017 26804 22665 19813 18862 17793 18058 15760 16570 14697 14656 13825 12901 12614 13801 13890 12248 12091 12004 12191 12877 12411 10703 12754 11085 10694 13088 12920 13475 10842 11716 11778 12732 12296 10581 9969 11215 11677 12002 11290 11944 11707 11955 13327 13334 14567 16923 10813 9221 9142 10189 
-298 74341 270501 372584 414779 483706 528561 586266 647721 664052 729575 687868 910389 935950 888048 1196681 1213101 1394881 1417657 1392484 1556200 1457633 1444607 1533254 1682470 1747679 1733926 1689171 1577560 1486324 1525212 1586913 1541876 1437309 1332103 1224810 1089588 955471 788484 637005 506122 386136 283530 207165 160837 127154 95191 68094 48538 33950 24902 21197 20030 18789 17621 15378 15752 16061 15025 14993 13176 13829 13519 13359 11238 11965 12465 12696 12091 11968 10964 13805 12199 11335 10899 11452 11236 12850 13001 12266 12079 13149 11596 11279 11346 11575 11553 9884 11074 11826 13123 11330 11702 12583 14384 18039 10475 10640 11895 11603 
-297 63890 258351 373909 423842 477864 534841 574817 649399 637472 738690 783787 762613 1018987 975714 1086388 1238483 1350316 1550198 1451013 1413959 1489214 1459360 1522902 1631162 1725757 1762985 1697924 1577582 1498538 1520300 1568455 1528898 1464803 1351822 1200363 1076375 941649 816157 639173 515717 398644 283262 208711 158451 120239 93358 70332 50002 33744 26647 21579 19719 18974 16614 16759 14421 14381 14729 15170 14251 13790 14114 12727 12182 12521 11465 12605 11776 11622 11751 12362 11233 12951 10653 11432 11427 11983 11363 11241 12612 13601 13424 12872 10476 11882 11093 10572 11364 12066 12386 10942 12427 11779 14260 18008 10126 8434 8986 11939 
-272 48224 252617 368712 430660 478789 531743 551276 631828 700375 700894 812245 795392 914967 1116570 1047101 1234572 1355533 1491524 1512220 1409539 1492631 1486284 1485429 1638656 1730357 1694954 1692777 1616880 1535305 1557854 1559022 1496324 1413824 1371645 1254279 1074313 917370 806126 661759 520124 397356 293097 215613 157273 119422 92378 67344 50195 37007 29404 22536 19033 16289 17311 16817 15053 13656 14166 12245 13360 14985 14635 13534 13486 11625 11713 12243 12064 11879 11311 10538 12119 11120 10610 10421 12612 11466 11758 12997 10246 10935 12344 14944 12459 11588 11643 10198 12437 11510 11804 11771 11267 10450 15012 18241 10933 10614 9226 7364 
-242 54239 259194 364095 434782 465828 502281 588286 625063 720441 719187 761497 876804 873781 1079340 1167182 1248850 1316912 1301338 1568425 1555477 1439366 1492818 1527850 1609168 1677275 1683140 1675146 1632782 1565495 1578910 1554179 1495445 1399988 1349501 1260297 1095657 938916 784149 654705 527754 395037 298620 227682 164138 121334 91448 66528 48667 36938 29072 24020 21243 17793 16038 15793 14998 14527 14787 14006 13623 12409 11578 12715 13133 14166 13261 11046 11598 12162 12131 11210 11802 11639 10214 10826 10380 12270 11089 10940 12404 12429 10972 10850 12132 13129 14150 11633 11507 12842 10799 11674 11285 11021 15252 16146 9567 9085 9136 9801 
-251 67098 259019 364268 418336 469933 500032 600185 650925 666654 782811 766370 860593 930754 1026489 1233520 1222650 1277033 1338821 1443906 1587462 1508432 1505867 1569056 1575867 1611745 1669970 1684037 1652954 1556712 1536872 1585196 1542878 1433936 1310448 1212111 1109887 966620 792934 651627 512194 397709 307107 236923 168427 124612 93887 66561 48292 37011 29018 25350 20890 19040 18048 15535 14590 15016 13237 13872 13454 12891 12136 11993 13619 12277 12720 12085 12544 11387 12249 11825 11547 12616 11883 10155 10102 10850 11273 10432 11392 11554 11283 11996 12363 10782 12664 12696 13092 12325 12738 11942 11429 12092 13961 15827 9313 8643 8700 9598 
-304 77485 255558 361857 404646 472765 539909 565195 669697 681042 752742 823407 859189 971829 1030423 1145485 1228037 1308219 1381680 1342387 1531361 1657822 1508391 1508099 1606148 1551769 1636216 1725700 1692873 1609209 1478628 1501090 1559709 1494047 1334116 1177468 1088197 966248 817569 655501 505539 398974 314435 235026 174635 129137 96996 69574 49831 37975 28280 22433 20935 18468 18544 17696 16671 15039 13791 13101 12738 13534 11583 12042 13163 12473 11286 12584 12026 11548 12398 13077 11759 11119 11101 11881 10757 10266 11094 11558 10201 10479 10369 11387 11371 10761 12628 11611 11185 12446 13276 14027 13052 12585 14854 16908 9191 8170 8315 7749 
-300 49468 231746 354312 427586 478081 532981 571422 649284 732041 732319 841142 912804 946755 1017143 1102141 1258755 1301089 1343504 1408664 1492754 1649196 1544798 1447320 1551672 1650608 1647136 1669553 1704878 1657240 1497653 1421788 1491968 1491150 1401140 1231522 1071257 941340 810860 665509 525931 406411 308353 236101 175316 131620 97572 70036 51068 40615 30116 23889 21159 19028 18200 17110 16580 16051 14318 14697 13355 13262 12013 12167 11978 12643 12292 11228 12233 11022 13101 11497 12707 11872 11243 11663 10674 11215 12431 10196 11032 11219 10329 9968 10625 10373 10860 11650 12128 11969 12112 13043 13623 12825 16301 18784 10131 9044 8343 6949 
-250 42627 235097 364644 429018 479977 529909 592887 641558 738384 767180 834697 907773 931602 1012039 1130960 1228224 1281076 1369185 1434981 1459575 1550706 1633575 1516679 1469604 1669261 1667319 1641630 1717752 1633417 1539121 1468709 1425224 1421346 1396917 1297523 1105365 930053 791229 659611 545126 416401 309019 234989 173657 133423 98632 70175 53548 40310 32477 26831 22305 18889 17757 17303 16093 16281 13660 15505 14384 13441 12662 12977 12342 12688 12104 11180 11845 11914 10788 12611 11269 11536 12464 11791 12692 10096 11353 12291 11323 10889 10024 11493 11268 9764 9621 10318 9887 9497 13168 13697 13466 11999 15288 17826 12530 10014 10361 9920 
-268 52769 242367 370987 427756 481875 532338 602127 662019 733664 786032 801530 868796 986809 1033419 1104055 1223130 1299217 1378737 1394072 1437060 1496452 1646688 1645139 1525263 1558483 1655933 1667024 1636689 1637339 1595102 1478796 1439306 1414791 1357237 1277787 1127685 953266 798772 661942 535570 422455 321965 235057 173254 130893 99862 70688 54384 40692 32677 27765 24050 22239 18766 17746 16140 14082 14658 15337 13819 13516 12974 13090 12490 13131 12685 11862 11433 11492 12691 11177 11569 11288 11971 12385 11863 11628 12511 11272 10901 11044 10835 12832 11166 10428 10207 9578 9889 10139 10045 10661 11813 12701 17240 17900 10370 9235 10489 13223 
-264 59693 256322 371293 420857 501676 545491 605210 670254 717378 757320 810645 859124 1000814 1075071 1076340 1242528 1289239 1349249 1414444 1405675 1466351 1618825 1748408 1597100 1531920 1575591 1584161 1607249 1718838 1642037 1482656 1429336 1438822 1352139 1222820 1101589 979936 833151 675532 525512 413200 329016 244272 171264 132296 96169 72625 52685 41305 32289 27430 25224 22513 21378 19345 18801 15348 14686 12813 14682 13209 13645 13116 13124 12990 12011 12117 12372 11766 11130 12681 11665 11741 11158 11530 12628 12532 10970 11327 11029 12138 12138 11337 12014 11391 10701 10400 10266 10434 10492 10142 9438 10676 14586 16886 10386 9883 10362 12753 
-287 55163 253393 376283 442691 490497 563060 611970 647073 698090 731945 841450 898735 929344 1121719 1140286 1156542 1296990 1348239 1418905 1415907 1512870 1608803 1637686 1641520 1564765 1543861 1591149 1610573 1667771 1667357 1555527 1452122 1401857 1367386 1216292 1081206 965075 837226 693039 542277 415308 322467 244146 177525 128714 94970 74140 51056 38988 32652 29061 24974 22825 20699 20580 19724 17838 16485 15880 14659 12813 11618 11962 14452 13110 12219 11789 12117 12084 12904 12773 11953 12919 10023 11444 12740 10742 12144 12106 11999 11232 12922 11464 10682 11487 10878 10685 11758 12572 9603 10139 10572 10000 13481 16496 9181 7958 7989 8892 
-264 68306 275601 382697 446742 507045 546478 596611 638493 680194 754794 816956 940675 938392 1077695 1181325 1133119 1295428 1356276 1446244 1471804 1492304 1533877 1537062 1645267 1636429 1616161 1640474 1564534 1559243 1638666 1623144 1516253 1412242 1310829 1236583 1102827 932421 808484 690749 562772 436758 320597 237409 181917 128386 96122 71690 53289 40172 31115 27016 24890 22027 20410 19670 18804 19447 16933 16193 16680 16456 11753 12293 13103 13264 12133 11960 12355 12709 11938 12458 12098 12125 13660 11532 12594 10836 10651 11665 12400 12517 11335 12397 11445 12240 12058 11746 11036 10658 10346 12322 11417 11120 13708 16470 9221 7251 6643 6365 
-284 89219 294329 391084 442667 493464 544081 575988 642303 686154 771514 803051 915117 1017969 984448 1166455 1203960 1292764 1404673 1477323 1480176 1394517 1437219 1552408 1713703 1753373 1643642 1569280 1565298 1523147 1563148 1660193 1579005 1435861 1315954 1216123 1091405 939351 797735 666960 556373 446943 333518 240822 175910 130432 96236 71611 52666 40182 31266 26030 23883 22568 20944 19223 18445 16961 18175 17054 16448 15539 15666 14959 14717 12934 11521 12454 12348 13189 12122 11478 11718 11246 11970 12909 12611 11936 12774 11430 12001 12258 11782 11938 12829 12461 11432 11453 12791 11614 10978 11033 11389 11153 15092 18492 9991 7755 7727 7255 
-360 92308 290091 388246 442934 469119 547099 574625 648548 689404 753053 843909 863014 1025782 1007705 1100985 1272669 1343669 1443916 1413056 1411774 1417068 1430382 1539723 1780194 1770149 1646332 1577832 1581308 1521276 1499603 1576828 1596811 1490578 1362785 1234839 1051489 951885 811199 659376 541911 424476 338179 253740 179348 129785 95976 71731 52714 40644 31501 25444 22152 20872 21031 18611 18382 17439 16448 16908 15679 15758 16245 15863 14117 14228 14110 13876 13720 11556 11217 12138 12721 11590 10754 11016 12759 11512 13165 13117 12481 12636 11792 11798 11775 11797 12818 12340 12027 10678 12898 11614 11103 11828 15654 19092 9866 7965 7279 7506 
-256 67415 294119 381527 425033 481414 534863 594194 633063 703415 735900 867311 838423 953259 1105479 1091789 1289102 1367580 1375440 1371492 1408578 1507299 1481520 1513501 1685770 1770317 1722369 1660920 1528721 1499876 1526481 1523164 1546588 1492425 1392721 1259869 1083212 950592 807628 665645 525375 409131 326713 250366 188321 134057 98127 71724 53950 39767 29953 25957 23532 21877 19250 17136 15999 17131 17516 17928 16118 15394 15222 14248 14597 14716 13884 13232 15937 12785 12914 13738 12427 10993 13343 11768 10435 11577 12135 12359 12709 12643 13309 12530 12629 12296 11267 12716 12375 12808 11214 13447 11718 11809 15369 16688 10105 9313 8192 7533 
-256 72179 282548 381006 431792 477227 543186 591904 625733 706153 731879 824902 890266 911059 1143191 1153791 1227147 1291556 1345054 1431541 1495958 1514535 1527733 1488294 1560460 1805810 1799036 1670055 1556725 1486766 1493785 1546836 1531970 1439817 1373391 1264017 1148366 971518 802318 658509 517317 411085 309081 241577 184738 139857 102416 72893 54592 40145 29455 25836 22622 20662 20067 18377 17106 17127 16426 14834 16184 14704 15106 13531 15396 14657 14700 13455 13133 14297 13108 13174 14614 12993 13998 12127 11519 11678 12172 11086 11341 12359 12625 13586 12802 12953 13591 12068 11263 13188 12761 12973 12431 11575 15481 18430 10973 9865 9807 9842 
-267 71715 268467 387535 443401 477492 534341 591457 629499 680155 748841 776891 953962 963110 1049256 1187184 1166314 1236203 1391753 1537525 1548572 1480203 1473487 1506861 1606357 1765297 1765031 1691357 1607169 1522228 1498579 1530016 1495461 1451891 1349181 1248633 1155267 998492 819288 650538 520565 411464 305884 230101 177997 137018 104352 75055 56203 41373 30496 25225 22755 20918 18765 18519 18275 16084 15216 15505 13729 13929 14963 13833 14531 14477 13061 14280 14569 13972 12567 12695 14417 12584 14070 14405 13223 12731 11358 13048 12747 10865 10936 13685 10660 12244 14335 13699 14054 12014 11839 12612 12316 12453 14794 20042 10847 9933 10142 9873 
-295 75410 285441 396376 439455 484075 514942 584738 641204 653344 776742 795057 919249 1033514 965920 1096863 1197347 1310192 1420599 1516955 1547537 1535287 1461678 1515938 1623424 1677313 1793378 1721505 1606915 1547002 1526160 1529912 1488606 1434550 1348375 1246495 1124185 970910 832198 672023 529585 408353 306086 227811 172510 131494 100965 75829 57636 41939 32036 26153 22439 19597 19013 18388 16661 17083 15265 15142 15221 14376 13546 14282 12511 13378 13545 14479 12164 14146 13304 14151 13741 13696 12704 11670 12149 13888 14624 14365 12489 12020 12367 11465 11393 12993 13131 11786 11966 15027 14524 12333 12508 12214 15963 19523 10951 9674 10561 12329 
-293 105735 296248 397422 435204 482691 523587 551577 654939 661873 765028 869137 851236 994433 979829 1027393 1267096 1364827 1406807 1496585 1553302 1558860 1517706 1474914 1563581 1710845 1780122 1779337 1631302 1517646 1506186 1539083 1552117 1431635 1330004 1231545 1091663 951852 808369 691352 534395 410304 315600 230159 170797 128829 97132 72529 56008 41282 31317 25950 22948 21897 19704 17880 17921 15311 15107 14200 14347 14260 15603 13481 13606 12121 13385 11616 13969 13056 12556 13720 13544 13295 13730 13356 12221 12388 12631 12840 13539 14250 13073 14546 11760 11528 11912 12156 12808 12257 13259 15316 13044 14106 16251 18450 11248 9612 9815 10534 
-307 83092 299792 393918 430696 473953 527753 545485 638080 738763 724946 857706 853737 882929 1059013 1083290 1241378 1358881 1402328 1567782 1566221 1483182 1513645 1493273 1587386 1700171 1746267 1835616 1655119 1505476 1520632 1516475 1529411 1505756 1343241 1185485 1073617 951550 791880 670628 528865 422174 325696 237992 174902 130486 90889 68817 53840 40211 30916 24753 23598 21122 18177 19274 18376 16286 14944 14691 13784 13468 13479 13178 15742 14434 11807 11866 11319 14333 11570 12320 13025 13465 12495 13708 12481 13327 13046 11990 12487 12656 13386 14017 14651 13718 13697 12257 11566 12053 11981 14088 12259 14261 17121 19853 11786 10125 10062 10941 
-292 87771 299473 385780 440384 462243 513512 583106 627824 744242 736583 763977 889003 868582 1079726 1181885 1161705 1353258 1464346 1511752 1545304 1525521 1454358 1516947 1627219 1680658 1774051 1816466 1680053 1519403 1547259 1560425 1497897 1448030 1369159 1217029 1050028 935033 800322 634941 516942 417955 331012 249477 187258 130917 90057 67472 51568 37784 28726 23406 22330 19764 19522 17250 19722 17426 16058 15420 14532 13811 13253 12711 12925 13764 12901 13060 12550 13157 11386 12521 11514 12750 12399 12457 12122 12814 13758 12658 13093 12098 12313 12641 12383 13251 14143 14661 14515 13485 12827 12528 11398 13618 16939 18832 11238 10930 11569 14627 
-267 71047 288998 396339 425414 466159 527049 608420 619813 663256 786881 726611 878841 972230 999098 1224621 1217425 1307076 1449885 1493474 1507238 1539609 1517169 1498596 1588411 1728249 1802796 1797935 1683758 1564620 1542182 1582197 1539289 1391941 1348001 1243957 1077745 911969 782597 633642 510312 406468 321759 255370 194366 136378 94786 68113 49743 36326 27224 23060 21245 18775 16763 17749 18136 17383 16484 16003 14489 15910 13691 12412 13016 11393 11866 13459 12861 13128 13403 11497 11355 12148 12581 12098 11714 11621 11530 14151 12283 12529 12689 13478 11793 11945 12901 12938 14107 13497 15172 13574 14924 13438 14603 17397 10711 11230 12840 14067 
-313 79670 291741 387266 430051 486419 536537 585675 621403 621995 755794 815880 821837 1025724 1001133 1162168 1333448 1258300 1380777 1500914 1541854 1526198 1521833 1495424 1588108 1768915 1816839 1834307 1672698 1558210 1537818 1563021 1560238 1449173 1323179 1213953 1093422 912481 759924 644187 508393 395890 313641 249568 195354 139238 102207 70774 50838 35843 27464 21668 20323 18443 17015 15810 15372 15785 15650 16408 14960 15130 14220 15002 13740 12530 13312 12181 11506 11986 11699 12802 12953 12772 12268 10689 12154 11321 11597 12116 11290 12580 12959 13354 12541 11585 12826 13636 12583 13054 12823 12996 15274 14937 20258 18609 10615 9170 9648 11022 
-309 72492 290570 389584 442769 485125 543375 537396 622220 650499 697542 910154 825392 944504 1092978 1105989 1311705 1289146 1360032 1493048 1590353 1511295 1455443 1533628 1619841 1758083 1822553 1868562 1701443 1510354 1525006 1573834 1562327 1487646 1339117 1194781 1075122 916696 758455 644165 505022 397693 309440 243039 185686 137022 104720 76813 53757 36119 29289 23443 19014 16798 16859 16099 14449 14764 14321 13354 13824 16084 15101 14601 14818 13335 12738 11912 12993 12423 11368 11557 11889 11743 12125 12699 12697 11212 12283 11618 11379 11749 10995 11818 12747 13809 12710 12008 12225 12128 13534 11913 13920 13532 17817 19781 11527 10985 12421 11932 
-313 59787 283519 404684 448512 457289 526326 541501 589153 742632 705867 806947 907235 905058 1115176 1120398 1185171 1375082 1423711 1475147 1507101 1543627 1503219 1517031 1623684 1763530 1860303 1816641 1660657 1550380 1548419 1569871 1579853 1487948 1352962 1204914 1048926 934747 763510 627987 512697 397392 311129 236090 179143 134961 101668 74865 54594 39955 30535 25277 20004 19555 15538 15211 14429 14338 14260 13321 13882 14394 13587 12682 12951 14080 13695 13542 13604 12735 12682 11168 12405 11716 10658 11462 12725 12144 12384 11396 11854 12164 12090 10723 9738 11738 12593 13612 12777 12204 12689 12348 12925 13425 17728 18679 11015 10361 9154 10139 
-300 63044 288876 386142 430387 457355 490567 591153 619288 719360 755390 705865 960316 939833 1016135 1159295 1173036 1395960 1432551 1474787 1495458 1560346 1536119 1501325 1658029 1777125 1831705 1782215 1620196 1551740 1608844 1627596 1547041 1459859 1352539 1226459 1059932 923752 777795 623365 508609 401668 306271 237383 178000 132385 99155 70931 52413 41652 32885 26660 21998 19212 18567 17506 13971 13048 13823 12728 13405 13289 12053 12246 12191 12896 13764 14000 12856 13358 12385 12526 13158 12731 11660 11182 11760 11227 11588 11840 12186 11673 12112 12216 12705 11265 11034 10767 11931 12008 12812 13842 11702 12414 17089 18689 10338 9452 10819 11493 
-286 72171 273713 368948 413023 466548 510522 605434 665936 634787 797676 740938 854155 1003458 964457 1186736 1249889 1293441 1405974 1551797 1590041 1453517 1489234 1589169 1705728 1787175 1774422 1712050 1643363 1560397 1605250 1693410 1554618 1420879 1342045 1246863 1085656 908467 778107 646410 493705 388595 312966 240816 177925 131790 97535 68448 49718 38630 32022 26250 24699 22141 19448 16529 15415 15882 15303 13596 11561 12273 11615 11794 11458 12433 12118 12198 12940 12896 13570 12999 13048 12257 12384 11736 11625 11969 11439 11733 12151 11756 11030 11747 12320 11337 12678 11364 10520 11756 11765 12691 14121 12480 14428 17050 10650 9232 9922 11902 
-257 60251 245241 372772 422917 470659 567946 576764 651776 658583 723739 840681 775088 978910 1057686 1121252 1258375 1283033 1453728 1534026 1574459 1482879 1487110 1590994 1741955 1796332 1712827 1683104 1650646 1577981 1599948 1680428 1592148 1417687 1346260 1238430 1084094 926479 782265 649525 495543 380855 309660 245080 180860 134547 94614 67314 48806 37749 29245 24746 21738 22677 20355 18871 17253 18530 14794 14253 13919 12935 11113 11801 10763 11080 11418 11476 13437 11712 10983 13082 11125 13275 13404 12540 12263 12676 11896 11729 11250 12253 11344 12098 11694 11395 11287 11600 12564 11430 12709 11374 12380 11061 15468 18616 10866 9230 7396 7006 
-247 59951 243338 366570 463342 482421 556501 575894 619514 702708 678451 846156 826136 895367 1104131 1077444 1246818 1358185 1456603 1470872 1512549 1572386 1518176 1566494 1757218 1767948 1717744 1705446 1619300 1566098 1606154 1672792 1590849 1473287 1352052 1207719 1092996 943549 785619 624104 512719 392529 300845 245437 186129 131638 95916 67265 48781 36511 27750 23949 21578 19664 19784 19315 17748 18952 17487 15049 14364 13686 14244 13282 11445 10804 10460 10796 11714 11221 11801 11831 11137 12646 12534 12807 11461 12299 12942 11497 12064 13749 12059 11521 10854 11067 11092 11533 11656 12053 14664 12802 12810 9727 14403 16749 9605 8354 8600 11385 
-276 67011 271905 389558 459060 489320 520237 610759 605622 685938 702899 772441 927088 867432 1035840 1133532 1238232 1381152 1379909 1512586 1543204 1509069 1525815 1614963 1731954 1752476 1757570 1738890 1602551 1540648 1561920 1678845 1626798 1456658 1367163 1222791 1088721 950865 772472 619463 517862 410042 308642 241991 184959 129255 93449 69844 50700 35367 27821 24394 22110 18207 17577 16350 17298 17406 17293 16950 15581 14717 14442 14697 13286 12560 11786 10944 11125 10867 10303 10101 11700 12745 11633 12434 11827 11417 11564 12629 12363 11441 11946 12883 12679 11962 11462 11337 11222 11278 13070 11930 14080 11997 14746 17128 9122 7490 7199 8108 
-301 79409 289656 387877 441856 499630 516149 590318 627653 637998 769675 750651 895356 913454 988175 1178200 1214287 1336793 1414140 1535216 1532018 1510158 1506195 1573018 1759182 1818036 1776736 1744738 1597285 1515376 1562137 1659512 1612441 1472221 1357152 1251272 1100930 934030 773290 628956 512277 414819 326113 244420 178260 129048 93993 69799 52018 36488 30025 23727 20743 17202 17402 16527 16595 16239 15395 15504 15356 15815 15128 14244 14664 13947 13210 12330 12518 11117 12226 10012 10832 10526 11059 12762 11549 10435 11409 11997 10900 12227 12951 10925 12674 13576 12374 12075 11338 12576 12653 11475 12160 11673 14458 19393 10154 8333 7718 7992 
-278 66675 261941 397447 438664 478917 537304 560789 644592 650823 752256 777511 813093 999542 1012695 1116889 1208954 1334881 1441276 1495991 1521853 1528451 1486543 1521111 1763082 1898103 1815635 1724944 1579269 1517400 1590977 1634189 1556113 1491224 1373897 1255628 1106869 928940 791349 639451 505141 416252 337768 241571 180514 132001 94657 69106 51688 38400 30603 24707 21383 18250 17185 16142 16007 14709 14551 13788 13216 15452 14438 14397 15054 14631 14218 14054 13510 13348 11362 12879 11081 10740 10372 9466 11527 11800 12643 11456 10956 11771 11776 11115 10815 12168 11810 14692 12484 11861 13294 12769 11284 11949 14788 15830 9047 8959 10009 10648 
-256 62211 264903 374129 446463 474600 536668 578866 625873 671508 701555 811252 842518 971976 1029528 1099276 1229117 1340892 1432209 1466097 1495627 1477357 1562094 1567174 1667007 1924457 1883812 1680286 1590860 1573973 1559140 1591572 1574025 1468386 1373971 1251374 1109547 946628 809713 653518 509243 411221 334110 243603 183381 135447 97998 72854 50059 38551 30630 25458 23090 19643 18259 16092 14191 14352 13937 14604 13997 12967 12909 12965 13473 13809 13887 13954 14797 14030 13941 13431 12354 12317 12429 10684 9852 10543 10807 11714 11812 13491 11109 11980 11572 10023 10758 10629 12976 12927 13515 13287 12489 12870 16532 16033 9318 7711 7247 8542 
-283 58565 274431 362338 440354 490466 523121 604010 603350 673052 706594 807863 881071 935802 1015257 1148239 1253410 1309199 1415876 1386256 1505101 1559707 1540869 1547277 1683178 1862059 1892690 1767790 1609415 1541925 1533725 1580504 1602800 1474587 1344534 1232867 1125965 978229 806319 671793 530158 404237 314312 251790 186171 136731 102255 76496 52908 39111 30335 24644 22465 20356 20010 17654 16341 14400 13790 13695 12745 13543 11641 12275 12916 12355 11750 13803 14909 13056 14562 13762 13495 14563 12369 12596 11827 11189 11970 9979 10394 11965 12317 12008 11047 12002 11186 10784 10305 11678 12591 14100 12703 11288 15556 18237 10235 8712 10378 9391 
-315 49168 255725 366342 443000 502039 520769 583744 612132 672989 736916 795252 870094 927196 1048331 1159626 1278306 1252461 1349543 1414889 1577761 1598943 1483959 1521865 1663494 1823118 1922871 1852535 1620350 1484001 1509146 1582744 1614839 1503095 1325619 1225584 1124263 984539 818163 680276 539329 403606 314902 247663 191190 136184 102850 77559 56529 41057 30785 24877 23396 20795 20779 19770 17190 15112 14884 12977 14209 12273 12243 13008 11343 12702 11002 11451 11689 12962 12153 14862 14185 13385 13400 12722 14668 13940 12193 11041 11655 11728 11880 10993 11152 11629 12692 11014 11941 11795 10935 11043 12018 11294 15235 19487 10931 10680 9920 8561 
-302 46417 232617 374006 440302 493177 525427 563001 637730 685613 735904 779347 876522 945035 1080407 1130787 1242139 1235929 1333399 1549761 1565091 1527702 1509223 1509722 1577610 1806690 2017992 1796399 1623498 1536702 1506811 1563213 1594720 1509574 1368787 1249142 1091045 973331 836329 677182 540377 410527 322762 250620 189481 137724 101516 77691 59224 43813 32906 27616 24418 22538 19260 18510 17303 17829 15832 14265 13844 14579 12534 11083 12142 11930 11940 11185 12868 11641 11225 11377 11790 12868 14646 11512 13921 16059 14180 13216 12135 12408 12399 12184 11693 12025 10472 11674 12768 13053 11312 10973 9765 11615 14980 16967 10312 10669 8705 7871 
-341 47502 232808 370543 432841 489316 526558 577393 635936 687167 726102 785831 916980 927252 1076016 1117844 1141188 1358132 1400862 1520939 1503909 1511992 1534202 1491485 1582890 1794485 1910951 1804628 1647186 1566300 1577908 1555281 1523710 1504790 1443296 1258094 1091314 969621 815600 669882 538062 428444 332103 252939 190909 138196 102789 77594 58555 45362 36622 28622 24734 21271 20042 19086 18409 17534 15563 15456 15602 14750 14642 12598 11733 11394 11517 11619 11015 11081 11857 12758 11592 10865 10379 12822 13762 12162 13580 14455 13589 13925 12832 13193 13516 11908 11433 11025 12649 13953 11640 11627 11997 11534 14824 18145 9146 7230 6596 6788 
-248 58451 248238 364964 425533 491235 539442 581978 622459 671949 775233 787510 902900 938840 991057 1155117 1173812 1433813 1427550 1398506 1502130 1502167 1554099 1563891 1613035 1718555 1790515 1825159 1671343 1586692 1629525 1596037 1494496 1492189 1432107 1278347 1122078 965799 787177 649055 547515 445293 335405 250178 194049 145063 105782 75955 56427 45176 36274 29728 25839 23024 21283 19402 20070 18999 17929 15688 15084 14620 14263 13306 13769 13063 12105 11596 11431 11203 11075 12215 11061 11155 11681 10814 11339 11827 12292 12652 14164 14211 14109 13971 13702 12662 12111 13357 13738 13427 12894 11674 12615 11610 14610 16169 8893 7420 7650 8509 
-284 62930 256742 368687 423033 490944 544188 560865 638355 681378 792689 789499 839921 976908 942667 1217647 1298077 1286370 1449002 1409453 1452245 1513089 1562769 1632976 1625178 1636661 1720078 1820216 1711328 1596477 1607681 1636678 1574524 1472761 1382721 1289992 1136080 959348 785752 652550 547890 440959 335508 249822 194602 154097 110180 76165 54905 43081 36111 29547 25877 23076 22605 21830 20005 18211 17327 17727 16698 14943 14907 14224 14327 14148 12266 12504 12441 11788 12461 11775 10618 10987 12124 9093 10471 12992 10564 11853 12962 11929 12940 13675 13624 13116 13328 14561 13578 14614 14192 11966 11876 11983 14360 17791 9762 8981 8866 10075 
-250 63746 268911 359569 429113 486293 529621 565727 661535 691058 741237 833635 780208 996863 1061054 1136010 1334697 1221913 1413474 1467682 1466389 1533837 1538833 1606805 1645629 1600859 1694820 1854894 1714785 1603694 1616175 1642487 1594484 1473582 1377952 1281293 1112102 943648 808928 678026 539872 425998 336458 253465 194397 151826 117784 81034 54970 41820 35249 28254 25684 23142 20371 20961 20179 19414 18554 18782 17368 17166 15044 15400 15324 15142 12314 11440 13659 12728 13121 12222 12395 11053 11359 10943 11467 11097 10769 11445 10845 10900 11089 13011 13232 13749 13470 14314 14456 13765 13946 13210 12488 12750 15994 18368 10998 9361 9439 9208 
-265 70170 277670 366471 418272 474725 531479 596650 641813 711372 687690 842389 829743 965063 1163026 1059423 1237915 1325099 1329530 1493853 1572126 1535988 1492735 1538419 1622212 1619660 1734712 1852757 1750919 1626007 1577961 1632967 1579550 1466307 1412475 1264590 1103499 957733 807308 685498 549792 417011 334124 257589 192869 151724 115173 83617 59903 42713 34245 28204 24463 21322 22278 19610 18721 18357 17913 18988 17891 17280 16222 17075 14252 15052 15456 13918 14087 13383 12231 11387 12315 13109 13618 11439 12011 10812 10928 11393 10912 11112 10055 12042 11617 11866 12403 14646 14377 13518 13838 12794 13093 13254 17286 18142 10986 11550 11514 10230 
-313 78213 276233 359065 408975 486571 536302 600452 617248 715557 701563 777831 979296 936484 1066656 1133941 1125488 1360952 1368643 1480703 1631331 1570244 1479961 1465292 1557567 1658626 1796589 1882210 1808555 1612722 1509767 1557643 1626826 1477484 1371469 1278458 1117920 997846 804625 653507 551288 442517 331510 254038 193699 149958 112390 83414 61058 43059 32561 28209 26772 22401 21396 19564 18834 18686 17410 15802 17273 15829 16615 17216 16026 17420 15392 15679 14540 13760 12516 13749 13282 13340 11484 12230 13614 12649 12544 11235 11332 11139 10806 10444 10999 11006 12825 11471 12814 14320 13032 12934 13542 12684 15233 20595 11710 10935 11712 10577 
-333 60891 251719 365015 426083 484070 518889 600331 617913 678096 799377 765989 948579 978845 936099 1189268 1138769 1299241 1449834 1455528 1625436 1586742 1541806 1459137 1494960 1657144 1835526 1978709 1778265 1550927 1535107 1551647 1568403 1505798 1364934 1279692 1158567 979403 809557 654732 544681 445826 340442 256374 194669 149213 108657 81846 59656 43954 34529 28939 24329 22569 21993 20110 18846 17182 16233 16115 15760 14945 14893 17020 17081 15992 15421 17409 15764 15376 14681 13093 14063 12819 13618 12666 13643 12122 13243 11648 12797 12107 11777 11050 10131 10238 13088 12249 11789 11794 11625 12727 13509 11510 17000 20519 10669 9516 10729 10219 
-284 70523 274829 377913 413476 476734 522677 574456 655311 694160 807503 804536 800971 1030761 978766 1085961 1249110 1235553 1466608 1501039 1529857 1564474 1588768 1566946 1535418 1623955 1829476 1954437 1714908 1585612 1572316 1546060 1494087 1492535 1431344 1289276 1142579 964437 813276 672674 536403 439959 344424 262286 196072 149952 110385 79869 58357 43263 33544 28172 24060 22403 21878 20226 18207 17997 17348 15713 14541 15112 15515 15418 14672 14307 14964 15438 16394 16047 16258 15264 15773 13873 13399 14269 14276 14721 11483 12318 13037 12708 13542 11884 12835 11115 11906 10559 12493 10518 11226 12282 11331 10252 15250 19660 12374 11342 11383 10098 
-301 94342 291863 368866 407174 466755 542932 573539 667018 727615 728618 835548 802685 923802 1092936 1036351 1266235 1276164 1413209 1523823 1483748 1558202 1601981 1644170 1619039 1660105 1749634 1837777 1756679 1618665 1553024 1537681 1511887 1479360 1444017 1312637 1116363 960658 824248 666667 545764 436019 339010 259338 204362 151802 111308 79147 56118 41910 32792 26128 24985 23298 20892 19481 18060 18957 18298 16488 15590 14129 15780 14151 14117 13679 13814 14230 13789 16446 15207 15077 15752 16127 14299 15209 14837 15844 13992 13194 12629 13722 12626 12367 12517 13317 12390 12600 12793 11207 11536 10330 10830 11411 15303 18557 10492 9159 12368 13358 
-300 96523 292617 364025 413551 471101 540717 626040 626656 718031 704533 801434 896761 849207 1061454 1104166 1199997 1377554 1332972 1490326 1525932 1630557 1617839 1613521 1627129 1705705 1712695 1799298 1773180 1600792 1558607 1555095 1547356 1494688 1407640 1284248 1133248 965856 809107 665514 547631 432504 335970 262148 202236 154736 111375 81333 58169 41294 32017 25067 21823 21395 21825 18646 17101 18942 17404 17539 16085 15599 14819 14154 14494 13173 13691 13343 13399 13435 13753 14240 14621 16552 15373 16974 14413 16088 14896 13581 15193 13335 14350 13060 12790 13817 13501 12916 11972 12353 12237 11847 10810 11723 13750 18362 9670 8108 8819 10110 
-229 90941 298846 371435 421942 480647 548075 621066 611544 661465 768083 754138 897384 910166 938956 1166449 1205833 1374618 1342844 1459665 1597525 1673623 1624446 1569011 1588193 1668351 1791239 1813467 1721220 1639977 1581777 1559202 1564389 1494724 1393549 1259721 1126612 980200 806621 664502 536057 432059 336601 258568 201130 154530 114096 80467 59117 43459 30824 24979 21585 19892 19670 18265 17720 18222 16808 15715 17477 15334 15066 14908 14199 14081 13458 14621 12703 12765 13050 12848 14621 13578 14363 14213 16513 16051 16758 14180 14662 13635 14218 13351 16451 14407 14586 14877 12993 12651 13040 11174 12439 10849 14254 15867 9784 9263 9695 9513 
-331 96313 300016 382980 424532 497263 532033 564226 672873 621513 761063 786772 803754 987114 938389 1143924 1225338 1307159 1453558 1488571 1593748 1632577 1612439 1552194 1587915 1635764 1787036 1867080 1773131 1645598 1589909 1552569 1521420 1501894 1415417 1259055 1105447 978621 821153 656837 526683 429986 337210 254175 195407 155816 113659 81115 61543 45088 31634 25365 21073 19233 17436 15935 17928 16553 17708 14826 15929 15270 14682 14988 15951 15037 13747 13904 13095 12445 12910 13550 12032 13382 13058 13871 14299 14100 14186 17073 16812 13803 14729 15253 14094 14814 16030 14893 13820 13867 13811 12232 13453 12287 15428 18724 9911 8117 7873 8882 
-293 85723 304609 386418 439499 470386 525475 557310 657511 667832 675415 830482 807422 952211 1003952 1084525 1244180 1311614 1517439 1520300 1564641 1573621 1602363 1554111 1625090 1619127 1720190 1937692 1880905 1630894 1558600 1548382 1502012 1498943 1420984 1268185 1119851 955215 812839 662093 528996 421080 331793 250219 196577 151309 114290 82201 60710 43461 34893 25695 21511 20037 17483 16567 16419 14563 16011 16481 15063 12937 14098 15551 15709 13737 13706 13346 14688 13630 12233 13065 14031 12185 12417 12841 13940 13312 13448 13018 14738 15338 16215 15903 15809 15223 14812 14758 13395 14465 15964 14902 13396 12894 17275 19300 10015 9121 8823 6817 
-314 81059 304290 387029 426452 450650 532793 569315 606729 726234 648175 779897 883933 896359 1014028 1090999 1297372 1364267 1439467 1503099 1608767 1561677 1572814 1601685 1596794 1631405 1731667 1957580 1896581 1658900 1511836 1558145 1558912 1459835 1381285 1295172 1135191 943751 786034 665515 542476 416059 321409 248022 195242 148584 110363 82794 58577 43634 33914 28794 23438 19229 18895 17032 16982 15031 14357 15720 13843 14087 13231 13006 13199 14465 13210 14873 13979 14611 13229 13166 12886 12791 14110 12540 12755 12343 12277 13842 12732 13513 13716 15753 15880 16029 14206 15149 14671 16422 13776 14234 16477 14236 17070 20704 11798 10182 10658 11488 
-275 76511 289043 374576 421160 476919 508594 579264 587674 682884 747680 719087 868392 911813 1021375 1164681 1286350 1343569 1390812 1478662 1616441 1649825 1577364 1575866 1565853 1640484 1768918 1929298 1845085 1678664 1568293 1588285 1575020 1465483 1364125 1268773 1127947 955258 795589 649823 535692 424052 321391 244930 193596 143807 107083 80848 59459 41552 33260 29565 24757 19923 19103 18791 16733 14511 15230 13791 14074 14049 13124 13761 12610 11881 12990 13067 14443 13444 12650 13976 13313 13327 12911 12999 12267 13364 12208 12379 12900 13163 12963 12923 14466 15752 15145 16317 14579 13492 15495 14432 13671 14397 16349 20150 13577 12818 12852 15339 
-246 67839 271734 385094 429003 470025 502558 554087 622098 653040 770585 738776 798372 962131 1075038 1187215 1226010 1310637 1406037 1499834 1577930 1724359 1597399 1565355 1593179 1641019 1734748 1871648 1869049 1678585 1609490 1605553 1562106 1530068 1384986 1207255 1099912 975104 815288 643184 517402 421234 331562 245939 188235 143526 102510 78647 57728 41887 33192 27726 23734 20272 20150 20296 17117 16154 15481 14886 14394 13320 12016 12232 12364 13314 13672 11646 11573 12441 12893 13363 12937 14349 14054 12322 11325 12247 14629 13680 12028 12269 12680 12813 13789 13265 15405 14475 13535 15005 13942 15235 14264 15759 16238 18569 12211 13518 14167 13671 
-267 75630 276483 394298 430930 442176 519967 536300 640562 667550 710962 795321 817382 968391 1088851 1142147 1203301 1338442 1376918 1556657 1591571 1670970 1636600 1606695 1622631 1626020 1694035 1775780 1925234 1750251 1572797 1561404 1598421 1547544 1417328 1213677 1066033 961179 819843 654324 520126 409000 330855 253526 189594 139571 97622 74918 56457 42698 33444 26016 22954 21425 20171 18106 18419 17384 15766 15934 13404 14028 12623 13734 12220 13257 12501 11462 11566 11388 11376 12632 13819 13031 13271 13308 12911 13206 12609 11573 12584 12690 12256 12825 14275 13417 13977 12375 13633 13254 14463 13808 15187 15297 17359 18523 10917 10067 12310 15813 
-262 82701 290751 369599 426037 455066 519437 553441 602857 684102 707942 829676 885285 918800 1034351 1142094 1193867 1369744 1403053 1519672 1626285 1669728 1678597 1590450 1597430 1618449 1672799 1770791 1898162 1787031 1616615 1546704 1579721 1519584 1413063 1275956 1080900 931323 798817 671349 536144 405972 320001 254743 191744 136927 97067 72347 54687 41454 34342 24934 21184 21382 19768 19443 18016 16226 16077 15979 14806 14403 14033 13147 12674 13013 12416 13176 12396 12582 11314 10615 11847 10701 11494 12727 13929 13918 11000 12641 12909 12225 12990 13684 13102 12332 12871 13011 13573 11961 12054 15527 14356 14334 16297 18447 11649 11013 12644 12934 
-242 68851 284356 381084 419580 464870 518245 557324 587695 693563 752952 818498 907040 898108 974933 1165925 1197882 1381851 1459920 1428151 1650469 1752945 1682621 1573007 1583157 1617767 1678514 1742757 1874516 1809631 1659159 1555323 1528510 1492524 1414305 1295481 1093742 940942 793537 662343 547729 414950 314639 249168 188408 140246 99523 69811 53739 40522 32019 26250 21469 19647 19022 18130 16945 16650 15705 15912 15848 15026 15091 12998 12362 13026 13473 12574 13606 11169 11834 12815 10893 10779 12783 10236 11914 12791 11950 13067 13093 12059 12543 13932 12468 12213 12597 12694 13107 12751 12723 13247 12396 13101 15595 18075 12819 10910 12079 13978 
-225 73517 275683 387358 438826 458472 501889 561396 624976 681947 772450 805847 849520 972121 958031 1128199 1278400 1303414 1479356 1463759 1622485 1768219 1694455 1562558 1586162 1611536 1630137 1688758 1933368 1882330 1598776 1548239 1554445 1493882 1403983 1280422 1116269 949428 798394 662620 542375 427682 320327 240500 185651 138812 102499 71361 53972 39110 30414 25789 22495 20877 18188 17374 16119 15886 15183 16476 15350 14923 13318 13689 13525 13826 13166 13202 12347 12991 13027 11801 12887 13135 10529 10575 10405 11821 11787 11134 12438 12430 12399 14273 13104 12296 12234 11711 12234 12334 12731 13603 12023 13722 15289 16054 10169 12136 15367 12518 
-326 73174 274492 389926 432167 460486 505741 573594 641758 693072 717992 818375 830158 980535 1065374 1059860 1285687 1320541 1440488 1573871 1606045 1628974 1651722 1624462 1603828 1630352 1640627 1726385 1857095 1841139 1622730 1574804 1544712 1492268 1410402 1260292 1128686 963255 790523 674777 543019 429762 329195 243690 178679 139317 103113 75514 54043 39555 29645 24717 22697 19481 18354 16408 15053 17365 15509 15744 13504 14098 14244 13911 13187 13350 13461 12785 14105 12967 12490 12912 12496 12771 11018 11972 11908 12844 9949 10086 12472 11626 11498 12885 13126 12855 12998 12209 11182 10935 12465 12773 13769 11247 15595 20341 10453 8818 9373 11457 
-302 65703 280441 382386 423831 475457 528877 579546 634317 684429 680546 801794 898668 950133 1147505 1082541 1203560 1387138 1463469 1582880 1661819 1537392 1421624 1544623 1668806 1829409 1743635 1793816 1786610 1586037 1607636 1718608 1593660 1455167 1382900 1269658 1135918 963743 795255 672195 539665 434482 336989 250669 180688 137459 102736 76839 55812 41262 29202 23545 21835 19561 18181 18290 16166 15639 14564 15009 13831 13663 13406 13075 13704 12890 13207 12855 13236 13391 12386 13200 13517 12206 12036 13034 13834 11696 11294 10571 11503 10921 11732 11664 11593 12491 12092 12510 11797 11918 11774 12270 11513 11007 16796 18681 10305 8766 8284 11079 
-466 35867 215398 388951 444257 479306 540653 586690 583580 658287 747185 754456 956927 968655 1070659 1202242 1219623 1394328 1542302 1503818 1474346 1569239 1376919 1415796 1666999 1993075 1863870 1905763 1707755 1445999 1544726 1718963 1684885 1508192 1341538 1275338 1127526 971794 813079 653646 533801 437525 341532 259150 189725 136764 100950 74722 55802 41520 31546 25992 21857 20375 19156 17769 16236 15189 14964 13912 13435 14055 13566 12721 12293 12453 12561 13552 12127 13216 13224 12647 12644 12099 12498 12530 13086 13255 12582 11781 11579 12106 11771 11497 11044 10877 11959 11779 11433 10458 13032 12573 11329 10961 16985 21878 11068 8711 7687 7681 
-347 19001 175871 390704 447585 505088 501551 568161 612647 623224 812734 770688 888685 1031120 1050229 1253269 1410485 1372086 1362313 1452191 1338437 1490891 1530767 1572249 1647275 1845310 1942683 1894411 1667769 1609787 1623006 1553486 1575041 1557293 1431272 1269308 1102146 963972 835469 651757 527388 433151 344108 260547 196320 143063 100336 73303 54043 44638 35726 31084 24577 23313 18515 17748 18378 16101 13691 13697 13382 14257 13802 13495 12530 12263 11925 12559 11965 12167 13106 12914 12256 12305 13245 13767 12358 12095 13078 12782 13620 11674 12869 12470 11681 10387 10684 11601 11739 12342 10415 9797 10643 11025 17173 17735 9703 8378 9895 9061 
-201 25147 186237 379669 443585 489389 502470 542321 654232 649377 762752 859446 837618 1015720 1223380 1235494 1357376 1389985 1177132 1368261 1407776 1413898 1635680 1792270 1681191 1681875 1795937 1754227 1810583 1813085 1637570 1557891 1483372 1469996 1479885 1300455 1111192 958090 808625 677301 536481 420046 342823 265097 196867 147904 106735 77249 57058 46039 36572 30961 28213 25433 22269 18968 16885 17482 16006 14833 14972 13069 12792 12456 13525 14196 13007 10536 11054 11504 12619 12328 12970 13063 13173 11021 11729 12415 13224 13077 12672 14839 12542 12895 11519 13156 11788 10328 11575 11399 11410 11770 10953 9249 13571 15584 10951 9251 8623 7927 
-275 50556 227811 363027 428709 462514 539938 563824 618387 705678 732579 876000 952166 986756 1223776 1275919 1157824 1341020 1232436 1244524 1491651 1590943 1623149 1704043 1813266 1662990 1535581 1703223 1925764 1858292 1686659 1629224 1521335 1411260 1362740 1300114 1170047 951793 788041 683380 553711 417641 333244 270228 199411 143173 112339 84324 61920 46694 36806 30516 29801 27504 23983 22684 20921 18319 16644 15762 15317 13998 13043 12946 12099 12526 13402 12309 12575 12103 10865 12197 10863 12621 13058 11934 11775 12494 12006 12684 13257 13342 13529 13299 12490 14312 13047 12382 10155 11498 10928 11874 12449 11014 14657 15725 8674 7124 7068 7704 
-268 64771 246321 341635 426916 487869 526437 594547 624151 696926 785802 876691 1022802 1032670 1023686 1242305 1148143 1160177 1366315 1345574 1531974 1652553 1661743 1633841 1684955 1666156 1616791 1716027 1779371 1871735 1785447 1637606 1582919 1454107 1296749 1226894 1141888 984674 805208 672733 550620 426895 336442 266459 196537 147840 112431 87387 63848 46727 39548 30651 28978 27537 24888 24035 23497 22490 19841 18807 16617 15311 14748 13812 12426 13185 12755 12203 12611 12409 13098 11981 11552 10291 12012 11028 12473 12366 11660 13403 11535 13696 12936 13000 13290 12907 13692 12632 12848 13560 10397 11006 10764 12067 14192 16036 9080 7971 8326 8604 
-266 71226 250449 354587 419696 497745 564502 573271 638326 720971 850540 935194 903001 1010789 992467 1036789 1221569 1135253 1420862 1548516 1504058 1583634 1747272 1640229 1472412 1684214 1811279 1704196 1672209 1843912 1838825 1645615 1568061 1507284 1362238 1179381 1052167 988610 822410 671662 549777 436443 338139 261997 198302 151399 114270 89176 66362 47817 37048 30636 30155 26770 25172 23289 20230 22277 22385 21246 19938 18082 17222 17661 14354 13122 13663 11988 11887 12640 13483 13143 12790 11922 11651 9667 11944 11491 12192 13023 12079 12446 13084 12218 11318 14411 12525 12575 14207 13412 13187 11243 11334 11029 12844 16596 9412 8605 10170 11886 
-308 80407 256725 366102 436726 485445 571182 601374 648670 830228 808054 861829 870529 905564 1017350 929855 1226346 1311689 1390666 1556905 1534594 1656241 1610363 1638764 1597928 1625494 1737044 1800388 1753742 1765717 1776061 1643043 1556307 1524377 1410733 1219728 1038109 927833 806980 684196 555471 444322 334933 259366 203959 155472 117353 89600 68826 49498 34429 29142 27418 26260 24870 25035 21466 20534 21864 18856 19802 21253 18958 18230 19524 17860 16129 12657 13738 13126 13498 11069 12918 12474 12248 12543 12145 10736 11525 12296 12455 11858 11983 11674 12859 12958 10824 14192 12603 12916 13610 13856 12496 11934 15032 17567 9765 8537 7857 9629 
-298 78939 271820 381199 426532 500285 567345 673642 694423 770645 773616 771721 884555 816062 1007673 1042965 1132325 1439546 1392837 1471764 1570576 1677908 1581168 1637657 1698319 1588442 1655467 1865652 1910821 1743577 1608748 1601640 1606768 1501432 1411202 1284968 1073183 888605 774025 676210 563534 450011 334446 254738 211571 163181 119429 87745 70748 49851 35117 29422 25083 23281 23795 23498 21996 20594 20331 19724 17579 18287 18646 20271 18222 20142 17773 18433 16173 16208 13655 13410 13374 14049 11261 11637 12883 13967 12361 11758 10920 11225 11652 12963 11835 12093 12206 12464 13007 12073 11993 13697 12814 13237 15203 19059 10146 8064 7996 8968 
-296 90646 291808 390835 431853 504142 634554 667208 677071 678165 781339 715877 835738 885173 906209 1220405 1155549 1318050 1454337 1448264 1532039 1621973 1733733 1609859 1596604 1686950 1754149 1836243 1932603 1741214 1564358 1549267 1583236 1504065 1403069 1298901 1115409 919762 759641 644759 553556 448248 344382 259439 209931 168651 119085 91223 68168 50488 37435 28605 25412 22133 21130 21162 19742 19674 20674 19152 17940 18839 19376 16670 16150 18981 18358 17653 20485 18175 17154 18327 13864 14593 13934 13232 13200 12855 12385 12561 11105 12085 11863 12102 13067 12075 11586 12401 13151 10965 11528 12374 11712 12119 17759 18340 10250 9224 10615 12164 
-338 82751 296251 400908 472862 535499 610212 612241 665349 623107 728631 771272 754506 998840 954314 1131753 1245961 1234125 1430669 1473554 1562688 1578786 1641661 1640253 1641065 1739111 1888065 1911598 1763976 1687727 1662676 1557177 1482948 1485620 1415792 1272317 1143827 973563 772107 631118 525136 438512 353364 275864 206759 162898 123648 91009 69801 49625 37303 28900 25497 22012 21197 18816 20246 18883 17542 18230 17756 17055 17286 16748 16837 17631 17254 17216 17490 17451 17950 19345 20054 16690 15609 15997 14556 13237 13953 13233 14816 12905 11802 11630 11550 11316 13048 12510 10960 10995 13168 12286 11333 10789 16454 19692 10424 9270 10601 10919 
-257 95943 332340 441569 477750 503127 565794 568374 639463 641068 650033 866254 803959 931588 1068822 1018379 1235321 1298344 1388784 1487256 1549706 1579337 1507938 1672068 1733240 1795754 1980398 1920329 1696040 1628254 1623913 1593627 1517686 1450307 1372532 1260578 1154093 994000 818706 642117 505514 420295 359319 280541 209599 159416 122431 92819 68944 48147 36819 29224 26280 22999 21087 19464 18236 17640 16777 15530 16664 17707 16242 15164 16399 17523 15968 16395 17162 16003 17709 16861 17335 17239 18979 18988 17284 15938 16805 15389 15830 14041 12373 13564 12329 12114 12237 11484 11356 12587 11948 12517 11668 10539 14212 16117 10109 10435 10182 10522 
-406 117636 350254 438983 459878 455273 522194 562418 588475 719150 673772 776640 953661 857062 1027240 1098725 1155951 1354810 1404327 1464713 1456510 1523036 1645642 1682565 1674303 1909646 2031096 1799148 1788579 1662442 1515136 1527022 1565848 1481684 1358528 1253449 1131445 989562 852024 665609 515590 420759 346059 272909 206166 161929 122527 92681 67152 48806 37456 27282 27185 22507 21170 19601 17146 16495 17473 15820 16886 16155 14672 14248 15945 14973 14828 15398 16034 15274 17154 17812 16570 15579 16607 16774 18195 18632 18662 17003 18008 17325 16357 14748 13502 13592 14242 11661 10583 12086 12048 12966 12655 11211 16359 21127 10794 8310 7582 8024 
-350 90369 338818 418008 425781 438091 479179 585661 594416 684368 803883 730724 879662 950850 953199 1137351 1197471 1333856 1388393 1396176 1443410 1516432 1742551 1743262 1655206 1863105 2024414 1804920 1785913 1705612 1546588 1454460 1471166 1537260 1432919 1241721 1107841 992420 837828 687592 554654 426708 336251 262431 196550 163211 122517 89786 66552 47718 34177 29958 27009 23113 21136 20416 17427 16540 16655 16705 16552 13927 14106 14949 14851 14406 15670 14567 13795 13484 13688 17102 16582 15672 16096 16905 16247 15583 16508 20563 17550 17619 18587 17782 16657 17290 15380 15250 12770 11312 11323 11527 13113 11448 17375 19556 10363 8513 8002 8491 
-338 87735 303184 397568 417094 426247 473541 571261 667524 673226 776744 806208 753689 990837 1010119 1096978 1285356 1242876 1337438 1393113 1519615 1568369 1721517 1750387 1678615 1757658 1983201 1908241 1759993 1653608 1565390 1514419 1465263 1487929 1452202 1277401 1111098 967473 833595 698282 577699 446229 330650 260160 191841 152945 121586 87507 65977 47320 36465 28825 23546 24061 21452 20520 18142 16401 17779 15050 16124 14567 13742 14571 14948 14085 13905 13757 14184 13977 13655 14478 13858 14255 14479 15726 17469 16350 16499 15957 15797 17207 18863 18236 16597 19172 17774 16531 19248 16417 13597 11123 11678 10949 14949 20084 11019 9383 9710 11225 
-266 70525 276559 384872 418360 433613 501420 574603 657267 727930 686953 829365 812787 868811 1105421 1093154 1262632 1234066 1322297 1475900 1533922 1657891 1710231 1618817 1615869 1803880 1951282 1924593 1775342 1606988 1544651 1570433 1562863 1462054 1391582 1306943 1124862 950433 846639 698586 562679 469641 346115 252332 189307 150037 112443 83352 64524 47607 36039 28605 25034 21788 21154 21492 19885 18678 15335 16152 14830 14251 14747 14498 15065 13817 13633 13659 13648 13917 14531 11839 12727 14003 14269 13785 14282 14807 16622 15988 17045 16219 16365 16427 16867 18003 18257 17021 18192 17331 17115 18333 16442 13255 16337 16512 9517 8778 11645 11918 
-277 61161 272229 362734 427601 471865 512057 609101 600562 712303 726498 759315 900358 875495 1009968 1126908 1211965 1323017 1374831 1488900 1625111 1711038 1541495 1536734 1593817 1783065 1988817 1912377 1760756 1629587 1551832 1535628 1613240 1547356 1368084 1267640 1151232 984334 823619 684799 569266 470448 359248 256259 184476 147070 108367 79296 60731 45154 36447 29859 25001 23054 20860 19580 19462 18551 18222 15427 15001 14894 15699 13509 13877 15026 13405 12620 12507 14634 13242 14198 13142 12594 13243 13152 13664 13716 13490 13705 15358 15070 16717 17791 16047 16975 15895 16938 16376 16688 17558 17866 17509 18515 20884 21388 11871 10732 10691 9661 
-281 54798 250408 385049 450512 505771 514921 573429 622249 642303 793807 746489 867891 940407 927686 1127802 1222047 1363683 1504186 1544159 1613140 1570982 1506075 1566120 1564290 1719990 1991556 1932826 1730908 1589989 1595482 1584293 1570646 1573402 1438649 1243616 1143080 1030239 807808 671158 569223 460408 363740 267745 185946 140263 104794 80089 57792 45191 34678 29256 24807 22176 21432 21635 17460 17322 17588 17809 16872 15315 14104 15061 14637 14572 12959 12981 12167 13740 13135 14371 13682 12671 12524 12644 12506 13147 13356 12768 14179 13103 13856 15392 16409 16569 16073 17151 13944 16907 16667 17734 16499 16570 19087 23095 16466 17149 18210 16914 
-305 50533 252900 401790 467389 494634 529031 550061 647225 633224 723585 837011 791701 949004 973501 1090659 1287360 1404718 1595185 1560055 1446578 1513245 1582120 1529754 1588337 1709147 1938247 1915076 1703489 1566615 1633623 1658303 1560852 1493823 1462278 1349051 1139031 983185 845897 693428 540994 443529 358506 275833 196833 135662 98311 80150 59812 43169 33585 30348 24571 22681 22863 20664 20279 17290 16240 17180 16092 16477 15127 14753 14810 15017 14140 12811 13288 13144 13168 13161 13666 13357 13281 12897 13211 12580 12828 12357 13126 12554 12459 13960 13482 15364 15345 15462 14836 16504 15768 16253 17041 16189 17842 20749 14227 16104 17115 17697 
-309 58931 276681 394032 474079 486921 533705 547264 611181 694858 661029 854399 827571 866471 1064470 1141258 1305815 1465787 1472775 1507169 1508246 1471891 1538348 1559277 1644524 1689455 1873044 1862402 1676491 1646946 1613837 1623081 1601927 1508436 1441928 1385098 1177045 961651 854725 715103 548920 425221 338699 268144 207899 142454 99643 76940 59266 46065 35383 28253 24262 23925 19804 19508 20310 18516 17794 15562 16357 16966 15615 15784 13787 14737 14480 14356 12588 13228 13902 12675 12899 12924 12952 13947 13281 13947 13082 11264 12955 12375 12407 12539 12553 13111 12612 14006 14138 14022 15998 15512 16343 15269 19449 20239 12448 13570 14429 15202 
-245 73228 283069 389195 459512 498542 514300 578196 603959 693493 677674 757883 914284 889581 1093173 1262273 1257010 1368744 1384858 1520235 1593321 1460735 1555332 1555296 1582033 1764561 1831207 1838172 1729294 1599428 1552881 1639531 1599628 1573303 1467272 1300065 1205574 1025683 835190 693826 577141 439579 320443 247048 201796 157389 107181 77305 59596 45881 34217 28729 24832 24161 21839 19024 18187 18690 17026 18631 16451 16401 14466 15142 17243 14545 14463 13540 13591 14050 13660 13986 12724 13659 12806 12833 12970 13065 12783 13725 13789 12368 12975 12999 11361 11787 12320 11877 13710 13416 13524 13996 15780 14379 18599 18581 12502 14114 14972 19046 
-326 86938 280340 396934 440856 483118 535188 589727 619017 642900 731387 719578 902146 1072255 1083714 1193744 1224275 1262104 1450796 1510134 1547685 1586938 1541146 1543503 1571839 1734419 1880003 1867494 1678641 1563594 1563212 1602838 1609604 1577162 1477621 1300438 1177442 1054007 853921 672558 568526 462162 333138 237290 187024 158116 117279 79919 57815 44132 36050 30662 26018 23193 21269 21403 19054 17415 16314 17214 16801 16522 16008 14601 14823 15502 13940 15091 15253 14166 13020 13143 14823 13737 13226 13570 12564 12663 13168 14770 12169 12610 12551 13017 12515 12765 11471 11873 11038 12258 12363 13143 13960 13177 17713 19173 12108 12443 13217 12975 
-355 84987 266307 383279 453274 482999 550377 568405 634687 639371 718369 837528 877349 1100248 1083763 1057429 1248713 1288974 1459862 1495922 1479358 1614941 1555729 1612281 1579137 1684129 1932895 1799136 1655704 1648006 1587520 1521553 1580096 1537888 1486375 1368906 1159906 1005118 887669 701857 533284 444531 359783 253886 190431 145399 120265 86506 57128 45011 35189 30247 27039 22692 21037 20557 18838 19047 18007 17337 17225 14983 15176 15747 15079 14553 14264 14178 15933 14800 14435 13254 14021 13959 14829 14365 11788 12739 13851 13346 12272 12977 13011 13933 13181 12940 11662 11806 11497 11609 11468 11893 12008 13355 16215 19779 10811 9993 11018 11844 
-258 68578 274543 381754 451835 484861 554718 576488 600781 712730 752112 881364 897148 962049 1070122 1070007 1248878 1362373 1348736 1515332 1502232 1587144 1618047 1591471 1613800 1758977 1830727 1773344 1753706 1620558 1577684 1557399 1537521 1481616 1467031 1375945 1180416 1001405 867898 712218 553130 422109 345493 284180 206562 146012 115569 86125 60334 43961 35241 29147 26070 23848 22622 20964 19169 17778 18400 16980 16933 17086 15781 14308 16453 14310 13155 14301 13903 14809 14651 16350 14669 14551 13235 13897 13363 13556 13520 12721 13267 14149 13722 11667 12887 14622 12296 12473 12756 11555 11592 11218 11296 10750 14170 17035 10165 10644 11350 12565 
-277 82219 281826 384746 450459 478331 539184 618746 638429 719634 823220 824396 879639 872743 1067114 1173307 1174695 1367566 1337661 1472143 1595450 1607075 1590130 1563243 1647927 1717166 1878638 1862254 1731884 1566248 1570795 1578699 1552535 1498681 1386984 1313365 1210419 1040738 836726 694515 582215 431331 335960 279571 219589 158707 117601 86298 60650 44112 33156 28502 26385 24682 21254 21103 20032 18042 18572 18408 15660 17617 16002 14804 15888 15137 14522 12463 14087 15622 13980 13010 15194 16214 15036 13649 13120 14661 14705 13369 13117 13098 14144 13190 13047 12377 12676 13155 14225 11081 11697 12155 11935 11073 14934 16232 9081 9284 10386 11247 
-318 64799 257583 395119 434842 494632 562868 623027 711139 708958 783216 794945 856641 919292 1012659 1218146 1147693 1303484 1423704 1463938 1638345 1600078 1573895 1559395 1607494 1694255 2007318 1923226 1649598 1568608 1551594 1577022 1573011 1522063 1353016 1259642 1185719 1036443 854147 691949 572238 463887 347270 268074 212919 169281 123133 86571 64417 45413 33616 26780 23805 24831 23516 20911 18877 19468 17154 17387 17125 16608 16447 14506 16121 15418 15225 14536 14057 14820 13539 14124 12942 14995 14964 15153 15180 14146 13785 13313 14472 14749 12821 14106 11600 12959 14916 13363 12020 12461 11944 14094 11703 11459 14385 18868 9362 7733 7730 9030 
-275 52982 249144 386442 466630 500424 615636 632230 674098 714199 723190 802451 873940 993722 960278 1108879 1220191 1280824 1502460 1532286 1560711 1575732 1590187 1497861 1614082 1805509 1966716 1911888 1680043 1557047 1551029 1605569 1555936 1495554 1394088 1257468 1123315 981294 860275 723803 568004 470256 373117 264969 206986 170027 121095 88975 66296 46304 37710 28800 24484 21931 21047 22281 20262 19075 17804 17821 18232 16696 15671 14361 16335 15260 14030 14590 16003 14787 14227 14922 13905 13488 13852 13051 14012 15828 15923 14833 13498 13544 14421 13857 13549 13194 13680 13247 13025 12919 12854 12692 12906 12196 16469 17331 9053 8120 8649 11361 
-334 51937 245048 405792 491321 537855 584703 639455 638181 693277 723701 816442 898879 980519 968032 1005499 1304924 1356720 1445170 1552435 1586469 1478599 1539633 1606254 1642087 1785869 1942893 1893710 1639358 1596048 1617772 1598946 1518741 1471316 1444461 1255077 1085273 960685 834631 723016 592558 467603 377427 286360 208018 161632 119153 88932 64622 48230 39629 32461 26508 23737 21227 19981 18873 18929 19152 17964 16866 15891 15758 15157 16144 16239 15569 14465 14445 15317 13784 14814 14545 15345 13339 14070 13474 12794 15230 14587 16779 15297 13782 12827 13960 13711 14664 13280 11897 13179 12321 13479 13107 11384 17803 19579 10070 8346 8637 10455 
-260 55338 274942 431789 493031 543882 545834 615562 638458 689604 764323 814507 868137 913653 1069588 1053198 1232960 1427586 1427439 1470085 1593813 1519312 1525650 1661463 1643256 1780171 1931772 1843505 1643942 1600584 1629717 1645744 1553613 1455031 1388487 1257485 1101522 967852 816490 695485 599262 468466 370798 303931 220855 152185 115048 87402 64101 48366 39255 33535 29469 27986 24605 20743 19377 17055 17480 17671 17731 16493 16806 15294 15234 14825 15326 16260 14238 14800 14463 13986 14442 16257 14650 14023 14913 14698 12238 13876 14525 14166 15072 15130 14722 14994 13052 12342 14570 13884 12991 12797 11856 11878 15023 19942 10970 10484 12798 12891 
-324 70877 284738 444972 485017 504365 548695 591745 654076 711158 756205 792086 879840 904824 1107316 1161473 1179907 1321952 1465218 1471836 1488502 1675574 1536190 1574305 1678956 1833894 1884146 1786092 1696270 1583642 1597994 1681372 1619472 1456658 1344227 1242538 1120828 984149 831929 677832 570080 469186 369728 301363 227862 157524 111412 89479 66695 47930 37785 30954 28654 25863 25095 23533 23226 20592 16915 16260 15474 16595 17349 16374 14865 15256 14796 15049 13990 16276 15463 15323 13880 13854 14865 14864 13586 15669 14615 14219 13733 13526 13767 14065 15326 14873 14674 13523 12995 14005 13122 14399 13351 13583 16780 18426 10610 10217 11498 10475 
-254 69492 313672 424727 459612 492710 542056 612963 669688 691718 746720 784391 918176 963876 1043982 1203629 1229421 1239277 1360760 1621289 1504556 1593492 1581546 1559415 1680357 1834670 1952070 1740346 1662869 1598138 1599598 1622487 1644480 1499155 1356743 1245417 1115492 975551 844359 683560 547523 469852 366745 277290 224345 167290 117001 88151 65188 49706 37552 29552 27090 25319 25316 24302 21622 21761 22056 18906 18054 16841 15707 15457 15102 13727 15949 15347 15101 14367 14276 14604 15861 15342 15183 15333 13294 15050 15028 14037 15616 14250 13479 12498 13915 13749 14573 16090 14693 13521 13022 13894 14268 12253 17056 17981 10866 10239 11129 10321 
-362 84347 301277 398304 457946 495224 556517 611070 667003 669431 748874 831682 914038 1009203 1038087 1136844 1235385 1340337 1299267 1600799 1579132 1479454 1610589 1569572 1694341 1833336 1987832 1753131 1606528 1583484 1615409 1608214 1585465 1524706 1417772 1271080 1119988 965218 816503 692075 570017 458278 356657 262948 202866 170976 128021 88922 67286 48692 37353 30345 25566 25275 23725 20760 21279 20523 20068 20639 20176 19615 17768 16623 15418 15537 15168 14408 14217 14064 15572 14895 15431 13907 15122 15512 14963 14796 14125 14776 14750 14836 15806 12362 13170 14967 12930 14549 15067 13703 15117 14220 12534 12902 18160 20646 11165 9720 10263 12507 
-284 66696 288666 404571 447377 514638 571516 569309 648292 708068 758700 865735 919468 1006991 998927 1167189 1206636 1421205 1401010 1329962 1642937 1573447 1543184 1560728 1725966 1847209 1955997 1768780 1598150 1584229 1564798 1628059 1582044 1504553 1435922 1288926 1156168 969878 803160 682891 588623 453221 342764 260991 191443 158564 129025 94755 65305 48676 37331 32527 27230 22980 24229 21427 20608 19097 19212 18160 19545 18822 17861 18726 18110 16086 16686 18029 14586 12914 12654 14540 15995 14794 15122 14865 15478 16459 15325 14362 13575 15434 13874 12880 15044 15592 13061 14017 12830 14134 15212 14863 13664 13713 17047 18316 11311 10224 11449 16251 
-317 73227 289935 397407 460583 509968 547618 573471 646268 732792 798635 867941 881637 1005762 995736 1189135 1303073 1266846 1486223 1334594 1536728 1629493 1553910 1550885 1670481 1935590 1911634 1747721 1604039 1591047 1552791 1597491 1644451 1517811 1383331 1298237 1155004 989288 848664 677026 564020 456616 335517 266093 191025 148290 121119 93840 68083 47771 36303 32388 27921 25166 21557 21288 21601 18401 17605 18364 17907 16863 16319 16442 19011 18864 17795 18190 16342 15541 16869 14571 13887 13790 13532 14442 15281 15191 16015 15509 16555 14623 13687 14657 13629 13470 15178 13832 13185 13085 13665 13917 15638 15308 16320 19470 11912 10727 10697 13903 
-298 76461 281099 401975 447390 493974 548397 598965 661070 740693 782391 888109 860076 963581 1134534 1111664 1350205 1220868 1416435 1525492 1419728 1593592 1576195 1554356 1652592 1977929 1880903 1719294 1599426 1582310 1593084 1592446 1638165 1555939 1392814 1264335 1135812 997256 875498 704059 547201 446973 339599 263937 198769 146295 112292 86672 65571 48837 37278 28939 28318 24943 22907 22228 20894 18452 18877 18174 17030 17066 16367 16262 16057 16414 15962 17016 18294 18199 16457 17788 16648 15327 14429 12798 14504 14578 17416 13858 16285 15343 14633 13550 14309 16243 13904 15380 13234 13055 14411 12648 13743 13353 18286 19170 12095 11386 13559 15540 
-295 76090 287246 395816 431456 496399 561505 629076 653922 733488 768402 835852 978602 931661 1158725 1115838 1199153 1410159 1310666 1548124 1509210 1509461 1523722 1625758 1692149 1880726 1906165 1692222 1622925 1553095 1602595 1654213 1621409 1539407 1427759 1252219 1126772 992032 845661 729015 567590 438645 340304 269231 202905 145435 108978 81303 60873 46435 36968 30785 25504 23391 22643 22067 21521 19109 17698 18870 18473 15500 15900 16099 15291 14817 15611 15858 15809 15939 16430 18217 17704 17692 17865 15821 15366 14136 15146 13891 15005 15308 15516 13998 15034 15002 15664 13424 14287 15057 13921 12530 13561 13169 15153 19935 12191 11896 13099 15166 
-302 86114 281161 388953 445226 506816 566446 642974 644779 697069 799921 808738 1023034 982026 1025580 1247753 1106050 1420802 1401882 1420094 1568860 1517830 1536991 1585531 1721757 1822442 1873456 1724640 1631423 1571526 1594860 1658068 1629566 1533791 1431080 1268792 1135139 973886 816684 713165 593887 457941 345989 269434 204691 145650 108277 79543 57932 45203 34588 28772 24494 22947 21891 20253 20225 19604 18498 18420 17813 17539 17224 16246 16805 14581 15080 14140 15545 14551 14608 14988 16018 16423 18399 17453 17620 17526 16711 15259 14595 14445 13896 14195 14493 16265 15632 15421 15859 12342 14250 14704 14463 12609 15829 20826 11164 10832 11983 11466 
-259 79617 286022 402051 456875 510360 567443 625039 673809 663449 804361 880617 867660 1118262 1016978 1209104 1216533 1208108 1503968 1429816 1544820 1598550 1542730 1527241 1683162 1834446 1870157 1728849 1628063 1610045 1577220 1616976 1644963 1538059 1443500 1293346 1117536 974716 813013 684393 599665 473960 360914 273673 206810 147279 105269 78032 58726 44178 34020 26969 24955 20683 19429 19792 19387 18832 17720 18911 17439 16609 16601 17561 17438 16105 14404 14986 14329 14636 14395 13854 15227 15029 15145 15869 17166 18215 18326 17960 17945 16032 14122 14031 13805 14742 15187 15760 14606 15380 15359 14246 14103 13709 17701 19106 11743 10423 11324 9375 
-270 73571 296944 408878 466462 493982 577525 606545 671645 722812 734047 918919 845560 1068822 1168661 1036314 1331655 1200318 1349508 1553173 1565237 1605271 1538477 1531449 1630086 1805327 1904291 1766403 1638886 1603369 1527186 1611639 1644311 1559883 1444403 1293366 1134411 958360 829884 682402 579339 477902 372423 281899 207318 152669 106311 78343 57909 45121 33749 25318 22958 22214 19487 18443 18112 16924 16939 16556 17154 17726 16110 15821 16520 15791 16247 17690 16011 14488 13706 13098 13715 15979 14306 12545 15578 15688 16437 17134 17817 18108 18034 15642 15662 15094 14183 14675 14716 14986 14725 16787 14874 13965 14577 19236 12839 13761 14099 10814 
-297 74559 298689 413162 465556 491943 567652 628417 652690 749524 723123 851773 977255 914780 1216940 1114353 1184686 1367776 1245674 1577311 1603824 1545970 1567749 1513782 1618409 1779056 1924670 1861845 1631809 1547267 1530038 1561889 1636420 1589204 1428078 1304257 1149393 970404 835611 701478 566282 465225 373963 286361 214937 155993 110405 77956 59112 45829 34318 26932 22795 22109 18346 17390 17863 16724 16748 15781 15197 16080 16582 15218 14679 15275 15331 16744 15916 17090 15531 14862 14140 12907 14399 14875 14444 15158 14388 14499 15577 15629 17255 17801 16681 17691 15688 16102 14765 15140 14355 14406 15588 15470 17854 20180 12275 11721 13016 13303 
-387 74398 300763 412265 456893 519342 545289 635224 650724 709647 819393 771779 1004633 962814 983456 1307075 1122629 1381392 1398724 1409754 1642785 1554227 1547054 1543426 1583270 1756375 1940557 1883148 1664380 1537464 1546202 1497125 1613580 1552951 1451006 1327632 1145857 995713 845540 707231 578645 455139 365955 288451 214823 160820 116674 80539 58832 45517 36012 28193 24699 22288 19530 17511 15968 15670 16211 14940 15403 14857 14040 15232 14720 14079 13915 15659 14992 15051 16482 18576 15420 14227 14897 13296 12892 15133 15059 14915 13872 14033 15834 14717 14813 17039 18559 15384 15862 15799 16254 16068 15555 14032 19675 22456 12225 11054 12315 13103 
-308 65093 286273 412944 473984 511278 548818 594243 703379 704081 821814 809216 840176 1136376 923561 1105845 1348763 1308541 1474890 1399030 1552993 1639118 1519878 1566553 1550339 1734387 1960384 1842576 1691881 1554803 1546562 1562892 1552869 1497232 1449436 1331486 1172143 1017740 857292 706008 592226 457542 363141 286160 212446 163614 119164 85053 59050 44622 35395 30824 26350 23985 21489 17980 17001 16595 15420 14034 14196 14387 13730 13703 14766 13510 14395 13323 13714 14092 15641 15235 15699 16215 15737 16601 13901 14597 14138 14174 14014 15349 14028 13631 12797 14270 14839 16842 18064 16734 14777 14467 16467 15959 21703 20134 13977 13150 14562 12460 
-286 66582 286119 421450 470579 499236 563744 597870 708377 739393 717593 928152 820207 942909 1145464 974649 1292479 1371626 1472209 1516843 1428130 1687388 1535898 1555139 1598835 1693378 1901735 1853120 1668847 1577904 1583681 1570294 1523064 1530682 1409287 1311703 1193985 1017140 872165 714066 590328 476293 364792 284548 213567 161499 122685 85158 60981 45724 35578 30891 27412 24786 22322 20964 18080 16856 15898 15308 14435 13962 13850 12734 12718 13636 13161 13953 13520 12276 13952 13255 14368 15112 16126 17133 15852 16556 15755 12626 14221 14230 13118 14152 14813 13561 14228 13114 14998 15017 16072 17244 15063 13480 17219 21871 14699 15274 15577 18332 
-325 84845 309212 406556 458416 521712 569043 636975 655658 788041 723302 797941 984192 844858 1064814 1120983 1106015 1422875 1427225 1626491 1501890 1565803 1601529 1540560 1602957 1653258 1873963 1874809 1656873 1594129 1540678 1576763 1569003 1515841 1439990 1294373 1167779 1018745 870723 731893 589193 490598 373396 282222 217227 165104 119486 87851 61065 45235 37018 30507 26280 25002 22083 22817 20260 18378 17034 15838 15290 13848 12593 14469 12984 13459 11802 12401 12651 13621 12909 13153 12354 12949 14175 14870 16304 16130 16341 15759 14749 14981 13172 13847 14477 13029 13804 14503 13167 13996 13613 13641 16654 15935 19179 21904 12751 10115 10346 13763 
-292 75903 298654 404665 463764 552673 570449 634069 676125 718596 843338 742902 891998 988734 856615 1127859 1192370 1382776 1425318 1555648 1700952 1489928 1580037 1544767 1608506 1657209 1848948 1894367 1689651 1536868 1503708 1614436 1609334 1493389 1445490 1318175 1153067 1022849 855596 732669 603040 495567 379041 293712 217651 163219 120165 89445 61922 45512 35957 30797 25305 25031 24221 20982 19551 20961 19400 16675 16565 15939 15466 12913 13221 13957 11556 11991 11937 13209 12217 12766 12485 11755 12811 13254 12926 15499 15950 16208 15334 16542 15230 15390 13259 12879 13445 13977 14152 13560 13889 14064 13388 12231 17134 21709 13239 14539 14172 11041 
-313 76134 296063 428647 477305 540009 602985 598767 707373 726162 788455 866548 703536 964337 1015066 1014484 1194265 1319334 1549702 1457200 1695009 1594948 1476535 1577590 1600489 1714467 1828592 1870191 1668435 1562268 1562675 1537035 1587118 1559292 1416531 1302030 1195176 1018599 851127 726042 607076 494436 387877 296926 222616 163700 122382 90973 66141 44835 32981 30007 26984 25715 22292 20436 20784 19444 19657 18228 17467 16490 16478 15520 14039 13229 13169 13549 12575 12303 12205 11901 12088 12107 12070 12843 13058 12242 12700 14292 15463 16582 15982 15234 14623 14858 14452 13354 13525 13480 13868 13752 12960 13240 17865 19130 11520 10946 13329 13255 
-319 92302 316245 422927 483800 527491 610499 650428 654583 776613 727170 810329 809606 798675 1096673 1091008 1185971 1273035 1503265 1522365 1509345 1652802 1570872 1559556 1549580 1753084 1868168 1839060 1638880 1608423 1585044 1504359 1582226 1538943 1438810 1299981 1175803 1035177 875947 724747 596057 483011 400931 303287 221683 167072 122516 93003 69219 47788 35391 28138 24657 22663 23599 22993 18998 18573 18407 18352 18172 16589 17978 16481 16019 14539 14603 13102 12979 13590 12390 12783 12242 12510 12057 12141 11895 12319 12336 12765 13354 11504 15297 15826 15930 16727 14951 12739 14211 14344 13598 13220 13408 12300 17696 21508 11046 9210 10177 13760 
-294 88149 328497 430915 468024 562781 590567 670941 645562 697351 770219 734503 936759 827011 892885 1233360 1268951 1270482 1303461 1524769 1507007 1624950 1609964 1552301 1580239 1737240 1920809 1828283 1696894 1536613 1544991 1601703 1569855 1506067 1471366 1306768 1139293 1038623 899766 725961 600041 488103 396653 296825 221901 168338 126012 91291 72460 52364 36620 28482 24176 22694 22001 20575 19995 19424 18508 18319 16547 16008 17219 16553 17456 15127 16166 16060 13620 15060 14069 12238 11476 13577 13690 11252 12506 12485 11452 12038 11456 12247 11860 13226 15524 13831 15631 16218 15268 13368 14089 14061 12031 12991 16387 19267 11651 10955 11342 12613 
-386 119937 327080 428131 492418 559591 584436 620008 683280 634515 798823 797802 795158 997241 922291 1085738 1337563 1295532 1204238 1496695 1563282 1556297 1578536 1556946 1616026 1701399 1968946 1874397 1672743 1546617 1535195 1581049 1579796 1555794 1436746 1317571 1174682 1018032 871454 730784 635832 494488 380214 292320 220318 171006 126759 94334 71659 53939 40911 30203 25489 22580 20773 18974 18162 18238 18623 17977 18136 15730 16495 14771 16271 15572 16377 16018 17056 14692 14001 14425 13640 13458 13099 12966 13288 13495 12247 11583 12288 12786 11839 10818 11543 11219 13899 15329 15275 15819 14089 15721 12563 12013 18127 21626 11278 9305 9181 10132 
-345 90081 333082 440807 496132 533566 574624 592550 681266 696161 693535 881155 829930 938670 1066223 1016403 1157239 1372385 1294274 1416429 1574165 1535399 1580715 1528744 1585619 1721017 1995359 1889839 1624284 1596827 1544987 1552361 1610512 1549057 1440622 1331980 1203626 1023123 825118 744010 642707 505447 383529 283333 221263 167531 127027 95167 68620 54976 40313 32106 27834 23666 22218 21590 18354 17671 16389 16526 16335 16765 16311 15537 16259 14788 13679 16764 15821 15658 15459 15905 15900 14370 14186 14044 13257 12628 13590 12533 12996 11725 13288 10743 11144 12071 11350 11533 12479 15827 14079 15282 14322 15462 16615 19076 10724 9481 8981 10936 
-303 99842 355682 430521 482754 509287 565601 615025 651937 749276 693936 796925 981280 891226 1004925 1068990 1075805 1360046 1391804 1357330 1579085 1543058 1560553 1517002 1596895 1746251 1868857 1891936 1697666 1576828 1553953 1619834 1589314 1543105 1485270 1325555 1197250 1026756 855369 717839 620839 505285 399569 295240 217427 164113 126626 93020 68737 52517 41240 31353 28528 25955 23499 21475 19214 17847 18288 16349 14478 16160 14241 15195 16389 16711 15494 14145 14017 15358 15174 16609 14504 15275 15243 15454 15383 13857 15361 12237 13301 12713 12606 12980 12125 11413 11915 11107 11249 10929 12180 14683 14505 14469 18128 18958 10668 10750 12665 12010 
-347 115461 337209 417870 457641 525719 561182 649284 652294 683298 829617 754201 876767 995800 886621 1115220 1189032 1191233 1441298 1399706 1543535 1590202 1514994 1587545 1573129 1674501 1783452 1867362 1728605 1608855 1597307 1591179 1619537 1578497 1483017 1343645 1159820 1040240 905220 706541 580947 493837 400530 315847 219529 165880 125360 91120 70565 49490 40944 30819 26425 25591 23508 21807 19570 19775 18825 17541 15575 14781 14912 15235 13662 14797 15978 15674 14069 14678 13583 14657 14105 15238 16085 16109 16188 14605 16083 14796 13275 13788 14464 11618 12958 13772 12188 12115 12323 11458 9964 10817 10529 13864 19220 20358 11894 10171 10215 11328 
-321 114187 321378 406162 470118 518644 597671 623861 715269 684715 728382 860461 762656 945290 1032406 1027888 1266810 1172907 1341201 1479853 1532650 1680125 1518524 1548541 1510367 1642380 1792598 1828120 1751236 1660708 1571017 1550477 1656430 1600006 1493280 1365061 1177437 1033619 900982 727952 575319 471769 398991 306043 229135 175649 126630 91557 65865 50968 37857 30630 25530 22590 22086 23570 21345 19466 18102 19602 17792 15350 15360 15467 14168 14875 14188 13745 13788 12817 14490 15178 15130 13202 14957 15435 16285 14525 16458 15478 15887 15425 14577 13144 12530 13173 13485 13198 13155 12853 12573 10680 9613 11360 14679 18053 10883 11136 13252 14836 
-303 88222 306726 411093 493361 511970 623405 655910 659729 738759 662211 789487 866360 839623 1110139 1059104 1156797 1288931 1288739 1549720 1522672 1660476 1534921 1507185 1532114 1583345 1792353 1856488 1808034 1603465 1557487 1570136 1573043 1602340 1521550 1391946 1247472 1025551 851540 753470 599212 465225 382505 296319 228085 183243 133472 91043 65604 50391 35970 29474 24477 23469 20985 18999 20043 20459 19288 18146 18000 16989 16627 15295 15291 14654 14853 15211 13094 13262 13023 13451 14367 14537 14055 14878 14663 14423 15941 14944 14539 16060 16118 15150 14413 14570 13182 14025 13405 12784 12453 13399 11622 12168 14564 16952 9133 7555 7924 9755 
-250 92079 331377 417734 482560 563262 596940 689916 616851 686347 738212 666428 945301 904723 937403 1167463 1102726 1362322 1404134 1489989 1536326 1480044 1608306 1553779 1583093 1546677 1746773 1900141 1806848 1632405 1557261 1533231 1513285 1561973 1516026 1421233 1261495 1068386 873558 720845 616121 486678 372674 286486 227365 178399 134251 97735 67751 48265 36017 28184 25009 21685 20699 18208 18511 18172 18291 18056 18009 16948 16499 16150 16516 16886 14590 14219 14336 15198 15146 12080 12374 12099 13603 15289 16025 14473 13734 15626 14301 14872 14123 15917 15144 15668 14407 15658 13695 13203 13916 13735 13863 12370 15420 17242 9774 8062 8216 10024 
-288 109567 316543 451484 495021 561959 595350 607757 680129 627622 788877 742064 727456 1016107 956531 1093903 1237152 1330387 1450109 1438357 1504299 1434655 1682049 1564201 1573024 1603885 1687641 1906296 1827580 1659840 1533564 1526549 1519786 1506859 1509683 1394273 1227656 1108705 940582 732659 603333 490122 378693 290544 220114 176100 130570 97029 70347 49195 35892 28564 24928 21591 20577 18523 17226 16380 17361 15963 17283 16522 16531 16555 16856 15064 16568 15491 14615 14483 16126 14877 12827 12531 12646 13756 13878 13668 14009 14555 14729 14418 14463 15519 13749 14850 15316 15837 15177 15977 14871 13303 14183 12296 16216 18399 10677 9932 10193 10518 
-326 82999 329844 462368 499373 519764 588841 600463 679833 711884 649606 830211 729052 868549 1096226 1115008 1258398 1288917 1425351 1396472 1548860 1565327 1596582 1583091 1539845 1621300 1683311 1912442 1838995 1659060 1541742 1507295 1529454 1545129 1441918 1342812 1245928 1074043 954530 804235 601465 484032 387425 292862 219980 175286 129260 95055 69510 49640 37168 29355 24351 20823 19965 19966 16390 15725 16294 15430 15404 14649 16125 16210 16037 14386 15428 15973 15927 15172 15815 14446 14164 15016 14745 14256 12792 13953 12836 11931 13369 14431 14481 14358 14022 14474 14304 14845 15642 16104 15633 14355 15233 13658 18164 19128 10779 9336 11836 11523 
-272 89528 370973 429272 487360 509619 569253 665980 621014 740148 648990 725629 875427 834741 1060117 1195134 1227748 1227208 1389373 1457206 1610754 1628669 1533988 1592533 1505446 1633889 1703834 1908445 1837387 1624484 1557966 1524957 1560409 1522469 1435202 1309103 1227356 1082949 922076 790085 640713 505725 398383 293182 220112 178058 128343 93636 68450 48513 36654 27645 25451 22462 19814 19628 18992 15985 15318 15173 13664 13821 14778 14284 15755 14855 14720 14760 14456 15317 15851 15546 14841 15425 15350 14393 16224 14749 12046 14096 12416 11658 13040 13878 13746 14335 15367 13705 14112 14922 16788 14185 14626 15199 18224 19032 11338 10468 11936 14608 
-276 116474 337989 433900 470097 568325 556414 638114 647386 615444 779266 696692 871075 974464 965374 1122449 1210706 1246510 1390763 1562550 1581719 1664189 1501943 1537930 1575836 1622943 1706831 1832695 1862974 1634994 1536050 1582233 1541023 1484518 1476364 1331714 1160092 1088204 917901 736902 645314 526223 419453 307235 225473 174411 130568 94425 68560 49522 34836 28060 22867 20885 21088 19833 17998 16513 15520 14514 16503 13762 14424 13072 13348 13265 14738 14563 15149 13133 13409 15139 15200 15232 16346 14668 15939 15966 14554 14440 14591 14181 12130 10845 12022 12734 13459 14545 14120 15462 15854 14356 13574 15273 17079 19187 12553 11995 13487 14525 
-322 114351 326092 441593 494647 549640 571012 560426 692027 631495 736126 828118 828540 977873 942726 1055509 1196468 1302015 1443181 1567429 1568196 1648856 1515563 1548832 1616646 1595981 1693705 1797839 1864566 1669846 1562308 1520508 1554424 1509118 1441924 1371223 1179981 1021215 888050 755386 639918 506533 411260 331785 245083 174937 130827 96119 70885 47753 34526 27821 23395 20279 19597 18569 18836 17162 17151 15770 14519 13836 13864 13259 13380 13634 13288 13024 13342 13891 14688 13109 13776 13596 14777 16025 15910 15366 16066 15131 15686 14397 13367 14092 13946 11051 11103 13751 12594 14091 14317 14782 16141 12560 18131 20640 11636 10205 11247 13050 
-323 90534 327885 442795 505584 512478 580503 562861 628427 738782 714975 874098 838114 865697 1003233 1047539 1177859 1399431 1400072 1525798 1565504 1639539 1659731 1486020 1598558 1588078 1673428 1792382 1846684 1692968 1580958 1527785 1535869 1533408 1420094 1351916 1209253 996089 868316 756772 627275 509636 390884 323446 260497 185746 135632 101712 70232 51310 34903 27094 23562 19196 17748 18863 17476 17693 16949 14958 15338 15329 14924 13057 14376 12807 12502 12373 12285 13421 13623 14467 12785 12708 13613 13532 14313 14965 16152 16083 14515 15698 15338 15244 14756 13081 13091 13472 11019 12255 12618 14399 14352 13811 17961 19622 11300 10603 10419 13604 
-217 93796 365823 419156 476550 523113 552041 624262 612299 751725 768109 795220 864768 838195 1009648 1124762 1183373 1392998 1371520 1491395 1615193 1627458 1671409 1497150 1552274 1599874 1687648 1768442 1849040 1716243 1570169 1584811 1527156 1500747 1458201 1304950 1178470 1045610 876521 724421 619548 500898 393078 316094 248040 186516 146375 106300 73167 53718 37835 27552 23100 20567 19136 17856 16424 16528 15651 15714 15921 14069 14963 15132 13365 13081 13630 13593 11998 12667 11754 13555 13397 13582 13354 12991 11946 13444 14547 14822 15595 15723 14198 16730 15326 15485 14938 12644 12981 13510 12915 12557 11978 12449 15416 18382 11857 11629 13486 12996 
-296 110064 338176 430911 451452 536688 568733 630605 649069 698178 800910 745482 861687 910313 985142 1210886 1174323 1291744 1460674 1438701 1696260 1585478 1584478 1589863 1539969 1622249 1615190 1795220 1880211 1737071 1572118 1538854 1558395 1512547 1434909 1288565 1172713 1052637 884138 723969 599979 493701 390558 316878 237637 180464 143456 111660 75073 57489 42180 30512 23642 20973 20513 17082 17585 14068 15973 13802 14448 14382 15101 14361 13296 13546 13455 14798 12529 12142 11973 13117 13238 13212 12742 12956 13144 12451 12891 12955 12846 15652 13591 15398 15744 15192 14786 16864 13932 13540 15073 12828 13649 11226 13928 18715 10214 10420 13870 11194 
-306 106388 322286 425120 469680 541342 595313 596662 698233 649032 764418 819923 789687 1018928 1023366 1101217 1273333 1233321 1490475 1473932 1596836 1676390 1550227 1543702 1529967 1621395 1614353 1814770 1918067 1727945 1567300 1550122 1558954 1504363 1439969 1311996 1167193 1011822 893125 738292 587292 493966 385591 309667 238318 179538 132562 106355 77335 57172 44354 34932 27015 22732 20055 19989 17616 16089 15313 13993 12921 13006 14062 13964 14659 13055 13357 13205 14519 13012 12558 12753 11966 13032 11720 13415 13510 13280 14395 11901 12150 13682 13404 13481 13773 14519 14325 14767 15824 16017 15572 13771 13901 12555 17644 18962 10649 9206 9209 10092 
-286 87336 314022 420655 503965 533005 582353 612698 659806 687639 709251 896955 828440 947009 1102512 1032454 1306432 1325677 1369566 1542436 1530851 1706505 1574554 1551540 1469172 1593562 1673036 1810630 1941262 1719266 1571972 1539098 1531109 1513064 1467449 1338324 1152303 990873 882862 744181 592067 485587 383799 304867 241575 176364 131208 97593 73546 54333 44251 35420 30681 25003 22228 20472 18703 16633 16254 16800 12617 11916 12569 13222 12551 12858 14266 14278 12805 10660 15473 14373 12314 12044 12156 13407 13303 12884 12933 13091 13097 13203 13887 11881 12850 12221 13325 14008 14445 15292 14895 16183 14840 14174 18499 18136 10494 8964 10402 10312 
-270 79175 341185 442368 486760 532301 558303 621548 632442 756391 731870 811450 969217 848621 1081647 1156696 1182473 1437301 1317872 1549554 1580881 1604944 1585239 1578568 1541451 1535388 1649333 1760071 1971245 1733329 1587860 1493345 1533351 1539902 1464395 1338800 1162829 1017139 840436 739088 610170 477609 381213 301939 243322 174814 127921 96400 70691 51457 39337 33536 29061 26745 25279 21473 19810 19298 17909 16604 14687 13603 14267 12388 11713 11286 12615 13291 12900 11964 12454 13239 13386 13700 13404 14025 11321 12389 12696 13879 14388 13478 12022 12737 12306 13132 11539 11989 14429 12668 14803 14768 14989 14579 17166 20343 12716 11333 13092 10870 
-269 97995 335714 428911 478366 540950 551980 607111 700404 704796 830255 742049 897752 1006532 949372 1239252 1191027 1344910 1449910 1495919 1558413 1639721 1618976 1527163 1613811 1575507 1629664 1674118 1897801 1767102 1602759 1535023 1525878 1535060 1429575 1349882 1186534 1015831 864095 707802 597866 486487 383949 297950 238843 174931 129565 96526 69986 47781 35658 32553 27582 25750 23049 21530 19692 19049 21295 18744 17443 15226 14791 12990 12823 12154 12499 13208 11096 11560 12647 11956 12821 13176 12624 13241 14530 12110 13168 12902 12534 12887 14246 15050 12147 12782 11723 11003 11744 12113 14712 13585 14836 12869 15687 18840 12245 12791 16008 17252 
-302 93440 302324 435298 464284 522249 601033 610253 721861 702578 761493 865556 784753 1061937 997368 1082664 1309015 1295763 1496993 1461933 1619217 1664119 1631630 1554355 1578190 1570703 1639734 1634441 1743939 1814720 1657852 1578175 1533347 1505743 1432861 1347418 1170060 1043480 877477 704978 585599 477093 389046 301034 230442 175146 133366 97078 68066 49882 34329 29245 25596 23348 22183 20930 20789 18633 17515 18753 17782 17546 17580 16129 15115 12558 13583 12478 11807 12104 10530 11470 12467 11716 12614 13619 12815 13499 13269 12806 13615 12622 13275 12658 15016 13473 13835 11960 11705 10335 11851 13428 13336 13108 16992 19113 11012 11458 12795 12220 
-322 90770 314688 412263 483990 533314 615632 633775 664200 759834 693742 907905 871400 864178 1110776 1056424 1307107 1329843 1413003 1568275 1617385 1694112 1653466 1561273 1583571 1555218 1539376 1624082 1657063 1858960 1732278 1562036 1506139 1517182 1461252 1319273 1174323 1022526 883067 733140 587140 468737 381877 296236 229472 179048 131569 96328 71409 49367 37650 26370 23141 21565 21615 19717 18885 18534 17743 16316 16827 16813 16655 16911 19012 15262 15217 14139 13219 13308 11665 11082 11496 11943 12280 11503 12500 11833 11874 13090 14782 13374 12116 14685 12677 13048 12699 14516 14194 12700 11701 11561 11472 11446 14977 19114 11533 10603 10073 12183 
-284 77527 309132 423768 499585 565941 571323 650342 662115 736488 773831 767095 977230 867351 1058475 1135801 1178200 1398538 1409662 1596976 1678097 1714668 1644885 1511867 1533657 1633354 1532337 1573330 1612899 1787596 1787889 1627848 1499620 1480468 1470682 1340373 1178503 1001346 881879 749668 602187 478906 369750 280786 233105 181208 130442 98479 73276 49856 37023 29435 22098 20254 19198 19337 18055 18915 16545 15918 15818 14773 14504 16047 16751 16198 18105 16006 15239 13831 13821 12854 11292 11274 12888 12343 12082 12335 11596 12124 12158 12876 12884 13145 14309 13027 12970 13124 12946 13568 14555 12263 11214 11214 14129 18665 10271 8758 10789 11713 
-254 71240 315288 464936 493572 541961 576025 623902 707671 686493 833531 736036 890722 1033055 964458 1173099 1164898 1391956 1502314 1511547 1739444 1646589 1593250 1575324 1484240 1646303 1623714 1602349 1588799 1672940 1755313 1649687 1584452 1488646 1409684 1346267 1191356 1035193 882658 748061 602175 482279 379739 285075 220797 175578 133964 99639 74462 50930 36990 30164 24669 21574 20185 17587 15992 17610 15939 15640 15556 15902 14055 14257 13696 14735 14419 16047 17449 16020 16180 15869 13550 11960 13390 12843 11976 12169 12206 11397 11170 11758 13609 12850 13186 12472 13951 12959 12895 13058 13323 14462 13505 13495 15712 15412 9602 8300 8202 11472 
-387 98883 329637 442818 494880 514917 603144 618748 694183 692974 759179 886933 792940 1033662 1045822 1107904 1324163 1302795 1596454 1526255 1443715 1653148 1600521 1676283 1523939 1550068 1726070 1756316 1641420 1489978 1591871 1669233 1635003 1521077 1415829 1285512 1195537 1080070 904125 750662 590436 477497 393115 297973 217864 166512 129771 101764 77476 52732 37861 30704 25872 22291 20694 18425 16441 16648 15964 14242 13405 16090 15036 13606 13223 12734 13030 14368 14078 15307 15855 15562 15789 16837 15954 12499 14130 11922 12272 12953 12181 11319 12424 12098 10871 13498 12444 13315 11761 13429 13015 15155 13027 12797 18513 21111 11314 9062 9410 8972 
-381 53010 315598 422861 489532 537808 575033 636088 643324 765279 727942 876444 891913 864163 1189191 1143929 1401297 1390512 1349197 1574850 1322308 1524675 1610774 1718681 1626521 1586255 1853878 1817213 1591087 1478288 1505710 1613961 1576184 1527910 1457256 1310320 1179766 1071678 926745 747607 605418 483756 382999 306548 223674 166053 128144 98013 73308 54572 41959 32068 24916 23740 21628 20919 18033 16094 14721 14382 15536 13398 12508 15213 13755 14013 12305 13173 11573 12402 13843 14540 14989 15915 16179 16084 15770 13332 13986 14010 11231 13862 12962 12043 11578 10774 11814 12744 12123 11693 13793 13288 13438 12724 16407 21584 11440 10195 11169 11619 
-351 50646 290820 437345 487430 530128 563622 640286 637835 752426 819145 752848 995302 926478 1086327 1338708 1262934 1471171 1224304 1463735 1464986 1298295 1581670 1707959 1838225 1704964 1864745 1746512 1518431 1576675 1626262 1556819 1444637 1416647 1411548 1415594 1237506 1052476 908654 742734 638486 497582 384921 300652 226254 169623 130728 97801 72501 52310 39858 34986 29004 24274 23308 20597 18034 18008 17766 14470 15649 14810 12664 13216 12750 12795 13944 13646 12157 12297 11633 12778 12753 12437 14084 16250 16457 15149 15116 15899 14324 13607 14482 14137 12251 11915 10960 13618 10539 11210 11830 13767 14404 11708 16043 20193 12324 11273 11639 14655 
-419 35834 242286 432376 489743 519267 557275 620167 713498 690862 854792 814465 875278 1116237 1043505 1291700 1251658 1339343 1392504 1186001 1570088 1373353 1424444 1728329 1966272 1787111 1780156 1711861 1553676 1658731 1707897 1575259 1382798 1309745 1340612 1378914 1298213 1102521 888706 748324 641937 510236 395190 305300 223411 173576 131979 95597 70073 53386 40920 34544 30717 27688 23803 20923 18836 20579 17598 16336 16539 15239 14328 12646 13609 12495 13079 13060 11607 12285 13230 11748 11178 11129 11783 13427 15677 14064 15472 14899 15498 15163 15379 14711 14602 13998 13171 12803 12332 10581 10961 12210 12228 11640 15895 22398 11537 10491 9903 8454 
-291 27487 234340 415574 476901 522168 586553 609354 712123 738741 770394 972821 865252 998244 1136798 1161586 1318374 1172431 1454556 1284927 1382744 1536403 1505773 1712494 1799219 1847615 1746583 1749365 1672738 1732251 1632573 1516358 1470089 1373971 1303711 1263008 1224244 1121941 947202 750053 630916 520798 401565 309422 237266 171245 132886 98630 70030 51748 42181 36020 29638 28173 25426 24607 20506 20831 18948 18491 16021 16458 15372 14794 14890 13527 13556 12023 12272 12110 12810 11923 11147 11635 11946 11868 12845 11759 14072 14775 13567 14651 15954 14647 16368 14267 15339 14651 13314 13733 11551 11286 10989 11513 15108 17995 10196 10294 11665 11717 
-248 57834 248297 393325 500804 523550 583030 654480 679700 816045 790287 859350 970196 889473 1142386 1108193 1270547 1286367 1218711 1468762 1399617 1579837 1601611 1622761 1700225 1786585 1753999 1843032 1713357 1680082 1647441 1514052 1549724 1482421 1323293 1200454 1114192 1064261 945021 780003 630428 528985 408106 315667 242523 178544 133637 103337 73522 52323 41455 34827 30253 27202 25684 23299 22306 22536 19959 20902 18158 17539 16026 15317 14964 15818 13808 14138 14616 12118 12275 12048 11653 11413 12634 11771 11585 10655 12234 12226 12488 13657 14255 14293 16060 13973 13720 16275 15104 15630 14903 13779 13687 12163 14900 16676 9690 8815 10046 11885 
-268 69678 267945 410456 472326 567937 583085 676817 742478 735025 854007 769468 932206 957949 1011133 1191647 1083510 1366351 1288468 1457856 1550935 1505167 1543801 1671911 1715355 1670642 1769482 1814398 1741456 1596773 1720974 1659051 1544005 1506115 1385491 1190859 1092807 989737 867657 767934 649925 525250 426335 323008 244218 182419 141809 102504 77741 54504 39863 32602 30535 29357 25956 23483 22341 20413 22352 21827 18881 18233 18987 18262 15814 15092 14707 15127 14200 13724 14758 12814 12387 11634 12063 12369 12246 11308 10975 11870 10673 11779 12702 14320 14627 14316 13723 13234 13857 15229 13619 16606 16060 14876 15278 18137 10494 9077 9824 12798 
-314 93553 284312 412174 495620 547182 666277 656361 747019 687526 796784 828712 804208 1069085 952343 1148250 1119050 1195411 1545849 1480227 1459772 1520949 1527622 1632336 1762215 1715795 1693222 1669187 1773748 1670524 1727525 1732846 1585401 1491416 1410827 1266052 1090582 933377 818312 718073 631120 539889 422626 328836 253210 188286 145096 109327 77875 57448 43691 32079 28320 25933 24291 24918 24046 21676 20567 18238 20210 19859 19059 18379 18356 18698 15584 16146 15853 14765 15578 14737 14556 13011 12425 12879 12416 11789 10776 10255 11246 11282 12425 11700 13750 12931 12640 13079 13553 14317 13499 15236 13493 15136 19320 21905 11921 10837 10987 12674 
-332 75976 295584 425125 526581 559480 627916 671558 694738 731424 701687 905116 812404 933709 1058359 962591 1276073 1242533 1408314 1558821 1479685 1531503 1483447 1550293 1847015 1779054 1591934 1638515 1776527 1728957 1706691 1730932 1617685 1524762 1418938 1309857 1119033 930751 795398 685417 601009 524973 409211 321378 259602 200041 149187 112884 83249 59696 44228 32979 28951 25079 23139 23003 21333 21388 20726 21202 20654 19101 17569 17458 17842 17263 18905 18452 18318 18112 16890 13619 14325 14067 15515 14452 12856 13330 12178 11749 11121 10793 10308 11193 12151 12682 12865 12760 12453 13650 13462 13425 12891 12714 16725 22149 13246 12123 15219 15202 
-313 108370 341964 445320 506094 566288 576255 672524 664238 777883 716430 759126 945920 834916 1078497 1059857 1145165 1350402 1314779 1500805 1570033 1507284 1543003 1556736 1669347 1781941 1689493 1639368 1774336 1764064 1650814 1760372 1624130 1497469 1461019 1304144 1155723 985303 788896 691035 582746 479748 395380 313294 251242 205175 155156 118270 85970 61580 46576 35312 28969 26230 23397 20041 19852 20412 18818 20962 19639 19201 18634 18822 18763 16523 17624 16632 17602 17504 17706 18547 16665 16037 15262 15487 15890 13620 13177 13861 13777 12938 10913 11169 11269 11047 12025 10866 12497 11700 13560 13815 13513 12459 17155 19068 11310 10069 10633 11924 
-415 121657 329122 461040 482238 532968 570250 646039 692198 719685 832148 691793 894675 959373 935080 1167473 1092619 1269324 1396923 1427214 1625281 1547234 1553271 1524792 1557805 1721381 1786616 1729070 1734635 1780181 1727243 1686559 1623425 1475105 1411705 1348547 1172677 1017032 870524 689685 561726 468312 371755 300743 240720 194097 156822 121466 89983 64246 48661 37681 29693 25570 22206 22479 20686 19350 17890 17983 17783 17061 17662 18482 19029 18634 17451 16641 15378 16669 18043 17180 18249 17803 17212 17291 17817 16841 14494 15434 13671 13930 12821 14100 12996 10672 10464 10829 11823 12052 11270 12419 12759 15227 16819 21783 11206 9083 8447 8666 
-329 99009 340679 428884 470376 518468 580014 625197 724716 699864 800057 836083 746894 991426 982471 1023768 1201810 1183221 1399910 1515829 1584890 1622770 1481345 1505944 1532229 1641394 1853267 1810240 1707554 1808848 1747722 1650734 1647987 1430914 1402274 1332254 1180222 1056420 913353 729861 565494 466994 358988 287375 228337 182458 149029 119763 91577 64455 49190 39563 31394 27150 23058 20754 20969 20171 18419 17887 15920 15698 16198 15751 17454 17369 18300 17936 17193 16742 16236 16581 16895 17309 16471 16875 19445 18855 17827 15495 17073 15281 13612 13741 15703 14688 12665 11650 10201 10675 10882 11103 12576 13138 17062 19301 10465 8811 8897 11152 
-313 88222 323223 406141 483710 519501 594832 611653 682163 792829 717909 879992 861057 788624 1026681 989172 1180795 1296799 1328089 1591779 1558512 1521295 1538222 1511340 1482389 1671784 1795216 1869535 1852427 1688023 1658495 1738870 1656044 1448983 1394208 1278871 1205793 1076429 898775 769509 624972 464495 357250 281377 220102 171506 140706 112401 87016 63294 48427 39163 32283 29493 23922 22233 20469 19378 18565 18011 17630 16306 15959 15754 14002 15767 16068 16317 16963 16378 16828 16927 17970 16816 15148 15701 16351 17763 17660 20108 19109 17425 16178 15598 16735 14030 15711 15230 13855 11292 11077 11194 10154 11887 14328 19529 11144 9300 10290 12959 
-291 75237 322480 418810 468160 546495 562330 676892 647060 763144 804110 745071 920676 852257 868052 1111036 1108947 1370616 1395174 1451859 1575665 1425845 1516615 1575832 1574245 1711094 1742091 1857557 1877193 1666471 1636616 1633680 1699965 1552996 1347008 1307890 1189280 1052022 909231 778956 655303 504081 368856 278794 222612 164366 130764 104555 78385 61137 47603 34214 32044 28546 26470 22959 21581 19705 19526 17466 16003 17461 16093 16918 15051 15262 13468 13527 14939 16456 17079 15417 15982 17052 16071 16657 16271 15408 17817 17036 16567 17939 19816 18379 17620 18648 15928 16406 15676 14642 14954 12963 10289 11420 14129 17503 9641 9378 11070 10104 
-270 88900 313915 428501 458394 540788 603041 652780 704370 656430 834530 784492 774138 984778 867371 1097369 1221099 1245861 1441789 1335577 1478717 1520700 1499403 1564918 1715701 1799877 1725167 1696048 1828666 1725298 1659396 1634811 1573654 1591502 1443352 1305571 1190655 1038860 901520 785607 655609 529718 403419 289404 224169 169271 128131 95465 69871 55790 42981 33426 29054 26872 25682 24036 23421 20046 20305 17678 18207 18524 16070 15434 14406 14851 15657 14560 13864 13647 13725 16027 14816 16164 15383 15289 17101 15990 16076 15965 16766 15951 18242 17049 18693 19087 19826 19511 17401 17144 14655 15606 14915 14147 16490 17845 9899 8262 7858 7400 
-312 75356 299162 418441 486421 530337 631011 620772 720764 674316 679385 914389 778218 833040 1061578 1091748 1256633 1187010 1297122 1373317 1391852 1544533 1548933 1633486 1823109 1788160 1685953 1684971 1756007 1692322 1684706 1702905 1507606 1542261 1477326 1328502 1225103 1039153 899979 786215 648512 523732 428642 323386 224395 173845 134013 93351 67430 48830 36897 31067 28562 24830 24688 21569 21519 20522 20858 18719 18384 16838 16805 15555 17581 15181 14631 14932 14167 15028 13259 13551 13735 13940 14510 15837 15633 14807 17019 15808 15439 15214 17068 16637 17632 17599 17594 18229 20211 20009 18562 17086 16392 15359 19444 19843 11995 10683 10748 10280 
-287 68566 316051 418825 499188 537927 582954 669046 635672 787355 654443 724296 942436 857305 1021560 1158061 1169760 1172970 1251881 1442820 1400863 1415176 1589445 1759380 1886338 1696237 1682864 1771282 1646001 1673837 1681958 1705334 1598032 1458418 1411093 1356701 1224200 1092849 919811 765078 651970 520522 430707 344508 245098 175028 133088 100516 67640 48410 33430 26564 26062 24212 22450 21315 18755 19448 20215 19420 17702 18909 17768 16620 15472 16295 16308 15430 14078 14819 14543 13267 14027 13337 13124 14740 14448 14096 15688 15290 14767 15532 15784 15299 15209 18059 18046 17510 17950 17141 20256 19475 17533 16780 21379 23206 13204 13837 15202 12877 
-321 96884 327408 448365 466403 554549 560962 654348 672136 701157 790803 660919 855661 991315 975683 1070634 1129996 1229744 1331737 1385761 1480717 1390829 1552630 1726972 1819929 1787707 1737340 1784278 1615587 1666325 1694450 1637744 1604376 1485654 1405197 1295607 1203083 1109630 953724 787963 644976 532340 425356 340245 268411 181034 126395 102511 76520 51912 35134 25434 22654 23322 21120 20392 19035 17600 18627 17644 16854 17120 18489 16880 16318 16133 16094 15477 15583 14396 15838 14278 13700 13921 14357 13352 12787 12484 14037 15719 15417 14049 14579 14983 14954 14147 16148 18144 17649 17036 18780 17936 16873 17548 22715 24281 15439 14714 17245 17950 
-320 90430 310120 438136 462920 543842 596257 597034 708865 692849 792143 794620 697191 939155 1008285 1006117 1126786 1301291 1430510 1310963 1569008 1508116 1392043 1597579 1758908 1944448 1758582 1786558 1701878 1587775 1740751 1609796 1502462 1512647 1447224 1301315 1150648 1073080 971691 822257 661619 549434 424686 327086 274068 198700 127619 91417 79326 61132 40287 29503 23068 20367 19966 18695 18090 17421 17179 16289 16740 15636 17050 15387 14932 16685 16066 17162 16125 15473 15581 16715 13369 13448 14143 13400 14349 12736 13060 13604 14738 13721 14094 15008 13858 14859 14245 15855 16659 16046 16779 18307 17227 16579 19707 24186 16050 15941 17276 20256 
-375 56052 292661 418265 492232 535398 617896 593897 640539 797211 723130 825518 759494 748957 965284 1070556 1206657 1227319 1487334 1519668 1384814 1601091 1389454 1457473 1704938 1941544 1865932 1762133 1787698 1625928 1639728 1636019 1520341 1411940 1432086 1354952 1159068 1029083 933034 840978 704418 555648 431481 337710 262092 200049 140785 92467 71779 60152 45393 35251 27206 22876 21533 17809 16130 16983 17097 16752 14960 15659 14862 15317 15143 15371 15089 15272 15216 15455 15612 15314 15679 15737 15050 14626 13442 14507 13464 12861 12505 12409 13920 14344 14442 13517 15430 14328 14969 16349 13122 14444 17221 17287 21898 22586 14221 14442 15546 18196 
-343 50051 304604 431207 492582 549014 570396 670731 627941 711422 772835 745860 827698 747563 913205 1105739 1205054 1315428 1362113 1656544 1422777 1433528 1555880 1430928 1543124 1816179 2038172 1843066 1754168 1616844 1654821 1607163 1496487 1468132 1376343 1337881 1172042 1018710 923605 815561 713023 572873 444905 345499 260891 202437 146990 96662 69154 53426 44404 38573 31517 28825 24413 21441 18217 17362 15864 15332 14852 13949 15237 14581 14454 14466 15003 14914 13459 13140 14864 15681 16205 15843 15255 15087 17017 13990 13485 15121 13098 11885 13262 13387 13710 13217 14835 14233 14764 13089 14638 15601 13991 13637 18537 22717 14150 12902 15575 18922 
-342 74628 309831 450943 480563 547003 590486 634519 670059 622205 758045 722454 826742 919523 891909 1093632 1169266 1374032 1339383 1420359 1649547 1457855 1538940 1506549 1469435 1733217 2023543 1939454 1721928 1619515 1625367 1616457 1538443 1478081 1377762 1281050 1160667 1032784 905279 804871 696108 574988 458075 352102 269118 206278 151057 101054 71434 50512 41654 38536 32958 29257 26460 25982 22604 20997 17183 15897 15358 14597 13499 14423 14793 13626 13207 12752 14155 14419 14177 14218 13481 14669 15587 15731 14766 15791 14543 16377 14290 14247 13283 13029 12598 13787 13485 13806 14868 13660 15000 12615 13448 15181 18016 20603 12093 11673 14300 12804 
-300 66666 294998 445123 490832 532411 603211 598856 672953 614653 634490 833165 824301 988773 982512 1074812 1193244 1204773 1390233 1388680 1568658 1614522 1488105 1612824 1585934 1615841 1888304 1884545 1815784 1652697 1551004 1625939 1630855 1479558 1373959 1266125 1147939 1019528 895838 789932 674640 570143 454518 363129 278546 211317 152409 107392 73700 51634 39910 35012 32418 29937 28077 24782 23790 21924 21530 20771 17764 16995 14824 14258 14075 13094 12945 13222 13474 14540 13747 12977 13293 11501 13848 14894 16263 14594 14827 16175 15992 14528 14796 13277 14168 14234 12980 12740 13650 12970 15635 14558 12144 13432 17465 19292 11489 10430 10662 14261 
-283 73901 325831 431134 507891 513153 559668 602527 601825 707353 615697 824926 913292 940757 1096916 1046201 1152739 1197514 1348869 1473603 1397112 1610702 1644676 1640596 1686773 1580272 1703243 1885970 1812052 1687164 1621968 1601616 1596058 1517493 1379755 1293562 1139749 988768 908253 761705 652679 552487 450828 372710 288419 213486 149570 110566 79823 54936 40878 32257 29441 30160 27402 26170 23956 21369 22568 20995 20343 20124 18785 16414 14905 15235 13519 13623 13237 13008 12159 12971 13623 13080 13722 12231 13476 13651 14861 13855 15825 15159 16715 14811 14785 14199 15100 12635 12817 13863 13689 13594 13947 14109 16454 17688 10921 10753 11602 14392 
-326 101075 335073 430461 476967 508204 541556 589138 612662 725713 730409 715652 944332 989781 1046854 1110421 1106114 1275090 1259815 1421500 1513023 1533699 1721662 1596604 1705912 1656305 1628388 1828650 1798635 1734685 1690030 1566372 1550446 1548923 1382413 1288206 1172619 992848 867931 769183 626441 521075 457143 373656 285100 215953 155391 109651 80668 60972 41733 31744 29646 26179 27272 26912 24109 21459 21493 20892 20368 20580 19329 19625 19504 17268 16053 15410 14702 13416 13371 12828 12343 12046 13583 12946 13702 12258 12433 14805 14437 13159 14642 15127 15944 15297 16082 14303 14730 13816 12811 13583 13281 13125 16181 19958 11770 11103 10981 11060 
-343 119896 313905 414414 459741 505777 526615 597041 700944 663254 802403 762266 814008 1024321 1015860 1165077 1171428 1196851 1327872 1385258 1599588 1472000 1586514 1689236 1649741 1728811 1691790 1751653 1783685 1738917 1728880 1635843 1497216 1504150 1419144 1266879 1172594 1011634 879080 745284 609424 518339 444194 359818 283723 217169 156624 114261 78830 60439 46112 34223 29547 25832 24031 24368 23316 23383 21700 20955 19125 19289 19995 19502 18299 19072 19262 18073 17911 15698 13595 15130 13591 13397 12810 11982 13188 12825 12671 13398 11980 14137 14055 13695 14402 15288 14802 15854 16165 14212 14604 13375 12934 14568 16309 20876 10653 9476 10462 11671 
-317 85406 282918 407124 457032 489775 583692 611596 685620 719919 736835 839044 776903 929743 1089716 1107180 1247940 1223480 1386162 1426592 1452633 1495474 1494446 1775985 1675643 1602319 1812439 1802292 1655566 1806600 1769144 1629619 1519250 1446445 1418018 1297543 1145800 989251 898273 747447 618307 525194 414818 343736 275119 213303 160132 114503 82391 61321 44336 35834 30765 25738 23096 23228 22727 21491 21797 20552 21355 17843 19214 18450 17647 18277 18226 20345 17740 17230 18913 16921 15212 15116 14058 14818 13385 12589 12183 14550 12143 12982 12312 12877 13546 14161 13336 13810 14032 18006 14926 14884 14352 15251 15860 19567 10749 9862 10770 9505 
-238 81628 289921 383822 466871 542324 581155 634951 665314 740676 711784 795219 882376 851556 1050101 1133266 1253565 1384794 1330119 1390865 1362833 1542502 1565037 1651661 1785978 1575911 1699452 1908474 1709111 1760147 1804412 1587287 1513893 1474197 1409681 1276357 1163170 982104 860085 767316 642503 523300 403975 328357 264540 208970 156844 113775 83205 62732 46082 34369 28735 27423 24157 22747 22011 20445 20910 19768 20904 18412 17667 18601 17419 19538 17164 18680 18535 18394 17318 18123 16764 18302 17035 15906 15069 13701 14007 12489 14873 14060 12531 12157 12476 11946 12877 14427 13495 15379 14444 15354 15267 15376 18257 17473 10867 10297 11750 14158 
-335 94840 285498 412467 492390 550180 574053 644533 661914 687745 768552 751006 902487 914531 938964 1220489 1255199 1359080 1333739 1401467 1437890 1443607 1595847 1640164 1748545 1686295 1588447 1838571 1884940 1730742 1723109 1608121 1507625 1469482 1446179 1260890 1135100 1002413 869438 752947 626595 531527 424960 317322 250533 200876 152366 110954 83296 60344 49354 35189 28241 26517 24684 21437 21488 20621 21263 19002 18594 17627 18761 19297 17734 16420 16711 17136 17055 17201 18332 17304 19232 17271 17907 16957 17295 16499 15999 17244 15610 13019 14202 13635 12755 12112 12060 12011 12161 14108 14858 13949 14156 16539 17314 19888 12269 10708 11613 12308 
-294 87736 304178 447496 488017 517067 609475 608556 661503 688084 760635 807178 821833 996133 1013181 1082988 1287271 1267263 1416101 1468732 1484016 1414015 1487966 1755099 1665412 1705877 1694211 1737540 1863786 1796517 1692187 1581867 1497096 1470822 1463348 1283181 1093186 1023460 888784 730234 609927 527366 434651 328092 247076 191124 146952 110214 78799 58681 46062 35890 31616 26754 24031 21123 21108 19338 18852 19103 16968 19318 18954 17367 16529 17033 17710 17918 16213 15704 17197 16142 18577 17214 17923 17647 17967 17432 16492 17158 17191 16795 17150 14220 15252 13836 13371 12082 12242 11261 13515 13711 14818 14273 16643 19734 11184 11311 13268 13623 
-337 87019 321452 426524 502284 518906 562358 616301 642866 737828 724700 835872 871608 941208 1087095 1010355 1196482 1357285 1399939 1503553 1447388 1525193 1446398 1730003 1721160 1606412 1842286 1761044 1664447 1883524 1760500 1510004 1451946 1477793 1444707 1332426 1132130 977215 877807 744867 621592 504917 421997 339292 255929 191806 140891 105731 77477 57864 44537 33764 29052 28180 24445 21710 20047 18820 19108 16970 18067 16135 17606 19302 16731 17526 17685 15210 17019 16149 16606 15236 16330 15775 16838 18055 19108 16844 17525 18117 17328 17130 17015 18047 17248 15913 15130 14520 13527 13567 11803 11828 13160 13678 17705 21123 11901 10004 9260 10734 
-290 106325 335785 437748 476144 506934 544470 645872 639083 701013 799895 812057 940658 883339 991983 1117727 1141351 1436271 1358809 1427091 1498529 1523502 1586984 1572816 1788516 1704818 1731110 1802003 1672696 1794435 1776884 1557736 1452280 1410893 1421888 1383092 1179157 946043 848830 773329 626638 495234 415669 340706 259430 190534 142392 104941 77139 55144 42055 33668 28232 23561 24380 22597 22701 21150 17966 16994 18302 15030 14562 15702 16722 17638 17766 17126 15568 15738 16631 15543 15273 15206 15993 16570 17236 17963 17728 18199 16734 17943 16953 18859 16561 15723 17059 17836 14757 15209 15537 15049 13272 13055 16788 17257 11407 12448 10575 10651 
-357 119596 323572 433372 466155 503887 559707 601936 695408 684586 828615 828761 842510 963129 937194 1189465 1192730 1247383 1468040 1426129 1510408 1459311 1586357 1675849 1790300 1778268 1643712 1819652 1731423 1625786 1777673 1656091 1453077 1400136 1407330 1325316 1163705 996494 862303 734612 647367 515040 408377 337903 255728 187371 144885 108355 76364 55010 42611 33666 25567 21440 21753 22045 20407 19956 18747 19337 18956 16489 15613 14439 14315 14952 15340 17124 16097 18081 15232 15857 15322 14799 14505 16212 16347 15205 16679 17319 17303 17381 18198 18246 17076 17134 17970 16620 17071 15926 17501 16392 16088 14717 18923 21276 11023 8661 7938 8850 
-377 84311 303762 416628 478964 507084 560479 603835 683456 744543 754645 868469 787878 983557 1054619 1063699 1252351 1228996 1459222 1500307 1482065 1480414 1447786 1789701 1833096 1726129 1745700 1755336 1669457 1606351 1740432 1699593 1541735 1385446 1350427 1274764 1162446 998789 862417 738814 646726 540418 416257 329076 255920 184840 142508 108623 78776 56677 40024 33479 27999 22265 20888 19282 19263 19536 17416 18359 18563 17858 16708 16467 15947 13763 13959 13715 15665 14698 16516 16505 16792 15434 15322 14947 14385 14338 16612 15319 15738 16494 17708 17200 17590 18194 16845 16486 16749 19135 17654 17341 16511 16964 19449 24275 12884 11018 11190 11233 
-316 62680 315094 415555 475125 524842 546102 633817 654837 759081 715493 830909 923804 883855 1096256 1074468 1211152 1348603 1322367 1553277 1470143 1542852 1489937 1603169 1954083 1680373 1786873 1829054 1550861 1594579 1789280 1724326 1542934 1384053 1323443 1271714 1151219 963406 863295 765362 628697 548165 430949 331509 253980 188061 140621 108973 78075 55878 40666 33636 29991 24700 20928 18247 18364 16849 17803 16120 16967 17047 16463 17429 17712 15017 14466 13530 14740 13447 13988 15595 14562 15414 16420 16684 14390 14285 15194 16367 14609 15183 14871 16102 17452 15851 17860 17214 17201 18218 17356 17564 16582 16638 21715 20921 13949 15394 17101 16550 
-289 68740 293255 427272 471393 531489 566264 610041 644765 697368 818936 767860 960522 924656 992643 1203220 1145991 1349103 1390336 1457053 1555463 1456266 1577512 1574828 1849487 1814599 1709475 1803163 1640880 1581462 1775215 1740291 1457791 1424364 1387317 1227236 1109412 998590 845666 766470 640151 527206 437045 344136 258209 192448 143911 108889 77687 55166 40446 34887 29047 26102 23928 20935 18592 17501 15245 15705 15763 14699 16215 14372 17667 15940 15197 15408 15674 15082 13958 14009 12861 13514 14476 15521 16016 16250 16669 13417 14578 14425 14546 15487 15978 16579 15835 16204 18032 16620 17405 17799 18770 17886 19298 21065 14291 14346 17288 18599 
-302 69726 287948 416430 493585 523275 561197 587714 651092 697011 825577 814908 840108 1065936 975375 1142880 1241558 1252707 1482328 1445456 1559121 1437761 1498926 1701855 1701735 1825949 1760036 1754984 1732221 1650880 1703501 1634570 1532295 1451054 1348550 1236292 1085016 992782 871560 751390 649360 517801 431707 340255 266740 202462 151802 109374 78581 54783 42482 32059 27623 27076 25517 23379 20436 17563 17603 15513 15951 14754 14128 14146 13788 13752 15305 16463 14946 15853 15319 14495 13266 14041 14015 14112 13720 14022 15483 15819 15279 14102 14828 13865 14747 14099 16439 15564 15356 16512 17591 17658 16780 17235 19134 21604 14926 15921 18872 17698 
-274 64312 298408 418363 481765 523489 543712 588773 679703 730717 723543 895623 864089 966797 1102357 1045067 1278894 1327738 1406557 1497061 1482109 1574046 1400773 1633466 1785061 1662479 1821703 1885344 1695324 1653889 1693009 1619273 1537123 1437469 1332300 1273823 1086477 960598 871650 760781 646367 526242 421552 336791 266469 205149 156776 117974 84604 57342 41431 32200 27610 26243 23846 23161 21681 19426 19186 17815 15436 15381 15106 15116 14024 13002 12431 13675 14902 15748 14664 13220 16067 15730 14355 13000 14743 13209 14484 13379 14666 14766 14727 15296 15164 13476 13833 14616 15823 14786 16389 16451 17426 16171 17401 22103 15533 15272 16802 14260 
-280 85477 312178 419848 460478 498688 571837 634403 639993 735670 752706 820402 968085 886027 1105704 1162017 1172469 1390089 1370998 1522897 1492760 1471399 1513023 1511787 1780084 1750906 1752716 1916897 1701562 1647833 1759772 1608641 1479605 1440396 1371036 1237010 1112553 977500 833493 759497 646015 539762 421475 333956 263603 198979 155966 121796 91279 65778 44880 31578 26681 25229 23609 22348 22670 20589 20290 17832 17904 17763 16340 15031 14102 14443 13349 12479 12322 12190 14134 14154 16046 15089 14795 14872 14693 13021 13945 15208 12871 12726 13252 15863 14646 16331 13140 14182 13324 14633 14487 17617 15643 15375 18588 19268 14869 15129 19091 16548 
-334 93046 293131 398533 462538 531128 578172 625928 637529 713985 833150 759974 905596 1014986 1012628 1217506 1186461 1336230 1483560 1423256 1508739 1441641 1507509 1540485 1687515 1910466 1679645 1793113 1790421 1689517 1761077 1606266 1471643 1441811 1378233 1210511 1100296 1020357 836947 730893 639938 527875 443690 337764 260294 204059 146723 117032 94642 70498 52777 36327 28854 23588 21370 22582 21839 19559 20439 19308 18394 16813 17609 15757 15275 14404 16335 13814 14266 12852 13480 12120 12359 14054 14409 15047 13530 15103 13969 14532 14296 13645 14204 13415 13551 13551 13588 15026 15018 13949 13517 13857 15746 15124 18291 21282 13250 12105 15667 16741 
-333 72577 295001 406549 480931 539642 547424 606184 717153 688849 765068 856971 828093 1038503 1076930 1105692 1296232 1279380 1481305 1457529 1446421 1528005 1404112 1523632 1702296 1897420 1747542 1713978 1799590 1681841 1733406 1693331 1502629 1394428 1365110 1248295 1060723 1013697 888943 707757 627930 532376 433990 341139 264429 208848 150740 110096 88291 70236 54510 42954 31419 27895 23304 21219 19085 20122 19325 19110 19715 19063 16122 18325 15311 16123 15171 14206 14712 14824 14433 13433 11522 13504 12647 13538 12374 13964 14491 14645 13285 14988 12883 15520 15573 13408 13123 12329 13655 14504 14896 14269 14698 13943 15047 19072 13463 14578 15056 12831 
-344 68239 306743 431090 466536 502135 577892 620466 670343 742877 722709 870312 907079 918388 1126546 1118455 1266489 1348660 1326242 1593043 1440448 1466255 1493549 1465257 1683429 1767077 1838632 1887154 1676214 1596889 1775432 1720632 1525402 1419458 1327459 1244988 1107147 969908 885776 735784 620235 542921 420119 330072 265778 215910 161489 111278 82897 64504 52893 43720 35580 29248 27097 24457 22478 18859 17444 18922 18552 17246 17866 17681 17164 16198 15856 15686 14497 15334 14964 14736 16252 13902 12241 12236 11622 12030 13010 15393 13856 13761 13277 12786 15354 15417 14854 14670 12374 13737 12560 14168 14885 13628 17180 20746 11575 10931 11825 13131 
-294 90878 317313 399124 450818 534324 566958 641875 631740 732908 803858 795089 969602 929329 1003548 1219235 1195753 1382687 1387771 1420739 1563123 1449199 1523694 1489562 1559466 1780751 1800490 1968832 1723990 1542022 1714028 1703121 1541560 1458279 1352178 1210514 1139878 988470 842965 760482 620998 529609 430297 328383 261262 210047 167731 122068 84050 63840 48716 40243 34189 30158 27649 26056 24877 22600 19615 18447 17344 16839 17761 16340 16565 16694 16428 17600 16077 15044 15307 14151 14604 16055 15033 14232 14027 12634 11402 12662 12866 14439 13752 12510 12992 14449 13868 14979 16016 15644 14160 12889 12589 12152 16264 20379 11629 11404 11584 11591 
-371 84713 294384 403975 462517 538065 544113 611639 711849 693702 805464 834515 876825 1042367 948630 1133890 1290821 1276207 1493760 1395852 1519615 1549502 1430460 1522457 1567438 1816647 1771569 1789808 1909498 1625573 1546696 1697995 1573238 1446110 1361330 1243844 1130133 1009469 858346 745801 623460 507808 428690 343003 265420 204568 165130 125614 88454 63786 51051 37153 32365 26930 26772 25790 24118 23480 22682 21420 19805 17591 16961 16555 15310 17095 15997 15805 16992 17031 15299 15050 14642 14265 15345 16274 15974 14992 13913 12926 11057 11627 14081 14099 13116 13002 13402 13120 12971 14786 16580 15281 16432 12399 14505 20583 11437 9878 11891 12770 
-344 64791 301102 415458 462263 496778 585833 606515 685415 747135 736397 892902 864086 975638 1064159 1002984 1296555 1330187 1403853 1578637 1407839 1490054 1505496 1504228 1640562 1738255 1793339 1791182 1820735 1717404 1593975 1582269 1586726 1482340 1331446 1256285 1152508 1011425 868686 747163 625277 509297 406308 341200 278125 215665 164822 118783 86387 68036 49974 38908 32791 27890 25169 23470 22937 22651 21216 21310 21446 20724 19855 17954 16867 16426 16719 14922 15060 16324 17016 15463 16128 14885 15881 14787 13457 13892 16928 16295 15956 12252 11904 13107 12278 13472 14233 13706 12392 13134 12693 13200 16631 15943 20048 20861 11213 9435 9382 8300 
-351 78458 310748 385193 463324 512644 564978 656938 644952 754034 757217 815043 955937 896236 1082255 1109386 1085269 1432223 1428282 1446701 1534575 1429422 1575667 1492735 1606646 1746498 1793638 1884410 1692752 1648099 1723438 1618040 1523245 1470663 1330464 1269510 1165035 1005913 870652 746819 641780 516594 395482 324843 283098 225784 167781 120201 86625 66552 51003 40521 32750 28697 24607 22742 23030 21147 19602 19854 18766 19331 20367 19691 19554 18319 18006 17203 17204 15069 14690 16768 15716 15593 16201 16174 14091 14398 14045 14770 15829 15922 15865 14281 12863 12167 13772 14670 14099 12621 12966 12106 13504 13170 17116 21667 13454 12635 13427 13684 
-339 85102 291163 411515 454276 530068 562720 641562 674402 675059 829617 789631 910127 1004569 944700 1180417 1168532 1236146 1490895 1409021 1541918 1533575 1471899 1572818 1597060 1762134 1814066 1804595 1739878 1592177 1708166 1709876 1490589 1437792 1360449 1262751 1180363 1002546 856849 746751 644500 520000 416480 327507 262778 220862 173664 128466 89667 63351 48653 40933 33612 29321 25956 24761 22917 22103 19051 17613 17906 17975 17593 17430 19316 18720 18818 18956 18108 18809 17156 16167 15688 14515 15792 15772 15371 15957 14833 15354 13438 13441 16206 16604 15362 14797 14352 14663 13156 13969 14557 13321 11824 13640 14821 19848 11579 10906 12681 13417 
-281 93059 296821 414190 465184 515507 591303 584955 711817 678721 768052 867323 844669 1016594 1022356 1044145 1279166 1198445 1335223 1587731 1422839 1540282 1526284 1562189 1707409 1740203 1800684 1739184 1746840 1672101 1641400 1632109 1560083 1433151 1392974 1273057 1133818 1034471 868362 710251 631498 539090 438479 335373 255934 209937 168710 131074 94423 66591 46960 39100 33974 30888 27541 23518 22199 22985 21057 19102 17186 17003 16655 18421 16425 16324 17334 18015 18843 17631 19099 18380 18541 16323 16464 14650 15920 14882 14938 16737 15543 14681 13810 14314 15047 15723 15979 16438 14733 14808 15604 14187 13140 13486 15197 17884 10586 8948 10317 11808 
-336 80341 311289 405132 485716 507925 569676 612134 650202 759404 718620 851696 902637 908805 1114283 1063540 1134065 1360375 1245570 1436570 1561413 1496368 1580886 1573755 1705516 1805906 1748856 1798264 1733801 1638778 1605439 1589734 1604109 1485085 1355569 1293829 1146403 1015360 872432 716059 611870 543416 445691 340862 264531 209365 160925 125460 96056 69568 50620 38837 32258 28711 25920 25241 24502 22085 20628 19688 18530 19127 17283 15627 16375 16537 15139 15527 16442 17235 17405 16501 19244 18520 18388 19052 17182 15251 15226 15305 15681 15344 14605 15056 15190 15306 15216 14528 15544 15796 15529 16077 14429 14185 17494 20936 11617 9380 8236 8492 
-280 97711 320177 423629 472545 518757 543408 624868 657123 730317 790952 751025 944014 942446 981538 1178822 1145419 1216666 1360212 1326054 1575743 1596497 1521986 1568480 1680073 1872407 1846439 1824747 1691382 1531725 1577079 1634232 1605755 1518358 1376439 1255823 1168870 1015139 862714 734669 617112 531572 433697 337978 275876 218364 160490 118511 92121 70699 51345 41310 32723 29266 25982 23893 23205 21732 21188 20684 19898 17961 18401 19101 16215 15642 13998 15582 16289 16000 16825 13688 16420 18337 16860 18262 19006 18629 17530 17019 16150 16020 15202 15247 14909 16444 14953 15039 16137 15555 14843 16116 15274 14943 16266 19524 13713 14010 14094 13424 
-385 84755 306533 424031 460802 526860 555396 587473 706877 683176 797655 810505 832911 994106 982252 1089935 1250098 1117146 1352723 1513753 1420564 1597351 1525550 1565197 1681613 1899152 1995940 1772595 1628441 1551167 1541926 1607863 1626548 1528361 1429593 1269535 1111098 1022816 893687 747977 607049 513887 433292 342460 266730 218399 172257 122840 86675 65950 49644 41103 33999 29845 28333 24576 22513 20457 21279 19892 19706 18833 17355 17817 19143 16174 17320 14372 15614 15027 15861 15603 15255 14636 15730 16262 15624 18017 18447 18575 19886 16511 16697 17291 15801 15011 16341 15984 14198 15890 15305 16297 15574 15251 18546 21759 11787 10954 12839 15002 
-305 64205 304024 420027 470542 514701 569940 592950 666968 737889 731574 845701 832018 910574 1080312 1013227 1136618 1337954 1299160 1469090 1488873 1489995 1583704 1553616 1697330 1942374 1950237 1796286 1647829 1558391 1522635 1596567 1637165 1488062 1446470 1324230 1118586 1010916 883437 761955 623925 496126 423363 349452 259207 212949 176749 128664 88847 63628 48195 37587 33543 30202 29401 26675 22110 22398 21151 18069 19346 18916 18447 16585 18122 17305 17295 16215 17043 16024 15287 14526 14913 16360 14681 14395 14555 16283 16299 15380 17687 18108 19285 18338 18882 16467 16367 17255 16733 15433 15744 15245 15059 15537 18175 20755 11816 10630 11736 14544 
-309 81804 309482 415788 476544 518004 556475 611756 649059 720407 757244 782554 912055 881430 963276 1133875 1105437 1306927 1381911 1341679 1562772 1567970 1529225 1598632 1698036 1861706 1910952 1837189 1662917 1555899 1564174 1599891 1609005 1522404 1392205 1320326 1209163 1005706 851882 755157 639513 503581 408585 341119 263586 214247 168788 131777 92532 65610 46794 37626 31237 28769 27530 26628 24903 23336 21331 18846 19171 19003 17830 18632 17170 17040 16563 16794 15818 16293 16928 15525 14959 15254 14655 15625 15222 15170 14299 15509 15928 15716 16240 17096 18270 17979 18495 18552 18955 17712 17216 16381 15396 13399 19347 19221 12678 13713 15742 12544 
-272 80525 307347 415315 472228 522453 549848 616809 648146 673308 773177 806639 856566 951359 900003 1128111 1244424 1122737 1378721 1458582 1518762 1627206 1576520 1578533 1636399 1801278 1930608 1782676 1697822 1619493 1565360 1644596 1603377 1509079 1413479 1294493 1199846 1031624 865650 764789 617163 505175 411940 332368 264920 212089 170401 128994 93829 63406 48064 38113 31595 27063 27085 24936 24332 23636 23293 20188 20138 19027 17381 17135 17569 16852 17761 16558 16660 16481 15443 15277 16435 16749 14611 14467 15488 14218 16253 15073 15152 15605 15107 13878 15647 16318 18807 19138 19309 19940 17922 18118 17246 16854 19162 17936 12919 13243 14236 10730 
-293 91923 309640 415503 473715 499079 575403 590797 637717 690600 725006 847190 834931 930977 1042869 991632 1184726 1250105 1287140 1525098 1555316 1611420 1609901 1534797 1607505 1772668 1891194 1792453 1713220 1670182 1579680 1631871 1600166 1534222 1458720 1285306 1130487 1045012 906892 765668 615173 498772 405135 327758 268241 212787 169605 126366 90815 64337 48545 36990 32165 27747 25605 25557 24036 20795 21722 21952 19392 21515 18470 18255 18007 17430 16856 16715 16232 16033 15770 16388 15541 15743 15277 14676 15789 15320 14858 13948 16494 15446 14942 15366 15172 13888 14627 16787 17483 19663 19384 18211 18458 17429 22143 20777 14058 15010 14694 13492 
-299 90749 310192 406760 471870 509111 542087 602103 622839 702323 715327 788095 939634 909180 1016391 1048285 1053695 1347950 1341815 1451295 1638697 1568603 1558465 1557078 1597561 1737389 1833974 1890754 1761396 1597980 1597356 1617167 1635587 1584075 1428201 1276969 1144363 1028052 912526 772856 620585 498267 405694 321919 261816 214360 169061 127440 88731 64294 46678 37358 30929 28818 24891 24950 23068 22099 21117 21344 18348 19124 19000 18744 18722 19780 16924 16792 17210 17940 16474 16404 14062 15197 16066 14573 15239 14468 15278 14926 14686 14412 16227 17388 14042 14592 16800 15882 15419 15376 17300 17383 16371 18161 20088 22816 14595 16526 21049 19596 
-296 96161 314753 412313 450567 499866 536334 613050 626177 660666 767038 781782 894755 966151 941270 1108840 1120003 1255496 1441803 1444199 1550166 1575627 1547129 1558970 1607758 1694594 1880462 1892210 1773030 1599948 1575916 1648650 1643531 1568359 1408049 1294442 1183152 1014914 908404 770321 617633 502849 415972 322906 250389 210927 169064 123767 92637 63676 45198 36751 30193 26201 27055 23863 22818 21932 19534 20473 20960 19790 19246 18041 18375 17425 18228 17624 18612 16523 16667 16331 16802 16391 14660 14809 14763 14297 15379 16211 15268 13863 15133 14204 15880 16027 15203 16932 16814 16119 15974 14400 15864 15593 18671 23491 14842 14961 16860 16471 
-358 109861 303767 407107 446181 481711 557722 587102 650495 663694 756163 839407 782827 964395 1034990 1061013 1223887 1231018 1400908 1483811 1457079 1581985 1551166 1530988 1612326 1761145 1897238 1838223 1722473 1660990 1631649 1633671 1587425 1523256 1452312 1326761 1181558 1035370 885222 772434 628659 497598 413209 331424 252207 205263 164642 120951 91081 65750 45801 35680 29817 26326 25400 23855 22259 19886 20378 19979 18952 20609 18510 18792 19295 18827 16205 16425 17280 16820 18813 16748 16862 16348 17958 15756 15020 15646 13706 14004 14648 15975 14298 13540 15480 14969 15520 17456 15349 18594 14874 16140 15516 14679 18843 21391 12690 12309 14406 14232 
-332 89854 305297 389896 443985 492835 537785 604928 640136 716424 702257 810434 850260 884103 1084108 1103016 1244227 1271686 1288913 1488692 1511322 1493078 1568724 1548312 1611102 1853819 1864602 1812171 1712720 1635808 1616501 1642387 1623971 1477701 1436578 1358366 1193654 1039905 884188 768523 639965 500598 398495 329377 261773 204578 159461 123376 85654 64780 45836 36680 29947 26377 22965 22495 22012 21451 19196 19686 19068 18471 18651 18612 19530 17961 16924 18633 18546 15686 16115 15799 17173 16666 17609 17270 16148 15875 16561 15121 14330 14793 13532 14319 15021 14674 15461 14552 14732 18015 17852 14859 15212 15867 19573 21479 12601 10689 14484 12675 
-293 89816 309383 396991 445217 496799 515482 623703 652393 683513 726702 759574 922955 908914 995198 1198374 1177999 1300983 1312246 1394073 1561298 1507509 1535971 1582786 1634736 1834507 1911557 1811885 1683510 1577036 1573879 1652238 1654402 1517846 1417975 1330429 1213785 1056694 901801 762278 620562 515642 408049 321419 255839 201065 165707 118858 86642 62111 44043 37077 31819 26032 23248 22592 21612 19313 19523 19127 18415 17281 17832 18751 17661 17487 18450 18972 17194 16663 17114 17322 15592 15299 16584 16490 17338 16255 17437 16566 15389 16803 13944 14412 13525 14869 15197 15924 15058 15238 13971 15185 16658 15594 18282 21892 13320 12371 16539 17490 
-288 90502 300860 411086 431551 501083 547208 569905 672958 655707 769921 798882 857864 985173 969471 1116781 1231164 1263204 1401382 1365576 1485232 1621851 1540973 1541129 1676077 1816337 1919009 1816915 1646865 1568984 1574609 1619296 1626664 1554169 1464149 1305178 1197908 1085327 921492 751605 609672 519379 421161 328533 246310 197115 161578 121446 86261 60208 45064 34478 29640 28740 24548 21983 20724 18677 20378 19785 17174 16796 17807 16800 16253 16200 17637 17357 18183 19260 16817 17817 16724 15564 14864 16335 15664 16112 16720 18125 16524 16139 15847 16215 16370 13605 15687 14171 14728 15042 13720 16102 13803 14013 19662 19955 13313 12080 14088 16820 
-309 78377 299138 392935 459348 496206 539754 551402 648104 719509 744688 864325 826277 946687 1014518 1025795 1256998 1278794 1387746 1469918 1455018 1612357 1590338 1528528 1645618 1824010 1894441 1793485 1704144 1595479 1524570 1547512 1621275 1584177 1473962 1336153 1198847 1065916 935152 756379 615452 518093 419157 335340 251234 191046 156553 122315 85493 61521 44873 34562 27916 25493 25629 23700 20931 19289 18696 18104 18631 17238 17337 17436 15198 16597 16757 15360 16004 18700 17738 17400 17734 17315 16072 15804 15091 15492 15793 15519 17458 16595 16821 16894 16187 16507 16699 15477 13866 13873 15444 14185 14548 14544 17186 21280 11791 10984 14515 16218 
-302 74015 299546 398008 461823 488773 523874 577197 629676 756343 748469 841531 881149 844471 1037805 1055157 1175776 1348427 1358816 1531049 1587054 1517568 1583634 1571909 1591951 1754308 1924150 1847569 1670570 1576348 1544229 1548841 1579586 1565456 1472546 1371404 1221646 1049426 912367 778644 630075 514637 414376 333397 256934 197826 153472 117370 84338 58899 47495 36718 28189 23909 23824 22229 20207 20434 20270 19204 17329 17299 16477 17549 16567 15552 14336 17297 15527 15403 16685 15964 17047 18883 16539 16036 15956 17181 15751 15275 15821 15938 14188 16412 17538 18312 17796 16458 15985 14311 15888 14024 13284 13380 17206 20298 11616 11722 12074 15722 
-270 73787 301153 406118 435488 484195 546277 608276 632817 703282 820680 772436 884617 888111 949092 1141012 1146439 1333380 1446407 1473175 1663676 1571222 1480324 1541734 1580330 1720072 1956331 1906582 1669317 1523400 1544773 1605555 1584635 1507850 1434965 1380596 1249118 1061981 908547 782094 638938 513981 416877 333921 251051 201691 156400 112433 81755 61226 46094 34888 31474 27350 22037 21244 19606 21120 17373 18146 18514 18444 17832 16375 16663 16900 16191 15266 14315 14690 15405 16018 16058 15308 16074 17965 16302 16186 17332 15404 16195 15528 17555 15199 15471 15970 16899 16236 17709 16911 16475 15061 14475 14427 16439 19932 11404 11561 11296 12497 
-304 68024 282387 388954 444759 503120 574896 596966 644105 680607 788962 797117 831540 950856 947453 1117089 1237792 1268589 1496176 1554568 1549856 1580097 1525646 1504773 1602193 1734126 1865762 1871661 1748265 1603984 1507422 1539399 1631827 1544211 1408755 1333972 1227074 1093094 930501 770035 652950 525032 408891 333695 252438 199745 157377 112228 80980 60434 43230 35598 30245 29441 25743 22004 20586 18811 17990 17156 16315 16397 18206 17751 17550 16437 15612 15735 16686 15300 13663 15427 14699 14954 15754 15462 16838 16114 17816 17140 14834 16696 16173 15555 16698 17088 15805 15042 15324 16887 17859 16516 15713 15076 18144 19787 12597 11491 12199 14281 
-296 57806 279414 388885 467915 506931 572034 609358 644815 657741 727132 849958 827493 930179 1038593 1068495 1284290 1336160 1433053 1588571 1478664 1485481 1597036 1598418 1592713 1682137 1800722 1859016 1743531 1636555 1606955 1530619 1521998 1547061 1501603 1315477 1179561 1061051 946223 801257 657126 533271 405427 323570 261581 196229 151541 114115 83337 58090 43782 36756 31312 27052 26319 23965 21287 21027 18334 17730 16894 16716 14369 16459 16547 17694 17163 16898 15840 15781 15533 15758 13632 13625 14272 14422 15112 16054 15778 16314 17639 15373 16909 17509 15777 16261 16524 15782 15896 14378 16712 15716 17425 15680 19205 20428 12239 12305 14228 11987 
-271 60237 284907 410649 466259 510015 560479 611046 630127 670776 710766 811575 887987 911849 1070367 1140931 1249724 1434041 1344777 1420488 1550597 1552818 1624165 1589349 1572615 1666942 1748420 1820647 1768366 1656744 1623169 1587811 1507383 1497149 1513065 1361655 1173498 1025181 923457 811649 672540 541269 410566 316302 259591 196423 149716 114403 84942 57496 44319 36006 31988 27504 25123 23904 23664 20596 19086 18647 18871 16713 15517 15673 14863 15754 15375 15212 17622 18074 15663 16034 14373 15763 14540 12714 13155 14731 14836 16025 15553 16228 18098 16745 16484 16036 16246 15726 15684 16277 16777 15986 15050 14202 17488 22315 13793 14011 15031 14728 
-307 73938 292068 410960 455104 512870 547933 590964 632093 693342 730292 765864 899655 964408 1079208 1231164 1214697 1353254 1354254 1350684 1560273 1665453 1618400 1550373 1603214 1626184 1676861 1799172 1816135 1711875 1593026 1544470 1574222 1562147 1450407 1321514 1205830 1065532 903963 776650 675437 542897 416451 321226 259510 193612 147874 114979 85468 59401 42598 35411 31347 28654 25569 24584 22613 22355 20286 17657 18578 19487 17416 15797 16550 14717 12802 14960 15159 16420 16783 15358 17451 16402 14977 14922 14164 12919 14791 14059 13350 16460 16095 15745 17850 17311 15975 16035 15544 16114 15916 15166 15968 15463 18615 20538 11776 13376 15444 13462 
-304 77832 290882 401819 453314 493857 546343 588850 635184 685687 772781 779311 862103 1041059 1106913 1194954 1207135 1221820 1419637 1482287 1478773 1612097 1657690 1618784 1574822 1603287 1661877 1742554 1821909 1749380 1619353 1566689 1576838 1553277 1423079 1321531 1221349 1076957 926691 766881 645007 530460 424139 324790 258677 200299 146846 110856 83904 62629 44468 33856 29564 27958 25949 24657 23879 22293 20707 19668 18883 17418 18015 17026 17831 17382 14613 15135 13639 14689 15464 14322 14180 18201 16617 16117 15049 15074 14877 12626 12899 14567 15317 16318 15920 16687 15812 15759 16405 15516 16653 16005 15773 13567 18482 21098 13402 13654 15483 12890 
-313 81404 291099 393593 443703 480298 545548 594474 634873 710472 780678 832392 880191 1023491 1085526 1107685 1233448 1264344 1424755 1551523 1439415 1515454 1668559 1674436 1600144 1605826 1625308 1667147 1755632 1796057 1755262 1594075 1503541 1498941 1452798 1339020 1219464 1080930 932105 776372 640281 518825 410598 321128 258341 207755 151204 110169 81427 61083 46407 34310 30136 26243 25389 23767 22883 21371 21745 21449 19779 18741 17071 17281 17163 17177 16690 16942 16141 14290 13462 14335 15924 14361 14707 14789 16370 16763 16425 15940 13453 14294 13411 14694 15486 14121 17057 15418 16302 16374 16232 15061 15248 15173 19189 20050 12741 12832 13429 16410 
-312 74605 286127 377220 439654 489394 540018 596194 649855 730331 800098 887504 878746 940167 1061665 1074251 1260178 1416362 1368995 1439457 1514646 1501924 1607806 1709371 1651502 1615722 1603524 1586756 1690800 1890233 1824891 1577945 1489075 1479639 1480987 1344358 1200841 1091313 916238 789342 657535 514861 398426 308600 256581 209658 155490 110408 82101 60133 43458 35762 29311 26268 25028 25193 22044 20882 20531 20312 19979 19619 19391 18017 17486 17028 16723 16597 16510 17393 15658 13768 14212 15515 13906 13902 15163 15796 16010 15194 16076 17079 15109 13259 13929 14360 15453 13789 15366 14402 17154 16098 17549 14120 17875 20313 12423 11299 13275 16923 
-295 69817 273361 376090 434653 496824 535608 610824 680360 753084 811758 861997 874434 893981 1035165 1168035 1258814 1361743 1424728 1379207 1539950 1555989 1567078 1677095 1646096 1627152 1597949 1621983 1707789 1771462 1802057 1690206 1549347 1460465 1426916 1356383 1224765 1067734 908146 794169 669222 510904 400778 313132 250444 202421 151964 115532 83243 58326 43863 34285 31390 27274 23497 22940 23149 22993 20447 17949 18370 20698 18043 18849 19073 17442 16959 16903 16406 17369 16865 15339 16794 15657 13170 13509 15733 13969 15702 14870 15098 16439 16678 17024 15184 14083 12585 14440 15005 14558 14699 15925 15860 15397 19031 19520 13048 11833 14863 14791 
-244 68911 263777 391147 437545 489571 555921 625231 711476 756541 788227 805534 876950 937439 1056243 1192062 1222847 1282732 1479766 1485953 1463748 1504111 1603518 1689764 1643045 1640124 1634377 1610640 1629485 1722223 1819906 1752909 1582870 1481093 1403481 1340060 1230111 1057501 920500 778366 643709 531677 413527 322487 246333 192906 147375 110448 85369 61182 44110 34606 29949 25665 25305 22780 22436 20498 20692 20475 19134 18401 17547 16720 17635 19428 18353 18602 15808 18283 16324 15724 16628 15989 16515 15009 15170 13899 13496 15179 15841 15448 14948 16868 15801 15484 16210 14765 13092 14066 14712 14859 15314 14221 16483 19146 13948 15088 16004 13864 
-293 64184 263162 390254 448871 500505 576612 639297 705481 719814 762161 793088 904874 1026331 1036729 1110991 1233835 1329495 1418470 1507490 1462460 1484607 1638094 1729937 1675523 1639060 1595948 1597712 1617464 1714444 1821319 1764387 1586848 1505857 1446048 1303260 1214412 1068627 918193 774306 629710 522766 435617 330602 244720 188370 144162 108572 82487 60853 44357 34310 29802 27956 25174 23563 20594 20300 20137 18488 20822 19138 18648 15680 16197 18530 17676 17315 17652 18391 17635 16881 15329 17342 17190 14879 16237 16517 14198 14483 14399 16086 15932 15832 15290 14683 15074 16175 15819 14970 13862 13767 14143 15139 18194 19014 12978 13105 13205 14927 
-269 68647 284147 399827 456059 519506 584844 628543 659630 702054 763693 847354 911610 1012348 1029746 1086171 1269505 1360739 1329791 1440577 1534074 1618653 1678921 1613360 1623667 1602655 1608456 1685950 1701278 1657562 1696080 1744470 1662078 1546562 1439702 1319840 1203207 1044386 914835 774690 638939 526981 420994 332113 251446 189693 143907 106583 80462 56336 44067 35074 30921 26798 24976 23536 21824 20210 18371 18939 18635 19131 17691 19560 18306 15727 17168 16515 16770 16659 18193 18957 16263 15723 17188 17231 16934 16061 14611 16103 15167 15982 14378 15857 16705 16003 15359 14230 14403 15473 16483 15784 13312 11955 16214 20169 12401 12983 15651 14782 
-289 86829 304952 405467 471940 524004 564538 584190 652724 713474 797218 876200 878115 946857 1076049 1158707 1219275 1304163 1328630 1421568 1610435 1736868 1645704 1532324 1499564 1573913 1727073 1763928 1741570 1734823 1676934 1587974 1583188 1599355 1477481 1363606 1183686 1026056 912141 771870 659428 529539 406338 320200 254458 196300 143480 108592 79684 54858 41679 34525 28735 25675 25631 24287 21612 20650 19925 19097 17023 16980 18247 18188 18011 17631 16859 18014 16017 15591 17910 16159 16719 17583 18769 16141 14921 16519 16410 16772 18296 15858 14693 14224 15557 15181 16232 16686 15995 14686 16034 14682 13434 15480 18501 18163 11978 10988 11945 12603 
-337 84535 306544 425097 468059 491671 539529 586875 657920 755946 791463 833278 873383 962019 1106597 1169002 1178663 1229326 1388781 1533880 1593809 1654597 1573063 1526576 1573487 1606554 1656807 1754238 1857701 1845622 1686467 1512134 1436624 1502544 1542738 1419725 1206029 1033819 907467 764904 662659 531154 405843 314665 249118 194189 146861 109627 78513 58169 40519 32449 27587 26264 22506 22168 21163 22200 21104 18150 18186 17825 17218 16308 16934 15443 19230 16967 16753 16585 17224 16003 17306 16256 17197 17025 15934 18062 15700 15742 18852 17163 15917 16354 14595 14976 14018 14972 17413 17374 17821 13872 15153 14487 18213 20282 11290 9655 9862 11883 
-355 74382 308861 411846 450322 473579 539989 613960 668220 746456 765125 791343 940886 988429 1042863 1146637 1203216 1284554 1427392 1526574 1523962 1539183 1517759 1631765 1716930 1626159 1590321 1770558 1923473 1826165 1646432 1565224 1502461 1397841 1393956 1389945 1298178 1104980 899212 765596 645209 525602 418545 315660 247502 186896 144643 109402 79543 56960 41434 32300 27534 25528 23825 21580 20145 21156 20045 19299 19561 16891 17887 17488 15936 14949 17038 15415 18289 17808 15657 16414 17060 16857 16955 16767 17016 17123 16355 16800 14853 15474 17889 17787 18180 15689 15751 14006 14296 16701 16439 17301 15594 15997 19783 20586 11953 10077 10044 12142 
-320 73235 296205 391950 440649 495565 550704 616953 665591 690225 784414 827750 927701 969656 1014015 1148248 1278159 1364302 1378859 1394825 1459262 1539657 1611697 1667601 1686725 1695233 1726540 1775581 1794438 1747930 1665244 1636657 1614020 1411682 1280895 1271416 1273221 1158603 951028 781916 626660 520198 423503 327288 244299 184042 142169 104932 79254 57327 41987 32038 28378 26108 23529 20929 20036 19330 18673 18367 18784 17885 17808 18708 17110 16184 16171 13903 16378 17692 16218 17227 16498 16790 15958 16876 17550 16610 16207 16765 17144 14636 15873 16891 15880 18725 17376 16416 14965 16302 14521 15686 15743 15437 21712 20575 12864 11673 13633 14391 
-275 59398 267627 407477 463440 497249 556028 593667 640129 701984 793539 857274 858887 972673 1055307 1188313 1278841 1350541 1334582 1307920 1467142 1601334 1659910 1620244 1676524 1794146 1856136 1805560 1658064 1656346 1685074 1684764 1641407 1480493 1329831 1225242 1138130 1088529 991420 818726 649381 529761 408891 326425 252837 184166 139686 102937 77071 55087 41015 34158 28071 23693 24722 22931 21843 17785 18200 17302 17402 17526 18259 17827 16223 16085 17930 15909 14678 14976 15838 15606 16627 18137 18230 15776 15350 16214 18534 17716 16106 15953 17598 15865 15776 14720 16284 16499 17805 18542 16337 15045 14401 14583 18075 20352 14835 16124 18038 14723 
-297 77603 295502 411912 461664 497836 544411 574243 647304 740850 749545 831845 865365 1007334 1118462 1150804 1225064 1267421 1332929 1408680 1509591 1544181 1607513 1658972 1727266 1826792 1899957 1797005 1660555 1630418 1652974 1687955 1594494 1567255 1430286 1231231 1074792 984093 945779 828984 687651 554784 411497 320468 251137 189632 137532 102670 75939 54000 39817 31768 27489 25925 23249 22215 21730 19784 18814 17070 17457 15932 17348 16964 16474 16801 15839 16412 15935 14963 16496 15777 14746 14705 15589 18827 17828 16352 16402 16774 17169 16301 18206 16620 16415 15100 16247 16306 15122 15515 17627 18282 16881 15035 17788 20173 12402 13401 15294 14275 
-295 88707 310795 405748 458025 487478 528387 606003 654547 713328 723994 820424 951960 984509 1100296 1124370 1136655 1254561 1398551 1505399 1498217 1513590 1570558 1664411 1775250 1869130 1825274 1777351 1739720 1686363 1602496 1650886 1620796 1570471 1452177 1278722 1091206 945342 863986 798434 691899 557424 434908 334090 248370 185390 139168 102216 75075 52947 40792 31611 25749 22641 23830 22405 20888 19841 20798 18318 17351 16495 15404 16483 15701 17010 15916 17200 14589 16243 15071 16695 14353 15143 15097 16244 16214 17907 17128 16398 16678 16269 15870 17511 17979 17803 16154 15207 15297 16380 16618 15684 16324 15186 21501 21454 12108 12345 13636 11503 
-287 102810 304407 394591 446491 493409 552877 612610 621388 677484 768237 845187 952483 954349 1031188 1093870 1146071 1312446 1407660 1502446 1540183 1541128 1567400 1639853 1745365 1855602 1836110 1809428 1745337 1684593 1661289 1662723 1633116 1527302 1411914 1320548 1139316 959839 830916 754754 651356 544011 445330 352854 252186 186569 138176 100518 75287 56040 40600 30250 25765 22545 20537 20184 21163 20120 19767 18547 17912 17270 18023 16146 16397 14767 14782 15270 18019 16626 13877 13844 15317 15197 15914 15491 14762 15841 17913 17813 16500 15612 16816 16182 15885 16575 17651 17746 17313 16187 16600 15014 15522 15481 18401 19669 13320 14909 16822 17165 
-308 86291 292301 392601 453362 512991 561370 560671 622940 704937 802293 832248 890965 948346 946900 1102964 1248651 1304682 1413620 1507116 1533089 1542403 1614007 1635666 1656499 1814491 1911190 1840550 1725708 1651380 1759819 1720385 1572771 1499239 1398264 1329727 1166310 1015074 838332 706632 611961 530478 440599 339129 260346 196880 138088 103766 74918 56056 40222 32424 25133 21978 20503 19112 19370 19426 17367 18842 18472 16304 17949 16549 16838 16593 15740 15190 14190 14559 15893 16895 16118 14959 12716 13874 16561 16525 15492 15488 16080 16890 16380 17366 15941 16066 16575 15890 17310 19122 18477 16417 14635 14666 16491 20203 12866 12441 15411 16110 
-276 76337 283686 399999 471039 510120 516319 571255 671469 723777 748939 815225 835551 915931 987972 1111900 1270127 1351085 1436326 1485560 1477595 1586072 1608095 1614239 1703876 1787387 1862820 1875367 1773664 1699018 1730495 1700529 1590447 1490932 1406927 1316642 1176361 1058510 857866 700154 582494 513033 426930 319704 257998 199861 143673 105969 76598 56160 42410 32892 25960 22380 20823 18903 18929 16785 16808 18201 16422 15962 16883 17963 16272 16485 14932 16341 15596 14759 16104 14283 15474 15570 16094 15692 12920 16586 14412 14896 15484 15535 14722 17313 17856 16179 16061 15097 16915 17373 17650 18291 18632 16606 17477 19206 11602 11555 15931 14333 
-293 72208 292232 409211 453693 477870 535960 622338 661943 700394 705429 788493 824109 900023 1070609 1115821 1256634 1415192 1435288 1447393 1491689 1552332 1580418 1633834 1755048 1785338 1778528 1909500 1862710 1718362 1663009 1676317 1615385 1514448 1422197 1294344 1196050 1038180 879497 750498 572412 470644 408051 320083 247861 189551 145240 109358 77982 58371 41428 31433 30059 23887 22436 19833 17782 17103 16581 16313 15860 15128 15787 14672 15850 17492 17375 15415 14012 14856 15599 16722 15442 14108 15495 14972 18565 15303 14826 12936 13508 14319 15934 15355 15694 15434 17987 17941 14483 17945 16883 17011 15878 16618 20404 20916 15205 13537 11796 13566 
-290 82229 286822 385172 437795 509972 568627 614633 615349 672965 707515 745026 869268 931829 1054945 1177779 1254432 1348700 1454079 1466725 1510970 1535736 1582800 1633969 1732005 1768216 1807376 1926148 1829365 1708475 1712986 1680706 1597381 1504724 1448399 1315978 1181035 1027729 907341 771919 588953 456214 382580 318947 241204 176243 141309 109285 77665 59740 45327 31500 26695 26464 23331 20624 18845 17294 17659 15794 16288 16075 14349 14781 14120 14191 15106 17200 15706 16105 13558 14717 15820 15084 15740 15912 16014 15962 17055 15868 14359 12885 13538 13737 14357 14908 15855 17484 16704 18931 17018 15550 14993 16188 19092 21597 14226 15779 16743 15659 
-305 67764 268327 385117 466454 531003 533231 589419 607767 628842 725648 772098 894734 971815 1026422 1195828 1256786 1279513 1445612 1515230 1524302 1601665 1538603 1598978 1708396 1774851 1898620 1897727 1733664 1714707 1769404 1732361 1568977 1464783 1457362 1346550 1177537 1052808 920449 746176 623428 483850 356403 300493 237219 173795 135257 102573 77338 56917 44844 35632 29207 23575 22412 22677 20057 19548 17559 16494 15030 15477 14877 14772 14120 14960 14211 12506 13710 15874 16049 15884 14919 13503 14641 14864 16234 16965 16058 15163 16564 16130 14154 13888 13179 13399 12223 14773 16550 18074 17583 16147 17517 13658 18640 20638 14006 14812 13929 17819 
-267 55436 268488 419554 465955 495771 516105 561766 612840 613499 754169 834310 871563 993992 1045019 1132492 1263520 1308069 1388087 1524295 1587506 1609433 1535716 1544394 1722210 1839146 1886826 1832220 1765454 1699670 1684823 1751449 1635863 1510043 1413119 1334640 1225054 1067485 905592 736567 652875 512113 359975 276596 224597 174435 134946 98843 73641 53474 41271 35362 30406 26106 24173 22140 19765 18400 19725 18615 16625 15533 15335 14783 14473 14144 13603 14083 14603 13174 12133 15335 15375 16468 16446 14078 13649 14254 15522 16285 16861 17036 14850 15388 15390 14279 13418 13434 13937 13204 16183 15846 17566 17239 18820 20058 12994 13652 14100 13550 
-335 74653 296651 404138 421793 478016 521216 520922 630097 683007 736251 863282 884146 960433 1061749 1118159 1203861 1360342 1393311 1488601 1604714 1569571 1595302 1592842 1690940 1837762 1869097 1852707 1768658 1668967 1618015 1691986 1704332 1582367 1409219 1343244 1231732 1056905 895436 772036 643484 523887 391400 267305 209465 172412 132255 99057 72503 52165 39545 32126 28640 27365 23859 21864 21070 19528 18819 16916 17074 17459 15858 15596 15564 14390 14142 12969 14463 13080 14177 13597 12682 14534 14859 15227 17354 14263 12994 13558 15113 16986 16382 17361 15593 14735 15560 14588 14986 13501 12681 12823 14170 15064 18918 22988 13992 12642 15571 15439 
-276 69933 279358 383716 416541 450099 513366 537745 645436 757986 718939 829636 904016 949593 1043396 1128701 1196051 1349395 1460909 1419632 1551322 1628069 1629195 1631452 1673323 1819198 1883555 1873578 1710961 1628610 1647382 1667174 1680673 1578614 1500059 1371894 1174922 1063717 907559 790915 635179 508993 423430 291490 202363 159838 128885 95473 71996 52932 38944 30376 28179 23797 24069 22094 22257 19914 19686 16637 17649 15758 16450 16485 16729 15443 14959 14410 14526 14085 13991 13566 14069 12599 13216 13676 13536 16394 14606 14512 14496 13512 14868 14340 17086 16609 18177 14896 14876 15736 14300 13665 12810 12550 15114 18015 12896 15373 18804 16575 
-244 73427 274547 370249 417207 423780 510458 627105 634839 752326 747213 772600 909051 968315 1015705 1140550 1250965 1300270 1414606 1469308 1545286 1664345 1589893 1607609 1722062 1848839 1866975 1802103 1716288 1663100 1623541 1634363 1679907 1568449 1528246 1374649 1191649 1074342 911434 783287 641967 512041 415337 323344 217305 152416 118672 94621 72871 53941 40494 30334 26647 22482 21133 21337 21636 19130 17501 18973 18506 16783 16445 15281 14953 16052 16261 16502 15246 15051 13214 14459 13256 13403 14312 13798 13745 13702 13148 13752 14576 15673 14524 14529 13687 12985 17267 16453 19361 16725 15265 13861 13557 12649 15547 16728 11338 10865 13535 12414 
-276 65802 273558 354731 400057 466463 534823 633730 647486 695441 779579 775436 876570 970625 1056374 1131850 1248080 1295271 1339695 1582308 1584106 1576198 1603175 1568071 1747270 1903969 1826149 1768076 1759390 1645951 1593785 1640064 1676920 1608664 1465271 1342613 1269179 1080618 910650 776967 646669 527324 400941 329408 242903 157850 115032 90809 71819 54066 40758 30861 26321 22867 22220 21222 18338 18451 18287 17164 17268 17788 16692 17024 16601 15672 13476 15112 16553 14931 16194 14744 14628 13540 14470 14353 13843 14039 13225 13208 13244 13659 14949 14073 13907 14543 15132 13397 16185 16799 17190 17653 15008 14621 14680 18313 10434 10426 12238 12167 
-268 62975 249732 360761 429769 496593 540825 602116 651422 667427 789256 805318 842790 978221 1089368 1126965 1185986 1352478 1383992 1533039 1675243 1521203 1527153 1616804 1724882 1871207 1891054 1791603 1703226 1595767 1621099 1728761 1667222 1538133 1431941 1377175 1260529 1071557 954377 775485 641694 537466 417319 311304 249656 175376 118844 90768 69924 56322 40904 31064 26962 23723 21726 20805 18810 18570 16231 16962 16288 16340 15693 16648 14775 16897 16589 15362 15866 14221 15239 14070 17015 15452 14230 14010 15495 14328 12918 14094 13554 13806 13251 13989 13730 13988 14177 14053 15287 13984 14547 16088 16924 16602 16392 20893 11846 10401 11442 13607 
-257 56943 251126 387427 446420 492483 537457 573271 645178 686343 756049 833482 861568 975536 1042365 1147385 1209027 1323361 1478730 1469480 1599360 1610108 1492691 1607360 1717582 1859459 1926594 1775914 1660665 1632524 1665819 1714366 1636808 1505582 1438335 1398994 1200534 1097083 972980 787199 651378 526179 427837 321147 240036 183824 130232 92412 70239 56452 42720 33031 26882 24049 22014 21835 18901 19413 16622 16190 15998 14620 16271 14911 14811 15139 14782 16041 16040 14552 15823 15457 14078 15067 16229 16177 15820 14361 15073 13346 13333 13679 13811 14762 14170 13456 12896 14030 15078 13751 14220 13379 13975 15649 15886 22233 13142 13706 15099 11746 
-236 60855 275286 383233 449890 490607 519814 561373 635836 705516 736626 851785 880955 953878 1035749 1144380 1286105 1292109 1472254 1525357 1469106 1607431 1588651 1568590 1729710 1854429 1836159 1794975 1744187 1666245 1666782 1657194 1598797 1561144 1452582 1316568 1212921 1131188 942805 804973 677952 512766 431678 329945 242540 186955 134176 98046 72797 55863 42966 35922 29185 26094 22530 19543 20601 19185 16065 17303 16321 14856 15028 15264 14478 14217 14094 14752 13865 14949 15429 16026 15512 14966 13944 14750 16610 14640 16262 15119 15118 13083 14135 15327 14070 14578 13936 14382 13664 13077 12847 13590 12448 14516 14400 19494 12685 15804 17137 16174 
-254 75816 289934 378484 445941 478861 509082 562756 635378 722077 734078 827223 892230 957033 1067710 1133956 1297016 1345190 1369482 1538034 1546230 1518180 1628397 1633594 1674323 1762641 1830512 1886631 1785643 1647768 1616887 1658204 1650471 1544274 1437017 1308789 1234844 1105701 938320 820415 669022 533287 425085 331195 256343 188742 140522 103019 73404 54520 42235 35930 32444 28762 23587 21038 20927 18786 17316 18141 16470 15749 16614 14315 14504 13604 14154 13317 13488 15150 13862 14585 14376 15609 15231 15449 14508 15974 14582 13692 15294 16310 14989 15269 15685 15169 14054 14171 14536 13762 14511 11838 12903 11963 16998 17833 11337 11550 14148 14169 
-330 82191 289314 375401 422574 485843 510959 561693 645782 710442 743995 781922 926659 987418 1065467 1169396 1227287 1373748 1385317 1438071 1635636 1589123 1580598 1578707 1617500 1753438 1884262 1917869 1763495 1661417 1588809 1654938 1684527 1524909 1460416 1342156 1221051 1057108 958321 814923 651243 556781 425470 334297 262463 192903 146831 107348 76638 54885 40244 33689 32622 28659 27020 23123 23026 18494 17874 17867 18149 16241 16882 15266 14453 14573 13307 14106 12882 12373 14264 14144 14517 14182 15288 13401 15688 14855 15222 14248 14744 14017 15578 16732 16625 15314 15631 14895 14074 14610 14509 12903 13276 12422 16498 19480 10157 9602 10037 10756 
-319 79366 274907 369034 420326 478557 536718 578058 614786 688724 762637 787463 925546 1025150 1055464 1180498 1202331 1300519 1493191 1469211 1554249 1654863 1549086 1543055 1639928 1753681 1883888 1878473 1777551 1679676 1634761 1643179 1588227 1589488 1501160 1333509 1217466 1057929 945507 775815 677504 551714 420622 349667 262776 198985 151366 108089 80835 57695 40589 33316 28026 29033 27031 24226 23340 21270 20953 17895 16886 17462 17318 15793 15071 15296 14917 15086 13849 12821 13322 11755 13853 13114 14287 16043 13440 13893 14169 14305 14276 16169 14456 14115 15909 16748 17760 15028 15031 15274 14989 14782 13884 12932 17889 18835 10930 8978 8786 10448 
-289 77669 272653 371030 420853 485528 550054 564752 605848 672558 773977 833485 895768 1032697 1062993 1137631 1224810 1296951 1501088 1585470 1472546 1507125 1613359 1634847 1689036 1715584 1798971 1837870 1799177 1705316 1673482 1640557 1563183 1605666 1466783 1362268 1235618 1072544 906020 774465 687297 535118 423980 355723 267909 204024 150271 114401 81102 60451 42736 32235 27196 26449 25920 24718 22848 21521 20888 20462 18546 19068 16830 17445 15661 15532 15610 14552 14526 14398 13008 14659 14249 11966 12113 13496 13783 14377 13780 13947 13165 13185 16332 15216 15001 14553 15612 17776 16372 15683 15363 14949 15030 13140 17470 18379 10830 10218 11193 13206 
-250 73732 272656 371213 439949 477724 528157 575162 614059 677904 768866 858823 891039 968888 1093087 1122136 1239433 1405605 1426995 1543165 1509593 1490521 1625992 1653816 1742609 1731744 1660438 1795459 1873966 1712452 1662103 1675685 1641287 1508424 1451169 1400303 1225548 1083483 916819 795755 637258 538466 448613 337482 274573 212674 151067 108775 84967 59336 46616 34315 28711 24767 23551 22754 22887 21974 20685 18120 20353 18755 18840 17337 16746 17331 16947 15405 15173 14954 15077 14974 12178 14125 14257 12433 13365 11514 13054 13858 14329 14370 13096 13720 14781 14703 15540 14663 17289 16843 15695 14726 15184 14599 16716 19559 12228 13018 12712 14580 
-227 65160 282117 384441 424900 469545 517272 583475 645549 689370 745448 845257 901511 924738 1065810 1195626 1268405 1407454 1413925 1423518 1611138 1575294 1566241 1671064 1695478 1696670 1683761 1781905 1867430 1735511 1713625 1665604 1617786 1525673 1490482 1352347 1200606 1099317 952130 802527 618506 549824 442837 329606 279348 218597 150230 109313 81859 58048 44229 36544 31701 26455 23631 21785 20745 21611 20107 20323 17998 17241 18448 19082 17907 16701 18011 17187 16292 17812 13827 14378 14346 14190 14867 12902 13522 13874 12644 12936 11551 14548 14946 13629 14063 13160 13407 14927 14935 15479 15764 15526 15692 13837 19137 18277 12844 12752 15530 13151 
-316 77165 280474 376004 419427 467466 526364 595505 666035 685638 724653 814594 887052 964406 1060005 1217564 1289866 1323270 1477154 1484504 1538137 1615760 1597537 1653662 1631078 1653018 1728620 1811841 1828355 1818411 1745849 1618193 1555124 1567946 1508719 1322406 1222786 1079787 954424 797628 656463 561819 409595 339214 284179 207834 152400 109538 80148 59494 43119 34628 32303 28804 25714 21083 19246 19678 19009 20756 20151 17241 16704 15988 16706 18169 17486 16745 17311 17419 17741 17342 17198 15141 13447 13124 13476 13994 12518 13195 13675 13622 12301 13050 14872 14197 14899 13682 14651 13624 12497 14313 15399 16180 17122 20258 13035 12568 15260 15083 
-293 74342 272583 370439 420930 484602 540975 590362 660026 691084 710135 777519 896633 1006525 1093406 1141285 1296744 1367882 1474282 1564743 1453201 1564880 1625594 1644129 1709716 1633703 1641133 1828835 1912036 1821464 1684399 1659611 1577332 1522001 1456703 1396827 1244703 1056197 930035 792603 709396 542531 421454 353593 265052 200631 152795 113545 78967 56183 43516 34401 29673 27226 24642 22987 22806 21600 19119 17516 18189 19119 18025 16922 15205 15111 16114 16556 16022 18469 17679 17590 17337 18489 17213 15438 14366 14712 12706 13070 14054 13716 13700 12821 12700 13179 14548 14793 14498 13864 13281 13551 13208 12461 17910 19507 12667 12531 13190 18336 
-301 74267 269353 365371 446853 496398 539039 574284 633925 699834 719721 775190 913132 1015248 1075314 1123270 1295337 1472714 1411801 1509215 1533693 1463209 1591686 1747247 1747019 1632100 1630240 1820234 1873514 1794044 1766918 1663062 1549153 1497970 1456653 1411483 1226352 1091094 925539 792819 688780 536040 469155 348889 246801 198211 153745 110474 77987 56872 42810 33392 27438 27025 23471 21784 23157 23038 20127 18208 17275 17751 17311 18230 17441 15433 15934 14941 14790 15395 16092 16115 17170 18129 18301 17312 18731 16566 13969 13821 13923 13978 13382 14063 13383 14966 12089 14007 13661 14404 13481 14100 12474 12840 17111 18070 10866 10817 13852 14371 
-239 64147 264515 393436 452283 488161 521406 578455 610981 688767 775314 794800 880877 995293 1057411 1203630 1299009 1398129 1446104 1416725 1550886 1528393 1591552 1776914 1735226 1682459 1719035 1740086 1745363 1803986 1859993 1640584 1550010 1525818 1465044 1347727 1218743 1140922 931873 805584 651514 554741 476724 333171 255983 202719 148410 106671 77334 56537 40974 33779 28503 23993 22869 22290 20945 21531 20377 20576 18063 17480 16660 15934 17223 18308 16941 16609 14148 15108 15084 14509 14954 16752 17212 15848 18245 18252 17149 16657 16035 14500 14247 14723 14504 13991 13707 13221 13109 14085 13836 14392 12644 13077 17242 16730 10131 10357 11057 11178 
-283 83617 286999 393277 445253 480476 515311 566098 613721 696263 803258 822296 833821 977572 1107780 1220207 1272735 1291492 1471819 1448688 1451822 1643823 1659445 1748662 1774044 1696538 1708382 1699283 1668854 1805086 1853463 1682807 1600524 1499204 1453205 1349243 1248637 1086203 955671 814665 677522 564236 415240 339158 285473 202048 141369 106952 75914 53276 41032 34460 27105 24101 22635 21516 20754 19420 19686 19187 18123 18646 17838 16921 16195 17063 16956 15436 17916 16406 14785 14804 13984 15248 14046 14952 16031 16679 18264 18640 17496 17122 17268 15935 14799 14201 13752 14613 13997 13105 13869 13680 13602 12462 17060 18352 10843 10968 10996 12302 
-307 73823 286684 387965 437065 475777 506603 565606 644277 707225 771231 833431 868363 985524 1111906 1156114 1254954 1290291 1389230 1542988 1479245 1551339 1766517 1869553 1746678 1595543 1659593 1755512 1675073 1701261 1858556 1782884 1567923 1513596 1465976 1372526 1240395 1054714 977396 803961 697219 540706 400636 358063 280876 202746 145426 105582 74571 54010 40316 31797 27254 24436 22760 20087 19758 19642 18203 17361 17830 17987 17189 17035 17380 16263 16570 16631 16040 16146 17024 17510 14715 14459 13322 14294 14110 14780 14584 16193 16959 18564 19102 18209 17107 16868 15754 14109 13630 13782 15321 13075 12254 12551 17351 20203 11167 10654 12016 11304 
-258 66837 282110 381436 429332 473712 515316 583273 660205 688021 737903 861663 943853 955506 1039565 1147306 1210882 1361474 1366002 1506292 1572909 1535817 1819272 1901410 1689383 1617240 1682257 1735169 1666097 1656128 1843828 1798330 1560355 1566459 1483460 1352998 1212109 1097611 962062 780029 682183 519806 446629 355887 254575 204075 157646 106213 73878 52290 40129 31482 26088 23976 23345 21487 19242 18039 16690 18330 16897 17071 17608 16940 16634 16327 15589 16867 16219 15902 16293 17153 15305 16063 15776 14419 13940 14057 13745 14483 14471 15002 17448 17880 20041 16988 16723 18586 16496 16072 14043 12925 14322 13368 15889 17166 10823 11783 12117 15927 
-267 71655 271604 371816 425126 491081 536167 584043 642127 688134 757496 872964 943878 940965 994618 1148086 1200297 1374034 1470291 1387009 1593990 1679162 1724148 1842072 1721275 1688721 1712877 1654993 1662072 1712914 1810029 1735949 1638164 1557871 1461466 1370612 1243050 1098304 912739 787551 636485 553579 461576 327140 257230 212985 154027 107103 75827 53752 39122 31621 26171 23774 23274 20198 17897 19116 17511 16738 17833 16373 16579 16625 15565 15801 15406 16040 16024 16065 15684 15763 16027 15952 16245 16076 16507 15510 13097 13380 14112 13839 15046 14597 16068 17281 17756 19775 18376 16448 16743 15027 14392 14933 15328 19118 11833 11806 12825 12130 
-264 64589 265525 378437 434684 502451 541784 560759 636238 729984 782584 809565 902430 990553 1010456 1093791 1270689 1329312 1488191 1521127 1494305 1635694 1707921 1823811 1777795 1683533 1740292 1708321 1633972 1692120 1866557 1747295 1557609 1500661 1525776 1393672 1274139 1044751 902003 790957 641382 573958 409110 321462 292259 209447 144802 108549 76178 55058 40127 33339 27620 23062 21255 20790 19872 17419 17656 16873 16427 16595 14904 15556 15515 15768 15352 16603 15486 14348 15282 15374 15564 16387 17308 15628 14797 15974 15486 15468 13727 13376 15725 13479 14635 15453 13871 15725 18988 19377 15858 17447 16841 15379 18028 19807 11913 10877 13325 15350 
-303 56924 264656 380639 453425 488681 526668 594742 640912 726289 763570 786827 882257 995986 1061895 1089372 1282114 1368513 1439358 1615949 1455372 1488828 1740485 1866053 1761339 1681955 1770625 1808886 1657052 1691428 1841685 1714381 1534865 1499135 1514489 1398460 1262188 1059308 923096 790620 654658 530207 389049 354026 293093 198786 144657 108298 79774 53726 40610 33455 27346 24710 23824 21073 17913 18617 19627 16153 15319 15730 16180 14988 15344 13217 15442 15566 15418 14693 16486 15360 14742 13994 16312 16368 16380 15743 14798 14815 15492 15623 14548 13329 15035 14583 13862 14525 15599 15293 16212 18411 17115 16488 18343 22430 15185 12736 12394 11946 
-277 63315 279613 387137 428722 489896 544626 611982 640717 670638 769007 804308 869253 980949 1103236 1161945 1233740 1426343 1431415 1473576 1557694 1511336 1626294 1805455 1834018 1740613 1779979 1810612 1761941 1775010 1741080 1630726 1605417 1516925 1416136 1395008 1231453 1103007 967457 783054 628658 482460 434743 371865 259491 195824 151778 111378 79161 57693 41862 31641 26943 24889 25054 21110 20639 19225 17345 16671 16481 15536 15442 14573 15158 13819 14625 16268 14189 15160 14634 16105 14497 14955 13886 14369 14943 15324 15848 17791 15944 14539 15985 14654 14876 13681 14642 15291 14515 13504 14489 14601 16008 17282 19987 20770 13951 14445 15848 16554 
-288 76623 280842 369121 433338 509467 559735 587479 625784 654472 773064 826824 860272 990248 1107690 1226671 1278129 1354614 1425066 1424313 1587421 1575662 1509603 1737826 1914072 1771688 1740135 1825491 1829805 1842202 1770027 1595324 1535810 1502257 1427380 1366507 1217526 1133404 943495 776137 616585 520261 459657 327424 250483 208052 155411 108578 80234 57318 41514 33545 26899 25702 23545 22307 21234 19638 19981 17481 15946 15475 15633 16108 13354 14851 13027 14057 14619 14801 15308 14905 14196 14231 16233 15546 13552 14078 13981 14618 16802 16046 17142 14597 14154 14661 15188 14799 14086 14910 13292 15442 13703 13335 17928 20162 14742 14982 16770 13104 
-321 60213 261293 387864 452948 500599 537316 568890 628346 684188 735920 840907 906357 984737 1098321 1263133 1285490 1265306 1486248 1509652 1455068 1544929 1606178 1738270 1825779 1754369 1760536 1843015 1818200 1939807 1850788 1581895 1460187 1468018 1449596 1341737 1250603 1073154 895141 790853 666103 554650 407968 315844 275700 205108 151427 107706 81720 57646 43142 34965 27780 24068 22302 22330 21014 19553 19534 18263 18056 17377 15178 16484 14162 15415 13514 13858 13248 13682 14154 14178 14690 14416 14761 15454 15268 14441 13494 13376 14255 16032 15133 16989 16477 14147 14648 15205 14983 13875 13737 13337 15454 13998 16652 20440 12357 13083 14094 13424 
-308 63917 286398 390110 438839 481794 522724 572214 642916 690372 734839 836814 946017 1010916 1091246 1186830 1305441 1340872 1444233 1514470 1463059 1494692 1674329 1780777 1710834 1671284 1783533 1865080 1903996 2027857 1750189 1593412 1524863 1489954 1400671 1328904 1229758 1009641 914134 807202 674749 530955 399295 350335 281794 195528 145537 108317 79942 59712 42387 34377 29659 26891 24258 21575 19584 18814 18183 19559 18818 18605 17583 14741 15702 16949 13584 14041 14136 13707 14052 13619 13547 13325 16257 14969 14810 14037 14065 15067 14506 13247 14004 14551 15856 15986 16596 15536 14400 14862 13064 15018 12748 13949 18124 19612 12806 11665 11826 12268 
-370 67055 270590 379243 422032 469270 539898 578615 638814 701395 752462 850591 945716 1022942 1072026 1127105 1337282 1431034 1359724 1486184 1554912 1539230 1655125 1742544 1701469 1607641 1698333 1942691 2067419 1942094 1689658 1588118 1601200 1557287 1401542 1299066 1137636 1024184 947653 779408 643818 507875 440400 376873 266059 194331 147061 109185 78992 58893 43147 34920 30133 25868 24359 22196 20950 18914 18002 18330 17335 18641 17507 16919 16762 16836 15193 15061 14982 14137 14647 14250 13118 13066 12485 14297 14742 14870 14238 13997 14795 16090 14690 13022 13095 14626 15127 16658 16609 15373 12924 14204 14191 13319 17407 20478 11302 11826 11314 11996 
-338 56705 250777 363598 428044 479161 539890 580148 637914 724623 790353 835809 940893 977120 1078210 1199320 1261983 1411145 1425006 1453210 1561429 1631380 1665935 1655069 1627691 1611855 1724276 1978761 2069010 1846268 1714806 1604329 1597000 1585291 1482188 1257785 1113724 1077959 873461 749373 638059 533691 467420 350233 268867 202212 149667 109927 78278 59451 42320 35402 29427 25499 24411 24084 20488 21427 18454 17329 17181 17278 16286 16487 16778 17013 16984 15298 14922 16010 16293 14780 14077 13572 13611 12351 12692 13808 15648 13524 14535 14668 15213 14397 14756 14050 13933 13580 14516 15913 16267 14863 13311 13864 16247 19844 11361 9509 12553 12737 
-234 50794 245667 373172 434230 477770 529710 597618 658110 726954 817966 821952 882242 999559 1106212 1221329 1214872 1338525 1520292 1501372 1531016 1676008 1651840 1614042 1585931 1686132 1803166 1880468 1973021 1836618 1712243 1657805 1603312 1559199 1507498 1302789 1184794 1027973 814085 743111 654355 565716 437661 331384 279164 211924 153129 110958 79175 57861 44824 34302 29244 27624 25264 22548 21213 19760 20283 18293 18887 17088 15541 16546 16732 16624 16385 15468 15883 16441 16372 15191 16239 15926 14102 13616 14896 11984 13050 13320 14071 15118 13853 15042 15450 14491 13727 14668 13402 14576 13459 16138 15631 15727 15414 17108 11718 11873 13031 13275 
-327 73993 265635 374972 431744 475811 538146 610346 685401 716504 784531 824005 885547 1036575 1089996 1167144 1282757 1294456 1482897 1592868 1585627 1639087 1584533 1609732 1651971 1730870 1817785 1831226 1878738 1830462 1675867 1631057 1661176 1609838 1444368 1391668 1229370 927689 848592 775272 653626 533069 413492 344361 277328 208723 160075 114978 82329 57738 44727 35141 28574 27630 24383 22350 21034 21096 19932 17744 18661 17105 18256 15023 16836 15550 16030 15510 16060 16869 15506 16605 15233 16193 15907 15337 14273 12923 15856 13821 12675 13216 12959 14057 15764 14589 15305 14733 13995 12949 13546 13723 13992 15245 17669 20667 12017 10883 11735 11875 
-271 74824 260623 371110 438186 486597 559360 616726 672619 706234 733672 875166 933490 975489 1079408 1160470 1309553 1336563 1404523 1628403 1619588 1604213 1625929 1610213 1665004 1747958 1812075 1864317 1838677 1730591 1656879 1653992 1656909 1596882 1515295 1399739 1130608 999656 929633 763312 639646 482815 417798 358557 265561 207749 161460 121029 80868 59734 45578 35081 30559 26513 22841 23955 21788 20763 19117 19965 17200 17222 17975 16724 15771 16750 16742 15031 15114 16375 15631 16517 15806 16852 14851 16122 16718 14261 15269 15873 13565 14065 12733 14061 13239 14129 15581 13797 15200 14417 14332 14501 12925 12499 15436 18255 13573 14722 16762 12510 
-250 76084 268046 382236 454069 497196 557298 614353 639883 704146 767117 870524 925850 948525 1105458 1162200 1273117 1425507 1396990 1517506 1663325 1659064 1646146 1611842 1640408 1752152 1846953 1913618 1821441 1645800 1595190 1676653 1679525 1560875 1549012 1346521 1139550 1102711 926577 750290 612234 496739 423612 342054 264332 209700 162439 115560 83253 61072 46105 34682 30276 25686 24952 22921 22410 20615 19390 18291 17642 18018 18411 17594 15107 16170 16328 15886 15863 14935 15971 15552 16872 15407 16217 16044 15920 14702 16759 15719 16335 14463 13927 15003 13046 13473 13185 15635 14516 13794 14926 13073 14759 13920 16137 16920 10877 11611 12929 13457 
-307 86314 283300 400358 447485 506513 546197 586600 640753 734607 791001 794547 932169 1008519 1062556 1200471 1260298 1395927 1457404 1461160 1675910 1678224 1596429 1646922 1653750 1749835 1907407 1909573 1806164 1650561 1600044 1581489 1623032 1641005 1512855 1292886 1254245 1098520 890124 774580 617979 520711 416712 327527 270454 209694 157857 110368 81302 62627 46612 36044 31047 24372 24567 23205 22598 20897 18641 19389 18675 17517 16691 17448 17468 16822 15556 15346 15325 16166 15603 16100 15914 15947 14777 15456 17191 16476 15190 14780 16528 15649 15610 15690 15339 14802 13657 14412 13635 14081 14761 13448 15099 14004 16781 19165 10983 9969 13057 11753 
-314 89916 289707 406369 455296 487182 526807 602183 666442 719618 769232 796185 918298 1037079 1076148 1211886 1255940 1322290 1529216 1541672 1544055 1668655 1606943 1606435 1708780 1802330 1910302 1964832 1744580 1629390 1639353 1568612 1577431 1595594 1449189 1404613 1264018 1017805 924542 788042 659426 514889 401789 345248 274899 202877 151927 107453 79548 61082 46808 37457 30500 25812 23373 21714 22130 20484 19802 19349 18967 18484 16155 16313 16727 16810 16625 15772 16513 14873 15943 14519 15027 17571 15093 15539 15658 17406 16277 15856 14578 14803 17033 16758 14612 15276 16754 14669 14644 13270 14952 13373 13851 14790 18417 18649 11508 9956 11049 11139 
-309 82683 303840 404772 437117 483805 540700 614732 663216 677812 768613 845696 878928 1045589 1119715 1167713 1292218 1337786 1448382 1604558 1545705 1593164 1643087 1588495 1670482 1867252 1941750 1937980 1783046 1626376 1543812 1651110 1637673 1482074 1437971 1423991 1220604 1049126 919648 796708 680950 502264 424736 357182 265499 203874 148205 106425 76926 59396 46561 36792 30000 25652 23344 22169 22263 19810 19487 17273 18893 17866 17346 17793 16734 16291 16809 15599 15265 14771 15424 19254 13135 14409 14389 16481 17071 16505 16085 16241 15158 15047 15482 15681 15132 16468 16881 15819 15760 15266 14742 14742 13550 14286 15147 21534 11846 11979 12323 10259 
-357 65147 293812 395698 437743 510383 548428 578744 642667 701692 764401 854121 917794 1005985 1115515 1180268 1299955 1387990 1349923 1589833 1686404 1541705 1568949 1607904 1649377 1904822 1991166 1886671 1781582 1641463 1580359 1657670 1612327 1517808 1471575 1294698 1202798 1099794 925363 800188 633391 542885 470628 338259 263281 202772 149880 105610 76982 56815 45939 34683 29408 26340 23171 22952 22046 19658 18918 16886 16370 17217 18810 16124 17473 18754 15292 16117 15231 15178 15647 16039 15091 16619 14153 16129 14690 15135 15051 16673 15892 15747 16468 16959 15054 16158 14736 16620 16962 15269 15726 15569 14679 14025 17174 20647 11691 10155 11879 13070 
-237 60410 277532 400161 469302 496237 524344 571716 648064 722776 761641 855243 949262 977034 1093665 1219147 1258921 1407725 1461103 1460168 1632930 1635962 1520500 1609386 1688603 1867306 1980935 1922151 1707350 1647527 1765005 1610793 1563561 1557098 1456872 1273319 1199587 1079324 932642 767179 637468 587859 453817 354147 268433 196985 148062 106566 79653 56903 43941 35644 29004 24786 23415 23279 22758 19837 18564 18010 16901 16905 16423 14763 16169 17012 18152 17238 16404 14471 15390 15860 16706 15208 15368 15824 15257 15891 15310 14592 14373 15543 16508 16767 15856 17063 16556 14988 15433 16299 15878 16329 15078 15099 16758 19565 12618 12166 14271 13913 
-315 66989 290227 412290 452351 482945 515059 594003 653682 716280 786080 848576 926754 994387 1083705 1201759 1290767 1396300 1544684 1456516 1447054 1660537 1607274 1616649 1697477 1795886 1910732 1934870 1789964 1690357 1706307 1656207 1634276 1498276 1403380 1343269 1220005 1032509 867836 772929 697394 556989 432256 383364 280752 192432 143744 111196 80333 59443 44588 33659 28905 25594 23520 21759 20926 20293 18307 18454 16897 17028 16731 16259 15937 14155 15502 15125 16908 17805 16545 14524 15368 15343 15008 15784 14906 17123 15508 14401 15580 14817 14202 15830 14945 16619 17779 16880 16226 16805 15013 15191 13129 14686 20105 20497 11809 13660 13910 15405 
-247 69389 291417 393429 429288 489856 543570 594422 652819 729180 777799 838022 932635 998095 1079385 1179788 1365038 1375608 1445579 1585039 1460731 1516782 1646554 1654394 1741250 1726427 1814279 1960462 1886240 1722256 1623029 1724585 1638694 1493260 1444132 1360755 1201404 1000603 876574 786658 657938 537116 457582 375124 285807 205018 146221 109412 77980 57835 45626 37121 30504 26157 23227 22235 20677 18929 18311 19123 18420 16416 16467 15617 14866 17632 15122 14752 14397 14766 15068 17640 15994 16841 14393 15841 16417 15160 15569 14885 15670 15038 14895 14648 14420 16081 15336 16490 16987 17672 16264 14924 15269 15766 16506 18609 13720 14979 16681 12997 
-327 71080 257961 380945 452573 504545 550368 598202 650766 711702 785098 837677 932288 990344 1100525 1210619 1300858 1396085 1384620 1589522 1613136 1460070 1586893 1631707 1762535 1766960 1742649 1980106 1900482 1703533 1718335 1713541 1582148 1538151 1488015 1345525 1158417 1032840 916974 737800 604229 562153 468819 352959 286110 215209 156804 108237 78328 56693 44011 37269 31349 27900 23933 23972 20107 19560 18534 17520 17047 17507 17160 16064 16231 16449 14533 14834 15164 14719 14014 13756 15448 15693 17600 16167 14767 15917 16763 15659 14691 15409 14303 14932 13898 15182 14713 16261 15754 15014 16912 16500 17445 15186 18591 20550 12487 12199 13367 15431 
-250 66024 262063 395031 465517 510593 554724 597600 638080 695308 814836 834821 899574 1033260 1098342 1242705 1210250 1381342 1491364 1444476 1673163 1593877 1529185 1588419 1680290 1789329 1816181 1942439 1868150 1739922 1736914 1704486 1629907 1552135 1453738 1341388 1190925 1071221 872531 721925 642907 544049 432652 352517 285834 220707 164853 113550 77797 53266 41428 36320 32804 29579 26563 24579 20771 19683 19579 19095 16665 15774 15112 16610 18419 16647 15766 15754 14624 13441 13972 15004 14125 14106 15953 16300 15369 17105 14883 14273 16372 14995 16405 15700 14289 14663 15856 15115 14043 14276 15990 15122 14904 18455 18319 20138 13110 14155 14628 14035 
-308 78606 290901 400376 461958 514839 547701 584919 647636 701585 790541 869322 895122 1051670 1072937 1180346 1280773 1312993 1530722 1480684 1525268 1700288 1595913 1568653 1600935 1751472 1930877 1888835 1856455 1794992 1671731 1696462 1708481 1549371 1422306 1358985 1223668 1032065 866729 776671 655350 496359 416291 359968 276030 218217 171943 118149 78038 53965 41322 34516 31789 27456 25169 25578 23322 20503 20880 19546 17397 16853 16262 14482 15730 16546 15930 16736 15580 14765 14976 13919 14636 13759 14200 14850 15197 15308 15459 16821 14645 13926 15198 16227 15230 16262 15952 15548 15083 12846 14245 15934 14826 14439 17893 20855 12833 14962 17362 15480 
-292 89876 306723 401745 451816 503125 546289 595198 653227 704571 764078 912316 917138 975689 1111059 1113771 1327524 1341614 1400904 1597435 1538418 1625531 1619924 1607453 1642868 1692572 1875900 1958879 1893108 1740663 1660020 1687258 1651177 1607175 1494812 1335237 1182800 1028845 929153 783182 619533 505296 426427 339389 268144 214565 170387 119122 83062 55975 38907 33244 30490 27053 24267 24961 23115 22812 21665 19932 17935 17017 18201 17011 16228 15884 15373 14310 14888 16155 16124 15375 13677 15341 15430 13420 14465 14683 13987 15354 15854 15253 14116 15029 15303 16208 16776 15663 15682 14414 14500 14545 14394 12452 18130 20654 13078 12780 12359 15495 
-325 93426 303960 389032 442670 495168 560880 608322 638436 722666 779377 872127 946614 915030 1148127 1162261 1200456 1402970 1361065 1595118 1662369 1547545 1599283 1617334 1712255 1737849 1743540 2046097 1938937 1628803 1652039 1681350 1649821 1625220 1503584 1338922 1167706 1095771 934256 736210 628755 534530 424568 326898 263532 211520 156581 118424 85291 58868 41711 31456 27906 25522 26283 25518 21680 20928 19385 20069 19829 18550 17374 18008 18993 16227 16492 14850 14408 14952 14493 16513 14950 14795 15436 14886 15060 15348 13667 12767 13230 16086 14788 16201 13930 14930 14359 17165 15746 16256 16507 15537 14381 12804 15933 19797 11959 12508 12742 12848 
-331 83282 294263 382775 440875 505380 559402 613876 650902 719431 796566 793675 982266 973316 1039839 1233122 1162998 1344928 1495675 1475495 1691511 1619575 1584010 1597878 1647673 1810683 1841210 1984828 1881910 1656691 1605612 1657543 1723222 1570703 1449971 1375511 1248357 1102677 887666 756406 657977 521061 416113 343614 265654 197263 144299 114781 85801 61545 42814 32850 27452 23861 25404 23202 22390 20701 19228 18862 19112 17476 18574 17910 18257 17201 16434 17348 16994 13971 15534 14138 15889 14941 15634 15858 14217 15327 16011 14797 12204 13827 13681 15745 14045 16391 14296 13727 15846 15800 14976 15736 16094 14312 18120 21192 11761 10099 10260 9980 
-271 74210 282732 388008 450297 507807 550755 618002 675682 697689 786926 807138 928877 1050709 976717 1178492 1285951 1243244 1510678 1529495 1612922 1694467 1605064 1602198 1574554 1814557 2046101 1896494 1736425 1704599 1661026 1636221 1664111 1576723 1480860 1389241 1265735 1050175 929644 802742 627245 514751 438415 351697 266841 183347 138677 108117 81950 62303 42964 34111 30176 24756 23056 22491 20762 20341 20806 19203 18608 17860 17467 16707 16698 17012 17755 16790 16493 17848 16413 15229 15735 13651 15525 15139 17242 16059 14442 14678 13854 16082 13385 13516 13361 14529 15592 14928 15299 14247 13899 13902 15907 16195 18209 18418 12156 15463 15902 12519 
-287 68588 290323 395865 443600 504728 562117 613849 666781 695531 778162 863346 848319 1026573 1077110 1062840 1343884 1316977 1377825 1649937 1564108 1650592 1634988 1597659 1645482 1821355 2015098 1900208 1745168 1671810 1657739 1634360 1586542 1616799 1573188 1360170 1204588 1078256 962830 789659 630079 530905 450375 351494 256466 187848 136518 103839 79301 58945 43884 34527 28722 25283 22994 22858 20515 18634 18990 19545 17857 18517 17531 18266 16406 14774 15614 16931 16435 16104 15718 17608 16744 15807 16702 15242 14389 16214 15828 15928 14409 15293 14750 14203 13423 14228 14833 13184 14252 16157 15587 14158 13091 12703 16706 19859 13738 14492 16648 12110 
-320 79983 295683 384096 449797 507346 556215 597620 663485 725965 760119 866624 872817 926395 1139122 1120900 1198476 1467576 1356038 1564484 1651995 1589865 1643939 1615332 1718930 1808310 1885255 1979941 1874786 1577935 1542210 1647796 1706379 1625698 1488818 1356793 1225999 1120013 926664 764771 676945 545984 444702 342477 258674 195855 139900 103258 73942 53800 43399 34922 27695 26464 22430 21559 22003 20245 19475 18537 16589 17415 18298 16555 17415 16732 14132 15277 15800 16262 15360 16612 15369 16498 17061 17338 15788 15531 16825 15265 15336 16096 14755 15326 15131 14023 14653 13810 13488 13799 14608 15676 15128 13952 16756 19871 10968 10873 12151 14461 
-351 71816 285834 399049 450566 487662 540902 611090 669477 720558 777310 811361 924943 941756 1040682 1223992 1164901 1415259 1490364 1445771 1679599 1611749 1623349 1641136 1729782 1740500 1921338 2024613 1806315 1618244 1599594 1618121 1707744 1625423 1425587 1371528 1281012 1092811 908997 792213 672592 544841 445941 341434 263816 203052 148475 102593 69309 51486 40727 33555 27403 25960 24172 22888 20299 20523 18049 19306 18187 16065 17627 15597 16005 14979 17180 16620 16454 15206 13597 15063 15061 15909 16454 16206 16648 17646 17783 14295 15211 15445 16652 16235 14184 16097 13737 16008 14469 13999 13385 14734 13126 14366 17672 22719 11936 9581 10052 9844 
-314 80292 300018 386613 436630 481430 544912 613334 679188 701244 772323 842457 890315 1027931 983341 1174281 1259118 1291041 1597686 1538717 1548822 1620823 1626335 1665146 1672736 1783123 1954142 1958962 1718946 1732720 1778502 1633119 1519888 1540657 1526075 1399918 1234134 1070069 964554 814342 631331 532930 445259 351844 277851 205825 153205 105352 69943 50624 37856 33627 27143 24976 22032 23006 20526 19914 19838 18049 17074 17273 17183 17733 16764 14114 15292 15987 15730 15961 15053 15234 13641 15202 14292 15655 15441 16639 16164 17612 15868 16391 15385 16381 17569 16697 15601 13958 14686 13661 15612 15281 13413 12471 16945 19054 12680 13293 15634 12944 
-322 60463 274151 381949 430186 485113 559075 594595 664920 726842 747892 873133 900219 1008578 1048315 1037808 1327161 1361035 1525780 1627782 1494843 1557046 1623365 1675604 1701586 1855072 1866292 1862255 1884975 1749834 1745338 1698054 1496226 1471225 1543605 1378839 1212199 1129621 971758 777499 641179 522344 432880 369251 281570 208800 156244 108410 74575 50010 37013 32225 29221 23369 21841 20891 20736 19962 19768 19018 17580 17780 16485 16518 16898 16084 15927 14575 15536 14794 13775 15258 15753 15907 15430 14369 13794 14583 14756 16008 18013 14946 15271 16144 16665 16524 17880 17933 16270 13929 13848 14182 15256 14248 15922 19507 11388 10133 12327 12495 
-278 69048 264841 381102 446858 474144 547621 600186 641189 754810 771454 832933 951804 941896 1084880 1081091 1297127 1446503 1391876 1605885 1591897 1496918 1578289 1741468 1763425 1739693 1831286 1941042 1943396 1782907 1668746 1630984 1650074 1543072 1380720 1353069 1281183 1129467 940823 780205 637317 517002 443655 374319 278219 208049 158767 111809 75856 55606 38024 30807 27917 26182 23631 22506 19223 17586 18133 17923 19532 17191 17455 16647 17658 15512 15173 15198 15203 15740 15873 14079 14190 14577 15931 16247 15324 14023 13350 14270 14349 16346 16423 15677 14970 16820 16697 16845 16505 17194 17500 14836 13849 14042 16833 19423 11971 12026 12726 12279 
-311 72760 268670 389378 440766 479148 525276 607134 646637 751250 816617 794100 906320 962484 1126642 1196316 1186305 1412982 1409501 1488226 1647086 1606962 1612995 1640513 1722985 1718355 1823964 2044652 1926842 1719812 1691769 1662645 1679961 1567762 1372054 1336363 1283801 1073181 921657 801462 627137 530451 459650 369567 270639 203654 157706 112713 84925 56953 40963 32687 26578 24122 23416 23941 20020 18783 17943 15565 16732 17069 17817 18215 16977 16668 14724 15052 15259 15407 15725 15806 15332 14531 14358 15341 13974 13348 16005 15679 14955 13651 14122 14348 15652 15452 16497 15801 17427 14915 15452 18408 18321 14880 16689 19595 12501 11283 11634 15563 
-279 80861 278231 389842 437051 480329 526797 598920 679810 721891 808745 795729 885642 1046871 1092054 1220934 1207806 1274266 1455604 1479116 1629155 1728833 1639613 1540080 1640421 1813000 1870289 2027843 1902252 1708376 1708531 1735337 1618970 1570343 1514790 1313481 1173950 1073013 900976 763613 664856 557869 456760 355970 268276 207812 153047 111263 82976 61309 42622 34908 29111 24311 22879 22338 21462 20198 20503 18015 15779 16390 15409 15753 17190 16129 16643 15917 17008 14359 14838 14450 16536 14108 15902 15290 14413 14291 14006 13281 16354 15575 15045 15062 12575 13173 15909 16868 15621 15078 14974 15419 17779 15165 21716 19793 13521 13351 14648 11947 
-319 83957 281847 390436 434725 482663 538361 596096 684843 694221 758109 869426 920532 1038595 1061234 1181469 1253363 1219406 1430727 1605585 1618549 1612900 1653172 1646383 1599756 1779949 1947699 1932224 1914112 1805709 1631162 1650969 1722404 1634070 1522486 1331144 1130098 1030363 896599 754008 671764 568448 451494 347763 278821 206685 147930 110055 82077 62250 45874 34055 29273 26113 23926 21651 21452 20551 19634 18140 19619 16551 16720 14329 14766 15786 15070 15907 16774 16117 15707 14670 15153 14922 15544 15650 14117 15064 14060 15492 13699 15090 14189 15908 14602 14593 14124 13953 13889 14844 16413 15097 14051 14762 17751 22407 14088 14774 18074 18350 
-336 78567 283887 383638 448516 496043 528917 594193 656198 686269 785370 908582 906235 1001035 1084211 1107991 1251432 1315021 1426979 1592303 1564997 1642190 1637300 1668062 1682764 1732205 1912587 1949789 1939822 1731203 1638923 1660713 1721959 1708591 1473123 1340295 1200370 971256 874706 795590 645837 538755 449995 359007 281929 205654 146804 109825 81751 59042 46073 35003 29261 26367 23750 24360 20212 20512 20082 19479 17546 16992 17715 17052 14755 15593 15935 14271 15375 15798 15452 16425 15949 15042 14399 15295 14246 16209 15701 13634 13839 15951 14006 13201 16505 14164 15159 14791 13949 13074 14955 14198 14861 15276 17172 19775 12425 13557 14503 13675 
-255 82181 290670 397415 450695 493434 522344 567883 652742 731820 796460 869304 923678 977456 1066692 1107042 1245755 1417552 1422101 1494588 1584008 1705609 1635000 1570141 1762683 1778816 1845243 2010940 1897242 1683928 1665139 1724665 1681982 1625641 1550903 1351914 1175904 1035522 889840 761493 633833 511797 442322 370583 280476 203413 151899 110763 81400 56812 43850 35132 29554 25840 23862 24009 21370 19997 19634 20230 18853 16846 17722 16883 16725 16555 16225 13959 15318 14420 14942 14866 16505 15981 15351 16517 15280 14927 14126 14001 14100 15861 15075 15253 14362 14078 14594 15119 14580 14011 13393 14024 14930 14272 17318 18113 12471 11272 10619 12535 
-288 85746 299256 395862 446337 473142 530797 571125 672777 750396 745514 851816 952300 962072 1013704 1198488 1255993 1359736 1454915 1504411 1659729 1595733 1634187 1640775 1670417 1864252 1897680 1945469 1869655 1728828 1670303 1673041 1715183 1578688 1514717 1404388 1189686 1077644 936128 719323 607323 510496 443466 362790 267135 206555 157687 114632 80611 56761 42225 34995 28879 25641 22089 20557 24222 20253 18678 18972 19430 18316 17180 17273 17042 16223 15695 16799 15727 15994 14927 14462 14214 14389 15911 15823 16259 16012 14425 15591 13667 14720 14794 15331 15093 13976 15995 14928 14818 13882 14637 13095 13908 13169 15437 19784 11560 12781 14358 14371 
-290 78764 298119 386709 429885 487750 537810 599471 644431 731884 761369 832160 911654 978597 1055398 1203813 1253087 1317449 1514588 1510714 1680896 1596793 1592675 1639343 1635637 1929239 1968831 1912244 1873978 1682105 1632800 1688196 1722485 1601504 1446189 1382177 1281907 1077622 926888 744121 597402 517891 429838 338803 266889 208726 157531 117520 82443 56595 40460 34110 28636 25309 21963 21961 20392 20158 19243 19081 18862 16879 17569 18725 16498 17984 14877 16255 16006 16341 15669 15106 13783 15460 17150 15160 14766 15240 15678 14279 15051 16792 14679 14784 15378 14788 14799 14167 14441 15946 13425 14349 13705 13785 16073 19148 11606 10490 11602 12830 
-312 75433 287074 376950 446844 499147 544621 604209 612353 707484 788792 800327 879404 1029384 1093079 1126914 1291414 1354272 1482042 1546186 1655677 1689671 1539403 1599983 1714357 1836854 2067088 2001552 1774267 1632811 1625278 1708013 1706982 1623705 1460136 1353899 1258998 1095054 926486 766554 627645 522896 406142 327905 265308 205994 154090 116182 80941 59046 42540 32454 28391 25776 21861 21579 20613 19862 17401 18863 16969 18055 18396 17374 16001 16730 19271 15142 15637 15857 16275 15367 15664 15996 13800 15549 16729 15388 15037 15144 15057 15707 15337 16291 15011 15001 15118 14003 14643 14447 13316 14693 15393 14825 17151 18727 10704 10878 11158 11597 
-357 61787 273246 403962 440144 502139 535136 589498 634930 670429 761673 831874 907296 972174 1115738 1140596 1282150 1403093 1430118 1615473 1603671 1676698 1643626 1543275 1690771 1855634 2053407 2023010 1768419 1604864 1596964 1720210 1713226 1591479 1528740 1344115 1186565 1101493 947740 795073 648176 517840 401346 327979 266087 199668 151253 108875 79844 58465 45220 34541 28286 24794 22616 21424 20313 18183 17906 17876 16683 16658 17038 16542 17891 16671 15232 16334 17220 16863 15678 16131 14040 16096 17160 14454 15299 14585 17169 15376 15534 14311 15897 16360 15232 15522 15095 15460 15807 14151 13706 13434 13153 13253 18314 20859 11391 10621 11089 14744 
-304 55259 277315 387966 440826 499669 526130 591777 636362 650277 757472 845358 915294 938422 1110286 1211523 1231523 1460726 1428962 1585109 1633039 1614041 1727117 1592177 1647097 1888165 1936902 1976342 1822243 1651279 1654654 1689566 1663318 1578122 1523027 1362585 1204448 1056804 948233 832439 651579 516508 412120 339523 259426 195206 148411 103838 77136 55799 44384 36268 30001 25702 24536 23154 20629 17669 17143 16875 16976 16895 14907 17375 15975 16634 15552 16080 16010 16050 16963 16218 15830 15357 15518 16143 15560 15483 14847 16236 14354 16816 16313 16331 15157 17994 13801 15477 14455 14207 15934 14922 14590 12465 17586 19228 10947 10438 12806 13479 
-272 61521 266316 382117 442073 496785 540543 562993 632280 692101 734934 815846 921242 973795 1063999 1276921 1248284 1405514 1507327 1537675 1656218 1601979 1631310 1746555 1709103 1799596 1884097 1871364 1851944 1786291 1743646 1615368 1581324 1580870 1478851 1376756 1259810 1055636 930790 804135 663288 544183 426311 336987 254120 196188 144715 104580 74384 55581 41898 34426 30986 28770 25954 21470 19845 20223 18476 17270 16355 15147 15335 15215 16269 16834 16429 15296 15751 14502 15468 14890 16103 16878 17162 15357 15191 15369 15440 14927 15301 15166 16816 16449 17738 16653 15767 15362 15049 15850 14121 14867 14525 13112 17616 20651 11318 10097 10520 11162 
-324 76131 281261 383724 443103 489484 518905 570184 652106 698928 719761 800869 895884 1048726 1056159 1235650 1355384 1292663 1549814 1571130 1585073 1679533 1609133 1739231 1752132 1758878 1806618 1860414 1954142 1780836 1718920 1671351 1575704 1509487 1444492 1397049 1262643 1110634 917723 752517 662010 582410 442134 324984 250389 193358 146016 105965 77606 54305 40725 34156 29747 27471 25420 24101 22995 19134 19300 17245 17066 17391 14959 14850 14577 16669 15624 14722 15424 14554 15479 13992 16287 16509 15996 15920 15613 15513 15638 14283 15150 16195 14759 15848 15795 17442 17794 17207 17844 15529 14509 14796 14514 14528 17479 20513 11642 11143 13164 12896 
-290 82286 291260 383528 431952 469171 530278 585502 644427 685893 738001 810285 877223 1051607 1127333 1137463 1407700 1365767 1409160 1619351 1594969 1709037 1680463 1645219 1724145 1720091 1789725 1930852 1974831 1798064 1670545 1664605 1611680 1510456 1431244 1386886 1236711 1099978 934350 776839 653563 559933 448469 338978 251965 184498 142770 108711 81319 56370 42693 32724 28406 25973 24299 24950 22913 21386 19574 18607 17741 17086 15851 14927 14136 14987 15987 14560 14687 15023 15946 15857 14029 14467 15458 15830 15905 16031 15469 15215 16162 13059 14376 14610 16246 17822 16227 18227 17134 16497 17142 16054 15207 13534 16493 20376 12090 10680 11471 15416 
-340 78596 286017 363625 412926 489285 541314 572633 634611 702045 744138 847325 880962 973051 1207672 1165910 1285206 1482767 1393561 1531176 1697120 1669832 1662537 1654196 1719662 1715447 1781140 1997167 1917806 1809523 1674327 1627068 1647654 1565043 1439962 1349815 1202182 1051116 957233 832708 658542 518159 434558 356518 261118 182388 133676 108759 85191 61128 43751 33263 29906 25341 24074 24492 21012 19970 20631 19840 18784 17858 16635 17654 14140 14479 15914 14838 13634 13670 15336 15676 15215 16441 14118 15044 13196 14334 17860 14540 15707 15177 14824 14213 14224 15333 17105 17380 16675 16413 15589 17747 17442 16322 19546 20612 12269 10914 10965 12310 
-305 71154 256102 363530 424283 486678 540424 572116 630682 715620 767239 849166 925361 946212 1132210 1281301 1220201 1445855 1521522 1466409 1640661 1648386 1703007 1686033 1679804 1779572 1826858 1922996 1884325 1798287 1685966 1670852 1677996 1563650 1456263 1320218 1176317 1054668 954516 837626 665183 520797 421101 350667 266798 184088 137174 105511 82250 62540 47177 36365 31040 27145 24444 22814 21079 20795 20264 18458 18142 17863 17123 18178 16760 15802 15704 13753 14748 15078 14868 14180 14228 14296 16420 15619 14627 14548 14653 14027 14353 16996 16437 14268 14675 13825 15908 17145 14723 15340 16379 17836 15512 16254 21320 20707 14206 15197 14873 12912 
-293 70714 261715 371264 429270 469968 538263 595937 622306 722136 795428 843502 955140 996019 1024604 1239905 1334744 1371179 1540788 1492315 1489754 1698317 1753034 1684689 1716407 1763009 1861861 1893470 1841917 1803168 1706949 1676682 1659991 1594589 1465724 1295918 1181457 1093397 927363 800228 674755 532071 425227 339177 264419 189313 139440 106401 81640 61386 45588 37864 31867 29521 25983 22874 20711 20910 21258 19312 18596 17364 16276 16671 16598 16249 16932 15055 14004 15029 15378 14365 14959 14180 14011 16384 15359 15087 13953 15602 13837 14522 14492 15552 15638 15876 14898 15656 15502 14346 13773 16275 15657 15427 19462 21043 13918 14180 18270 18179 
-261 56174 255908 371069 427144 476076 530474 607719 650013 711015 806287 873397 926715 1020732 1042867 1149807 1383090 1404713 1409458 1527751 1533413 1683754 1731538 1696133 1782934 1729060 1835154 1953184 1888276 1770494 1647152 1643796 1674522 1629481 1444868 1323056 1223813 1083519 916347 783022 660671 541647 426222 330884 266339 197119 140124 104433 80202 59478 43893 37129 32799 29635 28831 25287 24050 19896 20516 19887 18468 18976 16921 15567 16638 16184 15317 15029 16021 15780 15413 14580 14575 13700 15906 14806 14630 15043 15275 15624 14476 15286 14706 12647 13609 17554 15229 15314 16852 14679 13983 13707 14449 14501 17513 20112 13688 16267 19010 16199 
-313 58531 251945 376154 423145 478965 542264 603923 678254 715759 799957 863663 940478 1008561 1075959 1139491 1296186 1427373 1377901 1530687 1600291 1629252 1781902 1706170 1675649 1745528 1899398 1979842 1945850 1764804 1615289 1593919 1649952 1606707 1475633 1394977 1244458 1048700 912102 790930 651387 528878 425123 337365 265469 201419 146433 102516 77421 56632 45057 35981 29934 31321 27537 25256 24029 23533 21567 19887 19716 17841 19347 17609 16627 15474 15454 15558 15310 14278 16320 16073 14347 16008 13449 14919 13720 15751 14951 15256 14174 16436 14353 16099 12999 15005 16053 14596 16227 14664 13989 14122 14676 14080 18372 19012 11587 13093 14343 15640 
-318 48314 248437 377665 425896 487011 549687 616737 684360 712053 797050 843628 929903 1060987 1074624 1119494 1231574 1380844 1496289 1445606 1599897 1714743 1785289 1690013 1587285 1790426 1949014 1967938 1945727 1790005 1654188 1571596 1555503 1546738 1563110 1429727 1232139 1070569 912961 776076 656182 518526 427912 342746 258781 205059 149832 104437 76086 54416 43222 34822 30999 30205 27905 25010 23161 22944 21097 22456 20555 20352 19030 18640 16762 18289 16400 15520 16413 15658 13893 12981 14221 15003 16147 14833 14266 16025 13747 15712 15113 14576 15858 15340 15979 15399 14495 14847 16501 14911 14883 15198 12836 13407 17472 20330 12218 11224 12171 11645 
-293 49539 251167 378187 434846 507817 543620 612796 687569 714999 773484 873437 918500 1021965 1107526 1108250 1228098 1340302 1524777 1443149 1585151 1788750 1684396 1703190 1688292 1779471 1891175 1985067 1931180 1780125 1674477 1610695 1561502 1535296 1518135 1402504 1247898 1111243 929409 762420 647170 531905 426610 344800 260967 196670 151871 107522 74145 55046 44073 33915 30273 29212 27592 26239 23180 22849 22786 20334 20274 19175 20594 19793 19249 17891 17557 17048 17604 16399 14141 14443 14198 15190 14228 14631 15032 14728 14377 14360 14314 16136 14923 14382 15898 16257 16038 16014 15367 15392 14771 14472 14299 15872 17845 17854 11218 10866 12265 13528 
-285 63239 266942 387621 449450 508373 541233 601854 673308 748733 747742 872854 960696 921512 1104543 1163328 1251537 1300616 1447021 1596093 1525337 1691762 1777427 1715729 1734083 1788497 1852833 1933422 1883862 1789583 1665436 1641793 1645187 1566484 1432170 1360236 1270290 1102560 943279 785346 642438 537712 426104 346115 270161 190893 147032 108245 79183 57164 42781 34706 29014 27543 25348 25096 23206 23240 21549 21711 20177 19791 17836 19233 20450 19841 19444 18153 17841 18290 15524 16598 15843 15325 14131 13865 13573 15041 13024 14875 14339 14340 14769 15008 15203 16612 14794 15819 17517 16302 15869 15732 13826 13502 17142 19868 12935 11649 10860 11874 
-322 90377 295944 386495 454972 498851 540302 613677 650371 747978 797059 804547 956898 933570 1039614 1239784 1245061 1335263 1401928 1588278 1582858 1629294 1828660 1712886 1726582 1815116 1843351 1841780 1835731 1820903 1687665 1662918 1658477 1585180 1469248 1329972 1227751 1074423 948525 806102 662784 539516 427063 338078 274442 199689 139137 106808 81400 58620 43183 34597 32272 26449 23445 23486 22337 21823 22320 22518 19511 19561 18803 19327 19033 18661 18665 17923 19493 17712 17910 19852 17776 15618 15682 15393 15180 14551 13378 13593 14273 14097 13677 14146 14764 15301 16028 16526 15948 15889 17559 15904 14593 15145 17853 21271 12031 10924 11556 15336 
-312 98434 302584 387073 443441 509377 544078 594319 675823 710841 815485 799816 871113 1023530 1009341 1211787 1285799 1395649 1397447 1442425 1696336 1696069 1700852 1804047 1741022 1702207 1819062 1829941 1851919 1852032 1745007 1656690 1585223 1594926 1535054 1352250 1181738 1060994 927128 814841 678913 540626 428368 341022 269706 204677 144114 108388 80256 59394 43110 34225 29694 26388 25177 23282 21851 21337 19517 19839 20575 21836 19181 19694 17712 18979 17412 18174 16984 17755 19382 17796 20267 19112 17380 16442 16698 15629 14638 14882 13625 13660 12810 13246 15238 13471 13503 16170 16339 17272 16154 16466 15912 17244 16668 21098 12421 11672 12587 14858 
-330 97925 301207 388846 453596 495236 556752 587057 672104 697977 764587 858279 832072 1028320 1063715 1120531 1339607 1387161 1455559 1459562 1572869 1791342 1762061 1764239 1700698 1644732 1754791 1837855 1927242 1912712 1744045 1618427 1603113 1576318 1470338 1402672 1233714 1056744 910421 795083 678154 534352 441279 346824 265840 199013 153889 113052 80367 60039 42058 33199 29430 26025 25861 22163 21953 20744 20780 18953 18292 18928 21010 18275 18658 17986 18473 18490 18418 17024 17059 17536 18925 16134 20037 21637 16430 18614 17907 14845 15863 13230 14264 14585 13345 13335 12856 13895 15602 14723 16844 17072 15532 16275 17905 22736 13239 13138 14174 13436 
-308 82914 305653 386738 446674 506238 542572 604909 621615 721571 736522 871377 877165 932672 1131954 1138177 1293759 1373433 1517708 1544352 1496232 1750873 1841441 1676844 1641566 1696810 1752347 1827418 1934147 1961669 1749678 1609930 1618023 1550211 1434743 1369855 1278464 1104021 927505 768167 643971 541217 443485 347732 265220 203207 157656 115085 84446 59054 43487 33161 28097 26237 24996 23061 21788 19680 18962 19884 19300 18215 17382 17364 17535 18360 18698 17903 18708 16998 17174 18022 18263 16745 17967 17720 18794 18771 20379 17529 17506 16278 15445 15065 14321 13591 13583 14325 13181 14825 14395 14689 14755 16320 19636 22123 13129 12812 14735 17708 
-331 93560 299584 391312 450943 503811 526164 599349 628435 709099 757239 811338 935711 918464 1112126 1207446 1238952 1433842 1461248 1574397 1632184 1581166 1776038 1711230 1668715 1709999 1779671 1870032 1869058 1950388 1754472 1638492 1605935 1524408 1479472 1342656 1245632 1130240 962288 777663 627876 531476 436635 340564 266189 206397 162649 119586 85588 60420 43824 36719 29564 24737 22567 22748 21463 19951 19336 19243 18133 17427 15476 18304 17246 18186 18131 17437 17017 17762 17494 17181 17805 17402 17655 17644 16856 18681 17768 19397 18092 19991 17557 16677 16529 16206 15176 12725 15692 13571 14713 13517 13264 14137 17357 20299 13516 13320 18417 15642 
-324 100795 299696 399893 440690 488690 535664 573565 659360 697977 763233 788503 922821 992988 1055057 1250165 1270599 1416933 1487465 1496579 1625020 1575291 1694542 1774038 1734653 1703389 1765869 1906765 1895996 1876717 1709781 1650372 1636479 1545908 1483313 1361572 1215300 1109548 969224 805453 645313 522720 421847 335037 264745 203960 166279 124479 85449 62178 47014 35307 30071 26308 21452 20312 20741 21479 20701 18604 16826 17192 16402 17990 15982 17647 16448 17128 16248 17152 16834 17705 16580 17424 18070 17356 17658 17433 17672 17124 17421 17888 19528 17651 19069 18823 18220 14957 14656 15726 14926 14385 12432 14549 18093 18849 12282 11045 13054 13884 
-368 82493 292591 396070 435593 473004 554502 578878 643960 711583 749292 801417 907544 1028568 1049630 1240860 1342031 1375306 1496565 1454946 1504167 1648411 1682758 1771559 1804940 1702793 1752056 1936871 1901679 1776119 1725381 1671654 1618514 1574521 1469177 1368832 1258909 1068805 951057 816077 659213 533494 414004 332038 263965 202482 158339 124190 92964 62876 44674 36906 30935 26308 26433 21866 18482 18515 19699 18378 17366 17166 16911 16512 15973 15591 17611 16459 15384 15840 17752 16333 16157 16033 17019 16925 18537 17485 17079 16864 18956 16747 17097 17563 17587 19948 19330 17723 20038 16534 14908 16271 14149 13866 18103 21128 11294 9937 10754 11765 
-310 65676 289778 394832 434698 477337 546505 604276 627144 687331 765157 864174 858852 1021551 1125655 1164588 1404020 1362934 1415834 1513925 1448562 1584612 1738357 1809000 1777272 1731529 1800314 1940548 1800640 1768966 1810442 1648990 1579900 1566483 1475713 1387336 1262124 1077512 946109 795850 657130 541370 427194 331510 264270 202411 151220 119586 91899 65142 47021 36297 29627 27789 26040 23239 21810 19156 18658 17862 16954 16125 17346 17191 16348 15437 15389 15588 15260 14640 16312 16594 15999 16712 16184 16844 15991 16764 17219 16258 17036 18162 18809 16294 17120 17360 18869 19210 18958 17249 18427 18555 17766 14725 19166 19904 11795 11751 10488 10583 
-286 65588 285197 404008 428148 493823 531993 608124 643053 666062 790507 870129 876096 988598 1168859 1174432 1305916 1408589 1408059 1507596 1479862 1524237 1716291 1879069 1723661 1756072 1854889 1852636 1778268 1894845 1824484 1585791 1576394 1547300 1498252 1383436 1240710 1116555 948226 785456 653507 536204 432360 344071 266031 202017 148072 112970 86176 66854 47961 37021 32332 27552 24478 23116 22698 19805 19625 17997 18460 16978 16955 16377 15862 16016 15803 13780 15818 14877 15272 15611 15512 15445 16193 15731 17215 15359 16088 17028 15851 16833 16903 17989 16893 17291 19136 16041 19424 17581 20447 18332 18255 18880 21906 18271 13037 14014 14851 13146 
-318 66581 278048 404682 437486 490697 540742 582174 677774 693217 750696 872258 937423 966981 1129584 1221867 1206655 1414124 1468150 1459573 1520269 1571922 1642898 1839679 1801409 1709517 1795244 1873741 1869958 1913496 1775880 1586001 1566798 1541399 1515622 1373617 1244170 1112865 947335 801100 650798 534897 441036 340158 267565 202278 149228 110117 81749 61878 47913 39227 33051 28764 25228 23896 21920 20153 20117 20121 18797 16394 16816 17406 16145 16052 15211 15864 15123 13909 14210 14779 15292 16570 14830 14292 14913 17095 17358 16159 15302 15283 16837 16996 15219 16953 19316 17830 17005 17506 19127 18861 18583 17229 21535 23180 13977 14777 18445 14005 
-317 72962 281052 406071 442027 483055 558144 590054 658498 732315 734688 859136 976027 985849 1030997 1225444 1243218 1362838 1486940 1507654 1542347 1548778 1643925 1787961 1820749 1664530 1772951 1942134 1882793 1866874 1769378 1629308 1560940 1542852 1484450 1388686 1256163 1091619 947521 805199 667474 550122 432795 336225 266736 201264 148443 110783 83338 61848 44532 36878 31208 28250 26322 24813 22951 20830 19648 19007 19081 19221 16693 16432 16847 16830 16431 14436 15658 16674 14102 13243 13952 14379 14405 15480 15787 16326 14985 15091 16005 15582 16168 15235 16856 15256 17704 15663 17866 18496 16785 18921 18489 18155 21364 23516 14887 14190 16416 21813 
-280 71807 298683 397889 447916 496273 546469 613117 642127 740058 785388 804464 959787 1034807 969755 1182368 1293906 1350493 1508432 1522434 1566820 1531515 1672837 1766313 1743495 1692588 1835833 1919887 1811955 1876104 1783107 1670493 1576262 1531583 1476835 1381983 1248867 1097274 954195 793001 686436 559210 429767 336412 264378 202342 145402 110335 82564 60889 46592 35669 30121 25280 26048 24647 24296 22417 21162 19618 18357 17732 17036 17866 17238 16253 17601 15875 16303 15512 15791 14395 13625 14028 13850 13835 15516 15106 15624 15068 15517 13636 16575 16336 14860 15932 15327 15703 16258 17728 17579 17267 18101 17820 19182 22479 15615 17143 19240 18127 
-298 86024 300004 403593 450198 508913 552010 606819 654660 728559 813340 803214 866438 1054112 1046513 1093044 1313162 1407953 1480693 1495159 1552583 1592137 1654176 1769499 1767486 1714772 1786768 1868859 1831517 1862383 1800292 1671103 1575793 1554043 1504783 1355681 1234405 1110287 948403 811985 683744 548503 439316 339462 261131 200337 150281 111719 79830 60323 46906 35010 29406 25223 25148 23311 22785 20719 21642 20908 19252 19714 18154 17368 16706 16928 16556 16235 16038 16562 17288 16771 14453 14318 13903 14127 13646 13805 13829 14822 15534 15638 14948 15235 14423 14780 16677 15787 16429 15507 15712 16720 18047 17988 19277 21913 14379 17465 17449 16895 
-331 98086 299450 406989 460109 506471 561649 602208 681978 714855 770632 845933 822160 964966 1176354 1109570 1282366 1418799 1440129 1532633 1529684 1571323 1680602 1858859 1775435 1672107 1722398 1879038 1845609 1834101 1834225 1634416 1575378 1565413 1509600 1379017 1233307 1111492 946453 826368 668574 544540 442046 338359 263748 204130 155086 111946 79632 55664 45289 35897 31179 25724 23197 24431 21608 19873 19137 19510 19843 20780 18184 17773 18173 17778 15764 16652 15699 16379 16528 15853 16633 17350 15531 16172 12948 12825 13764 13484 15879 13384 14553 14689 14201 16619 15017 14907 14456 17365 15138 15755 16345 16023 20053 21741 14176 13702 16039 18282 
-321 80940 296391 412027 465049 512103 562355 621763 656352 712998 734687 826639 902171 895073 1159861 1231544 1221519 1410696 1454471 1533178 1492911 1563278 1758343 1885692 1714523 1662653 1771174 1870130 1782013 1840712 1828137 1643773 1579579 1524288 1499797 1421807 1259219 1105032 969015 803841 666745 548015 434981 336882 265083 210820 157258 116280 81626 54313 40864 34479 30138 26837 24767 23174 21341 20982 18014 18848 17682 18829 17962 19647 17659 17985 17724 18882 16363 16012 14254 16281 16629 16284 16491 15996 16642 16362 13447 13716 13216 12940 14436 13490 15766 14415 14534 16289 15397 14799 14822 16142 15825 16130 18406 19997 13033 14212 17411 16220 
-317 82922 310568 414226 461974 532365 563633 603194 637735 691165 760308 795014 954893 940493 1045172 1271813 1269336 1403077 1455610 1487204 1488339 1650648 1756300 1828677 1725446 1677557 1804899 1819739 1744696 1889315 1816130 1621564 1559097 1533173 1502110 1409884 1287265 1115619 969485 796386 663981 549902 428382 337305 273866 209500 157986 115848 85452 55783 40883 33175 28149 25215 24259 22530 22244 21310 20657 17637 18002 17638 15797 17972 16781 17079 18102 17988 17635 17885 15835 16367 15606 15396 16557 16011 16869 16848 16737 17290 14879 12677 11869 12775 13522 14461 14705 15141 15375 15365 15668 15436 14861 13973 19844 19673 12841 12520 13050 18640 
-280 84652 308166 420156 475223 519075 550225 582409 651639 662118 800561 815700 906122 1029685 979743 1221673 1362090 1387776 1424709 1508264 1517865 1583111 1789726 1834226 1717943 1696221 1809255 1789837 1764050 1935925 1777412 1575465 1538522 1554922 1526532 1402977 1278426 1116077 960113 819107 670268 535815 427754 346769 274330 212353 155171 113915 85404 59469 42671 32497 29325 25950 22263 19939 21309 21065 20252 18966 18536 18613 16252 17110 15558 15762 16745 16679 18397 16432 17224 18402 15955 15968 15033 16842 15593 16206 16859 16379 18089 16111 16046 14112 12112 12645 12316 13884 15047 15047 15454 15121 15897 14427 18253 20216 12001 11346 13667 14449 
-301 65704 308214 425854 462797 500047 550347 576676 645257 705647 761203 878068 860311 1038771 1031996 1127545 1369548 1429263 1462151 1490211 1533981 1518392 1829074 1862936 1685708 1705686 1830491 1805268 1826425 1933861 1725292 1555358 1523635 1540095 1540373 1443802 1248519 1097744 960789 829356 686830 526231 433703 354782 274135 206989 156129 114111 80696 61682 45031 33831 29834 26431 23817 21203 19316 18676 18578 19131 18071 18576 18534 17963 16417 14682 16071 16313 16266 14715 15696 17234 16920 17555 16914 16475 16328 16089 15626 17013 16576 15463 16907 17153 15591 15236 13058 11941 14026 13270 14344 14893 15483 13256 19455 20747 12375 11144 12706 17060 
-358 75651 319298 397188 449585 500064 543968 600846 636749 738936 748886 873183 881939 963108 1124254 1129294 1281368 1460384 1531135 1410123 1544545 1567831 1732858 1868926 1707054 1687896 1849971 1856577 1878466 1904823 1690892 1553851 1517088 1543271 1511106 1442771 1257607 1094523 961024 814263 690169 552113 440884 353347 272058 210111 154573 111816 80583 60107 45278 35763 29805 28162 23759 22292 21714 20354 17195 17203 16236 16265 18799 16997 18996 15557 16194 16184 15645 15677 16248 14726 14539 16055 16133 18129 16820 17550 16571 16837 15023 14524 16353 18391 17418 16518 16266 15307 14489 11556 13609 13427 13808 14634 18679 22201 12672 10895 11209 14131 
-338 73943 291795 400838 442519 501707 548653 620006 646601 716864 768671 844675 919360 952727 1115738 1178160 1285070 1377548 1523806 1487284 1499373 1592058 1696095 1845722 1728034 1690083 1847667 1901572 1910382 1891587 1662807 1559798 1541646 1529022 1482321 1377613 1277487 1122182 945249 803488 693295 571797 451220 349294 271243 213059 153709 109536 83103 59163 43315 34543 30396 28205 25785 24704 21160 19822 18396 19295 16224 16941 15981 15268 15828 16496 16588 17347 15319 16712 16048 16351 15759 13948 14337 15213 15424 17137 18360 16917 16535 16069 15500 15530 16306 16784 17498 18028 16613 15277 13234 14319 12559 11965 18509 19345 12269 12214 13959 15036 
-333 65654 278923 398615 450407 502891 567241 605583 658658 703355 779989 841161 937072 970110 1089944 1209422 1307379 1330885 1459861 1593533 1445578 1545344 1730743 1829731 1726509 1705381 1867637 1914650 1882263 1925373 1662506 1553847 1549761 1503856 1472356 1351786 1267250 1122772 948438 820448 684443 572279 457404 357331 274253 209541 154334 111025 81797 58909 43638 34841 30096 27004 24407 25009 22524 21838 21047 17851 17662 18246 17725 15161 14921 14119 15996 15747 15739 16740 16533 15968 15041 15469 16754 14848 14796 14971 14061 16729 16938 17585 17051 15449 16717 15026 15926 16952 17241 17687 17570 15749 14926 13932 16801 20237 11131 9815 10832 10240 
-309 62163 276842 396694 454578 522397 548462 599421 670808 715927 784436 823352 930416 995500 1129883 1196788 1259548 1431178 1358580 1529466 1523363 1520767 1678198 1850802 1776605 1698162 1873269 1908401 1849355 1958402 1696564 1551603 1517718 1518610 1464030 1352032 1254668 1090916 959304 830286 684893 559059 457165 365178 282336 206082 154143 114432 80950 57689 43816 35449 30497 26848 25148 22507 21293 22586 22288 19933 18936 17456 16911 17951 17216 14672 14917 14249 14353 16242 15466 15743 16517 16465 15328 15765 15635 15846 14570 13973 15065 16122 15214 17140 17008 15762 14832 17826 18056 16830 15851 15989 18028 15305 19419 20405 10492 9891 10692 13115 
-297 66979 284166 407413 448446 513376 547113 602197 684062 710722 807721 792620 946950 1017551 1090998 1260246 1231607 1422124 1376925 1415100 1571186 1549227 1624468 1866105 1832270 1688074 1848335 1920152 1839303 1929606 1734954 1581343 1527183 1508195 1462902 1354420 1229501 1083721 964442 820855 680562 556809 454257 367804 282174 210464 154884 114261 83602 57842 43684 35038 30854 27700 23828 22983 22274 20308 19706 20753 20595 19883 18109 19272 16506 15985 16535 16466 13407 13980 14940 14418 14135 16103 16491 15525 16551 15329 15151 16370 15311 14971 15219 14398 13869 15896 18335 16036 15481 16381 17337 17982 15776 18366 20667 20837 12224 11219 13061 14285 
-330 82465 293297 397959 445999 499469 561089 603085 693105 701021 794456 846342 895248 1082550 1061811 1257621 1278483 1278051 1472827 1440837 1478707 1574949 1658344 1844450 1817350 1713043 1836223 1922943 1826767 1912599 1768519 1582199 1568708 1514647 1449319 1367627 1209735 1084985 949347 807845 675312 552833 459322 361267 279421 214025 157884 117598 84027 58811 42834 34712 30164 29545 25384 23015 22183 20591 19734 19011 19332 19092 18875 18303 17807 16151 17374 17958 16186 17007 15068 14573 13299 14498 15009 15855 14988 14508 16366 16363 16547 15022 15616 15819 13527 15021 15429 15526 15544 15672 18119 16299 15496 17133 19435 24043 13778 14103 18012 13476 
-311 67116 283676 392867 448951 498589 569027 601043 676850 739786 749255 925715 855550 1066230 1153497 1102178 1325362 1298718 1443543 1535823 1457744 1515376 1693224 1870477 1765286 1695697 1829530 1923217 1837726 1918750 1788477 1587303 1569623 1532374 1458151 1382866 1216728 1071299 931755 792568 679941 548015 450773 360396 277372 209801 162302 117996 85647 58144 44618 35934 29049 27712 26423 23746 22978 20705 20163 18123 18355 18779 18900 17555 18423 18016 17291 16120 15947 18009 16408 16645 15760 14472 13637 14140 14709 15416 14207 15844 16321 15685 15876 15957 15302 16644 13865 14629 13899 16293 16195 15531 16091 15303 18762 22001 13749 15798 16354 15429 
-304 66342 286689 390246 457747 495624 561864 611508 658186 783049 739879 888122 961172 953361 1179273 1090828 1258296 1438733 1387789 1514009 1524414 1507668 1671090 1865246 1743855 1649174 1824550 1917268 1889139 1952526 1750447 1596681 1546520 1541078 1517082 1375032 1222715 1073552 921431 782102 673308 548810 444202 353353 273472 208788 160971 117236 86872 58381 45062 38080 31222 27225 24895 22932 22534 22004 20423 21614 18899 18098 16393 17342 17225 19104 17269 17475 15910 16535 16274 15960 18465 17387 15201 15576 16011 12512 14525 14671 16038 15683 14710 15387 16639 14445 15937 16437 14770 15564 15985 14658 15657 15237 17014 21955 13056 11908 14476 19885 
-343 66883 269643 401295 446733 506459 557531 630779 648732 739476 815298 833661 1022980 933156 1042869 1252005 1207739 1418863 1459820 1437821 1537486 1579474 1667814 1805351 1751865 1628447 1794290 1932649 1926364 1964894 1728371 1572777 1533328 1576423 1524700 1379875 1233459 1084111 920915 779980 659219 542043 444841 346130 269237 207035 157343 116461 83670 61949 45531 37348 31909 28238 24658 24219 24382 20521 19642 18963 20672 18907 18479 16897 17625 17278 16589 18247 17545 16453 15532 15131 16924 16518 17214 17489 16201 16233 15229 15015 14157 15259 15439 14099 14579 15284 16484 16312 16243 15499 16335 15094 14673 14764 17269 22282 12872 11734 13831 12212 
-358 59835 265858 397578 450325 513112 557794 621297 668337 715040 861334 821521 921582 1051081 978347 1242195 1303918 1309160 1507895 1473242 1475037 1593652 1766768 1767606 1672841 1647812 1800566 1949055 1930410 1898240 1716131 1598192 1581310 1555716 1484273 1406745 1250510 1094687 931825 786087 648328 536755 439094 346392 264590 202041 153110 117130 80004 60141 46374 37474 31191 29762 26278 24659 23862 21304 20906 20656 18261 18753 16936 18412 18165 18112 16408 16020 17178 16559 18744 18024 14727 14488 16301 15646 17939 15606 17506 17816 15414 14988 15556 15024 14813 14671 13014 15619 16771 17622 15871 14247 15896 15195 18799 21257 12411 11855 11882 13643 
-300 60821 255833 405050 467176 501676 565597 614491 708593 710556 771988 898629 861528 1064065 1096785 1071838 1369574 1351133 1439735 1488331 1498521 1629488 1793483 1733162 1610593 1694855 1844203 1934636 1906979 1838644 1676433 1621350 1606954 1581032 1470289 1405947 1250557 1109445 943895 788462 662528 527409 436078 341696 265728 195631 151112 113020 80009 56605 44877 36409 33342 29262 27239 25244 24302 22104 21190 19918 19923 19251 16986 17388 18221 17340 17740 17197 16894 16950 15698 17264 17935 17153 16830 14480 14399 16003 15686 18159 18552 17133 15963 15302 16384 14732 14690 15455 14801 15547 15651 15697 16894 14838 16278 21512 12205 13740 14134 16070 
-268 63739 280755 408424 460321 512999 566953 641651 669393 726364 722321 903061 964247 931042 1176261 1123904 1231485 1413727 1401966 1469247 1597609 1706492 1710890 1717990 1617648 1728774 1876961 1879724 1884266 1839660 1647559 1572114 1606229 1631563 1539902 1370859 1254294 1095140 950641 801468 671211 542397 426137 339279 261802 196263 146227 108044 79225 56975 40925 37378 30652 29732 27468 25087 23351 21821 21723 21594 21847 19264 18394 18510 17465 16689 15760 16132 17328 17439 16868 16996 16053 17242 18003 17196 16644 14512 14894 15423 15039 18681 17473 15750 18233 15625 17054 14576 16624 15092 15599 14512 14645 15228 19033 20456 12718 12603 12197 9775 
-345 76002 294506 405968 475843 520547 560557 632750 644233 727974 783562 813958 1026424 951785 1063873 1226469 1182104 1346616 1450722 1498334 1612777 1782953 1703496 1628132 1627057 1780404 1858161 1875684 1898942 1774070 1599985 1598064 1630048 1614433 1552197 1404221 1253840 1082402 948440 800686 675302 552704 440028 340202 252781 193015 142986 107207 77298 57878 42445 33635 30771 26392 25835 25614 24022 22324 22095 20946 19636 20594 19318 18686 18702 17040 18209 17312 15556 16338 16452 15992 17747 16540 17849 16362 15749 18448 16894 15118 14415 15099 17071 16010 17685 17095 16772 17003 16279 17431 16477 15434 15068 14594 17828 19736 12548 14015 14487 15783 
-304 82322 298304 411816 491984 529598 535831 590421 694463 706553 842265 824155 870078 1072376 1010222 1180414 1276554 1292314 1442365 1572529 1630955 1785309 1688372 1574967 1665044 1764676 1854596 1913152 1893287 1684540 1609545 1598986 1641902 1626053 1529635 1421786 1249677 1103002 944140 790897 672039 561007 450153 347119 251227 189760 139317 106608 79085 55445 42583 34328 29216 26080 24405 24166 20666 23046 21514 21704 19941 20346 19391 19406 18603 18519 18336 18863 16920 16220 16896 15981 14948 16022 17153 16245 17225 17166 16685 19460 16710 15354 15934 14380 15474 18196 15710 17373 16728 18218 16780 16512 16063 15777 19244 20136 12359 11405 11992 14416 
-314 96924 315197 422036 479423 503744 552192 590759 693970 749944 777628 886184 821592 991604 1100620 1118562 1303478 1348135 1399789 1644984 1704725 1636241 1658023 1636108 1694251 1755564 1869609 1870012 1859154 1706937 1650766 1583784 1583800 1630797 1553139 1405069 1253734 1118252 947654 794585 668545 556389 451687 349250 261844 190992 140023 104605 77296 57686 42107 33830 27710 26398 23884 22544 20724 19930 20884 20705 19191 20274 20262 18061 18897 18837 18606 18711 18010 16342 17410 17423 15826 15157 17055 15615 15402 17193 16564 17434 17947 17538 18122 16267 16068 14125 14694 17533 17431 17371 17114 16663 16978 16268 18408 21805 13271 12679 14779 17288 
-304 101826 310508 404121 475054 515953 562873 604174 661146 784191 754669 833788 891406 903512 1116779 1174272 1236010 1441858 1480655 1552352 1695830 1630998 1673049 1620551 1711380 1829163 1821161 1828786 1857918 1715469 1649236 1655492 1582281 1536848 1528106 1440954 1260522 1107860 942087 816440 674436 543174 444948 349676 267131 195288 144503 108923 77822 56973 41836 32854 27396 25724 24742 21946 21500 19895 20020 18213 17400 19306 17959 18531 18423 18960 18871 18152 17978 17203 18401 18329 16933 17056 15584 15566 15981 15803 15948 16415 17500 16837 17451 19225 17812 17694 14252 15765 15747 16531 17480 17663 15330 16757 19179 20493 13225 13641 17877 18794 
-339 94607 308103 405470 469345 547419 560121 620535 643673 720197 797769 793075 914044 946527 1022618 1258078 1257345 1410676 1576734 1449621 1674941 1690096 1620723 1616316 1712451 1829217 1804641 1908677 1837734 1682837 1647469 1643826 1645452 1547351 1470597 1399338 1275844 1106332 956737 816771 678453 548005 432673 348006 269088 198276 151238 113838 81798 55023 43291 32262 26783 23888 24073 23445 20197 20198 19146 18669 17333 17394 16339 18310 17061 17194 18154 16678 18503 18796 16926 18331 17868 18096 17062 17426 16134 15256 16412 16269 15633 15786 17576 16350 18422 18796 17729 17627 16387 15273 16273 16818 16722 16698 19713 20810 12995 13775 15495 14688 
-356 90826 305363 422152 477289 535508 570081 598098 674365 665346 772331 846599 884763 1003283 1013791 1209989 1403365 1291734 1563320 1566242 1575121 1676870 1616290 1637530 1647920 1806798 1891530 1938679 1830941 1663565 1614747 1594541 1669425 1644119 1487575 1322387 1225346 1139466 968686 807844 681852 554366 433291 344514 269541 201166 151168 120191 84151 59244 43064 32549 28440 25000 22210 21936 19931 20247 19666 18498 18760 16231 15919 15948 15239 17109 17256 16859 15528 17530 16760 19625 18415 17483 17544 17206 16710 17691 16329 15274 16774 16067 15933 15588 16973 16669 17276 18859 19777 18765 17086 14583 14249 15202 20692 22975 14294 14436 14134 15249 
-377 74834 311433 421914 469792 532367 575530 581823 658924 691339 720832 901404 884242 989094 1137088 1097767 1408929 1371225 1380502 1658197 1607997 1652702 1585201 1598120 1651323 1819633 1960070 1930720 1837101 1640455 1578973 1651837 1665433 1604325 1509002 1350110 1202453 1097224 964407 815296 686830 551282 443829 344961 266307 207110 152863 117442 86929 62372 44738 34786 28930 25788 23428 20521 19468 19923 17577 18694 19159 15078 16807 17004 15869 16512 15220 14637 15877 15349 16294 15916 17393 17095 17896 17355 18467 19383 17209 16237 16155 15870 14724 15906 17144 18217 16038 16823 17777 17892 19409 19210 16370 14369 20683 22478 12776 11125 13030 18338 
-317 58777 298828 409793 478878 513642 566019 607214 623744 730087 744248 812424 1007749 951556 1160611 1152503 1203432 1527011 1339609 1582171 1729066 1602581 1526635 1607977 1721681 1805433 1963918 1946202 1749149 1648954 1652758 1706063 1664149 1542329 1457255 1406241 1257867 1045201 936471 812216 687178 554064 455058 355141 265041 203530 159404 114794 83414 60776 46658 38981 31580 27181 25299 22806 20360 17995 18118 18051 17211 17139 16406 16299 15945 16114 14896 14550 14894 15851 15571 15215 15676 14598 16739 17694 16477 17445 18147 17764 17171 17777 16440 14888 15671 15522 18043 17923 17476 16608 18180 16539 17459 19731 20644 20731 13995 13424 10881 10390 
-276 57107 288123 412240 458832 523652 543134 621793 671250 680125 796276 806580 995233 1017487 1034744 1281447 1145261 1410654 1512699 1484725 1624733 1651263 1634649 1570383 1734553 1842606 1915939 1903146 1734106 1685135 1716862 1718976 1642080 1522204 1446088 1385146 1259168 1086442 925530 778144 674424 575098 456428 360530 273037 203301 157757 112953 84723 60024 46762 38073 33135 28795 26253 26053 22629 20707 17826 17208 16406 17022 16755 16269 14712 15695 15810 15964 14187 14894 15112 14036 14942 14282 16628 15294 14818 16365 16447 17806 18364 17754 18845 16372 16924 15901 16480 15917 16182 17274 17375 16158 17873 16375 20199 22918 15813 16398 14611 14671 
-298 78145 292235 397205 450946 519642 583879 588809 703150 689617 804014 867234 876129 1122469 1015955 1162325 1289387 1259970 1554420 1515600 1514738 1648702 1709342 1641107 1741160 1854535 1829624 1851714 1800981 1728871 1691724 1692876 1653939 1553746 1467506 1328124 1217124 1118628 933833 770539 673659 569011 456041 364682 279053 209424 154517 110808 81894 62200 45557 35395 32802 30822 27996 26653 24228 23082 21091 18629 16836 17014 15862 15849 16680 15009 14549 17334 14143 13731 15445 15116 14378 14492 14002 15901 14283 13013 16894 15323 15948 17169 17639 19059 16954 17427 17659 16867 16499 16241 15898 17518 16507 16797 20079 21362 13158 14144 18303 20302 
-333 78262 276757 397989 472262 500589 601640 614238 641731 801278 775082 887498 890163 983113 1142079 1050411 1334647 1321909 1335352 1586901 1609120 1612159 1595548 1757857 1791669 1794911 1832020 1913839 1762646 1678300 1715807 1727172 1673406 1566270 1445219 1329176 1199772 1066060 950073 807823 674498 553592 455083 363133 284868 210302 153636 110291 82490 59634 47643 35663 30341 27636 27352 26684 24843 23296 23329 22567 20284 17563 16677 16076 16732 14961 15171 15487 14564 15464 14400 13472 15515 14561 13779 14356 14584 14513 14938 14085 14966 15441 14638 16676 18476 17924 18071 18641 17317 16378 16168 15602 15213 15259 18874 23429 14435 14155 16163 17192 
-336 81956 305864 403426 462839 518975 563991 663491 683016 762613 821048 840860 943838 887252 1139998 1139380 1146541 1384688 1363734 1534593 1643190 1651614 1598318 1660148 1824256 1853437 1891382 1888270 1726502 1644891 1698549 1788488 1692699 1533478 1446565 1338983 1188495 1042547 938256 834859 676099 558507 452426 355646 282161 210400 151676 113867 81562 59024 45172 35911 31007 28694 26172 24741 23709 23275 22007 22606 22056 21439 20575 17772 16194 16768 15753 15727 15445 13992 15718 14312 14384 14384 12698 14400 15486 13790 14103 14373 14840 13690 15303 15440 14893 15087 17449 18737 18382 18087 18204 15936 15149 14259 20247 21429 13449 12111 13958 19331 
-346 102041 297664 420976 455905 524966 616161 622016 714087 732218 856139 817532 925583 975683 963159 1212914 1106770 1318639 1498123 1489611 1628100 1647137 1608802 1615684 1790479 1968989 1936525 1752206 1766314 1704330 1675002 1735184 1690202 1577673 1456054 1307204 1188591 1073271 921046 812721 701353 566099 441872 351520 279454 206949 149918 116143 81618 61294 45928 34009 29968 28859 26297 23272 22855 21842 20772 22007 21425 19180 21533 20357 20156 20422 16878 15496 15313 15820 15184 15459 14828 13896 14990 13447 13504 14444 13802 14371 13878 14151 14756 14793 14232 13765 16746 15738 17176 18651 17608 16457 17102 16696 19048 20882 12205 13461 12866 14924 
-373 80361 289146 425935 504546 523977 595869 636481 699402 752214 791804 897059 857240 1022824 935409 1077342 1275253 1228709 1491085 1536915 1594989 1613865 1621334 1630578 1807516 1943073 1880231 1814467 1816439 1706448 1661224 1695626 1667850 1615772 1453858 1315485 1209449 1079857 916163 794383 699135 572865 443701 350324 271404 200325 152353 113711 86177 60944 46762 35634 29003 26583 24489 23453 21695 22476 22131 20729 17823 20211 17933 20454 20878 20540 19497 19095 17876 17281 15705 14880 17027 14505 14641 13531 15096 13000 13868 14491 13902 13775 14093 13824 15274 15035 14895 14912 14547 15706 15645 16964 16926 15770 19729 24216 13052 12136 13400 12369 
-272 70241 332892 449455 500828 524139 567548 662300 674016 768325 771611 890221 855512 907985 1105912 998296 1275286 1322844 1338340 1554884 1611282 1625760 1620369 1662501 1811528 1861526 1860094 1945778 1809303 1676254 1646876 1729994 1689421 1531994 1458798 1385341 1236001 1057844 929942 798550 674832 558002 456018 353652 258962 198667 154949 115371 82710 61175 44862 37864 32424 26267 23534 21807 22298 20364 19563 21201 19005 17554 19363 18273 18118 18362 19694 19863 20944 18688 17728 17982 16834 16025 15241 15142 15901 13026 15021 14881 14060 12912 12130 15244 14506 13578 15368 15716 14717 13422 15342 15301 16404 14277 17959 21684 14338 15210 17234 14894 
-352 95011 328042 461686 481107 535711 575074 627725 693712 753288 768199 782293 981383 874999 1061877 1165562 1119299 1353299 1367569 1473592 1639905 1671900 1608672 1639001 1781099 1881129 1859085 1938060 1798603 1674117 1661768 1758960 1687169 1525168 1467784 1374310 1262721 1093157 946707 783785 646669 546018 455060 351891 262601 197754 155784 115370 83637 59476 44069 36856 33701 28302 25235 22235 20525 19932 20050 19148 17542 18632 18039 18059 17203 18384 16490 17636 18104 19985 19102 19955 20379 17336 17213 15910 17488 15154 15149 13916 14991 14245 14449 13077 14864 13847 12652 14129 15879 15237 15245 14599 14306 14357 17490 21389 12564 12631 13273 12543 
-366 97089 321048 447250 510941 522806 568270 630110 682034 711069 816182 754430 917476 1025700 943498 1177651 1187579 1290096 1437600 1477432 1619818 1618538 1622403 1625138 1740594 1948339 1885596 1817890 1799322 1725496 1673373 1689960 1708475 1624015 1455655 1324911 1260237 1136054 955275 782427 641884 536718 430999 346981 275564 203751 153781 113867 82766 60021 42838 35817 30686 28297 27368 24217 22005 20900 17559 18413 16674 18402 16299 17234 17309 18065 18470 14318 17580 18054 17936 17658 18495 18994 19487 18544 16720 17657 17893 17225 15516 14480 15361 14246 14190 14790 14018 12860 14861 12540 15328 15572 14776 13982 16196 22151 12137 10395 12995 15754 
-315 91058 338705 447613 493945 532514 578071 613429 669208 689223 802269 873212 791865 1026186 1042068 1041366 1273776 1309241 1463031 1543208 1530239 1591972 1610128 1632546 1752432 1901586 1888772 1835266 1779270 1690831 1661211 1717418 1742500 1613867 1493394 1356545 1239918 1119366 935417 805670 673878 519338 406806 340086 282436 213150 156140 109660 81602 60324 42138 34267 30056 26828 25201 23920 24359 22516 19051 18411 18915 16466 16586 15138 16598 16178 15930 17416 17371 16501 17271 15670 17106 17836 17895 17767 19257 17768 18409 17296 19170 18301 15620 16232 14894 16158 13585 14091 13848 13514 15265 13043 12719 13515 18224 19134 12354 10857 13124 14034 
-345 107756 346961 433935 489672 540328 575137 593157 651756 763698 750576 884776 846545 826416 1139797 1110046 1220665 1386189 1442883 1545662 1530256 1570445 1592812 1651302 1760977 1812675 1877179 1914403 1773995 1616089 1636613 1810454 1722405 1575978 1532527 1414538 1244914 1075454 929501 817737 678239 527996 414633 331270 277942 211987 160130 108745 79708 57598 44792 34457 28800 25956 24410 23181 22174 23215 20243 20306 18364 17047 17653 17050 15609 14251 15108 16566 16744 15821 17574 15897 15161 17201 16263 17855 16978 18546 18724 17974 17155 18156 17516 18594 18275 16752 16699 15615 14332 14646 16107 13437 13400 11365 17321 20157 10929 11152 11610 13540 
-341 99005 325959 442510 497330 523700 550369 637284 662837 749471 760263 767344 969699 851622 930771 1259639 1264475 1382776 1409170 1542592 1571825 1574127 1603273 1592065 1766238 1814306 1845094 1866417 1781849 1679191 1680143 1736442 1706385 1600923 1488469 1429012 1277541 1087167 936695 793516 661514 549528 448006 337897 259129 204484 161530 112872 78449 57290 43594 33567 27414 26327 24266 23647 20356 20955 18700 19905 21490 18447 17943 18033 16337 15081 15184 14774 14687 15620 15171 16422 15198 16466 15456 17238 15913 17730 16643 18329 17151 16981 18717 17459 18503 19725 18409 17566 15965 16223 15790 16048 14036 12818 17069 20136 10955 9409 9603 11463 
-360 101635 337234 433584 467005 538491 576777 630322 697874 658181 823126 759561 846757 1021877 931410 1144585 1312204 1383178 1448270 1499928 1604515 1618559 1596698 1543389 1686016 1892595 1819469 1759114 1832273 1762272 1674709 1678854 1708686 1601953 1468603 1399416 1278656 1135624 956478 775873 653181 562370 465906 353242 256528 200950 151647 112391 83659 58631 40982 33157 27452 24893 23986 21466 21097 21371 18117 18272 18080 20786 17971 16774 17458 17688 15898 16372 14966 15701 14502 14433 14350 15307 15031 15651 15991 15911 17496 15989 16824 17709 18486 18068 16311 16726 16934 20290 19125 19723 17532 16435 15489 15289 18819 21477 11061 10522 10814 9305 
-330 104789 326943 419450 481553 528387 618401 608972 678561 671689 743105 884758 793695 989485 1072265 1037509 1262205 1392864 1505998 1522540 1634714 1577853 1575568 1596120 1605961 1840823 1858617 1817516 1828440 1716079 1645221 1718958 1684817 1567704 1496960 1376688 1257255 1142519 960185 788156 681234 570919 456666 360488 271040 199920 146087 112368 81065 58169 41691 32117 28596 23893 23107 22080 20266 20552 20842 18003 17566 17092 16427 18949 17753 17220 16685 15587 17182 15356 16342 15317 13720 14036 15202 14734 14205 15446 15769 15232 16289 16365 17795 18699 16903 17470 17640 16201 17225 17546 19948 20102 18150 15853 19720 22365 12424 11547 12548 13192 
-312 101967 319934 423256 511321 520301 587330 621121 633471 776341 690223 857187 922771 846961 1061895 1137460 1204457 1366423 1528961 1561270 1649493 1582655 1541795 1601651 1601057 1759196 1906546 1938694 1802097 1654013 1625271 1685385 1692549 1584860 1454282 1396017 1251750 1098803 956465 828972 703551 577413 457264 358257 275983 204943 150071 109541 81187 57351 43413 31803 27044 24409 21432 21944 20535 20045 17599 18018 18842 19096 15339 16113 17618 16704 16749 16256 16293 16336 15377 14830 17167 16304 13987 13623 12508 15222 14798 15407 14102 16262 15563 18110 17042 17233 17339 17888 15887 16673 17196 16954 19787 17812 21225 22526 13868 15763 15588 15983 
-350 86469 328468 431936 479431 535304 548516 656544 658803 733407 803373 732714 927529 924336 957857 1172709 1267804 1347948 1475166 1579256 1614699 1697278 1529769 1504593 1621308 1799623 1927168 1936466 1842149 1624982 1582298 1647936 1694738 1585955 1442614 1374938 1265715 1078788 958551 850025 710873 577786 468452 360643 278622 209139 154587 110421 80666 55845 43092 32902 27585 22997 21764 22470 21215 19462 18117 17450 17226 16798 17857 17759 16333 14401 16700 16055 16212 15711 16549 15550 15741 15594 15089 15700 15620 13588 14544 13778 14873 15111 15174 15373 14258 16632 17810 17158 18042 17402 17368 17168 15843 14905 18928 24106 14675 17523 18232 16427 
-362 64200 297422 436297 467910 535403 563052 629957 731904 690596 809814 761896 798207 1002308 1030760 1110252 1284356 1373431 1371530 1615666 1619125 1621193 1604579 1553005 1638426 1799914 1931476 1875079 1864458 1675784 1573009 1624155 1647648 1576636 1486304 1337310 1229761 1127193 977957 835709 697265 580619 477563 367262 285792 213007 157371 111599 79026 61426 43257 32032 28072 24762 22435 21153 19381 18234 19058 18530 17352 17174 15333 16417 15090 16641 15409 16250 15022 16406 16467 15131 15823 15530 14472 15251 15847 14595 16029 14122 14293 15634 14493 13998 14785 14473 15314 16089 16265 17621 17274 17554 18268 15432 20656 21082 12684 11693 13839 16593 
-290 63382 281683 423588 481348 525274 623855 605766 708634 718182 703393 859930 821198 947892 1092639 1136305 1218714 1396840 1376234 1545855 1610694 1577672 1670490 1655341 1691903 1776203 1844192 1871824 1831195 1733348 1643742 1573603 1582058 1588023 1500948 1338934 1211595 1131094 1001653 813611 696237 576333 471529 378672 287652 219830 163784 114628 79292 59091 44343 34875 29611 26893 24654 21378 19780 18719 17416 18074 17294 16369 17804 16784 15650 14977 15709 15900 15160 15813 15545 15622 15306 15858 15377 13631 15481 14177 16499 15644 15295 16240 14817 13533 15614 15084 14306 13991 14103 15359 17703 17433 17598 16411 18482 20872 14697 13620 13630 16414 
-291 66883 295617 415803 500257 549650 596997 628015 618769 762109 721943 833313 910682 935443 1051843 1177431 1219650 1327728 1447591 1400150 1608629 1710440 1694069 1616994 1767325 1828710 1740461 1857668 1845823 1706998 1638739 1609345 1597907 1561344 1451482 1376110 1249424 1096814 969778 827424 703866 563002 464223 383214 289829 221220 165549 121420 84603 57265 45275 36751 32432 27692 22754 21814 20594 19865 18878 17451 15950 17424 17202 16469 15462 15551 16258 13439 14810 16145 15448 14175 15015 15995 16279 15448 14143 14818 14836 13419 16037 16553 15868 15029 15657 13761 15019 14812 13542 14257 13946 15520 16354 16076 19864 20852 12563 14511 17546 16137 
-297 84067 317027 434905 501605 554660 554664 631074 604259 712573 825427 827544 915274 964762 1025248 1161268 1270946 1244101 1423250 1437015 1611757 1718911 1700214 1695513 1696917 1846109 1784783 1802994 1859451 1699033 1586263 1640909 1627165 1545251 1476886 1354721 1270259 1083965 926028 832598 703845 563065 465071 375704 293041 215206 165949 124490 89111 62038 45871 36430 30637 30682 25283 24176 21983 20425 19046 18465 18141 16443 15626 15595 15946 16692 15396 15685 15553 14589 13753 14970 14511 15148 15512 16377 14803 14429 16709 14313 14811 13124 15078 15090 16107 16423 15779 14229 15654 14670 13989 12225 15671 15175 18055 19599 13358 13675 16163 18697 
-328 106455 326871 447410 473327 533040 541695 595627 684929 678569 845827 856512 898844 994723 1034121 1130352 1243620 1248505 1408334 1538434 1565778 1645862 1695961 1777606 1671624 1790975 1888200 1803812 1764368 1749444 1638986 1556289 1594380 1585918 1526711 1367724 1208030 1088073 935829 800900 695442 572790 462664 373196 287569 214000 160848 127013 92146 64585 48173 37429 31416 29666 26272 25077 23116 20912 21419 18164 18057 17648 17077 16181 14876 15691 14559 16584 16365 15282 15964 12910 14682 14354 14010 15071 16242 15536 16031 15113 14559 15323 14643 14344 14186 14555 14600 15725 14321 15948 15893 15615 14091 13774 15912 19692 12257 13149 13233 12464 
-374 92011 311929 430230 447394 498929 584572 590986 739487 693513 754595 900606 911889 995963 1083691 1092245 1187548 1329912 1459188 1516610 1439901 1679874 1753991 1737209 1685691 1765274 1920114 1796502 1745850 1805474 1677029 1532763 1546799 1590265 1524193 1390111 1206390 1063812 950107 803160 678653 566155 462868 368002 284448 214414 159028 123360 93636 64734 50060 39049 30913 29782 27494 24262 24007 22117 20615 19687 20662 18348 17376 16457 18283 15204 16402 14130 15584 14889 14545 16598 14459 14523 15489 14051 13937 13828 15314 15007 18034 14072 15095 14590 14468 14592 14481 13878 14008 15116 15940 14520 16031 15483 18868 21624 11436 10290 10202 10896 
-273 71911 300188 402260 455607 491654 625333 610903 678067 781278 722013 856664 950637 983459 1081686 1138329 1211278 1391265 1395101 1459817 1473396 1629182 1819675 1699133 1678240 1780662 1855330 1791468 1904381 1779840 1604310 1596837 1533078 1548521 1514361 1368946 1235910 1072685 935547 827111 670040 554663 460197 362339 275136 215671 160495 122711 92398 64206 48011 37851 34332 29196 27883 26123 23550 22263 20687 19591 19009 22004 18686 17754 18524 16182 15365 16050 16523 14706 15572 13820 16103 15976 14100 14531 15863 14767 13134 13815 15523 16238 16138 16044 14884 13904 14556 14271 13800 13085 15763 14574 14146 13577 19417 18568 13419 14780 14073 11582 
-293 69816 300495 405130 457763 524948 592899 674639 653642 769371 770285 779127 952417 990514 1094757 1216549 1248260 1337819 1342882 1438154 1582376 1533810 1804288 1746152 1645703 1709311 1824487 1911456 1971991 1819348 1563339 1540993 1561571 1546244 1490684 1372029 1220012 1073848 949330 815474 679180 551750 458736 350312 272095 210433 161945 121967 91279 64095 47059 37606 33209 29536 27568 24732 24059 24284 22244 18378 20985 19592 18042 18357 19577 17970 16773 17085 16439 16445 15347 16229 14118 14888 15870 14042 15113 14823 15417 15679 14124 14635 15251 14521 15670 15967 15206 14157 14045 14359 13139 14068 14001 13237 18638 20047 11841 12207 13926 15146 
-398 70748 293547 424259 453741 534930 591831 695280 672155 679218 848566 785779 852578 1038033 1145789 1243926 1231152 1298518 1418192 1387673 1547027 1591728 1729205 1754154 1600938 1667106 1889911 2017702 1894162 1834887 1629522 1506750 1551991 1547389 1475216 1389076 1206757 1076647 944029 797073 684373 563726 449671 352071 270912 202941 157521 123419 89629 61841 45298 38277 32236 29365 27409 25291 24385 23307 21209 21602 19580 20958 18468 17699 18126 18579 17570 17046 18805 17347 16416 16506 15031 15235 16453 14601 15221 15519 13908 15419 15815 16393 14328 14324 13519 15380 15670 15139 15618 15897 13475 13126 13508 13481 17484 22500 11822 10861 11607 9989 
-345 57532 271298 427117 475640 529592 604009 648917 733635 669065 765838 862747 841966 1055606 1152295 1174090 1280313 1328543 1445565 1396863 1456838 1621145 1705571 1718216 1617512 1728089 1893190 1964430 1931076 1754934 1658280 1622281 1530758 1531356 1471318 1339987 1237473 1082085 924416 788432 674222 564546 449814 355730 277051 202166 154395 120327 86383 60594 44641 38082 32646 27565 27207 25472 24553 23223 21157 20237 19485 20215 20098 18520 19235 17135 17202 17100 18076 17377 17388 18340 17052 15561 16923 15673 15006 16487 15151 14956 15859 14592 14918 14503 17171 14375 13899 14372 16379 15098 16072 13524 14866 12997 16930 21657 11385 9831 10462 12248 
-294 62654 291011 421973 489572 518590 599252 653902 706727 715140 695058 916507 924314 965155 1133143 1147586 1322462 1384616 1372679 1451479 1468221 1589954 1628301 1751747 1720139 1713252 1880941 1865332 1914550 1825076 1648049 1607177 1604220 1548543 1476310 1321892 1207135 1072949 938607 787192 648544 545058 458768 365203 275764 212248 154796 113988 83255 57659 44917 37013 31010 29504 27174 24725 22932 22226 23267 21395 19958 18562 19550 18953 18951 17826 16636 18833 17019 17163 17719 18147 15574 18759 18408 16760 16320 15366 16344 16050 15875 14681 14953 15839 14976 16083 15120 14613 16332 14059 14759 14592 14821 14408 19163 17884 11183 10616 13030 12992 
-271 87813 323882 423203 478459 520687 588226 661053 653234 760926 759144 837360 976027 933854 1081889 1209830 1256400 1399512 1391046 1484606 1465102 1579543 1643929 1756115 1803261 1674670 1835837 1843127 1808208 1887855 1743218 1573833 1603059 1564023 1500401 1354020 1168930 1057140 940813 775943 638704 539010 451703 366402 276909 216624 163547 112808 80869 57959 43405 32957 30257 28731 27121 24482 22761 22432 22194 21137 19868 20636 19286 17792 17476 18410 16836 17984 17741 17172 18488 17743 16777 17192 17202 15813 17529 19542 17670 16412 15630 16186 17417 14529 15420 15438 15156 15122 14994 15861 15755 14189 15015 15407 16475 20518 12686 11334 12305 11900 
-314 100852 315311 424524 472383 541340 556372 640917 701002 737023 820269 769493 947733 1022621 1007022 1200623 1239087 1375779 1456995 1501259 1481115 1552386 1739730 1716621 1799467 1706755 1736847 1866456 1809192 1810300 1818203 1674260 1539370 1546108 1505288 1357160 1218939 1057438 889621 771254 649752 537970 442087 355086 278220 219555 165276 117580 79257 56841 43827 33063 28714 25861 24865 24684 23819 22430 20340 19595 20530 21964 20011 18270 19167 16978 16522 17190 17247 17579 17547 18089 17057 16483 17027 18155 17548 16764 16740 18282 18228 17356 15568 16904 15558 16888 16193 15482 16215 14367 14384 16085 15122 14991 17474 20258 12657 13099 12050 13558 
-308 102554 309394 429865 473210 519919 568299 625645 749160 710056 803816 805844 857859 1097726 1011673 1086995 1280458 1369178 1460492 1505087 1590740 1526683 1727045 1804679 1706655 1690609 1741437 1873790 1811727 1831221 1797377 1665830 1591728 1538367 1462315 1362342 1227356 1058266 899570 757035 650105 539635 426534 351609 284350 213231 160020 120953 84304 60365 43699 34566 27908 24110 23838 21814 21557 20985 23364 19920 18782 19515 19298 18977 19259 18522 17173 20112 16512 16624 15651 15732 17031 16588 17805 17891 17089 17894 18504 17462 16166 17437 17834 16768 18140 16664 17264 17369 16374 14103 14765 14352 16137 15511 18125 21791 14024 12792 11637 12792 
-309 87653 317655 410358 473936 509984 603224 641324 684523 738032 743979 929795 834157 916628 1116251 1090028 1256158 1371658 1504734 1480625 1598040 1602099 1699491 1851645 1660209 1663828 1758010 1867804 1829960 1869912 1795604 1608391 1581547 1561423 1473798 1382417 1179012 1040544 943048 773119 638552 527147 425718 353064 278599 209150 156542 119103 86456 62521 47278 35823 27462 26134 23773 20562 20233 19474 20726 20603 18625 18146 19352 18149 18504 18672 18786 18427 18096 16630 17102 17125 15979 15040 16190 16360 16272 19388 17466 17829 18279 17302 18226 15395 18308 17556 19325 16979 16134 17178 14590 16119 15411 14440 18858 21120 13105 12713 14777 19091 
-343 78297 321661 404482 477611 558868 565742 640793 639223 770189 772809 855467 910283 805186 1106786 1183310 1243169 1367068 1514347 1498996 1486050 1696677 1727429 1830318 1670510 1645544 1754220 1826224 1935629 1877520 1742151 1626046 1524656 1554657 1508349 1365372 1188506 1055759 925762 788856 642796 518100 435077 353205 267481 204207 153278 118556 87339 64852 47611 36631 31486 27667 23690 22625 19470 17335 18467 17812 18160 18661 17302 18481 17631 17232 19062 18625 18229 17793 17836 17744 17397 15392 15545 15799 15730 15827 16853 16650 17845 19179 17739 18263 16280 18472 16953 17856 17538 17413 18114 14990 16385 15832 17645 22865 13419 12093 14118 13025 
-267 91654 317300 441263 473584 543908 562201 620696 674463 715392 821069 749664 962833 902198 955634 1236429 1315029 1392719 1393603 1550108 1504914 1691934 1764922 1727119 1689678 1659503 1831238 1806824 1941592 1928667 1650125 1594775 1563514 1551991 1472845 1338924 1250385 1084958 897528 772394 653712 528202 439067 348681 267480 205310 148656 112999 89180 62623 47697 40730 33465 26920 25770 23123 20609 20733 17048 17377 15444 17110 18252 17105 16560 16664 16870 17433 18372 17563 17481 17550 18336 18465 16940 15447 16864 15697 14008 15904 15802 16687 17710 18858 18178 18283 18517 17446 17067 17095 16685 18166 17866 17401 18708 20506 12641 12947 17599 15577 
-360 97384 320369 436674 468791 510564 582528 614115 689598 654311 821143 808888 810134 1051339 990237 1165610 1345353 1435693 1348307 1491082 1609066 1634265 1817082 1626109 1654970 1730641 1888604 1893426 1887653 1855256 1652043 1565822 1600517 1560101 1443256 1371514 1234894 1083614 920532 764519 645382 547869 430904 340801 269457 212361 150634 110822 85667 61648 47961 39470 32917 30017 26926 24983 21755 21257 17519 19687 17003 16983 15608 15354 16824 16770 14957 16043 16829 15727 18162 18720 15876 18403 17237 17366 19069 16486 14536 14779 15737 15567 15750 15873 16597 18625 19367 18310 18430 16437 18140 17677 17201 15697 22202 23988 14426 13297 14280 16192 
-349 75059 321976 409400 470647 533489 571275 592060 653149 692209 735128 918240 785254 983436 1131586 1132890 1290903 1399962 1454676 1399132 1678265 1660101 1755781 1636578 1557987 1782567 1936712 2014644 1898351 1696167 1613301 1597629 1592055 1572659 1505289 1363078 1200049 1069860 935438 796097 642169 533804 426484 342116 269546 213480 156658 116357 83581 60877 45376 37715 32460 31454 27278 23518 23183 22234 21541 18821 17753 18038 16322 15231 15906 15741 14322 15097 15421 14888 15220 16826 16744 17324 17953 18628 17596 17061 16735 16507 14759 15247 16778 15074 15060 14669 17057 18201 17280 19392 18291 17897 18364 17608 19256 23257 14353 13347 17976 20792 
-314 76760 319740 428237 472991 505348 564185 579834 617991 787149 691084 838725 930773 890721 1168505 1166686 1277865 1315503 1497742 1456533 1636987 1755629 1594020 1635856 1584260 1780780 1969749 2097556 1868528 1640289 1560269 1550496 1613016 1657800 1553599 1317828 1190532 1076435 931682 808479 651388 513600 432389 348630 264081 209529 160805 121784 86203 60603 45691 36626 31621 29224 27995 25509 24413 21787 21733 20897 18948 17915 17447 17581 16375 15420 15559 13998 14728 16304 14950 15297 14129 15683 15947 17207 18562 16629 17980 17714 16554 17298 15469 15601 14703 15502 16541 14499 15820 15551 18690 19053 18467 18060 20395 22840 15188 15002 15966 15478 
-360 74097 303487 423198 465942 490703 536321 620799 620415 714075 795944 737916 995329 958505 1045300 1222706 1300113 1277522 1418486 1668478 1530403 1731549 1587552 1583895 1657289 1789656 2011451 2026600 1832941 1621550 1585451 1598206 1631927 1637076 1513850 1366056 1210798 1061786 933033 790267 650062 523840 433349 347129 271075 207313 158823 121796 89966 62429 47292 37107 31370 28018 27007 25933 25540 22553 21687 18598 21199 19449 17529 19560 16579 16553 16749 15714 15459 14714 14393 14080 14763 14974 14657 14749 15269 18025 17382 15822 18875 16498 17850 16290 16005 16590 13598 15918 14618 15225 15205 17035 16298 17188 23271 22795 15128 16469 16965 15924 
-293 57028 284686 401810 439573 511471 541376 606601 648631 661727 854142 783791 845880 1048314 1061526 1203055 1242890 1382028 1404583 1636662 1554553 1579638 1693525 1603749 1696299 1799577 1985190 1928266 1770647 1622381 1684455 1760318 1638674 1493392 1464843 1436168 1225184 1084164 925070 757615 652854 535991 432117 349093 277688 207784 156215 119661 88684 64337 49918 40233 33902 28939 27259 23041 24386 23689 22626 21401 19692 18360 19050 18566 17910 18924 16023 16636 17741 14508 15283 14496 14651 15563 15016 14101 13651 14665 15857 16203 16540 17518 17102 16825 17241 17281 15919 15788 14598 15166 14604 15093 15635 15172 18687 20962 15615 18837 18680 16802 
-331 73244 270137 399039 459575 496431 557230 567160 694415 691009 736028 892786 818207 1000546 1113177 1187804 1247545 1423987 1466484 1429067 1612814 1561977 1669458 1682386 1789894 1787353 1843923 1854378 1723607 1759783 1777912 1747589 1630314 1503300 1448052 1374602 1242835 1109691 924295 766195 652952 527378 430371 353153 278517 209292 160712 121852 86035 63307 47824 41146 37034 33412 28341 23879 23413 22127 23075 20292 21130 20746 17395 18884 18061 18688 18210 16469 17151 17415 17319 16290 14662 14847 14557 15053 16143 14174 13582 13879 14363 14822 16957 18766 18028 16723 15951 15973 16753 16180 15428 15153 14269 14065 17160 21525 12648 14946 16697 15213 
-294 72882 272861 398236 466693 489693 546491 604961 660304 727560 691516 854903 933200 928384 1081800 1224098 1337873 1306129 1491547 1374694 1554915 1667288 1605397 1739955 1813969 1797295 1756038 1797015 1790088 1835724 1784754 1678571 1651770 1583743 1444210 1323303 1230454 1069899 941505 817595 642188 522760 434453 353809 270044 212014 161464 122735 90458 62682 47259 38558 35637 32621 30304 28329 25778 23911 20563 19742 21348 19532 20542 20344 18502 16340 18278 18586 17350 16637 15847 16596 16964 18031 17083 15051 14236 14867 15434 13415 13632 13370 15175 15787 15713 17528 16170 17174 15863 17278 18002 14637 14605 14184 16783 20301 12291 11896 15271 17444 
-323 80410 282782 387293 454695 518355 538598 620950 628778 691596 773329 784992 952494 970459 1083115 1202285 1333626 1271421 1423319 1493196 1454903 1678046 1650836 1723217 1775805 1768780 1763928 1904422 1851584 1751884 1741344 1711121 1687374 1575053 1463314 1342582 1189856 1050070 943768 810637 662585 544714 436311 344986 265492 209103 160752 125356 94114 66754 46957 38263 31837 30333 29222 30178 27087 24395 22695 22256 21581 19392 20248 19108 18281 19255 18428 17768 16471 17876 18069 16903 16667 16420 16847 18632 15768 16151 15709 14644 15462 14428 13746 13859 14014 15030 15636 15955 18351 15013 16985 16389 15714 15845 17594 21074 11772 11505 12251 14631 
-280 78326 272719 406939 451064 523379 541821 578760 653945 672776 815133 801165 877480 1046989 1098697 1129959 1266334 1363684 1345695 1554475 1507123 1508126 1702595 1737299 1730115 1770069 1835855 1988996 1840510 1708409 1766580 1715683 1653785 1570486 1479016 1354307 1189888 1078120 918390 776815 669532 568328 448876 340658 263702 207954 160056 123095 93091 70460 48685 36800 33571 29819 28175 25284 25893 24838 23426 25057 23097 20799 19936 20246 21324 17462 19252 17551 17139 17885 17611 17652 17549 17804 15651 16851 18768 15301 18230 16850 14771 15909 15506 15354 13979 13824 12722 14024 15753 17487 16109 16650 16598 14931 17595 20880 12592 12326 14787 13842 
-332 64352 277536 405715 457259 504565 549897 558143 662054 713819 756754 864262 875271 1002102 1084987 1153955 1170858 1442580 1424262 1394866 1634304 1480761 1591020 1725297 1755135 1883630 1877076 1911843 1852140 1771554 1788146 1704609 1577978 1566691 1476058 1358923 1253020 1077245 897676 771425 674900 553136 457191 346902 268338 209504 158277 121680 92974 68310 50743 39077 32804 29689 26617 26709 23823 23432 23645 21890 21700 22878 22061 20616 20148 19929 19428 20017 18328 17183 17229 17155 17026 17437 19507 17287 16870 15766 16033 16808 18409 17576 15973 15679 15544 14672 14521 13934 13601 13982 16066 16320 15094 15285 20006 21565 11879 11209 14685 14215 
-263 68066 301659 392598 448271 486823 555546 601217 626439 732292 763371 867781 889300 933309 1049276 1211871 1227285 1316096 1549314 1387026 1532947 1529302 1505617 1688535 1875657 1913846 1892003 1878140 1822512 1830572 1825329 1684701 1564230 1515681 1471048 1395693 1267684 1079697 910136 787288 660230 549401 444769 349778 272995 217688 165022 117871 89434 67748 49001 39892 34570 30346 27344 24066 24732 23453 22455 21653 20183 21389 20975 21431 20711 21382 19900 19441 19965 20273 18577 17875 16968 17692 16779 16782 19069 17364 18000 17036 16385 17035 16600 16461 16297 17387 17225 15781 14513 13737 14297 13451 15522 14796 18456 19745 12788 12617 15756 17708 
-354 72439 289591 388356 437116 506189 548554 621219 632386 702730 800406 819410 878492 945957 1058574 1170563 1312791 1309028 1436452 1518528 1370897 1525529 1599432 1627367 1958473 1895690 1894008 1920614 1815998 1778878 1809970 1738621 1550664 1502310 1493281 1389881 1227557 1104590 958428 787195 652445 547899 436277 341648 269854 223159 173287 122015 88170 64876 47734 38589 34016 31943 28851 24100 24017 24227 21751 20120 21066 20167 19342 20060 19358 19898 20473 19984 19116 19963 20110 19957 20399 18119 18149 16403 16530 16732 18887 17900 16653 18180 17374 16703 16901 16906 15873 17242 16866 15852 14922 15535 13621 12411 18673 21377 12241 13155 12789 14234 
-303 80561 281188 394529 427972 525966 552372 594997 674438 686254 765500 804860 893984 963355 1092201 1152801 1267157 1406717 1269684 1478194 1485523 1466406 1687904 1641502 1836606 1978553 1933668 1868282 1832228 1784335 1757265 1729879 1588586 1547845 1479963 1347014 1233580 1114091 959293 799618 672347 542670 427506 342691 271286 214322 174657 127927 92404 65590 49576 36328 32242 28407 28532 25716 23748 22689 22186 21357 20651 18803 21141 19501 19460 18437 18316 19593 18775 19680 19110 18820 21610 21136 18988 19309 18020 17852 16930 17027 16905 18337 17393 17316 18550 17172 17038 16830 16603 17260 16200 18191 14498 13765 17839 20141 11158 10665 12695 17259 
-315 79315 280055 388226 448070 506316 568966 600269 667678 666368 721733 839163 910527 1020639 1048548 1195837 1197336 1320607 1357990 1330775 1644679 1555190 1574251 1731581 1766641 1979685 1972884 1880222 1776363 1775068 1791759 1689171 1637207 1569172 1457711 1356372 1231137 1093397 948238 820101 681980 544786 434689 345233 271956 209279 164190 128950 95749 66547 49026 37135 31594 30919 26642 25092 24474 23781 21506 21134 20501 20114 18938 19563 19488 18535 19215 17883 17498 19556 18022 18945 19884 18353 20390 19969 21366 19360 17711 18844 16848 16413 17290 18662 19202 18930 17687 17128 16753 17147 15644 16399 16497 16082 20603 21784 11986 10851 10768 12984 
-282 73432 294853 400678 441485 498165 576153 591981 627593 691790 721559 867194 894938 1042644 1097030 1096886 1212335 1184169 1460876 1441275 1512757 1693538 1489568 1747714 1885990 1816750 1976229 1933705 1750850 1729315 1840278 1740940 1619326 1536348 1480268 1394240 1223573 1070137 945723 813971 670984 569752 451846 348085 269620 207743 158448 124520 96163 67594 49283 38092 32379 30170 26066 24659 23185 23319 20945 20613 20844 21138 18553 19317 18456 19157 19321 17426 19442 18103 17684 17857 17818 17511 19857 18497 19860 20607 19889 20049 19301 19093 17573 17321 17559 17825 17703 18188 18058 19090 16793 17076 15726 15900 18135 21811 14500 14218 17854 15977 
-322 84436 307461 389011 440667 504742 550093 581108 611548 727887 765356 825140 938276 975116 1136005 1017610 1204460 1285302 1324224 1615570 1453656 1639498 1630057 1646138 1923393 1817651 1875371 1920147 1848253 1720200 1818530 1768868 1624081 1545695 1478352 1383311 1222014 1091986 939835 785507 677182 575375 460514 357357 272360 208425 158698 121333 90869 65229 47939 38724 33050 30445 27180 24387 23666 22693 21327 20245 20204 19081 18159 19700 20728 18491 17306 18966 17193 18693 18745 18349 17339 17839 18894 17153 17815 18796 18143 20934 20780 19697 19510 19193 19353 17664 17467 17327 18791 18951 16287 19091 18788 16717 18996 21446 12594 12829 13629 15600 
-296 84655 293141 400495 438342 476116 524035 610337 638205 705763 823223 784545 951070 936520 1028577 1163305 1132292 1381390 1316880 1511323 1649324 1476557 1704956 1643530 1832443 1934204 1794632 1880449 1897436 1785106 1742349 1756484 1664731 1581850 1452999 1334237 1251108 1108790 927758 794337 679601 560997 461411 367297 283721 209908 156550 120070 87762 65029 44938 37779 32995 28628 27201 25751 24094 22251 22855 20867 19683 18837 18925 17890 18261 17973 18580 19095 16673 18580 17242 19223 18064 18534 17594 18947 16950 18374 16114 17191 19487 19463 21071 19693 20331 20218 17938 18544 18942 17075 18724 17926 17920 17390 19519 23154 15888 14538 16593 14538 
-292 74063 292851 399277 408752 474513 534232 614554 693917 685180 800112 812226 853500 995543 962290 1225757 1214180 1252308 1473668 1368446 1678770 1613603 1565377 1715604 1725719 1925781 1882934 1873535 1862343 1803295 1691270 1792370 1706474 1538301 1465523 1349816 1220889 1096911 956255 813797 670346 553058 457719 369343 294217 213866 153986 119641 89200 62803 45820 34349 29646 29381 26581 24801 23972 22398 21763 21075 20954 20293 19688 18798 16454 17236 17035 17698 17741 17588 18675 17872 17221 20422 17786 17585 17024 18272 18010 16727 18322 17285 17347 19300 20242 20444 18563 20965 19725 17856 19100 17648 19661 16950 22145 21223 14569 15427 19544 18030 
-307 82551 292975 376411 416179 476725 582632 599485 680036 713631 719998 863274 809789 1012266 1058970 1061159 1356324 1202975 1459097 1543678 1427579 1714041 1601997 1643512 1735492 1847873 1930183 1956919 1821254 1750308 1741513 1776326 1718574 1532607 1474704 1372537 1184912 1080004 985780 816886 669881 561054 459033 367107 291803 216736 156574 117377 88104 64582 47234 34689 27106 28367 24452 25284 22475 22493 21499 20502 20883 20434 19276 18150 18368 18421 18261 17421 15786 17352 17395 16958 16874 18745 17788 18743 18760 17402 17763 17222 18438 17332 17620 19073 16995 18874 19593 20650 19561 19362 19036 17654 18995 18548 20404 23648 15759 15929 17085 13203 
-324 71800 283061 380108 444424 501294 564056 607596 637295 748070 685727 831641 941440 883706 1123027 1076209 1244665 1419044 1306210 1578445 1498839 1585807 1643029 1578066 1825049 1853332 1889399 1952246 1845010 1710955 1789846 1771212 1676624 1576240 1461638 1335004 1215955 1095194 955419 820715 687992 563203 462129 368716 283643 217350 161563 115879 85892 66029 47745 37276 27321 26140 24702 22878 23657 20014 19410 21606 19354 18953 19699 20116 18580 19155 19061 16439 18747 16875 16390 15648 16706 17417 17291 17278 17384 18045 18108 18102 17288 17770 18892 18461 17518 18343 17728 17125 18360 20330 19883 19181 19109 17161 19961 24149 15390 17318 19738 19419 
-252 69149 292658 410092 440305 510934 535472 626713 622207 683534 784964 785935 971659 921659 1000078 1198842 1180155 1443746 1410452 1377589 1599201 1542303 1626055 1597533 1836388 1927911 1840759 1872714 1870889 1732301 1787858 1822564 1630415 1539755 1459071 1347743 1249212 1099615 940914 809750 697895 569291 467676 365598 282021 213115 165609 120660 84033 62497 48561 38342 29820 27691 23120 22228 21770 20010 20512 19193 19947 17829 18699 17322 20089 18694 18545 18061 18074 18592 16391 18037 16794 16183 16054 15793 17072 17111 16325 17435 18580 18299 18922 18263 17876 18563 16428 17810 18611 17663 17853 19082 18709 19113 19844 22238 15585 16873 19747 17237 
-374 89956 291296 410436 444641 491473 557831 575491 652149 683609 815013 820564 850533 1020975 997408 1176416 1255361 1272443 1518348 1369548 1549186 1574106 1600410 1671766 1758734 1941106 1867864 1884094 1803307 1746863 1801694 1818567 1650402 1510785 1433398 1384947 1270836 1075620 948110 827247 681172 575499 468352 363365 285329 215528 164890 124501 85921 61883 45449 38058 31919 27764 26491 22277 20964 19358 20357 18996 18302 17974 17635 16220 18173 17663 18476 18868 18468 16667 20017 18302 17732 16804 16353 16012 16882 15671 16859 15960 16209 16830 19228 17719 20493 18547 17263 18235 15861 19017 18539 18194 17915 17610 22729 24572 14618 13643 14684 18161 
-266 73766 291193 403813 454197 482120 545921 589111 662777 736737 740529 841234 863967 993445 1114093 1052042 1273367 1293614 1406704 1483283 1520025 1644287 1553800 1650519 1781111 1909431 1855513 1947808 1793011 1703706 1773498 1802320 1650036 1543353 1483010 1360730 1243835 1095344 955688 822152 689811 564760 459972 375151 288330 217696 163965 124633 92462 61497 42633 35175 32081 29445 24999 24137 21647 19919 18890 18638 19151 18723 17659 16217 17246 16445 15408 16914 17700 18111 17409 18154 19220 18511 17457 16290 16359 15996 16669 15812 17249 16112 16576 15876 17460 18314 19981 17683 19396 17796 16170 16798 17708 18364 20496 21737 15254 18289 19647 15122 
-228 70061 315677 399482 446206 497013 532831 643052 650688 706935 753547 813094 922611 986500 1096937 1067659 1212055 1346205 1328597 1541978 1645419 1555822 1569067 1639131 1745310 1930475 1878083 1894627 1827885 1688080 1709483 1779894 1668530 1562289 1511033 1362031 1237385 1100373 959424 821635 682976 568468 457745 375617 291703 223285 169222 121460 90336 65772 44618 32894 29481 29033 26167 24275 22913 20780 19814 19533 18504 18040 19284 16725 16069 16767 17229 15517 14713 15617 17393 17224 18202 18303 17321 18907 18659 15825 16124 15869 16160 18522 16161 17111 15216 15800 16837 18423 17807 20195 18363 16655 16633 18029 18493 19763 16989 19274 19704 18568 
-284 86540 308653 406938 451342 519299 560605 602282 663750 668662 797106 853332 884930 960670 1037559 1192603 1140177 1332192 1426289 1501201 1696026 1572366 1554026 1566795 1757422 1926697 1896381 1881078 1828219 1667937 1656058 1759969 1738477 1556243 1449062 1414154 1267190 1099314 944889 814867 680667 575624 463804 373554 295770 226288 173841 121799 87644 65184 46590 35503 30828 25735 25087 23586 22906 21174 21141 19773 18531 16996 17619 18019 17961 17291 17788 15497 14932 15318 14856 16379 15556 16949 17059 18407 18886 16841 17896 17504 15832 16612 16510 17827 17840 16240 15246 15467 16679 15288 18255 19858 17239 17689 21504 19817 15948 15581 14604 15469 
-346 81865 294786 406768 491157 518372 536764 588623 666751 723708 769981 852077 856719 964730 995500 1194333 1227604 1304597 1507155 1505046 1584727 1622185 1597249 1541248 1733802 1897763 1916699 1872191 1814087 1637685 1614977 1775663 1751134 1573610 1454447 1408609 1271881 1132650 940226 798341 683539 576308 466407 384065 302466 226691 169891 124263 89343 62747 47337 36591 31637 26572 24776 22869 22298 22263 19716 19631 19875 16532 18983 18102 17865 17351 17934 16648 16175 15556 15248 15840 15435 14169 14691 15935 18341 17388 17216 18255 18441 17624 16645 17063 16787 16359 16494 17625 16098 16174 14634 15526 17686 18355 21133 22663 14865 14386 15005 18205 
-258 75267 310582 422253 472111 513167 530416 616006 666371 754906 726286 814476 877765 956113 1010051 1145403 1344677 1364928 1412366 1551520 1605507 1537978 1638587 1602382 1656627 1868269 1927742 1842675 1774704 1670213 1646969 1711321 1711469 1622088 1500969 1381115 1247305 1126218 967638 813438 680448 566178 470063 392567 309545 229539 165907 124227 90706 65706 44863 36182 31790 29355 27027 23214 21219 21295 19479 18786 20642 18420 17301 17395 16987 15762 18185 17357 17592 17750 15937 16127 16920 15291 13789 13438 14092 15674 16196 17610 19405 17449 18704 16613 17892 16874 15653 16345 17049 17100 17115 15568 14832 14023 18973 20297 16118 16034 18656 17207 
-328 101294 315273 406612 462463 516755 556090 623346 676671 703866 738376 775962 889590 954311 1107280 1140206 1299927 1405324 1419731 1500969 1675854 1606055 1516995 1609101 1680462 1853793 1828122 1856202 1839730 1654831 1608532 1675940 1743167 1621286 1490384 1394895 1247401 1090758 970318 848014 694700 569259 463785 389494 313527 234996 166558 126210 91883 66330 46241 36245 30688 28057 26138 24260 24014 20358 21223 19735 18665 17531 17089 18290 18254 16885 16721 16515 16989 16226 17367 18201 16937 15790 16728 13487 14791 15048 14384 13712 15104 16883 19003 19803 17997 17304 16646 17187 15987 16084 16481 18039 16291 16648 17180 20401 12989 13776 15043 16175 
-343 78866 298420 398990 466750 533784 579059 612806 626331 693453 759172 770597 895045 989147 1150840 1194207 1194673 1365894 1515692 1528749 1602965 1666999 1514189 1592669 1649988 1796382 1809826 1869502 1874849 1666279 1582902 1678012 1726385 1612604 1490338 1370594 1250565 1099452 980005 828664 707912 595219 478180 375525 298150 239091 176704 125919 95397 64989 46792 37483 32690 27083 24530 24643 23631 21809 20800 20956 18662 18816 18086 16767 16548 16527 16979 17893 17487 17627 14171 16584 16887 18674 18220 16207 15716 14829 14079 13838 14146 14177 15533 17732 18058 17785 18481 16267 16812 17143 17097 15663 16657 15390 19479 22942 14583 12411 12735 11259 
-317 77384 298965 409272 490946 530492 555637 597693 627564 670793 763436 822785 916159 1029406 1085184 1227975 1226629 1332501 1507862 1621120 1571565 1557009 1623130 1581795 1585947 1730406 1874675 1833763 1802628 1763702 1659237 1624088 1650103 1622887 1513303 1348660 1228560 1121797 983483 834921 705354 600469 493869 378647 290889 232076 180041 131644 95344 66500 47492 38115 34279 29124 25652 22549 21673 22083 20976 21882 19660 18945 19011 17591 16987 17700 16905 15312 16733 16073 16862 17547 15592 16350 17015 17462 17015 16100 16981 16170 14492 13945 14373 14307 15720 16526 16278 17180 19001 16459 17637 15672 15786 16114 20259 20354 13454 14162 15966 12351 
-353 76781 303659 426867 469674 514242 545064 587875 640797 670003 777181 884367 918202 1018163 1068515 1207951 1311037 1385479 1413743 1529150 1652417 1619846 1593538 1523801 1601767 1741768 1808058 1845022 1829800 1784476 1661474 1623805 1650839 1556058 1482745 1392383 1241578 1094566 967836 868127 713766 587224 486209 390751 300388 227537 178239 130054 96794 69465 50214 39197 32956 28937 28288 24361 21838 21168 20165 20496 19845 18110 19498 19567 17452 18255 17224 16865 16447 15958 15415 15910 17154 17277 15271 16191 17282 17214 18035 17540 16209 15192 15716 14057 14840 14226 14157 15318 17373 15449 17074 19246 16703 16363 17837 23339 13920 12356 13150 16728 
-295 86503 317982 402545 453251 503840 550188 587080 646524 726834 776922 875990 927817 997084 1126828 1178543 1354352 1385161 1374547 1477488 1645396 1679532 1541032 1578811 1620742 1710625 1752188 1879921 1904738 1699996 1671189 1660918 1613970 1564619 1475431 1362067 1261499 1101590 960615 853925 722035 588246 477811 384724 311587 233966 180809 129563 93682 69538 52961 40076 32871 29590 28551 25787 23268 22225 20271 19759 18819 18160 18135 18872 19104 19776 18293 16606 15907 16249 16317 16679 14873 16244 17542 16801 15531 15260 17409 17997 17370 17774 16862 16173 15282 15424 13243 12790 14566 15664 16382 17149 15827 18126 20529 19279 14071 12547 13576 16568 
-338 80880 288191 399972 449957 504418 549180 598702 679183 754829 776457 824736 946364 1031347 1166692 1177287 1274904 1376439 1439539 1544555 1463401 1614846 1676276 1622861 1604034 1703162 1772667 1811593 1913015 1762629 1637029 1591033 1623874 1602873 1490300 1342535 1240349 1126694 956719 837307 709091 585209 482284 384551 307423 239310 187460 135488 91698 67485 51278 39100 36202 30207 27212 25516 25239 22344 21527 20164 18650 19498 18868 17931 17103 17179 17304 18401 19124 17628 17147 16137 16579 16435 15307 15093 17046 15650 16116 17111 17276 17510 17698 17460 16673 16037 14922 15717 14707 12832 13924 14931 16374 16674 16915 22515 13414 14101 17602 17326 
-271 76991 298047 402304 444342 503652 570804 633875 681001 732843 786602 819431 954684 1098495 1130606 1157103 1219841 1459719 1433286 1449438 1468377 1617383 1723085 1624384 1664797 1693091 1790890 1776099 1849566 1837480 1636734 1532082 1606722 1591061 1501489 1391442 1234856 1103088 954410 822604 699651 578296 479435 386894 308869 237540 189410 138360 98084 68729 49997 38457 32672 29152 27178 28028 24590 24653 22549 20412 19071 17771 18863 20067 18391 16623 17434 17010 17565 18868 17496 16466 17222 17544 16882 14808 15834 14759 14644 17880 17775 17893 16682 16910 17975 16620 16801 16364 14948 15604 14691 13645 12401 14008 18221 21393 13339 14079 15610 17445 
-336 88601 296577 396838 455795 509837 592743 643024 664482 727281 783633 881252 952985 1060923 1089571 1207647 1265624 1352156 1423640 1399463 1545168 1596103 1713367 1725588 1661166 1673414 1775086 1835756 1779627 1802885 1711289 1592795 1512394 1531190 1540262 1433019 1258438 1076635 947447 804244 679496 590339 474545 375520 307321 244659 185229 142982 103024 68310 53221 38853 31899 27252 26787 26561 24213 23203 22933 22108 20239 19922 19097 19259 17096 17540 18054 18875 17593 15499 17567 17364 17981 16693 18443 17358 17003 14685 14901 15596 15482 17171 17990 17397 16277 16549 19037 17815 16123 15759 14941 14747 15077 14206 17438 20176 12728 11113 13875 16441 
-333 78543 297331 412434 464624 538020 569391 629044 680379 738976 805656 909924 915096 1001088 1123691 1203512 1337307 1197819 1428541 1495488 1492771 1590241 1750122 1790744 1642579 1688754 1763402 1837803 1766676 1800769 1718001 1595136 1530281 1527172 1479814 1423501 1265591 1104656 933639 790297 676221 581892 470829 372456 299703 240786 190891 142228 103166 73150 53035 41044 33157 29039 25745 23347 22094 23114 21386 22018 21597 22077 19505 19356 17875 17973 17032 17659 18006 18968 16940 16042 16509 17442 18310 17776 16030 17966 14924 17104 15784 16621 15635 16562 17175 18747 15452 17443 17665 17335 16777 15701 17448 13487 16774 19530 11262 10417 11747 12296 
-379 98286 318807 425187 483644 506966 567220 631913 695769 776800 788758 862942 922312 997168 1181819 1110360 1292730 1324285 1339151 1495342 1492828 1607754 1750425 1797213 1688010 1703947 1756041 1773335 1787269 1846879 1700528 1571492 1578038 1533959 1460403 1356936 1243048 1126455 947431 790323 673855 568006 462371 370601 295024 235307 189673 144853 103547 72653 54952 41187 35157 29458 28667 24591 19785 21428 20860 21059 18332 20176 20614 20155 19886 19514 16940 17553 17048 18541 18046 17120 17078 16266 17276 18327 16074 17817 16764 16859 16260 18172 16192 15629 15650 16069 17413 16787 16418 17367 18292 17344 16749 17473 18986 20771 11549 10073 11324 12191 
-355 89639 328436 428945 461651 506968 579014 642909 718202 752419 758584 852179 977588 982107 1110490 1144652 1197711 1462292 1354573 1423953 1540010 1593671 1775684 1762801 1697569 1719155 1743272 1783733 1820022 1865706 1715408 1563224 1546519 1563874 1466447 1323569 1215190 1099154 962621 809894 662162 561924 457495 366918 291449 231686 184682 144509 101597 72785 55942 43045 34179 31426 28539 25528 22291 20806 20741 19212 18886 18516 19226 18082 18414 20606 19840 18203 17946 18465 16402 17575 18820 18409 17321 17073 16739 15458 17443 17917 17303 18045 16639 16339 16133 15172 15954 14663 16072 18903 17873 17320 18080 15597 22298 23136 11952 10707 13358 14613 
-299 92691 325912 419204 466691 525618 589362 649285 675774 724390 804404 850398 960570 1000208 969901 1253065 1259544 1315637 1490142 1427186 1516896 1588020 1758111 1778296 1642179 1658342 1828182 1834747 1835926 1885735 1689908 1570308 1581805 1541297 1442136 1342821 1214570 1067302 950566 802629 665687 565932 447853 367646 291923 228302 179417 137571 101697 73753 53313 43062 35020 30816 27948 26682 24542 21623 20621 20873 19399 18556 17380 17000 17707 17192 18699 17441 19765 17014 20317 18063 16472 17089 17648 17221 18601 16998 16340 15756 17761 18674 17104 17627 17918 16395 15258 14677 15894 15483 16821 17872 17043 17227 19870 21206 14496 15837 17129 15097 
-395 80959 300161 430119 494599 529836 583862 610243 652758 732045 854945 859124 836205 1058087 1027761 1138524 1381301 1265061 1470451 1511202 1490702 1616690 1724519 1740165 1636009 1644800 1811326 1919326 1913320 1841514 1654998 1559959 1580700 1560167 1467544 1335511 1219920 1066466 918524 789232 664654 555975 452505 370398 293173 228866 173589 129279 96537 75302 53137 41551 36963 30454 27812 26957 25271 22799 21124 20045 20757 18585 17874 18261 17664 17763 16725 15041 16868 18678 17923 18721 18934 17292 17427 17141 17724 17939 17806 18304 16437 17506 17341 18278 16958 16436 17436 17571 15084 15406 15461 15694 16178 15886 22238 24652 13938 13947 15495 15264 
-303 71729 316866 448755 487611 530146 536498 596189 683484 759267 803097 887907 817806 979904 1185101 1068566 1311411 1412985 1358975 1522691 1524000 1651695 1730811 1650938 1650381 1693630 1785152 1934918 1977682 1791997 1651489 1549183 1562899 1605235 1504774 1340603 1223138 1047206 896114 791373 652144 539047 452886 377123 291540 227424 170411 127392 96481 70487 52116 40341 34898 31858 29709 25699 24555 22435 23189 20325 21677 17958 18186 18061 17369 18041 16909 17508 16364 15103 17110 15442 19145 18238 18245 17508 18256 16726 17526 18203 18314 17802 18295 17048 15817 17048 19654 16918 17425 15927 15610 15880 14687 13763 17979 20502 14716 17582 21164 16788 
-295 80290 321099 447481 476627 486726 542641 631160 673459 761329 762431 837105 982347 879919 1139788 1248182 1134559 1428299 1428005 1460418 1577071 1658120 1746456 1670299 1595827 1704121 1871828 1888705 1926598 1800561 1613782 1579675 1604870 1588246 1528778 1386499 1190723 1052217 901661 761043 649827 541880 443925 359465 291924 229535 173960 128935 92959 66207 49355 40419 35414 32365 27256 26115 23092 24132 23535 20559 20698 20507 18473 18737 17971 17061 16967 18287 17264 17132 15921 15753 15873 16104 18272 17547 17412 16839 17670 18323 17248 19099 19151 18158 16978 16135 15963 17897 17963 17323 18017 17048 16292 15149 17875 19830 13302 12506 14234 14148 
-303 92802 329359 424781 444878 513020 559878 640044 649395 702413 832196 818577 974464 997374 979051 1275141 1233340 1258351 1493660 1460437 1618646 1727168 1694319 1656002 1657880 1698739 1851022 1881710 1870527 1741257 1640611 1642108 1599016 1609243 1545875 1387397 1205065 1057877 908268 753173 640567 542227 432978 342693 283254 227870 175049 135382 95812 65307 46669 39375 32550 29847 28953 27380 24238 22471 21087 20789 21630 20220 19591 19708 18484 18260 16676 16247 17949 16901 17060 17312 16385 15170 15360 15573 18082 18499 16851 16343 17547 17464 18670 17940 18409 18235 17139 17032 17749 17541 17136 18338 16054 15827 20132 21525 12631 13658 12261 9779 
-315 94175 306339 408192 469743 532418 556507 592398 674683 702801 826199 886433 880598 1077216 1017327 1049351 1339039 1301075 1408399 1539022 1610938 1775904 1692573 1579978 1695284 1766766 1801988 1846122 1860349 1751423 1632453 1602836 1637504 1643304 1531317 1396131 1236943 1053191 913806 775283 626845 526010 430865 341986 268953 218177 172732 139163 100558 68449 47187 36575 31978 27509 25761 26662 26693 22212 22110 21280 19240 19407 20337 19170 16900 19346 18620 17106 16709 16645 16202 17348 17476 16863 17970 16280 15048 15482 16578 16102 18497 15719 18298 18060 17714 18465 16498 18609 16964 17078 18094 17533 17252 15108 21848 21530 13144 14663 17334 14000 
-292 84149 299082 434919 486316 507850 545377 583999 685050 762013 760224 938254 917148 920307 1111837 1052596 1187601 1431028 1383633 1587128 1687350 1666726 1693791 1624767 1636212 1795158 1815516 1819883 1856645 1764860 1601074 1592482 1665486 1623197 1540132 1420428 1236768 1084220 932020 771115 628061 518718 426035 339395 264785 206907 168108 134527 104907 70924 50125 36956 32076 26220 25239 23957 23939 23211 22308 22102 20517 18292 17657 19164 19282 19472 18205 17214 18118 17334 16790 16722 15828 15755 17903 18380 16818 16666 15611 15755 16889 16887 16661 18216 14699 16917 16805 17670 19157 17482 17310 18347 16759 17377 18813 22713 14619 15490 16076 14678 
-319 90941 334611 420354 460083 505602 537472 633843 686042 741375 816240 837775 970270 900448 1026356 1186151 1119799 1384166 1527961 1529795 1721097 1648489 1607453 1657100 1677950 1760685 1814739 1881593 1843199 1690555 1651006 1649068 1591039 1588459 1565945 1409099 1268085 1112748 934210 760348 642273 527543 419163 333962 259520 207957 167384 128947 96551 72530 52349 39926 32708 28251 24977 24001 22355 20483 19575 21101 21347 20679 18668 18512 17424 16903 18480 19253 17772 16509 19090 15818 16744 16707 17467 15912 17282 16403 16729 16413 17265 16970 16521 17711 15498 16619 15953 14995 17205 17831 18475 17616 17481 17088 18734 21874 14555 16438 18289 16405 
-350 93781 320461 405167 445760 518592 574262 624380 710548 717304 818064 805009 892231 1066507 934932 1153476 1266991 1290275 1572061 1534508 1610770 1707651 1581476 1591302 1689386 1808909 1830953 1888044 1846666 1692720 1616898 1630787 1675418 1574940 1471363 1409478 1301577 1123840 940043 779186 645745 535691 423907 328118 258541 213300 166726 124275 91781 68581 51730 39025 35469 31317 25238 23262 22103 21424 18678 18843 20224 18355 19971 19044 17738 19039 16123 15931 18144 18759 17615 16973 16848 16670 17412 16087 16594 16996 17673 16920 16548 17773 15963 15095 17430 17371 17634 14756 16105 15976 15547 17681 17000 17893 20374 22619 14214 15140 13582 16009 
-286 76545 304296 395158 462626 536737 609828 603154 684404 724947 741211 910860 850156 1020819 1066389 1045327 1353481 1336389 1409968 1640849 1596629 1599975 1609646 1565140 1654440 1877270 1873944 1872478 1851809 1684131 1616613 1616556 1681476 1598777 1462420 1378183 1269385 1123412 973365 802563 657643 529706 428540 337726 265160 211610 167338 124451 86625 64078 48418 39096 34648 30768 28430 25723 22597 22283 19797 19277 18172 17176 17040 18191 18900 18254 17668 17018 16828 17182 17609 17192 17069 17481 15968 17034 18025 16500 16901 16361 17311 16768 17799 16577 15992 15009 16879 17604 17365 16782 15794 14802 15538 15475 19281 21906 14371 14302 17002 17602 
