-9.63992e+06 -5.86442e+07 -4.11508e+07 -1.03069e+08 -9.30353e+07 -3.71232e+07 -1.03467e+08 -1.47018e+08 -7.69652e+07 -8.96778e+07 -7.36379e+07 -9.28317e+07 -6.26589e+07 -8.78732e+07 -9.19585e+07 -5.84742e+07 -1.07799e+08 -8.93152e+07 -1.01099e+08 -1.31205e+08 -6.92375e+07 -9.99711e+07 -1.1981e+08 -1.64156e+08 -6.55763e+07 -6.58313e+07 -1.36052e+08 -8.79493e+07 -6.02694e+07 -5.64184e+07 -9.39966e+07 -1.26141e+08 -1.37604e+08 -1.48622e+08 -1.20567e+08 -9.86709e+07 -8.74951e+07 -8.45753e+07 -9.00155e+07 -1.05698e+08 -1.09389e+08 -1.07589e+08 -1.40072e+08 -7.60554e+07 -6.47345e+07 -1.3561e+08 -5.39931e+07 -3.90842e+07 -1.25712e+08 -1.69523e+08 -8.29639e+07 -1.17098e+08 -9.65017e+07 -5.1824e+07 -5.14445e+07 -5.10237e+07 -5.09277e+07 -8.82824e+07 -1.38013e+08 -1.09954e+08 -1.04297e+08 -5.04891e+07 -2.75754e+07 -9.99914e+06 -5.13617e+07 -1.01301e+08 -1.13275e+08 -1.36489e+08 -9.84139e+07 -6.11733e+07 -3.26956e+07 -1.22223e+08 -1.0344e+08 -8.48013e+07 -1.31231e+08 -7.94168e+07 -4.47883e+07 -8.73038e+07 -9.65637e+07 -4.52325e+07 -9.5121e+07 -1.30256e+08 -1.15134e+08 -8.15271e+07 -1.46163e+08 -1.08088e+08 -1.26876e+08 -6.23103e+07 -4.37096e+07 -1.49682e+08 -8.21201e+07 -1.01982e+08 -1.04003e+08 -5.91094e+07 -8.74807e+07 -6.74631e+07 -7.67381e+07 -1.06558e+08 -6.14934e+07 -2.61689e+07 
-2.2119e+06 -7.35387e+07 -4.3898e+07 -1.21143e+08 -6.46279e+07 -5.43346e+07 -1.07305e+08 -1.29138e+08 -8.10475e+07 -7.22053e+07 -7.87773e+07 -8.81267e+07 -6.21522e+07 -1.53644e+08 -1.48793e+08 -2.28936e+08 -2.86188e+08 -1.84776e+08 -3.01857e+08 -4.33979e+08 -4.10843e+08 -5.15903e+08 -5.26414e+08 -4.64007e+08 -3.33385e+08 -3.84275e+08 -4.23345e+08 -3.82202e+08 -4.44151e+08 -2.42928e+08 -2.53203e+08 -3.421e+08 -3.71334e+08 -2.00007e+08 -2.2599e+08 -1.29139e+08 -1.45686e+08 -8.83078e+07 -1.27055e+08 -1.62862e+08 -1.06432e+08 -1.08972e+08 -1.10746e+08 -8.82021e+07 -9.70259e+07 -9.88485e+07 -6.12249e+07 -6.06513e+07 -1.4357e+08 -1.59435e+08 -8.57549e+07 -1.03062e+08 -1.14188e+08 -5.07209e+07 -3.03328e+07 -6.01724e+07 -4.45386e+07 -8.72202e+07 -1.17697e+08 -1.25929e+08 -8.12726e+07 -7.88676e+07 -2.91064e+07 -3.30866e+06 -6.62402e+07 -1.1572e+08 -7.47134e+07 -1.34738e+08 -9.03431e+07 -7.49001e+07 -7.63035e+07 -8.47096e+07 -9.85521e+07 -8.67375e+07 -1.39622e+08 -7.42887e+07 -6.94232e+07 -7.39025e+07 -9.83717e+07 -2.33944e+07 -8.52417e+07 -1.40644e+08 -1.45954e+08 -4.3908e+07 -1.17799e+08 -1.35792e+08 -1.335e+08 -6.81723e+07 -5.55827e+07 -1.42129e+08 -6.66635e+07 -8.9985e+07 -1.19432e+08 -6.82099e+07 -7.04697e+07 -9.83613e+07 -6.48226e+07 -8.89663e+07 -5.46507e+07 -3.03212e+07 
-2.78805e+07 -6.15768e+07 -7.55465e+07 -9.05332e+07 -6.12275e+07 -6.79329e+07 -1.03458e+08 -1.091e+08 -7.74512e+07 -8.07007e+07 -7.7651e+07 -7.43596e+07 -9.04871e+07 -2.57115e+08 -2.29777e+08 -3.5959e+08 -3.9305e+08 -3.58084e+08 -5.16017e+08 -7.12474e+08 -7.26362e+08 -8.74129e+08 -8.38165e+08 -8.34003e+08 -8.03233e+08 -6.78464e+08 -8.1299e+08 -8.48832e+08 -6.87639e+08 -5.56949e+08 -6.33574e+08 -5.70717e+08 -4.63663e+08 -3.31027e+08 -3.29896e+08 -2.35957e+08 -1.65831e+08 -1.26797e+08 -1.25663e+08 -1.9224e+08 -1.2854e+08 -8.65477e+07 -1.17473e+08 -1.19339e+08 -8.46134e+07 -6.02228e+07 -5.73826e+07 -1.38485e+08 -1.3699e+08 -1.47591e+08 -8.47397e+07 -1.0634e+08 -9.4168e+07 -6.65537e+07 -4.2338e+07 -4.26811e+07 -4.43649e+07 -8.85605e+07 -1.06352e+08 -1.12823e+08 -7.30904e+07 -9.82145e+07 -3.76017e+07 -3.62989e+07 -5.89908e+07 -8.94663e+07 -6.18239e+07 -1.4207e+08 -7.10694e+07 -1.20634e+08 -6.6869e+07 -8.90635e+07 -6.10793e+07 -1.2165e+08 -1.13133e+08 -9.39093e+07 -8.50885e+07 -7.63486e+07 -6.37891e+07 -3.08376e+07 -1.10915e+08 -8.77064e+07 -1.76679e+08 -4.88747e+07 -9.842e+07 -1.06858e+08 -1.40526e+08 -1.11785e+08 -7.35709e+07 -8.33794e+07 -1.01212e+08 -8.49149e+07 -8.12535e+07 -1.13973e+08 -8.20171e+07 -7.83662e+07 -4.71033e+07 -9.07464e+07 -6.02156e+07 -7.12062e+06 
-2.47687e+07 -7.27823e+07 -5.98701e+07 -5.83109e+07 -7.49833e+07 -6.50378e+07 -1.12057e+08 -7.69974e+07 -7.14759e+07 -9.75452e+07 -7.3665e+07 -9.00644e+07 -1.32215e+08 -2.66752e+08 -3.41681e+08 -4.94048e+08 -6.13788e+08 -5.80132e+08 -8.44171e+08 -8.01921e+08 -1.09134e+09 -1.12179e+09 -1.00725e+09 -1.20529e+09 -1.15975e+09 -1.06766e+09 -1.17775e+09 -1.13009e+09 -8.73926e+08 -9.26934e+08 -8.88635e+08 -7.28388e+08 -4.76201e+08 -4.06679e+08 -3.56485e+08 -3.65562e+08 -2.31735e+08 -2.12335e+08 -1.79863e+08 -1.68965e+08 -1.77699e+08 -8.14356e+07 -1.18552e+08 -1.33393e+08 -9.8475e+07 -4.36592e+07 -7.54874e+07 -1.11983e+08 -1.79341e+08 -1.49949e+08 -9.74002e+07 -8.29665e+07 -8.75597e+07 -6.15967e+07 -8.3809e+07 -1.31694e+07 -6.91605e+07 -5.32099e+07 -1.29297e+08 -7.14467e+07 -8.59242e+07 -9.84622e+07 -7.80615e+07 -4.16116e+07 -6.06344e+07 -6.90397e+07 -4.33692e+07 -1.47758e+08 -8.19921e+07 -1.10877e+08 -8.10582e+07 -7.77752e+07 -6.37446e+07 -1.32578e+08 -8.83807e+07 -1.05296e+08 -1.28462e+08 -3.44032e+07 -5.175e+07 -7.24042e+07 -7.8988e+07 -1.01709e+08 -1.39594e+08 -9.31673e+07 -6.77597e+07 -9.31912e+07 -1.23535e+08 -1.52709e+08 -8.32492e+07 -6.04056e+07 -1.08714e+08 -9.40365e+07 -5.7689e+07 -1.34704e+08 -1.04356e+08 -4.20754e+07 -3.64427e+07 -7.88469e+07 -8.67819e+07 -1.76043e+07 
-3.54721e+07 -6.16586e+07 -1.66574e+07 -8.86997e+07 -7.24846e+07 -5.55504e+07 -1.00305e+08 -6.33244e+07 -7.81401e+07 -1.01209e+08 -1.00054e+08 -1.21549e+08 -1.74904e+08 -3.33317e+08 -4.56696e+08 -5.33427e+08 -7.75324e+08 -8.70671e+08 -9.22291e+08 -9.46186e+08 -1.30031e+09 -1.36901e+09 -1.46986e+09 -1.47087e+09 -1.80503e+09 -1.64963e+09 -1.52081e+09 -1.42978e+09 -1.34833e+09 -1.28194e+09 -1.02795e+09 -9.9974e+08 -6.05384e+08 -5.3794e+08 -3.72521e+08 -3.95273e+08 -4.54619e+08 -1.69019e+08 -2.2661e+08 -1.73434e+08 -1.76679e+08 -1.22248e+08 -1.15402e+08 -1.05364e+08 -1.33445e+08 -5.27201e+07 -1.03904e+08 -1.09391e+08 -1.61706e+08 -1.50224e+08 -1.05962e+08 -8.82631e+07 -7.25528e+07 -8.86043e+07 -6.48914e+07 -3.55014e+07 -7.85865e+07 -3.6956e+07 -1.15945e+08 -6.85375e+07 -7.42864e+07 -1.32469e+08 -7.42697e+07 -5.34104e+07 -7.05949e+07 -4.00741e+07 -7.10039e+07 -1.08958e+08 -1.22428e+08 -6.49718e+07 -9.19646e+07 -9.04905e+07 -6.98271e+07 -1.21712e+08 -1.00204e+08 -1.04347e+08 -1.23565e+08 -3.45806e+07 -5.4006e+07 -8.32827e+07 -6.77413e+07 -1.19777e+08 -9.38177e+07 -1.12598e+08 -6.94847e+07 -7.81901e+07 -1.53122e+08 -8.73351e+07 -1.20788e+08 -7.52376e+07 -9.53817e+07 -9.80342e+07 -8.66036e+07 -1.13637e+08 -8.16892e+07 -6.5977e+07 -2.84355e+07 -4.12456e+07 -8.59256e+07 -4.60531e+07 
-2.22906e+07 -2.03292e+07 -5.60272e+07 -7.68285e+07 -5.64714e+07 -7.2586e+07 -6.28748e+07 -7.34708e+07 -9.2294e+07 -1.11753e+08 -1.41732e+08 -1.44437e+08 -2.95448e+08 -3.28954e+08 -5.45896e+08 -7.50068e+08 -9.4479e+08 -1.09065e+09 -1.09371e+09 -1.31316e+09 -1.35482e+09 -1.53826e+09 -1.87984e+09 -1.88677e+09 -2.05128e+09 -2.15393e+09 -1.85272e+09 -1.78906e+09 -1.62796e+09 -1.50953e+09 -1.19145e+09 -1.28562e+09 -7.65777e+08 -7.08829e+08 -5.02176e+08 -3.7059e+08 -4.96661e+08 -3.11509e+08 -1.67335e+08 -2.52148e+08 -2.03467e+08 -1.324e+08 -1.4753e+08 -9.49055e+07 -1.00133e+08 -1.27942e+08 -8.40937e+07 -1.2451e+08 -2.07349e+08 -9.81779e+07 -9.84539e+07 -1.10476e+08 -6.41487e+07 -8.93046e+07 -7.53229e+07 -6.65157e+07 -5.8621e+07 -5.90126e+07 -8.43046e+07 -6.94408e+07 -1.00078e+08 -1.03385e+08 -8.70921e+07 -7.65947e+07 -5.88926e+07 -5.33469e+07 -8.08914e+07 -1.01223e+08 -9.3952e+07 -5.71389e+07 -8.70963e+07 -1.06129e+08 -1.00529e+08 -1.01478e+08 -1.14968e+08 -7.9299e+07 -1.16723e+08 -6.4835e+07 -3.90744e+07 -9.17341e+07 -7.34983e+07 -1.23242e+08 -7.99615e+07 -8.27322e+07 -9.17885e+07 -1.0106e+08 -1.18707e+08 -8.09299e+07 -1.02416e+08 -1.13407e+08 -7.63788e+07 -1.18157e+08 -1.01627e+08 -7.90227e+07 -9.40022e+07 -5.39233e+07 -3.249e+07 -3.18477e+07 -3.97995e+07 -4.53476e+07 
-1.67723e+07 -4.10822e+07 -6.40332e+07 -5.56583e+07 -6.85683e+07 -4.48074e+07 -6.46716e+07 -9.68987e+07 -1.08942e+08 -1.35494e+08 -1.96623e+08 -2.01821e+08 -2.97395e+08 -3.57242e+08 -7.69718e+08 -8.26982e+08 -1.05909e+09 -1.25249e+09 -1.38637e+09 -1.52887e+09 -1.67561e+09 -1.73352e+09 -1.99627e+09 -2.29186e+09 -2.33019e+09 -2.33957e+09 -2.30461e+09 -2.30694e+09 -1.97185e+09 -1.87338e+09 -1.3379e+09 -1.36388e+09 -1.10003e+09 -8.57664e+08 -6.4493e+08 -4.27523e+08 -4.21675e+08 -3.58959e+08 -2.42821e+08 -2.21281e+08 -3.21886e+08 -1.1374e+08 -1.42616e+08 -1.47566e+08 -9.07926e+07 -1.19546e+08 -1.05e+08 -1.39995e+08 -2.07995e+08 -1.29833e+08 -8.48092e+07 -7.25148e+07 -1.15234e+08 -7.70069e+07 -6.72338e+07 -7.53682e+07 -8.22208e+07 -6.10475e+07 -8.16607e+07 -7.47487e+07 -1.00376e+08 -7.15943e+07 -1.12835e+08 -7.98127e+07 -7.1195e+07 -6.23863e+07 -9.25779e+07 -8.26532e+07 -7.56713e+07 -4.6666e+07 -9.74354e+07 -9.19414e+07 -1.42241e+08 -1.03094e+08 -9.73663e+07 -7.66553e+07 -1.10915e+08 -5.87127e+07 -6.79699e+07 -7.68613e+07 -1.02462e+08 -1.03209e+08 -6.89311e+07 -8.49692e+07 -9.01122e+07 -1.08371e+08 -9.47396e+07 -9.86077e+07 -7.36425e+07 -1.11265e+08 -1.01877e+08 -1.02819e+08 -1.21788e+08 -5.52231e+07 -1.05847e+08 -5.9835e+07 -2.15277e+07 -1.15904e+07 -5.17284e+07 -1.7101e+07 
-1.26111e+07 -6.20903e+07 -4.22678e+07 -7.47331e+07 -3.35277e+07 -5.06844e+07 -1.0129e+08 -1.06033e+08 -1.57242e+08 -2.05733e+08 -1.59926e+08 -1.93422e+08 -3.11072e+08 -6.72793e+08 -7.15894e+08 -8.60883e+08 -1.29429e+09 -1.36768e+09 -1.66376e+09 -1.77022e+09 -2.02823e+09 -2.18652e+09 -2.23541e+09 -2.57257e+09 -2.58341e+09 -2.56306e+09 -2.58589e+09 -2.78723e+09 -2.18501e+09 -2.16736e+09 -1.73186e+09 -1.36326e+09 -1.33546e+09 -1.17893e+09 -8.56166e+08 -5.36551e+08 -4.15566e+08 -4.06449e+08 -2.92018e+08 -2.15355e+08 -2.49358e+08 -2.9873e+08 -9.83116e+07 -1.17296e+08 -1.81386e+08 -9.77733e+07 -1.20091e+08 -8.89644e+07 -2.29877e+08 -1.52629e+08 -1.54934e+08 -3.64303e+07 -9.10552e+07 -9.8778e+07 -1.03832e+08 -6.59255e+07 -5.45236e+07 -8.14043e+07 -1.07159e+08 -6.28715e+07 -1.13512e+08 -6.09541e+07 -8.35489e+07 -1.19779e+08 -8.32863e+07 -7.25888e+07 -8.54437e+07 -6.60196e+07 -7.09224e+07 -6.24666e+07 -6.34746e+07 -1.26208e+08 -1.43517e+08 -8.80298e+07 -1.16245e+08 -7.45115e+07 -6.61771e+07 -9.26974e+07 -7.78612e+07 -9.24479e+07 -9.60055e+07 -8.90027e+07 -7.06656e+07 -1.03884e+08 -7.01293e+07 -8.46447e+07 -1.06861e+08 -1.00405e+08 -7.84131e+07 -7.2821e+07 -1.26904e+08 -6.61195e+07 -1.33572e+08 -7.36795e+07 -6.68668e+07 -9.1698e+07 -4.09634e+07 -3.746e+06 -1.81837e+07 -1.41221e+07 
-2.22113e+07 -5.76491e+07 -4.80651e+07 -3.01814e+07 -7.51604e+07 -8.43224e+07 -1.22286e+08 -1.84801e+08 -1.34093e+08 -1.98882e+08 -1.37542e+08 -2.50516e+08 -5.34504e+08 -7.04207e+08 -7.27587e+08 -9.98055e+08 -1.38037e+09 -1.61584e+09 -1.88073e+09 -1.98396e+09 -2.44163e+09 -2.44537e+09 -2.47125e+09 -2.77487e+09 -2.73304e+09 -2.75726e+09 -2.75248e+09 -2.89917e+09 -2.50081e+09 -2.37251e+09 -2.07736e+09 -1.5932e+09 -1.40162e+09 -1.20757e+09 -1.07549e+09 -7.48432e+08 -5.40534e+08 -3.74147e+08 -3.65364e+08 -2.57144e+08 -1.73066e+08 -2.53085e+08 -2.74443e+08 -1.31147e+08 -1.08408e+08 -1.84315e+08 -1.35965e+08 -9.53485e+07 -1.29123e+08 -1.76082e+08 -1.96612e+08 -1.15268e+08 -7.4148e+07 -7.67362e+07 -1.12115e+08 -1.02365e+08 -6.95289e+07 -7.4798e+07 -9.38689e+07 -6.02958e+07 -1.21023e+08 -9.69711e+07 -4.51473e+07 -1.27972e+08 -1.05799e+08 -1.0682e+08 -5.0717e+07 -5.05444e+07 -8.90665e+07 -6.85317e+07 -6.10938e+07 -1.27531e+08 -1.23555e+08 -9.55184e+07 -1.48481e+08 -4.75001e+07 -5.42118e+07 -1.00518e+08 -9.85093e+07 -9.71501e+07 -8.79671e+07 -8.59014e+07 -8.78154e+07 -1.1283e+08 -3.25479e+07 -6.62137e+07 -1.32096e+08 -9.31253e+07 -8.00734e+07 -6.72272e+07 -8.02428e+07 -8.63179e+07 -7.17128e+07 -1.28345e+08 -4.46943e+07 -7.2398e+07 -8.86475e+07 -2.46679e+07 -1.51901e+07 -0 
-8.89198e+06 -2.06113e+07 -6.16834e+07 -6.27025e+07 -1.19756e+08 -1.0642e+08 -1.75101e+08 -1.09152e+08 -1.84467e+08 -1.78762e+08 -1.80721e+08 -4.21498e+08 -5.53699e+08 -6.87094e+08 -9.28093e+08 -1.06512e+09 -1.4612e+09 -1.71605e+09 -1.99651e+09 -2.22079e+09 -2.63834e+09 -2.80814e+09 -2.72329e+09 -3.03755e+09 -3.09735e+09 -3.16885e+09 -2.88042e+09 -3.18837e+09 -2.77916e+09 -2.58949e+09 -2.32365e+09 -1.89289e+09 -1.58582e+09 -1.35624e+09 -1.09858e+09 -1.05681e+09 -6.89342e+08 -4.96419e+08 -3.47875e+08 -3.36574e+08 -2.685e+08 -1.65924e+08 -1.93974e+08 -2.83422e+08 -1.56953e+08 -1.57929e+08 -1.33731e+08 -1.36582e+08 -1.50512e+08 -1.18006e+08 -1.36629e+08 -1.84662e+08 -1.3482e+08 -9.85101e+07 -8.32368e+07 -1.29266e+08 -1.07207e+08 -7.54948e+07 -8.84396e+07 -7.68575e+07 -9.35812e+07 -9.59453e+07 -6.66041e+07 -1.20367e+08 -1.17258e+08 -1.18871e+08 -4.66917e+07 -5.52636e+07 -8.10835e+07 -9.74596e+07 -5.71423e+07 -1.17269e+08 -9.2406e+07 -1.32852e+08 -1.34638e+08 -5.24854e+07 -5.38224e+07 -9.22226e+07 -1.31606e+08 -8.60675e+07 -7.04517e+07 -1.04976e+08 -1.14547e+08 -7.90806e+07 -2.07134e+07 -7.8587e+07 -1.25249e+08 -8.08536e+07 -7.23063e+07 -9.24745e+07 -2.92547e+07 -9.74939e+07 -5.43914e+07 -9.96307e+07 -7.73843e+07 -5.09261e+07 -8.03497e+07 -5.94344e+07 -3.11522e+07 -1.25362e+07 
-2.46745e+07 -4.904e+07 -9.75482e+07 -1.10379e+08 -8.10688e+07 -1.67211e+08 -1.13896e+08 -1.75023e+08 -1.82028e+08 -1.84965e+08 -3.33207e+08 -4.23154e+08 -6.04215e+08 -7.74946e+08 -1.06683e+09 -1.19573e+09 -1.55144e+09 -1.92536e+09 -2.13768e+09 -2.64917e+09 -2.84347e+09 -3.25562e+09 -2.94923e+09 -3.21003e+09 -3.46788e+09 -3.24761e+09 -3.08019e+09 -3.28191e+09 -2.97944e+09 -2.77794e+09 -2.57787e+09 -2.00866e+09 -1.8303e+09 -1.51947e+09 -1.31233e+09 -1.01623e+09 -8.64358e+08 -6.29411e+08 -4.67338e+08 -3.16994e+08 -2.90899e+08 -2.51681e+08 -1.54652e+08 -1.40292e+08 -2.62845e+08 -2.0387e+08 -1.73053e+08 -1.22439e+08 -1.08425e+08 -1.99074e+08 -1.17284e+08 -1.17298e+08 -1.54249e+08 -1.23498e+08 -1.54092e+08 -9.9258e+07 -1.61493e+08 -9.34088e+07 -1.00321e+08 -5.48045e+07 -1.15821e+08 -9.64404e+07 -8.39534e+07 -9.78342e+07 -1.20334e+08 -8.45139e+07 -8.20555e+07 -8.33485e+07 -8.34069e+07 -1.01369e+08 -6.39468e+07 -9.93751e+07 -9.03263e+07 -1.20799e+08 -1.38606e+08 -6.39049e+07 -7.00075e+07 -8.43384e+07 -1.30976e+08 -9.55891e+07 -5.58065e+07 -1.20684e+08 -1.34271e+08 -3.75205e+07 -3.67183e+07 -8.50003e+07 -1.15649e+08 -5.95433e+07 -7.29846e+07 -8.78622e+07 -4.73888e+07 -4.23622e+07 -8.13721e+07 -9.16793e+07 -4.3944e+07 -6.61238e+07 -6.54352e+07 -7.75384e+07 -3.49541e+07 -4.84796e+07 
-3.98515e+07 -9.74699e+07 -6.97467e+07 -1.00694e+08 -1.11595e+08 -1.71497e+08 -1.50169e+08 -1.52684e+08 -2.13184e+08 -2.98742e+08 -3.26778e+08 -5.44754e+08 -6.0781e+08 -9.01646e+08 -1.17087e+09 -1.41535e+09 -1.50238e+09 -2.14676e+09 -2.28897e+09 -2.96775e+09 -3.19686e+09 -3.33131e+09 -3.56247e+09 -3.72295e+09 -3.8533e+09 -3.45896e+09 -3.4131e+09 -3.63781e+09 -3.12416e+09 -3.21116e+09 -2.64497e+09 -2.39742e+09 -1.9934e+09 -1.7992e+09 -1.49967e+09 -1.14203e+09 -9.31766e+08 -6.65514e+08 -5.90239e+08 -4.50722e+08 -2.93558e+08 -2.70542e+08 -2.27613e+08 -1.88371e+08 -1.12356e+08 -2.1415e+08 -2.30908e+08 -1.33519e+08 -1.85953e+08 -1.00002e+08 -1.32597e+08 -2.07651e+08 -1.01834e+08 -1.07779e+08 -1.36332e+08 -1.47673e+08 -1.73524e+08 -1.2604e+08 -1.65955e+08 -6.2814e+07 -9.18647e+07 -1.0304e+08 -1.06796e+08 -1.11417e+08 -1.03426e+08 -6.39953e+07 -7.36805e+07 -9.67334e+07 -1.25697e+08 -9.40929e+07 -8.43948e+07 -7.38545e+07 -1.01261e+08 -1.03631e+08 -1.39639e+08 -6.89996e+07 -1.09124e+08 -6.86368e+07 -1.14206e+08 -1.14117e+08 -4.79518e+07 -1.46171e+08 -1.06412e+08 -3.06715e+07 -6.34736e+07 -8.44679e+07 -9.99088e+07 -4.08983e+07 -7.0011e+07 -7.59982e+07 -6.31793e+07 -4.29933e+07 -4.44805e+07 -8.45845e+07 -8.16917e+07 -2.51582e+07 -4.59354e+07 -7.02941e+07 -7.71495e+07 -4.44224e+07 
-1.36759e+07 -9.85012e+07 -8.84071e+07 -1.4479e+08 -1.29705e+08 -1.2873e+08 -1.42946e+08 -2.4483e+08 -2.6207e+08 -2.68844e+08 -4.80255e+08 -5.01848e+08 -7.27327e+08 -9.67063e+08 -1.32017e+09 -1.41288e+09 -1.77369e+09 -2.26795e+09 -2.41388e+09 -3.16024e+09 -3.23558e+09 -3.63079e+09 -3.83892e+09 -4.23347e+09 -3.92057e+09 -3.92307e+09 -3.84874e+09 -3.81021e+09 -3.31591e+09 -3.27865e+09 -2.997e+09 -2.47215e+09 -2.12206e+09 -2.07497e+09 -1.6251e+09 -1.21214e+09 -1.11368e+09 -8.70343e+08 -5.97479e+08 -4.606e+08 -4.07657e+08 -2.92458e+08 -2.26727e+08 -2.47258e+08 -1.90804e+08 -1.40575e+08 -1.71237e+08 -1.65084e+08 -1.70081e+08 -1.74794e+08 -1.45236e+08 -1.18378e+08 -1.34463e+08 -1.9818e+08 -8.7009e+07 -1.54876e+08 -1.3692e+08 -1.39316e+08 -1.78772e+08 -1.96113e+08 -8.84483e+07 -1.13499e+08 -6.7709e+07 -1.80822e+08 -7.23435e+07 -5.90022e+07 -9.28001e+07 -9.81412e+07 -1.05315e+08 -1.19231e+08 -1.12682e+08 -4.03603e+07 -1.1974e+08 -9.81942e+07 -1.33145e+08 -9.87959e+07 -9.58297e+07 -1.0062e+08 -8.86969e+07 -1.12406e+08 -5.8229e+07 -1.5679e+08 -8.44119e+07 -4.52823e+07 -7.06147e+07 -7.33979e+07 -8.4354e+07 -6.01091e+07 -2.43336e+07 -8.82302e+07 -5.67726e+07 -4.70018e+07 -5.10653e+07 -2.48716e+07 -9.42922e+07 -6.4579e+07 -2.65546e+07 -1.91721e+07 -4.91166e+07 -3.19302e+07 
-1.90092e+07 -1.46997e+08 -1.01172e+08 -9.4254e+07 -1.19346e+08 -1.6202e+08 -2.54768e+08 -2.21084e+08 -2.51634e+08 -3.91068e+08 -4.38043e+08 -6.39048e+08 -8.87175e+08 -9.15146e+08 -1.47463e+09 -1.54437e+09 -1.94185e+09 -2.23167e+09 -2.72102e+09 -2.98309e+09 -3.40825e+09 -4.07558e+09 -4.06981e+09 -4.45983e+09 -4.11171e+09 -4.20774e+09 -4.4406e+09 -4.05158e+09 -3.55853e+09 -3.39683e+09 -3.0916e+09 -2.73643e+09 -2.35112e+09 -2.02395e+09 -1.81116e+09 -1.41859e+09 -1.1725e+09 -9.40252e+08 -7.82164e+08 -4.22117e+08 -4.11553e+08 -3.78569e+08 -2.65651e+08 -2.2917e+08 -2.36821e+08 -2.04364e+08 -1.79715e+08 -1.50629e+08 -1.11042e+08 -1.37123e+08 -2.11546e+08 -1.2503e+08 -1.61027e+08 -1.07947e+08 -1.40322e+08 -1.98989e+08 -1.187e+08 -1.73732e+08 -1.26027e+08 -1.47109e+08 -2.14247e+08 -1.59898e+08 -1.0449e+08 -1.63714e+08 -9.30268e+07 -7.47421e+07 -1.01227e+08 -8.72181e+07 -8.04401e+07 -1.4735e+08 -1.42318e+08 -4.00934e+07 -8.87145e+07 -9.16264e+07 -1.5579e+08 -1.24905e+08 -1.04854e+08 -8.28854e+07 -1.11546e+08 -8.03987e+07 -8.94134e+07 -1.47339e+08 -7.17936e+07 -7.18878e+07 -5.88771e+07 -6.46423e+07 -7.44936e+07 -7.92275e+07 -2.99494e+06 -7.55963e+07 -3.54894e+07 -7.03053e+07 -4.27865e+07 -4.39737e+07 -7.79264e+06 -8.84516e+07 -6.90943e+07 -2.04234e+07 -2.37858e+07 -5.55528e+06 
-5.15025e+07 -6.9982e+07 -1.23665e+08 -9.26008e+07 -2.25499e+08 -1.94272e+08 -2.09213e+08 -2.42e+08 -3.05911e+08 -4.17363e+08 -5.45517e+08 -8.0207e+08 -7.60469e+08 -1.15966e+09 -1.45866e+09 -1.80529e+09 -2.17938e+09 -2.37657e+09 -2.80824e+09 -3.19617e+09 -3.69985e+09 -4.24087e+09 -4.25569e+09 -4.79069e+09 -4.40941e+09 -4.61263e+09 -4.39615e+09 -4.18563e+09 -3.89157e+09 -3.54968e+09 -3.12317e+09 -3.12291e+09 -2.55191e+09 -2.12793e+09 -1.83636e+09 -1.60273e+09 -1.42134e+09 -1.00499e+09 -7.72898e+08 -6.32763e+08 -3.85597e+08 -3.51066e+08 -3.40912e+08 -2.61928e+08 -2.33705e+08 -1.89495e+08 -2.60844e+08 -1.67635e+08 -1.65292e+08 -9.53495e+07 -1.10968e+08 -1.64743e+08 -1.5759e+08 -1.50537e+08 -1.39571e+08 -1.23776e+08 -1.63576e+08 -1.79549e+08 -1.64031e+08 -1.662e+08 -1.38556e+08 -1.56887e+08 -2.06448e+08 -1.99198e+08 -1.20163e+08 -1.24484e+08 -9.09405e+07 -1.02202e+08 -5.69699e+07 -1.74473e+08 -8.91917e+07 -1.16609e+08 -7.78563e+07 -1.13826e+08 -1.26246e+08 -1.25026e+08 -1.26287e+08 -8.91076e+07 -1.05805e+08 -8.69887e+07 -9.79047e+07 -1.3847e+08 -9.07244e+07 -5.69984e+07 -6.07757e+07 -5.82794e+07 -6.83123e+07 -8.35335e+07 -1.56698e+07 -3.25519e+07 -6.11478e+07 -3.10551e+07 -5.67861e+07 -5.05933e+07 -3.63403e+07 -0 -6.54737e+07 -7.59282e+07 -2.49344e+07 -1.26468e+07 
-2.17706e+07 -7.44867e+07 -1.84786e+08 -1.81982e+08 -1.55198e+08 -1.96514e+08 -1.93782e+08 -3.02115e+08 -3.67995e+08 -5.01875e+08 -6.83961e+08 -7.09663e+08 -8.81852e+08 -1.15238e+09 -1.50277e+09 -1.97085e+09 -2.26208e+09 -2.53587e+09 -2.91175e+09 -3.63279e+09 -3.92544e+09 -4.36799e+09 -4.36755e+09 -4.97786e+09 -4.89019e+09 -4.91453e+09 -4.49422e+09 -4.50951e+09 -4.01592e+09 -3.92033e+09 -3.4779e+09 -3.18134e+09 -2.7303e+09 -2.31708e+09 -2.05241e+09 -1.68646e+09 -1.52608e+09 -1.20087e+09 -8.87515e+08 -6.26552e+08 -5.33307e+08 -3.91134e+08 -3.19035e+08 -2.89146e+08 -2.44312e+08 -2.48298e+08 -1.88176e+08 -1.86859e+08 -2.49666e+08 -1.27024e+08 -1.46873e+08 -9.98715e+07 -1.09185e+08 -1.26814e+08 -1.83949e+08 -1.64706e+08 -1.06946e+08 -1.58297e+08 -1.89872e+08 -1.52249e+08 -1.71735e+08 -1.80412e+08 -1.69861e+08 -2.00217e+08 -1.81139e+08 -1.65285e+08 -1.62919e+08 -8.03213e+07 -1.16593e+08 -1.70368e+08 -6.41171e+07 -8.92363e+07 -1.0853e+08 -1.75987e+08 -1.14002e+08 -1.17591e+08 -1.55119e+08 -6.7288e+07 -8.96165e+07 -1.04364e+08 -9.7744e+07 -1.45175e+08 -1.13531e+08 -3.19067e+07 -6.21482e+07 -5.85627e+07 -6.69072e+07 -7.23307e+07 -4.35427e+07 -1.82381e+07 -3.72197e+07 -4.11363e+07 -3.74078e+07 -4.51361e+07 -5.22275e+07 -3.59486e+07 -1.16047e+06 -2.67795e+07 -8.06333e+07 -3.57736e+07 
-5.70388e+07 -1.51651e+08 -1.24948e+08 -1.75074e+08 -1.47109e+08 -1.44149e+08 -3.52565e+08 -3.05328e+08 -4.58877e+08 -5.97794e+08 -6.53034e+08 -7.73134e+08 -9.379e+08 -1.22101e+09 -1.76889e+09 -1.86366e+09 -2.47231e+09 -2.61906e+09 -3.01712e+09 -3.90755e+09 -4.07446e+09 -4.57294e+09 -4.53883e+09 -5.02532e+09 -5.16189e+09 -5.38362e+09 -4.72459e+09 -4.64864e+09 -4.34154e+09 -4.0936e+09 -3.7906e+09 -3.43855e+09 -2.92157e+09 -2.57476e+09 -2.07198e+09 -1.79001e+09 -1.58622e+09 -1.21601e+09 -1.05888e+09 -7.84709e+08 -4.46861e+08 -4.50747e+08 -3.84003e+08 -2.75107e+08 -2.58596e+08 -2.42671e+08 -2.32177e+08 -1.91702e+08 -1.38992e+08 -2.39112e+08 -1.81771e+08 -1.13e+08 -1.51517e+08 -1.02638e+08 -1.01785e+08 -1.17527e+08 -1.98283e+08 -1.69032e+08 -1.37591e+08 -1.59038e+08 -1.68625e+08 -1.37767e+08 -2.09053e+08 -2.13573e+08 -2.27858e+08 -1.37046e+08 -1.69752e+08 -1.87626e+08 -1.40054e+08 -1.52553e+08 -1.2744e+08 -9.3416e+07 -9.54879e+07 -1.22418e+08 -2.23683e+08 -1.36582e+08 -1.14599e+08 -8.98827e+07 -1.01793e+08 -9.46926e+07 -7.29346e+07 -1.55099e+08 -1.06856e+08 -6.77273e+07 -3.2662e+07 -8.06907e+07 -5.61591e+07 -6.41688e+07 -5.46144e+07 -2.6406e+07 -3.04714e+07 -2.65871e+07 -3.07433e+07 -4.40877e+07 -3.29929e+07 -5.85189e+07 -2.93419e+07 -7.47398e+06 -6.11078e+06 -1.17875e+07 
-9.02717e+07 -1.44679e+08 -8.44328e+07 -1.66435e+08 -1.24646e+08 -3.81594e+08 -2.58095e+08 -4.32671e+08 -5.31008e+08 -5.32385e+08 -7.60354e+08 -7.73558e+08 -9.71841e+08 -1.49093e+09 -1.80189e+09 -2.12381e+09 -2.44521e+09 -2.89243e+09 -3.21718e+09 -3.99974e+09 -4.18106e+09 -4.8315e+09 -4.86696e+09 -5.1778e+09 -5.34313e+09 -5.55513e+09 -4.90936e+09 -5.02194e+09 -4.70717e+09 -4.11403e+09 -4.09412e+09 -3.59156e+09 -3.08861e+09 -2.75337e+09 -2.35172e+09 -1.77793e+09 -1.68694e+09 -1.43338e+09 -1.04078e+09 -9.07285e+08 -6.55432e+08 -3.46208e+08 -4.07859e+08 -3.46121e+08 -2.67599e+08 -2.0584e+08 -2.60063e+08 -1.85865e+08 -1.89094e+08 -1.66449e+08 -1.4876e+08 -2.13658e+08 -1.40037e+08 -1.32087e+08 -1.42885e+08 -1.28091e+08 -8.23494e+07 -1.32907e+08 -2.01128e+08 -1.86492e+08 -1.57534e+08 -1.20348e+08 -1.73188e+08 -1.91468e+08 -2.19936e+08 -2.26676e+08 -1.65967e+08 -1.81706e+08 -1.7848e+08 -2.00426e+08 -1.40082e+08 -1.33026e+08 -1.2047e+08 -1.68339e+08 -1.38158e+08 -1.86596e+08 -1.57823e+08 -1.08987e+08 -1.00819e+08 -1.15963e+08 -5.78418e+07 -1.34877e+08 -1.03716e+08 -7.30635e+07 -4.78917e+07 -4.5404e+07 -8.56005e+07 -6.2608e+07 -4.79182e+07 -5.30565e+07 -2.72315e+07 -1.90702e+07 -2.30861e+07 -2.83947e+07 -4.25209e+07 -3.01344e+07 -5.52163e+07 -2.51337e+07 -1.80794e+07 -0 
-3.53469e+07 -1.39108e+08 -8.60554e+07 -2.37985e+08 -3.11834e+08 -2.3921e+08 -3.93618e+08 -4.68064e+08 -4.47092e+08 -7.19265e+08 -6.79215e+08 -9.19416e+08 -1.00513e+09 -1.73226e+09 -1.87384e+09 -2.21101e+09 -2.62034e+09 -3.02693e+09 -3.50464e+09 -4.03869e+09 -4.41442e+09 -5.00679e+09 -5.15436e+09 -5.6598e+09 -5.53552e+09 -5.53251e+09 -5.35158e+09 -5.23054e+09 -4.97059e+09 -4.20653e+09 -4.31045e+09 -3.81494e+09 -3.39639e+09 -2.98168e+09 -2.52528e+09 -1.8588e+09 -1.63669e+09 -1.52956e+09 -1.06079e+09 -9.6157e+08 -6.87452e+08 -5.5316e+08 -3.2177e+08 -3.5166e+08 -2.96872e+08 -2.52866e+08 -1.80556e+08 -2.46344e+08 -1.66497e+08 -1.94419e+08 -1.44148e+08 -1.67114e+08 -1.45869e+08 -1.62806e+08 -1.44683e+08 -1.3902e+08 -1.45015e+08 -1.24307e+08 -1.31968e+08 -1.4752e+08 -1.32271e+08 -2.26728e+08 -1.84198e+08 -1.57747e+08 -1.65203e+08 -1.74934e+08 -2.31873e+08 -1.92311e+08 -1.77366e+08 -2.23822e+08 -1.85503e+08 -1.5301e+08 -1.74084e+08 -1.81316e+08 -1.67493e+08 -1.79833e+08 -1.20158e+08 -1.87221e+08 -1.34247e+08 -1.22286e+08 -9.23331e+07 -9.64503e+07 -7.84934e+07 -8.45854e+07 -8.68417e+07 -4.81836e+07 -3.33765e+07 -7.36777e+07 -5.17921e+07 -5.64266e+07 -5.66158e+07 -2.2232e+07 -1.5707e+07 -1.85496e+07 -2.61423e+07 -4.26077e+07 -2.34574e+07 -5.02143e+07 -3.03598e+07 -9.12786e+06 
-2.84631e+07 -1.5925e+08 -2.63762e+08 -2.45039e+08 -1.91751e+08 -3.7511e+08 -3.97329e+08 -4.3414e+08 -6.1823e+08 -6.59085e+08 -8.49501e+08 -8.59801e+08 -1.25937e+09 -1.65504e+09 -2.02318e+09 -2.32688e+09 -2.81348e+09 -3.05872e+09 -3.79971e+09 -4.00343e+09 -4.71154e+09 -5.456e+09 -5.32672e+09 -5.8451e+09 -5.70457e+09 -5.57174e+09 -5.90437e+09 -5.40867e+09 -5.14465e+09 -4.41115e+09 -4.44922e+09 -3.79622e+09 -3.73511e+09 -3.15199e+09 -2.56231e+09 -2.25855e+09 -1.62435e+09 -1.46153e+09 -1.15636e+09 -9.80673e+08 -7.38285e+08 -6.25445e+08 -4.19072e+08 -3.37141e+08 -2.86312e+08 -2.57077e+08 -2.19792e+08 -1.98548e+08 -1.85432e+08 -1.92018e+08 -1.48384e+08 -1.63568e+08 -1.40321e+08 -1.75015e+08 -1.09186e+08 -1.35377e+08 -1.71657e+08 -1.23377e+08 -1.69631e+08 -1.49186e+08 -1.19862e+08 -1.58179e+08 -1.64453e+08 -1.98537e+08 -2.44727e+08 -1.29329e+08 -2.39854e+08 -9.04762e+07 -2.09532e+08 -2.09899e+08 -2.09429e+08 -2.43054e+08 -1.40609e+08 -2.11088e+08 -2.47357e+08 -1.78705e+08 -1.42165e+08 -1.50072e+08 -1.49789e+08 -1.72195e+08 -1.62329e+08 -7.87498e+07 -7.9767e+07 -5.91851e+07 -9.75964e+07 -1.01634e+08 -1.76998e+07 -4.63831e+07 -6.39621e+07 -4.83872e+07 -4.32951e+07 -5.19201e+07 -2.40265e+07 -2.49922e+07 -1.64057e+07 -2.19772e+07 -4.05295e+07 -2.13355e+07 -4.35421e+07 -1.85996e+07 
-1.04015e+08 -2.15769e+08 -1.47959e+08 -2.11366e+08 -3.16633e+08 -3.51472e+08 -4.06899e+08 -5.37355e+08 -6.41187e+08 -7.65553e+08 -8.784e+08 -9.75044e+08 -1.28883e+09 -1.70729e+09 -2.09317e+09 -2.5128e+09 -2.81162e+09 -3.31228e+09 -3.84224e+09 -4.15656e+09 -4.85313e+09 -5.69706e+09 -5.7003e+09 -5.7622e+09 -5.84629e+09 -5.9771e+09 -6.05702e+09 -5.85299e+09 -5.33454e+09 -4.87391e+09 -4.63719e+09 -4.02025e+09 -4.04959e+09 -3.32731e+09 -2.85235e+09 -2.33824e+09 -1.82503e+09 -1.38669e+09 -1.19149e+09 -1.07485e+09 -7.28013e+08 -6.58148e+08 -4.97247e+08 -3.48857e+08 -3.26789e+08 -2.29722e+08 -2.26379e+08 -1.95945e+08 -2.01378e+08 -1.49748e+08 -1.81305e+08 -1.33424e+08 -1.77298e+08 -1.20122e+08 -1.55498e+08 -1.47367e+08 -1.08674e+08 -1.29746e+08 -1.8714e+08 -1.39817e+08 -1.22744e+08 -1.73389e+08 -1.6494e+08 -2.06595e+08 -1.50515e+08 -1.74998e+08 -2.5418e+08 -2.0473e+08 -1.40002e+08 -1.41643e+08 -1.73532e+08 -2.4239e+08 -2.16803e+08 -2.13831e+08 -2.37284e+08 -2.20113e+08 -1.86722e+08 -2.23859e+08 -1.2921e+08 -1.23513e+08 -1.93597e+08 -1.04956e+08 -1.51756e+08 -5.51406e+07 -7.07771e+07 -1.33464e+08 -7.51522e+07 -1.21883e+07 -5.98177e+07 -4.81253e+07 -4.99528e+07 -4.7835e+07 -4.56056e+07 -1.37347e+07 -1.69549e+07 -1.85267e+07 -3.2397e+07 -3.61695e+07 -2.37117e+07 -1.54266e+07 
-7.59983e+07 -1.52632e+08 -1.84624e+08 -2.86351e+08 -3.08108e+08 -3.71585e+08 -4.81415e+08 -5.77606e+08 -7.29455e+08 -8.36619e+08 -8.92715e+08 -1.07402e+09 -1.35795e+09 -1.80979e+09 -2.17009e+09 -2.43594e+09 -2.87536e+09 -3.66489e+09 -3.84116e+09 -4.41578e+09 -5.14002e+09 -5.57348e+09 -6.1345e+09 -5.81475e+09 -5.94492e+09 -6.3352e+09 -6.20139e+09 -6.13915e+09 -5.26865e+09 -5.18756e+09 -4.96952e+09 -4.29147e+09 -4.13127e+09 -3.51877e+09 -2.95629e+09 -2.33818e+09 -1.95819e+09 -1.51185e+09 -1.29691e+09 -1.10122e+09 -8.12657e+08 -5.89616e+08 -5.12969e+08 -4.26473e+08 -2.82612e+08 -3.1451e+08 -2.00238e+08 -1.78947e+08 -1.97139e+08 -1.85698e+08 -1.39818e+08 -1.47335e+08 -1.59708e+08 -1.14096e+08 -1.68969e+08 -1.1427e+08 -1.53476e+08 -1.37969e+08 -1.30365e+08 -1.29885e+08 -1.79364e+08 -1.23627e+08 -1.28334e+08 -2.25545e+08 -1.84558e+08 -2.21133e+08 -1.66146e+08 -1.49188e+08 -2.21167e+08 -2.57062e+08 -1.43019e+08 -1.45307e+08 -2.12048e+08 -1.90981e+08 -2.29127e+08 -2.51098e+08 -2.3758e+08 -2.34866e+08 -1.23535e+08 -1.90051e+08 -2.05298e+08 -1.37045e+08 -1.05981e+08 -1.02623e+08 -6.29936e+07 -1.39003e+08 -1.3374e+08 -8.01491e+07 -2.86129e+07 -5.61498e+07 -4.10932e+07 -4.97511e+07 -5.17688e+07 -4.21406e+07 -1.62942e+07 -1.65548e+07 -1.39078e+07 -1.42955e+07 -3.13106e+07 -3.13212e+07 
-7.46909e+07 -1.98259e+08 -2.57367e+08 -2.59362e+08 -3.39977e+08 -4.39251e+08 -4.89907e+08 -7.02554e+08 -7.83461e+08 -8.67214e+08 -9.01805e+08 -1.26987e+09 -1.37644e+09 -1.95243e+09 -2.20956e+09 -2.4767e+09 -3.11989e+09 -3.90923e+09 -4.09081e+09 -4.64101e+09 -5.30883e+09 -5.55409e+09 -6.17533e+09 -6.27589e+09 -6.14229e+09 -6.2575e+09 -6.50772e+09 -6.36221e+09 -5.63472e+09 -5.39319e+09 -5.11803e+09 -4.76586e+09 -4.33673e+09 -3.6211e+09 -3.04294e+09 -2.51108e+09 -1.89514e+09 -1.71063e+09 -1.39683e+09 -1.14927e+09 -8.59636e+08 -6.17894e+08 -5.13185e+08 -3.54631e+08 -3.87892e+08 -2.15691e+08 -3.01925e+08 -1.86039e+08 -1.42335e+08 -2.08538e+08 -1.4332e+08 -1.48858e+08 -1.13803e+08 -1.65077e+08 -1.18549e+08 -1.13838e+08 -1.55693e+08 -1.20617e+08 -1.64728e+08 -1.45906e+08 -1.30945e+08 -1.22915e+08 -1.60625e+08 -1.59154e+08 -1.54193e+08 -2.2105e+08 -2.12972e+08 -2.11168e+08 -1.56253e+08 -2.0279e+08 -2.10641e+08 -2.19349e+08 -1.98175e+08 -1.52897e+08 -1.74778e+08 -2.47003e+08 -2.16301e+08 -2.32684e+08 -2.53391e+08 -1.44091e+08 -1.95762e+08 -1.05791e+08 -1.94939e+08 -1.9619e+08 -6.05044e+07 -5.42302e+07 -1.10817e+08 -1.53234e+08 -9.53447e+07 -7.28932e+07 -7.06962e+07 -4.62626e+07 -3.7418e+07 -5.70071e+07 -4.41051e+07 -2.15213e+07 -1.61311e+07 -1.35476e+07 -1.1422e+07 -3.04925e+07 
-1.00233e+08 -2.47437e+08 -1.91106e+08 -3.1764e+08 -4.119e+08 -4.27591e+08 -6.50249e+08 -7.0599e+08 -8.24815e+08 -8.68138e+08 -1.13298e+09 -1.15875e+09 -1.58099e+09 -1.98595e+09 -2.2839e+09 -2.67192e+09 -3.26679e+09 -4.03588e+09 -4.50356e+09 -4.69407e+09 -5.27153e+09 -5.83323e+09 -6.35317e+09 -6.56835e+09 -6.54101e+09 -6.37855e+09 -6.96146e+09 -6.39545e+09 -6.17683e+09 -5.73132e+09 -5.10444e+09 -4.94225e+09 -4.73419e+09 -3.65412e+09 -3.12962e+09 -2.7016e+09 -2.13317e+09 -1.69175e+09 -1.49955e+09 -1.14981e+09 -9.09313e+08 -6.73142e+08 -4.98902e+08 -3.47157e+08 -3.32974e+08 -2.88808e+08 -1.86384e+08 -2.72458e+08 -1.87457e+08 -1.38609e+08 -1.71564e+08 -1.53893e+08 -1.27924e+08 -1.13715e+08 -1.127e+08 -1.60984e+08 -9.94607e+07 -1.11803e+08 -1.49465e+08 -1.597e+08 -1.58542e+08 -1.47903e+08 -1.10353e+08 -1.52372e+08 -1.71282e+08 -1.76544e+08 -1.61607e+08 -1.84005e+08 -2.45179e+08 -2.30858e+08 -1.66976e+08 -2.39126e+08 -1.99505e+08 -1.58146e+08 -2.30854e+08 -1.63837e+08 -2.67794e+08 -1.76827e+08 -2.11862e+08 -2.17337e+08 -1.88178e+08 -1.66585e+08 -1.21887e+08 -1.3019e+08 -1.75123e+08 -1.73848e+08 -9.70889e+07 -1.06501e+08 -7.32464e+07 -9.65186e+07 -1.03465e+08 -8.76552e+07 -8.90068e+07 -4.32464e+07 -6.46816e+07 -5.18814e+07 -2.81936e+07 -1.58009e+07 -1.3579e+07 -7.07328e+06 
-7.42616e+07 -1.96224e+08 -2.76069e+08 -3.67929e+08 -3.78328e+08 -5.49797e+08 -6.44736e+08 -7.5869e+08 -8.87347e+08 -9.67431e+08 -1.1598e+09 -1.2515e+09 -1.68133e+09 -1.89205e+09 -2.59326e+09 -2.90461e+09 -3.42014e+09 -4.33793e+09 -4.60948e+09 -4.82141e+09 -5.36282e+09 -5.85578e+09 -6.75541e+09 -6.63489e+09 -6.97986e+09 -6.54127e+09 -7.03877e+09 -6.58014e+09 -6.66152e+09 -5.89458e+09 -5.49841e+09 -5.07755e+09 -4.58099e+09 -4.01974e+09 -3.24278e+09 -2.8561e+09 -2.34972e+09 -1.85495e+09 -1.59114e+09 -1.076e+09 -9.80843e+08 -7.41755e+08 -4.69126e+08 -4.0136e+08 -2.54809e+08 -3.00867e+08 -2.38993e+08 -1.40434e+08 -2.30603e+08 -2.08352e+08 -1.50614e+08 -1.11076e+08 -1.87722e+08 -9.54402e+07 -1.31223e+08 -8.99407e+07 -1.15772e+08 -1.53537e+08 -9.04297e+07 -1.25884e+08 -1.86904e+08 -1.51644e+08 -1.22243e+08 -1.87524e+08 -1.37711e+08 -1.37625e+08 -1.57977e+08 -1.85218e+08 -1.98548e+08 -2.11186e+08 -1.87792e+08 -3.02979e+08 -1.81169e+08 -1.71184e+08 -1.88467e+08 -2.10622e+08 -2.22806e+08 -2.18041e+08 -2.45957e+08 -1.61334e+08 -1.62614e+08 -2.19278e+08 -1.44378e+08 -9.30507e+07 -1.54513e+08 -1.52963e+08 -1.41932e+08 -1.61207e+08 -1.1805e+08 -1.27794e+08 -6.3667e+07 -6.60433e+07 -1.01998e+08 -1.17507e+08 -5.10963e+07 -6.26593e+07 -1.04275e+08 -4.40321e+07 -2.16154e+07 -5.89105e+06 
-1.5149e+08 -2.34842e+08 -2.95424e+08 -3.25302e+08 -4.83165e+08 -5.50187e+08 -6.97143e+08 -8.72467e+08 -8.6901e+08 -1.10091e+09 -1.13727e+09 -1.42247e+09 -1.6301e+09 -2.04538e+09 -2.86159e+09 -3.13065e+09 -3.64885e+09 -4.34707e+09 -4.76229e+09 -5.04026e+09 -5.47572e+09 -5.7931e+09 -6.88273e+09 -6.96914e+09 -7.00223e+09 -7.25692e+09 -7.21343e+09 -6.53088e+09 -7.14168e+09 -5.92303e+09 -5.98907e+09 -5.14748e+09 -4.60485e+09 -4.20502e+09 -3.47983e+09 -3.03918e+09 -2.35605e+09 -2.10181e+09 -1.55053e+09 -1.14014e+09 -9.35016e+08 -8.27028e+08 -4.61247e+08 -4.25269e+08 -2.83695e+08 -2.31733e+08 -2.44714e+08 -2.20642e+08 -9.38591e+07 -2.09739e+08 -1.89811e+08 -1.54255e+08 -1.24255e+08 -1.43005e+08 -1.37233e+08 -8.71224e+07 -1.25425e+08 -8.36217e+07 -1.13751e+08 -1.60982e+08 -1.20361e+08 -1.37009e+08 -1.431e+08 -2.07474e+08 -1.2724e+08 -1.67816e+08 -1.38109e+08 -1.28854e+08 -2.01362e+08 -2.08329e+08 -2.37025e+08 -1.89606e+08 -1.88087e+08 -2.44465e+08 -1.60117e+08 -2.38643e+08 -2.14411e+08 -2.07803e+08 -1.72064e+08 -2.75488e+08 -2.04317e+08 -1.6331e+08 -1.49767e+08 -1.10313e+08 -1.40099e+08 -1.41558e+08 -1.15965e+08 -1.58818e+08 -1.38957e+08 -1.38916e+08 -1.35278e+08 -8.80496e+07 -9.41554e+07 -7.53922e+07 -1.15123e+08 -8.48634e+07 -7.01455e+07 -7.4853e+07 -7.20664e+07 -1.83048e+07 
-8.26468e+07 -2.20766e+08 -2.61238e+08 -4.16875e+08 -4.41429e+08 -6.53464e+08 -7.70518e+08 -8.6339e+08 -9.82285e+08 -1.08692e+09 -1.25226e+09 -1.49193e+09 -1.69094e+09 -2.19895e+09 -3.01484e+09 -3.33597e+09 -3.74858e+09 -4.39541e+09 -4.93851e+09 -5.13974e+09 -5.56364e+09 -5.99568e+09 -6.86144e+09 -7.202e+09 -7.49609e+09 -7.70196e+09 -7.45142e+09 -6.93924e+09 -6.99117e+09 -6.43246e+09 -6.17693e+09 -5.35751e+09 -4.7113e+09 -4.38165e+09 -3.61548e+09 -3.17401e+09 -2.46815e+09 -2.15976e+09 -1.43022e+09 -1.26148e+09 -9.29374e+08 -8.3663e+08 -4.80638e+08 -4.30867e+08 -3.2623e+08 -2.13151e+08 -2.37068e+08 -1.87718e+08 -2.05379e+08 -9.03773e+07 -1.53055e+08 -1.59948e+08 -1.75293e+08 -1.37157e+08 -1.13789e+08 -1.35008e+08 -1.16903e+08 -7.99983e+07 -1.22008e+08 -9.32879e+07 -1.41495e+08 -1.57528e+08 -1.31425e+08 -1.59281e+08 -1.70557e+08 -1.5964e+08 -1.19679e+08 -1.66671e+08 -1.82658e+08 -1.31458e+08 -2.74151e+08 -2.26521e+08 -1.78272e+08 -1.69592e+08 -1.78843e+08 -1.91388e+08 -2.53031e+08 -2.5045e+08 -1.73939e+08 -1.98812e+08 -1.88671e+08 -2.37045e+08 -2.5583e+08 -8.01687e+07 -1.04954e+08 -1.25481e+08 -1.17134e+08 -1.7536e+08 -1.26561e+08 -1.011e+08 -1.57107e+08 -1.00435e+08 -1.19507e+08 -1.26139e+08 -6.71274e+07 -8.56288e+07 -1.2868e+08 -8.56143e+07 -7.81586e+07 -1.1993e+07 
-8.87384e+07 -2.61119e+08 -3.01624e+08 -3.67161e+08 -5.94387e+08 -6.55415e+08 -8.47772e+08 -8.56119e+08 -1.01963e+09 -1.17523e+09 -1.38443e+09 -1.52967e+09 -1.72925e+09 -2.46857e+09 -3.1336e+09 -3.346e+09 -3.90073e+09 -4.41282e+09 -4.82182e+09 -5.5117e+09 -5.6511e+09 -6.28243e+09 -6.85209e+09 -7.45835e+09 -7.96659e+09 -7.71378e+09 -7.62837e+09 -7.3988e+09 -6.95127e+09 -7.08225e+09 -6.10166e+09 -5.59578e+09 -4.77897e+09 -4.65183e+09 -3.70309e+09 -3.30662e+09 -2.704e+09 -2.10683e+09 -1.48149e+09 -1.25035e+09 -9.90056e+08 -7.42432e+08 -5.8796e+08 -3.87526e+08 -3.58988e+08 -2.68306e+08 -1.84615e+08 -2.23798e+08 -1.47815e+08 -1.90046e+08 -1.02666e+08 -1.04776e+08 -1.62971e+08 -1.15858e+08 -1.55372e+08 -1.38531e+08 -1.19757e+08 -1.07089e+08 -1.14801e+08 -8.67215e+07 -1.36885e+08 -1.09952e+08 -1.23024e+08 -2.25107e+08 -1.17917e+08 -1.47618e+08 -1.80988e+08 -1.28452e+08 -1.4009e+08 -1.76062e+08 -2.36473e+08 -1.89436e+08 -2.20201e+08 -2.12929e+08 -1.51683e+08 -1.49468e+08 -2.50793e+08 -1.36175e+08 -2.7612e+08 -2.27967e+08 -1.65758e+08 -1.58382e+08 -2.88176e+08 -1.59525e+08 -1.69058e+08 -1.37898e+08 -5.814e+07 -1.60588e+08 -1.36919e+08 -1.16497e+08 -1.43438e+08 -1.35822e+08 -5.80302e+07 -1.16173e+08 -1.29608e+08 -8.50294e+07 -1.01989e+08 -1.14985e+08 -7.52168e+07 -3.89909e+07 
-1.34505e+08 -2.01895e+08 -2.99116e+08 -5.32451e+08 -5.36922e+08 -7.43944e+08 -8.00529e+08 -9.48999e+08 -1.09061e+09 -1.32321e+09 -1.33943e+09 -1.58919e+09 -1.97344e+09 -2.49551e+09 -3.15433e+09 -3.54792e+09 -4.0381e+09 -4.5466e+09 -5.00632e+09 -5.50905e+09 -5.99218e+09 -6.40146e+09 -7.09402e+09 -7.79442e+09 -8.24567e+09 -7.88646e+09 -7.70636e+09 -7.76395e+09 -7.48146e+09 -7.11163e+09 -6.33963e+09 -5.84384e+09 -5.01674e+09 -4.75222e+09 -3.88803e+09 -3.51021e+09 -2.71626e+09 -2.12916e+09 -1.60022e+09 -1.20465e+09 -9.8624e+08 -6.69782e+08 -6.52369e+08 -3.50113e+08 -3.972e+08 -2.6765e+08 -2.40942e+08 -1.75609e+08 -2.08591e+08 -1.21283e+08 -1.57241e+08 -1.4582e+08 -6.8466e+07 -1.37323e+08 -1.23528e+08 -9.67807e+07 -1.44897e+08 -1.32214e+08 -1.3444e+08 -9.7039e+07 -1.21095e+08 -9.67002e+07 -1.54919e+08 -1.33205e+08 -1.56317e+08 -1.57966e+08 -1.88151e+08 -1.33521e+08 -1.61562e+08 -1.3121e+08 -1.99751e+08 -1.6363e+08 -2.22049e+08 -2.40443e+08 -1.83358e+08 -1.85303e+08 -1.72865e+08 -1.7772e+08 -2.05687e+08 -1.20287e+08 -2.745e+08 -2.223e+08 -1.28687e+08 -2.38928e+08 -2.08757e+08 -1.45306e+08 -1.04096e+08 -1.49634e+08 -1.4448e+08 -1.18352e+08 -1.34805e+08 -1.00875e+08 -1.60249e+08 -9.8407e+07 -7.03603e+07 -8.36478e+07 -1.1724e+08 -1.01011e+08 -6.76281e+07 -4.85495e+07 
-6.74234e+07 -2.67951e+08 -4.48405e+08 -3.70744e+08 -5.90228e+08 -7.44497e+08 -8.93227e+08 -9.85621e+08 -1.25001e+09 -1.2705e+09 -1.45551e+09 -1.67526e+09 -2.19151e+09 -2.35969e+09 -3.38182e+09 -3.72739e+09 -4.04842e+09 -4.76202e+09 -5.12679e+09 -5.65997e+09 -6.29232e+09 -6.93229e+09 -7.37054e+09 -8.16395e+09 -8.23931e+09 -8.15587e+09 -7.95554e+09 -8.0561e+09 -7.59518e+09 -7.18327e+09 -6.5547e+09 -6.15278e+09 -5.39858e+09 -4.5742e+09 -4.07289e+09 -3.72802e+09 -2.62322e+09 -2.32554e+09 -1.63265e+09 -1.23286e+09 -9.52376e+08 -6.54502e+08 -5.96712e+08 -4.09841e+08 -3.09279e+08 -3.69202e+08 -2.16509e+08 -2.03199e+08 -2.00944e+08 -1.6568e+08 -1.44077e+08 -1.09246e+08 -1.58034e+08 -1.00661e+08 -7.92344e+07 -1.3708e+08 -1.01445e+08 -7.7408e+07 -1.33049e+08 -1.4064e+08 -1.54883e+08 -9.49967e+07 -1.30908e+08 -1.36024e+08 -1.54442e+08 -1.3375e+08 -1.58811e+08 -2.10213e+08 -1.2841e+08 -1.8758e+08 -1.35577e+08 -1.381e+08 -1.90926e+08 -2.07201e+08 -2.34004e+08 -2.27946e+08 -1.53298e+08 -1.95181e+08 -1.87861e+08 -1.23957e+08 -1.83077e+08 -1.80568e+08 -2.29605e+08 -1.86216e+08 -1.94121e+08 -1.85526e+08 -1.63643e+08 -1.18692e+08 -1.38311e+08 -1.1351e+08 -1.97211e+08 -1.30434e+08 -8.75272e+07 -1.43298e+08 -1.05608e+08 -8.09319e+07 -8.40909e+07 -8.99938e+07 -8.23983e+07 -3.95568e+07 
-1.2769e+08 -3.03567e+08 -2.56614e+08 -4.70151e+08 -5.87869e+08 -8.46721e+08 -9.26792e+08 -1.12787e+09 -1.24119e+09 -1.2952e+09 -1.58255e+09 -1.88045e+09 -2.03724e+09 -2.6183e+09 -3.37138e+09 -3.75092e+09 -4.33667e+09 -4.62108e+09 -5.50821e+09 -5.67114e+09 -6.64399e+09 -7.14124e+09 -7.87947e+09 -8.08357e+09 -8.21274e+09 -8.39915e+09 -8.35906e+09 -8.31608e+09 -7.60027e+09 -7.29876e+09 -7.10589e+09 -6.47928e+09 -5.48412e+09 -4.63897e+09 -4.43768e+09 -3.4567e+09 -2.83185e+09 -2.35029e+09 -1.68185e+09 -1.32639e+09 -9.02039e+08 -6.76279e+08 -4.98462e+08 -4.94406e+08 -2.86085e+08 -2.94796e+08 -3.04328e+08 -1.95409e+08 -1.73503e+08 -2.14548e+08 -1.32344e+08 -1.80551e+08 -7.94773e+07 -1.23095e+08 -1.40484e+08 -8.82755e+07 -8.83227e+07 -1.2633e+08 -9.59461e+07 -6.43405e+07 -1.29744e+08 -1.48339e+08 -1.59428e+08 -1.52897e+08 -1.19255e+08 -1.42557e+08 -1.5092e+08 -1.83164e+08 -1.59184e+08 -1.93852e+08 -9.98212e+07 -1.69001e+08 -1.82866e+08 -1.51168e+08 -2.06871e+08 -2.62319e+08 -1.67159e+08 -2.32069e+08 -1.62677e+08 -1.66619e+08 -1.44742e+08 -1.21117e+08 -2.10788e+08 -1.8941e+08 -1.63852e+08 -2.66243e+08 -1.23596e+08 -1.31507e+08 -1.71059e+08 -1.33203e+08 -1.11769e+08 -1.86514e+08 -1.37972e+08 -1.06078e+08 -1.26604e+08 -1.55071e+08 -7.16747e+07 -5.31561e+07 -7.82439e+07 -8.47468e+07 
-7.44636e+07 -2.61198e+08 -3.58354e+08 -4.64891e+08 -7.13851e+08 -8.78221e+08 -1.02127e+09 -1.15875e+09 -1.23571e+09 -1.38001e+09 -1.78292e+09 -1.83715e+09 -2.12483e+09 -2.69982e+09 -3.46313e+09 -3.73248e+09 -4.53719e+09 -4.82787e+09 -5.82087e+09 -5.66425e+09 -6.94253e+09 -7.43746e+09 -7.9601e+09 -8.27025e+09 -8.48013e+09 -8.69539e+09 -8.69152e+09 -8.53587e+09 -7.5829e+09 -7.49589e+09 -7.39588e+09 -6.78437e+09 -5.59559e+09 -4.87879e+09 -4.44516e+09 -3.41903e+09 -2.95441e+09 -2.42503e+09 -1.67902e+09 -1.32958e+09 -9.39177e+08 -7.21806e+08 -4.60471e+08 -4.57545e+08 -3.36522e+08 -2.67212e+08 -2.52441e+08 -2.80285e+08 -1.51451e+08 -1.60628e+08 -1.95135e+08 -1.62192e+08 -1.27933e+08 -1.56137e+08 -5.83761e+07 -1.24064e+08 -1.22921e+08 -9.12886e+07 -9.00632e+07 -1.19188e+08 -1.17773e+08 -5.62464e+07 -1.14171e+08 -1.65897e+08 -2.08839e+08 -1.38699e+08 -1.08684e+08 -1.80032e+08 -1.89279e+08 -1.78824e+08 -8.9951e+07 -1.37974e+08 -1.72795e+08 -1.92344e+08 -1.82789e+08 -1.98122e+08 -2.40182e+08 -2.27602e+08 -1.39771e+08 -2.49078e+08 -1.13315e+08 -1.3101e+08 -1.34365e+08 -1.98491e+08 -1.7061e+08 -1.47371e+08 -2.17351e+08 -2.08211e+08 -8.94671e+07 -1.41452e+08 -1.38941e+08 -1.61484e+08 -1.18041e+08 -1.99705e+08 -1.21693e+08 -7.29125e+07 -1.24174e+08 -1.68714e+08 -1.02307e+08 -1.02872e+07 
-8.55689e+07 -2.74806e+08 -3.48111e+08 -5.59188e+08 -7.84198e+08 -9.68259e+08 -1.02387e+09 -1.14918e+09 -1.30224e+09 -1.59171e+09 -1.78836e+09 -1.84959e+09 -2.32607e+09 -2.70426e+09 -3.59251e+09 -3.78677e+09 -4.6536e+09 -5.14334e+09 -5.88923e+09 -6.12045e+09 -7.2506e+09 -7.5676e+09 -8.01974e+09 -8.48722e+09 -8.96893e+09 -8.76432e+09 -9.02194e+09 -8.53776e+09 -8.1058e+09 -7.79599e+09 -7.54431e+09 -6.95173e+09 -6.02779e+09 -5.07349e+09 -4.4693e+09 -3.46002e+09 -2.95678e+09 -2.55365e+09 -1.63531e+09 -1.33714e+09 -1.05269e+09 -6.86037e+08 -5.41862e+08 -3.67029e+08 -4.04492e+08 -2.38997e+08 -2.51548e+08 -2.05758e+08 -2.77321e+08 -1.39926e+08 -1.15622e+08 -1.6214e+08 -1.88051e+08 -1.20194e+08 -1.31457e+08 -1.39342e+08 -5.23775e+07 -1.18823e+08 -1.11266e+08 -9.05213e+07 -1.14619e+08 -1.2107e+08 -1.09687e+08 -6.88825e+07 -1.75145e+08 -1.55748e+08 -1.48505e+08 -1.72153e+08 -1.87101e+08 -1.56036e+08 -1.28559e+08 -1.19352e+08 -1.47638e+08 -1.83325e+08 -1.57992e+08 -2.15752e+08 -1.91866e+08 -2.88173e+08 -1.65336e+08 -2.04283e+08 -1.89702e+08 -1.28955e+08 -1.24439e+08 -1.33621e+08 -1.84808e+08 -1.8967e+08 -1.07179e+08 -1.74533e+08 -2.29907e+08 -1.20253e+08 -1.23742e+08 -1.1221e+08 -1.39683e+08 -1.67136e+08 -1.37117e+08 -1.77804e+08 -1.25903e+08 -5.94209e+07 -1.12453e+08 -6.66225e+07 
-1.16681e+08 -2.85923e+08 -4.25734e+08 -6.37574e+08 -8.36659e+08 -8.85075e+08 -1.08531e+09 -1.23025e+09 -1.43815e+09 -1.58683e+09 -1.88299e+09 -1.98441e+09 -2.36345e+09 -2.73684e+09 -3.66177e+09 -4.01742e+09 -4.78798e+09 -5.27776e+09 -6.04913e+09 -6.62758e+09 -7.32807e+09 -7.73063e+09 -8.14047e+09 -8.94124e+09 -9.19292e+09 -8.78894e+09 -9.45049e+09 -8.5136e+09 -8.61303e+09 -8.32856e+09 -7.63344e+09 -7.29185e+09 -6.19923e+09 -5.16607e+09 -4.47666e+09 -3.6158e+09 -2.97342e+09 -2.42725e+09 -1.83664e+09 -1.27025e+09 -1.12617e+09 -7.31156e+08 -5.73971e+08 -4.10594e+08 -3.31584e+08 -3.19851e+08 -1.98029e+08 -2.38951e+08 -1.73254e+08 -2.37363e+08 -1.50638e+08 -1.2638e+08 -1.08075e+08 -1.54712e+08 -1.61472e+08 -1.07769e+08 -1.22539e+08 -1.35785e+08 -5.37246e+07 -1.09797e+08 -1.17433e+08 -1.05286e+08 -1.17212e+08 -1.24022e+08 -1.43583e+08 -1.4152e+08 -1.09754e+08 -1.17618e+08 -2.26798e+08 -1.56018e+08 -1.46557e+08 -1.01119e+08 -1.57317e+08 -1.67036e+08 -1.64895e+08 -1.83438e+08 -1.63792e+08 -2.27198e+08 -2.88792e+08 -1.64307e+08 -2.16694e+08 -1.86761e+08 -1.21721e+08 -1.03896e+08 -1.57327e+08 -1.65863e+08 -1.82275e+08 -1.37253e+08 -1.1843e+08 -1.7831e+08 -2.0521e+08 -9.49174e+07 -1.19285e+08 -1.08642e+08 -1.766e+08 -1.08617e+08 -1.61634e+08 -1.69562e+08 -9.58268e+07 -7.27529e+07 
-1.43991e+08 -3.38372e+08 -4.71704e+08 -5.62067e+08 -7.70246e+08 -9.23628e+08 -1.12316e+09 -1.41785e+09 -1.42454e+09 -1.685e+09 -1.95817e+09 -2.07278e+09 -2.32407e+09 -3.09355e+09 -3.45098e+09 -4.39115e+09 -4.79909e+09 -5.37605e+09 -6.28106e+09 -6.84218e+09 -7.6246e+09 -7.9694e+09 -8.34664e+09 -9.40206e+09 -9.02578e+09 -9.28458e+09 -9.3881e+09 -9.1132e+09 -8.79598e+09 -8.55904e+09 -8.09973e+09 -7.11031e+09 -6.58674e+09 -5.18404e+09 -4.51648e+09 -3.79161e+09 -2.89732e+09 -2.32481e+09 -1.94391e+09 -1.31677e+09 -1.10938e+09 -8.13794e+08 -5.46087e+08 -4.79827e+08 -3.58778e+08 -2.68054e+08 -2.72249e+08 -1.70169e+08 -2.42606e+08 -1.43129e+08 -1.85323e+08 -1.95335e+08 -1.06061e+08 -1.21654e+08 -9.63279e+07 -1.32884e+08 -1.42291e+08 -1.13884e+08 -1.16295e+08 -1.23317e+08 -8.02576e+07 -1.21194e+08 -1.04512e+08 -1.19052e+08 -1.56587e+08 -1.39297e+08 -1.3614e+08 -1.53902e+08 -1.32401e+08 -1.12876e+08 -1.6517e+08 -1.24763e+08 -1.64733e+08 -1.3342e+08 -1.74924e+08 -1.76567e+08 -1.76837e+08 -1.60465e+08 -2.27693e+08 -2.41311e+08 -2.16573e+08 -2.12229e+08 -1.71616e+08 -1.46267e+08 -1.15863e+08 -1.43122e+08 -1.27991e+08 -2.03123e+08 -1.37937e+08 -1.36939e+08 -1.25643e+08 -1.6927e+08 -1.54162e+08 -1.2405e+08 -8.12518e+07 -1.59304e+08 -1.39328e+08 -1.3426e+08 -1.08579e+08 -1.1107e+08 
-1.29917e+08 -3.37442e+08 -3.59782e+08 -5.76329e+08 -6.67231e+08 -1.02328e+09 -1.32001e+09 -1.34068e+09 -1.47619e+09 -1.92039e+09 -1.91914e+09 -2.12656e+09 -2.43781e+09 -3.16426e+09 -3.57068e+09 -4.66095e+09 -4.84565e+09 -5.45728e+09 -6.3337e+09 -7.09195e+09 -7.68119e+09 -8.21588e+09 -8.75769e+09 -9.25252e+09 -9.15817e+09 -9.61282e+09 -9.43378e+09 -9.62064e+09 -9.10273e+09 -8.68487e+09 -8.60122e+09 -7.10949e+09 -6.64527e+09 -5.46109e+09 -4.67233e+09 -3.75225e+09 -2.9974e+09 -2.26284e+09 -1.94548e+09 -1.42582e+09 -1.03874e+09 -8.4151e+08 -6.12215e+08 -4.56259e+08 -3.80533e+08 -3.40058e+08 -2.32175e+08 -2.28551e+08 -1.69647e+08 -1.98271e+08 -1.93771e+08 -1.02478e+08 -1.977e+08 -1.45122e+08 -9.40539e+07 -1.22603e+08 -9.08133e+07 -1.14567e+08 -1.17209e+08 -1.29337e+08 -9.80474e+07 -1.24209e+08 -1.49819e+08 -9.80674e+07 -1.25188e+08 -1.35066e+08 -1.31199e+08 -2.14626e+08 -1.05373e+08 -1.50777e+08 -1.09408e+08 -1.14293e+08 -1.42388e+08 -1.62678e+08 -1.53657e+08 -1.76628e+08 -1.33287e+08 -1.80141e+08 -2.02785e+08 -1.94333e+08 -2.15971e+08 -2.40729e+08 -1.959e+08 -2.06926e+08 -1.18065e+08 -1.61916e+08 -1.46236e+08 -1.19975e+08 -1.50201e+08 -1.48491e+08 -1.58702e+08 -1.45393e+08 -1.01026e+08 -1.63683e+08 -1.13835e+08 -1.43717e+08 -9.09638e+07 -1.45299e+08 -1.42236e+08 -4.02437e+07 
-1.4631e+08 -3.19031e+08 -4.04669e+08 -4.6681e+08 -7.56102e+08 -1.09404e+09 -1.31118e+09 -1.43443e+09 -1.6343e+09 -1.92809e+09 -1.91175e+09 -2.29833e+09 -2.53178e+09 -3.27084e+09 -3.78661e+09 -4.70117e+09 -4.96553e+09 -5.43777e+09 -6.61155e+09 -7.36517e+09 -7.84263e+09 -8.46626e+09 -9.10553e+09 -9.24441e+09 -9.47218e+09 -9.66811e+09 -9.90322e+09 -9.80788e+09 -9.35543e+09 -9.2157e+09 -8.48037e+09 -7.64776e+09 -6.63914e+09 -5.78414e+09 -4.59928e+09 -3.79082e+09 -2.96277e+09 -2.34205e+09 -1.8385e+09 -1.53554e+09 -1.02991e+09 -8.15561e+08 -7.03462e+08 -4.48809e+08 -4.01956e+08 -3.11344e+08 -2.96862e+08 -2.35763e+08 -1.95713e+08 -1.78918e+08 -1.48647e+08 -2.00281e+08 -1.42027e+08 -9.43884e+07 -1.83096e+08 -1.32625e+08 -8.39096e+07 -1.13267e+08 -1.07385e+08 -8.9916e+07 -1.14749e+08 -1.09218e+08 -1.43978e+08 -1.4063e+08 -1.24028e+08 -1.31104e+08 -1.30659e+08 -1.71928e+08 -1.49602e+08 -1.6373e+08 -9.02197e+07 -1.41471e+08 -1.59619e+08 -1.14658e+08 -1.56725e+08 -1.85786e+08 -9.55596e+07 -1.69233e+08 -1.47321e+08 -2.14052e+08 -1.82862e+08 -2.04703e+08 -2.68881e+08 -1.92631e+08 -1.84019e+08 -1.51413e+08 -1.68088e+08 -1.43636e+08 -1.47899e+08 -1.50277e+08 -8.62819e+07 -1.64705e+08 -1.61869e+08 -1.15195e+08 -1.33238e+08 -1.30328e+08 -9.30065e+07 -1.27822e+08 -1.55075e+08 -4.98799e+07 
-1.34434e+08 -2.74522e+08 -3.79586e+08 -5.09812e+08 -7.75626e+08 -1.03738e+09 -1.43767e+09 -1.52482e+09 -1.79328e+09 -1.81423e+09 -2.11579e+09 -2.36012e+09 -2.67606e+09 -3.47038e+09 -3.8358e+09 -4.50704e+09 -5.12444e+09 -5.69202e+09 -6.7121e+09 -7.46852e+09 -7.8978e+09 -8.90087e+09 -9.01764e+09 -9.61662e+09 -9.58948e+09 -1.01271e+10 -9.78841e+09 -9.96354e+09 -9.76501e+09 -9.33939e+09 -8.62424e+09 -7.80299e+09 -6.78445e+09 -5.95071e+09 -4.57549e+09 -3.96821e+09 -3.03689e+09 -2.32213e+09 -1.77506e+09 -1.60829e+09 -9.99099e+08 -8.96665e+08 -6.0926e+08 -5.9017e+08 -3.64258e+08 -3.5028e+08 -2.56979e+08 -2.59303e+08 -2.30592e+08 -1.95317e+08 -1.53636e+08 -1.5089e+08 -1.52385e+08 -1.75403e+08 -1.27244e+08 -8.06956e+07 -1.54279e+08 -1.44079e+08 -8.20935e+07 -1.00607e+08 -1.19064e+08 -8.77653e+07 -1.53375e+08 -1.05473e+08 -1.21287e+08 -1.28782e+08 -1.38192e+08 -1.73692e+08 -1.83953e+08 -1.23241e+08 -1.08149e+08 -1.40506e+08 -1.84988e+08 -9.35255e+07 -1.91722e+08 -1.78013e+08 -9.11736e+07 -1.82554e+08 -1.0819e+08 -1.21567e+08 -1.97226e+08 -1.60224e+08 -2.33131e+08 -2.48845e+08 -2.50796e+08 -1.77136e+08 -1.35552e+08 -1.81716e+08 -1.39616e+08 -1.70388e+08 -1.38732e+08 -1.1526e+08 -1.12108e+08 -1.29618e+08 -1.74641e+08 -1.03246e+08 -1.55226e+08 -9.23951e+07 -9.06254e+07 -4.29536e+07 
-1.38085e+08 -3.30777e+08 -3.33597e+08 -5.16994e+08 -7.63007e+08 -1.15387e+09 -1.53007e+09 -1.62826e+09 -1.71216e+09 -1.97152e+09 -2.24815e+09 -2.45812e+09 -2.78765e+09 -3.63897e+09 -3.86781e+09 -4.50071e+09 -5.30063e+09 -5.92812e+09 -6.79901e+09 -7.64462e+09 -8.0785e+09 -9.05424e+09 -9.40053e+09 -9.65576e+09 -1.00261e+10 -1.03041e+10 -1.03404e+10 -1.00003e+10 -1.02601e+10 -9.62979e+09 -8.6106e+09 -7.89614e+09 -7.03908e+09 -5.94816e+09 -4.61832e+09 -4.1455e+09 -3.08069e+09 -2.35726e+09 -1.82694e+09 -1.49823e+09 -1.1608e+09 -8.23944e+08 -6.89272e+08 -4.93348e+08 -4.96066e+08 -3.12601e+08 -3.00521e+08 -2.32639e+08 -2.14357e+08 -2.15465e+08 -1.85222e+08 -1.75589e+08 -1.32847e+08 -1.32741e+08 -1.46128e+08 -1.48716e+08 -1.39803e+08 -6.67753e+07 -1.13982e+08 -1.60611e+08 -9.0647e+07 -9.38628e+07 -1.56882e+08 -1.08077e+08 -1.14487e+08 -1.23805e+08 -1.19212e+08 -1.44809e+08 -1.58165e+08 -1.47182e+08 -1.60557e+08 -1.35087e+08 -1.35042e+08 -1.3506e+08 -2.12669e+08 -1.3845e+08 -1.18284e+08 -2.13537e+08 -1.12246e+08 -1.29534e+08 -1.41517e+08 -8.5399e+07 -1.6443e+08 -2.31173e+08 -2.29802e+08 -2.78589e+08 -2.4194e+08 -1.52032e+08 -1.40544e+08 -1.36036e+08 -1.63057e+08 -1.93874e+08 -6.73422e+07 -1.33104e+08 -1.2818e+08 -1.24075e+08 -1.37127e+08 -1.19524e+08 -1.52414e+08 -6.78906e+07 
-9.34798e+07 -2.27349e+08 -3.8803e+08 -5.78901e+08 -7.81243e+08 -1.31692e+09 -1.52051e+09 -1.6664e+09 -1.75861e+09 -2.09458e+09 -2.42894e+09 -2.4593e+09 -3.00132e+09 -3.4788e+09 -3.95482e+09 -4.59315e+09 -5.59648e+09 -6.23667e+09 -6.98512e+09 -7.52704e+09 -8.16353e+09 -9.0421e+09 -9.7219e+09 -9.84404e+09 -1.03679e+10 -1.04025e+10 -1.06306e+10 -1.07067e+10 -1.01292e+10 -1.00562e+10 -8.87106e+09 -8.07714e+09 -6.92669e+09 -5.98162e+09 -4.9021e+09 -4.12467e+09 -3.21463e+09 -2.41869e+09 -1.89193e+09 -1.52787e+09 -1.19313e+09 -8.2951e+08 -7.20552e+08 -5.38996e+08 -3.80432e+08 -4.35687e+08 -2.76589e+08 -2.63812e+08 -2.13689e+08 -1.86866e+08 -1.85091e+08 -1.74224e+08 -1.72758e+08 -1.47798e+08 -1.29013e+08 -1.24588e+08 -1.35368e+08 -1.19279e+08 -1.65042e+08 -6.71561e+07 -9.48152e+07 -1.19118e+08 -1.62713e+08 -9.83051e+07 -1.15593e+08 -1.45706e+08 -1.30678e+08 -1.58838e+08 -9.83859e+07 -1.27447e+08 -1.35117e+08 -1.46528e+08 -1.3692e+08 -1.94489e+08 -1.40786e+08 -1.89535e+08 -1.42253e+08 -1.53381e+08 -1.43376e+08 -1.81889e+08 -1.52528e+08 -1.07387e+08 -9.68384e+07 -1.18028e+08 -1.62175e+08 -2.44933e+08 -2.54741e+08 -2.79864e+08 -2.47087e+08 -1.29077e+08 -1.01656e+08 -1.61797e+08 -1.9452e+08 -1.16843e+08 -9.6289e+07 -9.16634e+07 -1.61017e+08 -1.1437e+08 -9.32513e+07 -7.27553e+07 
-9.34004e+07 -3.1761e+08 -4.6388e+08 -5.14249e+08 -9.53319e+08 -1.38478e+09 -1.47615e+09 -1.65961e+09 -1.97514e+09 -2.22741e+09 -2.37668e+09 -2.66801e+09 -3.03962e+09 -3.41272e+09 -4.21394e+09 -4.64686e+09 -5.67585e+09 -6.33966e+09 -7.07699e+09 -7.45545e+09 -8.52456e+09 -9.14366e+09 -9.59422e+09 -1.0429e+10 -1.04656e+10 -1.08879e+10 -1.08977e+10 -1.07554e+10 -1.03913e+10 -1.02398e+10 -9.18046e+09 -8.31283e+09 -6.84914e+09 -5.91736e+09 -5.13584e+09 -4.08327e+09 -3.34882e+09 -2.61702e+09 -1.87482e+09 -1.55572e+09 -1.18044e+09 -9.51951e+08 -7.09519e+08 -5.14165e+08 -4.59091e+08 -3.13915e+08 -3.63863e+08 -2.58941e+08 -2.20085e+08 -1.93005e+08 -2.01559e+08 -1.52967e+08 -1.5191e+08 -1.54058e+08 -1.57267e+08 -1.33124e+08 -1.19119e+08 -1.29391e+08 -1.1677e+08 -1.24105e+08 -1.29867e+08 -1.13985e+08 -1.10782e+08 -1.04213e+08 -1.37836e+08 -1.01304e+08 -1.67927e+08 -1.5483e+08 -1.3911e+08 -1.12417e+08 -1.40888e+08 -1.09829e+08 -1.21484e+08 -1.43597e+08 -1.46366e+08 -1.94856e+08 -2.0263e+08 -1.11988e+08 -1.68906e+08 -1.87703e+08 -1.2664e+08 -1.5118e+08 -1.69867e+08 -8.90409e+07 -1.28081e+08 -1.34462e+08 -1.1525e+08 -3.18696e+08 -2.33578e+08 -2.91829e+08 -2.16382e+08 -1.00923e+08 -1.26251e+08 -1.8638e+08 -1.52346e+08 -9.66162e+07 -8.9031e+07 -1.00816e+08 -1.6416e+08 -5.91297e+07 
-1.23387e+08 -3.67018e+08 -3.80547e+08 -6.83155e+08 -1.07809e+09 -1.21347e+09 -1.57281e+09 -1.79585e+09 -2.12449e+09 -2.18432e+09 -2.50622e+09 -2.67258e+09 -3.11755e+09 -3.51977e+09 -4.19432e+09 -4.83455e+09 -5.5956e+09 -6.57971e+09 -7.07065e+09 -7.63793e+09 -8.81085e+09 -9.17936e+09 -9.82158e+09 -1.06299e+10 -1.08113e+10 -1.13152e+10 -1.10774e+10 -1.08302e+10 -1.06816e+10 -1.05081e+10 -9.67178e+09 -8.28182e+09 -7.08315e+09 -5.83386e+09 -5.30815e+09 -4.0706e+09 -3.57074e+09 -2.67485e+09 -1.96763e+09 -1.60587e+09 -1.20673e+09 -9.24878e+08 -8.32483e+08 -5.12427e+08 -4.11024e+08 -3.85282e+08 -2.73983e+08 -2.93004e+08 -2.5013e+08 -1.91531e+08 -1.76306e+08 -1.81478e+08 -1.53245e+08 -1.52028e+08 -1.25637e+08 -1.34876e+08 -1.43264e+08 -1.37763e+08 -1.0043e+08 -1.28926e+08 -1.16122e+08 -1.23898e+08 -1.22061e+08 -1.51348e+08 -1.02068e+08 -9.53636e+07 -1.33759e+08 -1.83717e+08 -1.05711e+08 -1.51265e+08 -1.58348e+08 -1.16773e+08 -1.22779e+08 -1.50662e+08 -1.24441e+08 -1.24946e+08 -1.53124e+08 -1.41802e+08 -2.00223e+08 -1.77735e+08 -1.58134e+08 -1.78168e+08 -1.49582e+08 -7.20106e+07 -1.93194e+08 -1.51932e+08 -1.19841e+08 -9.28563e+07 -1.90426e+08 -3.1649e+08 -2.22092e+08 -2.71938e+08 -1.73911e+08 -1.27555e+08 -1.54911e+08 -1.63702e+08 -1.38379e+08 -6.68097e+07 -1.08027e+08 -6.48817e+07 
-8.47571e+07 -3.05743e+08 -5.30732e+08 -8.03713e+08 -9.39975e+08 -1.24093e+09 -1.64222e+09 -2.07137e+09 -2.04293e+09 -2.20312e+09 -2.6187e+09 -2.72903e+09 -3.22135e+09 -3.63269e+09 -4.25402e+09 -4.83644e+09 -5.63346e+09 -6.51522e+09 -7.15976e+09 -7.9407e+09 -8.62915e+09 -9.64441e+09 -1.01269e+10 -1.07377e+10 -1.14752e+10 -1.16708e+10 -1.12869e+10 -1.11931e+10 -1.09319e+10 -1.08045e+10 -9.7287e+09 -8.34487e+09 -7.31152e+09 -6.18523e+09 -5.15632e+09 -4.29514e+09 -3.63312e+09 -2.75306e+09 -2.19636e+09 -1.60893e+09 -1.23724e+09 -9.85923e+08 -7.75315e+08 -6.55303e+08 -3.85753e+08 -3.5256e+08 -3.06788e+08 -2.44145e+08 -2.40803e+08 -2.40981e+08 -1.7947e+08 -1.51703e+08 -1.49607e+08 -1.76742e+08 -1.25589e+08 -1.46271e+08 -1.17515e+08 -1.08372e+08 -1.29929e+08 -1.38925e+08 -1.05908e+08 -1.09789e+08 -1.51614e+08 -1.15529e+08 -1.23516e+08 -1.07226e+08 -1.62113e+08 -1.48369e+08 -1.18813e+08 -1.21239e+08 -1.46525e+08 -1.25588e+08 -1.47951e+08 -1.60217e+08 -1.49476e+08 -1.35283e+08 -1.3358e+08 -1.13449e+08 -1.2622e+08 -1.5122e+08 -1.46565e+08 -2.29669e+08 -1.73522e+08 -1.55881e+08 -1.17412e+08 -1.20409e+08 -1.60662e+08 -1.81068e+08 -1.0455e+08 -1.53422e+08 -2.00531e+08 -3.19468e+08 -1.93474e+08 -2.22452e+08 -1.89927e+08 -1.35696e+08 -1.85149e+08 -1.38615e+08 -1.07841e+08 -6.44165e+07 
-1.3319e+08 -4.13418e+08 -5.52336e+08 -6.91059e+08 -9.70059e+08 -1.33462e+09 -1.80464e+09 -2.0049e+09 -2.08749e+09 -2.28953e+09 -2.63331e+09 -2.90703e+09 -3.24054e+09 -3.75453e+09 -4.16565e+09 -5.07055e+09 -5.66895e+09 -6.38736e+09 -7.34884e+09 -8.17638e+09 -8.54168e+09 -1.0009e+10 -1.05451e+10 -1.08541e+10 -1.17807e+10 -1.2024e+10 -1.15047e+10 -1.15344e+10 -1.14891e+10 -1.0737e+10 -9.73071e+09 -8.69005e+09 -7.41129e+09 -6.44517e+09 -5.05836e+09 -4.42233e+09 -3.68058e+09 -2.91714e+09 -2.35475e+09 -1.70948e+09 -1.31647e+09 -1.01173e+09 -7.77392e+08 -6.36322e+08 -4.76293e+08 -3.69096e+08 -2.71956e+08 -2.40002e+08 -2.31493e+08 -2.17121e+08 -1.86556e+08 -1.90985e+08 -1.56638e+08 -1.30424e+08 -1.26601e+08 -1.68372e+08 -1.20361e+08 -1.22988e+08 -1.35816e+08 -7.6311e+07 -1.23226e+08 -1.21371e+08 -1.52705e+08 -1.0939e+08 -1.09597e+08 -1.44994e+08 -1.25346e+08 -1.47421e+08 -1.41396e+08 -1.49635e+08 -1.53379e+08 -9.62085e+07 -1.34861e+08 -1.06377e+08 -1.72239e+08 -1.79444e+08 -1.82782e+08 -1.03836e+08 -1.08679e+08 -1.44907e+08 -1.32044e+08 -1.3319e+08 -1.06399e+08 -2.19683e+08 -1.77297e+08 -1.61982e+08 -1.40565e+08 -1.48367e+08 -9.99834e+07 -1.82923e+08 -1.95346e+08 -1.18838e+08 -2.89139e+08 -2.3883e+08 -1.86763e+08 -2.20376e+08 -1.50223e+08 -1.8524e+08 -1.54243e+08 -7.44184e+07 
-1.66296e+08 -3.71305e+08 -4.5451e+08 -7.06691e+08 -1.0503e+09 -1.47166e+09 -1.86316e+09 -1.86641e+09 -2.19427e+09 -2.43464e+09 -2.54713e+09 -3.08947e+09 -3.33935e+09 -3.90719e+09 -4.14755e+09 -5.25944e+09 -5.74436e+09 -6.37099e+09 -7.70268e+09 -8.43696e+09 -8.96134e+09 -9.81026e+09 -1.0715e+10 -1.10676e+10 -1.17482e+10 -1.20985e+10 -1.18229e+10 -1.18873e+10 -1.16398e+10 -1.0907e+10 -9.7649e+09 -8.94029e+09 -7.60013e+09 -6.58051e+09 -5.16613e+09 -4.72166e+09 -3.6316e+09 -3.04119e+09 -2.45359e+09 -1.79421e+09 -1.39336e+09 -1.00848e+09 -8.47189e+08 -6.32759e+08 -4.62076e+08 -3.65126e+08 -3.62926e+08 -2.30434e+08 -1.91527e+08 -1.90193e+08 -2.2373e+08 -1.47711e+08 -1.73351e+08 -1.67895e+08 -1.37898e+08 -1.15359e+08 -1.19736e+08 -1.4309e+08 -1.34174e+08 -9.05351e+07 -1.59999e+08 -7.05929e+07 -1.16279e+08 -1.25358e+08 -1.37101e+08 -1.14738e+08 -1.31707e+08 -1.4594e+08 -1.58898e+08 -1.33401e+08 -1.33299e+08 -1.57139e+08 -1.45352e+08 -1.28984e+08 -8.30316e+07 -1.6815e+08 -1.41783e+08 -1.88084e+08 -1.51612e+08 -1.1801e+08 -1.54087e+08 -1.24983e+08 -1.1558e+08 -1.16978e+08 -1.36388e+08 -1.28471e+08 -2.00164e+08 -1.83757e+08 -1.83723e+08 -8.42904e+07 -1.41939e+08 -1.96559e+08 -1.82034e+08 -2.01648e+08 -2.68628e+08 -1.97993e+08 -2.04586e+08 -1.93329e+08 -1.43252e+08 -1.07103e+08 
-1.63758e+08 -2.77602e+08 -5.2542e+08 -8.61767e+08 -1.02759e+09 -1.60784e+09 -1.70118e+09 -2.04817e+09 -2.15843e+09 -2.42831e+09 -2.80799e+09 -3.06022e+09 -3.3795e+09 -4.025e+09 -4.21797e+09 -5.40474e+09 -5.90002e+09 -6.46145e+09 -7.62201e+09 -8.75279e+09 -9.30433e+09 -9.88576e+09 -1.08013e+10 -1.18085e+10 -1.13115e+10 -1.25636e+10 -1.19955e+10 -1.23537e+10 -1.1863e+10 -1.10799e+10 -9.81372e+09 -9.10329e+09 -7.88124e+09 -6.63111e+09 -5.56197e+09 -4.73227e+09 -3.84083e+09 -3.1293e+09 -2.40407e+09 -1.9194e+09 -1.45989e+09 -1.05536e+09 -8.90372e+08 -6.05431e+08 -5.24029e+08 -3.65661e+08 -2.678e+08 -3.48553e+08 -2.19689e+08 -1.6502e+08 -1.61477e+08 -1.75602e+08 -1.81497e+08 -1.21896e+08 -1.60634e+08 -1.4825e+08 -1.37771e+08 -9.65605e+07 -1.22672e+08 -1.06648e+08 -1.48464e+08 -9.59033e+07 -1.23957e+08 -1.45084e+08 -8.19921e+07 -1.09136e+08 -1.16238e+08 -1.66836e+08 -1.37777e+08 -1.51214e+08 -1.37836e+08 -1.63787e+08 -1.6315e+08 -9.27975e+07 -1.2774e+08 -1.69717e+08 -1.45216e+08 -1.33083e+08 -1.27183e+08 -1.15593e+08 -1.76714e+08 -2.0189e+08 -1.3064e+08 -9.8356e+07 -1.03518e+08 -1.11797e+08 -1.53031e+08 -1.17126e+08 -1.47993e+08 -2.11261e+08 -1.5472e+08 -1.5904e+08 -1.49673e+08 -1.40837e+08 -2.42983e+08 -2.29809e+08 -2.39989e+08 -2.04192e+08 -1.95421e+08 -6.58631e+07 
-1.78927e+08 -4.18959e+08 -6.59941e+08 -7.54512e+08 -1.25356e+09 -1.50084e+09 -1.69504e+09 -2.11899e+09 -2.18216e+09 -2.51429e+09 -2.94202e+09 -3.04029e+09 -3.52679e+09 -3.96274e+09 -4.49949e+09 -5.47962e+09 -6.07725e+09 -6.59657e+09 -7.58659e+09 -9.06533e+09 -9.32465e+09 -1.01339e+10 -1.09067e+10 -1.19053e+10 -1.18967e+10 -1.24726e+10 -1.2135e+10 -1.26092e+10 -1.21666e+10 -1.11604e+10 -1.00301e+10 -9.08996e+09 -7.89674e+09 -6.91589e+09 -5.7668e+09 -4.78052e+09 -4.0526e+09 -3.14034e+09 -2.46083e+09 -1.92744e+09 -1.522e+09 -1.178e+09 -8.28875e+08 -6.94161e+08 -4.93178e+08 -4.264e+08 -2.85499e+08 -2.1073e+08 -2.9401e+08 -2.45367e+08 -1.4543e+08 -1.53619e+08 -1.2655e+08 -1.84132e+08 -1.40719e+08 -1.06777e+08 -1.44043e+08 -1.25691e+08 -1.51878e+08 -8.5955e+07 -1.16209e+08 -1.0199e+08 -1.28177e+08 -1.2646e+08 -9.47884e+07 -1.67964e+08 -9.81607e+07 -1.0082e+08 -1.36817e+08 -1.38273e+08 -1.6808e+08 -1.36782e+08 -1.8609e+08 -1.34296e+08 -1.18285e+08 -1.26156e+08 -1.33571e+08 -1.76898e+08 -1.75278e+08 -8.83832e+07 -1.21647e+08 -1.22671e+08 -2.02844e+08 -1.51696e+08 -1.30254e+08 -1.25824e+08 -9.34186e+07 -1.18438e+08 -1.377e+08 -1.48462e+08 -1.06173e+08 -1.32949e+08 -2.25661e+08 -2.00568e+08 -1.13236e+08 -1.88272e+08 -2.2257e+08 -2.47494e+08 -2.39724e+08 -1.48208e+08 
-2.14461e+08 -4.92657e+08 -5.66594e+08 -8.95785e+08 -1.3394e+09 -1.4188e+09 -1.69368e+09 -2.14897e+09 -2.32103e+09 -2.58597e+09 -2.92976e+09 -3.15312e+09 -3.412e+09 -4.24665e+09 -4.60284e+09 -5.48292e+09 -6.28279e+09 -6.86106e+09 -7.71445e+09 -9.03435e+09 -9.35605e+09 -1.03628e+10 -1.09757e+10 -1.19763e+10 -1.2375e+10 -1.26097e+10 -1.23859e+10 -1.26472e+10 -1.22372e+10 -1.13475e+10 -1.03649e+10 -9.21017e+09 -8.03282e+09 -7.04119e+09 -5.98895e+09 -4.97565e+09 -4.13084e+09 -3.30881e+09 -2.57697e+09 -1.93576e+09 -1.55528e+09 -1.22025e+09 -8.60781e+08 -7.06925e+08 -5.14385e+08 -3.77196e+08 -3.7696e+08 -2.44958e+08 -1.6648e+08 -2.4103e+08 -2.41402e+08 -1.56249e+08 -1.518e+08 -1.35515e+08 -1.04395e+08 -1.77197e+08 -1.09131e+08 -1.03503e+08 -1.30034e+08 -1.05961e+08 -1.45479e+08 -1.03982e+08 -9.92151e+07 -1.13121e+08 -1.10709e+08 -1.33687e+08 -1.30714e+08 -9.08022e+07 -1.82255e+08 -1.00193e+08 -1.52588e+08 -1.0982e+08 -1.66822e+08 -1.63441e+08 -1.44856e+08 -1.41655e+08 -1.07425e+08 -1.9603e+08 -1.30016e+08 -1.09961e+08 -1.52017e+08 -1.61314e+08 -1.12311e+08 -1.53837e+08 -1.09461e+08 -1.49661e+08 -1.54532e+08 -1.18004e+08 -1.25286e+08 -1.25894e+08 -1.20813e+08 -1.07841e+08 -1.38369e+08 -1.26099e+08 -1.84638e+08 -2.23379e+08 -1.79398e+08 -1.49487e+08 -2.08207e+08 -1.82463e+08 
-1.31688e+08 -4.60896e+08 -6.41759e+08 -1.02021e+09 -1.24486e+09 -1.38003e+09 -1.80043e+09 -2.14234e+09 -2.46023e+09 -2.61101e+09 -2.91651e+09 -3.20378e+09 -3.58092e+09 -4.36418e+09 -4.80385e+09 -5.46468e+09 -6.33698e+09 -7.17282e+09 -7.85956e+09 -9.00718e+09 -9.63445e+09 -1.05852e+10 -1.12728e+10 -1.18908e+10 -1.26719e+10 -1.28051e+10 -1.25497e+10 -1.27637e+10 -1.24654e+10 -1.14003e+10 -1.09566e+10 -9.22834e+09 -8.456e+09 -7.10463e+09 -6.11815e+09 -5.24835e+09 -4.15146e+09 -3.40337e+09 -2.62011e+09 -2.09656e+09 -1.49562e+09 -1.24916e+09 -9.54875e+08 -6.2074e+08 -5.34888e+08 -4.34687e+08 -2.90811e+08 -3.38993e+08 -2.31355e+08 -1.41996e+08 -1.88762e+08 -2.17929e+08 -1.80898e+08 -1.28387e+08 -1.49722e+08 -1.19878e+08 -9.01188e+07 -1.68269e+08 -8.44283e+07 -1.07823e+08 -1.1164e+08 -1.16221e+08 -1.05467e+08 -1.32667e+08 -1.01636e+08 -1.13617e+08 -1.29969e+08 -1.11003e+08 -1.15713e+08 -1.2271e+08 -1.59396e+08 -1.83931e+08 -1.267e+08 -1.26373e+08 -9.99739e+07 -1.52231e+08 -1.49229e+08 -1.75222e+08 -1.78852e+08 -8.61862e+07 -1.62399e+08 -1.37086e+08 -1.03685e+08 -1.80695e+08 -1.63252e+08 -8.13093e+07 -1.18559e+08 -1.28269e+08 -1.32347e+08 -1.61634e+08 -1.43935e+08 -1.16717e+08 -9.50483e+07 -1.1259e+08 -1.41911e+08 -1.56346e+08 -1.34633e+08 -2.09054e+08 -2.13301e+08 -8.4126e+07 
-2.3315e+08 -4.50688e+08 -7.11882e+08 -1.08379e+09 -1.0841e+09 -1.58289e+09 -1.84354e+09 -2.11711e+09 -2.54218e+09 -2.53822e+09 -2.98344e+09 -3.31595e+09 -3.75444e+09 -4.38483e+09 -4.96839e+09 -5.62263e+09 -6.39302e+09 -7.42148e+09 -8.06551e+09 -8.90831e+09 -1.00554e+10 -1.068e+10 -1.15866e+10 -1.203e+10 -1.28537e+10 -1.31601e+10 -1.26411e+10 -1.29067e+10 -1.2382e+10 -1.15455e+10 -1.09708e+10 -9.73147e+09 -8.39279e+09 -7.30981e+09 -6.44305e+09 -5.32758e+09 -4.27794e+09 -3.33619e+09 -2.60826e+09 -2.25313e+09 -1.55676e+09 -1.19804e+09 -9.62431e+08 -6.80829e+08 -4.97456e+08 -4.17577e+08 -3.25106e+08 -2.68118e+08 -3.00229e+08 -2.24727e+08 -1.5139e+08 -1.4734e+08 -1.84136e+08 -1.53081e+08 -1.59257e+08 -1.24355e+08 -1.43909e+08 -1.12106e+08 -6.94986e+07 -1.70398e+08 -7.25733e+07 -1.00273e+08 -9.9773e+07 -1.18623e+08 -8.01984e+07 -1.57235e+08 -1.17517e+08 -1.16629e+08 -1.1765e+08 -1.12967e+08 -1.29864e+08 -1.52118e+08 -1.5722e+08 -1.5274e+08 -1.41845e+08 -1.16724e+08 -1.16111e+08 -1.10057e+08 -2.04969e+08 -1.34131e+08 -1.57693e+08 -1.7063e+08 -8.63567e+07 -1.49084e+08 -1.70876e+08 -9.4906e+07 -1.51872e+08 -1.30448e+08 -9.17374e+07 -1.05564e+08 -1.49267e+08 -1.53397e+08 -1.61987e+08 -1.02479e+08 -9.3185e+07 -1.39282e+08 -1.4096e+08 -1.53368e+08 -1.27458e+08 -7.87903e+07 
-1.57649e+08 -5.27738e+08 -8.16321e+08 -8.61724e+08 -1.32418e+09 -1.58189e+09 -1.88014e+09 -2.11255e+09 -2.47097e+09 -2.70959e+09 -2.91121e+09 -3.4866e+09 -3.92585e+09 -4.42344e+09 -5.28411e+09 -5.60743e+09 -6.60975e+09 -7.50766e+09 -8.25645e+09 -8.91129e+09 -1.04217e+10 -1.0762e+10 -1.17651e+10 -1.25274e+10 -1.28929e+10 -1.31233e+10 -1.32519e+10 -1.27824e+10 -1.23583e+10 -1.20516e+10 -1.09493e+10 -1.01937e+10 -8.5479e+09 -7.5214e+09 -6.58878e+09 -5.35912e+09 -4.43861e+09 -3.29449e+09 -2.65909e+09 -2.27339e+09 -1.66541e+09 -1.21107e+09 -9.36582e+08 -7.01715e+08 -5.17561e+08 -3.70722e+08 -3.50196e+08 -2.58977e+08 -2.49014e+08 -2.65338e+08 -2.08628e+08 -1.8168e+08 -1.17299e+08 -1.35508e+08 -1.80998e+08 -1.12205e+08 -1.38166e+08 -1.18769e+08 -1.40902e+08 -1.17328e+08 -5.76923e+07 -1.5119e+08 -9.13435e+07 -6.89358e+07 -1.04512e+08 -1.20229e+08 -1.16245e+08 -1.07572e+08 -1.48233e+08 -1.05336e+08 -1.32455e+08 -1.3339e+08 -1.75842e+08 -1.17947e+08 -1.28982e+08 -1.20035e+08 -1.55162e+08 -1.33203e+08 -1.77678e+08 -9.78454e+07 -1.10062e+08 -1.71085e+08 -1.53443e+08 -1.65503e+08 -1.46554e+08 -1.25965e+08 -1.25216e+08 -1.25923e+08 -9.80008e+07 -1.53649e+08 -9.58866e+07 -1.18255e+08 -1.37008e+08 -1.51525e+08 -1.34676e+08 -1.14323e+08 -1.46788e+08 -1.15012e+08 -1.29168e+08 -8.35233e+07 
-1.77192e+08 -5.59286e+08 -6.53633e+08 -1.00655e+09 -1.49165e+09 -1.45001e+09 -1.98507e+09 -2.10066e+09 -2.39061e+09 -2.90476e+09 -2.79175e+09 -3.7523e+09 -3.92912e+09 -4.78305e+09 -5.09782e+09 -5.96581e+09 -6.62796e+09 -7.52911e+09 -8.6258e+09 -9.04967e+09 -1.03073e+10 -1.10899e+10 -1.19082e+10 -1.32094e+10 -1.29495e+10 -1.29238e+10 -1.34544e+10 -1.29841e+10 -1.2478e+10 -1.25671e+10 -1.09797e+10 -1.02426e+10 -9.05719e+09 -7.7022e+09 -6.56687e+09 -5.55422e+09 -4.47166e+09 -3.47258e+09 -2.66761e+09 -2.24067e+09 -1.66863e+09 -1.391e+09 -8.74114e+08 -6.40356e+08 -5.75297e+08 -3.87487e+08 -3.19027e+08 -2.96607e+08 -1.94257e+08 -2.41571e+08 -2.27297e+08 -1.94504e+08 -1.91221e+08 -1.309e+08 -1.33744e+08 -1.1164e+08 -1.5514e+08 -9.23747e+07 -1.27667e+08 -1.05304e+08 -1.40127e+08 -1.25351e+08 -5.91312e+07 -1.22116e+08 -1.1648e+08 -6.09781e+07 -1.00306e+08 -1.34418e+08 -1.22832e+08 -8.90949e+07 -1.47365e+08 -1.24465e+08 -1.59234e+08 -1.68779e+08 -1.31487e+08 -9.50182e+07 -1.07216e+08 -1.3487e+08 -1.46798e+08 -1.96271e+08 -1.27599e+08 -1.28663e+08 -9.20055e+07 -1.4344e+08 -1.41762e+08 -1.92361e+08 -1.6746e+08 -8.35979e+07 -1.40725e+08 -1.18656e+08 -1.00706e+08 -9.35332e+07 -1.64054e+08 -1.08242e+08 -1.28935e+08 -1.39344e+08 -1.21989e+08 -1.57612e+08 -1.34452e+08 -6.3601e+07 
-2.77391e+08 -4.74492e+08 -7.35307e+08 -1.18986e+09 -1.39572e+09 -1.56495e+09 -1.87982e+09 -2.16204e+09 -2.45622e+09 -2.76821e+09 -3.10895e+09 -3.70923e+09 -4.08354e+09 -4.82604e+09 -5.14995e+09 -6.23997e+09 -6.52758e+09 -7.60079e+09 -8.89119e+09 -9.53794e+09 -1.02436e+10 -1.14006e+10 -1.24424e+10 -1.30298e+10 -1.33244e+10 -1.30774e+10 -1.31605e+10 -1.3447e+10 -1.30504e+10 -1.24373e+10 -1.12615e+10 -1.06183e+10 -9.21059e+09 -8.0692e+09 -6.59489e+09 -5.58159e+09 -4.5547e+09 -3.61391e+09 -2.72588e+09 -2.19484e+09 -1.7303e+09 -1.27904e+09 -9.50211e+08 -7.04674e+08 -4.54552e+08 -5.09971e+08 -2.74523e+08 -2.90867e+08 -2.3834e+08 -1.67526e+08 -2.07532e+08 -2.14808e+08 -1.89678e+08 -1.50745e+08 -1.80295e+08 -1.07496e+08 -1.32059e+08 -9.88201e+07 -1.38845e+08 -7.62432e+07 -1.12741e+08 -1.02006e+08 -1.33036e+08 -1.25536e+08 -9.02385e+07 -6.58563e+07 -1.52817e+08 -8.9611e+07 -8.11807e+07 -1.23214e+08 -1.35698e+08 -1.1999e+08 -1.04689e+08 -1.85294e+08 -1.54546e+08 -1.24854e+08 -9.87362e+07 -1.51118e+08 -9.3814e+07 -1.38482e+08 -1.55448e+08 -1.34127e+08 -1.61086e+08 -1.41185e+08 -1.17276e+08 -1.03251e+08 -1.69343e+08 -1.27886e+08 -1.4975e+08 -1.83131e+08 -6.45474e+07 -1.14962e+08 -1.24102e+08 -1.0819e+08 -1.0482e+08 -1.57174e+08 -1.09957e+08 -1.39384e+08 -1.4537e+08 -4.74827e+07 
-1.00383e+08 -5.23053e+08 -8.97576e+08 -1.15978e+09 -1.3412e+09 -1.70007e+09 -1.80256e+09 -2.18022e+09 -2.50433e+09 -2.82234e+09 -3.17428e+09 -3.85931e+09 -4.07869e+09 -4.94938e+09 -5.40158e+09 -6.1978e+09 -6.7973e+09 -7.57173e+09 -8.98982e+09 -9.9981e+09 -1.06122e+10 -1.12965e+10 -1.2896e+10 -1.31044e+10 -1.35903e+10 -1.32036e+10 -1.34e+10 -1.37084e+10 -1.37462e+10 -1.20492e+10 -1.1443e+10 -1.09449e+10 -9.45119e+09 -8.28147e+09 -6.69314e+09 -5.61601e+09 -4.71091e+09 -3.65509e+09 -2.91769e+09 -2.19348e+09 -1.73415e+09 -1.23322e+09 -9.62794e+08 -7.47587e+08 -4.4528e+08 -4.43166e+08 -4.01053e+08 -2.29005e+08 -2.55711e+08 -1.99316e+08 -1.58546e+08 -1.56155e+08 -2.22758e+08 -1.60772e+08 -1.49862e+08 -1.41273e+08 -1.63914e+08 -1.0922e+08 -1.18798e+08 -8.94984e+07 -1.30876e+08 -6.76368e+07 -9.30161e+07 -1.17764e+08 -9.99743e+07 -1.25997e+08 -1.18379e+08 -6.80748e+07 -1.54031e+08 -1.06461e+08 -9.11019e+07 -1.05918e+08 -1.5103e+08 -1.26626e+08 -1.45001e+08 -1.42468e+08 -9.40713e+07 -1.47049e+08 -1.42258e+08 -1.32796e+08 -1.2416e+08 -1.08431e+08 -1.45015e+08 -1.16497e+08 -1.50632e+08 -1.56003e+08 -1.62443e+08 -1.04417e+08 -1.09131e+08 -1.2377e+08 -1.54714e+08 -1.42462e+08 -1.28571e+08 -9.09045e+07 -1.1411e+08 -1.25557e+08 -1.05505e+08 -1.26808e+08 -1.34799e+08 -5.5129e+07 
-2.75457e+08 -6.15381e+08 -7.69743e+08 -1.20573e+09 -1.40131e+09 -1.68123e+09 -1.80655e+09 -2.18458e+09 -2.55195e+09 -2.8835e+09 -3.32069e+09 -3.80673e+09 -4.16242e+09 -5.15342e+09 -5.46548e+09 -6.23056e+09 -7.12116e+09 -7.69842e+09 -9.12646e+09 -1.02588e+10 -1.10887e+10 -1.1529e+10 -1.29355e+10 -1.31277e+10 -1.35661e+10 -1.34418e+10 -1.39526e+10 -1.41846e+10 -1.35848e+10 -1.23111e+10 -1.17477e+10 -1.11e+10 -9.7857e+09 -8.2009e+09 -6.84776e+09 -5.86067e+09 -4.67193e+09 -3.71627e+09 -3.10893e+09 -2.14459e+09 -1.71459e+09 -1.21183e+09 -9.15374e+08 -7.7959e+08 -5.43972e+08 -3.13524e+08 -4.33969e+08 -3.07728e+08 -2.02215e+08 -2.25236e+08 -1.92476e+08 -1.30424e+08 -1.4416e+08 -1.7931e+08 -1.71531e+08 -1.42147e+08 -1.19818e+08 -1.37101e+08 -1.56258e+08 -1.06416e+08 -1.17685e+08 -7.57055e+07 -1.25542e+08 -7.07011e+07 -7.91089e+07 -1.12481e+08 -8.14276e+07 -1.22021e+08 -1.56717e+08 -1.00424e+08 -1.0432e+08 -1.61574e+08 -8.87866e+07 -1.12927e+08 -1.00298e+08 -2.06187e+08 -1.00348e+08 -7.95214e+07 -1.69443e+08 -1.12562e+08 -1.54816e+08 -1.17017e+08 -1.68026e+08 -9.8984e+07 -7.05928e+07 -1.66784e+08 -1.34978e+08 -1.44435e+08 -1.7514e+08 -1.14025e+08 -9.59342e+07 -1.36233e+08 -9.94124e+07 -1.33039e+08 -1.50996e+08 -1.16067e+08 -1.02584e+08 -1.29819e+08 -1.04728e+08 -3.75206e+07 
-2.11278e+08 -4.97542e+08 -8.12301e+08 -1.29635e+09 -1.34106e+09 -1.73557e+09 -1.78051e+09 -2.25847e+09 -2.58846e+09 -2.90725e+09 -3.44326e+09 -3.72005e+09 -4.40647e+09 -5.17868e+09 -5.71135e+09 -6.42008e+09 -7.20265e+09 -8.04684e+09 -9.1984e+09 -1.06179e+10 -1.09804e+10 -1.21931e+10 -1.26962e+10 -1.32146e+10 -1.3626e+10 -1.38907e+10 -1.44167e+10 -1.46341e+10 -1.32686e+10 -1.27985e+10 -1.20697e+10 -1.09918e+10 -9.89627e+09 -8.54896e+09 -6.77906e+09 -6.05992e+09 -4.72635e+09 -3.74715e+09 -3.17029e+09 -2.25157e+09 -1.69732e+09 -1.24235e+09 -8.61621e+08 -7.38065e+08 -6.09281e+08 -3.76497e+08 -3.06921e+08 -3.70686e+08 -2.40977e+08 -1.96129e+08 -1.85223e+08 -2.11284e+08 -1.03823e+08 -1.2414e+08 -1.6222e+08 -1.5562e+08 -1.35419e+08 -1.37572e+08 -1.05244e+08 -1.18756e+08 -1.57383e+08 -1.03963e+08 -1.20786e+08 -6.55618e+07 -1.21133e+08 -7.44433e+07 -7.5266e+07 -8.8085e+07 -1.20918e+08 -1.1254e+08 -1.45417e+08 -1.3528e+08 -1.10797e+08 -1.58813e+08 -9.92038e+07 -1.00712e+08 -1.44033e+08 -1.10565e+08 -1.48701e+08 -1.08251e+08 -1.25389e+08 -1.10395e+08 -1.56431e+08 -1.56477e+08 -1.05347e+08 -1.24066e+08 -1.05833e+08 -1.21044e+08 -1.42177e+08 -1.21747e+08 -1.3718e+08 -1.70958e+08 -1.13737e+08 -8.46604e+07 -1.19721e+08 -1.14916e+08 -1.1975e+08 -1.59967e+08 -1.08851e+08 -5.77737e+07 
-1.95941e+08 -5.36347e+08 -9.39391e+08 -1.07758e+09 -1.53516e+09 -1.67384e+09 -1.8584e+09 -2.26487e+09 -2.64801e+09 -2.86715e+09 -3.57507e+09 -3.7154e+09 -4.59821e+09 -5.05016e+09 -5.91901e+09 -6.41884e+09 -7.22836e+09 -8.38074e+09 -9.37817e+09 -1.0701e+10 -1.10049e+10 -1.279e+10 -1.25488e+10 -1.34646e+10 -1.38233e+10 -1.45564e+10 -1.47562e+10 -1.44308e+10 -1.3645e+10 -1.33082e+10 -1.20569e+10 -1.12276e+10 -9.77886e+09 -8.76096e+09 -7.20656e+09 -5.92896e+09 -4.88929e+09 -3.9377e+09 -3.08978e+09 -2.29978e+09 -1.70292e+09 -1.28386e+09 -8.71709e+08 -6.8205e+08 -6.02337e+08 -4.46562e+08 -2.95347e+08 -3.07505e+08 -2.90767e+08 -2.02396e+08 -2.09507e+08 -1.43808e+08 -1.92424e+08 -1.33847e+08 -1.05495e+08 -1.22432e+08 -1.56622e+08 -1.39252e+08 -1.11989e+08 -1.30349e+08 -1.03203e+08 -8.82882e+07 -1.63794e+08 -1.04042e+08 -1.25871e+08 -6.79851e+07 -1.02883e+08 -8.91778e+07 -7.48403e+07 -9.20778e+07 -1.47063e+08 -9.94704e+07 -1.25833e+08 -1.78972e+08 -1.10845e+08 -1.08385e+08 -1.54461e+08 -1.0597e+08 -1.10984e+08 -1.13168e+08 -1.45737e+08 -1.27181e+08 -9.04349e+07 -1.66264e+08 -8.23031e+07 -1.72009e+08 -1.03747e+08 -1.60547e+08 -1.1988e+08 -6.82456e+07 -1.24468e+08 -1.48726e+08 -1.14755e+08 -1.36642e+08 -1.45066e+08 -1.01968e+08 -1.16785e+08 -9.24622e+07 -1.38402e+08 -4.08105e+07 
-1.88513e+08 -5.57715e+08 -8.65772e+08 -1.08949e+09 -1.54027e+09 -1.76001e+09 -1.85367e+09 -2.29827e+09 -2.6682e+09 -2.89799e+09 -3.54768e+09 -3.93951e+09 -4.55714e+09 -5.06639e+09 -5.8596e+09 -6.59533e+09 -7.49548e+09 -8.56556e+09 -9.6764e+09 -1.05694e+10 -1.14223e+10 -1.25127e+10 -1.29787e+10 -1.36429e+10 -1.41735e+10 -1.50762e+10 -1.51183e+10 -1.46826e+10 -1.35713e+10 -1.37048e+10 -1.22546e+10 -1.13617e+10 -9.8288e+09 -8.77458e+09 -7.73621e+09 -5.71482e+09 -5.09844e+09 -3.9357e+09 -3.24488e+09 -2.28642e+09 -1.69588e+09 -1.34536e+09 -9.49077e+08 -6.68352e+08 -4.81235e+08 -5.19598e+08 -3.3721e+08 -2.7253e+08 -2.6629e+08 -2.47289e+08 -1.78312e+08 -1.94828e+08 -1.4131e+08 -1.50432e+08 -1.75984e+08 -9.80314e+07 -1.12121e+08 -1.20238e+08 -1.43022e+08 -1.26666e+08 -9.5049e+07 -1.23744e+08 -1.10994e+08 -6.33723e+07 -1.5368e+08 -1.18955e+08 -1.10732e+08 -9.50526e+07 -8.15772e+07 -1.17384e+08 -7.52055e+07 -1.2727e+08 -1.04238e+08 -1.39225e+08 -1.26522e+08 -1.14781e+08 -1.46941e+08 -1.19372e+08 -1.59177e+08 -1.18953e+08 -8.099e+07 -1.33638e+08 -1.18052e+08 -1.37748e+08 -1.154e+08 -1.03696e+08 -1.36367e+08 -1.03989e+08 -2.01093e+08 -8.219e+07 -1.28666e+08 -9.68775e+07 -1.01286e+08 -1.30322e+08 -1.0446e+08 -1.31822e+08 -1.317e+08 -1.33344e+08 -1.06083e+08 -5.29112e+07 
-2.55753e+08 -6.14604e+08 -6.43651e+08 -1.31335e+09 -1.45138e+09 -1.84724e+09 -1.83175e+09 -2.4036e+09 -2.58471e+09 -2.95379e+09 -3.61151e+09 -4.09139e+09 -4.57398e+09 -5.0671e+09 -5.83969e+09 -6.89804e+09 -7.63208e+09 -8.64348e+09 -1.00503e+10 -1.04647e+10 -1.17436e+10 -1.21561e+10 -1.34323e+10 -1.42027e+10 -1.43715e+10 -1.5388e+10 -1.52004e+10 -1.52891e+10 -1.38783e+10 -1.35096e+10 -1.27438e+10 -1.15814e+10 -1.01249e+10 -8.81063e+09 -7.65899e+09 -6.06841e+09 -4.93928e+09 -4.07306e+09 -3.31933e+09 -2.25334e+09 -1.75533e+09 -1.30942e+09 -1.04006e+09 -7.41748e+08 -4.02422e+08 -4.75015e+08 -3.93488e+08 -2.87711e+08 -2.43011e+08 -2.17433e+08 -2.489e+08 -1.44566e+08 -1.55482e+08 -1.89672e+08 -9.98028e+07 -1.57202e+08 -1.5072e+08 -8.92452e+07 -1.1619e+08 -1.17144e+08 -1.32948e+08 -1.13978e+08 -8.43333e+07 -1.14341e+08 -1.16261e+08 -5.91997e+07 -1.29776e+08 -1.29344e+08 -1.04881e+08 -1.25827e+08 -8.35793e+07 -1.40771e+08 -9.47797e+07 -9.74605e+07 -1.21968e+08 -1.38659e+08 -9.63338e+07 -1.04449e+08 -1.70228e+08 -1.49053e+08 -1.28069e+08 -1.14211e+08 -1.13335e+08 -1.06706e+08 -1.10584e+08 -1.32555e+08 -1.29593e+08 -8.86127e+07 -1.58762e+08 -1.08188e+08 -1.4094e+08 -1.14123e+08 -9.8873e+07 -1.54484e+08 -6.36049e+07 -9.67954e+07 -1.524e+08 -9.44466e+07 -1.13693e+08 -7.52008e+07 
-2.03872e+08 -3.54462e+08 -9.10964e+08 -1.23167e+09 -1.49866e+09 -1.76058e+09 -2.01582e+09 -2.36522e+09 -2.53453e+09 -3.03791e+09 -3.71953e+09 -4.19304e+09 -4.4924e+09 -5.22336e+09 -6.03631e+09 -6.99698e+09 -7.99479e+09 -8.65082e+09 -1.00065e+10 -1.0647e+10 -1.179e+10 -1.26274e+10 -1.37646e+10 -1.42247e+10 -1.51734e+10 -1.49753e+10 -1.56312e+10 -1.56516e+10 -1.43226e+10 -1.32585e+10 -1.29702e+10 -1.16529e+10 -1.05703e+10 -9.00648e+09 -7.4869e+09 -6.13056e+09 -4.97569e+09 -4.2075e+09 -3.21705e+09 -2.28145e+09 -1.76888e+09 -1.36147e+09 -9.97049e+08 -8.17783e+08 -4.84526e+08 -3.56794e+08 -4.24481e+08 -3.08602e+08 -2.49695e+08 -2.22458e+08 -1.85006e+08 -2.27933e+08 -1.39069e+08 -1.18666e+08 -1.78225e+08 -1.54283e+08 -8.87412e+07 -1.5319e+08 -1.3234e+08 -9.42245e+07 -1.1593e+08 -1.13875e+08 -1.22804e+08 -1.09487e+08 -7.71195e+07 -1.01829e+08 -1.12187e+08 -8.74009e+07 -7.93438e+07 -1.53226e+08 -1.20616e+08 -1.30908e+08 -1.23887e+08 -1.13421e+08 -1.12418e+08 -1.08219e+08 -9.99862e+07 -1.12199e+08 -1.26422e+08 -1.34435e+08 -1.3189e+08 -1.43469e+08 -1.25374e+08 -1.37062e+08 -9.86023e+07 -9.65192e+07 -1.34864e+08 -1.05188e+08 -1.04951e+08 -1.66702e+08 -1.11401e+08 -1.24438e+08 -5.76821e+07 -1.6805e+08 -1.22772e+08 -9.30488e+07 -1.12499e+08 -9.21376e+07 -1.11681e+08 -8.97006e+07 
-1.53826e+08 -6.60545e+08 -8.03987e+08 -1.15295e+09 -1.54866e+09 -1.69767e+09 -2.2405e+09 -2.19482e+09 -2.5929e+09 -3.1231e+09 -3.9307e+09 -3.93811e+09 -4.67102e+09 -5.33983e+09 -6.10202e+09 -7.02046e+09 -8.35079e+09 -8.60211e+09 -9.97894e+09 -1.0848e+10 -1.18231e+10 -1.3305e+10 -1.41013e+10 -1.42087e+10 -1.52433e+10 -1.5397e+10 -1.60235e+10 -1.57102e+10 -1.464e+10 -1.35682e+10 -1.29455e+10 -1.2189e+10 -1.07352e+10 -9.41975e+09 -7.30138e+09 -6.17372e+09 -5.05297e+09 -4.2301e+09 -3.12274e+09 -2.46454e+09 -1.75688e+09 -1.39269e+09 -1.05555e+09 -7.1242e+08 -6.55271e+08 -3.38312e+08 -3.66325e+08 -3.35767e+08 -2.46172e+08 -2.40696e+08 -2.05321e+08 -1.69981e+08 -1.7882e+08 -1.64198e+08 -1.2086e+08 -1.03011e+08 -1.79629e+08 -1.39129e+08 -8.53166e+07 -1.38922e+08 -1.27654e+08 -1.0084e+08 -1.13692e+08 -1.15395e+08 -1.10726e+08 -1.09211e+08 -7.16035e+07 -9.50169e+07 -1.06068e+08 -1.05218e+08 -7.50489e+07 -1.60305e+08 -1.38945e+08 -1.26755e+08 -1.31965e+08 -1.21537e+08 -1.19769e+08 -6.97467e+07 -1.17182e+08 -1.32796e+08 -1.37702e+08 -1.3274e+08 -9.06521e+07 -1.52444e+08 -1.29598e+08 -1.15128e+08 -1.16735e+08 -1.12338e+08 -1.08817e+08 -1.03896e+08 -1.47912e+08 -1.30687e+08 -9.15383e+07 -1.22942e+08 -8.45827e+07 -1.28407e+08 -1.33888e+08 -8.45554e+07 -1.15627e+08 -2.70014e+07 
-2.89603e+08 -5.03348e+08 -7.32756e+08 -1.12708e+09 -1.60436e+09 -1.73277e+09 -2.26883e+09 -2.15924e+09 -2.73592e+09 -3.15625e+09 -3.8574e+09 -3.88875e+09 -4.91639e+09 -5.63157e+09 -6.22657e+09 -7.16909e+09 -8.32355e+09 -8.8076e+09 -1.00043e+10 -1.09848e+10 -1.23337e+10 -1.35122e+10 -1.39187e+10 -1.50418e+10 -1.50087e+10 -1.58891e+10 -1.66453e+10 -1.55375e+10 -1.50569e+10 -1.36658e+10 -1.31081e+10 -1.2363e+10 -1.10212e+10 -9.37912e+09 -7.48298e+09 -6.32506e+09 -5.04439e+09 -4.17071e+09 -3.10617e+09 -2.54029e+09 -1.83725e+09 -1.3513e+09 -1.08844e+09 -7.13626e+08 -6.55239e+08 -4.42434e+08 -2.99696e+08 -3.45333e+08 -2.81156e+08 -1.7546e+08 -2.67397e+08 -1.48711e+08 -2.18295e+08 -1.07799e+08 -1.80479e+08 -1.21138e+08 -1.14859e+08 -9.3613e+07 -1.74979e+08 -1.36527e+08 -8.63487e+07 -1.2178e+08 -1.23621e+08 -1.08039e+08 -1.16446e+08 -1.13941e+08 -1.06704e+08 -1.00855e+08 -8.56712e+07 -8.26712e+07 -1.02812e+08 -1.34394e+08 -9.7568e+07 -1.15421e+08 -1.58215e+08 -1.41338e+08 -1.20504e+08 -1.12533e+08 -1.19671e+08 -1.11495e+08 -1.08668e+08 -1.30436e+08 -1.28146e+08 -1.4587e+08 -8.56214e+07 -1.09527e+08 -1.29225e+08 -1.37475e+08 -1.32481e+08 -7.20949e+07 -1.23945e+08 -1.50274e+08 -1.15209e+08 -8.70727e+07 -1.1558e+08 -1.01403e+08 -1.47464e+08 -4.76472e+07 -1.54052e+08 -5.17713e+07 
-1.87529e+08 -4.78968e+08 -8.12817e+08 -1.08822e+09 -1.60053e+09 -1.8402e+09 -2.21742e+09 -2.22638e+09 -2.90177e+09 -3.0676e+09 -3.73102e+09 -4.0374e+09 -5.24894e+09 -5.49739e+09 -6.40398e+09 -7.23267e+09 -8.14297e+09 -8.84965e+09 -1.03351e+10 -1.11147e+10 -1.26815e+10 -1.36003e+10 -1.40461e+10 -1.51888e+10 -1.55293e+10 -1.6153e+10 -1.68707e+10 -1.55649e+10 -1.54916e+10 -1.37996e+10 -1.34478e+10 -1.2388e+10 -1.12221e+10 -9.32827e+09 -7.79593e+09 -6.37678e+09 -5.07479e+09 -3.97115e+09 -3.28734e+09 -2.54836e+09 -1.86631e+09 -1.42756e+09 -1.03081e+09 -7.98882e+08 -5.99134e+08 -4.96298e+08 -3.59589e+08 -2.5434e+08 -3.20935e+08 -2.52472e+08 -1.36341e+08 -2.29264e+08 -1.77948e+08 -1.68201e+08 -1.60418e+08 -9.04669e+07 -1.81936e+08 -9.37146e+07 -1.17781e+08 -8.19039e+07 -1.7776e+08 -1.21424e+08 -9.78467e+07 -1.1008e+08 -1.2646e+08 -9.68848e+07 -1.26953e+08 -1.14938e+08 -1.13883e+08 -7.93083e+07 -1.05138e+08 -1.0793e+08 -1.00743e+08 -1.17049e+08 -1.19803e+08 -1.12504e+08 -1.57027e+08 -1.09851e+08 -1.28535e+08 -1.30073e+08 -1.38756e+08 -1.18018e+08 -8.32174e+07 -1.72439e+08 -9.73873e+07 -1.24246e+08 -1.11984e+08 -7.37363e+07 -1.52884e+08 -1.27023e+08 -9.80437e+07 -1.29153e+08 -1.07874e+08 -1.51426e+08 -9.65723e+07 -8.1791e+07 -1.09056e+08 -1.25634e+08 -1.10816e+08 -8.22322e+07 
-1.7127e+08 -5.88044e+08 -7.08412e+08 -1.20293e+09 -1.62597e+09 -1.81701e+09 -2.24053e+09 -2.42121e+09 -2.79529e+09 -3.01547e+09 -3.74268e+09 -4.36804e+09 -5.22906e+09 -5.5801e+09 -6.48889e+09 -7.40294e+09 -7.93275e+09 -9.03149e+09 -1.04887e+10 -1.16268e+10 -1.2895e+10 -1.37686e+10 -1.45819e+10 -1.50542e+10 -1.64305e+10 -1.66988e+10 -1.64945e+10 -1.58766e+10 -1.58461e+10 -1.41759e+10 -1.3456e+10 -1.24272e+10 -1.13971e+10 -9.29772e+09 -8.05312e+09 -6.3911e+09 -5.03985e+09 -3.92011e+09 -3.33201e+09 -2.63719e+09 -1.87653e+09 -1.39074e+09 -1.10239e+09 -8.30262e+08 -5.93707e+08 -5.06186e+08 -3.78277e+08 -3.02819e+08 -2.34451e+08 -2.67406e+08 -2.41009e+08 -1.41148e+08 -1.54243e+08 -2.20452e+08 -1.21788e+08 -1.83007e+08 -1.23847e+08 -7.1836e+07 -1.79276e+08 -8.62172e+07 -1.15885e+08 -7.64872e+07 -1.68859e+08 -1.07407e+08 -1.16418e+08 -1.04825e+08 -1.19154e+08 -1.03936e+08 -1.29681e+08 -1.10812e+08 -1.24511e+08 -8.68931e+07 -1.40954e+08 -8.44857e+07 -1.02475e+08 -1.06824e+08 -1.51172e+08 -8.63813e+07 -1.25977e+08 -1.39611e+08 -1.52862e+08 -1.1581e+08 -1.25087e+08 -1.52999e+08 -1.09467e+08 -1.02975e+08 -1.18605e+08 -9.53453e+07 -1.47674e+08 -9.8924e+07 -8.4753e+07 -1.28035e+08 -1.22475e+08 -1.3401e+08 -1.15392e+08 -1.12767e+08 -9.73915e+07 -1.26063e+08 -7.5272e+07 -3.6767e+07 
-2.30565e+08 -4.33195e+08 -7.56249e+08 -1.26375e+09 -1.57649e+09 -1.94681e+09 -2.17618e+09 -2.53199e+09 -2.69109e+09 -3.15e+09 -3.82923e+09 -4.4583e+09 -5.1405e+09 -5.66021e+09 -6.62183e+09 -7.34958e+09 -8.10652e+09 -9.06308e+09 -1.05253e+10 -1.19709e+10 -1.29354e+10 -1.39911e+10 -1.50884e+10 -1.52926e+10 -1.68422e+10 -1.68585e+10 -1.70604e+10 -1.62588e+10 -1.58741e+10 -1.48011e+10 -1.36525e+10 -1.22957e+10 -1.13806e+10 -9.41626e+09 -7.96842e+09 -6.41285e+09 -5.12016e+09 -4.02076e+09 -3.44745e+09 -2.52111e+09 -2.02303e+09 -1.34413e+09 -1.12546e+09 -8.41673e+08 -6.38982e+08 -4.94159e+08 -3.93478e+08 -3.18871e+08 -2.56721e+08 -2.37023e+08 -1.79588e+08 -2.61973e+08 -1.66018e+08 -1.007e+08 -1.89926e+08 -1.5808e+08 -1.23484e+08 -1.66179e+08 -1.20732e+08 -6.79304e+07 -1.44393e+08 -1.06358e+08 -1.01998e+08 -8.86592e+07 -1.40556e+08 -1.19819e+08 -1.14331e+08 -1.06082e+08 -1.15372e+08 -1.0981e+08 -1.30187e+08 -1.34911e+08 -1.43291e+08 -9.28458e+07 -1.10998e+08 -1.00233e+08 -1.14762e+08 -1.01556e+08 -1.14813e+08 -1.09907e+08 -1.53502e+08 -1.33941e+08 -1.20373e+08 -1.34104e+08 -1.44102e+08 -1.44945e+08 -8.39868e+07 -9.43768e+07 -1.4856e+08 -9.93434e+07 -1.4015e+08 -8.19977e+07 -7.81644e+07 -1.43732e+08 -1.12181e+08 -1.37898e+08 -1.03609e+08 -7.7257e+07 -1.65414e+08 -4.63071e+07 
-1.67704e+08 -5.22268e+08 -8.26129e+08 -1.19048e+09 -1.63926e+09 -1.94907e+09 -2.26923e+09 -2.37563e+09 -2.80795e+09 -3.40104e+09 -3.78269e+09 -4.40401e+09 -5.12453e+09 -5.72431e+09 -6.75695e+09 -7.39371e+09 -8.17484e+09 -9.37865e+09 -1.08881e+10 -1.1874e+10 -1.32682e+10 -1.43979e+10 -1.52063e+10 -1.61432e+10 -1.68198e+10 -1.70308e+10 -1.75232e+10 -1.6673e+10 -1.5677e+10 -1.54497e+10 -1.38806e+10 -1.24913e+10 -1.09914e+10 -9.70416e+09 -8.04019e+09 -6.42029e+09 -5.19818e+09 -4.27311e+09 -3.40524e+09 -2.52048e+09 -2.08698e+09 -1.35459e+09 -1.19546e+09 -7.83643e+08 -6.60003e+08 -5.41617e+08 -3.80783e+08 -3.17213e+08 -2.81128e+08 -2.38048e+08 -2.11113e+08 -1.51707e+08 -2.22988e+08 -1.91836e+08 -1.28518e+08 -1.10005e+08 -1.74918e+08 -1.32809e+08 -1.18462e+08 -1.55826e+08 -1.15498e+08 -8.49535e+07 -9.35593e+07 -1.39398e+08 -8.3916e+07 -1.06049e+08 -1.12365e+08 -1.34127e+08 -9.21084e+07 -1.30413e+08 -1.06165e+08 -1.3073e+08 -1.45278e+08 -1.4621e+08 -1.2128e+08 -1.3423e+08 -6.55683e+07 -1.35189e+08 -9.85444e+07 -8.87233e+07 -1.18055e+08 -1.71665e+08 -9.90783e+07 -1.34575e+08 -1.4112e+08 -1.42207e+08 -1.13466e+08 -1.04509e+08 -1.42182e+08 -9.14207e+07 -1.35353e+08 -1.19867e+08 -7.63654e+07 -1.31232e+08 -9.38218e+07 -9.87461e+07 -1.4736e+08 -7.95784e+07 -1.16527e+08 -7.56988e+07 
-1.14471e+08 -5.88339e+08 -7.64222e+08 -1.21908e+09 -1.60112e+09 -1.96254e+09 -2.25037e+09 -2.41173e+09 -3.02238e+09 -3.39855e+09 -3.86654e+09 -4.24639e+09 -5.08288e+09 -5.93833e+09 -6.71899e+09 -7.58396e+09 -8.23164e+09 -9.58115e+09 -1.10939e+10 -1.18902e+10 -1.33674e+10 -1.48068e+10 -1.55278e+10 -1.67009e+10 -1.68114e+10 -1.72917e+10 -1.76492e+10 -1.70198e+10 -1.59472e+10 -1.54859e+10 -1.42716e+10 -1.25756e+10 -1.0837e+10 -9.69792e+09 -8.05607e+09 -6.70717e+09 -5.35683e+09 -4.23636e+09 -3.52988e+09 -2.45493e+09 -2.1556e+09 -1.42596e+09 -1.19327e+09 -7.93934e+08 -6.29375e+08 -5.46154e+08 -4.30371e+08 -3.17081e+08 -2.76698e+08 -2.33608e+08 -2.40799e+08 -1.88259e+08 -1.54483e+08 -1.76711e+08 -1.68555e+08 -1.74022e+08 -1.16012e+08 -1.1615e+08 -1.58434e+08 -1.19679e+08 -1.10202e+08 -1.4985e+08 -1.11374e+08 -1.07153e+08 -5.69796e+07 -1.57087e+08 -8.03448e+07 -1.01059e+08 -1.07123e+08 -1.40698e+08 -7.82851e+07 -1.40035e+08 -1.35493e+08 -1.39241e+08 -1.33642e+08 -1.70808e+08 -1.00323e+08 -1.40604e+08 -6.47067e+07 -1.36523e+08 -8.68442e+07 -1.41876e+08 -1.03748e+08 -1.25893e+08 -1.39505e+08 -1.54634e+08 -1.19569e+08 -1.08306e+08 -1.03603e+08 -1.35374e+08 -1.30866e+08 -1.10811e+08 -9.83876e+07 -1.3195e+08 -9.3117e+07 -1.19439e+08 -1.07348e+08 -8.64552e+07 -9.81585e+07 -5.98734e+07 
-2.27476e+08 -4.77238e+08 -7.81699e+08 -1.15115e+09 -1.62192e+09 -1.94101e+09 -2.21024e+09 -2.61524e+09 -3.06599e+09 -3.455e+09 -3.77477e+09 -4.2897e+09 -4.99353e+09 -6.0805e+09 -6.55861e+09 -7.7558e+09 -8.50932e+09 -9.48938e+09 -1.12799e+10 -1.21132e+10 -1.36774e+10 -1.50264e+10 -1.59051e+10 -1.66727e+10 -1.7372e+10 -1.76738e+10 -1.77152e+10 -1.73503e+10 -1.64066e+10 -1.55243e+10 -1.43025e+10 -1.27252e+10 -1.12495e+10 -9.50997e+09 -8.2071e+09 -6.8038e+09 -5.63351e+09 -4.33979e+09 -3.41477e+09 -2.63422e+09 -2.14381e+09 -1.4068e+09 -1.2858e+09 -7.83221e+08 -6.2951e+08 -5.14303e+08 -4.45218e+08 -3.47954e+08 -2.71535e+08 -2.49214e+08 -2.18017e+08 -2.17304e+08 -1.95197e+08 -1.4089e+08 -1.60835e+08 -1.60772e+08 -1.28411e+08 -1.70106e+08 -1.22545e+08 -1.11604e+08 -1.39903e+08 -1.31317e+08 -8.77091e+07 -1.46751e+08 -1.12667e+08 -1.20228e+08 -5.33065e+07 -1.3082e+08 -1.05514e+08 -9.85527e+07 -9.71822e+07 -1.4464e+08 -1.07036e+08 -1.20807e+08 -1.56017e+08 -1.36839e+08 -1.37095e+08 -1.72193e+08 -7.88784e+07 -1.61517e+08 -9.73964e+07 -1.02601e+08 -1.24444e+08 -1.16384e+08 -1.07128e+08 -1.26124e+08 -1.78719e+08 -9.95523e+07 -1.12973e+08 -1.05599e+08 -1.47473e+08 -9.32538e+07 -1.30703e+08 -1.17295e+08 -7.82369e+07 -1.63618e+08 -1.02062e+08 -9.24247e+07 -1.04019e+08 -6.7538e+07 
-2.55833e+08 -4.90758e+08 -6.94045e+08 -1.17358e+09 -1.5668e+09 -1.92215e+09 -2.41795e+09 -2.58012e+09 -3.18933e+09 -3.40125e+09 -3.68351e+09 -4.49487e+09 -5.05198e+09 -5.99784e+09 -6.55445e+09 -7.8372e+09 -8.64177e+09 -9.8895e+09 -1.1291e+10 -1.24519e+10 -1.3668e+10 -1.50074e+10 -1.60764e+10 -1.70724e+10 -1.7572e+10 -1.81458e+10 -1.78071e+10 -1.77041e+10 -1.68074e+10 -1.57277e+10 -1.39364e+10 -1.31125e+10 -1.15309e+10 -9.6199e+09 -8.14023e+09 -6.97049e+09 -5.81075e+09 -4.5019e+09 -3.38923e+09 -2.72474e+09 -2.06889e+09 -1.5036e+09 -1.27053e+09 -8.64608e+08 -5.91778e+08 -5.37887e+08 -4.45619e+08 -3.30415e+08 -2.7118e+08 -2.67199e+08 -2.13305e+08 -2.22353e+08 -1.71537e+08 -1.9637e+08 -1.92434e+08 -9.30581e+07 -1.73255e+08 -1.45364e+08 -1.03798e+08 -1.53386e+08 -1.40373e+08 -1.111e+08 -1.20323e+08 -1.48568e+08 -7.19319e+07 -1.29286e+08 -1.36315e+08 -1.01598e+08 -9.07699e+07 -8.83153e+07 -1.20446e+08 -1.08812e+08 -9.80179e+07 -1.57197e+08 -1.34277e+08 -7.66658e+07 -1.85447e+08 -1.30021e+08 -1.15967e+08 -1.7179e+08 -1.40412e+08 -1.00042e+08 -1.66519e+08 -6.35859e+07 -1.39037e+08 -1.11856e+08 -1.43406e+08 -1.01966e+08 -1.26792e+08 -1.21124e+08 -1.38698e+08 -1.03553e+08 -1.14093e+08 -1.11602e+08 -1.03071e+08 -1.25319e+08 -1.16203e+08 -1.26157e+08 -1.251e+08 -3.01178e+07 
-2.73638e+08 -4.28165e+08 -7.24965e+08 -1.20654e+09 -1.53718e+09 -2.03087e+09 -2.39484e+09 -2.63841e+09 -3.17535e+09 -3.41733e+09 -3.72993e+09 -4.61549e+09 -5.06188e+09 -5.80275e+09 -6.6419e+09 -7.88202e+09 -8.84883e+09 -1.02812e+10 -1.1162e+10 -1.2903e+10 -1.36387e+10 -1.4802e+10 -1.63634e+10 -1.74554e+10 -1.78298e+10 -1.84656e+10 -1.84928e+10 -1.78519e+10 -1.66608e+10 -1.5649e+10 -1.42951e+10 -1.31227e+10 -1.17184e+10 -9.9727e+09 -8.48989e+09 -6.87356e+09 -5.86307e+09 -4.63119e+09 -3.60138e+09 -2.6414e+09 -1.99666e+09 -1.63258e+09 -1.23172e+09 -9.05308e+08 -6.29799e+08 -5.3685e+08 -4.12268e+08 -3.94066e+08 -2.73578e+08 -1.99423e+08 -2.5165e+08 -1.93887e+08 -2.0741e+08 -1.85374e+08 -1.53908e+08 -1.67501e+08 -1.8798e+08 -8.31781e+07 -1.65059e+08 -1.43729e+08 -9.66979e+07 -1.1995e+08 -1.57976e+08 -1.16224e+08 -1.17463e+08 -1.40665e+08 -8.61864e+07 -1.0086e+08 -1.45002e+08 -9.32898e+07 -1.25936e+08 -7.11716e+07 -1.28091e+08 -1.23066e+08 -1.21616e+08 -1.16146e+08 -1.68925e+08 -8.58878e+07 -1.13786e+08 -1.60763e+08 -1.33845e+08 -1.75769e+08 -1.7598e+08 -7.49302e+07 -1.60207e+08 -9.5243e+07 -1.26654e+08 -1.21864e+08 -1.21297e+08 -7.52002e+07 -1.45329e+08 -1.5145e+08 -1.14933e+08 -9.3433e+07 -1.04193e+08 -1.21523e+08 -1.0428e+08 -1.19712e+08 -1.26182e+08 -5.37532e+07 
-2.6792e+08 -4.72855e+08 -7.64701e+08 -1.18098e+09 -1.60323e+09 -2.06232e+09 -2.34768e+09 -2.68856e+09 -3.21873e+09 -3.30434e+09 -4.06255e+09 -4.49236e+09 -4.93918e+09 -5.89602e+09 -6.69933e+09 -7.95178e+09 -9.12006e+09 -1.05821e+10 -1.13961e+10 -1.29595e+10 -1.38765e+10 -1.51782e+10 -1.641e+10 -1.7425e+10 -1.83103e+10 -1.86377e+10 -1.89836e+10 -1.78405e+10 -1.69682e+10 -1.54212e+10 -1.46293e+10 -1.34805e+10 -1.13929e+10 -1.04329e+10 -8.84717e+09 -6.9776e+09 -5.82519e+09 -4.72758e+09 -3.79667e+09 -2.59703e+09 -2.06443e+09 -1.65846e+09 -1.23588e+09 -8.74522e+08 -6.83968e+08 -5.39555e+08 -4.35579e+08 -3.55127e+08 -3.19724e+08 -2.75164e+08 -1.40298e+08 -2.21793e+08 -1.91399e+08 -1.71433e+08 -1.88871e+08 -1.55793e+08 -1.45686e+08 -1.50636e+08 -1.81482e+08 -9.64137e+07 -1.37385e+08 -1.48724e+08 -1.12636e+08 -8.18108e+07 -1.50182e+08 -1.39929e+08 -1.242e+08 -1.06422e+08 -1.27951e+08 -8.00536e+07 -1.24732e+08 -1.24512e+08 -1.24342e+08 -1.01003e+08 -1.19749e+08 -1.01813e+08 -1.56617e+08 -1.19606e+08 -1.27841e+08 -1.05111e+08 -9.3713e+07 -1.89777e+08 -1.51452e+08 -1.63801e+08 -1.92344e+08 -7.50537e+07 -1.30723e+08 -1.53775e+08 -9.30364e+07 -1.0224e+08 -1.07246e+08 -1.44154e+08 -9.18319e+07 -1.52709e+08 -1.01497e+08 -1.29427e+08 -7.21003e+07 -1.51059e+08 -8.67033e+07 -5.71908e+07 
-1.96055e+08 -4.94143e+08 -8.03483e+08 -1.19895e+09 -1.66756e+09 -2.00522e+09 -2.2979e+09 -2.75587e+09 -3.20545e+09 -3.40982e+09 -4.1683e+09 -4.35968e+09 -4.89148e+09 -6.11193e+09 -6.67687e+09 -8.14291e+09 -9.45337e+09 -1.05823e+10 -1.17901e+10 -1.28552e+10 -1.45226e+10 -1.54941e+10 -1.65138e+10 -1.75319e+10 -1.84554e+10 -1.8991e+10 -1.91071e+10 -1.81881e+10 -1.69478e+10 -1.55401e+10 -1.49667e+10 -1.38061e+10 -1.17339e+10 -1.05678e+10 -8.98141e+09 -7.0908e+09 -6.20816e+09 -4.58224e+09 -3.73175e+09 -2.83614e+09 -2.1314e+09 -1.58451e+09 -1.32351e+09 -8.05443e+08 -6.72827e+08 -5.73892e+08 -4.72004e+08 -3.56485e+08 -3.07646e+08 -2.4193e+08 -2.96182e+08 -1.38316e+08 -1.43504e+08 -2.15008e+08 -1.38949e+08 -1.62069e+08 -1.72221e+08 -1.5063e+08 -1.16904e+08 -1.61569e+08 -1.47678e+08 -1.43807e+08 -9.02648e+07 -1.72716e+08 -1.14952e+08 -7.49427e+07 -1.11415e+08 -1.596e+08 -1.39935e+08 -9.82914e+07 -1.34997e+08 -8.38863e+07 -1.23344e+08 -1.42673e+08 -1.02689e+08 -1.29559e+08 -1.1163e+08 -1.35371e+08 -1.23921e+08 -1.0887e+08 -1.14585e+08 -1.63062e+08 -7.16315e+07 -1.96895e+08 -1.66076e+08 -1.42179e+08 -1.83498e+08 -1.37168e+08 -8.51502e+07 -1.57388e+08 -6.95191e+07 -1.31304e+08 -1.03633e+08 -1.5162e+08 -7.07992e+07 -1.29363e+08 -1.44358e+08 -1.03252e+08 -1.18757e+08 -1.6156e+07 
-1.70148e+08 -5.55969e+08 -8.161e+08 -1.15951e+09 -1.72001e+09 -1.945e+09 -2.35223e+09 -2.7587e+09 -3.21141e+09 -3.53569e+09 -4.00325e+09 -4.42483e+09 -5.06394e+09 -6.01384e+09 -6.91151e+09 -8.25118e+09 -9.76059e+09 -1.04061e+10 -1.21222e+10 -1.29297e+10 -1.48606e+10 -1.5788e+10 -1.6639e+10 -1.75279e+10 -1.87507e+10 -1.90379e+10 -1.91964e+10 -1.84446e+10 -1.70044e+10 -1.58341e+10 -1.52903e+10 -1.38866e+10 -1.25236e+10 -1.06261e+10 -8.69092e+09 -7.41699e+09 -6.36121e+09 -4.80671e+09 -3.53773e+09 -3.0184e+09 -2.31288e+09 -1.50268e+09 -1.31258e+09 -8.88003e+08 -5.77472e+08 -6.46931e+08 -4.00526e+08 -4.16418e+08 -3.10756e+08 -2.91633e+08 -1.67329e+08 -2.93731e+08 -1.6551e+08 -1.26349e+08 -1.41038e+08 -1.97964e+08 -1.14286e+08 -1.45561e+08 -1.59225e+08 -1.65238e+08 -8.92934e+07 -1.67063e+08 -1.11681e+08 -1.75581e+08 -8.006e+07 -1.80942e+08 -1.10011e+08 -9.60594e+07 -8.37586e+07 -1.40804e+08 -1.59247e+08 -1.2142e+08 -1.11884e+08 -1.34579e+08 -1.06805e+08 -1.05212e+08 -1.37665e+08 -1.50305e+08 -1.0881e+08 -1.16985e+08 -7.4207e+07 -1.87656e+08 -1.12615e+08 -1.30588e+08 -1.49775e+08 -1.46575e+08 -1.44665e+08 -1.48561e+08 -2.07935e+08 -1.44095e+08 -7.71985e+07 -1.12044e+08 -1.36186e+08 -9.88963e+07 -1.15743e+08 -1.0065e+08 -1.29608e+08 -9.99963e+07 -1.47492e+08 -8.93147e+07 
-2.40932e+08 -5.1659e+08 -7.59462e+08 -1.30331e+09 -1.61654e+09 -2.01075e+09 -2.36261e+09 -2.82981e+09 -3.06506e+09 -3.60542e+09 -3.93714e+09 -4.57455e+09 -5.29352e+09 -5.85514e+09 -7.21799e+09 -8.41174e+09 -9.79874e+09 -1.03607e+10 -1.25133e+10 -1.33146e+10 -1.48498e+10 -1.60516e+10 -1.71142e+10 -1.74965e+10 -1.88057e+10 -1.89358e+10 -1.90555e+10 -1.84739e+10 -1.7495e+10 -1.61321e+10 -1.56681e+10 -1.39876e+10 -1.29625e+10 -1.08786e+10 -8.6698e+09 -7.58698e+09 -6.2063e+09 -5.01806e+09 -3.75441e+09 -2.99578e+09 -2.38853e+09 -1.59903e+09 -1.23087e+09 -9.23174e+08 -6.6295e+08 -4.78359e+08 -5.32262e+08 -3.20076e+08 -3.51643e+08 -2.98002e+08 -2.54946e+08 -1.79383e+08 -1.72034e+08 -2.37865e+08 -1.30633e+08 -1.2959e+08 -1.31963e+08 -1.83005e+08 -9.99321e+07 -1.3144e+08 -1.5803e+08 -1.58686e+08 -9.37004e+07 -1.33537e+08 -1.31867e+08 -1.44261e+08 -1.34599e+08 -1.35347e+08 -1.30436e+08 -1.18493e+08 -7.73456e+07 -1.0502e+08 -1.70033e+08 -1.62767e+08 -9.83107e+07 -1.30633e+08 -1.15937e+08 -1.24818e+08 -1.47562e+08 -1.04931e+08 -1.08096e+08 -1.36956e+08 -1.01083e+08 -1.55817e+08 -1.44505e+08 -1.49918e+08 -1.47028e+08 -9.86055e+07 -1.69377e+08 -1.7772e+08 -1.4428e+08 -1.88253e+08 -8.36573e+07 -9.20605e+07 -1.36803e+08 -9.37336e+07 -1.11214e+08 -1.13243e+08 -1.34137e+08 -3.57659e+07 
-1.58603e+08 -5.59997e+08 -8.48626e+08 -1.19487e+09 -1.71541e+09 -2.04459e+09 -2.32846e+09 -2.78109e+09 -3.0921e+09 -3.52449e+09 -4.09452e+09 -4.60227e+09 -5.42024e+09 -6.08143e+09 -7.43175e+09 -8.47181e+09 -9.87709e+09 -1.065e+10 -1.24319e+10 -1.38376e+10 -1.51626e+10 -1.58646e+10 -1.74894e+10 -1.78925e+10 -1.84245e+10 -1.89926e+10 -1.91831e+10 -1.81936e+10 -1.80478e+10 -1.65636e+10 -1.55119e+10 -1.43913e+10 -1.30055e+10 -1.10132e+10 -9.23282e+09 -7.48154e+09 -6.32091e+09 -4.78514e+09 -4.04735e+09 -3.13597e+09 -2.28136e+09 -1.69876e+09 -1.32397e+09 -8.64848e+08 -6.95085e+08 -4.89763e+08 -4.7369e+08 -3.92543e+08 -2.70296e+08 -2.95873e+08 -2.73311e+08 -2.31805e+08 -2.00902e+08 -1.33962e+08 -1.73192e+08 -1.94498e+08 -1.18731e+08 -1.41775e+08 -1.15447e+08 -1.80334e+08 -8.87965e+07 -1.26703e+08 -1.44549e+08 -1.40569e+08 -1.30235e+08 -9.21325e+07 -1.50184e+08 -1.16776e+08 -1.52658e+08 -1.18508e+08 -1.66452e+08 -9.87329e+07 -1.17329e+08 -9.92213e+07 -1.51327e+08 -1.57329e+08 -1.29485e+08 -1.10364e+08 -1.64224e+08 -1.20261e+08 -8.01626e+07 -1.28639e+08 -1.41768e+08 -1.18306e+08 -1.34449e+08 -1.19694e+08 -2.24221e+08 -9.66685e+07 -1.18579e+08 -1.37909e+08 -1.83069e+08 -1.30581e+08 -1.55021e+08 -1.83054e+08 -1.07626e+08 -9.62718e+07 -9.67542e+07 -1.10333e+08 -1.25895e+08 -5.41989e+07 
-2.69402e+08 -4.92729e+08 -8.77343e+08 -1.22229e+09 -1.80325e+09 -1.97883e+09 -2.29259e+09 -2.75144e+09 -3.15641e+09 -3.51113e+09 -4.20124e+09 -4.61546e+09 -5.49351e+09 -6.45876e+09 -7.45949e+09 -8.62299e+09 -9.85152e+09 -1.11262e+10 -1.22939e+10 -1.42993e+10 -1.55561e+10 -1.62491e+10 -1.69949e+10 -1.81878e+10 -1.84861e+10 -1.90659e+10 -1.90558e+10 -1.86273e+10 -1.79053e+10 -1.74543e+10 -1.56517e+10 -1.44161e+10 -1.32361e+10 -1.13724e+10 -9.39087e+09 -7.77919e+09 -6.25327e+09 -4.88015e+09 -3.98565e+09 -3.30488e+09 -2.31241e+09 -1.79495e+09 -1.35567e+09 -9.19169e+08 -6.54451e+08 -5.52714e+08 -3.91098e+08 -4.37657e+08 -2.95353e+08 -2.44134e+08 -2.55998e+08 -2.06148e+08 -2.34728e+08 -2.00754e+08 -1.65276e+08 -1.14021e+08 -1.56367e+08 -1.74375e+08 -1.21397e+08 -1.44079e+08 -1.05346e+08 -1.69871e+08 -1.08512e+08 -1.04335e+08 -1.29704e+08 -1.2995e+08 -1.57968e+08 -8.0881e+07 -1.27417e+08 -1.34166e+08 -1.35927e+08 -1.29276e+08 -1.56432e+08 -1.37255e+08 -1.33713e+08 -9.78191e+07 -1.10779e+08 -1.63887e+08 -1.80394e+08 -1.02711e+08 -1.26428e+08 -1.29646e+08 -1.11886e+08 -1.14217e+08 -1.40575e+08 -1.27385e+08 -1.68154e+08 -1.13266e+08 -1.725e+08 -1.40057e+08 -1.03433e+08 -1.62398e+08 -1.63177e+08 -1.29688e+08 -1.61509e+08 -1.38886e+08 -1.56191e+08 -7.5545e+07 -1.04785e+08 -7.00702e+07 
-2.63609e+08 -6.0746e+08 -8.77855e+08 -1.29891e+09 -1.66947e+09 -2.03521e+09 -2.30476e+09 -2.69732e+09 -3.25393e+09 -3.52091e+09 -4.14527e+09 -4.87428e+09 -5.55049e+09 -6.75778e+09 -7.46473e+09 -8.77835e+09 -9.84241e+09 -1.16123e+10 -1.24407e+10 -1.46161e+10 -1.55239e+10 -1.63976e+10 -1.68685e+10 -1.78149e+10 -1.86214e+10 -1.94175e+10 -1.92654e+10 -1.89496e+10 -1.77786e+10 -1.79484e+10 -1.57884e+10 -1.46815e+10 -1.33668e+10 -1.17165e+10 -9.5179e+09 -7.93779e+09 -6.28612e+09 -5.07482e+09 -3.91185e+09 -3.18789e+09 -2.46743e+09 -1.87519e+09 -1.39831e+09 -9.43367e+08 -7.17881e+08 -4.97763e+08 -4.54805e+08 -3.48681e+08 -3.48669e+08 -2.51676e+08 -2.47864e+08 -1.96752e+08 -1.79257e+08 -1.99857e+08 -1.94238e+08 -1.76881e+08 -1.47751e+08 -1.15211e+08 -1.2221e+08 -1.79219e+08 -1.11608e+08 -1.45741e+08 -1.18613e+08 -1.46186e+08 -1.29801e+08 -8.34508e+07 -1.23725e+08 -1.39658e+08 -1.30985e+08 -1.18388e+08 -1.03993e+08 -1.27654e+08 -1.23987e+08 -1.57208e+08 -1.53722e+08 -1.54651e+08 -1.01407e+08 -1.43467e+08 -1.18637e+08 -1.63996e+08 -1.44092e+08 -1.29388e+08 -1.02377e+08 -1.47639e+08 -1.39549e+08 -9.73949e+07 -1.58126e+08 -1.51473e+08 -1.40849e+08 -1.0574e+08 -1.44107e+08 -1.72301e+08 -1.27175e+08 -1.36598e+08 -1.75886e+08 -1.38038e+08 -1.26834e+08 -1.32025e+08 -1.68891e+08 -5.89357e+07 
-1.90218e+08 -6.09951e+08 -8.20149e+08 -1.32218e+09 -1.62167e+09 -2.06245e+09 -2.34907e+09 -2.68432e+09 -3.33886e+09 -3.47143e+09 -4.17985e+09 -5.17961e+09 -5.61294e+09 -6.94294e+09 -7.50129e+09 -8.87262e+09 -1.00215e+10 -1.17018e+10 -1.31259e+10 -1.44005e+10 -1.55847e+10 -1.64524e+10 -1.69206e+10 -1.80674e+10 -1.85158e+10 -1.96845e+10 -1.97281e+10 -1.88406e+10 -1.86223e+10 -1.78662e+10 -1.55589e+10 -1.54373e+10 -1.35232e+10 -1.18044e+10 -9.76465e+09 -8.24009e+09 -6.39674e+09 -5.08667e+09 -4.0844e+09 -2.98434e+09 -2.55527e+09 -1.92152e+09 -1.45387e+09 -1.00084e+09 -6.96849e+08 -6.09148e+08 -3.57878e+08 -4.13232e+08 -2.97525e+08 -2.78032e+08 -2.40529e+08 -2.03248e+08 -1.83927e+08 -2.03592e+08 -1.15882e+08 -1.92566e+08 -1.56377e+08 -1.78061e+08 -1.36231e+08 -1.17932e+08 -9.64011e+07 -1.84239e+08 -1.02118e+08 -1.34722e+08 -1.44519e+08 -1.2473e+08 -1.48931e+08 -8.13458e+07 -1.15831e+08 -1.34748e+08 -1.02244e+08 -1.57995e+08 -9.00436e+07 -1.36895e+08 -1.40803e+08 -1.45501e+08 -1.18451e+08 -1.51776e+08 -1.5168e+08 -1.53658e+08 -1.41852e+08 -1.20643e+08 -1.32441e+08 -1.4725e+08 -1.01204e+08 -1.58052e+08 -1.70171e+08 -1.19233e+08 -1.2337e+08 -1.44305e+08 -1.33417e+08 -1.24218e+08 -1.02663e+08 -2.14252e+08 -1.41913e+08 -1.22645e+08 -1.67101e+08 -1.37354e+08 -1.151e+08 -8.44336e+07 
-1.98624e+08 -5.16264e+08 -8.2323e+08 -1.42291e+09 -1.6175e+09 -2.03438e+09 -2.35187e+09 -2.883e+09 -3.03774e+09 -3.7837e+09 -4.28712e+09 -5.24771e+09 -5.81652e+09 -6.79042e+09 -7.69351e+09 -9.04418e+09 -1.0242e+10 -1.19079e+10 -1.35038e+10 -1.46009e+10 -1.53356e+10 -1.602e+10 -1.7303e+10 -1.82603e+10 -1.87364e+10 -1.94401e+10 -2.01789e+10 -1.94132e+10 -1.88685e+10 -1.75829e+10 -1.62108e+10 -1.56014e+10 -1.37339e+10 -1.18065e+10 -1.01358e+10 -8.24391e+09 -6.63171e+09 -5.14773e+09 -4.08586e+09 -2.95011e+09 -2.67117e+09 -1.81702e+09 -1.50604e+09 -1.10192e+09 -6.74147e+08 -5.93187e+08 -4.91817e+08 -2.92732e+08 -3.52774e+08 -2.61012e+08 -2.39398e+08 -2.00391e+08 -1.86624e+08 -2.06572e+08 -1.47529e+08 -1.78287e+08 -9.44737e+07 -1.75268e+08 -1.2034e+08 -1.89834e+08 -1.24329e+08 -1.25319e+08 -1.04833e+08 -1.37489e+08 -1.33932e+08 -1.06126e+08 -1.72999e+08 -1.01647e+08 -1.55297e+08 -1.12508e+08 -8.45968e+07 -1.22959e+08 -1.35913e+08 -1.32885e+08 -1.30824e+08 -1.28763e+08 -1.10255e+08 -1.27902e+08 -1.52944e+08 -1.54923e+08 -1.65339e+08 -1.21679e+08 -1.75676e+08 -1.06126e+08 -1.4616e+08 -1.28765e+08 -1.55621e+08 -1.38761e+08 -1.57266e+08 -1.47763e+08 -1.02684e+08 -1.31905e+08 -1.34629e+08 -1.37839e+08 -1.23961e+08 -1.80062e+08 -1.64843e+08 -1.07771e+08 -1.43242e+08 -9.66184e+07 
-2.23774e+08 -5.02827e+08 -1.00583e+09 -1.26187e+09 -1.71874e+09 -2.0425e+09 -2.36585e+09 -2.90524e+09 -3.04803e+09 -3.97327e+09 -4.44928e+09 -5.2017e+09 -5.95376e+09 -6.6525e+09 -7.9752e+09 -9.25785e+09 -1.05094e+10 -1.22143e+10 -1.34078e+10 -1.48179e+10 -1.51714e+10 -1.60218e+10 -1.7714e+10 -1.82521e+10 -1.90429e+10 -1.93813e+10 -2.02445e+10 -1.98558e+10 -1.90134e+10 -1.69565e+10 -1.70828e+10 -1.55381e+10 -1.40028e+10 -1.22299e+10 -1.02136e+10 -8.24094e+09 -6.90727e+09 -5.38612e+09 -4.15015e+09 -2.95683e+09 -2.75939e+09 -1.84256e+09 -1.39419e+09 -1.19488e+09 -7.2234e+08 -5.43025e+08 -5.22797e+08 -3.75874e+08 -2.76113e+08 -2.997e+08 -2.08492e+08 -2.4886e+08 -1.53285e+08 -1.89463e+08 -1.5415e+08 -1.83501e+08 -1.4259e+08 -1.63655e+08 -8.49831e+07 -1.47642e+08 -1.14066e+08 -1.6473e+08 -1.37007e+08 -1.27157e+08 -1.11199e+08 -1.13249e+08 -1.55713e+08 -8.48189e+07 -1.55919e+08 -1.50799e+08 -1.14676e+08 -1.36482e+08 -9.34957e+07 -1.21411e+08 -1.49975e+08 -9.99833e+07 -1.60726e+08 -9.68594e+07 -1.17873e+08 -1.55024e+08 -1.61917e+08 -1.40983e+08 -1.27145e+08 -1.53727e+08 -1.42592e+08 -1.54465e+08 -1.71731e+08 -1.33359e+08 -1.29959e+08 -1.41306e+08 -1.39973e+08 -1.81721e+08 -9.51713e+07 -1.06532e+08 -1.52843e+08 -1.42527e+08 -1.55109e+08 -1.24599e+08 -1.64841e+08 -4.92324e+07 
-1.59235e+08 -7.06096e+08 -9.34005e+08 -1.14614e+09 -1.80969e+09 -1.98732e+09 -2.54293e+09 -2.73674e+09 -3.33671e+09 -4.05249e+09 -4.51363e+09 -5.139e+09 -6.06958e+09 -6.87804e+09 -8.02507e+09 -9.65297e+09 -1.07858e+10 -1.23073e+10 -1.37137e+10 -1.43471e+10 -1.58401e+10 -1.62475e+10 -1.6993e+10 -1.85434e+10 -1.92182e+10 -2.0059e+10 -2.05189e+10 -1.97142e+10 -1.86801e+10 -1.76673e+10 -1.73581e+10 -1.52051e+10 -1.47533e+10 -1.23398e+10 -1.02144e+10 -8.47111e+09 -6.8082e+09 -5.60122e+09 -4.32372e+09 -3.11301e+09 -2.55474e+09 -2.0177e+09 -1.30556e+09 -1.15091e+09 -7.97363e+08 -5.74322e+08 -4.27745e+08 -4.70355e+08 -3.0839e+08 -2.57998e+08 -2.34115e+08 -2.2458e+08 -1.88494e+08 -1.89419e+08 -1.30401e+08 -1.75332e+08 -1.4176e+08 -1.65125e+08 -1.43957e+08 -1.48494e+08 -9.1925e+07 -1.27095e+08 -1.16662e+08 -1.13869e+08 -1.69794e+08 -1.10881e+08 -1.29992e+08 -1.06932e+08 -1.37558e+08 -1.169e+08 -1.01784e+08 -1.94293e+08 -1.02377e+08 -1.40229e+08 -1.29886e+08 -1.09497e+08 -1.24337e+08 -1.38029e+08 -9.22496e+07 -1.46808e+08 -1.65703e+08 -1.08907e+08 -1.46912e+08 -1.5954e+08 -1.06626e+08 -1.3733e+08 -1.57743e+08 -2.2244e+08 -1.56278e+08 -1.35796e+08 -9.63227e+07 -1.58369e+08 -1.34584e+08 -1.57436e+08 -1.32138e+08 -1.00713e+08 -1.66644e+08 -1.62118e+08 -1.1831e+08 -4.30699e+07 
-2.95174e+08 -5.83266e+08 -7.30499e+08 -1.36613e+09 -1.72273e+09 -2.05059e+09 -2.56828e+09 -2.87316e+09 -3.48818e+09 -3.86901e+09 -4.72669e+09 -5.23105e+09 -6.12016e+09 -7.0434e+09 -8.2905e+09 -9.7653e+09 -1.10745e+10 -1.21265e+10 -1.3646e+10 -1.45088e+10 -1.5807e+10 -1.65953e+10 -1.71304e+10 -1.86575e+10 -1.91256e+10 -2.09095e+10 -2.06266e+10 -1.95381e+10 -1.88008e+10 -1.84862e+10 -1.67016e+10 -1.59263e+10 -1.47127e+10 -1.25983e+10 -1.04954e+10 -8.52691e+09 -6.81356e+09 -5.67862e+09 -4.50448e+09 -3.34757e+09 -2.39375e+09 -2.03088e+09 -1.43052e+09 -9.98928e+08 -7.91685e+08 -6.20425e+08 -4.94287e+08 -3.58376e+08 -3.83474e+08 -2.91166e+08 -2.16475e+08 -2.11351e+08 -2.23839e+08 -1.51299e+08 -1.89081e+08 -1.55204e+08 -1.15591e+08 -1.66549e+08 -1.31476e+08 -1.54878e+08 -1.53758e+08 -1.232e+08 -1.14823e+08 -1.10721e+08 -1.20235e+08 -8.64264e+07 -1.51675e+08 -1.31155e+08 -1.23431e+08 -1.16519e+08 -1.25039e+08 -1.38898e+08 -8.2738e+07 -1.72142e+08 -1.68278e+08 -1.2405e+08 -1.20105e+08 -1.13364e+08 -1.09804e+08 -1.39898e+08 -1.31412e+08 -1.54009e+08 -1.13576e+08 -1.5313e+08 -1.10507e+08 -1.45273e+08 -1.57814e+08 -1.2866e+08 -1.70974e+08 -1.77435e+08 -1.79781e+08 -1.55918e+08 -1.23159e+08 -9.7904e+07 -1.43399e+08 -1.56261e+08 -1.44204e+08 -1.62628e+08 -1.23115e+08 -3.55019e+07 
-1.81751e+08 -4.66696e+08 -9.69011e+08 -1.26109e+09 -1.82114e+09 -2.06569e+09 -2.7901e+09 -2.80319e+09 -3.50024e+09 -3.85598e+09 -4.96361e+09 -5.26463e+09 -6.28633e+09 -7.27294e+09 -8.54654e+09 -9.8702e+09 -1.10224e+10 -1.21908e+10 -1.37689e+10 -1.48221e+10 -1.56144e+10 -1.65862e+10 -1.73669e+10 -1.85124e+10 -1.99003e+10 -2.08387e+10 -2.09583e+10 -1.97075e+10 -1.8981e+10 -1.84247e+10 -1.70986e+10 -1.62333e+10 -1.44532e+10 -1.28821e+10 -1.0886e+10 -8.6221e+09 -7.07365e+09 -5.51529e+09 -4.69949e+09 -3.45157e+09 -2.55818e+09 -1.84915e+09 -1.5345e+09 -9.88709e+08 -7.70306e+08 -6.08785e+08 -4.97466e+08 -4.11207e+08 -3.16e+08 -3.04172e+08 -2.74952e+08 -1.87196e+08 -2.31337e+08 -1.44738e+08 -1.98272e+08 -1.41466e+08 -1.67736e+08 -1.40729e+08 -1.02772e+08 -1.66241e+08 -1.28494e+08 -1.41314e+08 -1.45171e+08 -1.25727e+08 -1.34949e+08 -9.38527e+07 -1.20871e+08 -9.59765e+07 -1.01211e+08 -1.53219e+08 -1.0854e+08 -1.38338e+08 -1.16486e+08 -1.33426e+08 -1.30928e+08 -1.14369e+08 -2.0812e+08 -1.12538e+08 -1.06069e+08 -1.16549e+08 -1.45496e+08 -1.44898e+08 -1.37026e+08 -1.08979e+08 -1.44185e+08 -1.24965e+08 -1.28143e+08 -1.50413e+08 -1.84014e+08 -1.40558e+08 -1.12079e+08 -1.64349e+08 -2.20952e+08 -1.54308e+08 -1.41321e+08 -7.28184e+07 -1.38313e+08 -1.61139e+08 -2.07976e+08 -6.72876e+07 
-1.57643e+08 -7.45662e+08 -8.38881e+08 -1.36643e+09 -1.90425e+09 -2.17641e+09 -2.7117e+09 -2.8788e+09 -3.41478e+09 -4.14113e+09 -4.99068e+09 -5.33208e+09 -6.62717e+09 -7.43482e+09 -8.66852e+09 -9.78964e+09 -1.10438e+10 -1.23009e+10 -1.38207e+10 -1.4989e+10 -1.5568e+10 -1.6145e+10 -1.79087e+10 -1.88635e+10 -2.08096e+10 -2.05236e+10 -2.09351e+10 -2.02192e+10 -1.91936e+10 -1.8344e+10 -1.75204e+10 -1.58987e+10 -1.4738e+10 -1.29869e+10 -1.09759e+10 -8.8579e+09 -7.30908e+09 -5.69218e+09 -4.56516e+09 -3.5208e+09 -2.66241e+09 -1.91133e+09 -1.43917e+09 -1.03459e+09 -8.30832e+08 -5.07825e+08 -5.49997e+08 -3.9992e+08 -3.41515e+08 -2.88326e+08 -2.29683e+08 -2.76741e+08 -1.692e+08 -1.87245e+08 -1.76214e+08 -1.4002e+08 -1.75617e+08 -1.3253e+08 -1.47644e+08 -1.39495e+08 -1.1306e+08 -1.28535e+08 -1.56947e+08 -1.23237e+08 -1.33109e+08 -1.50056e+08 -1.23503e+08 -1.01382e+08 -1.15638e+08 -1.04528e+08 -7.48304e+07 -1.29224e+08 -1.38436e+08 -1.13371e+08 -1.56131e+08 -1.27191e+08 -1.51677e+08 -8.26038e+07 -1.79628e+08 -1.43571e+08 -1.30892e+08 -1.25653e+08 -1.37768e+08 -1.38233e+08 -1.46928e+08 -9.34277e+07 -1.27753e+08 -1.4133e+08 -1.71236e+08 -1.38172e+08 -1.59993e+08 -1.45296e+08 -1.24287e+08 -1.40713e+08 -1.91449e+08 -1.8931e+08 -1.40028e+08 -1.11266e+08 -1.15978e+08 -1.25743e+08 
-2.49443e+08 -5.39264e+08 -9.44725e+08 -1.50992e+09 -1.90188e+09 -2.26076e+09 -2.48028e+09 -3.05871e+09 -3.57471e+09 -4.25186e+09 -4.93055e+09 -5.72505e+09 -6.63004e+09 -7.87418e+09 -8.50822e+09 -9.76284e+09 -1.12807e+10 -1.24287e+10 -1.40692e+10 -1.48336e+10 -1.60565e+10 -1.62362e+10 -1.78114e+10 -1.95085e+10 -2.1076e+10 -2.07677e+10 -2.10805e+10 -2.06151e+10 -1.9412e+10 -1.87428e+10 -1.72464e+10 -1.59754e+10 -1.52292e+10 -1.3053e+10 -1.0907e+10 -9.19561e+09 -7.32379e+09 -5.88848e+09 -4.60442e+09 -3.57835e+09 -2.66469e+09 -2.00633e+09 -1.40703e+09 -1.02074e+09 -9.05118e+08 -5.07781e+08 -4.97563e+08 -4.32476e+08 -3.36578e+08 -2.78822e+08 -2.73148e+08 -2.10729e+08 -1.95578e+08 -2.15253e+08 -1.34399e+08 -1.84767e+08 -1.47346e+08 -1.29964e+08 -1.68305e+08 -1.19185e+08 -1.39162e+08 -1.40176e+08 -1.09082e+08 -1.17515e+08 -1.64982e+08 -1.28936e+08 -1.21691e+08 -1.45047e+08 -1.19281e+08 -1.26104e+08 -1.03683e+08 -1.16082e+08 -8.72776e+07 -8.22636e+07 -1.4492e+08 -1.24068e+08 -1.61368e+08 -1.35856e+08 -1.2206e+08 -1.1532e+08 -1.20763e+08 -2.19047e+08 -1.38746e+08 -1.18226e+08 -1.04261e+08 -1.49499e+08 -1.23382e+08 -1.55968e+08 -1.02711e+08 -1.64199e+08 -1.49552e+08 -1.40019e+08 -1.42551e+08 -1.71743e+08 -1.20671e+08 -1.27852e+08 -1.40951e+08 -2.18681e+08 -1.6029e+08 -7.36951e+07 
-2.6311e+08 -6.35912e+08 -9.97217e+08 -1.48806e+09 -1.98349e+09 -2.06839e+09 -2.57431e+09 -3.21399e+09 -3.74196e+09 -4.23721e+09 -5.05216e+09 -6.05959e+09 -6.74974e+09 -7.64888e+09 -8.61843e+09 -9.97142e+09 -1.1258e+10 -1.24323e+10 -1.44958e+10 -1.4791e+10 -1.58862e+10 -1.69722e+10 -1.79826e+10 -1.96765e+10 -2.06846e+10 -2.16111e+10 -2.17613e+10 -2.07065e+10 -1.95379e+10 -1.8582e+10 -1.69977e+10 -1.64969e+10 -1.54157e+10 -1.32353e+10 -1.11763e+10 -9.37793e+09 -7.33339e+09 -5.92375e+09 -4.88114e+09 -3.46946e+09 -2.66094e+09 -1.95935e+09 -1.52505e+09 -9.26642e+08 -9.21297e+08 -6.70059e+08 -3.88073e+08 -4.44042e+08 -3.50904e+08 -2.70077e+08 -2.50847e+08 -2.42572e+08 -2.15217e+08 -1.65497e+08 -1.72185e+08 -1.88962e+08 -1.23094e+08 -1.60311e+08 -1.56525e+08 -1.11133e+08 -1.60262e+08 -1.27804e+08 -1.14913e+08 -1.43403e+08 -1.176e+08 -1.11257e+08 -1.49139e+08 -1.44711e+08 -1.2305e+08 -1.25983e+08 -1.42179e+08 -1.21828e+08 -1.0536e+08 -1.15448e+08 -1.04025e+08 -8.9482e+07 -1.18177e+08 -1.32718e+08 -1.1866e+08 -1.57859e+08 -1.13826e+08 -1.63383e+08 -1.27163e+08 -1.81915e+08 -1.45129e+08 -1.48529e+08 -7.68299e+07 -1.29357e+08 -1.78214e+08 -1.44274e+08 -1.30112e+08 -1.31945e+08 -1.28997e+08 -1.55614e+08 -1.53377e+08 -1.59421e+08 -1.21307e+08 -1.33163e+08 -1.12388e+08 -8.79989e+07 
-2.03442e+08 -5.81097e+08 -1.03801e+09 -1.51713e+09 -1.83776e+09 -2.04158e+09 -2.88862e+09 -3.26342e+09 -3.76548e+09 -4.33677e+09 -5.32753e+09 -6.09262e+09 -6.75578e+09 -7.59583e+09 -8.80756e+09 -1.00647e+10 -1.13135e+10 -1.258e+10 -1.45809e+10 -1.52274e+10 -1.58279e+10 -1.7187e+10 -1.80524e+10 -1.95638e+10 -2.04319e+10 -2.2422e+10 -2.22992e+10 -2.10278e+10 -1.88962e+10 -1.81295e+10 -1.77826e+10 -1.67955e+10 -1.52732e+10 -1.3527e+10 -1.15637e+10 -9.29229e+09 -7.60051e+09 -5.95294e+09 -4.97345e+09 -3.55357e+09 -2.62956e+09 -1.89658e+09 -1.50003e+09 -1.08834e+09 -8.38283e+08 -7.19398e+08 -4.48756e+08 -3.65491e+08 -3.76665e+08 -2.89856e+08 -2.39821e+08 -2.38259e+08 -1.8282e+08 -2.2014e+08 -1.843e+08 -1.47293e+08 -1.41553e+08 -1.84994e+08 -1.23547e+08 -1.25683e+08 -1.92878e+08 -7.32315e+07 -1.6389e+08 -1.27741e+08 -1.12894e+08 -1.35966e+08 -1.23055e+08 -1.09034e+08 -1.23039e+08 -1.76939e+08 -1.27509e+08 -1.08927e+08 -1.42576e+08 -1.20952e+08 -1.28057e+08 -1.16288e+08 -1.25051e+08 -9.5332e+07 -7.55951e+07 -1.18765e+08 -1.21343e+08 -1.41947e+08 -1.9926e+08 -1.18814e+08 -1.41559e+08 -1.41774e+08 -1.67228e+08 -1.2108e+08 -1.56545e+08 -9.33378e+07 -1.73644e+08 -1.57664e+08 -1.40726e+08 -9.38641e+07 -1.60564e+08 -1.47057e+08 -1.38347e+08 -1.43386e+08 -1.59017e+08 -2.02827e+07 
-2.23107e+08 -7.34134e+08 -9.73686e+08 -1.50788e+09 -1.68547e+09 -2.41033e+09 -2.9583e+09 -3.22693e+09 -3.86816e+09 -4.61426e+09 -5.2933e+09 -6.14558e+09 -6.83656e+09 -7.67523e+09 -8.87706e+09 -1.01494e+10 -1.14776e+10 -1.29737e+10 -1.40415e+10 -1.56004e+10 -1.61793e+10 -1.75663e+10 -1.84018e+10 -1.94326e+10 -2.05861e+10 -2.29741e+10 -2.24127e+10 -2.117e+10 -1.91788e+10 -1.80969e+10 -1.74628e+10 -1.71149e+10 -1.56941e+10 -1.35646e+10 -1.17542e+10 -9.46803e+09 -7.77827e+09 -6.11007e+09 -4.73678e+09 -3.75068e+09 -2.60481e+09 -1.95686e+09 -1.34762e+09 -1.22106e+09 -8.58351e+08 -6.57327e+08 -5.68653e+08 -3.42285e+08 -3.25129e+08 -3.24195e+08 -2.50942e+08 -2.41852e+08 -1.82598e+08 -1.94988e+08 -1.65722e+08 -1.90117e+08 -1.79508e+08 -1.3043e+08 -1.21665e+08 -1.7024e+08 -1.44752e+08 -1.10324e+08 -1.85487e+08 -8.66706e+07 -1.4272e+08 -1.24833e+08 -1.37583e+08 -9.29159e+07 -1.49375e+08 -1.12604e+08 -1.09092e+08 -1.62762e+08 -1.43884e+08 -1.32534e+08 -1.17192e+08 -1.46911e+08 -1.258e+08 -1.3315e+08 -1.00646e+08 -1.06976e+08 -8.10729e+07 -9.36485e+07 -1.43476e+08 -1.37314e+08 -1.87579e+08 -1.25424e+08 -1.41508e+08 -1.27156e+08 -1.83106e+08 -1.48671e+08 -1.43219e+08 -1.24446e+08 -1.2881e+08 -1.5671e+08 -1.38776e+08 -1.49414e+08 -1.32043e+08 -1.11464e+08 -1.43744e+08 -5.92702e+07 
-2.47629e+08 -5.67347e+08 -9.92897e+08 -1.3943e+09 -1.91784e+09 -2.58619e+09 -2.92659e+09 -3.24672e+09 -4.09373e+09 -4.75908e+09 -5.20446e+09 -6.19302e+09 -6.96917e+09 -7.75325e+09 -8.92515e+09 -1.04699e+10 -1.16311e+10 -1.29044e+10 -1.4052e+10 -1.55397e+10 -1.67143e+10 -1.80022e+10 -1.9396e+10 -1.94664e+10 -2.04228e+10 -2.31198e+10 -2.17695e+10 -2.13284e+10 -2.03954e+10 -1.79598e+10 -1.70659e+10 -1.67924e+10 -1.62033e+10 -1.39905e+10 -1.16918e+10 -9.82046e+09 -7.96389e+09 -6.1275e+09 -4.74412e+09 -3.65844e+09 -2.647e+09 -2.03501e+09 -1.38297e+09 -1.13448e+09 -9.67702e+08 -6.24566e+08 -5.28805e+08 -4.4999e+08 -2.91796e+08 -2.95717e+08 -3.03862e+08 -2.05776e+08 -2.07418e+08 -2.11369e+08 -1.65282e+08 -1.75489e+08 -1.46679e+08 -1.69477e+08 -1.73923e+08 -1.30207e+08 -1.16719e+08 -1.39121e+08 -1.63194e+08 -1.2628e+08 -1.26797e+08 -1.58075e+08 -7.44542e+07 -1.74195e+08 -1.01228e+08 -1.35165e+08 -1.09118e+08 -1.26357e+08 -1.22716e+08 -1.16199e+08 -1.84495e+08 -1.37252e+08 -1.21844e+08 -1.54258e+08 -1.20575e+08 -1.28322e+08 -9.77003e+07 -1.11344e+08 -1.08701e+08 -1.11892e+08 -1.11404e+08 -1.35571e+08 -1.30512e+08 -1.87549e+08 -1.1326e+08 -1.69052e+08 -1.63058e+08 -1.63234e+08 -1.17668e+08 -1.58689e+08 -8.39682e+07 -1.81241e+08 -1.69087e+08 -1.22862e+08 -9.25651e+07 -7.05456e+07 
-2.42678e+08 -6.75796e+08 -9.49512e+08 -1.51765e+09 -2.05023e+09 -2.57091e+09 -2.97133e+09 -3.44782e+09 -4.14764e+09 -4.75253e+09 -5.36051e+09 -5.98231e+09 -7.21583e+09 -7.88987e+09 -9.08975e+09 -1.07769e+10 -1.14518e+10 -1.30779e+10 -1.43435e+10 -1.55568e+10 -1.67194e+10 -1.82871e+10 -2.0221e+10 -2.01204e+10 -2.00244e+10 -2.23581e+10 -2.18678e+10 -2.15457e+10 -2.07231e+10 -1.85093e+10 -1.69652e+10 -1.65564e+10 -1.59725e+10 -1.44138e+10 -1.20065e+10 -1.02725e+10 -7.9028e+09 -6.28873e+09 -4.81565e+09 -3.63448e+09 -2.64742e+09 -1.96737e+09 -1.55965e+09 -1.09324e+09 -8.57297e+08 -7.99374e+08 -4.47044e+08 -4.31473e+08 -3.80932e+08 -2.38617e+08 -3.09561e+08 -2.51773e+08 -2.07697e+08 -1.92906e+08 -1.6539e+08 -2.06157e+08 -1.43873e+08 -1.71841e+08 -1.38729e+08 -1.48167e+08 -1.58178e+08 -1.42129e+08 -1.31058e+08 -1.05929e+08 -1.46629e+08 -1.63133e+08 -1.08817e+08 -1.67771e+08 -8.80324e+07 -1.35251e+08 -1.32248e+08 -1.27591e+08 -1.01592e+08 -1.39106e+08 -1.11757e+08 -1.3251e+08 -1.63853e+08 -1.60993e+08 -1.45437e+08 -1.189e+08 -1.19142e+08 -1.20573e+08 -1.42768e+08 -1.04173e+08 -1.51079e+08 -8.3306e+07 -9.41242e+07 -1.05111e+08 -1.44895e+08 -1.77771e+08 -1.6509e+08 -1.35579e+08 -1.73805e+08 -1.70863e+08 -1.08109e+08 -1.20917e+08 -1.80578e+08 -1.15957e+08 -1.3349e+08 -6.70589e+07 
-2.67378e+08 -6.67825e+08 -1.06216e+09 -1.51264e+09 -2.11263e+09 -2.62844e+09 -2.99906e+09 -3.64703e+09 -4.10432e+09 -4.7858e+09 -5.42532e+09 -5.96154e+09 -7.24086e+09 -8.37597e+09 -9.11993e+09 -1.06657e+10 -1.1806e+10 -1.31721e+10 -1.46947e+10 -1.59396e+10 -1.67188e+10 -1.87619e+10 -2.06917e+10 -2.04808e+10 -1.97865e+10 -2.13668e+10 -2.24334e+10 -2.1644e+10 -2.02664e+10 -1.89679e+10 -1.76368e+10 -1.67238e+10 -1.56669e+10 -1.44347e+10 -1.25391e+10 -1.01969e+10 -8.08179e+09 -6.5593e+09 -4.76491e+09 -3.72455e+09 -2.54661e+09 -2.0128e+09 -1.59621e+09 -1.16755e+09 -7.15217e+08 -8.43862e+08 -5.21398e+08 -3.95783e+08 -3.30227e+08 -3.58853e+08 -2.24815e+08 -2.44634e+08 -2.60281e+08 -2.21959e+08 -1.67719e+08 -1.79411e+08 -1.39039e+08 -2.08157e+08 -1.27219e+08 -1.70884e+08 -1.32543e+08 -1.54063e+08 -1.2577e+08 -1.58656e+08 -1.301e+08 -1.16885e+08 -1.13674e+08 -1.60492e+08 -1.51407e+08 -1.18157e+08 -1.50982e+08 -7.46945e+07 -1.75839e+08 -9.32216e+07 -1.46802e+08 -1.01673e+08 -1.47865e+08 -1.29875e+08 -1.37437e+08 -1.80733e+08 -1.26506e+08 -1.29961e+08 -1.33088e+08 -1.29042e+08 -1.50613e+08 -1.36852e+08 -9.00581e+07 -1.04795e+08 -1.0136e+08 -1.10719e+08 -1.53993e+08 -1.20644e+08 -2.11979e+08 -1.2176e+08 -1.72308e+08 -1.59845e+08 -1.4903e+08 -1.21929e+08 -1.29698e+08 -6.29559e+07 
-2.46586e+08 -7.99524e+08 -9.95507e+08 -1.58085e+09 -2.14558e+09 -2.71909e+09 -3.10476e+09 -3.62267e+09 -4.20488e+09 -4.80403e+09 -5.43888e+09 -6.12379e+09 -7.29694e+09 -8.52838e+09 -9.34158e+09 -1.05417e+10 -1.19734e+10 -1.38573e+10 -1.48233e+10 -1.64507e+10 -1.72099e+10 -1.90093e+10 -2.07243e+10 -2.03235e+10 -2.02158e+10 -2.08915e+10 -2.21313e+10 -2.15384e+10 -2.03004e+10 -1.89091e+10 -1.81364e+10 -1.71696e+10 -1.58193e+10 -1.44497e+10 -1.23201e+10 -1.04521e+10 -8.37934e+09 -6.45749e+09 -4.97049e+09 -3.74244e+09 -2.61242e+09 -2.01387e+09 -1.59602e+09 -1.19468e+09 -7.58116e+08 -6.30402e+08 -6.95264e+08 -3.89511e+08 -3.34342e+08 -2.97476e+08 -2.84244e+08 -2.53083e+08 -1.87876e+08 -2.41141e+08 -2.32854e+08 -1.95331e+08 -1.73271e+08 -1.31762e+08 -1.64664e+08 -1.60341e+08 -1.59593e+08 -1.42422e+08 -1.56321e+08 -1.32715e+08 -1.41947e+08 -1.26215e+08 -1.39046e+08 -1.3995e+08 -1.07549e+08 -1.21524e+08 -1.71308e+08 -1.32944e+08 -1.54551e+08 -9.69233e+07 -1.14965e+08 -1.52136e+08 -1.27551e+08 -1.26265e+08 -1.40228e+08 -1.22368e+08 -1.44566e+08 -1.34145e+08 -1.64861e+08 -1.4174e+08 -1.52308e+08 -1.3955e+08 -1.18634e+08 -1.37741e+08 -8.28788e+07 -1.47471e+08 -1.07505e+08 -1.15039e+08 -9.17193e+07 -1.79006e+08 -1.37493e+08 -1.7685e+08 -1.33978e+08 -2.22599e+08 -1.3628e+08 -5.05096e+07 
-2.82653e+08 -7.06987e+08 -1.0564e+09 -1.63886e+09 -2.21012e+09 -2.77463e+09 -3.2077e+09 -3.61728e+09 -4.35792e+09 -4.63791e+09 -5.59747e+09 -6.31312e+09 -7.44725e+09 -8.33034e+09 -9.58129e+09 -1.06646e+10 -1.2228e+10 -1.4279e+10 -1.51703e+10 -1.6649e+10 -1.78619e+10 -1.94827e+10 -2.02014e+10 -1.98502e+10 -2.07449e+10 -2.12119e+10 -2.11855e+10 -2.13762e+10 -2.10127e+10 -1.90532e+10 -1.76347e+10 -1.79052e+10 -1.63668e+10 -1.43064e+10 -1.20743e+10 -1.04803e+10 -8.66251e+09 -6.48028e+09 -5.17103e+09 -3.83509e+09 -2.66454e+09 -2.05748e+09 -1.64643e+09 -1.15249e+09 -8.17488e+08 -5.89194e+08 -5.93883e+08 -5.04185e+08 -3.27034e+08 -2.50752e+08 -3.42049e+08 -1.93212e+08 -2.58829e+08 -2.03264e+08 -1.70752e+08 -2.09887e+08 -2.3717e+08 -1.78273e+08 -1.73633e+08 -1.09535e+08 -1.8467e+08 -1.03476e+08 -1.96824e+08 -1.3575e+08 -1.52463e+08 -1.34651e+08 -1.53008e+08 -1.14852e+08 -1.40097e+08 -1.30411e+08 -1.40978e+08 -1.03598e+08 -1.24649e+08 -1.91435e+08 -1.13863e+08 -1.55286e+08 -9.65786e+07 -1.58392e+08 -1.19091e+08 -1.51847e+08 -1.05767e+08 -1.40145e+08 -1.29606e+08 -1.46296e+08 -1.78286e+08 -1.61049e+08 -1.50706e+08 -1.24741e+08 -9.38628e+07 -1.40499e+08 -1.68954e+08 -8.91643e+07 -1.25031e+08 -1.10644e+08 -1.06688e+08 -1.48859e+08 -1.21913e+08 -2.00775e+08 -1.53765e+08 -1.07626e+08 
-2.74954e+08 -7.30447e+08 -1.17618e+09 -1.59643e+09 -2.38565e+09 -2.77686e+09 -3.23727e+09 -3.68559e+09 -4.43331e+09 -4.59666e+09 -5.82875e+09 -6.47014e+09 -7.32139e+09 -8.38107e+09 -9.92385e+09 -1.09239e+10 -1.26538e+10 -1.42625e+10 -1.57456e+10 -1.69023e+10 -1.81138e+10 -1.94592e+10 -1.98747e+10 -1.96347e+10 -2.05845e+10 -2.19552e+10 -2.08117e+10 -2.12236e+10 -2.13449e+10 -1.91229e+10 -1.81667e+10 -1.76937e+10 -1.68013e+10 -1.44794e+10 -1.22084e+10 -1.04386e+10 -8.51224e+09 -6.79284e+09 -5.17156e+09 -3.95724e+09 -2.77173e+09 -2.12014e+09 -1.60075e+09 -1.20682e+09 -8.31625e+08 -6.09721e+08 -5.04889e+08 -4.9035e+08 -3.91589e+08 -2.88203e+08 -2.28593e+08 -2.40145e+08 -2.87357e+08 -1.5588e+08 -2.25082e+08 -1.78571e+08 -1.70797e+08 -1.66423e+08 -2.46834e+08 -1.7109e+08 -1.58242e+08 -1.56335e+08 -1.1547e+08 -1.67559e+08 -1.13471e+08 -1.9259e+08 -1.35919e+08 -1.55666e+08 -1.27018e+08 -1.54895e+08 -9.87779e+07 -1.45047e+08 -1.36254e+08 -1.35644e+08 -1.05384e+08 -1.49438e+08 -1.73142e+08 -1.3864e+08 -1.31035e+08 -1.21664e+08 -1.52641e+08 -1.12083e+08 -1.33215e+08 -1.34325e+08 -1.47397e+08 -1.6763e+08 -1.58531e+08 -1.53491e+08 -1.22982e+08 -1.54972e+08 -1.33977e+08 -1.31314e+08 -1.40899e+08 -1.12417e+08 -1.14598e+08 -1.28047e+08 -1.17165e+08 -8.61137e+07 -2.20568e+08 -4.79234e+07 
-3.70178e+08 -7.72202e+08 -1.13027e+09 -1.85351e+09 -2.32445e+09 -2.84197e+09 -3.32819e+09 -3.77031e+09 -4.33664e+09 -4.92109e+09 -5.79539e+09 -6.51878e+09 -7.33626e+09 -8.72135e+09 -9.93498e+09 -1.15301e+10 -1.26374e+10 -1.46067e+10 -1.61813e+10 -1.7206e+10 -1.82922e+10 -1.91224e+10 -1.99633e+10 -1.98731e+10 -2.00151e+10 -2.13068e+10 -2.18703e+10 -2.13426e+10 -2.08081e+10 -1.96028e+10 -1.87724e+10 -1.71689e+10 -1.66466e+10 -1.51051e+10 -1.25215e+10 -1.03086e+10 -8.61434e+09 -6.91002e+09 -5.0798e+09 -4.11298e+09 -2.91838e+09 -2.19306e+09 -1.64158e+09 -1.08752e+09 -8.9703e+08 -6.20928e+08 -5.51379e+08 -4.40441e+08 -3.52913e+08 -3.51257e+08 -2.1613e+08 -2.43138e+08 -1.78194e+08 -2.18104e+08 -2.65153e+08 -1.41867e+08 -1.7642e+08 -1.82631e+08 -1.66853e+08 -1.54889e+08 -1.97511e+08 -2.07301e+08 -1.43703e+08 -1.57552e+08 -1.31381e+08 -1.50977e+08 -1.31138e+08 -1.41535e+08 -1.74088e+08 -1.47755e+08 -1.52084e+08 -1.37119e+08 -1.34041e+08 -1.08273e+08 -1.30992e+08 -1.48963e+08 -1.35647e+08 -1.23677e+08 -1.71743e+08 -1.45791e+08 -1.5374e+08 -1.11385e+08 -1.37723e+08 -1.11463e+08 -1.65021e+08 -1.32444e+08 -1.80758e+08 -1.40742e+08 -1.39948e+08 -1.40128e+08 -1.6172e+08 -1.62296e+08 -1.55613e+08 -8.72558e+07 -1.38384e+08 -1.58061e+08 -1.03257e+08 -1.16488e+08 -1.28186e+08 -8.11302e+07 
-3.01903e+08 -8.33111e+08 -1.35545e+09 -1.8254e+09 -2.47854e+09 -2.92525e+09 -3.25658e+09 -3.94823e+09 -4.25965e+09 -5.31388e+09 -5.58072e+09 -6.58821e+09 -7.56157e+09 -8.97312e+09 -1.01859e+10 -1.17116e+10 -1.30631e+10 -1.5173e+10 -1.63233e+10 -1.72229e+10 -1.81784e+10 -1.91904e+10 -2.05343e+10 -1.95811e+10 -1.92632e+10 -2.10248e+10 -2.26194e+10 -2.13769e+10 -2.10223e+10 -2.00543e+10 -1.80726e+10 -1.75698e+10 -1.66599e+10 -1.51346e+10 -1.30146e+10 -1.05599e+10 -8.64298e+09 -6.97805e+09 -5.22688e+09 -4.04476e+09 -3.04231e+09 -2.41547e+09 -1.56625e+09 -1.02494e+09 -9.4897e+08 -6.41836e+08 -5.30139e+08 -4.76158e+08 -3.87344e+08 -2.58181e+08 -2.89043e+08 -2.13348e+08 -1.75466e+08 -2.18185e+08 -1.62844e+08 -1.64607e+08 -2.5953e+08 -1.52438e+08 -1.29956e+08 -2.03715e+08 -1.21799e+08 -1.81395e+08 -1.44952e+08 -2.21596e+08 -1.57803e+08 -1.4294e+08 -1.50989e+08 -1.28727e+08 -1.71618e+08 -1.04971e+08 -1.59965e+08 -1.69698e+08 -1.52955e+08 -1.42822e+08 -1.53945e+08 -1.10739e+08 -1.22418e+08 -1.34664e+08 -1.66645e+08 -1.32031e+08 -1.25457e+08 -1.85142e+08 -1.189e+08 -1.44207e+08 -1.2997e+08 -1.64937e+08 -1.1611e+08 -1.80987e+08 -1.20929e+08 -1.60041e+08 -1.45671e+08 -1.72898e+08 -1.48269e+08 -1.41791e+08 -1.55686e+08 -1.35671e+08 -1.22916e+08 -1.32975e+08 -1.33758e+08 -3.16639e+07 
-3.72201e+08 -9.55422e+08 -1.37368e+09 -1.95496e+09 -2.57276e+09 -2.93802e+09 -3.36674e+09 -3.88269e+09 -4.47653e+09 -5.30957e+09 -5.57186e+09 -6.87838e+09 -7.71653e+09 -9.23487e+09 -1.05046e+10 -1.16999e+10 -1.38873e+10 -1.52862e+10 -1.6585e+10 -1.66455e+10 -1.79387e+10 -1.99791e+10 -2.05527e+10 -1.92588e+10 -1.91507e+10 -2.11817e+10 -2.25278e+10 -2.17552e+10 -2.18208e+10 -1.98135e+10 -1.77967e+10 -1.77328e+10 -1.6978e+10 -1.49382e+10 -1.32884e+10 -1.08872e+10 -8.81605e+09 -6.96513e+09 -5.49564e+09 -3.95708e+09 -3.20092e+09 -2.41845e+09 -1.57734e+09 -1.11506e+09 -8.39075e+08 -7.09037e+08 -5.19473e+08 -4.64275e+08 -4.08232e+08 -3.38111e+08 -2.06663e+08 -2.01972e+08 -2.44321e+08 -1.57156e+08 -1.52259e+08 -1.98924e+08 -1.53543e+08 -1.41406e+08 -2.12436e+08 -1.79355e+08 -1.35465e+08 -1.50317e+08 -1.62042e+08 -1.34881e+08 -1.76019e+08 -1.5666e+08 -1.88745e+08 -1.48553e+08 -1.3927e+08 -1.52281e+08 -1.37556e+08 -1.68561e+08 -1.04733e+08 -1.6264e+08 -1.80587e+08 -1.52266e+08 -1.32569e+08 -1.73e+08 -1.02908e+08 -1.27672e+08 -1.41619e+08 -1.78273e+08 -1.12289e+08 -1.38774e+08 -1.6754e+08 -1.36387e+08 -1.70627e+08 -1.45426e+08 -1.29701e+08 -1.22087e+08 -1.61728e+08 -1.67921e+08 -1.78914e+08 -1.41034e+08 -1.40587e+08 -1.56102e+08 -1.46217e+08 -1.8766e+08 -8.22714e+07 -9.81938e+07 
-3.65446e+08 -9.43618e+08 -1.39448e+09 -2.18243e+09 -2.45178e+09 -3.11504e+09 -3.24744e+09 -4.15514e+09 -4.45909e+09 -5.2853e+09 -5.91042e+09 -6.98956e+09 -7.89782e+09 -9.49388e+09 -1.07898e+10 -1.23435e+10 -1.41245e+10 -1.56106e+10 -1.59305e+10 -1.69788e+10 -1.80113e+10 -2.00154e+10 -2.03584e+10 -1.89915e+10 -1.97009e+10 -2.10796e+10 -2.19805e+10 -2.28259e+10 -2.20793e+10 -1.89024e+10 -1.81392e+10 -1.76584e+10 -1.69105e+10 -1.50854e+10 -1.3446e+10 -1.11129e+10 -9.14536e+09 -7.08036e+09 -5.57709e+09 -4.15158e+09 -3.25136e+09 -2.27287e+09 -1.66384e+09 -1.10852e+09 -9.35848e+08 -6.48719e+08 -5.46686e+08 -4.46538e+08 -3.89324e+08 -3.57481e+08 -2.7209e+08 -2.14092e+08 -1.94182e+08 -1.49126e+08 -2.01436e+08 -1.45498e+08 -1.24125e+08 -1.88715e+08 -1.51825e+08 -1.49085e+08 -1.47451e+08 -1.83022e+08 -1.646e+08 -1.21357e+08 -1.7074e+08 -1.15698e+08 -1.68003e+08 -1.60565e+08 -1.61068e+08 -1.70065e+08 -1.35837e+08 -1.41632e+08 -1.5011e+08 -1.54235e+08 -1.60952e+08 -1.14526e+08 -1.58934e+08 -1.94937e+08 -1.56395e+08 -1.40705e+08 -1.56e+08 -1.15187e+08 -1.23909e+08 -1.38913e+08 -1.79472e+08 -1.20309e+08 -1.84743e+08 -1.37694e+08 -1.55557e+08 -1.31569e+08 -1.5837e+08 -1.11802e+08 -1.76279e+08 -1.63428e+08 -1.80249e+08 -1.58329e+08 -1.46372e+08 -1.63534e+08 -1.26719e+08 -8.08904e+07 
-3.47624e+08 -1.00704e+09 -1.47466e+09 -2.17074e+09 -2.60269e+09 -2.96468e+09 -3.48058e+09 -4.09508e+09 -4.76209e+09 -5.14365e+09 -6.27515e+09 -7.00964e+09 -8.3702e+09 -9.51056e+09 -1.11676e+10 -1.27874e+10 -1.39438e+10 -1.57265e+10 -1.54339e+10 -1.74876e+10 -1.83198e+10 -1.94756e+10 -2.02345e+10 -1.96259e+10 -1.92971e+10 -2.1023e+10 -2.23625e+10 -2.34962e+10 -2.15922e+10 -1.89449e+10 -1.7977e+10 -1.75847e+10 -1.69714e+10 -1.55423e+10 -1.36082e+10 -1.13672e+10 -9.14393e+09 -7.32598e+09 -5.80062e+09 -4.23308e+09 -3.2579e+09 -2.16252e+09 -1.7244e+09 -1.13832e+09 -9.24646e+08 -6.90446e+08 -5.64871e+08 -4.24611e+08 -3.92544e+08 -3.21731e+08 -2.99305e+08 -2.54203e+08 -2.18373e+08 -1.62489e+08 -1.7382e+08 -1.19116e+08 -1.86416e+08 -1.30795e+08 -1.09558e+08 -1.75355e+08 -1.54819e+08 -1.57086e+08 -1.12823e+08 -1.72835e+08 -1.53248e+08 -1.58582e+08 -1.20207e+08 -1.69203e+08 -9.39748e+07 -2.0166e+08 -1.38948e+08 -1.60492e+08 -1.55949e+08 -1.24121e+08 -1.47034e+08 -1.55846e+08 -1.65796e+08 -1.53861e+08 -1.3897e+08 -1.59036e+08 -1.95115e+08 -1.56375e+08 -1.45991e+08 -1.34289e+08 -1.26834e+08 -1.24094e+08 -1.70616e+08 -1.93847e+08 -1.22973e+08 -1.69232e+08 -1.09612e+08 -1.62744e+08 -1.45229e+08 -1.59592e+08 -1.20111e+08 -1.84754e+08 -1.94802e+08 -1.84865e+08 -1.41878e+08 -5.10238e+07 
-2.45302e+08 -9.16891e+08 -1.60709e+09 -2.10511e+09 -2.62063e+09 -3.12575e+09 -3.61991e+09 -4.00905e+09 -4.88759e+09 -5.3799e+09 -6.47762e+09 -7.21588e+09 -8.59405e+09 -9.97067e+09 -1.14384e+10 -1.28926e+10 -1.37179e+10 -1.54303e+10 -1.61559e+10 -1.75025e+10 -1.84063e+10 -1.94452e+10 -2.01661e+10 -1.99169e+10 -1.95428e+10 -2.0973e+10 -2.25611e+10 -2.31153e+10 -2.13469e+10 -1.90869e+10 -1.79096e+10 -1.74813e+10 -1.7405e+10 -1.57505e+10 -1.38258e+10 -1.14208e+10 -9.23277e+09 -7.57135e+09 -5.92449e+09 -4.3949e+09 -3.16876e+09 -2.07893e+09 -1.83142e+09 -1.11233e+09 -9.70511e+08 -6.94391e+08 -5.37884e+08 -4.89456e+08 -3.54589e+08 -3.29792e+08 -2.63236e+08 -3.01848e+08 -2.00133e+08 -2.0479e+08 -1.84522e+08 -1.52708e+08 -1.69841e+08 -8.33202e+07 -1.91153e+08 -1.04205e+08 -1.39694e+08 -1.25535e+08 -1.58083e+08 -1.49029e+08 -1.44364e+08 -1.32456e+08 -1.4085e+08 -1.51558e+08 -1.60274e+08 -1.20115e+08 -1.55399e+08 -1.0234e+08 -2.13396e+08 -1.20938e+08 -1.53597e+08 -1.45784e+08 -1.22609e+08 -1.46938e+08 -1.7601e+08 -1.83772e+08 -1.41454e+08 -1.45906e+08 -1.72408e+08 -1.86233e+08 -1.34993e+08 -1.65068e+08 -1.35175e+08 -1.59521e+08 -1.28785e+08 -1.87459e+08 -1.39453e+08 -1.53027e+08 -1.59051e+08 -1.06876e+08 -1.6694e+08 -1.54224e+08 -1.43576e+08 -1.62347e+08 -2.04223e+08 -1.08491e+08 
-3.07597e+08 -1.09281e+09 -1.63161e+09 -2.07725e+09 -2.75531e+09 -3.28753e+09 -3.54767e+09 -4.18678e+09 -4.98169e+09 -5.57447e+09 -6.75693e+09 -7.4905e+09 -8.86348e+09 -1.0176e+10 -1.16937e+10 -1.26089e+10 -1.38293e+10 -1.53406e+10 -1.6916e+10 -1.72945e+10 -1.82911e+10 -1.9796e+10 -2.01625e+10 -1.94812e+10 -2.01452e+10 -2.11508e+10 -2.24596e+10 -2.22938e+10 -2.1349e+10 -1.91976e+10 -1.84362e+10 -1.77795e+10 -1.70611e+10 -1.61217e+10 -1.38685e+10 -1.15046e+10 -9.57762e+09 -7.53757e+09 -6.16481e+09 -4.35158e+09 -3.25672e+09 -2.02977e+09 -1.80139e+09 -1.26383e+09 -8.84902e+08 -7.63161e+08 -5.26457e+08 -4.57505e+08 -4.2157e+08 -3.03759e+08 -2.67859e+08 -2.48613e+08 -2.38591e+08 -2.17334e+08 -1.85757e+08 -1.61962e+08 -1.7153e+08 -1.3638e+08 -1.83865e+08 -8.19563e+07 -1.50295e+08 -1.22828e+08 -1.25471e+08 -1.12109e+08 -1.64231e+08 -1.33126e+08 -1.64439e+08 -1.10936e+08 -1.6422e+08 -9.9165e+07 -1.64288e+08 -1.47396e+08 -1.36931e+08 -1.26758e+08 -1.37725e+08 -1.93926e+08 -1.21398e+08 -1.37379e+08 -1.48667e+08 -1.35199e+08 -1.47557e+08 -1.77221e+08 -1.93567e+08 -1.46138e+08 -1.34681e+08 -1.91972e+08 -1.63668e+08 -1.69983e+08 -1.76353e+08 -1.29534e+08 -1.39565e+08 -1.4649e+08 -2.0958e+08 -1.21464e+08 -1.43739e+08 -1.41719e+08 -1.38893e+08 -1.63039e+08 -1.6615e+08 -8.09718e+07 
-4.62935e+08 -1.1489e+09 -1.42273e+09 -2.28153e+09 -2.99575e+09 -3.16275e+09 -3.67028e+09 -4.34694e+09 -5.15401e+09 -5.91964e+09 -6.83094e+09 -7.8652e+09 -9.0811e+09 -1.02797e+10 -1.15579e+10 -1.23688e+10 -1.43172e+10 -1.53925e+10 -1.70152e+10 -1.74957e+10 -1.87175e+10 -2.00661e+10 -1.9902e+10 -1.92419e+10 -2.02327e+10 -2.12439e+10 -2.2273e+10 -2.237e+10 -2.08047e+10 -1.90842e+10 -1.89738e+10 -1.83933e+10 -1.71715e+10 -1.5999e+10 -1.41317e+10 -1.16558e+10 -9.8914e+09 -7.5192e+09 -6.14638e+09 -4.34308e+09 -3.24485e+09 -2.16868e+09 -1.7788e+09 -1.31439e+09 -8.84093e+08 -8.13076e+08 -5.30736e+08 -4.22877e+08 -3.93077e+08 -3.73795e+08 -2.69777e+08 -2.16436e+08 -2.54013e+08 -1.65493e+08 -2.37294e+08 -1.74369e+08 -1.64128e+08 -1.45833e+08 -1.53589e+08 -1.33087e+08 -1.70454e+08 -1.30613e+08 -8.39245e+07 -1.65148e+08 -8.29811e+07 -1.47227e+08 -1.1712e+08 -1.5865e+08 -1.31743e+08 -1.57821e+08 -1.16461e+08 -1.5082e+08 -9.1054e+07 -1.65505e+08 -1.39016e+08 -1.50697e+08 -1.08819e+08 -1.73305e+08 -1.69004e+08 -1.40465e+08 -1.17712e+08 -1.41523e+08 -1.42228e+08 -1.5554e+08 -1.82291e+08 -1.76952e+08 -1.68526e+08 -1.39771e+08 -2.26767e+08 -1.30901e+08 -1.76067e+08 -1.60626e+08 -1.72e+08 -1.25408e+08 -1.58684e+08 -1.76142e+08 -1.5266e+08 -1.52818e+08 -1.12203e+08 -9.08402e+07 
-3.5743e+08 -9.91137e+08 -1.72548e+09 -2.51589e+09 -2.66419e+09 -3.36704e+09 -3.87199e+09 -4.57649e+09 -5.371e+09 -6.16063e+09 -6.91889e+09 -8.21705e+09 -9.14156e+09 -1.00976e+10 -1.1317e+10 -1.26774e+10 -1.42838e+10 -1.56336e+10 -1.66847e+10 -1.84419e+10 -1.92612e+10 -1.9531e+10 -1.96789e+10 -1.99444e+10 -1.95358e+10 -2.12403e+10 -2.2886e+10 -2.2135e+10 -2.00697e+10 -1.95553e+10 -1.93095e+10 -1.8747e+10 -1.79837e+10 -1.5632e+10 -1.43464e+10 -1.19306e+10 -9.91134e+09 -7.92086e+09 -5.8172e+09 -4.31087e+09 -3.24211e+09 -2.35302e+09 -1.7563e+09 -1.32711e+09 -9.24601e+08 -7.72264e+08 -5.94354e+08 -4.56911e+08 -3.36555e+08 -3.17789e+08 -3.3399e+08 -2.50348e+08 -2.29633e+08 -1.7175e+08 -2.17753e+08 -1.37002e+08 -2.12325e+08 -1.73678e+08 -1.31954e+08 -1.53012e+08 -1.42544e+08 -1.2445e+08 -1.27951e+08 -1.92342e+08 -7.69605e+07 -1.36946e+08 -1.17006e+08 -9.47118e+07 -1.46644e+08 -1.40841e+08 -1.30431e+08 -1.56016e+08 -1.27636e+08 -1.48036e+08 -1.04871e+08 -1.03944e+08 -1.70054e+08 -1.27943e+08 -1.57312e+08 -1.22339e+08 -2.00123e+08 -1.3408e+08 -1.31671e+08 -1.21499e+08 -1.40391e+08 -1.48721e+08 -1.46609e+08 -2.01885e+08 -1.97485e+08 -1.74931e+08 -1.29427e+08 -2.11055e+08 -1.39475e+08 -1.88543e+08 -1.59035e+08 -1.5767e+08 -1.48824e+08 -1.99387e+08 -1.36813e+08 -8.9736e+07 
-4.23299e+08 -1.20454e+09 -1.80544e+09 -2.40063e+09 -2.78596e+09 -3.67368e+09 -3.87935e+09 -4.94948e+09 -5.43214e+09 -6.35793e+09 -7.11751e+09 -8.35865e+09 -8.99881e+09 -9.89125e+09 -1.14635e+10 -1.28807e+10 -1.42917e+10 -1.56045e+10 -1.69609e+10 -1.93874e+10 -1.98969e+10 -1.88924e+10 -1.89127e+10 -1.95003e+10 -2.02307e+10 -2.14345e+10 -2.31877e+10 -2.26246e+10 -1.95085e+10 -1.87942e+10 -1.96218e+10 -1.93545e+10 -1.85356e+10 -1.5735e+10 -1.4431e+10 -1.19493e+10 -9.98796e+09 -7.93606e+09 -5.78533e+09 -4.20938e+09 -3.40419e+09 -2.41269e+09 -1.75725e+09 -1.30256e+09 -1.00716e+09 -7.59476e+08 -6.20896e+08 -4.30163e+08 -4.05401e+08 -2.78565e+08 -2.59052e+08 -3.12125e+08 -2.05237e+08 -2.28834e+08 -1.74691e+08 -1.65072e+08 -1.92401e+08 -1.31802e+08 -1.64257e+08 -1.98018e+08 -1.09758e+08 -1.5765e+08 -1.22467e+08 -1.32403e+08 -1.14854e+08 -1.5917e+08 -1.56644e+08 -7.89732e+07 -1.53009e+08 -8.11961e+07 -1.27904e+08 -1.29443e+08 -1.65281e+08 -1.07805e+08 -1.76053e+08 -1.0849e+08 -1.57969e+08 -6.45706e+07 -1.42475e+08 -1.62576e+08 -1.29556e+08 -1.60281e+08 -1.21263e+08 -2.07668e+08 -1.18266e+08 -1.31225e+08 -1.0741e+08 -1.49262e+08 -1.84706e+08 -1.49228e+08 -1.91567e+08 -1.80685e+08 -1.89033e+08 -1.68035e+08 -1.73591e+08 -1.32932e+08 -1.84637e+08 -2.07956e+08 -1.59618e+08 -8.35797e+07 
-4.90205e+08 -1.1454e+09 -1.90545e+09 -2.27712e+09 -3.2385e+09 -3.63169e+09 -4.3991e+09 -4.81421e+09 -5.56196e+09 -6.67875e+09 -7.18407e+09 -8.13649e+09 -9.01971e+09 -9.94265e+09 -1.18213e+10 -1.2623e+10 -1.42323e+10 -1.57391e+10 -1.80328e+10 -2.00052e+10 -1.9772e+10 -1.84846e+10 -1.81169e+10 -1.89385e+10 -2.05761e+10 -2.23229e+10 -2.36149e+10 -2.26296e+10 -1.97397e+10 -1.85541e+10 -1.86003e+10 -1.98933e+10 -1.85064e+10 -1.69889e+10 -1.43934e+10 -1.18221e+10 -1.00719e+10 -7.65928e+09 -5.89653e+09 -4.29694e+09 -3.48164e+09 -2.47401e+09 -1.69926e+09 -1.3732e+09 -9.65279e+08 -8.28037e+08 -6.11597e+08 -4.53656e+08 -3.41538e+08 -3.71373e+08 -2.39761e+08 -2.39307e+08 -2.2442e+08 -2.3508e+08 -1.68643e+08 -2.1176e+08 -1.55402e+08 -1.43318e+08 -1.78208e+08 -1.46833e+08 -1.16589e+08 -1.95224e+08 -1.26384e+08 -1.29082e+08 -1.4191e+08 -1.31761e+08 -1.16431e+08 -9.35336e+07 -2.04802e+08 -1.12049e+08 -1.1683e+08 -1.23102e+08 -7.68514e+07 -1.52719e+08 -1.33912e+08 -1.48033e+08 -1.18122e+08 -1.59705e+08 -1.22887e+08 -1.49831e+08 -6.2795e+07 -1.63156e+08 -1.36767e+08 -1.33782e+08 -1.62643e+08 -1.50715e+08 -1.64408e+08 -1.31672e+08 -1.24561e+08 -1.36716e+08 -1.42911e+08 -1.71361e+08 -1.54417e+08 -1.99683e+08 -2.08082e+08 -1.62668e+08 -1.69516e+08 -1.60383e+08 -1.81065e+08 -9.42635e+07 
-3.61848e+08 -1.2716e+09 -1.9772e+09 -2.54826e+09 -3.41517e+09 -3.68792e+09 -4.6546e+09 -4.90228e+09 -5.71157e+09 -6.59029e+09 -7.33624e+09 -7.88874e+09 -9.20417e+09 -1.03416e+10 -1.17198e+10 -1.27239e+10 -1.41829e+10 -1.62728e+10 -1.84616e+10 -1.98207e+10 -1.94205e+10 -1.84055e+10 -1.82552e+10 -1.86074e+10 -2.00994e+10 -2.3319e+10 -2.45476e+10 -2.19144e+10 -1.9619e+10 -1.91551e+10 -1.84811e+10 -1.91992e+10 -1.86776e+10 -1.76707e+10 -1.46313e+10 -1.20664e+10 -9.91109e+09 -7.324e+09 -6.08088e+09 -4.5172e+09 -3.43764e+09 -2.50396e+09 -1.77832e+09 -1.28521e+09 -1.01981e+09 -8.20621e+08 -6.35464e+08 -4.73644e+08 -3.71409e+08 -2.74108e+08 -3.34206e+08 -2.06314e+08 -2.423e+08 -1.49836e+08 -2.37271e+08 -1.7624e+08 -1.45366e+08 -1.93521e+08 -1.62699e+08 -1.19158e+08 -1.67336e+08 -1.53642e+08 -1.0982e+08 -1.53994e+08 -1.67324e+08 -9.83507e+07 -1.55035e+08 -1.14846e+08 -1.3731e+08 -1.0929e+08 -9.83569e+07 -2.09889e+08 -9.33041e+07 -1.3316e+08 -1.05798e+08 -9.10453e+07 -1.61212e+08 -1.44114e+08 -1.19967e+08 -1.50161e+08 -1.38034e+08 -1.4804e+08 -1.14127e+08 -6.07938e+07 -1.93322e+08 -1.13953e+08 -1.43978e+08 -1.63038e+08 -1.62358e+08 -1.64449e+08 -1.30323e+08 -1.11969e+08 -1.09039e+08 -1.7999e+08 -1.88673e+08 -1.5617e+08 -1.6393e+08 -2.31047e+08 -1.85003e+08 -1.27813e+08 
-5.47985e+08 -1.43501e+09 -1.96363e+09 -2.84792e+09 -3.33726e+09 -4.07808e+09 -4.53657e+09 -5.1139e+09 -5.77423e+09 -6.41683e+09 -7.42241e+09 -7.91132e+09 -9.39601e+09 -1.06325e+10 -1.13504e+10 -1.29021e+10 -1.4747e+10 -1.71242e+10 -1.83622e+10 -1.83067e+10 -1.88265e+10 -1.94388e+10 -1.88721e+10 -1.8998e+10 -2.03243e+10 -2.31317e+10 -2.44639e+10 -2.21065e+10 -1.92446e+10 -1.99645e+10 -1.94266e+10 -1.8105e+10 -1.8421e+10 -1.74963e+10 -1.55567e+10 -1.2305e+10 -9.74045e+09 -7.41527e+09 -5.9552e+09 -4.82513e+09 -3.41034e+09 -2.42672e+09 -1.85175e+09 -1.33027e+09 -1.01439e+09 -8.28734e+08 -6.07918e+08 -4.91076e+08 -3.89422e+08 -3.15466e+08 -2.33994e+08 -2.80098e+08 -2.21011e+08 -1.8052e+08 -2.13433e+08 -1.18375e+08 -2.15303e+08 -1.65828e+08 -1.07687e+08 -1.96635e+08 -1.6006e+08 -1.12989e+08 -1.54534e+08 -1.40412e+08 -1.36725e+08 -1.25762e+08 -1.45278e+08 -1.38275e+08 -1.08797e+08 -1.55128e+08 -1.16692e+08 -1.27559e+08 -9.55334e+07 -1.31007e+08 -1.80977e+08 -1.0463e+08 -1.35778e+08 -8.55933e+07 -1.28823e+08 -1.42477e+08 -1.70754e+08 -1.08683e+08 -1.62343e+08 -9.64456e+07 -1.72596e+08 -8.73931e+07 -1.00069e+08 -1.71301e+08 -1.13056e+08 -1.72709e+08 -1.71495e+08 -1.55608e+08 -1.15265e+08 -1.45091e+08 -1.32949e+08 -1.24672e+08 -1.59992e+08 -1.57556e+08 -2.09439e+08 -9.47089e+07 
-6.20938e+08 -1.33918e+09 -2.08581e+09 -2.99847e+09 -3.50008e+09 -4.09675e+09 -4.55059e+09 -5.26417e+09 -5.71412e+09 -6.31703e+09 -7.50964e+09 -8.18069e+09 -9.32637e+09 -1.07321e+10 -1.16625e+10 -1.31174e+10 -1.54272e+10 -1.71161e+10 -1.82052e+10 -1.74001e+10 -1.82451e+10 -2.01119e+10 -1.99389e+10 -2.00624e+10 -2.08306e+10 -2.2612e+10 -2.34644e+10 -2.21467e+10 -2.02372e+10 -2.00881e+10 -1.95029e+10 -1.82929e+10 -1.80989e+10 -1.69597e+10 -1.56821e+10 -1.27703e+10 -9.82354e+09 -7.75523e+09 -5.99936e+09 -4.78355e+09 -3.39563e+09 -2.52345e+09 -1.80392e+09 -1.41288e+09 -1.0203e+09 -8.29071e+08 -6.27364e+08 -4.38369e+08 -4.11258e+08 -3.08244e+08 -3.10578e+08 -1.90814e+08 -2.44981e+08 -2.13501e+08 -1.62877e+08 -1.83287e+08 -1.84663e+08 -1.06219e+08 -1.85846e+08 -1.66435e+08 -9.97436e+07 -1.68252e+08 -1.64105e+08 -1.26495e+08 -1.38706e+08 -1.28506e+08 -1.43914e+08 -1.21621e+08 -1.42362e+08 -1.30917e+08 -1.19506e+08 -1.27423e+08 -1.39921e+08 -1.24917e+08 -1.27106e+08 -7.45404e+07 -1.70079e+08 -1.43067e+08 -1.30286e+08 -1.15811e+08 -1.01399e+08 -1.61321e+08 -1.36198e+08 -1.42718e+08 -1.14654e+08 -1.65677e+08 -1.01409e+08 -1.59623e+08 -7.27444e+07 -1.44206e+08 -1.65509e+08 -1.12225e+08 -1.64044e+08 -1.50039e+08 -1.89918e+08 -1.11051e+08 -1.36573e+08 -1.00908e+08 -1.4661e+08 -9.07352e+07 
-4.52462e+08 -1.3444e+09 -2.23127e+09 -3.05263e+09 -3.66171e+09 -3.99077e+09 -4.72216e+09 -5.15986e+09 -5.78997e+09 -6.27201e+09 -7.70746e+09 -8.20547e+09 -9.50975e+09 -1.07412e+10 -1.20731e+10 -1.36642e+10 -1.56135e+10 -1.64771e+10 -1.77443e+10 -1.7767e+10 -1.83269e+10 -1.98116e+10 -2.08427e+10 -2.0869e+10 -2.14176e+10 -2.22505e+10 -2.26164e+10 -2.21804e+10 -2.0771e+10 -2.0313e+10 -1.96018e+10 -1.87887e+10 -1.81953e+10 -1.67706e+10 -1.47436e+10 -1.29435e+10 -1.03461e+10 -8.03425e+09 -6.30052e+09 -4.5733e+09 -3.26431e+09 -2.68012e+09 -1.82793e+09 -1.44331e+09 -1.03322e+09 -7.5752e+08 -7.41853e+08 -4.15801e+08 -3.37589e+08 -3.77747e+08 -2.21187e+08 -3.27448e+08 -1.74612e+08 -1.97934e+08 -2.08742e+08 -1.75284e+08 -1.39405e+08 -1.6811e+08 -1.91472e+08 -9.18869e+07 -1.50193e+08 -1.81614e+08 -1.09685e+08 -1.23992e+08 -1.62373e+08 -1.47932e+08 -1.1622e+08 -1.4906e+08 -1.09926e+08 -1.5057e+08 -1.32374e+08 -1.19555e+08 -1.27655e+08 -1.14856e+08 -1.44111e+08 -1.15965e+08 -1.40092e+08 -1.22577e+08 -6.85026e+07 -1.79691e+08 -1.43259e+08 -1.42094e+08 -1.08169e+08 -1.18022e+08 -1.49021e+08 -1.49527e+08 -1.3151e+08 -1.37448e+08 -1.31293e+08 -1.17006e+08 -1.64182e+08 -6.88021e+07 -1.70799e+08 -1.10578e+08 -1.46247e+08 -1.89886e+08 -1.46319e+08 -1.46494e+08 -9.3025e+07 -9.43308e+07 
-6.33388e+08 -1.36664e+09 -2.3372e+09 -3.1423e+09 -3.49941e+09 -4.31521e+09 -4.57765e+09 -5.07299e+09 -5.98024e+09 -6.34077e+09 -7.75799e+09 -8.32249e+09 -9.62579e+09 -1.10478e+10 -1.27223e+10 -1.371e+10 -1.54643e+10 -1.56332e+10 -1.71746e+10 -1.87094e+10 -1.92413e+10 -1.98933e+10 -2.08183e+10 -2.13107e+10 -2.08822e+10 -2.21516e+10 -2.29735e+10 -2.21569e+10 -2.09047e+10 -2.02843e+10 -2.01177e+10 -1.99686e+10 -1.77888e+10 -1.66461e+10 -1.40518e+10 -1.2625e+10 -1.0778e+10 -8.41845e+09 -6.45145e+09 -4.64782e+09 -3.21305e+09 -2.62596e+09 -1.94628e+09 -1.42744e+09 -1.08021e+09 -7.07633e+08 -6.77867e+08 -5.81778e+08 -3.22932e+08 -2.48109e+08 -3.44256e+08 -2.14875e+08 -2.2225e+08 -2.70726e+08 -1.24434e+08 -2.08811e+08 -1.769e+08 -1.48419e+08 -1.35363e+08 -1.40212e+08 -2.19743e+08 -7.5382e+07 -1.39465e+08 -1.66065e+08 -1.26133e+08 -1.02233e+08 -1.51186e+08 -1.46621e+08 -1.32742e+08 -1.40887e+08 -1.18749e+08 -1.19596e+08 -1.37852e+08 -1.51174e+08 -1.03554e+08 -1.1208e+08 -1.22043e+08 -1.54263e+08 -1.1339e+08 -1.41869e+08 -9.97251e+07 -1.21171e+08 -1.60358e+08 -1.38116e+08 -1.25467e+08 -1.13193e+08 -1.60569e+08 -1.27773e+08 -1.65983e+08 -1.15134e+08 -1.53516e+08 -1.08074e+08 -1.39783e+08 -1.21379e+08 -9.31272e+07 -2.04499e+08 -9.56953e+07 -1.46795e+08 -1.55635e+08 -8.19851e+07 
-5.07333e+08 -1.58788e+09 -2.38697e+09 -3.17559e+09 -3.52603e+09 -4.39603e+09 -4.40126e+09 -5.28144e+09 -6.027e+09 -6.53621e+09 -7.56572e+09 -8.72199e+09 -9.78862e+09 -1.14299e+10 -1.2677e+10 -1.38902e+10 -1.48371e+10 -1.53981e+10 -1.70719e+10 -1.93846e+10 -2.08682e+10 -2.01501e+10 -1.96333e+10 -2.07722e+10 -2.0843e+10 -2.29613e+10 -2.35415e+10 -2.18391e+10 -2.08671e+10 -2.02131e+10 -2.05038e+10 -2.0636e+10 -1.77706e+10 -1.63674e+10 -1.41794e+10 -1.2282e+10 -1.05345e+10 -8.63379e+09 -6.53387e+09 -4.92929e+09 -3.38787e+09 -2.55244e+09 -1.91741e+09 -1.41189e+09 -1.18661e+09 -6.74087e+08 -6.32321e+08 -5.56744e+08 -4.29353e+08 -2.99024e+08 -2.00239e+08 -2.51086e+08 -2.79545e+08 -1.36655e+08 -2.34647e+08 -2.21948e+08 -1.08928e+08 -1.9748e+08 -1.63328e+08 -1.30827e+08 -1.4548e+08 -1.20758e+08 -1.93125e+08 -1.20862e+08 -1.26066e+08 -1.25779e+08 -1.53082e+08 -1.06551e+08 -1.29337e+08 -1.37144e+08 -1.45524e+08 -1.20508e+08 -1.56155e+08 -8.9898e+07 -1.47423e+08 -1.32125e+08 -1.26042e+08 -1.12855e+08 -1.0414e+08 -1.32103e+08 -1.46409e+08 -1.2836e+08 -1.61371e+08 -7.33252e+07 -1.33471e+08 -1.34982e+08 -1.60618e+08 -1.19035e+08 -1.41159e+08 -1.53479e+08 -1.36636e+08 -1.67013e+08 -1.2052e+08 -1.30986e+08 -8.34952e+07 -1.86485e+08 -1.14031e+08 -1.17948e+08 -1.37133e+08 -5.63321e+07 
-6.36675e+08 -1.51121e+09 -2.43152e+09 -3.21201e+09 -3.73877e+09 -4.08075e+09 -4.67041e+09 -5.40883e+09 -5.96641e+09 -6.74674e+09 -7.3987e+09 -9.20872e+09 -1.01125e+10 -1.13698e+10 -1.25205e+10 -1.36024e+10 -1.43593e+10 -1.59122e+10 -1.75442e+10 -1.99972e+10 -2.11251e+10 -2.05633e+10 -1.91159e+10 -2.00024e+10 -2.16143e+10 -2.31215e+10 -2.35015e+10 -2.28169e+10 -2.1223e+10 -2.00297e+10 -2.05795e+10 -1.99469e+10 -1.87166e+10 -1.62995e+10 -1.44409e+10 -1.22119e+10 -1.02419e+10 -8.36284e+09 -6.53294e+09 -5.15832e+09 -3.57658e+09 -2.65106e+09 -1.92604e+09 -1.32541e+09 -1.10225e+09 -9.04083e+08 -4.81666e+08 -5.49335e+08 -4.65301e+08 -3.29941e+08 -2.70195e+08 -2.09372e+08 -1.54426e+08 -2.53133e+08 -2.01548e+08 -1.24684e+08 -2.15039e+08 -2.11721e+08 -1.00006e+08 -1.69184e+08 -1.68966e+08 -1.19739e+08 -1.43453e+08 -1.25833e+08 -1.39815e+08 -1.99724e+08 -8.12393e+07 -1.39328e+08 -1.34407e+08 -1.19691e+08 -1.156e+08 -1.35141e+08 -1.29701e+08 -1.33861e+08 -1.43536e+08 -1.3225e+08 -8.724e+07 -1.52467e+08 -1.54247e+08 -9.07863e+07 -1.1177e+08 -1.2113e+08 -1.41742e+08 -1.40472e+08 -1.27622e+08 -1.48966e+08 -8.52305e+07 -1.4504e+08 -1.24214e+08 -1.67737e+08 -1.16784e+08 -1.70606e+08 -1.48669e+08 -1.36405e+08 -1.37308e+08 -1.55337e+08 -1.27798e+08 -8.73332e+07 -1.50577e+08 -5.51716e+07 
-5.49902e+08 -1.5791e+09 -2.59927e+09 -3.12711e+09 -3.88118e+09 -3.93873e+09 -5.02657e+09 -5.26201e+09 -5.93515e+09 -7.18347e+09 -7.35624e+09 -9.4932e+09 -1.03639e+10 -1.10271e+10 -1.21782e+10 -1.33963e+10 -1.45144e+10 -1.65618e+10 -1.82797e+10 -2.00091e+10 -1.99871e+10 -2.06968e+10 -2.00172e+10 -2.01982e+10 -2.11162e+10 -2.2712e+10 -2.40946e+10 -2.36668e+10 -2.15175e+10 -2.01837e+10 -2.01073e+10 -1.92807e+10 -1.92653e+10 -1.67813e+10 -1.47637e+10 -1.22478e+10 -1.01178e+10 -8.03995e+09 -6.51332e+09 -5.0399e+09 -3.77967e+09 -2.83007e+09 -1.99666e+09 -1.31949e+09 -1.00339e+09 -8.74922e+08 -6.1913e+08 -4.87577e+08 -4.04907e+08 -3.91859e+08 -2.89496e+08 -2.12167e+08 -2.37196e+08 -1.33646e+08 -1.64045e+08 -2.19275e+08 -1.7025e+08 -1.22595e+08 -1.85992e+08 -2.03447e+08 -1.13783e+08 -1.36016e+08 -1.72081e+08 -1.33237e+08 -1.09459e+08 -1.5594e+08 -1.07858e+08 -1.91761e+08 -1.21706e+08 -1.30584e+08 -1.05386e+08 -1.45705e+08 -1.02403e+08 -1.3616e+08 -1.20222e+08 -1.28824e+08 -1.35266e+08 -1.59744e+08 -9.26271e+07 -1.19463e+08 -1.38708e+08 -1.5576e+08 -9.84678e+07 -1.02918e+08 -1.21309e+08 -1.41696e+08 -1.23034e+08 -1.6195e+08 -1.29676e+08 -1.27879e+08 -1.04869e+08 -1.39901e+08 -1.63524e+08 -1.46902e+08 -1.64755e+08 -1.35655e+08 -1.72112e+08 -1.19386e+08 -1.36587e+08 -4.9901e+07 
-5.01304e+08 -1.68832e+09 -2.67333e+09 -3.02459e+09 -3.924e+09 -4.16472e+09 -4.91253e+09 -5.39597e+09 -6.05461e+09 -7.34728e+09 -7.76591e+09 -9.19882e+09 -1.03073e+10 -1.10162e+10 -1.17079e+10 -1.3486e+10 -1.50688e+10 -1.70719e+10 -1.86375e+10 -1.94821e+10 -1.96604e+10 -2.07033e+10 -2.15104e+10 -2.08299e+10 -2.01149e+10 -2.2248e+10 -2.4976e+10 -2.38771e+10 -2.18131e+10 -2.0156e+10 -1.98986e+10 -1.95404e+10 -1.87575e+10 -1.72188e+10 -1.54302e+10 -1.21104e+10 -1.0172e+10 -7.82573e+09 -6.65362e+09 -4.64374e+09 -3.86778e+09 -2.97551e+09 -2.08852e+09 -1.37185e+09 -1.02175e+09 -7.39332e+08 -6.84323e+08 -5.22052e+08 -3.99868e+08 -3.21806e+08 -3.30814e+08 -2.73736e+08 -1.68925e+08 -2.12859e+08 -1.82545e+08 -1.16613e+08 -1.54699e+08 -1.83205e+08 -1.6346e+08 -1.31915e+08 -1.5664e+08 -1.82185e+08 -1.45637e+08 -1.25234e+08 -1.55507e+08 -1.39293e+08 -9.91078e+07 -1.45766e+08 -1.40343e+08 -1.18417e+08 -1.93482e+08 -1.00839e+08 -1.38604e+08 -1.04152e+08 -1.23862e+08 -1.30049e+08 -1.30781e+08 -1.04425e+08 -1.32004e+08 -1.36615e+08 -1.53372e+08 -8.21129e+07 -1.66414e+08 -1.34937e+08 -1.12815e+08 -1.04554e+08 -9.73656e+07 -1.30044e+08 -1.56526e+08 -1.24391e+08 -1.7817e+08 -1.06402e+08 -1.39787e+08 -1.05259e+08 -1.50392e+08 -1.62003e+08 -1.78238e+08 -1.56374e+08 -1.12497e+08 -8.43879e+07 
-5.87917e+08 -1.8533e+09 -2.37765e+09 -3.44534e+09 -3.67706e+09 -4.4613e+09 -4.72256e+09 -5.66008e+09 -6.17655e+09 -7.39455e+09 -8.30419e+09 -8.48524e+09 -1.02113e+10 -1.12092e+10 -1.15562e+10 -1.36705e+10 -1.571e+10 -1.75591e+10 -1.80409e+10 -1.93432e+10 -2.02255e+10 -2.14439e+10 -2.11068e+10 -2.09972e+10 -2.0765e+10 -2.2144e+10 -2.44434e+10 -2.42351e+10 -2.24945e+10 -2.03843e+10 -2.02589e+10 -1.96164e+10 -1.86423e+10 -1.72667e+10 -1.51897e+10 -1.24569e+10 -1.03079e+10 -7.98766e+09 -6.4412e+09 -4.52633e+09 -3.78736e+09 -2.95598e+09 -2.03896e+09 -1.58908e+09 -1.07156e+09 -6.367e+08 -7.32419e+08 -4.52436e+08 -4.79817e+08 -3.26212e+08 -2.58981e+08 -2.74381e+08 -2.6435e+08 -1.66418e+08 -1.59184e+08 -1.92067e+08 -1.60476e+08 -1.11426e+08 -1.38977e+08 -1.53188e+08 -1.72619e+08 -1.3321e+08 -1.35853e+08 -1.63321e+08 -1.66676e+08 -1.16923e+08 -1.45708e+08 -1.41183e+08 -1.24214e+08 -9.60372e+07 -1.73863e+08 -1.06842e+08 -1.54678e+08 -1.52773e+08 -1.3339e+08 -9.86375e+07 -1.25597e+08 -1.10279e+08 -1.52398e+08 -1.05531e+08 -1.16649e+08 -1.22599e+08 -1.6523e+08 -1.3216e+08 -9.71516e+07 -1.40511e+08 -1.51184e+08 -7.5709e+07 -1.34041e+08 -1.1329e+08 -1.33626e+08 -1.45075e+08 -1.187e+08 -2.02819e+08 -1.16845e+08 -1.28832e+08 -1.03924e+08 -1.67232e+08 -1.42706e+08 -1.02303e+08 
-5.74616e+08 -1.60671e+09 -2.579e+09 -3.492e+09 -3.63245e+09 -4.5603e+09 -4.82394e+09 -5.74653e+09 -6.40143e+09 -7.42186e+09 -8.16539e+09 -8.40579e+09 -9.93211e+09 -1.1199e+10 -1.22655e+10 -1.38881e+10 -1.59673e+10 -1.7204e+10 -1.76271e+10 -1.9692e+10 -2.13908e+10 -2.1686e+10 -2.06804e+10 -2.11929e+10 -2.18772e+10 -2.18672e+10 -2.35979e+10 -2.47306e+10 -2.27161e+10 -2.12611e+10 -2.01544e+10 -2.02686e+10 -1.87448e+10 -1.69899e+10 -1.49426e+10 -1.2571e+10 -1.05552e+10 -8.1034e+09 -6.30216e+09 -4.62039e+09 -3.68131e+09 -2.81583e+09 -1.97276e+09 -1.61217e+09 -1.18871e+09 -7.40918e+08 -6.13467e+08 -5.21837e+08 -3.68912e+08 -4.0513e+08 -2.83316e+08 -2.25039e+08 -2.35544e+08 -2.24e+08 -1.98376e+08 -1.25957e+08 -1.59458e+08 -1.68025e+08 -1.50258e+08 -1.20689e+08 -1.24228e+08 -1.46268e+08 -1.40315e+08 -1.45708e+08 -1.37298e+08 -1.63501e+08 -1.26227e+08 -1.46921e+08 -1.52713e+08 -1.27826e+08 -1.2529e+08 -9.89875e+07 -1.38043e+08 -1.62842e+08 -9.37899e+07 -1.79102e+08 -1.28388e+08 -1.421e+08 -8.42543e+07 -1.28682e+08 -1.30382e+08 -1.3905e+08 -9.6469e+07 -1.30727e+08 -1.34649e+08 -1.57436e+08 -9.70308e+07 -1.32851e+08 -1.24237e+08 -1.48965e+08 -9.87089e+07 -1.15392e+08 -1.17199e+08 -1.48818e+08 -1.50851e+08 -1.50267e+08 -1.67779e+08 -1.44222e+08 -7.86201e+07 -3.86722e+07 
-4.45091e+08 -1.71724e+09 -2.64888e+09 -3.39528e+09 -3.80428e+09 -4.51934e+09 -5.01936e+09 -5.81345e+09 -6.63839e+09 -7.10325e+09 -8.07991e+09 -8.71273e+09 -9.37729e+09 -1.13257e+10 -1.31385e+10 -1.39837e+10 -1.55697e+10 -1.67295e+10 -1.80418e+10 -2.00432e+10 -2.18756e+10 -2.14783e+10 -2.152e+10 -2.10914e+10 -2.12328e+10 -2.20083e+10 -2.32631e+10 -2.4974e+10 -2.32956e+10 -2.15386e+10 -2.07513e+10 -2.0521e+10 -1.87941e+10 -1.68924e+10 -1.50924e+10 -1.26463e+10 -1.04296e+10 -8.05909e+09 -6.47406e+09 -4.76298e+09 -3.53756e+09 -2.71267e+09 -1.99898e+09 -1.46395e+09 -1.22964e+09 -8.7163e+08 -6.11363e+08 -5.26715e+08 -3.50328e+08 -3.33675e+08 -3.40211e+08 -2.52153e+08 -2.21424e+08 -1.93086e+08 -1.86863e+08 -1.96308e+08 -1.65589e+08 -1.14054e+08 -1.56385e+08 -1.49703e+08 -1.37458e+08 -1.42411e+08 -1.1611e+08 -1.34166e+08 -1.1553e+08 -1.44949e+08 -1.52304e+08 -1.51024e+08 -1.3286e+08 -1.35495e+08 -1.43619e+08 -1.38695e+08 -1.22254e+08 -1.18694e+08 -9.77701e+07 -1.76792e+08 -1.18318e+08 -1.20282e+08 -1.65683e+08 -1.47546e+08 -1.04021e+08 -9.88053e+07 -1.28603e+08 -1.73949e+08 -1.05859e+08 -9.38505e+07 -1.21118e+08 -1.36962e+08 -1.4904e+08 -1.16403e+08 -1.49476e+08 -1.25769e+08 -1.04836e+08 -1.16582e+08 -1.40885e+08 -1.40596e+08 -1.41167e+08 -1.30538e+08 -1.47657e+08 -1.08362e+08 
-6.15123e+08 -1.63232e+09 -2.6844e+09 -3.35068e+09 -4.03647e+09 -4.4104e+09 -5.22653e+09 -5.90703e+09 -6.54592e+09 -6.93006e+09 -8.01717e+09 -8.89196e+09 -9.50052e+09 -1.13814e+10 -1.33786e+10 -1.42853e+10 -1.48521e+10 -1.68037e+10 -1.88979e+10 -1.97855e+10 -2.18443e+10 -2.21262e+10 -2.23383e+10 -2.12471e+10 -2.0634e+10 -2.13294e+10 -2.31357e+10 -2.47448e+10 -2.4659e+10 -2.17547e+10 -2.09216e+10 -2.02706e+10 -1.93972e+10 -1.70493e+10 -1.52696e+10 -1.28238e+10 -1.01097e+10 -8.29454e+09 -6.40113e+09 -4.97411e+09 -3.36843e+09 -2.71653e+09 -2.02253e+09 -1.44867e+09 -1.04251e+09 -1.01716e+09 -6.01048e+08 -5.28939e+08 -4.1101e+08 -2.67431e+08 -3.07372e+08 -2.99193e+08 -2.19846e+08 -1.85859e+08 -2.18913e+08 -1.70414e+08 -1.39096e+08 -1.81507e+08 -1.47517e+08 -1.15917e+08 -1.40604e+08 -1.37582e+08 -1.44324e+08 -1.44356e+08 -1.19122e+08 -1.20252e+08 -1.26574e+08 -1.16553e+08 -1.51338e+08 -1.55997e+08 -1.4459e+08 -9.67103e+07 -1.46743e+08 -1.73648e+08 -1.07007e+08 -1.19372e+08 -1.09801e+08 -1.22386e+08 -1.83245e+08 -9.06983e+07 -1.38381e+08 -1.58788e+08 -1.44497e+08 -1.00139e+08 -1.25991e+08 -1.32934e+08 -1.46392e+08 -8.42494e+07 -1.13918e+08 -1.23038e+08 -1.64696e+08 -1.35758e+08 -1.27573e+08 -1.13912e+08 -1.71115e+08 -1.00283e+08 -1.36268e+08 -1.22806e+08 -1.07084e+08 -8.21466e+07 
-6.88946e+08 -1.65348e+09 -2.67381e+09 -3.41232e+09 -4.16614e+09 -4.44211e+09 -5.41977e+09 -5.69794e+09 -6.44096e+09 -7.06308e+09 -7.80289e+09 -9.0721e+09 -1.01994e+10 -1.1147e+10 -1.31919e+10 -1.414e+10 -1.53307e+10 -1.67065e+10 -1.93192e+10 -2.04487e+10 -2.1951e+10 -2.22802e+10 -2.17267e+10 -2.18923e+10 -2.16338e+10 -2.12316e+10 -2.25271e+10 -2.42136e+10 -2.52465e+10 -2.32226e+10 -2.1019e+10 -1.96066e+10 -1.94618e+10 -1.75354e+10 -1.52706e+10 -1.31573e+10 -9.91897e+09 -8.49556e+09 -6.09322e+09 -5.052e+09 -3.49339e+09 -2.62828e+09 -2.03103e+09 -1.48579e+09 -9.69499e+08 -9.64096e+08 -6.33325e+08 -5.03138e+08 -4.48489e+08 -3.23206e+08 -2.28909e+08 -2.70449e+08 -2.77215e+08 -2.04332e+08 -1.72516e+08 -1.62858e+08 -2.07631e+08 -1.5662e+08 -1.18086e+08 -1.62787e+08 -1.33077e+08 -1.28442e+08 -1.2323e+08 -1.5094e+08 -1.36139e+08 -1.14049e+08 -1.50888e+08 -1.16687e+08 -1.29325e+08 -9.17841e+07 -1.3823e+08 -1.68303e+08 -1.48152e+08 -1.18811e+08 -1.07352e+08 -1.61594e+08 -1.40918e+08 -1.09916e+08 -1.19364e+08 -1.02498e+08 -1.70162e+08 -1.34207e+08 -1.09817e+08 -1.4573e+08 -1.76621e+08 -1.18914e+08 -8.80342e+07 -1.3813e+08 -1.44483e+08 -1.15094e+08 -1.02683e+08 -1.30688e+08 -1.29419e+08 -1.4678e+08 -1.5807e+08 -1.67238e+08 -9.03736e+07 -1.3593e+08 -9.51746e+07 -1.014e+08 
-6.10863e+08 -1.58393e+09 -2.76064e+09 -3.47034e+09 -4.14424e+09 -4.62049e+09 -5.29302e+09 -5.57289e+09 -6.40129e+09 -7.38573e+09 -7.69102e+09 -9.20824e+09 -1.06161e+10 -1.13125e+10 -1.25544e+10 -1.40615e+10 -1.60374e+10 -1.71768e+10 -1.92832e+10 -2.15506e+10 -2.14424e+10 -2.16513e+10 -2.1876e+10 -2.21254e+10 -2.23433e+10 -2.13247e+10 -2.2108e+10 -2.38385e+10 -2.50416e+10 -2.38501e+10 -2.16436e+10 -2.00606e+10 -1.89437e+10 -1.81266e+10 -1.53196e+10 -1.33264e+10 -1.03086e+10 -8.29689e+09 -6.15943e+09 -5.007e+09 -3.66871e+09 -2.50035e+09 -2.06282e+09 -1.45262e+09 -1.09383e+09 -7.91624e+08 -7.04639e+08 -4.61456e+08 -3.81597e+08 -4.00555e+08 -2.91141e+08 -1.82029e+08 -2.33034e+08 -2.53206e+08 -2.17845e+08 -1.71079e+08 -1.37866e+08 -1.5049e+08 -2.06286e+08 -1.41333e+08 -1.16741e+08 -1.33212e+08 -1.37471e+08 -1.25452e+08 -1.20544e+08 -1.53843e+08 -1.23769e+08 -1.11269e+08 -1.5286e+08 -1.31869e+08 -1.16197e+08 -1.14506e+08 -1.04732e+08 -1.54966e+08 -1.70016e+08 -1.29932e+08 -8.25219e+07 -1.49368e+08 -1.61841e+08 -1.08609e+08 -1.14791e+08 -1.23953e+08 -1.11563e+08 -1.8952e+08 -1.16344e+08 -1.15376e+08 -1.48879e+08 -1.59648e+08 -9.93466e+07 -1.11641e+08 -1.48365e+08 -1.64872e+08 -9.09968e+07 -1.04446e+08 -1.61713e+08 -1.48651e+08 -1.36761e+08 -1.51276e+08 -1.15393e+08 -1.82464e+07 
-5.74618e+08 -1.79238e+09 -2.62897e+09 -3.46914e+09 -4.24753e+09 -4.65947e+09 -4.96983e+09 -5.75467e+09 -6.43481e+09 -7.45156e+09 -7.9417e+09 -9.32627e+09 -1.06349e+10 -1.14608e+10 -1.22284e+10 -1.42374e+10 -1.61513e+10 -1.81513e+10 -1.92852e+10 -2.08664e+10 -2.13742e+10 -2.19951e+10 -2.31156e+10 -2.21702e+10 -2.15056e+10 -2.1767e+10 -2.23251e+10 -2.37169e+10 -2.49996e+10 -2.36513e+10 -2.19814e+10 -2.11608e+10 -1.87878e+10 -1.82174e+10 -1.54672e+10 -1.31649e+10 -1.07026e+10 -8.11756e+09 -6.35824e+09 -5.01939e+09 -3.60256e+09 -2.59673e+09 -1.98267e+09 -1.47082e+09 -1.1207e+09 -8.00119e+08 -6.36342e+08 -4.88765e+08 -3.98077e+08 -2.85043e+08 -3.2785e+08 -2.9573e+08 -1.6897e+08 -1.96618e+08 -2.00464e+08 -2.3621e+08 -1.70931e+08 -1.62434e+08 -1.31456e+08 -1.26924e+08 -2.03909e+08 -1.33424e+08 -1.34631e+08 -9.74419e+07 -1.4896e+08 -1.13467e+08 -1.20967e+08 -1.48163e+08 -1.31081e+08 -1.28024e+08 -1.02225e+08 -1.63476e+08 -1.2196e+08 -1.21963e+08 -8.49145e+07 -1.34202e+08 -1.75196e+08 -1.46729e+08 -1.13269e+08 -9.24498e+07 -1.65544e+08 -1.31593e+08 -1.0899e+08 -1.22995e+08 -1.2704e+08 -1.47956e+08 -1.59789e+08 -1.07139e+08 -1.14718e+08 -1.61698e+08 -1.38885e+08 -1.14749e+08 -1.48125e+08 -1.36271e+08 -1.61182e+08 -1.06525e+08 -1.28427e+08 -1.08964e+08 -1.47658e+08 -8.54479e+07 
-6.24053e+08 -1.66914e+09 -2.55872e+09 -3.71947e+09 -4.10738e+09 -4.49182e+09 -5.04574e+09 -5.92325e+09 -6.43431e+09 -7.28459e+09 -8.65039e+09 -9.18692e+09 -1.04273e+10 -1.14849e+10 -1.25847e+10 -1.40451e+10 -1.66308e+10 -1.87453e+10 -1.88248e+10 -1.98472e+10 -2.21505e+10 -2.31255e+10 -2.26778e+10 -2.24522e+10 -2.09273e+10 -2.21208e+10 -2.29498e+10 -2.2968e+10 -2.50036e+10 -2.37254e+10 -2.22591e+10 -2.12982e+10 -1.95139e+10 -1.78666e+10 -1.59752e+10 -1.30576e+10 -1.04665e+10 -8.69881e+09 -6.24128e+09 -5.21522e+09 -3.49151e+09 -2.68729e+09 -1.95191e+09 -1.46951e+09 -1.06619e+09 -8.61768e+08 -6.39389e+08 -4.36783e+08 -3.82895e+08 -3.58308e+08 -2.43058e+08 -2.10483e+08 -3.15679e+08 -1.88427e+08 -1.68198e+08 -1.65856e+08 -1.86949e+08 -2.09858e+08 -1.65537e+08 -1.44678e+08 -1.46539e+08 -1.0057e+08 -2.00125e+08 -1.22474e+08 -1.51918e+08 -8.74031e+07 -1.38701e+08 -1.10413e+08 -1.21257e+08 -1.39011e+08 -1.467e+08 -1.26716e+08 -9.41452e+07 -1.53378e+08 -1.34266e+08 -1.18604e+08 -1.11609e+08 -1.05188e+08 -1.50469e+08 -1.74781e+08 -1.2358e+08 -8.28327e+07 -1.44638e+08 -1.49223e+08 -1.10642e+08 -1.22387e+08 -1.39105e+08 -1.10104e+08 -1.68802e+08 -1.24769e+08 -1.11462e+08 -1.36723e+08 -1.88343e+08 -1.27782e+08 -1.32058e+08 -1.63941e+08 -1.37465e+08 -1.02384e+08 -1.19402e+08 -5.7456e+07 
-5.4956e+08 -1.67986e+09 -2.63526e+09 -3.59639e+09 -4.0683e+09 -4.4789e+09 -5.26666e+09 -5.81136e+09 -6.56644e+09 -7.42569e+09 -8.83857e+09 -9.10585e+09 -1.03712e+10 -1.1498e+10 -1.30501e+10 -1.44888e+10 -1.68572e+10 -1.8126e+10 -1.89432e+10 -1.96652e+10 -2.2899e+10 -2.37143e+10 -2.23969e+10 -2.24618e+10 -2.20892e+10 -2.18945e+10 -2.23668e+10 -2.29598e+10 -2.52123e+10 -2.43042e+10 -2.20911e+10 -2.10717e+10 -2.00241e+10 -1.77166e+10 -1.59881e+10 -1.34212e+10 -1.02468e+10 -9.01146e+09 -6.34852e+09 -5.26727e+09 -3.55548e+09 -2.66902e+09 -2.0416e+09 -1.37167e+09 -1.1532e+09 -7.62932e+08 -6.59235e+08 -5.32579e+08 -2.96037e+08 -3.24354e+08 -2.94381e+08 -2.4972e+08 -1.48939e+08 -2.37696e+08 -2.43201e+08 -1.53211e+08 -1.79552e+08 -1.42661e+08 -1.60644e+08 -1.97474e+08 -1.68565e+08 -1.32263e+08 -1.55635e+08 -1.04686e+08 -1.57818e+08 -1.47677e+08 -1.39812e+08 -1.10114e+08 -1.03184e+08 -1.33057e+08 -1.0307e+08 -1.3161e+08 -1.58001e+08 -1.2009e+08 -1.22729e+08 -1.08126e+08 -1.52759e+08 -1.31859e+08 -1.17913e+08 -9.31155e+07 -1.3359e+08 -1.64942e+08 -1.42316e+08 -1.18085e+08 -9.50364e+07 -1.69695e+08 -1.20003e+08 -1.04636e+08 -1.27872e+08 -1.29932e+08 -1.20269e+08 -1.79265e+08 -1.41235e+08 -1.31594e+08 -1.49239e+08 -1.73975e+08 -1.21836e+08 -1.36093e+08 -1.32916e+08 -7.76583e+07 
-7.13626e+08 -1.60493e+09 -2.77283e+09 -3.3383e+09 -4.06166e+09 -4.69743e+09 -5.21255e+09 -5.86722e+09 -6.84917e+09 -7.48745e+09 -8.58597e+09 -9.45909e+09 -1.02586e+10 -1.15546e+10 -1.35142e+10 -1.50329e+10 -1.64424e+10 -1.74184e+10 -1.95732e+10 -2.05103e+10 -2.22142e+10 -2.37556e+10 -2.30008e+10 -2.26659e+10 -2.24722e+10 -2.16217e+10 -2.23875e+10 -2.31957e+10 -2.49986e+10 -2.45513e+10 -2.22152e+10 -2.09626e+10 -1.98422e+10 -1.82793e+10 -1.57051e+10 -1.3481e+10 -1.07969e+10 -8.95902e+09 -6.55558e+09 -5.33781e+09 -3.68009e+09 -2.56256e+09 -2.24388e+09 -1.32342e+09 -1.15206e+09 -7.3393e+08 -6.65512e+08 -4.68311e+08 -4.55094e+08 -2.35493e+08 -2.64872e+08 -2.4843e+08 -2.21333e+08 -1.86661e+08 -1.42782e+08 -2.06578e+08 -2.13439e+08 -1.28708e+08 -1.98554e+08 -1.22578e+08 -1.47233e+08 -1.81307e+08 -1.64448e+08 -1.31468e+08 -1.57232e+08 -1.3168e+08 -1.03542e+08 -1.82555e+08 -1.07574e+08 -1.43024e+08 -9.01356e+07 -1.28624e+08 -9.62096e+07 -1.24888e+08 -1.58734e+08 -1.34127e+08 -1.33929e+08 -8.86944e+07 -1.45937e+08 -1.33785e+08 -1.27725e+08 -1.11061e+08 -1.19598e+08 -1.38246e+08 -1.57725e+08 -1.42508e+08 -9.67183e+07 -1.3553e+08 -1.30356e+08 -9.56816e+07 -1.23447e+08 -1.4193e+08 -1.4342e+08 -1.84357e+08 -1.53482e+08 -1.3231e+08 -1.30905e+08 -1.46196e+08 -1.37622e+08 -6.44786e+07 
-6.28826e+08 -1.77402e+09 -2.42604e+09 -3.48267e+09 -4.21148e+09 -4.64761e+09 -5.29633e+09 -5.89543e+09 -7.1142e+09 -7.42735e+09 -8.44965e+09 -9.59662e+09 -1.0487e+10 -1.18699e+10 -1.37017e+10 -1.51941e+10 -1.58748e+10 -1.78666e+10 -1.97401e+10 -2.1177e+10 -2.21998e+10 -2.30968e+10 -2.34401e+10 -2.2258e+10 -2.22533e+10 -2.27031e+10 -2.34452e+10 -2.28791e+10 -2.34296e+10 -2.4075e+10 -2.33527e+10 -2.10747e+10 -1.96825e+10 -1.82859e+10 -1.58194e+10 -1.35181e+10 -1.13222e+10 -9.01477e+09 -6.83601e+09 -5.28987e+09 -3.85729e+09 -2.58479e+09 -2.35574e+09 -1.31189e+09 -1.18226e+09 -7.11807e+08 -6.30339e+08 -5.02758e+08 -3.50055e+08 -4.01463e+08 -2.18369e+08 -2.15111e+08 -2.26501e+08 -1.83895e+08 -1.8084e+08 -1.47452e+08 -1.63329e+08 -1.68207e+08 -2.00772e+08 -1.16511e+08 -1.94636e+08 -1.32923e+08 -1.458e+08 -1.29832e+08 -1.82477e+08 -1.25703e+08 -1.55247e+08 -1.63034e+08 -9.16404e+07 -1.61188e+08 -1.17984e+08 -1.28094e+08 -1.17419e+08 -1.01383e+08 -1.25487e+08 -9.54545e+07 -1.43659e+08 -1.6856e+08 -1.06658e+08 -1.24538e+08 -1.23534e+08 -1.26817e+08 -1.32776e+08 -1.27134e+08 -1.12198e+08 -1.42096e+08 -1.45831e+08 -1.3768e+08 -1.28546e+08 -9.37744e+07 -1.47012e+08 -1.09973e+08 -1.10117e+08 -1.82735e+08 -1.59536e+08 -1.19353e+08 -1.79022e+08 -1.42554e+08 -1.13032e+08 -8.14547e+07 
-4.21292e+08 -1.43596e+09 -2.59891e+09 -3.59485e+09 -4.15902e+09 -4.73436e+09 -5.35942e+09 -6.10894e+09 -7.17268e+09 -7.22228e+09 -8.52076e+09 -9.59953e+09 -1.10668e+10 -1.22246e+10 -1.32611e+10 -1.48845e+10 -1.65445e+10 -1.85977e+10 -1.98292e+10 -2.13945e+10 -2.20339e+10 -2.20505e+10 -2.35449e+10 -2.3076e+10 -2.32334e+10 -2.30591e+10 -2.28551e+10 -2.31423e+10 -2.31393e+10 -2.31324e+10 -2.3481e+10 -2.1894e+10 -1.99403e+10 -1.80075e+10 -1.59901e+10 -1.3722e+10 -1.15519e+10 -9.05092e+09 -7.27943e+09 -5.06871e+09 -4.03836e+09 -2.86167e+09 -2.24103e+09 -1.43992e+09 -1.11455e+09 -8.00573e+08 -5.53223e+08 -5.27065e+08 -3.9928e+08 -2.66345e+08 -3.35343e+08 -2.3009e+08 -1.89849e+08 -1.88441e+08 -1.64571e+08 -1.69297e+08 -1.62075e+08 -1.2848e+08 -1.75443e+08 -1.38913e+08 -1.83381e+08 -1.25933e+08 -1.62713e+08 -1.66942e+08 -1.37327e+08 -1.10528e+08 -1.59823e+08 -1.54312e+08 -1.2757e+08 -1.75121e+08 -1.25067e+08 -1.13306e+08 -1.57387e+08 -9.34026e+07 -1.37143e+08 -1.04535e+08 -1.22098e+08 -9.15513e+07 -1.24703e+08 -1.69172e+08 -1.26168e+08 -1.39551e+08 -9.43574e+07 -1.38421e+08 -1.10205e+08 -1.5308e+08 -1.32533e+08 -1.34848e+08 -1.18382e+08 -1.34511e+08 -1.30123e+08 -1.19123e+08 -1.47107e+08 -1.58466e+08 -1.00175e+08 -1.22251e+08 -1.73221e+08 -1.39374e+08 -1.34374e+08 -9.71095e+07 
-4.52924e+08 -1.66935e+09 -2.60142e+09 -3.5613e+09 -4.26502e+09 -4.71989e+09 -5.65491e+09 -6.2131e+09 -6.73154e+09 -7.63456e+09 -8.32495e+09 -1.00438e+10 -1.13708e+10 -1.20854e+10 -1.31139e+10 -1.47574e+10 -1.75895e+10 -1.86414e+10 -2.00095e+10 -2.03115e+10 -2.25279e+10 -2.2612e+10 -2.28929e+10 -2.35941e+10 -2.33216e+10 -2.29661e+10 -2.23157e+10 -2.3733e+10 -2.46696e+10 -2.30753e+10 -2.13712e+10 -2.14759e+10 -2.11288e+10 -1.83943e+10 -1.63911e+10 -1.34275e+10 -1.17713e+10 -8.95557e+09 -7.61681e+09 -5.15343e+09 -4.22678e+09 -2.95963e+09 -2.26738e+09 -1.4921e+09 -1.183e+09 -7.72071e+08 -6.06953e+08 -4.47136e+08 -4.10315e+08 -3.74231e+08 -2.05704e+08 -2.6786e+08 -2.15407e+08 -2.0465e+08 -1.69806e+08 -1.60494e+08 -1.37871e+08 -1.55436e+08 -1.55518e+08 -1.18968e+08 -1.70172e+08 -1.26801e+08 -1.72899e+08 -1.30238e+08 -1.36184e+08 -1.95175e+08 -1.26208e+08 -1.20617e+08 -1.31582e+08 -1.5099e+08 -1.23635e+08 -1.62325e+08 -1.74157e+08 -1.05125e+08 -1.3772e+08 -1.08472e+08 -1.17072e+08 -1.21939e+08 -1.08939e+08 -1.1914e+08 -9.36302e+07 -1.47946e+08 -1.74114e+08 -9.69561e+07 -1.33472e+08 -1.32624e+08 -1.15747e+08 -1.32198e+08 -1.42221e+08 -1.4266e+08 -1.1205e+08 -1.29972e+08 -1.3499e+08 -1.69269e+08 -1.26285e+08 -1.56487e+08 -9.35871e+07 -1.16749e+08 -1.21891e+08 -8.97584e+07 
-6.92573e+08 -1.67636e+09 -2.70944e+09 -3.58721e+09 -4.23792e+09 -4.98596e+09 -5.6515e+09 -6.11312e+09 -6.61695e+09 -8.01989e+09 -8.50358e+09 -1.02386e+10 -1.11868e+10 -1.19874e+10 -1.34505e+10 -1.5245e+10 -1.78725e+10 -1.89796e+10 -1.93514e+10 -2.02347e+10 -2.22094e+10 -2.31774e+10 -2.30002e+10 -2.37861e+10 -2.28961e+10 -2.33042e+10 -2.33761e+10 -2.32915e+10 -2.34138e+10 -2.4167e+10 -2.11844e+10 -2.09594e+10 -2.07391e+10 -1.92428e+10 -1.69292e+10 -1.34245e+10 -1.1659e+10 -9.01777e+09 -7.69374e+09 -5.51957e+09 -4.13536e+09 -3.21657e+09 -2.26801e+09 -1.59196e+09 -1.21274e+09 -7.54212e+08 -6.70941e+08 -4.49697e+08 -3.78473e+08 -3.17616e+08 -3.62728e+08 -1.70334e+08 -2.14639e+08 -2.11041e+08 -1.68207e+08 -1.82167e+08 -1.66693e+08 -1.403e+08 -1.31965e+08 -1.28716e+08 -1.61523e+08 -1.12403e+08 -1.64439e+08 -1.25587e+08 -1.58719e+08 -1.26282e+08 -1.34934e+08 -1.73345e+08 -1.52353e+08 -1.30981e+08 -1.13223e+08 -1.29621e+08 -1.49411e+08 -1.27622e+08 -1.87848e+08 -1.33655e+08 -1.16019e+08 -1.31851e+08 -8.85569e+07 -1.30617e+08 -1.2016e+08 -1.17355e+08 -9.34355e+07 -1.28726e+08 -1.64821e+08 -1.23112e+08 -1.49058e+08 -1.16154e+08 -1.3476e+08 -8.69401e+07 -1.56122e+08 -1.55133e+08 -1.60325e+08 -1.0844e+08 -1.43699e+08 -1.35149e+08 -1.5709e+08 -1.47908e+08 -9.60973e+07 -3.93609e+07 
-5.49856e+08 -1.75779e+09 -2.73016e+09 -3.55601e+09 -4.48578e+09 -5.06782e+09 -5.34429e+09 -6.19698e+09 -6.8349e+09 -8.1691e+09 -8.94232e+09 -9.82734e+09 -1.11236e+10 -1.22569e+10 -1.4009e+10 -1.57199e+10 -1.76935e+10 -1.88311e+10 -1.93534e+10 -2.04602e+10 -2.12516e+10 -2.44545e+10 -2.38691e+10 -2.19655e+10 -2.20975e+10 -2.34909e+10 -2.49144e+10 -2.44633e+10 -2.34549e+10 -2.30949e+10 -2.20069e+10 -2.10517e+10 -1.98195e+10 -1.97288e+10 -1.6947e+10 -1.44337e+10 -1.12048e+10 -9.23691e+09 -7.72594e+09 -5.72962e+09 -4.33196e+09 -3.13961e+09 -2.40484e+09 -1.71484e+09 -1.16953e+09 -9.18509e+08 -5.0997e+08 -6.19339e+08 -3.42045e+08 -3.00186e+08 -2.76806e+08 -3.1084e+08 -1.95692e+08 -1.79351e+08 -1.74772e+08 -1.63221e+08 -1.57525e+08 -1.66707e+08 -1.7041e+08 -1.31979e+08 -1.25443e+08 -1.17925e+08 -1.37056e+08 -1.36656e+08 -1.4405e+08 -1.4111e+08 -1.2383e+08 -1.46824e+08 -1.25207e+08 -1.57936e+08 -1.50144e+08 -1.60958e+08 -1.0947e+08 -1.21218e+08 -1.27049e+08 -1.3791e+08 -1.55517e+08 -1.78901e+08 -1.20472e+08 -1.13409e+08 -1.11772e+08 -1.07797e+08 -1.1515e+08 -1.27848e+08 -1.14882e+08 -9.86229e+07 -1.57432e+08 -1.74606e+08 -9.30748e+07 -1.47656e+08 -1.37464e+08 -1.04039e+08 -1.32608e+08 -1.59672e+08 -1.93488e+08 -1.18689e+08 -1.17451e+08 -1.14645e+08 -1.57512e+08 -8.7501e+07 
-6.66039e+08 -1.75516e+09 -2.72343e+09 -3.74425e+09 -4.43533e+09 -5.08349e+09 -5.23939e+09 -6.25895e+09 -7.26325e+09 -8.08846e+09 -9.11464e+09 -9.62879e+09 -1.12217e+10 -1.28542e+10 -1.43194e+10 -1.60182e+10 -1.73256e+10 -1.8881e+10 -1.94562e+10 -2.04404e+10 -2.19151e+10 -2.40591e+10 -2.36475e+10 -2.16013e+10 -2.22019e+10 -2.31619e+10 -2.3665e+10 -2.55196e+10 -2.63878e+10 -2.26368e+10 -2.07998e+10 -2.13217e+10 -2.01617e+10 -1.90795e+10 -1.66226e+10 -1.50691e+10 -1.17313e+10 -9.24571e+09 -7.63418e+09 -5.80568e+09 -4.58127e+09 -3.08645e+09 -2.40751e+09 -1.90214e+09 -1.18998e+09 -9.10654e+08 -6.36969e+08 -5.06942e+08 -4.67588e+08 -2.92234e+08 -2.54425e+08 -2.41121e+08 -2.33866e+08 -2.57195e+08 -1.41674e+08 -1.6419e+08 -1.63724e+08 -1.38555e+08 -1.50716e+08 -1.35765e+08 -1.81413e+08 -1.35937e+08 -1.20135e+08 -1.17136e+08 -9.74345e+07 -1.79157e+08 -1.07016e+08 -1.79171e+08 -8.04058e+07 -1.67425e+08 -1.05705e+08 -1.57842e+08 -1.50552e+08 -1.61249e+08 -1.25678e+08 -1.23779e+08 -1.09111e+08 -1.37754e+08 -1.42635e+08 -1.66317e+08 -1.57274e+08 -1.10208e+08 -1.08889e+08 -9.4325e+07 -1.35048e+08 -1.12473e+08 -1.31484e+08 -1.15858e+08 -1.37069e+08 -1.4494e+08 -1.3382e+08 -1.39593e+08 -1.4625e+08 -1.32747e+08 -9.10421e+07 -1.89773e+08 -1.70802e+08 -1.55622e+08 -9.47239e+07 -5.508e+07 
-5.62497e+08 -1.71345e+09 -2.81111e+09 -3.89123e+09 -4.17111e+09 -5.0605e+09 -5.47002e+09 -6.47834e+09 -7.26999e+09 -7.96631e+09 -9.20663e+09 -9.87621e+09 -1.1515e+10 -1.3082e+10 -1.44025e+10 -1.63092e+10 -1.7014e+10 -1.91107e+10 -1.94604e+10 -2.08593e+10 -2.3277e+10 -2.22005e+10 -2.18337e+10 -2.30005e+10 -2.26212e+10 -2.28279e+10 -2.36323e+10 -2.56242e+10 -2.74205e+10 -2.35191e+10 -2.06724e+10 -2.10626e+10 -2.03676e+10 -1.85107e+10 -1.67374e+10 -1.47833e+10 -1.22655e+10 -9.94456e+09 -7.54186e+09 -5.77065e+09 -4.70721e+09 -3.14072e+09 -2.46381e+09 -1.86864e+09 -1.33409e+09 -9.06663e+08 -6.72415e+08 -5.23937e+08 -4.4834e+08 -3.60634e+08 -2.84144e+08 -2.20454e+08 -2.13317e+08 -1.92622e+08 -2.29584e+08 -2.01633e+08 -1.31121e+08 -1.52038e+08 -1.49299e+08 -1.32578e+08 -1.42991e+08 -1.08683e+08 -1.78712e+08 -1.6243e+08 -1.00491e+08 -1.25421e+08 -1.06685e+08 -1.36205e+08 -1.28472e+08 -1.74132e+08 -1.02076e+08 -1.24504e+08 -1.34991e+08 -1.28737e+08 -1.76556e+08 -1.157e+08 -1.77004e+08 -1.12443e+08 -1.13723e+08 -1.22865e+08 -1.30187e+08 -1.65461e+08 -1.52978e+08 -1.38086e+08 -9.82625e+07 -1.17068e+08 -9.84249e+07 -1.35898e+08 -1.36837e+08 -1.21717e+08 -1.30904e+08 -1.47978e+08 -1.54695e+08 -9.51714e+07 -1.68464e+08 -1.76087e+08 -9.20338e+07 -1.26169e+08 -1.7356e+08 -1.0286e+08 
-6.53845e+08 -1.6794e+09 -2.77917e+09 -3.68712e+09 -4.32829e+09 -4.95431e+09 -5.86429e+09 -6.59748e+09 -7.15367e+09 -7.91087e+09 -9.315e+09 -1.03313e+10 -1.17614e+10 -1.3154e+10 -1.43555e+10 -1.6362e+10 -1.73753e+10 -1.90129e+10 -2.01419e+10 -2.03587e+10 -2.25704e+10 -2.2968e+10 -2.16805e+10 -2.29126e+10 -2.19877e+10 -2.23881e+10 -2.4761e+10 -2.66267e+10 -2.58138e+10 -2.35102e+10 -2.23888e+10 -2.12464e+10 -2.03605e+10 -1.82546e+10 -1.66353e+10 -1.46676e+10 -1.20724e+10 -1.04853e+10 -7.62015e+09 -5.89885e+09 -4.54903e+09 -3.33927e+09 -2.45748e+09 -1.93105e+09 -1.24997e+09 -1.03617e+09 -6.71208e+08 -5.33787e+08 -4.7306e+08 -3.78584e+08 -3.02468e+08 -2.53484e+08 -2.26988e+08 -1.96486e+08 -2.02404e+08 -1.52433e+08 -2.16524e+08 -1.64634e+08 -1.38707e+08 -1.49126e+08 -1.26693e+08 -1.3924e+08 -1.36416e+08 -1.08562e+08 -1.39149e+08 -1.8937e+08 -1.01734e+08 -1.27648e+08 -1.18691e+08 -9.60413e+07 -1.61948e+08 -1.45346e+08 -1.31175e+08 -9.78201e+07 -1.47682e+08 -1.0823e+08 -1.92022e+08 -1.07036e+08 -1.58473e+08 -1.42601e+08 -1.2079e+08 -1.04669e+08 -1.43333e+08 -1.36902e+08 -1.43935e+08 -1.57986e+08 -1.20536e+08 -9.71677e+07 -1.19557e+08 -1.39778e+08 -1.18554e+08 -1.56504e+08 -1.1504e+08 -1.48162e+08 -1.24418e+08 -1.70729e+08 -1.28682e+08 -1.62855e+08 -1.27068e+08 -2.33074e+07 
-6.36156e+08 -1.60544e+09 -2.75309e+09 -3.6614e+09 -4.40673e+09 -5.14634e+09 -6.05882e+09 -6.26974e+09 -7.57393e+09 -7.90853e+09 -9.27992e+09 -1.10194e+10 -1.15585e+10 -1.33695e+10 -1.4221e+10 -1.65456e+10 -1.81741e+10 -1.85907e+10 -2.00545e+10 -2.03513e+10 -2.16998e+10 -2.46324e+10 -2.25203e+10 -2.11457e+10 -2.17609e+10 -2.3738e+10 -2.48381e+10 -2.64864e+10 -2.54708e+10 -2.33266e+10 -2.24127e+10 -2.21965e+10 -2.06556e+10 -1.87538e+10 -1.64867e+10 -1.47352e+10 -1.21205e+10 -9.98447e+09 -8.0881e+09 -6.14779e+09 -4.39773e+09 -3.48794e+09 -2.53047e+09 -1.82442e+09 -1.31665e+09 -9.87951e+08 -7.98408e+08 -5.41293e+08 -4.20635e+08 -4.00135e+08 -3.65326e+08 -2.46688e+08 -2.365e+08 -2.31651e+08 -2.01459e+08 -1.7119e+08 -1.92081e+08 -1.39651e+08 -1.99062e+08 -1.39755e+08 -1.4755e+08 -1.54068e+08 -1.10959e+08 -1.52661e+08 -1.17151e+08 -1.29425e+08 -1.01938e+08 -1.71434e+08 -1.49897e+08 -1.10796e+08 -1.27717e+08 -9.48599e+07 -1.49714e+08 -1.27342e+08 -1.60852e+08 -9.73398e+07 -1.34912e+08 -1.15164e+08 -1.45993e+08 -1.74661e+08 -9.49275e+07 -1.71413e+08 -1.28545e+08 -1.16271e+08 -1.21968e+08 -1.35329e+08 -1.53161e+08 -1.2093e+08 -1.68498e+08 -1.14906e+08 -1.10513e+08 -1.22854e+08 -1.35839e+08 -1.20746e+08 -1.52202e+08 -1.72573e+08 -1.27658e+08 -1.40341e+08 -1.16055e+08 -1.15814e+08 
-6.74565e+08 -1.55998e+09 -2.64452e+09 -3.71083e+09 -4.59204e+09 -5.17884e+09 -6.14002e+09 -6.31297e+09 -7.45407e+09 -8.43146e+09 -9.27914e+09 -1.13211e+10 -1.15496e+10 -1.31318e+10 -1.48728e+10 -1.6114e+10 -1.84458e+10 -1.85047e+10 -1.89175e+10 -2.12202e+10 -2.25799e+10 -2.3741e+10 -2.32137e+10 -2.15492e+10 -2.24086e+10 -2.35287e+10 -2.45149e+10 -2.60193e+10 -2.60544e+10 -2.3522e+10 -2.15808e+10 -2.16796e+10 -2.15909e+10 -1.98896e+10 -1.69384e+10 -1.45338e+10 -1.23385e+10 -9.61825e+09 -8.04195e+09 -6.15554e+09 -4.67359e+09 -3.42676e+09 -2.6506e+09 -1.73956e+09 -1.37854e+09 -1.00382e+09 -7.25376e+08 -6.40637e+08 -4.55546e+08 -3.55811e+08 -3.11623e+08 -3.54898e+08 -2.44842e+08 -2.13607e+08 -2.02466e+08 -2.20774e+08 -1.86134e+08 -1.67198e+08 -1.86708e+08 -1.36333e+08 -1.7215e+08 -1.40398e+08 -1.40261e+08 -1.52184e+08 -1.23292e+08 -1.47114e+08 -1.12646e+08 -1.45907e+08 -9.36888e+07 -1.19521e+08 -1.91361e+08 -1.02677e+08 -1.37163e+08 -1.1664e+08 -1.14106e+08 -1.3621e+08 -1.65014e+08 -9.91797e+07 -1.21485e+08 -1.49057e+08 -8.45092e+07 -2.20224e+08 -7.79983e+07 -1.53844e+08 -1.45337e+08 -1.3231e+08 -1.05746e+08 -1.56769e+08 -1.29067e+08 -1.56672e+08 -1.3179e+08 -1.47611e+08 -8.91267e+07 -1.23575e+08 -1.45825e+08 -1.43165e+08 -1.46033e+08 -1.49581e+08 -1.55936e+08 -3.96546e+07 
-5.11087e+08 -1.57398e+09 -2.69699e+09 -3.85405e+09 -4.70708e+09 -5.12884e+09 -6.13287e+09 -6.59917e+09 -7.21272e+09 -9.08959e+09 -9.27218e+09 -1.12003e+10 -1.18785e+10 -1.28445e+10 -1.54048e+10 -1.58935e+10 -1.76728e+10 -1.89014e+10 -1.91225e+10 -2.15652e+10 -2.2984e+10 -2.27472e+10 -2.32721e+10 -2.34942e+10 -2.2912e+10 -2.28214e+10 -2.42069e+10 -2.55514e+10 -2.58713e+10 -2.36474e+10 -2.19596e+10 -2.12929e+10 -2.09535e+10 -2.06912e+10 -1.79394e+10 -1.4892e+10 -1.22002e+10 -9.79926e+09 -7.62485e+09 -6.00978e+09 -5.01621e+09 -3.40628e+09 -2.65599e+09 -1.85377e+09 -1.30407e+09 -1.07485e+09 -7.015e+08 -5.6475e+08 -5.27099e+08 -4.1486e+08 -2.79637e+08 -2.93531e+08 -2.74491e+08 -3.02933e+08 -1.93306e+08 -1.95654e+08 -1.93907e+08 -2.01029e+08 -1.76748e+08 -1.86832e+08 -1.64968e+08 -1.52868e+08 -1.44879e+08 -1.66112e+08 -9.62975e+07 -1.72263e+08 -1.42989e+08 -1.13295e+08 -1.37687e+08 -1.41439e+08 -1.06981e+08 -9.8975e+07 -1.61808e+08 -1.40244e+08 -1.21691e+08 -1.43712e+08 -1.04629e+08 -1.42835e+08 -1.21514e+08 -1.45658e+08 -1.00358e+08 -1.58779e+08 -9.92477e+07 -1.50666e+08 -1.57449e+08 -9.92116e+07 -1.47357e+08 -1.49883e+08 -1.39681e+08 -1.55009e+08 -1.38965e+08 -1.3087e+08 -1.08613e+08 -1.40869e+08 -1.37472e+08 -1.20187e+08 -1.34135e+08 -1.46824e+08 -1.28916e+08 -7.92336e+07 
-5.87732e+08 -1.68491e+09 -2.71034e+09 -3.88312e+09 -4.6885e+09 -5.32948e+09 -5.94609e+09 -7.06507e+09 -7.28061e+09 -9.19315e+09 -9.52764e+09 -1.06288e+10 -1.24616e+10 -1.31463e+10 -1.46797e+10 -1.6058e+10 -1.71321e+10 -1.88134e+10 -2.06671e+10 -2.09118e+10 -2.32912e+10 -2.38316e+10 -2.31751e+10 -2.30224e+10 -2.34642e+10 -2.37322e+10 -2.36852e+10 -2.49447e+10 -2.52476e+10 -2.32834e+10 -2.28097e+10 -2.17953e+10 -2.08728e+10 -2.02108e+10 -1.8486e+10 -1.56983e+10 -1.23766e+10 -9.79513e+09 -7.54575e+09 -5.89113e+09 -4.77407e+09 -3.63e+09 -2.57567e+09 -2.04764e+09 -1.27143e+09 -1.04404e+09 -8.15424e+08 -5.1052e+08 -4.27603e+08 -4.45227e+08 -3.46072e+08 -3.03968e+08 -2.42184e+08 -2.44191e+08 -2.42361e+08 -2.62008e+08 -1.74965e+08 -1.85529e+08 -1.98615e+08 -1.72619e+08 -1.7799e+08 -1.99354e+08 -1.64477e+08 -1.55193e+08 -1.49934e+08 -1.46521e+08 -1.23597e+08 -1.22774e+08 -1.73923e+08 -1.18556e+08 -1.43326e+08 -1.20311e+08 -1.47697e+08 -9.31902e+07 -1.05604e+08 -1.76515e+08 -1.11127e+08 -1.49592e+08 -1.21506e+08 -1.32996e+08 -1.32272e+08 -1.27775e+08 -1.12371e+08 -1.29135e+08 -1.56354e+08 -8.27067e+07 -2.02339e+08 -7.70478e+07 -1.70704e+08 -1.51952e+08 -1.58202e+08 -1.28288e+08 -1.6566e+08 -9.9902e+07 -1.29814e+08 -1.32299e+08 -1.36794e+08 -1.17395e+08 -1.38539e+08 -3.98047e+07 
-6.68753e+08 -1.70902e+09 -2.78257e+09 -4.01266e+09 -4.53646e+09 -5.52458e+09 -5.88022e+09 -7.59889e+09 -7.34323e+09 -8.85077e+09 -1.01784e+10 -1.01881e+10 -1.25688e+10 -1.32968e+10 -1.39568e+10 -1.61737e+10 -1.72629e+10 -1.88848e+10 -2.10611e+10 -2.12335e+10 -2.30854e+10 -2.52041e+10 -2.34648e+10 -2.24392e+10 -2.29643e+10 -2.42652e+10 -2.43062e+10 -2.39867e+10 -2.49141e+10 -2.39829e+10 -2.29587e+10 -2.1616e+10 -2.19493e+10 -1.98686e+10 -1.80243e+10 -1.61534e+10 -1.2766e+10 -9.91915e+09 -7.92921e+09 -5.77017e+09 -4.3927e+09 -3.66063e+09 -2.64497e+09 -2.04811e+09 -1.37208e+09 -1.05362e+09 -7.89539e+08 -5.63209e+08 -4.36352e+08 -3.39886e+08 -3.50027e+08 -3.18541e+08 -2.90089e+08 -2.27121e+08 -2.39106e+08 -2.11557e+08 -2.21909e+08 -2.14605e+08 -1.92563e+08 -1.67935e+08 -1.88675e+08 -1.67148e+08 -1.97432e+08 -1.67753e+08 -1.90992e+08 -1.5619e+08 -1.54599e+08 -1.39281e+08 -1.51535e+08 -8.63149e+07 -1.80551e+08 -1.474e+08 -1.16265e+08 -1.34598e+08 -1.50418e+08 -1.16038e+08 -8.52133e+07 -1.52927e+08 -1.29883e+08 -1.29337e+08 -1.60562e+08 -1.25005e+08 -1.24696e+08 -1.28022e+08 -1.15236e+08 -1.22348e+08 -1.67212e+08 -9.25923e+07 -1.71348e+08 -1.45559e+08 -1.37625e+08 -1.28919e+08 -1.55599e+08 -1.53783e+08 -1.5993e+08 -1.42846e+08 -1.06977e+08 -1.10064e+08 -1.25164e+08 -4.88338e+07 
-5.82781e+08 -1.77785e+09 -2.83123e+09 -4.08986e+09 -4.58296e+09 -5.67486e+09 -6.11754e+09 -7.43816e+09 -7.83439e+09 -8.45582e+09 -1.03614e+10 -1.06143e+10 -1.16092e+10 -1.35557e+10 -1.39442e+10 -1.58803e+10 -1.80072e+10 -1.91383e+10 -2.02502e+10 -2.22742e+10 -2.31921e+10 -2.5092e+10 -2.39804e+10 -2.33549e+10 -2.26824e+10 -2.31206e+10 -2.37309e+10 -2.4245e+10 -2.56053e+10 -2.44047e+10 -2.2745e+10 -2.19512e+10 -2.19627e+10 -2.03459e+10 -1.79226e+10 -1.5684e+10 -1.31498e+10 -1.03241e+10 -8.27219e+09 -5.66279e+09 -4.50341e+09 -3.31891e+09 -2.74195e+09 -1.98983e+09 -1.49141e+09 -1.10831e+09 -7.24643e+08 -5.97742e+08 -4.28454e+08 -3.82277e+08 -3.00976e+08 -2.63777e+08 -2.86392e+08 -2.48079e+08 -2.54491e+08 -2.08366e+08 -2.24528e+08 -1.91921e+08 -2.14907e+08 -1.77953e+08 -1.97223e+08 -1.54203e+08 -1.75678e+08 -1.99583e+08 -1.68126e+08 -1.77575e+08 -1.76699e+08 -1.95465e+08 -1.36352e+08 -1.69333e+08 -1.31331e+08 -1.32116e+08 -1.0684e+08 -1.88291e+08 -1.19265e+08 -1.42944e+08 -1.31043e+08 -1.51147e+08 -9.4961e+07 -1.07752e+08 -1.47383e+08 -1.16442e+08 -1.5876e+08 -1.51304e+08 -1.22006e+08 -1.31762e+08 -1.05864e+08 -1.2184e+08 -1.65717e+08 -1.52806e+08 -1.21905e+08 -1.70423e+08 -9.37396e+07 -1.72293e+08 -1.19424e+08 -1.80782e+08 -1.42896e+08 -1.77842e+08 -8.81012e+07 -3.22736e+07 
-6.60309e+08 -1.79104e+09 -3.02537e+09 -3.98391e+09 -4.94466e+09 -5.57816e+09 -6.51378e+09 -6.89606e+09 -8.68301e+09 -8.00369e+09 -1.02076e+10 -1.09979e+10 -1.09047e+10 -1.35146e+10 -1.4511e+10 -1.59763e+10 -1.81429e+10 -1.96208e+10 -2.02196e+10 -2.24639e+10 -2.41795e+10 -2.45306e+10 -2.3776e+10 -2.29709e+10 -2.34861e+10 -2.3398e+10 -2.29306e+10 -2.41038e+10 -2.59627e+10 -2.51662e+10 -2.31076e+10 -2.2122e+10 -2.09577e+10 -2.04873e+10 -1.86312e+10 -1.53214e+10 -1.31418e+10 -1.06955e+10 -8.18488e+09 -5.86981e+09 -4.76721e+09 -3.18778e+09 -2.59526e+09 -2.01747e+09 -1.48536e+09 -1.14584e+09 -7.73815e+08 -5.57263e+08 -4.30884e+08 -3.53276e+08 -3.55566e+08 -2.57853e+08 -2.09617e+08 -2.82106e+08 -2.17497e+08 -2.02734e+08 -2.3619e+08 -1.99128e+08 -1.9435e+08 -2.17177e+08 -1.81742e+08 -1.72252e+08 -1.78368e+08 -1.72218e+08 -1.52096e+08 -1.98244e+08 -1.73942e+08 -1.83148e+08 -1.76372e+08 -1.71016e+08 -1.8427e+08 -1.61841e+08 -1.44608e+08 -1.4278e+08 -9.78698e+07 -1.69417e+08 -1.58911e+08 -1.22089e+08 -1.36884e+08 -1.49475e+08 -1.29327e+08 -8.11096e+07 -1.4844e+08 -1.18429e+08 -1.21817e+08 -1.8634e+08 -1.3594e+08 -1.35465e+08 -1.19941e+08 -1.13005e+08 -1.70157e+08 -1.57569e+08 -1.24177e+08 -1.42449e+08 -1.25147e+08 -1.55031e+08 -1.19923e+08 -1.72302e+08 -1.42747e+08 -7.92009e+07 
-7.49528e+08 -1.83659e+09 -3.27027e+09 -4.0404e+09 -5.06243e+09 -5.59029e+09 -6.7904e+09 -6.75171e+09 -8.60595e+09 -8.35131e+09 -9.6115e+09 -1.10031e+10 -1.13001e+10 -1.30128e+10 -1.51517e+10 -1.63833e+10 -1.79509e+10 -2.00312e+10 -2.11403e+10 -2.21223e+10 -2.46854e+10 -2.4012e+10 -2.32941e+10 -2.20586e+10 -2.39928e+10 -2.50859e+10 -2.38919e+10 -2.32584e+10 -2.52863e+10 -2.57181e+10 -2.34391e+10 -2.21835e+10 -2.13124e+10 -1.98835e+10 -1.88008e+10 -1.57626e+10 -1.30802e+10 -1.05256e+10 -8.22407e+09 -6.16848e+09 -4.83476e+09 -3.36649e+09 -2.56709e+09 -1.92673e+09 -1.45006e+09 -1.14467e+09 -7.97057e+08 -5.70377e+08 -4.57414e+08 -3.33582e+08 -2.79132e+08 -2.92734e+08 -2.86109e+08 -2.12995e+08 -1.69782e+08 -2.69706e+08 -1.78962e+08 -1.7125e+08 -2.26736e+08 -1.81455e+08 -1.69557e+08 -2.46662e+08 -1.55991e+08 -1.90696e+08 -1.53422e+08 -1.61952e+08 -1.56943e+08 -1.64918e+08 -2.08836e+08 -1.7058e+08 -1.81826e+08 -1.78098e+08 -1.85665e+08 -1.51194e+08 -1.8711e+08 -1.3258e+08 -1.41284e+08 -1.0459e+08 -1.89607e+08 -1.25051e+08 -1.46265e+08 -1.38957e+08 -1.53061e+08 -9.54207e+07 -1.17601e+08 -1.2207e+08 -1.23657e+08 -1.72237e+08 -1.80644e+08 -1.12717e+08 -1.68472e+08 -9.49392e+07 -1.43129e+08 -1.70499e+08 -1.33703e+08 -1.42872e+08 -1.33983e+08 -1.19194e+08 -1.61056e+08 -3.29358e+07 
-8.25661e+08 -2.17584e+09 -3.27383e+09 -4.01386e+09 -5.27094e+09 -5.5489e+09 -6.96679e+09 -6.81457e+09 -8.02613e+09 -9.08409e+09 -8.89775e+09 -1.07762e+10 -1.23062e+10 -1.26439e+10 -1.53192e+10 -1.68643e+10 -1.83216e+10 -1.98999e+10 -2.20574e+10 -2.20239e+10 -2.40797e+10 -2.29371e+10 -2.28351e+10 -2.28624e+10 -2.37379e+10 -2.48785e+10 -2.56946e+10 -2.5337e+10 -2.54142e+10 -2.35371e+10 -2.24289e+10 -2.29414e+10 -2.2329e+10 -1.98311e+10 -1.79973e+10 -1.64768e+10 -1.28587e+10 -1.03968e+10 -8.09263e+09 -6.50675e+09 -4.82064e+09 -3.49853e+09 -2.67619e+09 -1.88643e+09 -1.33672e+09 -1.19747e+09 -7.05789e+08 -6.65485e+08 -4.22972e+08 -3.80859e+08 -2.97519e+08 -2.19247e+08 -2.44297e+08 -2.58767e+08 -2.19946e+08 -1.986e+08 -1.56996e+08 -2.39395e+08 -1.64789e+08 -1.75912e+08 -1.60109e+08 -2.0472e+08 -1.72995e+08 -1.91376e+08 -2.1536e+08 -1.63674e+08 -1.56266e+08 -1.6687e+08 -1.35687e+08 -1.63622e+08 -1.68467e+08 -2.17294e+08 -1.76762e+08 -1.80179e+08 -1.68913e+08 -1.90517e+08 -1.67506e+08 -1.66146e+08 -1.45516e+08 -1.19794e+08 -1.44692e+08 -1.7095e+08 -1.34304e+08 -1.3971e+08 -1.46331e+08 -1.34669e+08 -9.07002e+07 -1.62972e+08 -1.14001e+08 -1.16517e+08 -2.2313e+08 -1.57138e+08 -1.26456e+08 -1.18485e+08 -1.32891e+08 -1.62203e+08 -1.45022e+08 -1.32225e+08 -1.47837e+08 -5.32761e+07 
-8.92044e+08 -2.15117e+09 -3.19508e+09 -4.33607e+09 -5.16741e+09 -5.87969e+09 -6.51302e+09 -7.08948e+09 -7.59155e+09 -9.23098e+09 -9.27957e+09 -1.02074e+10 -1.29142e+10 -1.31165e+10 -1.50563e+10 -1.73557e+10 -1.94992e+10 -1.89826e+10 -2.17917e+10 -2.24429e+10 -2.41025e+10 -2.27195e+10 -2.16385e+10 -2.28001e+10 -2.41979e+10 -2.48182e+10 -2.61701e+10 -2.86334e+10 -2.53324e+10 -2.18412e+10 -2.19204e+10 -2.25896e+10 -2.24851e+10 -2.0983e+10 -1.80081e+10 -1.60194e+10 -1.2937e+10 -1.05428e+10 -8.00495e+09 -6.47794e+09 -4.96121e+09 -3.66768e+09 -2.58251e+09 -2.02279e+09 -1.26229e+09 -1.1789e+09 -7.50075e+08 -5.14328e+08 -5.58408e+08 -3.31488e+08 -3.16707e+08 -2.96062e+08 -1.96382e+08 -1.85313e+08 -2.29449e+08 -2.16293e+08 -1.99322e+08 -1.72034e+08 -1.64041e+08 -1.90095e+08 -1.82371e+08 -1.68034e+08 -1.3293e+08 -2.06452e+08 -1.59023e+08 -1.63972e+08 -2.28326e+08 -1.75418e+08 -1.75562e+08 -1.30445e+08 -1.64642e+08 -1.3722e+08 -1.58434e+08 -1.97459e+08 -2.03506e+08 -1.74401e+08 -1.88402e+08 -1.78265e+08 -1.56808e+08 -2.17264e+08 -1.2556e+08 -1.66816e+08 -1.08296e+08 -1.81196e+08 -1.30761e+08 -1.53581e+08 -1.5066e+08 -1.64775e+08 -9.21079e+07 -1.47183e+08 -1.24124e+08 -1.52576e+08 -1.5812e+08 -1.85514e+08 -1.25631e+08 -1.53718e+08 -9.87138e+07 -1.67941e+08 -1.42983e+08 -4.95721e+07 
-8.27352e+08 -2.20735e+09 -3.16373e+09 -4.62728e+09 -4.92055e+09 -5.95363e+09 -6.29188e+09 -7.20303e+09 -7.46799e+09 -9.05879e+09 -1.00144e+10 -9.96031e+09 -1.30791e+10 -1.35947e+10 -1.54768e+10 -1.76233e+10 -1.92385e+10 -1.89872e+10 -2.11806e+10 -2.32517e+10 -2.32954e+10 -2.24482e+10 -2.1618e+10 -2.20545e+10 -2.43991e+10 -2.67731e+10 -2.77033e+10 -2.776e+10 -2.41637e+10 -2.25312e+10 -2.24988e+10 -2.231e+10 -2.19031e+10 -2.15681e+10 -1.84058e+10 -1.55146e+10 -1.30924e+10 -1.05202e+10 -8.16698e+09 -6.45038e+09 -4.85344e+09 -3.84797e+09 -2.69616e+09 -1.90937e+09 -1.29632e+09 -1.19438e+09 -7.49824e+08 -5.03253e+08 -4.5206e+08 -4.60211e+08 -2.84297e+08 -2.42816e+08 -3.3828e+08 -1.51809e+08 -2.04016e+08 -1.5105e+08 -2.12164e+08 -1.79724e+08 -1.99881e+08 -1.50365e+08 -1.7372e+08 -1.60007e+08 -1.86792e+08 -1.48222e+08 -1.57861e+08 -1.42303e+08 -1.93791e+08 -1.61666e+08 -1.73451e+08 -2.23641e+08 -1.55806e+08 -1.61419e+08 -1.40085e+08 -1.52409e+08 -1.41086e+08 -1.67472e+08 -2.13222e+08 -1.87738e+08 -1.87949e+08 -1.79506e+08 -1.82996e+08 -1.49298e+08 -2.23034e+08 -1.25715e+08 -1.65017e+08 -1.30618e+08 -1.82342e+08 -1.47052e+08 -1.43734e+08 -1.48961e+08 -1.605e+08 -1.2594e+08 -1.48759e+08 -1.35971e+08 -1.27456e+08 -1.89797e+08 -1.51338e+08 -1.42789e+08 -1.28251e+08 -6.59182e+07 
-7.70248e+08 -1.95202e+09 -3.41387e+09 -4.50246e+09 -4.8365e+09 -5.78367e+09 -6.33692e+09 -7.24298e+09 -7.80415e+09 -8.39611e+09 -1.08086e+10 -1.03618e+10 -1.24932e+10 -1.45812e+10 -1.62296e+10 -1.67308e+10 -1.8673e+10 -2.01745e+10 -2.05909e+10 -2.27263e+10 -2.28609e+10 -2.23417e+10 -2.25609e+10 -2.21075e+10 -2.47031e+10 -2.83294e+10 -2.77956e+10 -2.56e+10 -2.36878e+10 -2.35886e+10 -2.31684e+10 -2.32725e+10 -2.18713e+10 -1.99107e+10 -1.88281e+10 -1.58994e+10 -1.30205e+10 -1.0361e+10 -8.60607e+09 -6.42283e+09 -4.74808e+09 -3.80683e+09 -2.79337e+09 -2.03818e+09 -1.1782e+09 -1.1435e+09 -8.04347e+08 -5.93811e+08 -3.65199e+08 -3.83118e+08 -3.88646e+08 -3.00289e+08 -2.07278e+08 -2.17528e+08 -3.03945e+08 -1.08022e+08 -2.02848e+08 -1.36114e+08 -1.94345e+08 -1.54806e+08 -1.94673e+08 -1.41098e+08 -1.7684e+08 -1.45421e+08 -1.85005e+08 -1.39612e+08 -1.64205e+08 -1.31508e+08 -1.70651e+08 -1.7126e+08 -1.65726e+08 -1.92843e+08 -1.9202e+08 -1.58107e+08 -1.43665e+08 -1.57129e+08 -1.34309e+08 -1.57859e+08 -1.69916e+08 -2.23974e+08 -1.78975e+08 -1.96675e+08 -1.80955e+08 -1.62797e+08 -1.84688e+08 -1.90008e+08 -1.73475e+08 -1.3811e+08 -1.64953e+08 -1.538e+08 -1.77072e+08 -1.56692e+08 -1.61169e+08 -1.25056e+08 -1.6152e+08 -1.21301e+08 -1.14402e+08 -1.85439e+08 -1.69532e+08 -6.99568e+07 
-8.38002e+08 -2.06776e+09 -3.31434e+09 -4.3294e+09 -4.94613e+09 -5.72126e+09 -6.40846e+09 -7.04138e+09 -8.40134e+09 -8.25315e+09 -1.05831e+10 -1.13082e+10 -1.24208e+10 -1.50562e+10 -1.60458e+10 -1.64352e+10 -1.83694e+10 -2.06471e+10 -2.11488e+10 -2.15205e+10 -2.27375e+10 -2.24407e+10 -2.28786e+10 -2.43718e+10 -2.60265e+10 -2.65436e+10 -2.71086e+10 -2.51567e+10 -2.38437e+10 -2.36113e+10 -2.39625e+10 -2.42685e+10 -2.20815e+10 -1.91993e+10 -1.80275e+10 -1.61233e+10 -1.32503e+10 -1.04445e+10 -8.75527e+09 -6.49346e+09 -4.70546e+09 -3.74821e+09 -2.62903e+09 -2.22208e+09 -1.33456e+09 -8.80133e+08 -9.31123e+08 -4.81338e+08 -5.62884e+08 -2.96739e+08 -3.16107e+08 -3.46863e+08 -2.493e+08 -2.46155e+08 -1.85141e+08 -1.96407e+08 -2.79859e+08 -1.06603e+08 -1.66744e+08 -1.72573e+08 -1.58663e+08 -1.39409e+08 -1.78817e+08 -1.4891e+08 -1.65086e+08 -1.54063e+08 -1.64389e+08 -1.50424e+08 -1.46751e+08 -1.50978e+08 -1.51385e+08 -1.6565e+08 -1.5711e+08 -1.74437e+08 -1.95987e+08 -1.70329e+08 -1.60884e+08 -1.25023e+08 -1.74862e+08 -1.29779e+08 -1.68881e+08 -1.76314e+08 -2.28562e+08 -1.69956e+08 -2.01362e+08 -2.05949e+08 -1.30017e+08 -2.25268e+08 -1.55184e+08 -2.07085e+08 -1.49111e+08 -1.74783e+08 -1.73438e+08 -1.7342e+08 -1.34756e+08 -1.54859e+08 -1.064e+08 -1.76036e+08 -1.28636e+08 -4.65085e+07 
-6.65651e+08 -1.95947e+09 -3.39878e+09 -4.1829e+09 -5.11655e+09 -5.56657e+09 -6.63614e+09 -6.94536e+09 -8.77176e+09 -8.58996e+09 -9.9103e+09 -1.25649e+10 -1.24694e+10 -1.43821e+10 -1.57868e+10 -1.69638e+10 -1.82212e+10 -2.02107e+10 -2.18966e+10 -2.12809e+10 -2.22512e+10 -2.31788e+10 -2.39746e+10 -2.56023e+10 -2.65724e+10 -2.55938e+10 -2.60906e+10 -2.48254e+10 -2.39705e+10 -2.40716e+10 -2.50748e+10 -2.40031e+10 -2.20856e+10 -2.00486e+10 -1.74071e+10 -1.55572e+10 -1.35415e+10 -1.07245e+10 -8.69202e+09 -6.41452e+09 -4.93655e+09 -3.49362e+09 -2.73259e+09 -1.9849e+09 -1.65599e+09 -8.27685e+08 -7.92093e+08 -6.47796e+08 -3.47624e+08 -4.8198e+08 -3.24973e+08 -2.39398e+08 -2.96362e+08 -2.41944e+08 -2.05599e+08 -2.38737e+08 -1.63782e+08 -1.68571e+08 -2.7204e+08 -1.25553e+08 -1.27802e+08 -2.10654e+08 -1.27006e+08 -1.42881e+08 -1.53734e+08 -1.55023e+08 -1.47301e+08 -1.7085e+08 -1.44105e+08 -1.75635e+08 -1.14416e+08 -1.62593e+08 -1.55152e+08 -1.49668e+08 -1.64425e+08 -1.64446e+08 -1.66691e+08 -1.86105e+08 -1.61731e+08 -1.52533e+08 -1.30151e+08 -1.69948e+08 -1.51403e+08 -1.70516e+08 -1.80983e+08 -2.33784e+08 -1.90414e+08 -1.88055e+08 -1.94662e+08 -1.4532e+08 -2.29303e+08 -1.89597e+08 -1.89217e+08 -1.84569e+08 -1.53942e+08 -1.7041e+08 -1.46446e+08 -1.45158e+08 -1.35515e+08 -6.42627e+07 
-6.69134e+08 -2.08785e+09 -3.26055e+09 -4.53067e+09 -4.93177e+09 -5.63096e+09 -6.62135e+09 -7.43127e+09 -8.39424e+09 -9.33944e+09 -9.73203e+09 -1.2901e+10 -1.24154e+10 -1.35915e+10 -1.56613e+10 -1.75245e+10 -1.83211e+10 -1.94729e+10 -2.17927e+10 -2.2548e+10 -2.24523e+10 -2.33553e+10 -2.45144e+10 -2.59901e+10 -2.67541e+10 -2.55703e+10 -2.53459e+10 -2.45206e+10 -2.36774e+10 -2.51044e+10 -2.52345e+10 -2.37034e+10 -2.20226e+10 -2.05959e+10 -1.75926e+10 -1.53474e+10 -1.30896e+10 -1.08838e+10 -8.64492e+09 -6.45783e+09 -5.08508e+09 -3.46944e+09 -2.62916e+09 -2.02065e+09 -1.53178e+09 -1.04859e+09 -7.1032e+08 -5.6772e+08 -5.19545e+08 -2.872e+08 -3.53692e+08 -3.77152e+08 -2.12676e+08 -2.29169e+08 -2.65008e+08 -1.93805e+08 -1.49912e+08 -2.53279e+08 -1.63634e+08 -1.53098e+08 -2.25818e+08 -1.76898e+08 -1.13547e+08 -1.91433e+08 -1.39986e+08 -1.64492e+08 -1.14973e+08 -1.62243e+08 -1.28187e+08 -1.79082e+08 -1.44538e+08 -1.534e+08 -1.54211e+08 -1.22158e+08 -1.72375e+08 -1.53646e+08 -1.39471e+08 -1.67976e+08 -1.7887e+08 -1.58532e+08 -1.51952e+08 -1.72951e+08 -1.42311e+08 -1.42833e+08 -1.7144e+08 -1.81233e+08 -1.67363e+08 -2.04028e+08 -1.86547e+08 -2.35929e+08 -2.03397e+08 -1.52106e+08 -2.0512e+08 -1.99045e+08 -2.34689e+08 -1.28304e+08 -2.04922e+08 -1.56075e+08 -1.61631e+08 -7.94535e+07 
-7.59057e+08 -2.08029e+09 -3.54677e+09 -4.2511e+09 -5.01367e+09 -5.85323e+09 -6.6169e+09 -7.75574e+09 -8.06715e+09 -1.02571e+10 -9.90266e+09 -1.16855e+10 -1.28424e+10 -1.36622e+10 -1.53235e+10 -1.75583e+10 -1.86005e+10 -1.94735e+10 -2.16475e+10 -2.35472e+10 -2.33909e+10 -2.28686e+10 -2.45201e+10 -2.67622e+10 -2.68169e+10 -2.593e+10 -2.49775e+10 -2.44821e+10 -2.36987e+10 -2.49979e+10 -2.49453e+10 -2.42484e+10 -2.19768e+10 -2.02809e+10 -1.84381e+10 -1.5728e+10 -1.25482e+10 -1.07113e+10 -8.52954e+09 -6.65012e+09 -4.88836e+09 -3.64839e+09 -2.69934e+09 -1.94297e+09 -1.42782e+09 -1.11552e+09 -7.48952e+08 -5.82228e+08 -4.5516e+08 -3.98357e+08 -2.78946e+08 -2.65625e+08 -3.1135e+08 -2.73396e+08 -2.11444e+08 -2.05169e+08 -2.21111e+08 -1.84086e+08 -1.21174e+08 -2.31459e+08 -1.85994e+08 -1.48434e+08 -1.71184e+08 -2.11745e+08 -1.37989e+08 -1.36004e+08 -1.95563e+08 -1.46832e+08 -1.22348e+08 -1.41155e+08 -1.40624e+08 -1.42898e+08 -1.69608e+08 -1.34569e+08 -1.78838e+08 -1.11177e+08 -1.56819e+08 -1.57029e+08 -1.67706e+08 -1.29277e+08 -1.68635e+08 -1.73375e+08 -1.66422e+08 -1.22492e+08 -1.92119e+08 -1.39641e+08 -1.60448e+08 -1.65956e+08 -1.85719e+08 -1.85628e+08 -2.22995e+08 -1.95001e+08 -2.24065e+08 -2.15062e+08 -1.30776e+08 -2.00639e+08 -2.10581e+08 -2.22813e+08 -1.46201e+08 -9.18003e+07 
-7.74224e+08 -2.31232e+09 -3.39822e+09 -4.42997e+09 -5.03316e+09 -6.14733e+09 -6.46943e+09 -7.92556e+09 -8.55184e+09 -9.95785e+09 -1.03031e+10 -1.05921e+10 -1.3147e+10 -1.4199e+10 -1.50603e+10 -1.68832e+10 -1.91783e+10 -2.05098e+10 -2.20188e+10 -2.33568e+10 -2.37758e+10 -2.32257e+10 -2.43095e+10 -2.69145e+10 -2.63599e+10 -2.6479e+10 -2.57504e+10 -2.48068e+10 -2.31132e+10 -2.38829e+10 -2.53323e+10 -2.43101e+10 -2.18879e+10 -2.05741e+10 -1.86803e+10 -1.60998e+10 -1.26595e+10 -1.07454e+10 -8.05938e+09 -6.55684e+09 -4.93196e+09 -3.67658e+09 -2.90592e+09 -1.9189e+09 -1.33991e+09 -1.13993e+09 -7.56186e+08 -5.88044e+08 -4.3435e+08 -3.98264e+08 -3.24222e+08 -2.85502e+08 -2.23483e+08 -2.46901e+08 -2.39582e+08 -2.28464e+08 -2.17336e+08 -2.00698e+08 -1.7458e+08 -1.81885e+08 -1.42188e+08 -1.30514e+08 -2.4165e+08 -1.61528e+08 -1.40501e+08 -2.02666e+08 -1.62986e+08 -1.46088e+08 -1.68027e+08 -1.63049e+08 -1.53687e+08 -1.0535e+08 -1.5157e+08 -1.21454e+08 -1.68182e+08 -1.60649e+08 -1.3077e+08 -1.71006e+08 -1.06103e+08 -1.6835e+08 -1.67555e+08 -1.48145e+08 -1.39436e+08 -1.831e+08 -1.52525e+08 -1.82532e+08 -1.01253e+08 -1.87823e+08 -1.35407e+08 -1.9815e+08 -1.84859e+08 -2.03861e+08 -1.69646e+08 -2.25401e+08 -2.11272e+08 -1.81899e+08 -2.05646e+08 -1.47575e+08 -1.83851e+08 -7.15298e+07 
-8.5534e+08 -2.31363e+09 -3.37542e+09 -4.79117e+09 -4.94106e+09 -6.22933e+09 -6.73237e+09 -7.91481e+09 -8.97353e+09 -9.18754e+09 -1.04748e+10 -1.06784e+10 -1.2865e+10 -1.43103e+10 -1.52841e+10 -1.66893e+10 -1.92513e+10 -2.16497e+10 -2.26741e+10 -2.29398e+10 -2.28304e+10 -2.39678e+10 -2.42917e+10 -2.62512e+10 -2.66293e+10 -2.70856e+10 -2.68985e+10 -2.46664e+10 -2.33308e+10 -2.31441e+10 -2.44583e+10 -2.45661e+10 -2.24501e+10 -2.09558e+10 -1.85941e+10 -1.58903e+10 -1.32745e+10 -1.05976e+10 -7.91281e+09 -6.4545e+09 -4.7721e+09 -3.85933e+09 -2.83538e+09 -2.07724e+09 -1.3725e+09 -1.04495e+09 -8.65314e+08 -4.95168e+08 -4.71614e+08 -3.62915e+08 -3.20958e+08 -3.39576e+08 -2.07957e+08 -2.36872e+08 -2.03612e+08 -2.30426e+08 -1.99964e+08 -1.91395e+08 -1.99917e+08 -2.14079e+08 -1.53212e+08 -1.7712e+08 -1.50569e+08 -1.10611e+08 -1.83963e+08 -2.12368e+08 -1.47748e+08 -1.65069e+08 -1.81161e+08 -1.6071e+08 -1.57306e+08 -1.65203e+08 -1.62505e+08 -1.29765e+08 -1.19168e+08 -1.45057e+08 -1.25597e+08 -1.76194e+08 -1.36102e+08 -1.56566e+08 -1.36254e+08 -1.3544e+08 -1.6322e+08 -1.82687e+08 -1.31177e+08 -1.70772e+08 -1.73645e+08 -1.30281e+08 -1.69888e+08 -1.31223e+08 -1.79556e+08 -1.73684e+08 -1.81013e+08 -2.01766e+08 -1.82368e+08 -1.94105e+08 -1.93101e+08 -2.25065e+08 -1.76084e+08 -1.17394e+08 
-9.72047e+08 -2.20446e+09 -3.84395e+09 -4.31031e+09 -5.63554e+09 -5.75751e+09 -7.49828e+09 -7.5628e+09 -8.65784e+09 -8.98267e+09 -1.0858e+10 -1.10309e+10 -1.21545e+10 -1.41813e+10 -1.57836e+10 -1.72668e+10 -1.90777e+10 -2.19581e+10 -2.32611e+10 -2.36554e+10 -2.28327e+10 -2.34592e+10 -2.33219e+10 -2.58196e+10 -2.7765e+10 -2.78693e+10 -2.76935e+10 -2.40864e+10 -2.3665e+10 -2.34772e+10 -2.37866e+10 -2.41791e+10 -2.32864e+10 -2.10607e+10 -1.83278e+10 -1.60668e+10 -1.33191e+10 -1.07005e+10 -8.11727e+09 -6.14588e+09 -4.91557e+09 -3.77849e+09 -2.63886e+09 -2.29776e+09 -1.43539e+09 -1.10031e+09 -7.26124e+08 -6.73098e+08 -3.55256e+08 -3.7765e+08 -3.09125e+08 -2.64837e+08 -3.1885e+08 -2.24155e+08 -1.83859e+08 -2.19408e+08 -1.91447e+08 -2.02865e+08 -1.83811e+08 -1.59747e+08 -1.68883e+08 -2.30989e+08 -1.59318e+08 -1.50673e+08 -1.50092e+08 -1.50018e+08 -1.15744e+08 -1.94286e+08 -2.10152e+08 -1.32506e+08 -1.85197e+08 -1.47445e+08 -1.86416e+08 -1.65775e+08 -1.50598e+08 -1.5909e+08 -1.11159e+08 -1.40271e+08 -1.20788e+08 -1.55653e+08 -1.6865e+08 -1.17326e+08 -1.74575e+08 -1.16786e+08 -1.80574e+08 -1.55742e+08 -1.71822e+08 -1.11172e+08 -2.10366e+08 -1.62367e+08 -1.55286e+08 -1.45526e+08 -1.27273e+08 -1.7124e+08 -1.6502e+08 -2.20318e+08 -2.03583e+08 -1.58538e+08 -1.98464e+08 -7.95941e+07 
-8.05615e+08 -2.2873e+09 -3.87521e+09 -4.43132e+09 -5.64891e+09 -6.23172e+09 -7.16143e+09 -7.40595e+09 -8.43972e+09 -9.18593e+09 -1.08738e+10 -1.14929e+10 -1.16547e+10 -1.40569e+10 -1.64484e+10 -1.80872e+10 -1.90292e+10 -2.17442e+10 -2.30483e+10 -2.50551e+10 -2.32912e+10 -2.21977e+10 -2.2845e+10 -2.54263e+10 -2.86912e+10 -2.83276e+10 -2.75594e+10 -2.53736e+10 -2.26859e+10 -2.36403e+10 -2.51776e+10 -2.37246e+10 -2.2574e+10 -2.07226e+10 -1.8916e+10 -1.60787e+10 -1.32811e+10 -1.06918e+10 -8.42077e+09 -6.22101e+09 -4.93889e+09 -3.61819e+09 -2.59321e+09 -2.20231e+09 -1.59556e+09 -1.12612e+09 -7.80149e+08 -5.89237e+08 -5.02082e+08 -2.95693e+08 -3.01836e+08 -2.73851e+08 -2.32113e+08 -2.30359e+08 -2.9144e+08 -1.82756e+08 -1.55939e+08 -2.19204e+08 -1.76923e+08 -1.9173e+08 -1.60449e+08 -1.60111e+08 -1.51216e+08 -1.85517e+08 -1.98098e+08 -1.43004e+08 -1.39753e+08 -1.4442e+08 -1.4373e+08 -1.46486e+08 -1.83729e+08 -1.95627e+08 -1.49717e+08 -1.75665e+08 -1.44502e+08 -2.13504e+08 -1.33747e+08 -1.71815e+08 -1.34618e+08 -1.08833e+08 -1.55762e+08 -1.18533e+08 -1.55421e+08 -1.72865e+08 -1.26816e+08 -1.70612e+08 -1.10642e+08 -1.70183e+08 -1.98597e+08 -1.55917e+08 -1.6273e+08 -1.88937e+08 -1.21611e+08 -1.55103e+08 -1.08301e+08 -1.77641e+08 -1.6055e+08 -1.75641e+08 -2.14445e+08 -1.1863e+08 
-7.65806e+08 -2.71554e+09 -3.40256e+09 -5.02611e+09 -5.36976e+09 -6.44614e+09 -6.64823e+09 -7.56968e+09 -8.40032e+09 -9.49714e+09 -1.04307e+10 -1.1868e+10 -1.1995e+10 -1.4159e+10 -1.61591e+10 -1.89369e+10 -1.95432e+10 -2.13404e+10 -2.23477e+10 -2.41868e+10 -2.48218e+10 -2.25166e+10 -2.30413e+10 -2.50773e+10 -2.76846e+10 -2.79388e+10 -2.75121e+10 -2.55375e+10 -2.33635e+10 -2.51654e+10 -2.57736e+10 -2.30169e+10 -2.14575e+10 -2.09232e+10 -1.90716e+10 -1.60097e+10 -1.3273e+10 -1.06331e+10 -8.77473e+09 -6.57789e+09 -4.95272e+09 -3.52424e+09 -2.42741e+09 -2.23372e+09 -1.54747e+09 -1.22106e+09 -7.99315e+08 -5.73051e+08 -4.94311e+08 -4.30263e+08 -2.39836e+08 -2.83747e+08 -2.06011e+08 -2.47955e+08 -1.83629e+08 -2.1123e+08 -2.55665e+08 -1.76603e+08 -1.36527e+08 -2.16006e+08 -1.73366e+08 -1.70814e+08 -1.69543e+08 -1.54395e+08 -1.39752e+08 -1.46696e+08 -1.94969e+08 -1.68838e+08 -1.35988e+08 -1.31464e+08 -1.49216e+08 -1.474e+08 -1.53237e+08 -1.97518e+08 -1.69134e+08 -1.7559e+08 -1.40408e+08 -1.81151e+08 -2.07675e+08 -1.23457e+08 -1.6234e+08 -1.36499e+08 -1.27464e+08 -1.44132e+08 -1.44035e+08 -1.47331e+08 -1.41969e+08 -1.40909e+08 -1.73458e+08 -1.66786e+08 -1.72732e+08 -1.83715e+08 -1.24244e+08 -1.70973e+08 -1.68057e+08 -1.3629e+08 -1.52059e+08 -9.19247e+07 -1.75344e+08 -7.86399e+07 
-8.13638e+08 -2.03988e+09 -3.6532e+09 -4.95613e+09 -5.3073e+09 -6.26287e+09 -6.53469e+09 -7.82368e+09 -8.46888e+09 -9.63403e+09 -9.8667e+09 -1.23174e+10 -1.28624e+10 -1.4334e+10 -1.58044e+10 -1.90709e+10 -2.04381e+10 -2.15312e+10 -2.20949e+10 -2.14238e+10 -2.46298e+10 -2.61047e+10 -2.43435e+10 -2.50846e+10 -2.52583e+10 -2.62091e+10 -2.73137e+10 -2.59696e+10 -2.72264e+10 -2.56161e+10 -2.33867e+10 -2.29555e+10 -2.23495e+10 -2.0955e+10 -1.84502e+10 -1.57774e+10 -1.33148e+10 -1.09956e+10 -8.78014e+09 -6.95214e+09 -4.97241e+09 -3.57914e+09 -2.42512e+09 -2.085e+09 -1.56098e+09 -1.16821e+09 -8.71506e+08 -6.02858e+08 -4.54344e+08 -4.43277e+08 -3.60211e+08 -2.50221e+08 -2.37203e+08 -2.17936e+08 -1.87234e+08 -2.27511e+08 -1.55867e+08 -1.8855e+08 -2.22294e+08 -1.95386e+08 -1.25241e+08 -1.92601e+08 -1.82024e+08 -1.77998e+08 -1.57663e+08 -1.42299e+08 -1.51899e+08 -1.29768e+08 -1.68681e+08 -1.69939e+08 -1.46435e+08 -1.36404e+08 -1.30158e+08 -1.60924e+08 -1.57756e+08 -1.48454e+08 -2.07821e+08 -1.52265e+08 -1.83854e+08 -1.26146e+08 -2.39457e+08 -1.39557e+08 -1.56743e+08 -1.68514e+08 -1.18999e+08 -1.48564e+08 -1.24613e+08 -1.5152e+08 -1.71207e+08 -1.41334e+08 -1.7799e+08 -1.29463e+08 -1.78e+08 -1.44583e+08 -1.93968e+08 -1.38445e+08 -1.83728e+08 -1.27592e+08 -1.40244e+08 -5.6567e+07 
-6.88417e+08 -2.10374e+09 -3.68371e+09 -4.64669e+09 -5.4568e+09 -5.9844e+09 -6.80711e+09 -7.91807e+09 -8.46234e+09 -9.56389e+09 -1.00531e+10 -1.25507e+10 -1.31965e+10 -1.48348e+10 -1.61125e+10 -1.80265e+10 -2.13901e+10 -2.10792e+10 -2.12599e+10 -2.15948e+10 -2.34759e+10 -2.76716e+10 -2.61204e+10 -2.51098e+10 -2.46167e+10 -2.49615e+10 -2.666e+10 -2.72537e+10 -2.72819e+10 -2.5535e+10 -2.35293e+10 -2.38516e+10 -2.30118e+10 -2.05971e+10 -1.80984e+10 -1.57181e+10 -1.34174e+10 -1.10521e+10 -8.92747e+09 -6.98701e+09 -5.08628e+09 -3.79539e+09 -2.53492e+09 -1.88601e+09 -1.48e+09 -1.22196e+09 -8.83821e+08 -5.96675e+08 -5.05906e+08 -3.58416e+08 -3.91121e+08 -3.22308e+08 -2.72399e+08 -2.11727e+08 -2.17488e+08 -1.86584e+08 -1.70196e+08 -2.24638e+08 -1.52057e+08 -1.64385e+08 -1.94834e+08 -1.95311e+08 -1.47189e+08 -1.48747e+08 -2.05435e+08 -1.70682e+08 -1.57665e+08 -1.4666e+08 -1.49353e+08 -1.4261e+08 -1.28866e+08 -1.69588e+08 -1.50116e+08 -1.41162e+08 -1.26318e+08 -1.39245e+08 -1.74874e+08 -1.60496e+08 -1.48008e+08 -1.98505e+08 -1.74504e+08 -1.61117e+08 -1.445e+08 -2.72032e+08 -1.05059e+08 -1.50242e+08 -1.55719e+08 -1.48754e+08 -1.59024e+08 -1.56288e+08 -1.3823e+08 -1.54761e+08 -1.1633e+08 -1.85721e+08 -1.37579e+08 -1.85492e+08 -1.47963e+08 -1.82732e+08 -1.49584e+08 -7.7838e+07 
-8.81571e+08 -2.07117e+09 -3.54346e+09 -4.62641e+09 -5.29547e+09 -6.23039e+09 -7.12651e+09 -7.63489e+09 -8.23009e+09 -9.98365e+09 -1.07641e+10 -1.17777e+10 -1.41093e+10 -1.47912e+10 -1.68362e+10 -1.72232e+10 -2.05519e+10 -2.08364e+10 -2.09724e+10 -2.40797e+10 -2.32013e+10 -2.48179e+10 -2.66391e+10 -2.61415e+10 -2.63875e+10 -2.55975e+10 -2.62442e+10 -2.62874e+10 -2.48169e+10 -2.59969e+10 -2.56063e+10 -2.47205e+10 -2.28618e+10 -2.05853e+10 -1.79352e+10 -1.57248e+10 -1.35678e+10 -1.0947e+10 -9.01547e+09 -6.85004e+09 -5.24453e+09 -3.95556e+09 -2.67447e+09 -1.84911e+09 -1.42809e+09 -1.10745e+09 -9.75636e+08 -6.19744e+08 -4.72887e+08 -4.14609e+08 -3.23097e+08 -3.0502e+08 -3.15895e+08 -2.62567e+08 -2.34073e+08 -2.00937e+08 -2.01439e+08 -1.78319e+08 -1.50304e+08 -2.29751e+08 -1.60006e+08 -1.42926e+08 -1.8183e+08 -1.54931e+08 -1.93827e+08 -1.36945e+08 -1.99755e+08 -1.59608e+08 -1.77652e+08 -1.44536e+08 -1.35386e+08 -1.64382e+08 -1.11604e+08 -1.64956e+08 -1.30256e+08 -1.46867e+08 -1.42035e+08 -1.28155e+08 -1.51717e+08 -1.73216e+08 -1.57625e+08 -1.70815e+08 -1.94644e+08 -1.93194e+08 -1.37471e+08 -1.85369e+08 -2.0102e+08 -1.51656e+08 -1.61298e+08 -1.74546e+08 -1.53014e+08 -1.37509e+08 -1.4572e+08 -1.2169e+08 -1.47898e+08 -1.37875e+08 -1.6647e+08 -1.82717e+08 -1.39217e+08 -3.30089e+07 
-7.01582e+08 -2.19518e+09 -3.5256e+09 -4.60456e+09 -5.60003e+09 -6.34568e+09 -6.96679e+09 -7.38635e+09 -8.94052e+09 -9.61754e+09 -1.15314e+10 -1.13531e+10 -1.45084e+10 -1.47786e+10 -1.71993e+10 -1.72615e+10 -1.85503e+10 -2.13089e+10 -2.25933e+10 -2.39131e+10 -2.44457e+10 -2.20149e+10 -2.46733e+10 -2.83852e+10 -2.91244e+10 -2.77626e+10 -2.42851e+10 -2.40348e+10 -2.41414e+10 -2.56211e+10 -2.71398e+10 -2.56522e+10 -2.27536e+10 -2.09046e+10 -1.81518e+10 -1.57418e+10 -1.34948e+10 -1.10628e+10 -8.76405e+09 -6.93307e+09 -5.30998e+09 -3.91846e+09 -2.85293e+09 -1.9786e+09 -1.40767e+09 -1.11322e+09 -7.88105e+08 -7.79509e+08 -4.46707e+08 -4.192e+08 -3.3033e+08 -3.02442e+08 -2.7255e+08 -2.54148e+08 -2.49152e+08 -2.42882e+08 -2.25831e+08 -1.8755e+08 -1.97522e+08 -1.82628e+08 -1.4178e+08 -2.09606e+08 -1.72293e+08 -1.46977e+08 -1.6657e+08 -1.61201e+08 -1.52576e+08 -1.76661e+08 -1.62995e+08 -1.87688e+08 -1.57942e+08 -1.63451e+08 -1.45933e+08 -1.40854e+08 -1.56435e+08 -1.11767e+08 -1.59845e+08 -1.20299e+08 -1.34424e+08 -1.40168e+08 -1.4313e+08 -1.70985e+08 -1.83867e+08 -1.36595e+08 -1.9995e+08 -1.66738e+08 -1.95673e+08 -1.52821e+08 -2.62523e+08 -1.43645e+08 -1.47684e+08 -1.51298e+08 -1.78281e+08 -1.4094e+08 -1.43845e+08 -1.27945e+08 -1.30473e+08 -1.41923e+08 -1.42486e+08 -9.4181e+07 
-9.28982e+08 -2.28353e+09 -3.53484e+09 -4.82068e+09 -5.67771e+09 -6.11938e+09 -6.95405e+09 -7.69531e+09 -9.48612e+09 -9.14233e+09 -1.19187e+10 -1.16354e+10 -1.40682e+10 -1.53114e+10 -1.62875e+10 -1.78537e+10 -1.79219e+10 -2.13504e+10 -2.43817e+10 -2.22059e+10 -2.43649e+10 -2.29716e+10 -2.37314e+10 -2.82599e+10 -3.12589e+10 -2.83561e+10 -2.28813e+10 -2.39437e+10 -2.56341e+10 -2.55599e+10 -2.44405e+10 -2.50549e+10 -2.41596e+10 -2.17388e+10 -1.87739e+10 -1.60826e+10 -1.33182e+10 -1.08412e+10 -8.68628e+09 -6.87418e+09 -5.31721e+09 -3.85876e+09 -2.92926e+09 -2.18078e+09 -1.46216e+09 -1.06836e+09 -8.51175e+08 -6.02818e+08 -6.15385e+08 -3.36713e+08 -3.84909e+08 -2.95475e+08 -2.47774e+08 -2.43726e+08 -2.54824e+08 -2.13089e+08 -2.13445e+08 -2.08488e+08 -2.31468e+08 -1.7976e+08 -2.06665e+08 -1.74663e+08 -1.65077e+08 -1.58229e+08 -2.1203e+08 -1.57015e+08 -1.4318e+08 -1.60957e+08 -1.32367e+08 -1.8334e+08 -1.59846e+08 -1.99526e+08 -1.50108e+08 -1.73649e+08 -1.45907e+08 -1.37944e+08 -1.71178e+08 -1.15411e+08 -1.31832e+08 -1.40036e+08 -1.25422e+08 -1.38407e+08 -1.4464e+08 -1.57287e+08 -1.75941e+08 -1.61446e+08 -1.54202e+08 -2.24196e+08 -1.86638e+08 -2.00271e+08 -1.33692e+08 -2.68658e+08 -1.08163e+08 -1.40841e+08 -1.5961e+08 -1.80313e+08 -1.47473e+08 -1.38578e+08 -1.01765e+08 -6.69253e+07 
-7.74862e+08 -2.34094e+09 -3.92306e+09 -4.77506e+09 -5.52025e+09 -6.011e+09 -7.50345e+09 -7.79807e+09 -9.35903e+09 -9.55212e+09 -1.14838e+10 -1.25155e+10 -1.31852e+10 -1.54708e+10 -1.54163e+10 -1.82088e+10 -1.98606e+10 -2.05758e+10 -2.29599e+10 -2.24057e+10 -2.26042e+10 -2.55741e+10 -2.5058e+10 -2.75961e+10 -2.92482e+10 -2.75083e+10 -2.66087e+10 -2.51258e+10 -2.47156e+10 -2.48107e+10 -2.33565e+10 -2.36599e+10 -2.36713e+10 -2.26658e+10 -1.98314e+10 -1.68839e+10 -1.35426e+10 -1.06023e+10 -8.60981e+09 -6.98447e+09 -5.13422e+09 -3.85644e+09 -2.94299e+09 -2.21641e+09 -1.64944e+09 -1.09876e+09 -7.95729e+08 -6.90931e+08 -4.65393e+08 -4.79108e+08 -3.16353e+08 -2.70314e+08 -3.3236e+08 -2.32328e+08 -1.96105e+08 -2.11099e+08 -2.28796e+08 -2.15014e+08 -1.71564e+08 -1.8281e+08 -2.18037e+08 -1.95597e+08 -2.0477e+08 -1.68573e+08 -1.89089e+08 -1.38789e+08 -2.20841e+08 -1.57096e+08 -1.66181e+08 -1.44803e+08 -1.58226e+08 -1.27167e+08 -1.78405e+08 -1.87953e+08 -1.73514e+08 -1.51968e+08 -1.65795e+08 -1.5121e+08 -1.36544e+08 -1.72006e+08 -1.07312e+08 -1.52423e+08 -1.13942e+08 -1.28656e+08 -1.34656e+08 -1.42416e+08 -1.95032e+08 -1.95996e+08 -1.53261e+08 -1.9418e+08 -1.84107e+08 -1.94873e+08 -1.65394e+08 -1.62525e+08 -2.08491e+08 -1.404e+08 -1.33793e+08 -1.97709e+08 -1.54489e+08 -7.49265e+07 
-9.17635e+08 -2.75087e+09 -3.69299e+09 -4.63433e+09 -5.67276e+09 -6.33144e+09 -7.69919e+09 -7.75014e+09 -9.26814e+09 -1.01953e+10 -1.07887e+10 -1.3012e+10 -1.26492e+10 -1.4599e+10 -1.62522e+10 -1.83112e+10 -2.13834e+10 -1.99229e+10 -2.03537e+10 -2.3791e+10 -2.27596e+10 -2.6151e+10 -2.69674e+10 -2.55122e+10 -2.71946e+10 -2.86868e+10 -2.88309e+10 -2.53149e+10 -2.51194e+10 -2.42102e+10 -2.41795e+10 -2.25509e+10 -2.23855e+10 -2.19694e+10 -2.07451e+10 -1.77487e+10 -1.41311e+10 -1.07979e+10 -8.46024e+09 -7.05241e+09 -5.10418e+09 -3.83391e+09 -2.8963e+09 -2.2204e+09 -1.71374e+09 -1.21233e+09 -8.02805e+08 -6.46205e+08 -5.61458e+08 -3.95393e+08 -3.69161e+08 -3.01345e+08 -2.12319e+08 -2.69905e+08 -2.68494e+08 -2.03247e+08 -1.7007e+08 -1.98703e+08 -1.97094e+08 -2.03681e+08 -1.66536e+08 -1.77517e+08 -1.61399e+08 -2.14594e+08 -2.00572e+08 -2.03627e+08 -1.53749e+08 -1.9681e+08 -1.56239e+08 -2.12312e+08 -1.53614e+08 -1.63217e+08 -1.38e+08 -1.35384e+08 -1.6905e+08 -1.56253e+08 -2.02264e+08 -1.6588e+08 -1.47898e+08 -1.64874e+08 -1.39788e+08 -1.82331e+08 -1.3657e+08 -1.07844e+08 -1.50892e+08 -9.96469e+07 -1.41735e+08 -1.62981e+08 -1.77947e+08 -1.87158e+08 -1.83133e+08 -1.38137e+08 -1.81097e+08 -1.88093e+08 -1.77972e+08 -1.73865e+08 -2.00095e+08 -1.49638e+08 -1.5409e+08 -8.70436e+07 
-9.25144e+08 -2.40627e+09 -3.74984e+09 -5.03464e+09 -5.5961e+09 -6.88896e+09 -7.15782e+09 -8.43512e+09 -8.69165e+09 -1.06464e+10 -1.05614e+10 -1.2464e+10 -1.29872e+10 -1.38563e+10 -1.78285e+10 -1.80381e+10 -2.00738e+10 -2.09215e+10 -1.9922e+10 -2.37562e+10 -2.60418e+10 -2.43428e+10 -2.6061e+10 -2.42282e+10 -2.70838e+10 -3.02123e+10 -2.82929e+10 -2.6553e+10 -2.65085e+10 -2.39059e+10 -2.41491e+10 -2.26469e+10 -2.22198e+10 -2.11117e+10 -2.00445e+10 -1.75779e+10 -1.50778e+10 -1.16036e+10 -8.61139e+09 -6.89486e+09 -5.13337e+09 -3.96937e+09 -2.71933e+09 -2.28102e+09 -1.67043e+09 -1.19862e+09 -9.17693e+08 -6.6325e+08 -5.52371e+08 -4.17543e+08 -3.8995e+08 -2.72402e+08 -2.76522e+08 -2.15365e+08 -1.87612e+08 -2.40122e+08 -2.36515e+08 -1.9062e+08 -1.58616e+08 -1.83136e+08 -1.78062e+08 -1.68437e+08 -2.14224e+08 -1.35806e+08 -1.69476e+08 -1.7089e+08 -1.87803e+08 -2.34832e+08 -1.77109e+08 -1.6991e+08 -1.88071e+08 -1.84264e+08 -1.84661e+08 -1.59471e+08 -1.54368e+08 -1.51978e+08 -1.17834e+08 -1.83785e+08 -1.71358e+08 -1.73883e+08 -1.77367e+08 -1.59324e+08 -1.69144e+08 -1.28833e+08 -1.73764e+08 -1.33536e+08 -1.31686e+08 -1.47568e+08 -1.13041e+08 -1.57278e+08 -1.34038e+08 -2.00235e+08 -1.47037e+08 -1.74522e+08 -1.56927e+08 -1.89121e+08 -1.98515e+08 -1.63893e+08 -1.61011e+08 -9.67966e+07 
-9.55516e+08 -2.71781e+09 -3.73359e+09 -5.39392e+09 -5.59867e+09 -7.08986e+09 -6.96598e+09 -8.79859e+09 -8.51653e+09 -1.02694e+10 -1.09435e+10 -1.11429e+10 -1.431e+10 -1.41236e+10 -1.74586e+10 -1.81156e+10 -1.84965e+10 -2.15876e+10 -2.27764e+10 -2.24542e+10 -2.7439e+10 -2.3931e+10 -2.39269e+10 -2.47814e+10 -2.72987e+10 -2.87804e+10 -2.92596e+10 -2.86499e+10 -2.61072e+10 -2.42249e+10 -2.37099e+10 -2.39278e+10 -2.28469e+10 -2.04192e+10 -1.90096e+10 -1.67667e+10 -1.47261e+10 -1.24744e+10 -9.53655e+09 -6.78636e+09 -5.09477e+09 -4.06948e+09 -2.75541e+09 -2.23958e+09 -1.63168e+09 -1.19232e+09 -8.79427e+08 -7.30406e+08 -5.73715e+08 -4.61686e+08 -3.19719e+08 -3.45217e+08 -2.55866e+08 -2.589e+08 -1.91835e+08 -1.82147e+08 -1.76287e+08 -1.98807e+08 -2.26727e+08 -1.75049e+08 -1.70554e+08 -1.70902e+08 -1.42105e+08 -1.93619e+08 -1.74741e+08 -1.61622e+08 -1.5759e+08 -1.52335e+08 -1.77932e+08 -1.87868e+08 -2.5004e+08 -1.58328e+08 -1.88331e+08 -1.89772e+08 -1.80997e+08 -1.7153e+08 -1.71112e+08 -1.29654e+08 -1.614e+08 -1.55658e+08 -1.64107e+08 -1.95648e+08 -1.59297e+08 -1.69568e+08 -1.46711e+08 -1.80428e+08 -1.60717e+08 -1.76691e+08 -1.28355e+08 -1.43477e+08 -1.06735e+08 -1.01335e+08 -1.48445e+08 -1.56906e+08 -2.00282e+08 -1.51185e+08 -1.63202e+08 -1.58875e+08 -1.97787e+08 -1.31158e+08 
-1.00893e+09 -2.45342e+09 -4.41025e+09 -5.16773e+09 -5.87939e+09 -6.80228e+09 -7.42526e+09 -8.21956e+09 -9.20617e+09 -9.12029e+09 -1.15146e+10 -1.0943e+10 -1.46277e+10 -1.49868e+10 -1.59431e+10 -1.77295e+10 -1.95779e+10 -2.04502e+10 -2.56228e+10 -2.2857e+10 -2.4945e+10 -2.53055e+10 -2.37307e+10 -2.49819e+10 -2.58711e+10 -2.75336e+10 -3.15527e+10 -2.8998e+10 -2.50543e+10 -2.45471e+10 -2.45031e+10 -2.50342e+10 -2.3368e+10 -2.05701e+10 -1.81505e+10 -1.62399e+10 -1.40365e+10 -1.23657e+10 -1.00126e+10 -7.42169e+09 -5.30909e+09 -3.93868e+09 -2.97265e+09 -2.21072e+09 -1.52509e+09 -1.23098e+09 -9.00982e+08 -6.6846e+08 -5.92173e+08 -4.73874e+08 -4.17031e+08 -2.43993e+08 -2.70616e+08 -3.08952e+08 -1.78762e+08 -2.33803e+08 -1.65316e+08 -1.54753e+08 -1.82074e+08 -1.55645e+08 -2.20901e+08 -1.53348e+08 -1.87381e+08 -1.56232e+08 -1.53576e+08 -1.79955e+08 -1.25512e+08 -2.22551e+08 -1.316e+08 -1.5646e+08 -1.49011e+08 -1.78001e+08 -2.05595e+08 -2.32077e+08 -1.7786e+08 -1.86469e+08 -1.92585e+08 -1.76383e+08 -1.55294e+08 -1.88583e+08 -1.51325e+08 -1.36696e+08 -1.94162e+08 -1.44748e+08 -1.72246e+08 -1.94549e+08 -1.67438e+08 -1.8769e+08 -1.44641e+08 -1.88166e+08 -1.38822e+08 -1.00057e+08 -1.31505e+08 -1.19057e+08 -1.06622e+08 -1.50564e+08 -1.8794e+08 -1.59495e+08 -1.6301e+08 -6.49831e+07 
-9.04979e+08 -2.95524e+09 -4.48605e+09 -5.12153e+09 -5.99231e+09 -6.67617e+09 -7.67708e+09 -7.54664e+09 -9.71012e+09 -8.71036e+09 -1.16719e+10 -1.18416e+10 -1.361e+10 -1.50684e+10 -1.56595e+10 -1.72123e+10 -2.15098e+10 -2.02298e+10 -2.43925e+10 -2.60249e+10 -2.28822e+10 -2.48218e+10 -2.44522e+10 -2.48573e+10 -2.56829e+10 -2.7984e+10 -2.99394e+10 -2.87608e+10 -2.60832e+10 -2.49422e+10 -2.57645e+10 -2.50469e+10 -2.35273e+10 -2.13958e+10 -1.80872e+10 -1.59419e+10 -1.35629e+10 -1.17854e+10 -9.80316e+09 -7.91008e+09 -5.61212e+09 -4.09735e+09 -3.03811e+09 -2.26092e+09 -1.54967e+09 -1.17381e+09 -9.63354e+08 -6.72203e+08 -5.22789e+08 -4.59145e+08 -3.89442e+08 -3.8773e+08 -2.27473e+08 -2.03902e+08 -2.52453e+08 -2.54147e+08 -1.6472e+08 -2.07458e+08 -1.57603e+08 -1.33155e+08 -1.89403e+08 -1.38825e+08 -1.83038e+08 -1.62063e+08 -1.65507e+08 -1.70037e+08 -1.77897e+08 -1.18623e+08 -2.01841e+08 -1.24292e+08 -1.85226e+08 -1.52571e+08 -1.50221e+08 -1.59092e+08 -1.55727e+08 -2.50134e+08 -2.00967e+08 -1.92463e+08 -1.97099e+08 -1.71844e+08 -2.06205e+08 -1.46649e+08 -1.67133e+08 -1.70128e+08 -1.69783e+08 -1.60146e+08 -2.00001e+08 -1.50693e+08 -2.29123e+08 -1.22469e+08 -1.90747e+08 -1.22212e+08 -1.64047e+08 -1.5238e+08 -9.89597e+07 -1.10343e+08 -1.17211e+08 -1.34612e+08 -1.591e+08 -1.22795e+08 
-1.03192e+09 -2.86871e+09 -4.52755e+09 -5.25504e+09 -6.00288e+09 -6.42746e+09 -7.74557e+09 -7.26559e+09 -9.65335e+09 -9.65982e+09 -1.10066e+10 -1.23671e+10 -1.28668e+10 -1.44981e+10 -1.69992e+10 -1.72289e+10 -2.04408e+10 -2.29178e+10 -2.17868e+10 -2.67827e+10 -2.44338e+10 -2.31535e+10 -2.38069e+10 -2.53559e+10 -2.75473e+10 -2.7797e+10 -2.78295e+10 -2.84656e+10 -2.65582e+10 -2.57514e+10 -2.63786e+10 -2.50452e+10 -2.37404e+10 -2.12594e+10 -1.89794e+10 -1.62524e+10 -1.34227e+10 -1.13292e+10 -9.0479e+09 -8.13363e+09 -5.76299e+09 -4.24488e+09 -3.22166e+09 -2.33313e+09 -1.60679e+09 -1.25037e+09 -8.64912e+08 -7.56908e+08 -5.20566e+08 -4.24338e+08 -3.52292e+08 -3.27796e+08 -3.19019e+08 -2.60344e+08 -1.90918e+08 -1.83266e+08 -2.26867e+08 -2.22967e+08 -1.52627e+08 -1.88489e+08 -1.80008e+08 -1.04263e+08 -1.91166e+08 -1.42638e+08 -1.38864e+08 -1.9642e+08 -1.08879e+08 -1.98166e+08 -1.56637e+08 -1.61291e+08 -1.55378e+08 -1.44515e+08 -1.69916e+08 -1.48357e+08 -1.60376e+08 -1.57481e+08 -1.59373e+08 -1.62008e+08 -2.55847e+08 -2.14645e+08 -1.85823e+08 -2.10246e+08 -1.56475e+08 -1.92749e+08 -1.75264e+08 -1.74047e+08 -1.80551e+08 -2.16377e+08 -1.44944e+08 -1.72374e+08 -1.52481e+08 -1.7299e+08 -1.51471e+08 -1.68024e+08 -1.4883e+08 -1.42782e+08 -1.29896e+08 -1.17039e+08 -1.1883e+08 -5.69978e+07 
-1.14579e+09 -3.08012e+09 -4.46471e+09 -5.2677e+09 -5.90576e+09 -6.16777e+09 -7.76327e+09 -7.83511e+09 -9.18556e+09 -1.04172e+10 -1.03757e+10 -1.21297e+10 -1.32151e+10 -1.45105e+10 -1.69094e+10 -1.90051e+10 -1.85017e+10 -2.39264e+10 -2.27711e+10 -2.3872e+10 -2.57859e+10 -2.3521e+10 -2.43561e+10 -2.58418e+10 -2.62112e+10 -2.76791e+10 -2.84333e+10 -2.8134e+10 -2.68364e+10 -2.52689e+10 -2.61263e+10 -2.59627e+10 -2.40451e+10 -2.12107e+10 -1.94363e+10 -1.6836e+10 -1.3773e+10 -1.08902e+10 -9.07192e+09 -7.6219e+09 -5.78763e+09 -4.4386e+09 -3.13335e+09 -2.45416e+09 -1.7704e+09 -1.32643e+09 -9.27481e+08 -7.01792e+08 -5.41017e+08 -4.34569e+08 -3.47959e+08 -2.75197e+08 -2.85867e+08 -2.46642e+08 -2.77198e+08 -2.07197e+08 -1.69994e+08 -1.77105e+08 -1.96618e+08 -2.03541e+08 -1.46664e+08 -1.93433e+08 -1.60697e+08 -1.3487e+08 -1.47291e+08 -1.72183e+08 -1.26639e+08 -1.58949e+08 -1.51636e+08 -1.20394e+08 -1.96618e+08 -1.75031e+08 -1.25154e+08 -1.91551e+08 -1.06866e+08 -1.93569e+08 -1.30443e+08 -1.69364e+08 -1.57136e+08 -1.67134e+08 -1.92911e+08 -2.34179e+08 -2.1429e+08 -2.03952e+08 -1.9648e+08 -1.87063e+08 -1.85778e+08 -1.84614e+08 -2.00147e+08 -1.8777e+08 -1.48579e+08 -1.55926e+08 -1.55962e+08 -1.83111e+08 -1.2653e+08 -1.85069e+08 -1.3525e+08 -1.65006e+08 -1.51017e+08 -4.48102e+07 
-1.08618e+09 -3.05307e+09 -4.38985e+09 -5.16454e+09 -5.86837e+09 -6.49444e+09 -7.25996e+09 -8.67438e+09 -8.84925e+09 -1.01156e+10 -1.06376e+10 -1.18967e+10 -1.351e+10 -1.54465e+10 -1.56968e+10 -2.00602e+10 -1.96454e+10 -2.13678e+10 -2.47327e+10 -2.22838e+10 -2.49972e+10 -2.55934e+10 -2.48779e+10 -2.4503e+10 -2.59165e+10 -2.80963e+10 -2.97503e+10 -2.78439e+10 -2.58596e+10 -2.49651e+10 -2.57541e+10 -2.5592e+10 -2.50091e+10 -2.2145e+10 -1.98122e+10 -1.68117e+10 -1.40179e+10 -1.12382e+10 -9.11131e+09 -7.12683e+09 -5.67303e+09 -4.39213e+09 -3.17076e+09 -2.30479e+09 -2.00377e+09 -1.42026e+09 -1.01665e+09 -6.46881e+08 -6.15283e+08 -4.13161e+08 -3.51704e+08 -3.17757e+08 -2.05746e+08 -2.49056e+08 -2.47617e+08 -1.82237e+08 -2.47729e+08 -1.85079e+08 -1.66826e+08 -1.71354e+08 -1.71407e+08 -2.0117e+08 -1.45888e+08 -1.64876e+08 -1.5909e+08 -1.72699e+08 -1.08182e+08 -1.97864e+08 -1.24166e+08 -1.31792e+08 -1.7292e+08 -9.88955e+07 -1.63946e+08 -1.78458e+08 -1.80279e+08 -1.24848e+08 -1.79101e+08 -1.24779e+08 -1.62477e+08 -1.70952e+08 -1.6851e+08 -1.5801e+08 -1.52843e+08 -2.23385e+08 -2.43753e+08 -1.9095e+08 -2.5506e+08 -1.70283e+08 -2.10509e+08 -1.54859e+08 -1.64613e+08 -2.14042e+08 -2.12544e+08 -1.04539e+08 -1.64055e+08 -1.43871e+08 -1.9397e+08 -9.8069e+07 -2.14147e+08 -2.9212e+07 
-1.15639e+09 -3.05196e+09 -4.26687e+09 -5.35471e+09 -5.54046e+09 -7.0701e+09 -7.17929e+09 -8.58754e+09 -8.7682e+09 -9.78173e+09 -1.10684e+10 -1.25643e+10 -1.29674e+10 -1.57998e+10 -1.65747e+10 -1.88548e+10 -2.13915e+10 -1.95757e+10 -2.34606e+10 -2.51349e+10 -2.4582e+10 -2.4623e+10 -2.3894e+10 -2.4605e+10 -2.78398e+10 -2.83758e+10 -2.94493e+10 -2.80798e+10 -2.55822e+10 -2.45211e+10 -2.45593e+10 -2.48295e+10 -2.58799e+10 -2.31938e+10 -2.02712e+10 -1.69715e+10 -1.42757e+10 -1.19283e+10 -8.86112e+09 -7.06622e+09 -5.47012e+09 -4.18087e+09 -3.26949e+09 -2.30594e+09 -1.92052e+09 -1.49977e+09 -1.07433e+09 -7.6206e+08 -5.81116e+08 -4.35379e+08 -3.72345e+08 -2.94881e+08 -2.93076e+08 -1.7845e+08 -2.13349e+08 -1.98685e+08 -2.21941e+08 -1.6228e+08 -2.01866e+08 -1.84909e+08 -1.54534e+08 -1.7738e+08 -1.59935e+08 -1.88912e+08 -1.58776e+08 -1.32575e+08 -1.86146e+08 -1.40121e+08 -1.49204e+08 -1.5523e+08 -1.69281e+08 -1.1248e+08 -1.40602e+08 -1.56447e+08 -9.19471e+07 -1.90586e+08 -1.78091e+08 -1.48047e+08 -1.68774e+08 -1.33368e+08 -1.74667e+08 -1.35282e+08 -1.58551e+08 -2.06194e+08 -1.63795e+08 -1.75778e+08 -2.25376e+08 -2.57314e+08 -1.75715e+08 -2.28655e+08 -1.52627e+08 -2.18817e+08 -1.35683e+08 -2.01478e+08 -2.23067e+08 -1.59767e+08 -1.35586e+08 -1.51425e+08 -1.83091e+08 -1.06853e+08 
-1.22353e+09 -2.77938e+09 -4.12824e+09 -5.80614e+09 -5.35418e+09 -7.23853e+09 -7.37507e+09 -8.0195e+09 -8.7269e+09 -1.04815e+10 -1.07872e+10 -1.30753e+10 -1.32524e+10 -1.52953e+10 -1.79452e+10 -1.76603e+10 -2.05357e+10 -2.11703e+10 -2.16288e+10 -2.70468e+10 -2.49374e+10 -2.33849e+10 -2.41306e+10 -2.47113e+10 -2.76494e+10 -2.99107e+10 -2.93034e+10 -2.7787e+10 -2.5436e+10 -2.33608e+10 -2.41131e+10 -2.56381e+10 -2.52439e+10 -2.31071e+10 -2.13447e+10 -1.74758e+10 -1.48922e+10 -1.19372e+10 -8.95997e+09 -7.27132e+09 -5.19183e+09 -4.10292e+09 -3.26687e+09 -2.40236e+09 -1.83177e+09 -1.4473e+09 -1.05818e+09 -8.41824e+08 -5.5637e+08 -5.35352e+08 -3.38072e+08 -3.43106e+08 -2.66501e+08 -2.51326e+08 -2.07347e+08 -1.53978e+08 -2.03198e+08 -1.68556e+08 -2.04029e+08 -1.63529e+08 -1.51707e+08 -1.8562e+08 -1.58125e+08 -1.67119e+08 -1.71869e+08 -1.59308e+08 -1.82066e+08 -1.15304e+08 -1.76031e+08 -1.36022e+08 -1.71685e+08 -1.27941e+08 -1.9119e+08 -1.30994e+08 -1.18572e+08 -1.5106e+08 -1.1694e+08 -1.31457e+08 -1.9071e+08 -1.87839e+08 -1.28959e+08 -1.80367e+08 -1.12795e+08 -1.93093e+08 -1.43384e+08 -1.8208e+08 -2.2429e+08 -1.51819e+08 -2.01622e+08 -1.88545e+08 -2.30085e+08 -1.82935e+08 -2.18663e+08 -1.54205e+08 -2.02195e+08 -1.38603e+08 -2.48627e+08 -2.25574e+08 -1.30534e+08 -7.45499e+07 
-9.32346e+08 -2.6668e+09 -4.33092e+09 -5.4545e+09 -6.09755e+09 -6.61842e+09 -7.52677e+09 -7.84735e+09 -8.99324e+09 -1.08773e+10 -1.08679e+10 -1.28689e+10 -1.42995e+10 -1.52045e+10 -1.68115e+10 -1.85866e+10 -1.85768e+10 -2.35676e+10 -2.2248e+10 -2.42003e+10 -2.5497e+10 -2.45999e+10 -2.4648e+10 -2.51265e+10 -2.64865e+10 -3.01064e+10 -2.97574e+10 -2.69811e+10 -2.44467e+10 -2.43229e+10 -2.52743e+10 -2.48944e+10 -2.41258e+10 -2.31425e+10 -2.13618e+10 -1.86071e+10 -1.51052e+10 -1.21185e+10 -9.49472e+09 -7.22632e+09 -5.27849e+09 -3.92807e+09 -3.36272e+09 -2.40362e+09 -1.8211e+09 -1.34667e+09 -1.03373e+09 -7.7756e+08 -6.54613e+08 -4.72169e+08 -4.25249e+08 -3.46864e+08 -2.76299e+08 -2.63977e+08 -2.21748e+08 -2.31905e+08 -1.59718e+08 -1.49051e+08 -1.96292e+08 -1.37852e+08 -2.01155e+08 -1.70941e+08 -1.20077e+08 -1.70427e+08 -1.62546e+08 -1.60117e+08 -1.67464e+08 -1.65216e+08 -1.71719e+08 -1.45406e+08 -1.25568e+08 -1.82795e+08 -1.13105e+08 -1.82482e+08 -1.49659e+08 -1.68086e+08 -1.12742e+08 -1.33757e+08 -1.63065e+08 -9.66926e+07 -1.78284e+08 -1.5903e+08 -1.78721e+08 -1.69917e+08 -1.43968e+08 -1.55066e+08 -1.76122e+08 -1.57794e+08 -1.97149e+08 -1.89076e+08 -1.73502e+08 -1.83387e+08 -1.9751e+08 -1.85044e+08 -1.85686e+08 -2.06497e+08 -1.91365e+08 -1.87472e+08 -1.75707e+08 -1.3488e+08 
-8.12398e+08 -2.35488e+09 -4.77972e+09 -5.18103e+09 -6.2714e+09 -6.27309e+09 -7.50166e+09 -8.67133e+09 -8.78357e+09 -1.05261e+10 -1.20076e+10 -1.23602e+10 -1.4614e+10 -1.54744e+10 -1.5653e+10 -1.91442e+10 -1.94762e+10 -2.27005e+10 -2.34383e+10 -2.23399e+10 -2.49658e+10 -2.62698e+10 -2.48555e+10 -2.63638e+10 -2.69844e+10 -2.80315e+10 -2.9113e+10 -2.68359e+10 -2.4916e+10 -2.58001e+10 -2.54858e+10 -2.41261e+10 -2.33432e+10 -2.28594e+10 -2.13756e+10 -1.90599e+10 -1.5323e+10 -1.23135e+10 -9.98459e+09 -7.35573e+09 -5.45195e+09 -4.09706e+09 -3.08346e+09 -2.51962e+09 -1.78115e+09 -1.31421e+09 -1.00835e+09 -7.09297e+08 -6.34773e+08 -4.82084e+08 -4.37192e+08 -3.49011e+08 -3.01958e+08 -2.8333e+08 -2.37319e+08 -2.35685e+08 -2.01791e+08 -2.11606e+08 -1.43534e+08 -1.49118e+08 -1.94465e+08 -1.17952e+08 -1.91294e+08 -1.68075e+08 -1.24236e+08 -1.49713e+08 -1.55328e+08 -1.49458e+08 -1.70707e+08 -1.69848e+08 -1.6267e+08 -1.68161e+08 -1.13622e+08 -1.71519e+08 -1.268e+08 -1.47331e+08 -1.61218e+08 -1.78454e+08 -1.6442e+08 -1.04795e+08 -1.40366e+08 -1.35539e+08 -1.36643e+08 -1.88528e+08 -1.69042e+08 -1.55592e+08 -1.92882e+08 -1.15247e+08 -1.81168e+08 -1.47428e+08 -1.52896e+08 -2.25248e+08 -1.61652e+08 -1.85054e+08 -1.66755e+08 -1.98357e+08 -1.64432e+08 -2.03601e+08 -2.06617e+08 -9.08581e+07 
-8.81684e+08 -2.68402e+09 -4.45166e+09 -5.38788e+09 -5.88555e+09 -6.73469e+09 -7.60329e+09 -8.61e+09 -9.36852e+09 -1.0222e+10 -1.21427e+10 -1.28217e+10 -1.38368e+10 -1.57616e+10 -1.62142e+10 -1.86709e+10 -2.14299e+10 -2.04211e+10 -2.38413e+10 -2.40276e+10 -2.3859e+10 -2.61944e+10 -2.59356e+10 -2.58554e+10 -2.75626e+10 -2.64957e+10 -2.76616e+10 -2.79059e+10 -2.77087e+10 -2.53705e+10 -2.42386e+10 -2.48926e+10 -2.34015e+10 -2.24031e+10 -2.1246e+10 -1.84892e+10 -1.56898e+10 -1.28163e+10 -9.84091e+09 -7.85803e+09 -5.85978e+09 -4.27238e+09 -2.89427e+09 -2.45066e+09 -1.77115e+09 -1.26323e+09 -1.09592e+09 -7.00262e+08 -5.14496e+08 -5.20669e+08 -3.68355e+08 -3.7534e+08 -3.41133e+08 -2.74501e+08 -2.26247e+08 -2.54308e+08 -2.296e+08 -2.13996e+08 -1.98353e+08 -1.86578e+08 -1.56414e+08 -1.50237e+08 -1.80756e+08 -1.35287e+08 -1.58842e+08 -1.57028e+08 -1.5439e+08 -1.23691e+08 -1.36241e+08 -1.62346e+08 -1.64209e+08 -1.56635e+08 -1.7222e+08 -1.52413e+08 -1.61033e+08 -1.0853e+08 -1.97808e+08 -9.22302e+07 -1.9742e+08 -1.60769e+08 -1.53537e+08 -1.41747e+08 -1.35196e+08 -1.52809e+08 -1.29916e+08 -1.76413e+08 -1.51605e+08 -1.7804e+08 -1.46333e+08 -1.82461e+08 -1.08351e+08 -1.74055e+08 -1.40619e+08 -1.62791e+08 -2.28444e+08 -1.72085e+08 -1.76168e+08 -1.73289e+08 -1.90086e+08 -7.96999e+07 
-1.0375e+09 -2.7711e+09 -4.19679e+09 -5.526e+09 -5.90459e+09 -7.15153e+09 -7.53409e+09 -8.61482e+09 -9.86408e+09 -1.03533e+10 -1.16273e+10 -1.28094e+10 -1.39021e+10 -1.56075e+10 -1.77178e+10 -1.82453e+10 -2.06025e+10 -2.07809e+10 -2.30212e+10 -2.54437e+10 -2.54181e+10 -2.55307e+10 -2.66726e+10 -2.40833e+10 -2.51403e+10 -2.61043e+10 -2.91628e+10 -3.04664e+10 -2.71527e+10 -2.43523e+10 -2.47502e+10 -2.47967e+10 -2.43362e+10 -2.21361e+10 -2.03624e+10 -1.82224e+10 -1.55607e+10 -1.30089e+10 -9.95161e+09 -8.11278e+09 -6.2543e+09 -4.60445e+09 -2.83069e+09 -2.33643e+09 -1.79209e+09 -1.14577e+09 -1.08178e+09 -8.33528e+08 -5.17387e+08 -3.92275e+08 -4.44107e+08 -3.2498e+08 -2.61983e+08 -3.39125e+08 -2.54356e+08 -2.53816e+08 -1.91486e+08 -2.34434e+08 -2.17868e+08 -2.11665e+08 -1.86882e+08 -1.73851e+08 -1.95619e+08 -1.2126e+08 -1.82833e+08 -1.60412e+08 -1.18327e+08 -1.77258e+08 -1.48305e+08 -1.30084e+08 -1.23224e+08 -1.52005e+08 -1.48317e+08 -1.77766e+08 -1.46234e+08 -1.75355e+08 -1.52012e+08 -1.37229e+08 -1.69493e+08 -1.45711e+08 -1.03079e+08 -2.05165e+08 -1.80194e+08 -1.54198e+08 -1.36945e+08 -1.32102e+08 -1.58495e+08 -1.36423e+08 -1.70103e+08 -1.44429e+08 -1.4546e+08 -1.79098e+08 -1.19566e+08 -1.3827e+08 -1.71995e+08 -1.36865e+08 -2.09771e+08 -2.12603e+08 -1.74988e+08 -7.30681e+07 
-1.00061e+09 -2.66804e+09 -4.35692e+09 -5.45267e+09 -6.54225e+09 -6.75465e+09 -7.8854e+09 -8.86781e+09 -9.71283e+09 -1.03513e+10 -1.14364e+10 -1.2694e+10 -1.43493e+10 -1.57776e+10 -1.80981e+10 -1.79894e+10 -1.97679e+10 -2.22804e+10 -2.28527e+10 -2.53287e+10 -2.75792e+10 -2.40115e+10 -2.5431e+10 -2.39923e+10 -2.42877e+10 -2.62493e+10 -3.00522e+10 -3.0404e+10 -2.83137e+10 -2.49714e+10 -2.53518e+10 -2.3503e+10 -2.41749e+10 -2.25286e+10 -2.03383e+10 -1.77507e+10 -1.54633e+10 -1.27164e+10 -1.05765e+10 -8.1682e+09 -6.34899e+09 -4.83192e+09 -3.10193e+09 -2.27115e+09 -1.75488e+09 -1.11685e+09 -9.80303e+08 -9.04912e+08 -5.85549e+08 -4.40763e+08 -3.36641e+08 -3.37554e+08 -3.22143e+08 -2.2728e+08 -2.12485e+08 -3.03483e+08 -2.20286e+08 -2.46894e+08 -1.64845e+08 -2.16788e+08 -1.95542e+08 -2.32617e+08 -1.73896e+08 -1.80972e+08 -1.81674e+08 -1.35028e+08 -1.73307e+08 -1.95586e+08 -1.1278e+08 -1.65507e+08 -1.33084e+08 -1.47426e+08 -1.34868e+08 -1.12383e+08 -1.57938e+08 -1.72641e+08 -1.54482e+08 -1.60693e+08 -1.64273e+08 -1.59715e+08 -1.22872e+08 -2.04161e+08 -1.18667e+08 -1.62976e+08 -1.85422e+08 -1.44541e+08 -1.6149e+08 -1.35566e+08 -1.41838e+08 -1.43454e+08 -1.61733e+08 -1.2616e+08 -1.37069e+08 -1.36044e+08 -1.95035e+08 -9.36321e+07 -1.67788e+08 -1.79778e+08 -1.5087e+08 -1.24229e+08 
-9.29436e+08 -2.63715e+09 -4.65775e+09 -5.29485e+09 -6.70595e+09 -6.93958e+09 -8.11468e+09 -8.79702e+09 -9.54346e+09 -1.04289e+10 -1.12542e+10 -1.32413e+10 -1.42294e+10 -1.60389e+10 -1.77882e+10 -1.84222e+10 -1.98609e+10 -2.26954e+10 -2.42675e+10 -2.39599e+10 -2.70722e+10 -2.42789e+10 -2.3256e+10 -2.50617e+10 -2.62444e+10 -2.57773e+10 -2.9019e+10 -3.07313e+10 -2.96135e+10 -2.52532e+10 -2.44344e+10 -2.4549e+10 -2.38197e+10 -2.23753e+10 -2.05448e+10 -1.74341e+10 -1.52415e+10 -1.27353e+10 -1.06548e+10 -8.37376e+09 -6.18038e+09 -4.67778e+09 -3.66564e+09 -2.31453e+09 -1.70385e+09 -1.11982e+09 -9.92436e+08 -7.50131e+08 -7.48667e+08 -4.56111e+08 -3.67761e+08 -3.33307e+08 -2.21949e+08 -3.42049e+08 -2.05413e+08 -2.06513e+08 -1.83007e+08 -2.44946e+08 -2.16585e+08 -2.36568e+08 -1.6885e+08 -1.96161e+08 -1.80503e+08 -2.24355e+08 -1.95786e+08 -1.64635e+08 -1.70669e+08 -1.90604e+08 -1.33571e+08 -2.05121e+08 -1.47265e+08 -1.28521e+08 -1.60431e+08 -1.30581e+08 -1.43816e+08 -1.16798e+08 -1.37438e+08 -1.81711e+08 -1.63909e+08 -1.42343e+08 -1.63432e+08 -1.64003e+08 -1.75654e+08 -1.56006e+08 -1.63753e+08 -1.03833e+08 -1.95597e+08 -1.7962e+08 -1.31549e+08 -1.48987e+08 -1.24359e+08 -1.39605e+08 -1.38573e+08 -1.67338e+08 -1.07895e+08 -1.38995e+08 -1.56592e+08 -1.7418e+08 -1.13384e+08 -5.78986e+07 
-9.27313e+08 -2.69274e+09 -4.36129e+09 -5.70676e+09 -6.5887e+09 -7.4498e+09 -7.9675e+09 -8.42751e+09 -9.56308e+09 -1.07347e+10 -1.13311e+10 -1.34425e+10 -1.45475e+10 -1.56006e+10 -1.73082e+10 -1.9752e+10 -2.05186e+10 -2.21227e+10 -2.50844e+10 -2.32113e+10 -2.40241e+10 -2.64465e+10 -2.43988e+10 -2.5138e+10 -2.63439e+10 -2.52494e+10 -2.83552e+10 -3.16869e+10 -2.88227e+10 -2.527e+10 -2.47439e+10 -2.55785e+10 -2.40725e+10 -2.21222e+10 -2.01288e+10 -1.78832e+10 -1.51132e+10 -1.27864e+10 -1.03682e+10 -8.44301e+09 -6.14934e+09 -4.4883e+09 -3.58974e+09 -2.88673e+09 -1.59117e+09 -1.16202e+09 -9.72696e+08 -7.77598e+08 -6.22572e+08 -5.64323e+08 -4.2633e+08 -3.06905e+08 -3.20912e+08 -2.45343e+08 -1.94565e+08 -3.01349e+08 -1.6386e+08 -1.916e+08 -1.82865e+08 -1.69389e+08 -2.42247e+08 -1.96233e+08 -2.03066e+08 -1.71765e+08 -1.97333e+08 -1.58714e+08 -2.33949e+08 -1.73454e+08 -1.67629e+08 -1.84613e+08 -1.52004e+08 -1.85321e+08 -1.9046e+08 -1.24529e+08 -1.58682e+08 -1.25799e+08 -1.36863e+08 -1.65684e+08 -1.00564e+08 -1.59435e+08 -1.92284e+08 -1.52169e+08 -1.53108e+08 -1.59666e+08 -1.64899e+08 -1.49586e+08 -1.95326e+08 -1.33593e+08 -1.41607e+08 -1.67189e+08 -1.42504e+08 -1.24738e+08 -1.48838e+08 -1.25884e+08 -1.47225e+08 -1.6319e+08 -1.28575e+08 -1.30497e+08 -1.26435e+08 -9.39922e+07 
-1.12534e+09 -2.77097e+09 -4.28248e+09 -6.01633e+09 -6.62351e+09 -7.4615e+09 -7.63046e+09 -8.66426e+09 -9.45184e+09 -1.09259e+10 -1.18593e+10 -1.29612e+10 -1.49679e+10 -1.53737e+10 -1.7359e+10 -2.00567e+10 -2.16677e+10 -2.13853e+10 -2.31942e+10 -2.54114e+10 -2.29503e+10 -2.5522e+10 -2.69996e+10 -2.4537e+10 -2.56893e+10 -2.6475e+10 -2.83066e+10 -3.06965e+10 -2.73019e+10 -2.66015e+10 -2.54791e+10 -2.49466e+10 -2.46242e+10 -2.29229e+10 -1.9547e+10 -1.8062e+10 -1.53371e+10 -1.27429e+10 -1.02146e+10 -8.04066e+09 -6.32153e+09 -4.40707e+09 -3.38544e+09 -3.01617e+09 -1.86298e+09 -1.17777e+09 -9.22945e+08 -8.25697e+08 -6.59108e+08 -4.77613e+08 -4.35704e+08 -3.98953e+08 -3.08598e+08 -2.58092e+08 -2.84584e+08 -2.06357e+08 -1.75451e+08 -2.77918e+08 -1.41029e+08 -1.7846e+08 -1.9343e+08 -1.32832e+08 -2.35225e+08 -1.52719e+08 -2.23909e+08 -1.70172e+08 -2.14419e+08 -1.25563e+08 -2.31897e+08 -1.8625e+08 -1.63912e+08 -1.7623e+08 -1.89269e+08 -1.60343e+08 -2.03604e+08 -1.53603e+08 -1.49134e+08 -1.53801e+08 -1.21045e+08 -1.51857e+08 -1.44817e+08 -1.4586e+08 -1.80335e+08 -1.6542e+08 -1.16945e+08 -1.57761e+08 -1.68635e+08 -1.89217e+08 -1.45193e+08 -1.68518e+08 -1.1252e+08 -1.54271e+08 -1.61607e+08 -1.02564e+08 -1.53683e+08 -1.44178e+08 -1.33496e+08 -1.6252e+08 -1.71197e+08 -4.2579e+07 
-1.05862e+09 -2.8366e+09 -4.62265e+09 -5.93134e+09 -6.60634e+09 -7.20892e+09 -7.68404e+09 -8.84481e+09 -9.74252e+09 -1.07827e+10 -1.24901e+10 -1.23786e+10 -1.46351e+10 -1.66691e+10 -1.76015e+10 -1.9078e+10 -2.17032e+10 -2.18347e+10 -2.18439e+10 -2.58811e+10 -2.60191e+10 -2.31228e+10 -2.56936e+10 -2.67078e+10 -2.59643e+10 -2.73274e+10 -2.77899e+10 -2.94857e+10 -2.68072e+10 -2.64922e+10 -2.59867e+10 -2.50533e+10 -2.44568e+10 -2.33438e+10 -2.05839e+10 -1.7762e+10 -1.53278e+10 -1.26323e+10 -1.02398e+10 -7.81596e+09 -6.33272e+09 -4.40663e+09 -3.2682e+09 -2.86389e+09 -2.04281e+09 -1.33592e+09 -9.24304e+08 -8.19675e+08 -6.14579e+08 -5.77178e+08 -4.36552e+08 -3.1627e+08 -3.14019e+08 -3.55894e+08 -2.55102e+08 -2.23228e+08 -2.47096e+08 -2.20272e+08 -1.4911e+08 -2.62134e+08 -1.34692e+08 -1.65274e+08 -2.01562e+08 -1.5102e+08 -1.69164e+08 -1.61591e+08 -1.95286e+08 -1.93946e+08 -1.85541e+08 -2.0409e+08 -1.05786e+08 -2.53681e+08 -1.59818e+08 -1.78341e+08 -1.74513e+08 -1.91581e+08 -1.96357e+08 -1.92623e+08 -1.43156e+08 -1.59266e+08 -1.44992e+08 -1.43597e+08 -1.72498e+08 -1.03351e+08 -1.55506e+08 -1.81654e+08 -1.58489e+08 -1.2283e+08 -1.63322e+08 -1.48927e+08 -1.69942e+08 -1.669e+08 -1.25518e+08 -1.40151e+08 -1.34598e+08 -1.73088e+08 -9.25243e+07 -1.65443e+08 -1.55773e+08 -2.78527e+07 
-8.68816e+08 -2.92998e+09 -4.73211e+09 -5.64772e+09 -6.54832e+09 -7.24609e+09 -7.93519e+09 -8.93368e+09 -9.97507e+09 -1.05602e+10 -1.26262e+10 -1.27209e+10 -1.45807e+10 -1.67885e+10 -1.81712e+10 -1.82302e+10 -2.02601e+10 -2.30313e+10 -2.35548e+10 -2.38331e+10 -2.69869e+10 -2.53241e+10 -2.35213e+10 -2.7357e+10 -2.61421e+10 -2.75914e+10 -2.83414e+10 -2.87774e+10 -2.7581e+10 -2.51319e+10 -2.53416e+10 -2.58909e+10 -2.47585e+10 -2.31081e+10 -2.17824e+10 -1.74328e+10 -1.54319e+10 -1.23577e+10 -1.03665e+10 -7.79317e+09 -6.02177e+09 -4.45781e+09 -3.37176e+09 -2.58982e+09 -2.17496e+09 -1.43291e+09 -9.08583e+08 -8.23654e+08 -6.24643e+08 -5.56291e+08 -4.48144e+08 -4.45179e+08 -2.61747e+08 -2.68482e+08 -2.52025e+08 -3.26415e+08 -2.32848e+08 -2.07001e+08 -2.15897e+08 -2.21863e+08 -1.6042e+08 -2.20236e+08 -1.72183e+08 -1.39691e+08 -1.8786e+08 -1.83224e+08 -1.32379e+08 -1.81237e+08 -1.21225e+08 -2.31329e+08 -1.75837e+08 -2.17328e+08 -1.30224e+08 -1.65829e+08 -2.31944e+08 -1.37472e+08 -2.1573e+08 -1.80857e+08 -2.00093e+08 -2.00212e+08 -1.81738e+08 -1.84113e+08 -1.33737e+08 -1.23701e+08 -1.40833e+08 -1.66334e+08 -1.50355e+08 -1.6068e+08 -1.67975e+08 -1.07135e+08 -1.18746e+08 -1.45524e+08 -1.89372e+08 -1.39839e+08 -1.68538e+08 -1.31689e+08 -1.56675e+08 -1.33945e+08 -1.3211e+08 -3.57823e+07 
-1.11632e+09 -2.96434e+09 -4.45824e+09 -5.65909e+09 -6.52586e+09 -7.29059e+09 -8.36848e+09 -8.85633e+09 -1.00099e+10 -1.04703e+10 -1.27702e+10 -1.34921e+10 -1.46202e+10 -1.61112e+10 -1.78812e+10 -1.87084e+10 -1.96151e+10 -2.27924e+10 -2.53731e+10 -2.46802e+10 -2.43282e+10 -2.83958e+10 -2.37332e+10 -2.47248e+10 -2.68922e+10 -2.79182e+10 -3.00018e+10 -2.89778e+10 -2.63705e+10 -2.49515e+10 -2.51445e+10 -2.523e+10 -2.53498e+10 -2.3554e+10 -2.13865e+10 -1.82311e+10 -1.52324e+10 -1.23979e+10 -1.02061e+10 -7.91114e+09 -5.71342e+09 -4.48304e+09 -3.64278e+09 -2.35218e+09 -2.1004e+09 -1.58829e+09 -9.58973e+08 -6.714e+08 -6.88935e+08 -5.15264e+08 -5.13572e+08 -3.61859e+08 -3.7672e+08 -3.26461e+08 -2.02931e+08 -2.47644e+08 -2.05515e+08 -3.06934e+08 -2.25299e+08 -2.12534e+08 -1.72427e+08 -2.25308e+08 -1.8795e+08 -1.83713e+08 -2.03973e+08 -1.14344e+08 -1.83458e+08 -2.01208e+08 -1.44279e+08 -1.62099e+08 -1.13831e+08 -1.70811e+08 -2.22666e+08 -1.72343e+08 -2.25376e+08 -8.4626e+07 -2.3814e+08 -1.98298e+08 -1.47425e+08 -2.12718e+08 -2.13512e+08 -2.25921e+08 -1.69884e+08 -1.62892e+08 -1.56213e+08 -1.50606e+08 -1.46855e+08 -1.79754e+08 -1.15852e+08 -1.51904e+08 -1.36691e+08 -1.58189e+08 -9.04633e+07 -1.39036e+08 -1.52841e+08 -1.77355e+08 -1.61418e+08 -1.45691e+08 -1.70474e+08 -6.39494e+07 
-9.74313e+08 -2.69326e+09 -4.45911e+09 -5.67838e+09 -6.63652e+09 -7.45313e+09 -8.54667e+09 -8.51175e+09 -1.0316e+10 -1.06736e+10 -1.28972e+10 -1.37322e+10 -1.48233e+10 -1.54532e+10 -1.71472e+10 -1.9213e+10 -2.06895e+10 -2.26115e+10 -2.43028e+10 -2.78309e+10 -2.32181e+10 -2.53195e+10 -2.6674e+10 -2.43463e+10 -2.66314e+10 -2.8588e+10 -3.04256e+10 -2.87144e+10 -2.62171e+10 -2.58299e+10 -2.51609e+10 -2.41098e+10 -2.45764e+10 -2.37811e+10 -2.15786e+10 -1.88309e+10 -1.52331e+10 -1.25762e+10 -1.00721e+10 -7.82937e+09 -5.88115e+09 -4.38905e+09 -3.68084e+09 -2.45893e+09 -1.94399e+09 -1.52066e+09 -1.15456e+09 -6.3089e+08 -5.37366e+08 -5.63838e+08 -4.32848e+08 -4.80958e+08 -3.37708e+08 -2.73971e+08 -3.27085e+08 -2.78173e+08 -1.98009e+08 -2.18413e+08 -2.15398e+08 -2.26857e+08 -2.52167e+08 -1.97552e+08 -1.8822e+08 -1.88523e+08 -2.15145e+08 -1.71658e+08 -2.02403e+08 -1.59465e+08 -1.31924e+08 -2.0352e+08 -1.78575e+08 -1.38166e+08 -1.5269e+08 -9.55528e+07 -2.21392e+08 -1.9655e+08 -2.14197e+08 -1.64665e+08 -1.42661e+08 -2.07392e+08 -2.28914e+08 -1.55998e+08 -1.97017e+08 -2.11211e+08 -1.97728e+08 -1.79714e+08 -2.0744e+08 -1.39744e+08 -1.38553e+08 -1.28612e+08 -1.68721e+08 -1.26805e+08 -1.37849e+08 -1.43041e+08 -1.25645e+08 -1.04747e+08 -1.49705e+08 -1.89084e+08 -1.47751e+08 -1.01246e+08 
-1.04411e+09 -2.73374e+09 -4.51961e+09 -5.57532e+09 -6.93868e+09 -7.35422e+09 -8.57155e+09 -8.50716e+09 -1.06713e+10 -1.13301e+10 -1.21284e+10 -1.39912e+10 -1.45052e+10 -1.54928e+10 -1.67404e+10 -1.99686e+10 -2.06669e+10 -2.3386e+10 -2.39746e+10 -2.64026e+10 -2.67489e+10 -2.23273e+10 -2.57746e+10 -2.66836e+10 -2.69625e+10 -2.93591e+10 -3.04167e+10 -2.86824e+10 -2.5884e+10 -2.54498e+10 -2.57308e+10 -2.54583e+10 -2.33049e+10 -2.28048e+10 -2.12241e+10 -1.93735e+10 -1.56009e+10 -1.26956e+10 -1.00509e+10 -7.6216e+09 -6.31317e+09 -4.40426e+09 -3.39784e+09 -2.63299e+09 -1.90632e+09 -1.44509e+09 -1.13883e+09 -8.00447e+08 -4.48918e+08 -4.64608e+08 -4.51986e+08 -3.62014e+08 -3.82336e+08 -3.84072e+08 -2.71253e+08 -2.22617e+08 -2.9083e+08 -2.69466e+08 -1.85111e+08 -2.00881e+08 -2.56788e+08 -1.41359e+08 -2.55153e+08 -2.24951e+08 -1.92423e+08 -1.71804e+08 -1.98055e+08 -1.89369e+08 -2.00746e+08 -1.69788e+08 -1.35078e+08 -1.82392e+08 -1.9749e+08 -1.52651e+08 -1.52605e+08 -1.09691e+08 -1.5259e+08 -2.27197e+08 -2.03308e+08 -2.18511e+08 -1.40028e+08 -1.87872e+08 -1.66675e+08 -1.97278e+08 -1.74978e+08 -2.13313e+08 -2.62928e+08 -1.56278e+08 -1.69738e+08 -1.75423e+08 -1.34312e+08 -1.35679e+08 -1.65231e+08 -1.33604e+08 -1.55277e+08 -1.06335e+08 -1.70228e+08 -1.01664e+08 -1.26902e+08 -5.0987e+07 
-9.85005e+08 -2.8123e+09 -4.34182e+09 -5.83009e+09 -6.80887e+09 -7.38512e+09 -8.55859e+09 -9.08709e+09 -1.05812e+10 -1.17315e+10 -1.14238e+10 -1.40844e+10 -1.3988e+10 -1.64374e+10 -1.66911e+10 -1.98868e+10 -2.13482e+10 -2.27491e+10 -2.54402e+10 -2.38954e+10 -2.78472e+10 -2.43209e+10 -2.42897e+10 -2.67679e+10 -2.7483e+10 -3.01973e+10 -3.08481e+10 -2.83089e+10 -2.53136e+10 -2.5178e+10 -2.59129e+10 -2.69591e+10 -2.35233e+10 -2.20186e+10 -2.02675e+10 -1.88522e+10 -1.60882e+10 -1.28233e+10 -1.04164e+10 -7.63953e+09 -6.31802e+09 -4.68251e+09 -3.32905e+09 -2.47822e+09 -1.99678e+09 -1.45356e+09 -9.91295e+08 -9.1983e+08 -5.2926e+08 -3.54614e+08 -4.22189e+08 -3.1253e+08 -3.74595e+08 -2.9824e+08 -3.21409e+08 -3.23525e+08 -2.59668e+08 -1.93836e+08 -2.478e+08 -2.60781e+08 -2.04613e+08 -1.93723e+08 -2.36502e+08 -1.63019e+08 -2.20945e+08 -2.05983e+08 -2.06897e+08 -1.92613e+08 -1.77737e+08 -2.09709e+08 -1.70962e+08 -1.97311e+08 -1.54393e+08 -1.40527e+08 -2.17028e+08 -1.7275e+08 -1.61954e+08 -1.55902e+08 -9.28937e+07 -2.25927e+08 -2.21308e+08 -1.84615e+08 -1.74139e+08 -1.40888e+08 -1.70525e+08 -2.05159e+08 -2.23564e+08 -1.7666e+08 -1.88878e+08 -2.37549e+08 -1.28876e+08 -1.85865e+08 -1.58998e+08 -1.57128e+08 -1.25163e+08 -1.9258e+08 -1.42407e+08 -1.27014e+08 -1.21317e+08 -1.07184e+08 
-9.82497e+08 -2.76197e+09 -4.16974e+09 -6.1666e+09 -6.28793e+09 -7.97443e+09 -8.39514e+09 -9.87338e+09 -9.85997e+09 -1.18994e+10 -1.12326e+10 -1.36928e+10 -1.43922e+10 -1.6794e+10 -1.77167e+10 -1.84083e+10 -2.30271e+10 -2.15101e+10 -2.56236e+10 -2.5177e+10 -2.41238e+10 -2.76461e+10 -2.44799e+10 -2.6034e+10 -2.82944e+10 -3.11334e+10 -3.0129e+10 -2.7831e+10 -2.55631e+10 -2.61582e+10 -2.49643e+10 -2.65066e+10 -2.49056e+10 -2.25644e+10 -1.95783e+10 -1.77704e+10 -1.57888e+10 -1.30638e+10 -1.06394e+10 -8.19406e+09 -6.10914e+09 -4.93096e+09 -3.43863e+09 -2.4049e+09 -1.81896e+09 -1.51515e+09 -1.12184e+09 -6.98382e+08 -6.91267e+08 -4.03946e+08 -2.87866e+08 -3.75215e+08 -2.70283e+08 -3.10494e+08 -2.9873e+08 -2.61707e+08 -2.6617e+08 -2.88337e+08 -2.5871e+08 -2.13396e+08 -1.91766e+08 -2.47016e+08 -2.19159e+08 -1.84036e+08 -2.09496e+08 -2.50311e+08 -1.34157e+08 -2.20383e+08 -2.03932e+08 -2.0261e+08 -1.87796e+08 -1.85293e+08 -1.97577e+08 -1.81797e+08 -1.68802e+08 -1.69956e+08 -1.75809e+08 -2.2729e+08 -1.46585e+08 -1.98028e+08 -1.17657e+08 -1.25912e+08 -2.13063e+08 -1.96069e+08 -1.92834e+08 -1.56996e+08 -2.01147e+08 -1.35865e+08 -1.98712e+08 -2.20801e+08 -1.5731e+08 -2.01569e+08 -2.00693e+08 -1.4343e+08 -1.82888e+08 -1.56762e+08 -1.73322e+08 -1.67631e+08 -1.60799e+08 -1.21699e+08 
-9.67538e+08 -2.459e+09 -4.37446e+09 -6.07553e+09 -6.42037e+09 -8.17065e+09 -8.40646e+09 -1.01121e+10 -9.23563e+09 -1.18188e+10 -1.15378e+10 -1.34235e+10 -1.5627e+10 -1.54504e+10 -1.95295e+10 -1.81023e+10 -2.22553e+10 -2.30112e+10 -2.33219e+10 -2.70492e+10 -2.36603e+10 -2.6174e+10 -2.64071e+10 -2.64959e+10 -2.82273e+10 -3.12058e+10 -2.92799e+10 -2.77029e+10 -2.62566e+10 -2.61647e+10 -2.52765e+10 -2.53786e+10 -2.53055e+10 -2.32359e+10 -2.01595e+10 -1.72228e+10 -1.48534e+10 -1.32467e+10 -1.03633e+10 -8.60237e+09 -6.4354e+09 -4.81398e+09 -3.59386e+09 -2.61071e+09 -1.65968e+09 -1.3589e+09 -1.22213e+09 -7.78037e+08 -5.23874e+08 -5.27797e+08 -3.56893e+08 -2.54203e+08 -3.05146e+08 -2.96718e+08 -2.12621e+08 -2.98897e+08 -2.65241e+08 -2.29792e+08 -2.23977e+08 -2.80449e+08 -2.12554e+08 -2.54747e+08 -1.67039e+08 -2.37648e+08 -2.1639e+08 -1.88306e+08 -2.05118e+08 -2.23501e+08 -2.02502e+08 -1.81646e+08 -1.70862e+08 -2.25398e+08 -1.89943e+08 -1.9565e+08 -2.01578e+08 -1.87513e+08 -1.83217e+08 -1.69001e+08 -1.82854e+08 -2.31087e+08 -1.77247e+08 -1.40881e+08 -1.77845e+08 -8.57727e+07 -2.09665e+08 -2.06144e+08 -2.01495e+08 -1.74675e+08 -1.40202e+08 -1.63932e+08 -1.35708e+08 -2.40381e+08 -2.06123e+08 -1.35729e+08 -2.26994e+08 -1.52563e+08 -1.73628e+08 -1.82141e+08 -1.78761e+08 -9.93284e+07 
-9.95135e+08 -2.57918e+09 -4.5727e+09 -5.99284e+09 -6.89576e+09 -7.96063e+09 -8.2372e+09 -9.81678e+09 -9.47577e+09 -1.12121e+10 -1.2911e+10 -1.27991e+10 -1.60105e+10 -1.58128e+10 -1.86691e+10 -2.02501e+10 -1.99971e+10 -2.45759e+10 -2.22949e+10 -2.56458e+10 -2.74663e+10 -2.44053e+10 -2.59396e+10 -2.70838e+10 -2.86391e+10 -3.08698e+10 -2.99625e+10 -2.70606e+10 -2.5706e+10 -2.58714e+10 -2.66757e+10 -2.5906e+10 -2.43246e+10 -2.31822e+10 -2.07917e+10 -1.77607e+10 -1.4437e+10 -1.27486e+10 -1.01518e+10 -8.54547e+09 -6.73666e+09 -4.90325e+09 -3.70589e+09 -2.74211e+09 -1.72684e+09 -1.26852e+09 -1.07573e+09 -9.29393e+08 -5.56846e+08 -4.02633e+08 -4.16258e+08 -3.46435e+08 -2.17612e+08 -2.52319e+08 -2.74561e+08 -2.50837e+08 -2.02057e+08 -2.55511e+08 -2.65858e+08 -2.19099e+08 -1.84387e+08 -2.46148e+08 -2.12631e+08 -2.26327e+08 -2.4235e+08 -1.65969e+08 -2.22453e+08 -2.08884e+08 -1.83298e+08 -2.15801e+08 -2.40561e+08 -1.67165e+08 -2.02819e+08 -1.56214e+08 -2.18901e+08 -2.197e+08 -1.90007e+08 -2.19235e+08 -1.97506e+08 -1.70084e+08 -1.56655e+08 -1.91267e+08 -2.31568e+08 -1.17828e+08 -1.9889e+08 -1.61912e+08 -1.50723e+08 -1.90424e+08 -1.7342e+08 -1.85745e+08 -1.38571e+08 -1.77342e+08 -1.26495e+08 -1.70009e+08 -2.52996e+08 -1.89094e+08 -1.26722e+08 -2.46108e+08 -1.23719e+08 -1.26064e+08 
-9.02987e+08 -2.68081e+09 -5.0006e+09 -6.0317e+09 -6.73102e+09 -7.67519e+09 -8.34221e+09 -9.3459e+09 -1.02799e+10 -1.06077e+10 -1.38842e+10 -1.26406e+10 -1.55219e+10 -1.72041e+10 -1.69358e+10 -2.16393e+10 -1.99966e+10 -2.27101e+10 -2.57937e+10 -2.40992e+10 -2.64943e+10 -2.54227e+10 -2.55383e+10 -2.67183e+10 -2.92725e+10 -3.03037e+10 -3.03683e+10 -2.68051e+10 -2.61138e+10 -2.52695e+10 -2.64762e+10 -2.63283e+10 -2.47612e+10 -2.29966e+10 -2.04512e+10 -1.86996e+10 -1.46421e+10 -1.25198e+10 -9.71669e+09 -8.43169e+09 -6.67413e+09 -5.01675e+09 -3.89461e+09 -2.70882e+09 -1.93839e+09 -1.28565e+09 -1.02736e+09 -8.03004e+08 -6.67454e+08 -4.51638e+08 -3.39233e+08 -3.36849e+08 -3.04684e+08 -2.51616e+08 -1.88806e+08 -2.52924e+08 -2.28084e+08 -2.30156e+08 -2.16025e+08 -2.08971e+08 -2.52299e+08 -2.25753e+08 -1.64308e+08 -2.15546e+08 -2.33218e+08 -1.64923e+08 -2.62985e+08 -1.97764e+08 -2.00905e+08 -1.92857e+08 -1.88026e+08 -2.2332e+08 -2.00432e+08 -2.38675e+08 -1.84918e+08 -1.83652e+08 -1.85461e+08 -2.36276e+08 -2.27627e+08 -1.90802e+08 -1.9134e+08 -1.78409e+08 -1.40111e+08 -1.83038e+08 -2.25819e+08 -2.22451e+08 -1.24096e+08 -2.01746e+08 -1.22369e+08 -1.93751e+08 -1.55759e+08 -1.6614e+08 -1.85553e+08 -1.33783e+08 -1.65504e+08 -1.31853e+08 -2.07787e+08 -2.67715e+08 -1.39753e+08 -5.39754e+07 
-9.2328e+08 -3.18994e+09 -4.89355e+09 -5.85498e+09 -6.95738e+09 -7.10709e+09 -8.52028e+09 -9.13186e+09 -1.12262e+10 -1.03239e+10 -1.34766e+10 -1.42127e+10 -1.39995e+10 -1.78207e+10 -1.73019e+10 -1.9902e+10 -2.26091e+10 -2.1993e+10 -2.64857e+10 -2.47184e+10 -2.42788e+10 -2.61036e+10 -2.5913e+10 -2.5997e+10 -2.99927e+10 -3.06637e+10 -2.96186e+10 -2.68936e+10 -2.65603e+10 -2.54871e+10 -2.55225e+10 -2.60927e+10 -2.51327e+10 -2.33002e+10 -2.06448e+10 -1.85676e+10 -1.52982e+10 -1.26384e+10 -9.65029e+09 -8.10871e+09 -6.33957e+09 -5.23422e+09 -3.80831e+09 -2.70488e+09 -2.14595e+09 -1.39902e+09 -9.90845e+08 -8.06514e+08 -5.9448e+08 -4.86329e+08 -4.21437e+08 -2.79065e+08 -2.91128e+08 -2.65018e+08 -2.53749e+08 -2.07305e+08 -1.81676e+08 -2.47918e+08 -1.90655e+08 -2.22994e+08 -2.12806e+08 -1.8814e+08 -2.47361e+08 -2.0788e+08 -2.05398e+08 -1.63666e+08 -2.06692e+08 -2.06073e+08 -1.58593e+08 -2.89048e+08 -1.50083e+08 -2.38664e+08 -1.71558e+08 -1.90554e+08 -2.48025e+08 -1.93355e+08 -2.48906e+08 -2.09063e+08 -1.68778e+08 -2.15673e+08 -2.09958e+08 -1.98005e+08 -1.84801e+08 -1.85507e+08 -1.95054e+08 -1.45961e+08 -2.25704e+08 -2.11259e+08 -1.72093e+08 -1.213e+08 -2.08707e+08 -1.55688e+08 -1.74067e+08 -1.44621e+08 -1.52402e+08 -1.91622e+08 -1.60003e+08 -1.23824e+08 -1.70313e+08 -1.11793e+08 
-1.11898e+09 -3.02468e+09 -5.0366e+09 -5.65176e+09 -6.81866e+09 -7.06459e+09 -8.79669e+09 -9.12242e+09 -1.12665e+10 -1.12608e+10 -1.22033e+10 -1.52807e+10 -1.39759e+10 -1.66991e+10 -1.90967e+10 -1.82171e+10 -2.38317e+10 -2.35545e+10 -2.36662e+10 -2.58498e+10 -2.59049e+10 -2.4527e+10 -2.58456e+10 -2.61074e+10 -2.97318e+10 -3.16359e+10 -2.94086e+10 -2.67321e+10 -2.58777e+10 -2.58381e+10 -2.6008e+10 -2.57694e+10 -2.53143e+10 -2.34798e+10 -2.10788e+10 -1.83695e+10 -1.55656e+10 -1.26625e+10 -1.01826e+10 -7.85562e+09 -5.96963e+09 -5.14515e+09 -3.80861e+09 -2.71818e+09 -2.0864e+09 -1.66169e+09 -1.00145e+09 -8.13834e+08 -5.75714e+08 -4.88213e+08 -3.5225e+08 -3.86731e+08 -2.73344e+08 -2.61056e+08 -2.2959e+08 -2.28e+08 -2.23453e+08 -1.92597e+08 -1.82503e+08 -2.1648e+08 -1.89536e+08 -2.03258e+08 -2.04623e+08 -2.00676e+08 -2.33979e+08 -1.87517e+08 -2.15641e+08 -1.66356e+08 -1.93873e+08 -1.87011e+08 -1.82053e+08 -1.76774e+08 -2.76999e+08 -1.50478e+08 -2.17197e+08 -2.1362e+08 -2.11244e+08 -2.61124e+08 -1.94187e+08 -2.26821e+08 -2.04853e+08 -1.41361e+08 -2.1748e+08 -2.28777e+08 -2.02426e+08 -1.86878e+08 -2.00259e+08 -1.51958e+08 -1.66334e+08 -2.08722e+08 -2.21567e+08 -1.27032e+08 -1.70295e+08 -1.8973e+08 -1.94579e+08 -1.31588e+08 -1.52894e+08 -1.69541e+08 -1.86878e+08 -1.19154e+08 
-1.01857e+09 -3.39386e+09 -4.62105e+09 -5.74095e+09 -6.71846e+09 -7.63415e+09 -8.58855e+09 -9.43359e+09 -1.06623e+10 -1.23186e+10 -1.18132e+10 -1.44414e+10 -1.57653e+10 -1.51626e+10 -1.96183e+10 -2.00055e+10 -2.21242e+10 -2.40756e+10 -2.43017e+10 -2.51811e+10 -2.61387e+10 -2.42869e+10 -2.56315e+10 -2.69123e+10 -2.88214e+10 -3.16339e+10 -2.95934e+10 -2.66153e+10 -2.53513e+10 -2.52296e+10 -2.64942e+10 -2.64487e+10 -2.55483e+10 -2.32939e+10 -2.14172e+10 -1.83199e+10 -1.57272e+10 -1.28959e+10 -1.06154e+10 -7.54754e+09 -6.38829e+09 -4.59614e+09 -3.62553e+09 -2.93909e+09 -2.06444e+09 -1.53431e+09 -1.26952e+09 -7.32087e+08 -6.66483e+08 -4.3323e+08 -4.04804e+08 -3.069e+08 -2.86738e+08 -3.02399e+08 -2.33468e+08 -2.38567e+08 -1.96172e+08 -2.15755e+08 -1.85962e+08 -1.96136e+08 -1.89714e+08 -1.67659e+08 -2.31235e+08 -1.57194e+08 -2.05184e+08 -2.06125e+08 -2.15218e+08 -1.96591e+08 -1.97983e+08 -2.02261e+08 -1.58221e+08 -1.85196e+08 -1.92882e+08 -1.56576e+08 -2.06461e+08 -2.61232e+08 -1.99959e+08 -1.98567e+08 -2.33462e+08 -2.1899e+08 -2.12645e+08 -1.8032e+08 -2.30877e+08 -2.02032e+08 -1.90764e+08 -2.17777e+08 -2.16642e+08 -1.86563e+08 -1.70531e+08 -1.84415e+08 -1.5206e+08 -1.8788e+08 -1.94428e+08 -2.20791e+08 -1.13502e+08 -2.08531e+08 -2.09739e+08 -1.68198e+08 -1.30056e+08 -7.88052e+07 
-1.06903e+09 -3.12455e+09 -4.63465e+09 -5.78352e+09 -6.98776e+09 -7.88239e+09 -8.39578e+09 -9.74128e+09 -1.03115e+10 -1.25212e+10 -1.20988e+10 -1.3637e+10 -1.65359e+10 -1.57576e+10 -1.92535e+10 -2.09562e+10 -2.09476e+10 -2.3728e+10 -2.59586e+10 -2.44187e+10 -2.49869e+10 -2.59223e+10 -2.4974e+10 -2.68971e+10 -2.90162e+10 -3.04433e+10 -2.90319e+10 -2.67681e+10 -2.61708e+10 -2.54166e+10 -2.55029e+10 -2.62556e+10 -2.59209e+10 -2.39892e+10 -2.13563e+10 -1.85941e+10 -1.56452e+10 -1.32657e+10 -1.05399e+10 -7.92125e+09 -6.42978e+09 -4.45974e+09 -3.48761e+09 -2.86548e+09 -2.14465e+09 -1.53118e+09 -1.16966e+09 -8.70086e+08 -6.00755e+08 -5.39295e+08 -3.67386e+08 -3.66303e+08 -2.49856e+08 -2.70793e+08 -2.36407e+08 -2.49424e+08 -2.20884e+08 -2.31269e+08 -1.71288e+08 -2.04051e+08 -1.65009e+08 -1.89925e+08 -1.89616e+08 -1.68971e+08 -2.04356e+08 -1.68736e+08 -1.92142e+08 -1.91581e+08 -2.28705e+08 -2.11526e+08 -1.60343e+08 -2.0386e+08 -1.89548e+08 -1.80567e+08 -1.54116e+08 -2.22571e+08 -1.49828e+08 -2.60075e+08 -2.11338e+08 -2.23194e+08 -1.5908e+08 -2.34324e+08 -2.20816e+08 -2.02662e+08 -2.14203e+08 -2.33284e+08 -1.80862e+08 -2.08792e+08 -2.14259e+08 -1.80818e+08 -1.74504e+08 -1.69243e+08 -1.86534e+08 -1.69292e+08 -1.89572e+08 -2.02047e+08 -1.9513e+08 -1.56015e+08 -2.24318e+08 -1.13133e+08 
-1.00863e+09 -3.17817e+09 -4.56319e+09 -6.32468e+09 -6.86075e+09 -8.11797e+09 -8.37077e+09 -9.54402e+09 -1.05142e+10 -1.18596e+10 -1.32284e+10 -1.30486e+10 -1.63767e+10 -1.74685e+10 -1.84313e+10 -2.08003e+10 -2.15999e+10 -2.36269e+10 -2.44706e+10 -2.6165e+10 -2.49587e+10 -2.58432e+10 -2.49177e+10 -2.6544e+10 -2.90079e+10 -2.98789e+10 -2.85776e+10 -2.67489e+10 -2.60808e+10 -2.58376e+10 -2.612e+10 -2.58964e+10 -2.53734e+10 -2.443e+10 -2.18276e+10 -1.87829e+10 -1.59896e+10 -1.29769e+10 -1.06282e+10 -8.46649e+09 -6.2393e+09 -4.54931e+09 -3.63611e+09 -2.69644e+09 -2.10864e+09 -1.42436e+09 -1.32442e+09 -6.99115e+08 -7.34438e+08 -4.68077e+08 -4.4652e+08 -3.51594e+08 -2.84955e+08 -2.93543e+08 -1.99414e+08 -2.33892e+08 -2.12855e+08 -2.18549e+08 -1.92131e+08 -2.37581e+08 -1.76181e+08 -1.76939e+08 -1.67895e+08 -1.68157e+08 -1.91742e+08 -1.91822e+08 -1.39542e+08 -2.2318e+08 -1.66678e+08 -1.88167e+08 -1.99211e+08 -2.44238e+08 -1.72077e+08 -1.74012e+08 -1.97161e+08 -2.12191e+08 -1.85088e+08 -1.77853e+08 -1.89785e+08 -1.50779e+08 -2.3719e+08 -1.76959e+08 -2.50168e+08 -1.69538e+08 -2.75866e+08 -1.80576e+08 -2.02244e+08 -2.08464e+08 -2.30852e+08 -1.8109e+08 -2.02962e+08 -2.08837e+08 -1.68042e+08 -1.69935e+08 -1.72577e+08 -1.88177e+08 -2.17935e+08 -1.59612e+08 -2.16765e+08 -9.47361e+07 
-1.01772e+09 -3.16476e+09 -4.9282e+09 -6.34178e+09 -6.85335e+09 -8.10125e+09 -8.4562e+09 -9.51085e+09 -1.0613e+10 -1.14571e+10 -1.36902e+10 -1.34585e+10 -1.61365e+10 -1.83471e+10 -1.76395e+10 -2.11453e+10 -2.21163e+10 -2.32527e+10 -2.33327e+10 -2.7201e+10 -2.56921e+10 -2.50361e+10 -2.57582e+10 -2.58578e+10 -2.84183e+10 -2.98697e+10 -2.88259e+10 -2.6962e+10 -2.55401e+10 -2.53732e+10 -2.59701e+10 -2.63462e+10 -2.585e+10 -2.38791e+10 -2.22002e+10 -1.906e+10 -1.64089e+10 -1.30629e+10 -1.06413e+10 -8.51417e+09 -6.39128e+09 -4.78041e+09 -3.61492e+09 -2.81011e+09 -1.99951e+09 -1.36562e+09 -1.18896e+09 -9.1486e+08 -5.63349e+08 -5.28103e+08 -4.10037e+08 -3.74088e+08 -3.13448e+08 -2.88433e+08 -2.51755e+08 -2.4703e+08 -1.78189e+08 -2.16715e+08 -1.81895e+08 -2.01338e+08 -1.78563e+08 -2.26632e+08 -1.96698e+08 -1.48321e+08 -1.9688e+08 -1.44764e+08 -1.67825e+08 -2.06885e+08 -1.50297e+08 -1.89916e+08 -1.83431e+08 -1.82999e+08 -1.80055e+08 -2.3849e+08 -2.11109e+08 -1.87858e+08 -2.0458e+08 -2.021e+08 -1.92568e+08 -1.46024e+08 -1.63859e+08 -1.80913e+08 -1.87646e+08 -2.20974e+08 -2.10546e+08 -1.95561e+08 -2.30112e+08 -2.50551e+08 -1.48322e+08 -1.94603e+08 -2.15631e+08 -2.15036e+08 -2.14317e+08 -1.90286e+08 -2.01866e+08 -1.65312e+08 -1.68805e+08 -1.8149e+08 -2.25051e+08 -1.15577e+08 
-1.15072e+09 -3.08114e+09 -5.3665e+09 -6.03216e+09 -7.12974e+09 -7.8188e+09 -8.70458e+09 -9.53398e+09 -1.06959e+10 -1.14388e+10 -1.36095e+10 -1.48869e+10 -1.48162e+10 -1.8681e+10 -1.84643e+10 -2.06092e+10 -2.19042e+10 -2.36688e+10 -2.50739e+10 -2.46075e+10 -2.58462e+10 -2.47732e+10 -2.63103e+10 -2.60427e+10 -2.78327e+10 -2.95164e+10 -2.89922e+10 -2.73476e+10 -2.61836e+10 -2.53924e+10 -2.50157e+10 -2.60278e+10 -2.5748e+10 -2.44462e+10 -2.21961e+10 -1.92286e+10 -1.64721e+10 -1.36621e+10 -1.06909e+10 -8.3498e+09 -6.49625e+09 -5.33516e+09 -3.48026e+09 -2.77286e+09 -2.10646e+09 -1.39552e+09 -9.72522e+08 -9.66258e+08 -5.93637e+08 -5.33748e+08 -3.87479e+08 -3.25609e+08 -3.22711e+08 -3.16721e+08 -2.29778e+08 -2.65356e+08 -2.29281e+08 -2.31719e+08 -1.69313e+08 -1.9811e+08 -1.6436e+08 -1.87513e+08 -1.92194e+08 -1.68951e+08 -2.3195e+08 -1.62162e+08 -1.59169e+08 -1.7368e+08 -1.50779e+08 -1.98516e+08 -1.8185e+08 -1.36162e+08 -1.92112e+08 -1.99906e+08 -1.85983e+08 -2.16849e+08 -2.77663e+08 -1.80776e+08 -1.65086e+08 -1.82939e+08 -1.82181e+08 -1.99156e+08 -1.32802e+08 -1.85809e+08 -1.90815e+08 -1.78528e+08 -2.03611e+08 -2.36199e+08 -1.63546e+08 -2.5039e+08 -2.22199e+08 -1.35408e+08 -2.08146e+08 -2.15651e+08 -1.99049e+08 -2.44295e+08 -2.0127e+08 -1.7783e+08 -1.70757e+08 -8.01936e+07 
-1.16093e+09 -3.57521e+09 -5.28438e+09 -6.08192e+09 -7.0753e+09 -7.82605e+09 -8.90158e+09 -9.61093e+09 -1.07105e+10 -1.18873e+10 -1.32263e+10 -1.56106e+10 -1.44325e+10 -1.81416e+10 -1.98104e+10 -1.9396e+10 -2.25717e+10 -2.39468e+10 -2.56927e+10 -2.31315e+10 -2.61297e+10 -2.4766e+10 -2.55117e+10 -2.64604e+10 -2.77816e+10 -2.95564e+10 -2.95825e+10 -2.72649e+10 -2.55266e+10 -2.58316e+10 -2.6105e+10 -2.54185e+10 -2.47695e+10 -2.43052e+10 -2.28482e+10 -1.9474e+10 -1.64304e+10 -1.37787e+10 -1.10152e+10 -8.59101e+09 -6.51946e+09 -5.58919e+09 -3.6453e+09 -2.65279e+09 -2.04244e+09 -1.61596e+09 -9.48602e+08 -7.7349e+08 -6.96408e+08 -4.73776e+08 -4.82883e+08 -2.92326e+08 -2.85221e+08 -2.46733e+08 -2.99128e+08 -2.61465e+08 -1.8819e+08 -2.479e+08 -2.19114e+08 -2.17472e+08 -1.75769e+08 -1.78475e+08 -1.8037e+08 -1.6278e+08 -1.70539e+08 -1.74018e+08 -2.01574e+08 -2.06465e+08 -1.40853e+08 -1.89733e+08 -1.46309e+08 -1.56683e+08 -2.38316e+08 -1.10957e+08 -1.98463e+08 -2.1201e+08 -2.12268e+08 -1.84807e+08 -2.26178e+08 -2.21383e+08 -1.63558e+08 -1.81121e+08 -1.67078e+08 -2.13462e+08 -1.68235e+08 -1.35893e+08 -1.97837e+08 -1.84619e+08 -1.866e+08 -1.72598e+08 -2.38041e+08 -1.53651e+08 -2.85225e+08 -1.69497e+08 -1.43836e+08 -2.29818e+08 -2.08543e+08 -2.14118e+08 -2.39747e+08 -1.04443e+08 
-1.26502e+09 -3.45769e+09 -5.36333e+09 -6.01821e+09 -7.03032e+09 -8.15205e+09 -8.8471e+09 -1.0105e+10 -1.06437e+10 -1.23057e+10 -1.24834e+10 -1.57335e+10 -1.57666e+10 -1.64045e+10 -2.03366e+10 -2.01499e+10 -2.32369e+10 -2.21124e+10 -2.58714e+10 -2.50417e+10 -2.47478e+10 -2.51922e+10 -2.43671e+10 -2.62617e+10 -2.85984e+10 -3.00505e+10 -2.92324e+10 -2.72225e+10 -2.56221e+10 -2.51797e+10 -2.64312e+10 -2.638e+10 -2.48958e+10 -2.29598e+10 -2.22848e+10 -2.0169e+10 -1.67896e+10 -1.36373e+10 -1.11758e+10 -9.11885e+09 -6.63356e+09 -5.3934e+09 -3.8619e+09 -2.83594e+09 -1.8745e+09 -1.64332e+09 -1.14916e+09 -6.6945e+08 -6.78135e+08 -4.59484e+08 -4.16982e+08 -4.18832e+08 -2.81562e+08 -2.39299e+08 -2.16844e+08 -2.10174e+08 -2.81715e+08 -2.26659e+08 -1.60736e+08 -2.35529e+08 -2.07423e+08 -2.15673e+08 -1.82574e+08 -1.8618e+08 -1.69472e+08 -1.5486e+08 -1.60934e+08 -1.8034e+08 -1.57827e+08 -2.22998e+08 -1.78434e+08 -1.39617e+08 -1.95019e+08 -1.45427e+08 -2.20729e+08 -2.05523e+08 -1.49152e+08 -1.72132e+08 -2.26714e+08 -1.64857e+08 -1.88876e+08 -2.62823e+08 -1.6506e+08 -1.87713e+08 -1.89693e+08 -1.40368e+08 -2.26132e+08 -1.40025e+08 -1.52118e+08 -2.02754e+08 -1.69677e+08 -1.80388e+08 -1.83878e+08 -2.10762e+08 -1.92575e+08 -2.66821e+08 -1.4222e+08 -1.67384e+08 -2.41513e+08 -7.51343e+07 
-1.35675e+09 -3.57796e+09 -5.24562e+09 -6.33375e+09 -6.94583e+09 -8.33788e+09 -9.01772e+09 -1.02638e+10 -1.1e+10 -1.18216e+10 -1.29237e+10 -1.48174e+10 -1.72015e+10 -1.54818e+10 -1.99963e+10 -2.139e+10 -2.2403e+10 -2.29621e+10 -2.42247e+10 -2.61916e+10 -2.35488e+10 -2.55053e+10 -2.51763e+10 -2.59617e+10 -2.84102e+10 -3.02099e+10 -2.88453e+10 -2.67666e+10 -2.66588e+10 -2.56735e+10 -2.49919e+10 -2.61941e+10 -2.60298e+10 -2.35522e+10 -2.10358e+10 -1.9616e+10 -1.71353e+10 -1.40301e+10 -1.14432e+10 -9.24944e+09 -6.85656e+09 -5.28584e+09 -4.03498e+09 -2.84464e+09 -1.97565e+09 -1.63328e+09 -1.07296e+09 -8.7453e+08 -5.92625e+08 -5.12341e+08 -3.49065e+08 -3.47667e+08 -3.56415e+08 -3.12879e+08 -1.92608e+08 -2.23752e+08 -1.93338e+08 -1.6662e+08 -2.75409e+08 -1.94601e+08 -1.67187e+08 -2.02574e+08 -2.08883e+08 -2.20531e+08 -1.70612e+08 -1.96417e+08 -1.61562e+08 -1.68738e+08 -1.65483e+08 -1.46552e+08 -1.75362e+08 -1.78915e+08 -2.05633e+08 -1.62935e+08 -1.95443e+08 -1.937e+08 -1.64295e+08 -2.53118e+08 -1.11149e+08 -1.68762e+08 -1.82792e+08 -2.18521e+08 -1.65709e+08 -2.16183e+08 -2.33022e+08 -1.56302e+08 -1.82493e+08 -1.87903e+08 -1.49742e+08 -2.03583e+08 -1.27733e+08 -1.64911e+08 -2.1237e+08 -1.59544e+08 -1.65393e+08 -2.17188e+08 -1.77998e+08 -2.45343e+08 -2.23737e+08 -5.4372e+07 
-1.24291e+09 -3.69073e+09 -5.23955e+09 -6.33055e+09 -7.34142e+09 -8.1872e+09 -9.4877e+09 -1.00466e+10 -1.10894e+10 -1.16989e+10 -1.39382e+10 -1.30074e+10 -1.76684e+10 -1.72453e+10 -1.85251e+10 -2.14146e+10 -2.19841e+10 -2.50879e+10 -2.14529e+10 -2.53639e+10 -2.58968e+10 -2.51908e+10 -2.60042e+10 -2.60098e+10 -2.76533e+10 -2.94988e+10 -2.96571e+10 -2.73346e+10 -2.55071e+10 -2.56418e+10 -2.61649e+10 -2.54795e+10 -2.55102e+10 -2.44971e+10 -2.16735e+10 -1.8571e+10 -1.65444e+10 -1.4649e+10 -1.18492e+10 -9.04613e+09 -7.09202e+09 -5.2154e+09 -3.98568e+09 -3.04432e+09 -2.1619e+09 -1.50881e+09 -1.13677e+09 -8.47703e+08 -6.55366e+08 -5.622e+08 -3.87614e+08 -2.97258e+08 -2.65001e+08 -3.20787e+08 -2.81465e+08 -2.52468e+08 -1.68615e+08 -2.09921e+08 -1.81812e+08 -1.30983e+08 -2.60301e+08 -1.91e+08 -1.71227e+08 -1.74083e+08 -2.01815e+08 -2.05814e+08 -2.03336e+08 -1.5698e+08 -2.09176e+08 -1.5912e+08 -1.51051e+08 -1.6114e+08 -1.64009e+08 -1.61865e+08 -2.17133e+08 -2.19014e+08 -1.56507e+08 -2.11637e+08 -1.57241e+08 -1.80506e+08 -2.13825e+08 -1.38963e+08 -1.3686e+08 -2.44783e+08 -1.65649e+08 -1.97683e+08 -2.0479e+08 -1.99579e+08 -1.81946e+08 -1.69332e+08 -1.4662e+08 -1.87747e+08 -1.71454e+08 -1.39108e+08 -1.77057e+08 -2.16124e+08 -1.60383e+08 -1.72403e+08 -2.27598e+08 -8.09635e+07 
-1.24345e+09 -3.27076e+09 -5.6376e+09 -6.33215e+09 -7.48752e+09 -8.2319e+09 -9.5294e+09 -9.95269e+09 -1.1533e+10 -1.17497e+10 -1.35413e+10 -1.36995e+10 -1.60829e+10 -1.90418e+10 -1.78553e+10 -2.14092e+10 -2.09782e+10 -2.43561e+10 -2.39216e+10 -2.42481e+10 -2.71232e+10 -2.47321e+10 -2.60543e+10 -2.60413e+10 -2.7958e+10 -2.87242e+10 -2.90315e+10 -2.87806e+10 -2.5931e+10 -2.51038e+10 -2.58051e+10 -2.60487e+10 -2.50653e+10 -2.38954e+10 -2.26648e+10 -1.9004e+10 -1.62386e+10 -1.42629e+10 -1.18791e+10 -9.19366e+09 -7.20485e+09 -5.17793e+09 -3.97748e+09 -3.11897e+09 -2.32003e+09 -1.57298e+09 -1.08714e+09 -8.76521e+08 -7.13198e+08 -4.72399e+08 -5.10908e+08 -3.37749e+08 -2.67107e+08 -2.40652e+08 -2.50822e+08 -2.67048e+08 -2.33754e+08 -2.29829e+08 -1.59652e+08 -1.98174e+08 -1.78979e+08 -1.31101e+08 -1.99556e+08 -2.23146e+08 -1.56319e+08 -1.63533e+08 -1.95429e+08 -1.88557e+08 -2.1537e+08 -1.64706e+08 -1.91912e+08 -1.69748e+08 -1.67903e+08 -1.81487e+08 -1.62415e+08 -1.85791e+08 -1.71398e+08 -1.88648e+08 -2.00626e+08 -1.55383e+08 -2.19366e+08 -1.61653e+08 -2.09833e+08 -1.53443e+08 -1.5077e+08 -1.7479e+08 -2.09383e+08 -1.83143e+08 -2.02012e+08 -1.91456e+08 -1.54955e+08 -2.08932e+08 -1.67222e+08 -1.23627e+08 -2.04112e+08 -1.55007e+08 -1.54272e+08 -2.20393e+08 -1.85663e+08 -8.81822e+07 
-1.17397e+09 -3.84287e+09 -5.41213e+09 -6.6354e+09 -7.41033e+09 -8.49653e+09 -9.40642e+09 -9.96489e+09 -1.17025e+10 -1.18111e+10 -1.29214e+10 -1.5609e+10 -1.40429e+10 -1.93736e+10 -1.85128e+10 -2.01659e+10 -2.0884e+10 -2.29782e+10 -2.80743e+10 -2.34044e+10 -2.55544e+10 -2.55384e+10 -2.5805e+10 -2.64087e+10 -2.71297e+10 -2.87422e+10 -2.98246e+10 -2.79728e+10 -2.6917e+10 -2.59289e+10 -2.49953e+10 -2.54342e+10 -2.50763e+10 -2.38635e+10 -2.24967e+10 -1.96892e+10 -1.70517e+10 -1.37704e+10 -1.13274e+10 -9.0912e+09 -7.30713e+09 -5.40579e+09 -3.89766e+09 -3.12381e+09 -2.32773e+09 -1.82251e+09 -1.05057e+09 -8.58894e+08 -7.23548e+08 -5.64242e+08 -3.56461e+08 -4.57734e+08 -3.0727e+08 -2.76932e+08 -2.32964e+08 -2.13593e+08 -2.24764e+08 -2.32815e+08 -1.9256e+08 -2.15659e+08 -1.73153e+08 -1.73957e+08 -1.90436e+08 -1.64411e+08 -1.20596e+08 -2.38299e+08 -1.62709e+08 -1.48328e+08 -1.97654e+08 -1.71948e+08 -1.94533e+08 -2.14584e+08 -1.34102e+08 -2.44864e+08 -1.85453e+08 -1.5263e+08 -1.87605e+08 -1.62403e+08 -1.47528e+08 -1.69947e+08 -2.04563e+08 -1.85566e+08 -1.85723e+08 -1.96669e+08 -1.75779e+08 -2.00356e+08 -1.36982e+08 -1.56031e+08 -2.11719e+08 -1.7011e+08 -2.05513e+08 -1.69521e+08 -1.80891e+08 -1.71913e+08 -1.90251e+08 -1.61669e+08 -1.45727e+08 -2.0171e+08 -1.59368e+08 -5.98278e+07 
-1.14648e+09 -3.74818e+09 -5.48869e+09 -6.72841e+09 -7.49304e+09 -8.4486e+09 -9.31822e+09 -1.0663e+10 -1.03777e+10 -1.3373e+10 -1.21976e+10 -1.57886e+10 -1.47092e+10 -1.73821e+10 -1.97374e+10 -1.86257e+10 -2.40115e+10 -2.16892e+10 -2.54115e+10 -2.61437e+10 -2.52527e+10 -2.636e+10 -2.50712e+10 -2.59174e+10 -2.71853e+10 -2.86175e+10 -3.02172e+10 -2.87189e+10 -2.67746e+10 -2.63092e+10 -2.52933e+10 -2.48318e+10 -2.45859e+10 -2.46212e+10 -2.23827e+10 -2.00524e+10 -1.7481e+10 -1.35296e+10 -1.11076e+10 -8.84609e+09 -7.14659e+09 -5.44282e+09 -4.21567e+09 -2.91223e+09 -2.3844e+09 -1.87851e+09 -1.21784e+09 -7.51945e+08 -7.43219e+08 -6.00336e+08 -4.5067e+08 -3.13278e+08 -3.56531e+08 -3.32459e+08 -2.44297e+08 -2.43668e+08 -2.21262e+08 -2.02066e+08 -2.05892e+08 -2.02771e+08 -1.57493e+08 -2.16764e+08 -1.79314e+08 -1.59409e+08 -1.97895e+08 -1.80273e+08 -1.15427e+08 -1.88601e+08 -1.91802e+08 -1.45726e+08 -1.72607e+08 -1.94225e+08 -1.74416e+08 -2.09787e+08 -2.10546e+08 -1.75547e+08 -2.10561e+08 -1.76716e+08 -1.57674e+08 -1.55539e+08 -1.77118e+08 -1.39727e+08 -1.60289e+08 -2.15685e+08 -1.84649e+08 -2.10018e+08 -1.82076e+08 -1.82014e+08 -1.84279e+08 -1.2379e+08 -1.81484e+08 -1.91808e+08 -1.77178e+08 -2.05274e+08 -1.56767e+08 -1.62057e+08 -2.07477e+08 -1.8033e+08 -1.47717e+08 -7.94881e+07 
-1.09194e+09 -3.58258e+09 -5.60084e+09 -6.80457e+09 -7.41328e+09 -8.7624e+09 -8.98082e+09 -1.08092e+10 -1.0371e+10 -1.35358e+10 -1.27352e+10 -1.45054e+10 -1.67901e+10 -1.4395e+10 -2.06205e+10 -1.98553e+10 -2.38728e+10 -2.28669e+10 -2.2452e+10 -2.77263e+10 -2.55787e+10 -2.60009e+10 -2.56573e+10 -2.62307e+10 -2.72083e+10 -2.79139e+10 -3.00129e+10 -2.97934e+10 -2.67852e+10 -2.55842e+10 -2.55795e+10 -2.57277e+10 -2.511e+10 -2.39112e+10 -2.27618e+10 -2.05539e+10 -1.68649e+10 -1.38517e+10 -1.12426e+10 -8.51123e+09 -7.02989e+09 -5.43254e+09 -4.1435e+09 -3.08179e+09 -2.30212e+09 -1.87927e+09 -1.28903e+09 -8.94918e+08 -5.32419e+08 -6.77811e+08 -4.99936e+08 -3.89244e+08 -2.92289e+08 -3.10826e+08 -2.55585e+08 -2.81802e+08 -2.27518e+08 -2.29429e+08 -2.14422e+08 -1.9715e+08 -2.03364e+08 -1.69001e+08 -1.65257e+08 -1.82893e+08 -1.65983e+08 -1.88675e+08 -1.65719e+08 -2.01923e+08 -1.57035e+08 -1.32878e+08 -1.96828e+08 -1.57536e+08 -1.42207e+08 -2.38462e+08 -1.77129e+08 -1.90196e+08 -2.08867e+08 -1.59964e+08 -2.05652e+08 -1.90958e+08 -1.54292e+08 -1.75547e+08 -1.52372e+08 -1.62845e+08 -1.62489e+08 -1.44913e+08 -2.20589e+08 -1.99916e+08 -2.06143e+08 -1.84625e+08 -1.60202e+08 -1.69825e+08 -1.37739e+08 -1.87906e+08 -1.73256e+08 -2.27131e+08 -1.65826e+08 -1.60838e+08 -1.77403e+08 -9.77836e+07 
-1.28943e+09 -3.64669e+09 -5.51932e+09 -6.91863e+09 -7.29397e+09 -9.0066e+09 -8.83182e+09 -1.05746e+10 -1.16633e+10 -1.17177e+10 -1.47255e+10 -1.23693e+10 -1.74431e+10 -1.50703e+10 -1.93928e+10 -2.28856e+10 -2.01954e+10 -2.50159e+10 -2.25859e+10 -2.49124e+10 -2.74368e+10 -2.60316e+10 -2.64184e+10 -2.63156e+10 -2.67081e+10 -2.83484e+10 -2.924e+10 -2.85668e+10 -2.82467e+10 -2.62682e+10 -2.54515e+10 -2.58149e+10 -2.5776e+10 -2.40498e+10 -2.2141e+10 -2.03203e+10 -1.68037e+10 -1.41716e+10 -1.11633e+10 -8.61169e+09 -7.06738e+09 -5.16927e+09 -4.1695e+09 -2.97297e+09 -2.32711e+09 -1.89609e+09 -1.27623e+09 -9.64596e+08 -6.46147e+08 -4.407e+08 -5.55982e+08 -4.68587e+08 -3.50602e+08 -2.45434e+08 -2.95595e+08 -2.95312e+08 -1.94584e+08 -2.37529e+08 -2.20867e+08 -2.32902e+08 -2.0891e+08 -2.04598e+08 -1.95056e+08 -1.57691e+08 -1.6846e+08 -1.3844e+08 -1.88321e+08 -1.58516e+08 -1.88521e+08 -1.85518e+08 -1.98074e+08 -1.26269e+08 -1.8126e+08 -1.75633e+08 -1.82446e+08 -1.6631e+08 -2.24149e+08 -1.38122e+08 -2.03947e+08 -1.97248e+08 -1.58908e+08 -1.95228e+08 -1.85151e+08 -1.66087e+08 -1.53875e+08 -1.84599e+08 -1.33109e+08 -1.59072e+08 -1.7874e+08 -2.02251e+08 -2.13909e+08 -2.06064e+08 -1.4056e+08 -1.9474e+08 -1.34871e+08 -1.77819e+08 -1.8029e+08 -2.04945e+08 -2.16953e+08 -7.22622e+07 
-1.44602e+09 -3.32874e+09 -5.84541e+09 -6.71763e+09 -7.71396e+09 -8.28405e+09 -9.86447e+09 -1.00093e+10 -1.21536e+10 -1.07907e+10 -1.45608e+10 -1.31642e+10 -1.58137e+10 -1.91065e+10 -1.65706e+10 -2.26803e+10 -2.10387e+10 -2.27165e+10 -2.57339e+10 -2.35262e+10 -2.66345e+10 -2.65499e+10 -2.72492e+10 -2.74054e+10 -2.67377e+10 -2.66463e+10 -2.86548e+10 -2.88357e+10 -2.86991e+10 -2.75004e+10 -2.68478e+10 -2.55875e+10 -2.48592e+10 -2.46771e+10 -2.18854e+10 -1.94951e+10 -1.70818e+10 -1.42313e+10 -1.11355e+10 -8.83141e+09 -7.02325e+09 -5.04124e+09 -4.16289e+09 -3.01783e+09 -2.05153e+09 -1.9529e+09 -1.27638e+09 -1.00199e+09 -7.08268e+08 -4.63479e+08 -4.16108e+08 -4.11864e+08 -4.526e+08 -3.33423e+08 -2.84731e+08 -1.94943e+08 -2.97274e+08 -2.73104e+08 -1.8152e+08 -1.91241e+08 -2.22149e+08 -2.29379e+08 -2.02101e+08 -2.08354e+08 -1.96175e+08 -1.70946e+08 -1.53905e+08 -1.34223e+08 -1.69916e+08 -1.58026e+08 -1.85553e+08 -1.78023e+08 -2.10997e+08 -1.90483e+08 -1.64015e+08 -1.63278e+08 -1.6863e+08 -1.4838e+08 -2.3763e+08 -1.48365e+08 -1.65397e+08 -1.81703e+08 -1.75875e+08 -2.05246e+08 -1.59702e+08 -1.86893e+08 -1.72914e+08 -1.57856e+08 -1.81674e+08 -1.43115e+08 -1.25021e+08 -2.08461e+08 -1.9456e+08 -2.18067e+08 -2.03286e+08 -1.24264e+08 -2.14688e+08 -1.38449e+08 -1.8572e+08 -6.44723e+07 
-1.14037e+09 -3.70151e+09 -6.01171e+09 -6.35477e+09 -8.18586e+09 -8.11628e+09 -1.0212e+10 -9.58675e+09 -1.15365e+10 -1.18752e+10 -1.25159e+10 -1.62176e+10 -1.39658e+10 -1.97881e+10 -1.74261e+10 -1.93795e+10 -2.46449e+10 -2.1113e+10 -2.59238e+10 -2.32753e+10 -2.49543e+10 -2.85804e+10 -2.84742e+10 -2.6846e+10 -2.60019e+10 -2.67185e+10 -2.83149e+10 -2.86075e+10 -2.90522e+10 -3.00729e+10 -2.67331e+10 -2.54276e+10 -2.47804e+10 -2.41265e+10 -2.22146e+10 -1.92957e+10 -1.6927e+10 -1.39941e+10 -1.16013e+10 -8.71885e+09 -6.89208e+09 -5.12831e+09 -4.17762e+09 -2.97612e+09 -1.99118e+09 -1.73503e+09 -1.35363e+09 -9.76592e+08 -7.50304e+08 -5.48687e+08 -3.39071e+08 -4.14733e+08 -3.11751e+08 -3.5623e+08 -3.51553e+08 -2.96986e+08 -2.50731e+08 -1.75297e+08 -2.79828e+08 -2.59412e+08 -1.94153e+08 -1.57184e+08 -2.18006e+08 -2.04903e+08 -2.20082e+08 -2.03585e+08 -1.9736e+08 -1.93803e+08 -1.46432e+08 -1.49376e+08 -1.34265e+08 -1.75653e+08 -1.54671e+08 -2.17214e+08 -2.13428e+08 -1.84216e+08 -1.86506e+08 -1.50736e+08 -1.63394e+08 -1.59347e+08 -1.56992e+08 -2.22099e+08 -1.17796e+08 -2.0187e+08 -1.83746e+08 -1.74467e+08 -1.75222e+08 -1.78625e+08 -1.8264e+08 -1.63729e+08 -1.84854e+08 -1.31866e+08 -1.58951e+08 -1.36405e+08 -2.09908e+08 -2.14346e+08 -2.19659e+08 -1.60637e+08 -1.87948e+08 -1.13351e+08 
-1.12935e+09 -3.68334e+09 -6.00353e+09 -6.69054e+09 -7.70938e+09 -8.91193e+09 -9.1979e+09 -1.02098e+10 -1.02639e+10 -1.3245e+10 -1.1572e+10 -1.7194e+10 -1.49973e+10 -1.65227e+10 -2.07224e+10 -1.7893e+10 -2.37993e+10 -2.3451e+10 -2.25312e+10 -2.48731e+10 -2.52902e+10 -2.84885e+10 -2.88555e+10 -2.68576e+10 -2.6816e+10 -2.68714e+10 -2.70268e+10 -2.78388e+10 -3.08249e+10 -3.10718e+10 -2.67158e+10 -2.53374e+10 -2.48243e+10 -2.36052e+10 -2.19952e+10 -1.96121e+10 -1.6731e+10 -1.38651e+10 -1.16359e+10 -8.94871e+09 -6.75431e+09 -5.24254e+09 -4.07414e+09 -3.0023e+09 -2.06884e+09 -1.51913e+09 -1.22895e+09 -1.03608e+09 -7.3624e+08 -5.72594e+08 -4.44741e+08 -2.85996e+08 -3.2313e+08 -3.52668e+08 -2.60715e+08 -3.05397e+08 -2.917e+08 -2.7221e+08 -2.42851e+08 -1.78245e+08 -2.37645e+08 -2.70767e+08 -1.92645e+08 -1.66826e+08 -1.82527e+08 -1.99504e+08 -2.33784e+08 -1.94155e+08 -2.06914e+08 -1.88296e+08 -1.77721e+08 -1.52438e+08 -1.37505e+08 -1.68936e+08 -1.79493e+08 -1.66306e+08 -2.06964e+08 -2.10423e+08 -1.9286e+08 -1.59055e+08 -1.36492e+08 -1.4666e+08 -1.74597e+08 -2.01026e+08 -1.70728e+08 -1.30707e+08 -1.93918e+08 -1.75984e+08 -2.06671e+08 -1.37451e+08 -1.96703e+08 -1.80588e+08 -1.36498e+08 -2.02851e+08 -1.32033e+08 -1.40587e+08 -1.8314e+08 -1.98724e+08 -2.44417e+08 -1.02658e+08 
-1.40576e+09 -4.13054e+09 -5.30067e+09 -7.42634e+09 -7.196e+09 -9.0261e+09 -8.43978e+09 -1.10449e+10 -9.32588e+09 -1.35933e+10 -1.3408e+10 -1.48024e+10 -1.73716e+10 -1.44118e+10 -2.07205e+10 -2.108e+10 -1.92468e+10 -2.53468e+10 -2.25886e+10 -2.62662e+10 -2.65505e+10 -2.53609e+10 -2.75835e+10 -2.75794e+10 -2.73361e+10 -2.79272e+10 -2.9304e+10 -2.91137e+10 -2.81695e+10 -2.8785e+10 -2.94347e+10 -2.56266e+10 -2.49505e+10 -2.37613e+10 -2.16393e+10 -1.95124e+10 -1.67665e+10 -1.41738e+10 -1.10781e+10 -9.17283e+09 -6.94343e+09 -5.09595e+09 -4.04407e+09 -2.97634e+09 -2.13697e+09 -1.47633e+09 -1.12851e+09 -9.33775e+08 -7.58678e+08 -5.62316e+08 -4.37882e+08 -4.08472e+08 -2.63369e+08 -2.618e+08 -3.10288e+08 -2.867e+08 -2.38484e+08 -2.55642e+08 -2.8877e+08 -2.13462e+08 -2.46047e+08 -2.2099e+08 -1.87963e+08 -2.48433e+08 -2.18307e+08 -1.83165e+08 -1.7257e+08 -1.84701e+08 -2.13002e+08 -2.14644e+08 -1.93948e+08 -2.07776e+08 -1.97844e+08 -1.73058e+08 -1.60465e+08 -1.3339e+08 -1.73321e+08 -1.64904e+08 -1.99878e+08 -1.84868e+08 -1.89861e+08 -1.78472e+08 -1.65892e+08 -1.35496e+08 -1.7424e+08 -1.50844e+08 -2.11962e+08 -1.3605e+08 -1.7355e+08 -1.76848e+08 -1.77007e+08 -1.86248e+08 -1.28671e+08 -2.01438e+08 -1.88064e+08 -1.63321e+08 -1.6364e+08 -1.66546e+08 -1.4961e+08 -9.74655e+07 
-1.32852e+09 -3.32931e+09 -5.72408e+09 -7.04134e+09 -7.31345e+09 -8.78232e+09 -8.42523e+09 -1.0506e+10 -1.1178e+10 -1.21111e+10 -1.48169e+10 -1.28901e+10 -1.7391e+10 -1.80123e+10 -1.6279e+10 -2.28159e+10 -1.9164e+10 -2.38205e+10 -2.71039e+10 -2.43486e+10 -2.44295e+10 -2.46968e+10 -2.73054e+10 -2.84197e+10 -2.82183e+10 -2.94691e+10 -3.20322e+10 -2.81056e+10 -2.72539e+10 -2.77045e+10 -2.92762e+10 -2.64097e+10 -2.5547e+10 -2.39575e+10 -2.14632e+10 -1.95328e+10 -1.67051e+10 -1.3721e+10 -1.12308e+10 -9.05179e+09 -6.92107e+09 -5.35175e+09 -3.84517e+09 -2.98468e+09 -2.15015e+09 -1.40322e+09 -1.22334e+09 -7.54602e+08 -7.45235e+08 -5.5323e+08 -4.47495e+08 -3.44304e+08 -3.641e+08 -3.0774e+08 -2.21293e+08 -2.36465e+08 -2.8887e+08 -2.67091e+08 -2.16582e+08 -2.29665e+08 -2.62162e+08 -1.83187e+08 -2.39741e+08 -2.52595e+08 -1.95326e+08 -1.90964e+08 -2.50683e+08 -1.66095e+08 -2.06309e+08 -1.72893e+08 -1.84321e+08 -2.55725e+08 -1.81395e+08 -2.2406e+08 -1.78636e+08 -2.04269e+08 -1.59312e+08 -1.55352e+08 -1.48963e+08 -1.59706e+08 -1.75182e+08 -1.66835e+08 -2.18642e+08 -1.70716e+08 -1.85811e+08 -1.38663e+08 -1.40164e+08 -1.99719e+08 -1.65778e+08 -1.75661e+08 -1.34189e+08 -1.72964e+08 -1.75522e+08 -1.88898e+08 -1.56059e+08 -1.56179e+08 -2.14233e+08 -1.61311e+08 -2.00302e+08 -6.82755e+07 
-1.19445e+09 -3.31773e+09 -5.95002e+09 -6.65859e+09 -7.28432e+09 -8.45957e+09 -9.27044e+09 -9.6443e+09 -1.28194e+10 -1.10132e+10 -1.39874e+10 -1.50421e+10 -1.49133e+10 -2.00878e+10 -1.5687e+10 -1.97143e+10 -2.45039e+10 -2.22422e+10 -2.52777e+10 -2.40907e+10 -2.51681e+10 -2.55578e+10 -2.5306e+10 -2.81124e+10 -3.22488e+10 -2.95066e+10 -2.95218e+10 -2.89899e+10 -2.93254e+10 -2.77387e+10 -2.73468e+10 -2.66323e+10 -2.53483e+10 -2.37576e+10 -2.26159e+10 -1.94099e+10 -1.68072e+10 -1.33013e+10 -1.12461e+10 -9.00823e+09 -6.91375e+09 -5.44818e+09 -3.87138e+09 -2.9144e+09 -2.13763e+09 -1.39066e+09 -1.18565e+09 -8.67534e+08 -5.95288e+08 -5.32475e+08 -4.37264e+08 -3.79813e+08 -3.00796e+08 -2.7112e+08 -3.2243e+08 -2.62512e+08 -2.21049e+08 -2.05865e+08 -2.66257e+08 -2.47149e+08 -2.24176e+08 -2.16287e+08 -2.01506e+08 -2.35017e+08 -1.80209e+08 -2.41242e+08 -2.44404e+08 -1.90785e+08 -1.88638e+08 -2.30838e+08 -1.71653e+08 -2.26414e+08 -1.67281e+08 -2.18054e+08 -2.34431e+08 -1.89166e+08 -2.05206e+08 -1.77559e+08 -1.9831e+08 -1.38885e+08 -1.44792e+08 -1.55637e+08 -1.69468e+08 -1.9284e+08 -1.70125e+08 -2.08527e+08 -1.44552e+08 -1.90481e+08 -1.33641e+08 -1.8301e+08 -1.64593e+08 -1.76134e+08 -1.47429e+08 -1.4328e+08 -1.77222e+08 -1.83336e+08 -1.97582e+08 -1.33566e+08 -1.95746e+08 -9.72102e+07 
-1.34704e+09 -3.46316e+09 -5.58265e+09 -6.4226e+09 -7.67599e+09 -8.04626e+09 -1.00083e+10 -9.92996e+09 -1.1609e+10 -1.28322e+10 -1.21521e+10 -1.64338e+10 -1.4346e+10 -1.74191e+10 -2.06244e+10 -1.69505e+10 -2.44803e+10 -2.24999e+10 -2.20405e+10 -2.62888e+10 -2.61522e+10 -2.65151e+10 -2.64372e+10 -2.71368e+10 -3.11475e+10 -2.94991e+10 -2.81759e+10 -3.21841e+10 -3.05812e+10 -2.71029e+10 -2.61418e+10 -2.58411e+10 -2.52338e+10 -2.38515e+10 -2.33789e+10 -1.94664e+10 -1.66226e+10 -1.36478e+10 -1.09711e+10 -8.71561e+09 -7.14831e+09 -5.26239e+09 -4.08502e+09 -2.77871e+09 -2.12891e+09 -1.45828e+09 -1.14858e+09 -8.67875e+08 -5.8989e+08 -5.1158e+08 -3.98851e+08 -3.77985e+08 -3.02642e+08 -2.85848e+08 -2.5796e+08 -2.27884e+08 -2.89278e+08 -2.52992e+08 -2.23048e+08 -1.93092e+08 -2.41212e+08 -2.07289e+08 -2.59888e+08 -2.09541e+08 -1.74173e+08 -2.37385e+08 -1.68203e+08 -1.95548e+08 -2.74437e+08 -2.19318e+08 -1.75407e+08 -2.17563e+08 -1.91358e+08 -2.35451e+08 -1.92792e+08 -1.83218e+08 -2.48571e+08 -1.87766e+08 -2.05114e+08 -1.51449e+08 -1.70433e+08 -1.97305e+08 -1.43367e+08 -1.59308e+08 -1.68464e+08 -2.03745e+08 -1.34504e+08 -2.10311e+08 -1.75841e+08 -1.58009e+08 -1.6358e+08 -1.3898e+08 -2.22059e+08 -1.27997e+08 -1.63935e+08 -1.59716e+08 -1.63758e+08 -1.84954e+08 -2.11303e+08 -9.27961e+07 
-1.0991e+09 -2.97649e+09 -5.92346e+09 -6.17259e+09 -7.82826e+09 -8.41232e+09 -9.80716e+09 -1.05165e+10 -1.04544e+10 -1.37291e+10 -1.28154e+10 -1.41398e+10 -1.69677e+10 -1.43879e+10 -2.21235e+10 -1.96698e+10 -1.93932e+10 -2.31169e+10 -2.40773e+10 -2.6276e+10 -2.72671e+10 -2.58218e+10 -2.76928e+10 -2.71419e+10 -2.76668e+10 -2.96151e+10 -3.21724e+10 -3.29364e+10 -2.81508e+10 -2.73931e+10 -2.72738e+10 -2.58362e+10 -2.52943e+10 -2.37443e+10 -2.25089e+10 -1.97783e+10 -1.67349e+10 -1.39997e+10 -1.07698e+10 -8.78772e+09 -7.04273e+09 -5.29145e+09 -3.89067e+09 -2.96707e+09 -2.05217e+09 -1.44545e+09 -1.22752e+09 -8.29156e+08 -6.11168e+08 -4.74362e+08 -4.47297e+08 -3.06958e+08 -3.35156e+08 -2.72471e+08 -2.71134e+08 -2.25233e+08 -2.40361e+08 -1.93627e+08 -2.52339e+08 -2.68852e+08 -2.17669e+08 -1.93834e+08 -2.28986e+08 -1.76733e+08 -2.65657e+08 -2.10811e+08 -1.98449e+08 -1.60269e+08 -2.36056e+08 -1.60453e+08 -2.13182e+08 -2.86446e+08 -2.17673e+08 -1.64772e+08 -2.3166e+08 -1.7909e+08 -2.62839e+08 -1.85297e+08 -1.77177e+08 -2.25269e+08 -1.63815e+08 -2.05164e+08 -1.12236e+08 -2.25285e+08 -1.7621e+08 -1.63795e+08 -1.55119e+08 -1.83776e+08 -1.88405e+08 -1.47215e+08 -2.23607e+08 -1.18211e+08 -1.8472e+08 -1.26526e+08 -2.01828e+08 -1.74865e+08 -1.57676e+08 -1.6866e+08 -1.71883e+08 -8.87866e+07 
-9.91646e+08 -4.03406e+09 -4.9362e+09 -6.94965e+09 -7.6086e+09 -9.01332e+09 -8.92164e+09 -1.08399e+10 -1.12677e+10 -1.22329e+10 -1.44881e+10 -1.19062e+10 -1.80669e+10 -1.63882e+10 -1.82236e+10 -2.14205e+10 -1.91304e+10 -2.27123e+10 -2.71442e+10 -2.35646e+10 -2.78452e+10 -2.70874e+10 -2.728e+10 -2.67047e+10 -2.58389e+10 -3.11052e+10 -3.48056e+10 -3.01098e+10 -2.93074e+10 -2.76178e+10 -2.67125e+10 -2.6761e+10 -2.643e+10 -2.359e+10 -2.1255e+10 -1.9456e+10 -1.7058e+10 -1.38448e+10 -1.13968e+10 -8.64674e+09 -6.96205e+09 -5.31548e+09 -3.85859e+09 -2.73798e+09 -2.29892e+09 -1.43113e+09 -1.23793e+09 -8.08832e+08 -6.25975e+08 -4.72772e+08 -4.02001e+08 -3.78912e+08 -3.0966e+08 -2.46722e+08 -2.90816e+08 -2.1811e+08 -2.46641e+08 -2.0151e+08 -2.20128e+08 -1.84324e+08 -2.3007e+08 -2.41685e+08 -2.27351e+08 -2.19081e+08 -2.12563e+08 -1.76404e+08 -1.94594e+08 -2.75676e+08 -1.91508e+08 -1.57524e+08 -2.25238e+08 -1.87902e+08 -1.80873e+08 -2.45925e+08 -2.76814e+08 -1.81787e+08 -1.90079e+08 -2.20928e+08 -2.11629e+08 -2.00462e+08 -1.93496e+08 -1.93376e+08 -1.79066e+08 -1.8923e+08 -1.9601e+08 -1.00774e+08 -2.39375e+08 -1.65382e+08 -1.80862e+08 -1.68407e+08 -2.23933e+08 -1.16264e+08 -1.87847e+08 -1.76447e+08 -1.05411e+08 -2.09471e+08 -1.30034e+08 -2.53434e+08 -1.36929e+08 -7.83856e+07 
-1.42491e+09 -2.90918e+09 -5.46373e+09 -7.07496e+09 -7.48439e+09 -8.70203e+09 -9.46265e+09 -1.01647e+10 -1.22724e+10 -1.09782e+10 -1.43662e+10 -1.41936e+10 -1.51956e+10 -1.87882e+10 -1.57646e+10 -1.98494e+10 -2.44475e+10 -2.09251e+10 -2.51199e+10 -2.43892e+10 -2.80066e+10 -2.95762e+10 -2.52021e+10 -2.51794e+10 -2.90291e+10 -3.11477e+10 -3.22771e+10 -3.04561e+10 -3.14842e+10 -2.78568e+10 -2.57682e+10 -2.62424e+10 -2.69776e+10 -2.46815e+10 -2.1336e+10 -1.85052e+10 -1.66589e+10 -1.36219e+10 -1.20471e+10 -8.76581e+09 -6.82959e+09 -5.3198e+09 -3.91822e+09 -2.66339e+09 -2.16609e+09 -1.66261e+09 -1.14132e+09 -8.79573e+08 -6.06664e+08 -5.02857e+08 -4.02229e+08 -3.1917e+08 -3.58441e+08 -2.91205e+08 -2.26516e+08 -2.3598e+08 -2.61483e+08 -1.93709e+08 -2.23523e+08 -1.93273e+08 -1.9686e+08 -1.99722e+08 -1.93472e+08 -2.25282e+08 -2.31016e+08 -2.45116e+08 -1.85244e+08 -2.00548e+08 -1.63254e+08 -2.52561e+08 -2.34939e+08 -1.98281e+08 -1.34502e+08 -2.59994e+08 -1.87542e+08 -1.69647e+08 -2.82882e+08 -2.49808e+08 -1.57441e+08 -1.83292e+08 -2.06691e+08 -2.35687e+08 -1.8706e+08 -1.97777e+08 -2.04657e+08 -1.40605e+08 -2.02956e+08 -1.63586e+08 -1.29747e+08 -2.52038e+08 -1.79039e+08 -1.66107e+08 -1.91503e+08 -1.84608e+08 -1.17996e+08 -2.08679e+08 -1.36287e+08 -1.58778e+08 -1.65007e+08 -8.00914e+07 
-1.02718e+09 -3.57745e+09 -5.4716e+09 -6.51281e+09 -7.88784e+09 -8.04003e+09 -1.05783e+10 -9.46217e+09 -1.15279e+10 -1.22976e+10 -1.32819e+10 -1.60042e+10 -1.35882e+10 -1.67586e+10 -1.91602e+10 -1.82058e+10 -2.43431e+10 -2.15717e+10 -2.28717e+10 -2.90562e+10 -2.60578e+10 -2.61597e+10 -2.77604e+10 -2.73898e+10 -3.02171e+10 -2.83529e+10 -3.07473e+10 -3.29617e+10 -3.03262e+10 -2.8001e+10 -2.76841e+10 -2.54584e+10 -2.48905e+10 -2.58232e+10 -2.25792e+10 -1.83202e+10 -1.58713e+10 -1.36572e+10 -1.17782e+10 -9.16916e+09 -6.90635e+09 -5.2944e+09 -3.91822e+09 -2.85024e+09 -1.88887e+09 -1.82903e+09 -1.04957e+09 -9.55356e+08 -6.0874e+08 -5.18797e+08 -4.08132e+08 -4.03182e+08 -2.71557e+08 -2.99215e+08 -2.86033e+08 -2.42679e+08 -2.12161e+08 -2.17889e+08 -2.33474e+08 -1.98295e+08 -1.85974e+08 -2.08579e+08 -1.73375e+08 -2.23279e+08 -1.67645e+08 -2.20321e+08 -1.89884e+08 -2.72604e+08 -1.78473e+08 -2.42301e+08 -1.44554e+08 -2.08494e+08 -2.66308e+08 -2.04232e+08 -1.92854e+08 -1.77675e+08 -2.34583e+08 -1.82434e+08 -1.89127e+08 -2.51199e+08 -2.03351e+08 -1.69077e+08 -1.95261e+08 -2.45524e+08 -1.97086e+08 -2.16671e+08 -1.74916e+08 -1.74331e+08 -1.51287e+08 -2.2326e+08 -1.29648e+08 -1.77296e+08 -2.18399e+08 -1.94438e+08 -1.63403e+08 -2.32826e+08 -1.20438e+08 -1.84538e+08 -1.86952e+08 -5.26508e+07 
-1.18328e+09 -3.05417e+09 -5.21848e+09 -6.88484e+09 -7.80848e+09 -8.53919e+09 -9.26607e+09 -1.05163e+10 -1.07979e+10 -1.30841e+10 -1.32996e+10 -1.44532e+10 -1.56443e+10 -1.39886e+10 -2.15065e+10 -1.87726e+10 -1.98169e+10 -2.50606e+10 -2.37732e+10 -2.76275e+10 -2.66459e+10 -2.47009e+10 -2.97856e+10 -2.85381e+10 -2.93057e+10 -2.9339e+10 -2.97349e+10 -3.20114e+10 -2.99064e+10 -2.82292e+10 -2.85772e+10 -2.68776e+10 -2.47621e+10 -2.35846e+10 -2.27972e+10 -1.92631e+10 -1.60082e+10 -1.36777e+10 -1.12295e+10 -9.01146e+09 -7.23526e+09 -5.2764e+09 -3.96916e+09 -3.04311e+09 -1.96006e+09 -1.5362e+09 -1.20278e+09 -8.42128e+08 -7.19104e+08 -5.12194e+08 -4.18962e+08 -3.7332e+08 -3.54925e+08 -3.25369e+08 -2.30078e+08 -2.69289e+08 -2.47853e+08 -2.21139e+08 -2.06174e+08 -1.9649e+08 -2.21218e+08 -2.196e+08 -1.50365e+08 -2.19821e+08 -1.66707e+08 -2.06911e+08 -1.8308e+08 -1.96387e+08 -2.14803e+08 -2.04016e+08 -2.45885e+08 -2.26919e+08 -1.78541e+08 -1.72969e+08 -2.40167e+08 -2.37273e+08 -2.22331e+08 -1.52122e+08 -2.19658e+08 -1.92652e+08 -1.69459e+08 -1.93438e+08 -2.47015e+08 -2.00349e+08 -1.81655e+08 -2.05189e+08 -2.51811e+08 -1.60981e+08 -2.36186e+08 -1.69618e+08 -1.53282e+08 -1.68228e+08 -2.01909e+08 -1.20316e+08 -2.13586e+08 -2.20215e+08 -1.98652e+08 -2.11691e+08 -1.83579e+08 -5.00858e+07 
-1.2839e+09 -3.34015e+09 -5.24442e+09 -7.03302e+09 -7.43349e+09 -9.02022e+09 -8.20737e+09 -1.11002e+10 -1.15813e+10 -1.18492e+10 -1.44802e+10 -1.21749e+10 -1.70768e+10 -1.61131e+10 -1.70658e+10 -2.14914e+10 -1.85819e+10 -2.54605e+10 -2.62431e+10 -2.3345e+10 -2.87234e+10 -2.7518e+10 -2.72294e+10 -2.92551e+10 -2.87361e+10 -3.22712e+10 -2.98936e+10 -2.88453e+10 -2.97779e+10 -2.94499e+10 -2.81172e+10 -2.74152e+10 -2.64356e+10 -2.26805e+10 -2.13951e+10 -1.96853e+10 -1.68505e+10 -1.35868e+10 -1.09551e+10 -8.93389e+09 -7.1946e+09 -5.30774e+09 -4.16607e+09 -2.97912e+09 -2.22879e+09 -1.40469e+09 -1.17016e+09 -8.20869e+08 -6.92247e+08 -5.65513e+08 -4.46989e+08 -3.44383e+08 -3.8996e+08 -2.66111e+08 -3.33276e+08 -2.88296e+08 -2.13444e+08 -2.39461e+08 -2.08516e+08 -2.35948e+08 -1.91022e+08 -1.88254e+08 -2.12331e+08 -2.15014e+08 -1.67915e+08 -1.93269e+08 -1.85763e+08 -1.71332e+08 -2.24672e+08 -1.7107e+08 -2.26593e+08 -1.69594e+08 -2.85087e+08 -1.86254e+08 -2.5941e+08 -1.38521e+08 -2.22715e+08 -2.38838e+08 -1.93434e+08 -1.88343e+08 -1.62114e+08 -2.27837e+08 -1.86636e+08 -1.91131e+08 -1.88027e+08 -2.28474e+08 -1.98464e+08 -1.89451e+08 -2.27885e+08 -2.22654e+08 -1.84957e+08 -2.123e+08 -1.53408e+08 -1.2956e+08 -1.98146e+08 -1.84049e+08 -1.57058e+08 -2.26621e+08 -2.38637e+08 -8.52537e+07 
-1.18745e+09 -3.47902e+09 -5.19417e+09 -7.18317e+09 -7.17022e+09 -8.37558e+09 -9.68923e+09 -9.87504e+09 -1.25417e+10 -1.06909e+10 -1.40213e+10 -1.41891e+10 -1.51145e+10 -1.81889e+10 -1.4749e+10 -2.09035e+10 -2.33231e+10 -2.10462e+10 -2.68831e+10 -2.48182e+10 -2.60289e+10 -3.05363e+10 -2.6894e+10 -2.98069e+10 -2.90115e+10 -3.10885e+10 -3.1567e+10 -2.81711e+10 -2.87587e+10 -3.00853e+10 -2.88073e+10 -2.61504e+10 -2.60371e+10 -2.42016e+10 -2.1234e+10 -1.90935e+10 -1.65192e+10 -1.39193e+10 -1.12908e+10 -8.70093e+09 -7.27669e+09 -5.25753e+09 -4.19805e+09 -2.91165e+09 -2.36842e+09 -1.56203e+09 -1.08678e+09 -8.54158e+08 -6.55441e+08 -5.17877e+08 -4.84452e+08 -3.73278e+08 -3.36991e+08 -2.97044e+08 -3.38089e+08 -2.24322e+08 -2.92328e+08 -2.88203e+08 -2.21402e+08 -2.05251e+08 -1.8817e+08 -2.4091e+08 -1.76551e+08 -1.84655e+08 -2.20344e+08 -1.88026e+08 -2.15193e+08 -1.50971e+08 -2.13666e+08 -1.64499e+08 -2.12768e+08 -1.97691e+08 -1.973e+08 -2.30503e+08 -1.92609e+08 -2.47227e+08 -2.39459e+08 -1.93949e+08 -1.66585e+08 -2.01839e+08 -2.11796e+08 -1.83279e+08 -1.8192e+08 -2.09093e+08 -2.14408e+08 -1.92583e+08 -1.7738e+08 -1.9273e+08 -1.92189e+08 -2.31428e+08 -2.04525e+08 -2.40593e+08 -1.59051e+08 -2.13406e+08 -1.88939e+08 -1.4741e+08 -1.36511e+08 -2.22473e+08 -1.61221e+08 -8.07036e+07 
-1.39618e+09 -3.28323e+09 -5.61315e+09 -6.44997e+09 -7.87565e+09 -7.86853e+09 -1.04496e+10 -9.18022e+09 -1.19687e+10 -1.18851e+10 -1.24677e+10 -1.63149e+10 -1.33862e+10 -1.72575e+10 -1.82025e+10 -1.84729e+10 -2.424e+10 -2.16547e+10 -2.33727e+10 -2.84497e+10 -2.4373e+10 -2.84801e+10 -3.11189e+10 -2.9365e+10 -3.10607e+10 -2.92262e+10 -3.07996e+10 -2.86892e+10 -2.96723e+10 -2.93282e+10 -2.81275e+10 -2.65473e+10 -2.5544e+10 -2.4031e+10 -2.23432e+10 -1.88945e+10 -1.59453e+10 -1.36231e+10 -1.20514e+10 -8.62203e+09 -7.41952e+09 -5.28239e+09 -4.06912e+09 -3.00754e+09 -2.22556e+09 -1.73723e+09 -1.21799e+09 -7.43981e+08 -7.10228e+08 -5.47743e+08 -3.78766e+08 -4.23527e+08 -3.20939e+08 -3.08263e+08 -2.83192e+08 -2.66744e+08 -2.95904e+08 -2.2666e+08 -2.24693e+08 -2.94458e+08 -2.45048e+08 -1.89993e+08 -1.98349e+08 -1.8251e+08 -2.14889e+08 -1.75824e+08 -1.94144e+08 -2.09407e+08 -2.0275e+08 -1.80548e+08 -1.98532e+08 -1.94039e+08 -1.80313e+08 -2.34391e+08 -1.80952e+08 -2.33984e+08 -1.95742e+08 -2.50305e+08 -1.8552e+08 -2.29674e+08 -1.61151e+08 -1.93697e+08 -1.92104e+08 -1.91812e+08 -2.04902e+08 -1.81807e+08 -2.22268e+08 -1.99067e+08 -2.03209e+08 -1.56391e+08 -2.17218e+08 -1.86355e+08 -2.19574e+08 -2.16469e+08 -2.19758e+08 -1.45181e+08 -2.55947e+08 -1.54208e+08 -1.43731e+08 -6.09512e+07 
-1.13133e+09 -3.47245e+09 -5.7879e+09 -6.40231e+09 -7.81271e+09 -8.78163e+09 -9.00902e+09 -1.02298e+10 -1.02199e+10 -1.37902e+10 -1.23606e+10 -1.434e+10 -1.56366e+10 -1.52074e+10 -2.10392e+10 -1.76954e+10 -2.05473e+10 -2.63568e+10 -2.18152e+10 -2.55005e+10 -2.76581e+10 -2.53266e+10 -3.23995e+10 -3.19486e+10 -3.19282e+10 -2.8959e+10 -2.93776e+10 -2.86203e+10 -2.98446e+10 -2.94443e+10 -2.7905e+10 -2.6455e+10 -2.56265e+10 -2.39826e+10 -2.1852e+10 -1.91311e+10 -1.68713e+10 -1.28576e+10 -1.17697e+10 -9.49584e+09 -7.15996e+09 -5.46243e+09 -3.97309e+09 -3.01199e+09 -2.27823e+09 -1.66619e+09 -1.26041e+09 -9.46307e+08 -6.11477e+08 -5.43961e+08 -4.66092e+08 -3.31037e+08 -2.91587e+08 -3.479e+08 -2.60488e+08 -2.56567e+08 -2.52777e+08 -2.56716e+08 -2.40484e+08 -2.60497e+08 -1.96697e+08 -2.52095e+08 -2.39991e+08 -2.34983e+08 -2.03953e+08 -1.43483e+08 -2.18018e+08 -1.88066e+08 -1.74557e+08 -2.1771e+08 -1.96562e+08 -2.19768e+08 -1.68172e+08 -2.3175e+08 -1.71284e+08 -2.21796e+08 -2.26091e+08 -1.88314e+08 -2.30235e+08 -1.75304e+08 -2.17534e+08 -1.98913e+08 -2.04262e+08 -1.84651e+08 -2.09009e+08 -1.7443e+08 -1.72382e+08 -2.03398e+08 -2.00215e+08 -2.28714e+08 -2.17432e+08 -1.82601e+08 -1.4714e+08 -1.94154e+08 -2.04696e+08 -2.38973e+08 -2.19591e+08 -1.86276e+08 -1.97186e+08 -1.61926e+08 
-1.43882e+09 -3.97994e+09 -4.90266e+09 -7.79901e+09 -6.92249e+09 -9.05366e+09 -8.33517e+09 -1.05121e+10 -1.07675e+10 -1.28989e+10 -1.3698e+10 -1.18656e+10 -1.8136e+10 -1.54349e+10 -1.87798e+10 -2.07346e+10 -1.89401e+10 -2.41338e+10 -2.58332e+10 -2.21169e+10 -2.80871e+10 -2.67866e+10 -3.07791e+10 -3.40102e+10 -3.08515e+10 -3.08214e+10 -2.92385e+10 -2.81345e+10 -2.91567e+10 -2.98412e+10 -2.84103e+10 -2.62285e+10 -2.48761e+10 -2.41771e+10 -2.18203e+10 -1.88975e+10 -1.71362e+10 -1.36093e+10 -1.11167e+10 -9.73663e+09 -7.40492e+09 -5.3111e+09 -4.17904e+09 -2.8689e+09 -2.46905e+09 -1.57603e+09 -1.21773e+09 -1.0663e+09 -6.24184e+08 -5.79586e+08 -4.34496e+08 -3.3551e+08 -3.88468e+08 -1.84381e+08 -2.97818e+08 -2.7686e+08 -2.2158e+08 -2.40118e+08 -2.23069e+08 -2.50809e+08 -2.1794e+08 -2.47642e+08 -2.11199e+08 -2.03178e+08 -2.42983e+08 -2.4876e+08 -1.99385e+08 -1.95268e+08 -1.57088e+08 -2.06387e+08 -1.94458e+08 -1.97465e+08 -2.15663e+08 -1.91147e+08 -2.14378e+08 -2.17145e+08 -2.0738e+08 -1.94808e+08 -2.04951e+08 -1.97649e+08 -2.09016e+08 -2.07503e+08 -1.90131e+08 -2.02862e+08 -1.97824e+08 -2.14073e+08 -1.92225e+08 -1.76528e+08 -1.63371e+08 -1.87644e+08 -2.17212e+08 -2.18344e+08 -2.09695e+08 -2.17945e+08 -1.49887e+08 -1.73335e+08 -1.87794e+08 -2.28175e+08 -2.50013e+08 -1.21612e+08 
-1.47825e+09 -3.19029e+09 -5.95126e+09 -6.94955e+09 -7.38865e+09 -8.16942e+09 -9.26515e+09 -9.73214e+09 -1.25356e+10 -1.0419e+10 -1.47446e+10 -1.30825e+10 -1.63471e+10 -1.74451e+10 -1.67507e+10 -2.10172e+10 -2.17039e+10 -2.01039e+10 -2.68856e+10 -2.45756e+10 -2.51647e+10 -2.92994e+10 -2.91274e+10 -3.33256e+10 -3.13873e+10 -3.20347e+10 -2.98679e+10 -2.81895e+10 -2.87102e+10 -2.96208e+10 -2.82961e+10 -2.67418e+10 -2.50515e+10 -2.29286e+10 -2.22983e+10 -1.94437e+10 -1.62708e+10 -1.45121e+10 -1.12793e+10 -9.22664e+09 -7.3642e+09 -5.60081e+09 -4.32292e+09 -2.79225e+09 -2.43678e+09 -1.75946e+09 -1.15271e+09 -1.03964e+09 -7.31694e+08 -4.60171e+08 -5.08442e+08 -4.2496e+08 -2.1611e+08 -3.70126e+08 -2.69873e+08 -1.53774e+08 -2.67111e+08 -2.54282e+08 -1.82859e+08 -2.43996e+08 -1.98877e+08 -2.2619e+08 -2.38426e+08 -1.80194e+08 -2.65851e+08 -1.91234e+08 -2.17595e+08 -2.03784e+08 -2.67768e+08 -1.96778e+08 -1.51197e+08 -2.19606e+08 -1.79888e+08 -2.16419e+08 -1.97878e+08 -2.2477e+08 -2.04051e+08 -2.06876e+08 -2.16454e+08 -1.69903e+08 -2.11367e+08 -2.09247e+08 -1.83265e+08 -2.3442e+08 -2.09594e+08 -1.78197e+08 -2.04033e+08 -1.73945e+08 -2.15435e+08 -2.07033e+08 -1.65956e+08 -1.5192e+08 -2.00952e+08 -2.19923e+08 -2.2386e+08 -2.11808e+08 -2.09049e+08 -1.4719e+08 -1.84424e+08 -9.05896e+07 
-9.46723e+08 -3.62845e+09 -5.92592e+09 -6.49545e+09 -7.57311e+09 -7.72713e+09 -1.04329e+10 -9.3865e+09 -1.19612e+10 -1.10802e+10 -1.38803e+10 -1.50795e+10 -1.39315e+10 -1.78249e+10 -1.86496e+10 -1.84627e+10 -2.29336e+10 -2.13693e+10 -2.33673e+10 -2.93468e+10 -2.43863e+10 -2.72609e+10 -2.89374e+10 -3.20153e+10 -3.27179e+10 -3.22017e+10 -3.05505e+10 -2.78449e+10 -2.89426e+10 -3.00231e+10 -2.8096e+10 -2.5649e+10 -2.57867e+10 -2.2728e+10 -2.22738e+10 -1.9699e+10 -1.63298e+10 -1.45313e+10 -1.12688e+10 -9.26049e+09 -7.02623e+09 -5.81941e+09 -4.4863e+09 -2.99166e+09 -2.31117e+09 -1.68629e+09 -1.42167e+09 -8.60207e+08 -7.80885e+08 -5.30633e+08 -4.11257e+08 -3.63659e+08 -4.44913e+08 -2.46073e+08 -2.18247e+08 -3.09505e+08 -2.49926e+08 -1.36292e+08 -2.40573e+08 -2.27564e+08 -1.80838e+08 -2.13481e+08 -2.08969e+08 -1.90504e+08 -2.43668e+08 -2.05361e+08 -1.96846e+08 -2.42884e+08 -1.84789e+08 -2.19653e+08 -2.10543e+08 -2.56763e+08 -2.04407e+08 -1.55935e+08 -2.11166e+08 -2.06335e+08 -2.24309e+08 -2.16807e+08 -1.69899e+08 -2.1835e+08 -1.98607e+08 -2.10889e+08 -1.79338e+08 -2.04971e+08 -2.26042e+08 -2.03316e+08 -2.35616e+08 -1.69426e+08 -2.01939e+08 -1.60203e+08 -2.19021e+08 -2.09611e+08 -1.77078e+08 -1.51339e+08 -1.57204e+08 -2.28849e+08 -2.32862e+08 -2.35048e+08 -2.21294e+08 -1.20973e+08 
-1.64369e+09 -3.4477e+09 -5.4476e+09 -6.83158e+09 -7.2625e+09 -8.77082e+09 -9.70418e+09 -9.90686e+09 -1.08872e+10 -1.31991e+10 -1.21428e+10 -1.45687e+10 -1.50528e+10 -1.66328e+10 -1.93173e+10 -1.95632e+10 -2.04045e+10 -2.51343e+10 -2.30386e+10 -2.72042e+10 -2.67158e+10 -2.46723e+10 -2.88996e+10 -3.12426e+10 -3.3331e+10 -3.24452e+10 -3.08415e+10 -2.85625e+10 -2.86339e+10 -2.98988e+10 -2.90978e+10 -2.44866e+10 -2.52006e+10 -2.40166e+10 -2.18911e+10 -1.96025e+10 -1.70042e+10 -1.38583e+10 -1.15819e+10 -9.19869e+09 -7.08236e+09 -5.75412e+09 -4.40066e+09 -3.45435e+09 -2.28574e+09 -1.55012e+09 -1.44731e+09 -9.60554e+08 -6.9655e+08 -5.96111e+08 -4.14242e+08 -3.99405e+08 -2.72211e+08 -3.49545e+08 -3.3587e+08 -2.04346e+08 -2.05259e+08 -2.77174e+08 -2.44335e+08 -1.46418e+08 -2.01505e+08 -2.00264e+08 -2.09056e+08 -1.76382e+08 -2.17319e+08 -1.78363e+08 -2.07971e+08 -2.44405e+08 -1.57262e+08 -2.42303e+08 -2.10007e+08 -2.19215e+08 -1.89211e+08 -2.5153e+08 -2.18918e+08 -2.10115e+08 -1.79606e+08 -2.04986e+08 -2.13523e+08 -2.0593e+08 -1.89792e+08 -1.79518e+08 -2.19716e+08 -2.16507e+08 -2.09275e+08 -2.12461e+08 -1.90762e+08 -2.06695e+08 -2.15246e+08 -2.26452e+08 -1.65443e+08 -2.16523e+08 -1.40113e+08 -2.2575e+08 -1.93198e+08 -1.69049e+08 -1.55309e+08 -2.00556e+08 -2.40183e+08 -1.01198e+08 
-8.64897e+08 -3.46537e+09 -5.48519e+09 -7.05088e+09 -7.73863e+09 -8.81514e+09 -9.00509e+09 -1.05783e+10 -1.06592e+10 -1.28578e+10 -1.24005e+10 -1.37e+10 -1.56859e+10 -1.70019e+10 -1.82431e+10 -2.09912e+10 -2.07033e+10 -2.6187e+10 -2.38929e+10 -2.41972e+10 -2.70196e+10 -2.57344e+10 -2.7136e+10 -3.09723e+10 -3.32052e+10 -3.26151e+10 -3.16116e+10 -2.88143e+10 -2.85218e+10 -2.9518e+10 -2.8743e+10 -2.64434e+10 -2.46282e+10 -2.42297e+10 -2.18299e+10 -1.95175e+10 -1.72647e+10 -1.3478e+10 -1.18482e+10 -8.8278e+09 -7.59311e+09 -5.62533e+09 -4.2985e+09 -3.47423e+09 -2.55814e+09 -1.60487e+09 -1.2686e+09 -1.00403e+09 -7.92759e+08 -4.71399e+08 -4.99883e+08 -3.71303e+08 -3.47839e+08 -3.0102e+08 -2.4006e+08 -3.03454e+08 -2.69837e+08 -2.10814e+08 -1.84894e+08 -2.6764e+08 -2.05418e+08 -2.00616e+08 -1.58601e+08 -2.0044e+08 -2.06013e+08 -1.69703e+08 -1.8837e+08 -2.08993e+08 -1.64309e+08 -2.31178e+08 -2.20414e+08 -1.80876e+08 -2.36357e+08 -1.98776e+08 -2.32635e+08 -1.88311e+08 -2.73362e+08 -2.07912e+08 -1.74618e+08 -1.90283e+08 -1.79735e+08 -2.37261e+08 -1.9863e+08 -1.77822e+08 -2.15609e+08 -2.21909e+08 -2.23494e+08 -1.9686e+08 -1.99068e+08 -2.10194e+08 -2.19955e+08 -2.2533e+08 -1.84134e+08 -1.89712e+08 -1.60835e+08 -1.74809e+08 -2.3288e+08 -1.82649e+08 -1.78651e+08 -9.3377e+07 
-1.31118e+09 -3.23725e+09 -5.39031e+09 -7.85688e+09 -7.43858e+09 -8.57005e+09 -9.06126e+09 -1.05316e+10 -1.10862e+10 -1.12615e+10 -1.3339e+10 -1.41799e+10 -1.48418e+10 -1.74571e+10 -1.79462e+10 -2.25571e+10 -2.16656e+10 -2.40743e+10 -2.57111e+10 -2.33996e+10 -2.53493e+10 -2.85982e+10 -2.57938e+10 -2.92832e+10 -3.31642e+10 -3.33719e+10 -3.14248e+10 -2.89904e+10 -2.81722e+10 -2.93242e+10 -2.78536e+10 -2.86933e+10 -2.48712e+10 -2.41758e+10 -2.17787e+10 -1.89453e+10 -1.7203e+10 -1.39214e+10 -1.16319e+10 -8.97059e+09 -7.6862e+09 -5.76303e+09 -4.23938e+09 -3.39417e+09 -2.46391e+09 -1.90233e+09 -1.2822e+09 -9.3001e+08 -6.32387e+08 -7.16531e+08 -4.13733e+08 -3.41814e+08 -4.04227e+08 -2.60839e+08 -3.39173e+08 -2.49562e+08 -2.31066e+08 -2.50779e+08 -2.41856e+08 -1.9259e+08 -2.15591e+08 -2.24418e+08 -2.03027e+08 -2.17851e+08 -1.55956e+08 -2.16801e+08 -1.46137e+08 -2.09795e+08 -1.70918e+08 -1.9579e+08 -1.81115e+08 -2.02087e+08 -2.32217e+08 -1.83057e+08 -2.20599e+08 -2.35377e+08 -2.12023e+08 -2.09996e+08 -1.96185e+08 -2.35961e+08 -1.93481e+08 -1.7564e+08 -1.97172e+08 -1.74839e+08 -2.73749e+08 -1.91551e+08 -1.80729e+08 -2.14572e+08 -2.24847e+08 -2.126e+08 -2.33064e+08 -1.89654e+08 -2.055e+08 -2.17421e+08 -2.1272e+08 -1.63386e+08 -2.26595e+08 -1.31949e+08 -2.11781e+08 -1.15793e+08 
-1.21737e+09 -3.45415e+09 -6.24467e+09 -7.29887e+09 -7.23885e+09 -8.45675e+09 -9.85659e+09 -9.54141e+09 -1.09587e+10 -1.16845e+10 -1.2863e+10 -1.43401e+10 -1.51012e+10 -1.74662e+10 -1.94483e+10 -2.16462e+10 -2.30133e+10 -2.14361e+10 -2.62306e+10 -2.60729e+10 -2.45077e+10 -2.73241e+10 -2.70122e+10 -2.77696e+10 -3.17811e+10 -3.41284e+10 -3.17805e+10 -2.98392e+10 -2.66726e+10 -2.83524e+10 -2.94462e+10 -2.86739e+10 -2.65366e+10 -2.4093e+10 -2.17304e+10 -1.87879e+10 -1.6631e+10 -1.44308e+10 -1.14656e+10 -9.39172e+09 -7.16264e+09 -6.10022e+09 -4.45158e+09 -3.09367e+09 -2.45134e+09 -1.90443e+09 -1.45767e+09 -8.64217e+08 -7.49073e+08 -4.49873e+08 -5.50118e+08 -5.01849e+08 -2.229e+08 -3.32798e+08 -3.25576e+08 -2.27969e+08 -3.20665e+08 -2.26799e+08 -2.36133e+08 -1.94974e+08 -2.4358e+08 -1.80449e+08 -2.13166e+08 -2.14541e+08 -2.28e+08 -1.49752e+08 -2.40719e+08 -1.65352e+08 -1.77088e+08 -1.76468e+08 -1.81209e+08 -1.94773e+08 -2.06934e+08 -1.67463e+08 -2.21539e+08 -2.37074e+08 -1.70909e+08 -2.44026e+08 -1.97208e+08 -2.12862e+08 -1.79827e+08 -2.10754e+08 -2.1469e+08 -1.75488e+08 -2.11597e+08 -2.0015e+08 -2.11189e+08 -2.33377e+08 -1.78049e+08 -2.19602e+08 -2.06353e+08 -2.4704e+08 -2.20821e+08 -2.00746e+08 -2.11153e+08 -1.93473e+08 -2.21328e+08 -1.99148e+08 -2.05619e+08 -1.17993e+08 
-1.39588e+09 -3.7469e+09 -5.91636e+09 -6.82841e+09 -7.96843e+09 -8.08117e+09 -9.49294e+09 -9.53241e+09 -1.07402e+10 -1.26308e+10 -1.20404e+10 -1.44279e+10 -1.56379e+10 -1.86241e+10 -1.97528e+10 -1.92337e+10 -2.36483e+10 -2.22881e+10 -2.45191e+10 -2.83044e+10 -2.58762e+10 -2.49393e+10 -2.74603e+10 -2.82208e+10 -3.0167e+10 -3.35883e+10 -3.28658e+10 -2.95855e+10 -2.73263e+10 -2.71486e+10 -2.97093e+10 -2.85835e+10 -2.74418e+10 -2.44739e+10 -2.18128e+10 -1.92362e+10 -1.61017e+10 -1.44394e+10 -1.15081e+10 -9.72514e+09 -6.93191e+09 -6.09468e+09 -4.6738e+09 -3.06522e+09 -2.32226e+09 -1.80092e+09 -1.61394e+09 -9.05218e+08 -6.48025e+08 -6.27281e+08 -3.98692e+08 -3.78934e+08 -4.65987e+08 -3.31464e+08 -2.30271e+08 -2.79477e+08 -2.84933e+08 -2.16659e+08 -2.81372e+08 -2.31852e+08 -2.4302e+08 -1.88675e+08 -2.05986e+08 -2.02318e+08 -1.60223e+08 -2.60736e+08 -2.01134e+08 -1.81486e+08 -1.81023e+08 -2.10483e+08 -2.07513e+08 -1.25189e+08 -2.23096e+08 -1.82204e+08 -1.94208e+08 -2.14877e+08 -1.89735e+08 -1.89815e+08 -2.30514e+08 -1.75974e+08 -2.2062e+08 -1.71588e+08 -2.27379e+08 -1.5732e+08 -2.46154e+08 -2.02546e+08 -1.70249e+08 -2.13542e+08 -1.91538e+08 -2.33402e+08 -2.40401e+08 -1.83531e+08 -2.29485e+08 -2.02279e+08 -2.47379e+08 -2.29457e+08 -1.90654e+08 -2.11688e+08 -2.26886e+08 -8.37892e+07 
-1.25653e+09 -3.34898e+09 -5.74425e+09 -7.1921e+09 -7.8625e+09 -8.199e+09 -8.39488e+09 -1.07703e+10 -1.01421e+10 -1.27871e+10 -1.22507e+10 -1.47408e+10 -1.69284e+10 -1.7673e+10 -1.92418e+10 -1.94224e+10 -2.14702e+10 -2.60745e+10 -2.31836e+10 -2.58317e+10 -2.90488e+10 -2.6153e+10 -2.54577e+10 -2.84479e+10 -3.00898e+10 -3.25427e+10 -3.24512e+10 -3.01044e+10 -2.91433e+10 -2.69415e+10 -2.8282e+10 -2.86294e+10 -2.6847e+10 -2.52247e+10 -2.23608e+10 -2.00406e+10 -1.58186e+10 -1.45441e+10 -1.13835e+10 -9.71287e+09 -7.23671e+09 -5.90651e+09 -4.45814e+09 -3.42544e+09 -2.23399e+09 -1.7832e+09 -1.39701e+09 -1.09993e+09 -6.74485e+08 -5.31362e+08 -5.04876e+08 -4.05049e+08 -3.11168e+08 -3.61009e+08 -3.52577e+08 -2.66846e+08 -2.48854e+08 -2.42559e+08 -2.53774e+08 -2.11518e+08 -2.36269e+08 -2.7245e+08 -2.07128e+08 -2.32505e+08 -1.80872e+08 -1.93552e+08 -1.71002e+08 -2.05083e+08 -2.31709e+08 -2.09711e+08 -1.34254e+08 -2.35526e+08 -2.1556e+08 -1.81249e+08 -1.54151e+08 -2.22206e+08 -1.9505e+08 -1.87365e+08 -2.02956e+08 -1.88788e+08 -1.88641e+08 -1.73358e+08 -2.17986e+08 -1.90382e+08 -1.92617e+08 -2.23186e+08 -1.60463e+08 -2.36521e+08 -1.86727e+08 -1.8131e+08 -2.15333e+08 -2.15229e+08 -2.42497e+08 -2.22681e+08 -1.98602e+08 -2.23143e+08 -2.19905e+08 -2.66352e+08 -2.11475e+08 -1.13859e+08 
-1.22545e+09 -3.48104e+09 -5.64597e+09 -7.58734e+09 -6.90925e+09 -8.61338e+09 -8.39219e+09 -1.07666e+10 -1.02653e+10 -1.25706e+10 -1.39738e+10 -1.41771e+10 -1.72273e+10 -1.65984e+10 -1.81382e+10 -2.16717e+10 -2.04735e+10 -2.47139e+10 -2.51554e+10 -2.54428e+10 -2.7433e+10 -2.84458e+10 -2.63896e+10 -2.72593e+10 -2.93026e+10 -3.16558e+10 -3.25485e+10 -3.10084e+10 -2.91862e+10 -2.81998e+10 -2.70544e+10 -2.78423e+10 -2.64503e+10 -2.5659e+10 -2.27272e+10 -2.04359e+10 -1.67028e+10 -1.44216e+10 -1.11314e+10 -1.00092e+10 -7.21515e+09 -5.78484e+09 -4.43545e+09 -3.35556e+09 -2.48481e+09 -1.73415e+09 -1.26014e+09 -1.03442e+09 -7.86486e+08 -5.80358e+08 -4.74103e+08 -3.39269e+08 -4.21977e+08 -3.25227e+08 -2.79753e+08 -3.15604e+08 -2.83606e+08 -2.30703e+08 -2.72068e+08 -2.20396e+08 -2.4324e+08 -1.99316e+08 -2.23671e+08 -2.68247e+08 -2.00793e+08 -2.5247e+08 -1.93144e+08 -1.64087e+08 -2.0264e+08 -1.45818e+08 -2.57859e+08 -1.94626e+08 -2.07237e+08 -1.43553e+08 -2.76514e+08 -2.22051e+08 -1.30865e+08 -1.97408e+08 -2.03275e+08 -1.88775e+08 -1.89249e+08 -1.88661e+08 -1.66084e+08 -1.94331e+08 -1.67493e+08 -2.61399e+08 -1.47732e+08 -2.00565e+08 -1.95441e+08 -1.90381e+08 -2.17654e+08 -1.96881e+08 -1.96189e+08 -2.01567e+08 -2.28578e+08 -2.40554e+08 -2.19583e+08 -2.33951e+08 -2.20709e+08 -1.02781e+08 
-1.14046e+09 -3.56818e+09 -5.78426e+09 -6.73714e+09 -7.5327e+09 -8.20149e+09 -9.29074e+09 -9.52189e+09 -1.24268e+10 -1.16031e+10 -1.46328e+10 -1.40604e+10 -1.57517e+10 -1.74989e+10 -1.79985e+10 -2.14117e+10 -2.16056e+10 -2.23045e+10 -2.61788e+10 -2.6612e+10 -2.62398e+10 -2.85882e+10 -2.87817e+10 -2.61492e+10 -2.74548e+10 -3.14786e+10 -3.2737e+10 -3.22406e+10 -2.85257e+10 -2.88944e+10 -2.59836e+10 -2.73931e+10 -2.68657e+10 -2.54758e+10 -2.29439e+10 -2.03098e+10 -1.76163e+10 -1.43425e+10 -1.18122e+10 -9.85256e+09 -6.93588e+09 -5.79095e+09 -4.6539e+09 -3.16744e+09 -2.48888e+09 -1.83788e+09 -1.24966e+09 -9.61505e+08 -7.18648e+08 -6.33467e+08 -5.0838e+08 -4.33488e+08 -3.33189e+08 -2.68955e+08 -3.61903e+08 -2.92361e+08 -2.69327e+08 -2.75282e+08 -2.47153e+08 -2.27872e+08 -2.22943e+08 -2.76604e+08 -2.06532e+08 -2.20947e+08 -1.98236e+08 -2.19251e+08 -2.61716e+08 -1.94266e+08 -2.45351e+08 -1.87981e+08 -1.58061e+08 -1.90145e+08 -1.84212e+08 -2.57344e+08 -1.9763e+08 -1.93909e+08 -1.82813e+08 -2.63257e+08 -1.95384e+08 -1.32112e+08 -2.06281e+08 -1.92525e+08 -1.69377e+08 -1.96621e+08 -2.0217e+08 -1.56087e+08 -1.88338e+08 -1.86215e+08 -2.28298e+08 -1.43961e+08 -1.97799e+08 -2.17885e+08 -2.04929e+08 -1.91074e+08 -1.925e+08 -1.9243e+08 -2.24443e+08 -2.33254e+08 -2.51477e+08 -9.97973e+07 
-1.12505e+09 -3.52478e+09 -5.39769e+09 -6.6091e+09 -8.56394e+09 -7.32234e+09 -9.99195e+09 -9.95418e+09 -1.2381e+10 -1.21846e+10 -1.34103e+10 -1.45578e+10 -1.50248e+10 -1.80052e+10 -1.87313e+10 -1.95917e+10 -2.287e+10 -2.34464e+10 -2.33679e+10 -2.73357e+10 -2.86425e+10 -2.7404e+10 -2.77499e+10 -2.69943e+10 -2.73036e+10 -3.09235e+10 -3.23271e+10 -3.39838e+10 -2.8563e+10 -2.73245e+10 -2.68964e+10 -2.69645e+10 -2.62807e+10 -2.56253e+10 -2.30783e+10 -2.05623e+10 -1.71546e+10 -1.49472e+10 -1.22734e+10 -9.67358e+09 -7.16486e+09 -5.77966e+09 -4.45267e+09 -3.29639e+09 -2.42881e+09 -1.85125e+09 -1.30005e+09 -9.4416e+08 -7.25319e+08 -5.45128e+08 -5.43656e+08 -3.85558e+08 -4.42281e+08 -3.30819e+08 -2.65595e+08 -2.39415e+08 -2.87149e+08 -2.96904e+08 -2.60248e+08 -2.56822e+08 -2.27254e+08 -2.12211e+08 -2.02797e+08 -2.78322e+08 -2.15105e+08 -2.3257e+08 -1.82671e+08 -2.15086e+08 -2.36302e+08 -2.23276e+08 -2.18193e+08 -2.27457e+08 -1.7066e+08 -1.85713e+08 -1.97048e+08 -2.4136e+08 -1.96163e+08 -2.12102e+08 -1.63248e+08 -2.43565e+08 -2.16292e+08 -1.62697e+08 -1.53287e+08 -1.97977e+08 -2.02251e+08 -1.87518e+08 -2.01592e+08 -1.69521e+08 -1.6061e+08 -1.71075e+08 -2.15735e+08 -2.04833e+08 -1.66875e+08 -1.86254e+08 -1.94276e+08 -2.18504e+08 -1.98232e+08 -2.03415e+08 -1.9363e+08 -1.24943e+08 
-1.08221e+09 -3.18552e+09 -5.9834e+09 -6.56849e+09 -8.22928e+09 -8.44445e+09 -9.5249e+09 -1.11435e+10 -1.14706e+10 -1.18679e+10 -1.28854e+10 -1.52826e+10 -1.51581e+10 -1.75438e+10 -1.84875e+10 -2.0635e+10 -2.2004e+10 -2.37559e+10 -2.40183e+10 -2.68641e+10 -2.88899e+10 -2.78836e+10 -2.57391e+10 -2.85184e+10 -2.73345e+10 -3.00023e+10 -3.30723e+10 -3.37612e+10 -2.91783e+10 -2.70343e+10 -2.65192e+10 -2.70576e+10 -2.59985e+10 -2.57061e+10 -2.3175e+10 -2.03023e+10 -1.76428e+10 -1.48049e+10 -1.18718e+10 -1.00041e+10 -7.87042e+09 -5.64789e+09 -4.21077e+09 -3.43345e+09 -2.41345e+09 -1.84573e+09 -1.31096e+09 -9.16139e+08 -7.83709e+08 -5.46494e+08 -4.61953e+08 -4.30033e+08 -3.80186e+08 -3.15752e+08 -3.88827e+08 -2.81657e+08 -2.24002e+08 -2.42803e+08 -2.09293e+08 -3.02984e+08 -2.47076e+08 -2.56946e+08 -2.14091e+08 -2.14195e+08 -1.99357e+08 -2.29748e+08 -2.51831e+08 -2.14907e+08 -2.26408e+08 -1.86676e+08 -2.1267e+08 -2.32721e+08 -2.12176e+08 -2.38689e+08 -2.33737e+08 -1.74398e+08 -2.01012e+08 -1.97747e+08 -2.2814e+08 -1.83072e+08 -2.01081e+08 -1.74881e+08 -2.28682e+08 -2.11388e+08 -1.40427e+08 -2.07491e+08 -1.93822e+08 -1.80657e+08 -1.81479e+08 -2.20677e+08 -1.34751e+08 -1.85588e+08 -1.66319e+08 -2.42055e+08 -1.43166e+08 -1.92129e+08 -1.78474e+08 -2.23367e+08 -1.98901e+08 -1.0536e+08 
-1.22593e+09 -4.14907e+09 -5.17319e+09 -7.29692e+09 -7.73142e+09 -9.38678e+09 -9.82908e+09 -1.01405e+10 -1.14553e+10 -1.18357e+10 -1.2715e+10 -1.5839e+10 -1.49291e+10 -1.70332e+10 -1.89527e+10 -2.0866e+10 -2.14094e+10 -2.36381e+10 -2.60849e+10 -2.66881e+10 -2.5657e+10 -2.99085e+10 -2.63536e+10 -2.77421e+10 -2.8535e+10 -2.94392e+10 -3.27119e+10 -3.30552e+10 -2.95979e+10 -2.76915e+10 -2.64112e+10 -2.73128e+10 -2.58842e+10 -2.55936e+10 -2.29074e+10 -2.03137e+10 -1.79701e+10 -1.44723e+10 -1.16102e+10 -1.00502e+10 -8.01726e+09 -6.04998e+09 -4.30131e+09 -3.21488e+09 -2.52945e+09 -1.8564e+09 -1.31614e+09 -9.76301e+08 -6.58036e+08 -6.45969e+08 -4.41174e+08 -4.46549e+08 -2.78224e+08 -4.47353e+08 -2.46934e+08 -2.7643e+08 -3.59866e+08 -2.52445e+08 -2.05789e+08 -2.58716e+08 -1.75391e+08 -2.54725e+08 -2.58446e+08 -2.30948e+08 -2.54966e+08 -1.86033e+08 -2.07028e+08 -2.02445e+08 -2.64582e+08 -2.03905e+08 -2.21067e+08 -2.20551e+08 -2.11793e+08 -2.10462e+08 -2.29945e+08 -2.59694e+08 -1.92278e+08 -2.36881e+08 -1.60336e+08 -2.33526e+08 -1.91958e+08 -2.19412e+08 -1.52922e+08 -1.88272e+08 -2.11273e+08 -2.21169e+08 -2.01706e+08 -1.4988e+08 -1.95547e+08 -1.99469e+08 -1.82192e+08 -1.93457e+08 -2.16883e+08 -1.33563e+08 -1.70329e+08 -1.74344e+08 -2.2942e+08 -1.46245e+08 -2.03066e+08 -9.86981e+07 
-1.48059e+09 -3.45806e+09 -5.336e+09 -7.49252e+09 -8.41548e+09 -9.01742e+09 -9.58242e+09 -9.96174e+09 -1.07768e+10 -1.31557e+10 -1.20079e+10 -1.51767e+10 -1.59429e+10 -1.66895e+10 -1.94308e+10 -1.98836e+10 -2.21898e+10 -2.48737e+10 -2.44747e+10 -2.74087e+10 -2.5537e+10 -2.82505e+10 -2.91157e+10 -2.66671e+10 -2.90323e+10 -3.02834e+10 -3.10479e+10 -3.2384e+10 -2.98399e+10 -2.85393e+10 -2.71425e+10 -2.77097e+10 -2.60637e+10 -2.43213e+10 -2.29382e+10 -2.10789e+10 -1.70693e+10 -1.45043e+10 -1.18949e+10 -1.00124e+10 -7.36751e+09 -6.40704e+09 -4.74927e+09 -3.26867e+09 -2.47722e+09 -1.83434e+09 -1.36275e+09 -9.8795e+08 -7.4333e+08 -5.06782e+08 -4.93249e+08 -4.22278e+08 -3.79195e+08 -3.3186e+08 -2.26568e+08 -4.23339e+08 -2.02081e+08 -2.3619e+08 -3.21108e+08 -2.65677e+08 -2.07567e+08 -2.06481e+08 -2.40332e+08 -1.86667e+08 -2.28692e+08 -2.56717e+08 -2.35306e+08 -2.18859e+08 -1.94488e+08 -1.95215e+08 -2.36675e+08 -2.29968e+08 -1.93727e+08 -2.50755e+08 -2.366e+08 -2.29787e+08 -2.12882e+08 -2.03741e+08 -2.52511e+08 -1.81404e+08 -2.42278e+08 -1.63751e+08 -2.52139e+08 -1.52769e+08 -2.01384e+08 -1.90257e+08 -1.86532e+08 -2.18764e+08 -1.96178e+08 -1.78591e+08 -1.85431e+08 -1.90669e+08 -2.22379e+08 -1.77233e+08 -2.06108e+08 -1.57366e+08 -1.68702e+08 -1.73399e+08 -2.06713e+08 -1.39023e+08 
-1.26099e+09 -3.61726e+09 -5.99508e+09 -7.1542e+09 -8.64902e+09 -8.65503e+09 -9.22966e+09 -1.03274e+10 -1.06468e+10 -1.27633e+10 -1.29879e+10 -1.37341e+10 -1.72239e+10 -1.65095e+10 -1.83776e+10 -2.16169e+10 -2.13566e+10 -2.47401e+10 -2.42095e+10 -2.63373e+10 -2.89505e+10 -2.62552e+10 -2.88961e+10 -2.81379e+10 -2.83016e+10 -3.02521e+10 -3.11639e+10 -3.12862e+10 -3.05366e+10 -2.89623e+10 -2.87813e+10 -2.6709e+10 -2.64589e+10 -2.43759e+10 -2.28786e+10 -2.06074e+10 -1.69322e+10 -1.43949e+10 -1.21667e+10 -9.6342e+09 -7.34825e+09 -6.1276e+09 -4.92933e+09 -3.59377e+09 -2.5967e+09 -1.77686e+09 -1.39516e+09 -9.57533e+08 -8.09852e+08 -5.66847e+08 -4.27479e+08 -3.79286e+08 -3.90962e+08 -3.27809e+08 -3.2281e+08 -2.89758e+08 -1.89464e+08 -3.9558e+08 -2.01332e+08 -2.06902e+08 -2.58401e+08 -2.85297e+08 -2.20326e+08 -1.85404e+08 -2.54427e+08 -1.914e+08 -1.97823e+08 -2.29437e+08 -2.37002e+08 -2.23665e+08 -2.02441e+08 -2.06909e+08 -2.01757e+08 -2.74691e+08 -1.80966e+08 -2.29381e+08 -2.83542e+08 -2.2921e+08 -1.99474e+08 -2.00103e+08 -2.3971e+08 -2.07222e+08 -1.85537e+08 -2.10235e+08 -2.14166e+08 -2.44794e+08 -1.57662e+08 -1.71021e+08 -2.01932e+08 -2.1076e+08 -1.65138e+08 -2.24738e+08 -1.84684e+08 -2.00146e+08 -1.89979e+08 -2.07241e+08 -1.7498e+08 -2.36815e+08 -1.4488e+08 -8.44771e+07 
-1.54015e+09 -3.81243e+09 -5.81813e+09 -7.59594e+09 -7.74421e+09 -8.70357e+09 -9.50499e+09 -1.01742e+10 -1.11181e+10 -1.1517e+10 -1.45572e+10 -1.31191e+10 -1.63095e+10 -1.83323e+10 -1.7001e+10 -2.2338e+10 -2.16111e+10 -2.25389e+10 -2.6461e+10 -2.45683e+10 -2.988e+10 -2.83512e+10 -2.74189e+10 -2.89367e+10 -2.7879e+10 -2.93611e+10 -3.1639e+10 -3.15052e+10 -3.14767e+10 -2.88722e+10 -2.82002e+10 -2.6846e+10 -2.66535e+10 -2.49948e+10 -2.25636e+10 -1.96034e+10 -1.75076e+10 -1.45158e+10 -1.15638e+10 -9.52658e+09 -7.69385e+09 -5.94426e+09 -4.55462e+09 -3.76384e+09 -2.82081e+09 -1.9348e+09 -1.33827e+09 -1.01837e+09 -7.43247e+08 -6.35861e+08 -4.77226e+08 -3.37178e+08 -4.15113e+08 -2.49528e+08 -3.22175e+08 -2.98539e+08 -2.84174e+08 -2.723e+08 -1.75792e+08 -3.42632e+08 -2.3415e+08 -1.94849e+08 -2.2019e+08 -2.43677e+08 -2.54202e+08 -2.12381e+08 -1.73192e+08 -2.72388e+08 -1.88731e+08 -1.79671e+08 -2.32447e+08 -2.22893e+08 -2.20801e+08 -1.93705e+08 -2.27943e+08 -2.48352e+08 -2.8185e+08 -1.42314e+08 -2.21497e+08 -2.97343e+08 -2.42841e+08 -1.75563e+08 -1.87702e+08 -2.49659e+08 -1.55803e+08 -2.30133e+08 -2.05362e+08 -2.7147e+08 -1.58326e+08 -1.81541e+08 -1.70041e+08 -2.05542e+08 -2.29707e+08 -1.46769e+08 -2.22533e+08 -1.9753e+08 -1.8706e+08 -2.2024e+08 -2.08707e+08 -6.4767e+07 
-1.65699e+09 -4.09851e+09 -5.82521e+09 -6.90195e+09 -7.92694e+09 -8.64454e+09 -1.00289e+10 -9.81657e+09 -1.13747e+10 -1.13039e+10 -1.40593e+10 -1.52935e+10 -1.34516e+10 -1.92442e+10 -1.91801e+10 -1.8435e+10 -2.43862e+10 -2.11394e+10 -2.61326e+10 -2.64438e+10 -2.77387e+10 -3.08378e+10 -2.75586e+10 -2.71254e+10 -2.87369e+10 -2.88509e+10 -3.10213e+10 -3.32151e+10 -3.14942e+10 -2.87048e+10 -2.69804e+10 -2.85355e+10 -2.65351e+10 -2.47674e+10 -2.21219e+10 -1.95315e+10 -1.77722e+10 -1.40789e+10 -1.15105e+10 -9.58539e+09 -7.64864e+09 -5.70932e+09 -4.64214e+09 -3.54132e+09 -2.88189e+09 -2.14226e+09 -1.40881e+09 -1.01589e+09 -7.64692e+08 -6.24908e+08 -4.9034e+08 -4.12769e+08 -3.08949e+08 -3.54499e+08 -3.06825e+08 -2.1145e+08 -2.74747e+08 -2.8187e+08 -2.60742e+08 -2.40965e+08 -2.26846e+08 -2.18965e+08 -3.14819e+08 -1.7746e+08 -2.06042e+08 -2.25781e+08 -2.17051e+08 -2.39648e+08 -2.04773e+08 -2.02585e+08 -2.49881e+08 -1.93065e+08 -1.90064e+08 -2.04898e+08 -2.20982e+08 -2.39455e+08 -2.25014e+08 -2.36577e+08 -2.50036e+08 -2.17252e+08 -1.67932e+08 -2.56373e+08 -2.74532e+08 -2.13784e+08 -1.71457e+08 -1.89303e+08 -2.72333e+08 -1.2077e+08 -2.50079e+08 -2.0629e+08 -2.83423e+08 -1.24919e+08 -2.05981e+08 -1.85418e+08 -2.08459e+08 -1.87704e+08 -1.7013e+08 -2.28156e+08 -2.22674e+08 -8.01849e+07 
-1.25337e+09 -3.80367e+09 -5.89929e+09 -6.83012e+09 -7.94631e+09 -9.03562e+09 -9.62263e+09 -1.02119e+10 -1.0974e+10 -1.24171e+10 -1.22961e+10 -1.58407e+10 -1.56315e+10 -1.57277e+10 -2.14002e+10 -1.76782e+10 -2.27335e+10 -2.43046e+10 -2.31261e+10 -2.89975e+10 -2.77548e+10 -2.88102e+10 -2.94862e+10 -2.69644e+10 -2.88879e+10 -2.96516e+10 -3.0757e+10 -3.34194e+10 -3.12858e+10 -2.93148e+10 -2.70562e+10 -2.79965e+10 -2.67811e+10 -2.44871e+10 -2.20677e+10 -1.98825e+10 -1.70154e+10 -1.40628e+10 -1.18574e+10 -9.47737e+09 -7.30959e+09 -5.71252e+09 -4.58987e+09 -3.74929e+09 -2.53143e+09 -2.16561e+09 -1.61807e+09 -1.02375e+09 -8.19415e+08 -6.00952e+08 -5.16597e+08 -4.03467e+08 -3.71011e+08 -2.98354e+08 -2.40919e+08 -3.40767e+08 -2.65246e+08 -1.7952e+08 -2.52489e+08 -2.56367e+08 -2.60487e+08 -2.01156e+08 -2.70635e+08 -1.60677e+08 -3.14183e+08 -2.01008e+08 -2.0974e+08 -2.09588e+08 -2.02062e+08 -1.94254e+08 -2.57506e+08 -1.8548e+08 -2.28358e+08 -2.53293e+08 -1.48192e+08 -2.58179e+08 -1.99964e+08 -2.20441e+08 -2.01037e+08 -2.44954e+08 -2.48981e+08 -2.60063e+08 -1.7682e+08 -1.73052e+08 -2.52792e+08 -2.78603e+08 -2.15721e+08 -1.64027e+08 -1.94716e+08 -2.35808e+08 -1.32314e+08 -2.56518e+08 -2.6582e+08 -2.20567e+08 -1.49315e+08 -1.84422e+08 -2.31265e+08 -2.20117e+08 -1.2941e+08 -1.12823e+08 
-1.60725e+09 -3.9736e+09 -5.6295e+09 -7.27676e+09 -7.6538e+09 -9.30142e+09 -9.20561e+09 -1.0976e+10 -1.05232e+10 -1.23579e+10 -1.30916e+10 -1.40776e+10 -1.76735e+10 -1.45906e+10 -1.91611e+10 -2.16881e+10 -1.92407e+10 -2.59619e+10 -2.41339e+10 -2.69889e+10 -2.94528e+10 -2.76941e+10 -2.90165e+10 -2.88871e+10 -2.85044e+10 -3.08772e+10 -3.14499e+10 -3.19296e+10 -3.16513e+10 -2.97185e+10 -2.78407e+10 -2.67768e+10 -2.64129e+10 -2.48866e+10 -2.24769e+10 -1.94626e+10 -1.64404e+10 -1.47057e+10 -1.15568e+10 -9.24904e+09 -7.40769e+09 -5.70441e+09 -4.57246e+09 -3.64724e+09 -2.53499e+09 -2.08575e+09 -1.49042e+09 -1.22069e+09 -7.99299e+08 -6.70868e+08 -4.58567e+08 -4.56139e+08 -3.91313e+08 -2.64498e+08 -3.34838e+08 -2.28541e+08 -2.27051e+08 -2.9725e+08 -2.66606e+08 -1.5659e+08 -2.5397e+08 -2.0194e+08 -2.6607e+08 -2.2457e+08 -2.07109e+08 -2.35786e+08 -2.10197e+08 -2.76711e+08 -1.70882e+08 -2.30609e+08 -2.06859e+08 -1.70866e+08 -1.98218e+08 -2.74609e+08 -1.72739e+08 -2.58077e+08 -2.68876e+08 -1.64638e+08 -2.04923e+08 -2.05696e+08 -2.12985e+08 -2.20809e+08 -2.58079e+08 -2.3578e+08 -2.18797e+08 -1.84899e+08 -1.90557e+08 -2.75142e+08 -2.41464e+08 -2.01578e+08 -1.65892e+08 -2.11324e+08 -2.11583e+08 -1.68126e+08 -2.5068e+08 -3.02062e+08 -1.54077e+08 -1.83118e+08 -2.15352e+08 -1.24518e+08 
-1.37791e+09 -3.7606e+09 -6.21591e+09 -7.06598e+09 -7.8038e+09 -8.73161e+09 -9.78498e+09 -1.06644e+10 -1.12419e+10 -1.12649e+10 -1.43408e+10 -1.34395e+10 -1.59071e+10 -1.81119e+10 -1.52999e+10 -2.29712e+10 -2.08808e+10 -2.33162e+10 -2.6976e+10 -2.52299e+10 -2.86462e+10 -3.00652e+10 -2.78407e+10 -2.97236e+10 -2.89448e+10 -3.10538e+10 -3.11961e+10 -3.25655e+10 -3.19471e+10 -2.82811e+10 -2.86731e+10 -2.70316e+10 -2.56394e+10 -2.50465e+10 -2.25658e+10 -1.9467e+10 -1.66144e+10 -1.43416e+10 -1.13949e+10 -9.17001e+09 -7.52144e+09 -5.77196e+09 -4.58323e+09 -3.41829e+09 -2.61588e+09 -2.04163e+09 -1.39558e+09 -1.14851e+09 -8.91545e+08 -6.99339e+08 -5.27009e+08 -3.67388e+08 -3.78412e+08 -3.85993e+08 -2.62556e+08 -2.37498e+08 -2.93363e+08 -2.23354e+08 -2.00328e+08 -2.68203e+08 -2.4336e+08 -1.9249e+08 -2.22604e+08 -1.81672e+08 -2.58154e+08 -2.3389e+08 -1.78719e+08 -2.5866e+08 -1.9184e+08 -2.5921e+08 -2.02101e+08 -2.08612e+08 -2.24896e+08 -1.8859e+08 -1.55196e+08 -2.23526e+08 -2.98095e+08 -1.92221e+08 -2.60606e+08 -2.09759e+08 -2.06723e+08 -1.80532e+08 -2.12018e+08 -2.01736e+08 -2.1632e+08 -2.70099e+08 -2.3253e+08 -1.86648e+08 -2.01005e+08 -2.01595e+08 -2.66586e+08 -2.16255e+08 -2.1963e+08 -1.66025e+08 -2.35838e+08 -1.6105e+08 -2.25392e+08 -2.53773e+08 -2.81107e+08 -3.33027e+07 
-1.5247e+09 -4.2702e+09 -5.98362e+09 -6.87882e+09 -7.78224e+09 -9.01947e+09 -9.78752e+09 -1.00246e+10 -1.18294e+10 -1.22588e+10 -1.24673e+10 -1.49751e+10 -1.38216e+10 -1.89678e+10 -1.73577e+10 -1.9345e+10 -2.41819e+10 -2.21971e+10 -2.52771e+10 -2.75051e+10 -2.66575e+10 -3.20348e+10 -2.88938e+10 -2.87514e+10 -2.92946e+10 -3.0408e+10 -3.21914e+10 -3.32216e+10 -3.22056e+10 -2.80749e+10 -2.71194e+10 -2.72382e+10 -2.62925e+10 -2.49879e+10 -2.21121e+10 -2.01867e+10 -1.6839e+10 -1.36344e+10 -1.14156e+10 -9.30752e+09 -7.43854e+09 -5.8995e+09 -4.49926e+09 -3.41406e+09 -2.51116e+09 -2.10252e+09 -1.32884e+09 -1.11514e+09 -7.92722e+08 -6.78932e+08 -6.25272e+08 -4.38936e+08 -3.28347e+08 -2.83125e+08 -3.41174e+08 -3.19593e+08 -2.12584e+08 -2.19002e+08 -2.58898e+08 -2.44079e+08 -1.66379e+08 -2.54045e+08 -2.19864e+08 -2.20563e+08 -1.82545e+08 -2.29689e+08 -1.93118e+08 -2.40354e+08 -2.27395e+08 -1.84456e+08 -2.46877e+08 -2.03075e+08 -2.44293e+08 -1.61716e+08 -2.66694e+08 -2.00291e+08 -2.00885e+08 -1.51241e+08 -2.71204e+08 -2.4435e+08 -1.87858e+08 -2.94793e+08 -1.76512e+08 -2.20323e+08 -1.62008e+08 -1.98848e+08 -2.18107e+08 -2.46562e+08 -2.34286e+08 -2.12658e+08 -1.77214e+08 -2.3378e+08 -2.00891e+08 -2.65287e+08 -2.06089e+08 -2.24446e+08 -1.73519e+08 -2.1482e+08 -1.72006e+08 -1.60154e+08 
-1.39703e+09 -3.71414e+09 -6.19858e+09 -6.92938e+09 -8.01678e+09 -8.62392e+09 -9.7325e+09 -1.0743e+10 -1.10092e+10 -1.31088e+10 -1.14073e+10 -1.48437e+10 -1.4978e+10 -1.67061e+10 -2.05722e+10 -1.81443e+10 -2.23579e+10 -2.52624e+10 -2.2887e+10 -2.79914e+10 -2.83243e+10 -3.06883e+10 -3.01758e+10 -2.82139e+10 -2.88712e+10 -3.08159e+10 -3.28561e+10 -3.33264e+10 -3.19503e+10 -2.8755e+10 -2.57358e+10 -2.70905e+10 -2.67392e+10 -2.48476e+10 -2.24885e+10 -2.03649e+10 -1.64801e+10 -1.3829e+10 -1.13388e+10 -9.20641e+09 -7.52382e+09 -5.94008e+09 -4.45906e+09 -3.48186e+09 -2.49364e+09 -1.93676e+09 -1.40833e+09 -1.06224e+09 -8.17701e+08 -5.47215e+08 -5.29587e+08 -5.72069e+08 -3.41094e+08 -3.43559e+08 -2.51762e+08 -2.53432e+08 -3.00928e+08 -2.81716e+08 -2.04251e+08 -2.03223e+08 -2.39934e+08 -2.27675e+08 -1.92831e+08 -2.20845e+08 -2.11466e+08 -1.88666e+08 -2.13126e+08 -2.33105e+08 -1.62974e+08 -2.56071e+08 -2.09908e+08 -1.97712e+08 -2.31638e+08 -2.15197e+08 -2.28366e+08 -1.99819e+08 -2.06235e+08 -2.71109e+08 -2.06616e+08 -1.54318e+08 -1.5255e+08 -3.14002e+08 -2.29767e+08 -1.8405e+08 -2.76198e+08 -1.71923e+08 -2.18283e+08 -1.67823e+08 -1.97356e+08 -2.11153e+08 -2.56068e+08 -2.12047e+08 -1.97444e+08 -2.1587e+08 -2.37076e+08 -2.20099e+08 -2.23402e+08 -2.17505e+08 -2.22338e+08 -6.50709e+07 
-1.50027e+09 -4.15437e+09 -6.14364e+09 -6.8737e+09 -8.04604e+09 -8.59472e+09 -9.68012e+09 -1.10675e+10 -1.06829e+10 -1.2012e+10 -1.33735e+10 -1.31422e+10 -1.64528e+10 -1.62223e+10 -1.94343e+10 -2.09319e+10 -1.98225e+10 -2.54059e+10 -2.5355e+10 -2.55916e+10 -3.10063e+10 -2.8558e+10 -2.98716e+10 -2.86512e+10 -2.94153e+10 -3.11999e+10 -3.23507e+10 -3.4183e+10 -3.02719e+10 -2.85473e+10 -2.76773e+10 -2.71229e+10 -2.5895e+10 -2.49163e+10 -2.25399e+10 -2.01579e+10 -1.66284e+10 -1.39792e+10 -1.12697e+10 -9.10443e+09 -7.69326e+09 -5.74485e+09 -4.53309e+09 -3.49355e+09 -2.57111e+09 -1.8286e+09 -1.36347e+09 -1.06013e+09 -8.2848e+08 -5.79942e+08 -4.05367e+08 -4.16422e+08 -4.91769e+08 -3.3305e+08 -3.05099e+08 -2.77464e+08 -2.27787e+08 -2.15473e+08 -2.57962e+08 -2.73647e+08 -2.18363e+08 -1.82044e+08 -2.25008e+08 -2.18889e+08 -2.13013e+08 -1.81387e+08 -2.36771e+08 -1.79831e+08 -1.81174e+08 -2.1378e+08 -2.43358e+08 -1.78228e+08 -2.37257e+08 -2.05904e+08 -2.00356e+08 -2.47381e+08 -2.22608e+08 -2.31635e+08 -1.7757e+08 -2.46218e+08 -2.22316e+08 -2.03118e+08 -1.51413e+08 -1.78938e+08 -3.26307e+08 -1.8025e+08 -2.22179e+08 -2.31277e+08 -1.97657e+08 -1.92408e+08 -1.76095e+08 -2.01178e+08 -2.23683e+08 -2.50221e+08 -1.98831e+08 -1.88767e+08 -2.69221e+08 -2.0293e+08 -2.4749e+08 -1.129e+08 
-1.29384e+09 -4.11144e+09 -6.12987e+09 -7.03071e+09 -7.82766e+09 -9.03036e+09 -9.4429e+09 -1.0053e+10 -1.13973e+10 -1.1443e+10 -1.41365e+10 -1.37947e+10 -1.53693e+10 -1.76207e+10 -1.78715e+10 -2.11118e+10 -2.20193e+10 -2.22825e+10 -2.77978e+10 -2.57405e+10 -3.03319e+10 -2.91851e+10 -2.82633e+10 -2.90673e+10 -2.98083e+10 -3.10799e+10 -3.29039e+10 -3.39455e+10 -3.02283e+10 -2.82022e+10 -2.83566e+10 -2.77517e+10 -2.62525e+10 -2.4928e+10 -2.18919e+10 -1.94034e+10 -1.75964e+10 -1.37287e+10 -1.13527e+10 -9.14136e+09 -7.73019e+09 -5.5377e+09 -4.74734e+09 -3.28897e+09 -2.72028e+09 -1.88332e+09 -1.2316e+09 -1.06243e+09 -7.94244e+08 -6.04401e+08 -4.64475e+08 -3.32265e+08 -3.2727e+08 -3.62136e+08 -4.01643e+08 -2.19765e+08 -2.89357e+08 -2.41038e+08 -2.39601e+08 -1.81523e+08 -2.40217e+08 -2.37002e+08 -2.23458e+08 -1.85505e+08 -2.35044e+08 -1.96398e+08 -2.00345e+08 -2.0501e+08 -2.32057e+08 -1.68263e+08 -1.79555e+08 -1.90557e+08 -2.51587e+08 -1.78999e+08 -2.40217e+08 -1.95203e+08 -2.39218e+08 -2.31449e+08 -2.26922e+08 -2.36207e+08 -1.69146e+08 -1.88915e+08 -2.8023e+08 -2.04663e+08 -1.82748e+08 -1.39154e+08 -2.38012e+08 -2.86392e+08 -1.6907e+08 -2.3913e+08 -1.9098e+08 -1.99838e+08 -2.05753e+08 -1.92236e+08 -2.05825e+08 -2.57189e+08 -2.00021e+08 -1.94586e+08 -2.04794e+08 -1.50171e+08 
-1.45674e+09 -4.05685e+09 -6.12136e+09 -7.19013e+09 -8.03776e+09 -8.23173e+09 -9.60714e+09 -9.71965e+09 -1.13554e+10 -1.26238e+10 -1.27683e+10 -1.53085e+10 -1.49546e+10 -1.71225e+10 -1.87853e+10 -1.9571e+10 -2.44504e+10 -2.15927e+10 -2.6619e+10 -2.83484e+10 -2.86328e+10 -3.03385e+10 -2.7318e+10 -2.8446e+10 -2.92225e+10 -3.14979e+10 -3.36186e+10 -3.29045e+10 -3.07291e+10 -2.84451e+10 -2.73758e+10 -2.83413e+10 -2.76341e+10 -2.48638e+10 -2.18102e+10 -1.89473e+10 -1.72648e+10 -1.41076e+10 -1.14631e+10 -9.27472e+09 -7.60461e+09 -5.56814e+09 -4.72217e+09 -3.26153e+09 -2.67221e+09 -1.98796e+09 -1.2884e+09 -9.93746e+08 -7.25386e+08 -6.06668e+08 -4.7248e+08 -3.83782e+08 -3.33986e+08 -2.2147e+08 -3.19456e+08 -2.96104e+08 -3.36389e+08 -1.84132e+08 -2.5998e+08 -2.16139e+08 -2.56845e+08 -1.81587e+08 -2.08258e+08 -2.04825e+08 -2.20844e+08 -2.12101e+08 -2.031e+08 -2.2099e+08 -1.99354e+08 -1.98904e+08 -1.9582e+08 -2.3139e+08 -1.49857e+08 -1.65338e+08 -2.09737e+08 -2.76426e+08 -1.7784e+08 -2.47302e+08 -2.07711e+08 -2.441e+08 -2.28285e+08 -1.99926e+08 -2.27139e+08 -1.62083e+08 -2.13626e+08 -2.68655e+08 -1.79283e+08 -1.88357e+08 -1.53652e+08 -2.46781e+08 -2.60671e+08 -1.5074e+08 -2.4936e+08 -1.93649e+08 -2.12181e+08 -2.04461e+08 -2.02667e+08 -2.07519e+08 -2.74909e+08 -7.53563e+07 
-1.43821e+09 -4.32547e+09 -5.98402e+09 -7.13744e+09 -7.88401e+09 -8.06156e+09 -8.86356e+09 -1.11289e+10 -1.04157e+10 -1.30634e+10 -1.31139e+10 -1.43341e+10 -1.68763e+10 -1.57992e+10 -1.8961e+10 -2.00718e+10 -2.37922e+10 -2.48085e+10 -2.37756e+10 -2.94485e+10 -2.85905e+10 -2.94118e+10 -2.78138e+10 -2.79623e+10 -2.90479e+10 -3.09329e+10 -3.36355e+10 -3.33954e+10 -3.05046e+10 -2.81159e+10 -2.77479e+10 -2.84278e+10 -2.76542e+10 -2.51738e+10 -2.29705e+10 -1.90474e+10 -1.60751e+10 -1.40576e+10 -1.18981e+10 -9.26459e+09 -7.67561e+09 -5.72646e+09 -4.56509e+09 -3.34914e+09 -2.57572e+09 -1.94912e+09 -1.41243e+09 -9.4923e+08 -7.60801e+08 -5.44668e+08 -4.72722e+08 -3.73469e+08 -3.30384e+08 -3.19817e+08 -2.37904e+08 -2.25274e+08 -2.70341e+08 -2.47464e+08 -2.85254e+08 -1.93973e+08 -2.14705e+08 -2.27325e+08 -2.2547e+08 -2.2829e+08 -1.61194e+08 -2.23971e+08 -1.77495e+08 -2.17055e+08 -2.02273e+08 -2.46498e+08 -1.73275e+08 -2.08218e+08 -1.96616e+08 -2.27742e+08 -1.62635e+08 -1.71302e+08 -1.85939e+08 -2.43167e+08 -2.45508e+08 -2.21849e+08 -1.99076e+08 -2.27108e+08 -2.54862e+08 -2.0755e+08 -2.1236e+08 -1.86371e+08 -1.65025e+08 -2.61337e+08 -2.08891e+08 -1.83889e+08 -1.80566e+08 -1.67389e+08 -2.7817e+08 -2.18923e+08 -1.74254e+08 -2.41188e+08 -1.76672e+08 -2.35721e+08 -2.09341e+08 -8.60584e+07 
-1.43522e+09 -3.9046e+09 -6.00879e+09 -7.01841e+09 -7.24015e+09 -8.90151e+09 -8.74528e+09 -1.07801e+10 -1.12064e+10 -1.2004e+10 -1.41972e+10 -1.35754e+10 -1.69335e+10 -1.68888e+10 -1.84526e+10 -2.15226e+10 -2.21479e+10 -2.64571e+10 -2.3443e+10 -2.88572e+10 -2.91316e+10 -2.8598e+10 -2.77628e+10 -2.80549e+10 -2.91567e+10 -3.04307e+10 -3.30311e+10 -3.45168e+10 -3.01499e+10 -2.81372e+10 -2.82765e+10 -2.80417e+10 -2.7028e+10 -2.62319e+10 -2.31667e+10 -2.00322e+10 -1.58196e+10 -1.38878e+10 -1.14616e+10 -9.62133e+09 -7.54804e+09 -6.15278e+09 -4.38934e+09 -3.51238e+09 -2.3508e+09 -1.97821e+09 -1.42221e+09 -9.74659e+08 -8.34858e+08 -4.89572e+08 -4.51535e+08 -4.11344e+08 -2.85332e+08 -3.19075e+08 -2.48608e+08 -2.92218e+08 -1.96863e+08 -2.29111e+08 -2.39141e+08 -2.00595e+08 -2.44209e+08 -2.19763e+08 -1.54738e+08 -2.52963e+08 -2.01244e+08 -2.55582e+08 -1.74207e+08 -1.93161e+08 -1.79027e+08 -1.77816e+08 -2.28636e+08 -2.12034e+08 -2.30327e+08 -1.82687e+08 -2.04873e+08 -1.83508e+08 -2.46081e+08 -1.36177e+08 -2.06637e+08 -1.7648e+08 -2.9597e+08 -1.71927e+08 -2.57455e+08 -1.83097e+08 -2.70955e+08 -2.30993e+08 -1.76615e+08 -2.14658e+08 -1.59335e+08 -1.97291e+08 -2.4102e+08 -1.7866e+08 -2.0772e+08 -1.94676e+08 -1.94116e+08 -2.73129e+08 -1.8515e+08 -1.96497e+08 -2.3046e+08 -9.6522e+07 
-1.25718e+09 -3.93203e+09 -5.80412e+09 -6.63057e+09 -8.05092e+09 -8.22285e+09 -1.00653e+10 -9.34832e+09 -1.2458e+10 -1.12484e+10 -1.37802e+10 -1.47557e+10 -1.56257e+10 -1.80802e+10 -1.92796e+10 -2.19048e+10 -2.10944e+10 -2.56293e+10 -2.63686e+10 -2.68269e+10 -2.95744e+10 -2.83831e+10 -2.78621e+10 -2.80347e+10 -2.85769e+10 -3.02015e+10 -3.26693e+10 -3.44557e+10 -3.10829e+10 -2.80451e+10 -2.71015e+10 -2.81828e+10 -2.72948e+10 -2.63833e+10 -2.31339e+10 -2.01805e+10 -1.70674e+10 -1.37688e+10 -1.11826e+10 -9.48391e+09 -7.46111e+09 -6.49152e+09 -4.34507e+09 -3.57863e+09 -2.3079e+09 -1.92728e+09 -1.39017e+09 -1.04993e+09 -7.94508e+08 -6.28845e+08 -3.71767e+08 -3.67006e+08 -3.57796e+08 -2.86444e+08 -2.44244e+08 -2.61937e+08 -2.1242e+08 -2.77635e+08 -1.87497e+08 -2.14846e+08 -2.33883e+08 -1.6246e+08 -2.0141e+08 -2.24947e+08 -1.59883e+08 -2.34756e+08 -2.04471e+08 -2.14392e+08 -2.33655e+08 -1.68921e+08 -1.8622e+08 -1.69543e+08 -1.91389e+08 -2.2978e+08 -2.27124e+08 -1.93865e+08 -2.20949e+08 -1.88715e+08 -2.20349e+08 -1.88552e+08 -1.8083e+08 -1.84716e+08 -1.90801e+08 -2.88189e+08 -1.9367e+08 -2.24583e+08 -2.24798e+08 -2.51703e+08 -2.09223e+08 -1.60494e+08 -2.01124e+08 -1.42538e+08 -2.41845e+08 -2.14567e+08 -1.85286e+08 -2.41742e+08 -1.93317e+08 -1.95456e+08 -2.62174e+08 -8.5536e+07 
-1.3403e+09 -3.55834e+09 -5.93906e+09 -6.45111e+09 -8.86184e+09 -7.97852e+09 -9.86831e+09 -9.80009e+09 -1.18316e+10 -1.19338e+10 -1.30636e+10 -1.52426e+10 -1.59179e+10 -1.87041e+10 -1.92553e+10 -2.22818e+10 -2.1424e+10 -2.37704e+10 -2.78588e+10 -2.63355e+10 -2.99954e+10 -2.83301e+10 -2.78013e+10 -2.71715e+10 -2.80878e+10 -3.00481e+10 -3.31103e+10 -3.38782e+10 -3.12436e+10 -2.77e+10 -2.74594e+10 -2.75336e+10 -2.80964e+10 -2.59071e+10 -2.33843e+10 -2.07807e+10 -1.68579e+10 -1.45524e+10 -1.15488e+10 -9.28181e+09 -7.30897e+09 -6.46416e+09 -4.47488e+09 -3.55477e+09 -2.47544e+09 -1.85296e+09 -1.27943e+09 -1.13621e+09 -7.5009e+08 -6.47714e+08 -4.92541e+08 -3.09538e+08 -3.3682e+08 -2.94097e+08 -2.96489e+08 -1.97727e+08 -2.44605e+08 -2.32662e+08 -1.80325e+08 -2.69286e+08 -1.96392e+08 -1.93906e+08 -2.37618e+08 -1.46303e+08 -1.63343e+08 -2.19067e+08 -1.81041e+08 -1.804e+08 -2.30506e+08 -1.93038e+08 -2.44678e+08 -1.92676e+08 -1.75874e+08 -1.70352e+08 -1.59578e+08 -2.21408e+08 -2.47696e+08 -2.08078e+08 -2.01084e+08 -2.31552e+08 -1.79607e+08 -2.34864e+08 -1.37322e+08 -2.21182e+08 -1.6402e+08 -2.51846e+08 -2.24677e+08 -2.43596e+08 -1.67186e+08 -2.71149e+08 -2.16933e+08 -1.73663e+08 -1.63252e+08 -1.99493e+08 -1.8714e+08 -2.39168e+08 -1.89582e+08 -2.05789e+08 -2.68405e+08 -8.68451e+07 
-1.27199e+09 -4.00196e+09 -5.62141e+09 -7.57101e+09 -7.36358e+09 -9.36419e+09 -9.23995e+09 -9.98507e+09 -1.13435e+10 -1.25138e+10 -1.3064e+10 -1.55148e+10 -1.59843e+10 -1.91326e+10 -1.90105e+10 -2.21715e+10 -2.40662e+10 -2.08049e+10 -2.71643e+10 -2.84394e+10 -2.97704e+10 -2.78369e+10 -2.7092e+10 -2.68862e+10 -2.91166e+10 -2.92773e+10 -3.32596e+10 -3.37121e+10 -3.05033e+10 -2.79042e+10 -2.79509e+10 -2.71425e+10 -2.76283e+10 -2.63497e+10 -2.35681e+10 -2.00301e+10 -1.79751e+10 -1.46951e+10 -1.16457e+10 -9.99991e+09 -7.27035e+09 -6.10214e+09 -4.65463e+09 -3.40894e+09 -2.68402e+09 -1.83587e+09 -1.29781e+09 -1.03148e+09 -8.35921e+08 -5.97762e+08 -5.16449e+08 -4.06219e+08 -2.92372e+08 -3.00626e+08 -2.6269e+08 -2.70651e+08 -2.48991e+08 -1.7056e+08 -2.30054e+08 -2.1738e+08 -1.58008e+08 -2.52921e+08 -2.09279e+08 -1.84672e+08 -2.39347e+08 -1.51956e+08 -1.53724e+08 -1.68072e+08 -1.90973e+08 -1.75413e+08 -2.33261e+08 -1.92539e+08 -1.96661e+08 -2.40099e+08 -1.83349e+08 -1.57069e+08 -1.75177e+08 -1.9025e+08 -2.3605e+08 -2.45652e+08 -1.87542e+08 -2.47133e+08 -1.80485e+08 -1.89589e+08 -2.10251e+08 -1.65341e+08 -2.20615e+08 -1.7493e+08 -2.60082e+08 -1.95191e+08 -2.33457e+08 -1.82125e+08 -2.65262e+08 -1.9149e+08 -1.79905e+08 -1.69256e+08 -1.83865e+08 -2.38589e+08 -1.94716e+08 -7.77636e+07 
-1.55387e+09 -4.11637e+09 -5.35477e+09 -7.52221e+09 -7.77926e+09 -8.94596e+09 -9.52163e+09 -9.95029e+09 -1.13608e+10 -1.24912e+10 -1.34618e+10 -1.5913e+10 -1.59756e+10 -1.8231e+10 -2.11688e+10 -2.01771e+10 -2.48443e+10 -2.19149e+10 -2.58929e+10 -2.89537e+10 -2.89481e+10 -2.72365e+10 -2.75863e+10 -2.71959e+10 -2.92655e+10 -2.9778e+10 -3.21074e+10 -3.34533e+10 -3.06978e+10 -2.75589e+10 -2.76989e+10 -2.8012e+10 -2.71463e+10 -2.6016e+10 -2.39345e+10 -1.99626e+10 -1.83199e+10 -1.49704e+10 -1.21145e+10 -9.90033e+09 -7.76657e+09 -5.98256e+09 -4.73591e+09 -3.26581e+09 -2.70153e+09 -1.92621e+09 -1.36191e+09 -1.02623e+09 -7.8612e+08 -6.08297e+08 -4.87386e+08 -4.31068e+08 -3.8124e+08 -2.65347e+08 -2.62463e+08 -2.79747e+08 -2.20268e+08 -2.55202e+08 -2.20061e+08 -1.73378e+08 -2.03895e+08 -2.07814e+08 -1.68057e+08 -2.08794e+08 -2.28272e+08 -1.93826e+08 -2.14482e+08 -1.81264e+08 -1.42736e+08 -1.3362e+08 -2.03019e+08 -1.59024e+08 -2.08959e+08 -2.15634e+08 -1.83809e+08 -2.26587e+08 -2.02212e+08 -1.97532e+08 -1.54726e+08 -1.69154e+08 -2.2806e+08 -2.46985e+08 -2.09662e+08 -1.92021e+08 -2.55315e+08 -1.54038e+08 -2.12303e+08 -1.80156e+08 -2.14243e+08 -1.77797e+08 -1.87731e+08 -2.45195e+08 -2.10615e+08 -1.99534e+08 -2.59723e+08 -2.18158e+08 -1.78835e+08 -1.66413e+08 -1.86495e+08 -9.69531e+07 
-1.24119e+09 -3.09368e+09 -6.61438e+09 -6.43577e+09 -8.86595e+09 -8.04012e+09 -9.85342e+09 -1.0191e+10 -1.10883e+10 -1.33739e+10 -1.356e+10 -1.50265e+10 -1.74366e+10 -1.66381e+10 -2.24991e+10 -1.94658e+10 -2.3236e+10 -2.64703e+10 -2.41664e+10 -2.6858e+10 -2.90031e+10 -2.83394e+10 -2.78014e+10 -2.77025e+10 -2.84314e+10 -3.00486e+10 -3.16253e+10 -3.29354e+10 -3.01372e+10 -2.8069e+10 -2.7375e+10 -2.82644e+10 -2.71832e+10 -2.52238e+10 -2.38407e+10 -2.07822e+10 -1.82697e+10 -1.49165e+10 -1.30593e+10 -9.67734e+09 -7.77448e+09 -6.32832e+09 -4.91701e+09 -3.16404e+09 -2.59348e+09 -1.9542e+09 -1.52246e+09 -1.0249e+09 -7.63303e+08 -6.47101e+08 -4.47685e+08 -4.29468e+08 -3.6824e+08 -3.23896e+08 -2.90088e+08 -2.23623e+08 -2.62946e+08 -2.51273e+08 -1.97518e+08 -2.50477e+08 -1.9823e+08 -1.87451e+08 -1.71241e+08 -2.14956e+08 -1.88206e+08 -1.51721e+08 -2.49672e+08 -2.05218e+08 -1.84197e+08 -2.0993e+08 -1.49267e+08 -1.31686e+08 -1.55974e+08 -1.69226e+08 -1.96463e+08 -2.21411e+08 -1.90801e+08 -1.93327e+08 -2.36642e+08 -1.90758e+08 -1.69003e+08 -1.84676e+08 -1.82196e+08 -2.40332e+08 -2.31922e+08 -1.75249e+08 -2.50344e+08 -2.03028e+08 -1.75874e+08 -1.95937e+08 -1.6412e+08 -2.25735e+08 -1.66749e+08 -2.2011e+08 -2.28768e+08 -2.35734e+08 -1.88761e+08 -2.70308e+08 -1.95158e+08 -7.63776e+07 
-1.26396e+09 -4.39229e+09 -5.30958e+09 -7.88327e+09 -7.33787e+09 -9.19783e+09 -9.12029e+09 -1.12854e+10 -1.09422e+10 -1.30477e+10 -1.44316e+10 -1.38191e+10 -1.87295e+10 -1.64204e+10 -2.03882e+10 -2.26918e+10 -2.16039e+10 -2.6388e+10 -2.47917e+10 -2.68412e+10 -2.79597e+10 -2.9196e+10 -2.80456e+10 -2.82825e+10 -2.79365e+10 -3.01798e+10 -3.13847e+10 -3.23536e+10 -2.97477e+10 -2.93434e+10 -2.72945e+10 -2.68406e+10 -2.72349e+10 -2.5592e+10 -2.30333e+10 -2.13528e+10 -1.86541e+10 -1.52651e+10 -1.25993e+10 -1.02702e+10 -7.97332e+09 -5.96524e+09 -5.12034e+09 -3.45793e+09 -2.56637e+09 -1.8872e+09 -1.5758e+09 -1.1255e+09 -7.93252e+08 -5.48165e+08 -5.73805e+08 -3.34348e+08 -4.20378e+08 -2.98432e+08 -2.84817e+08 -2.91038e+08 -2.4668e+08 -1.99304e+08 -2.6184e+08 -2.43822e+08 -1.88386e+08 -2.26345e+08 -1.95294e+08 -2.03212e+08 -1.47846e+08 -2.30161e+08 -1.81864e+08 -1.52362e+08 -2.29191e+08 -2.1388e+08 -1.76733e+08 -2.11272e+08 -1.59876e+08 -1.52779e+08 -1.19477e+08 -1.8922e+08 -1.38489e+08 -2.53477e+08 -1.95943e+08 -1.81729e+08 -2.0481e+08 -2.38048e+08 -1.84561e+08 -1.56182e+08 -1.82639e+08 -2.22729e+08 -2.20478e+08 -2.30809e+08 -1.75114e+08 -2.5666e+08 -1.52191e+08 -1.76466e+08 -1.90852e+08 -2.11303e+08 -2.04012e+08 -1.90016e+08 -2.15978e+08 -2.25628e+08 -2.12029e+08 -1.02621e+08 
-1.80283e+09 -3.60096e+09 -5.86479e+09 -7.32447e+09 -7.67998e+09 -9.22968e+09 -9.41415e+09 -1.13927e+10 -1.16059e+10 -1.17967e+10 -1.54098e+10 -1.43081e+10 -1.68189e+10 -1.87456e+10 -1.81427e+10 -2.40756e+10 -2.20582e+10 -2.40216e+10 -2.62103e+10 -2.66107e+10 -2.76731e+10 -3.00703e+10 -2.82182e+10 -2.79709e+10 -2.79407e+10 -2.9523e+10 -3.07723e+10 -3.26868e+10 -3.12598e+10 -2.83482e+10 -2.72544e+10 -2.66033e+10 -2.62483e+10 -2.60645e+10 -2.28087e+10 -2.17737e+10 -1.84164e+10 -1.59284e+10 -1.23281e+10 -1.0446e+10 -8.34321e+09 -5.83859e+09 -4.86688e+09 -3.81308e+09 -2.6869e+09 -1.96925e+09 -1.6266e+09 -1.02332e+09 -9.15415e+08 -5.99137e+08 -4.36299e+08 -4.94599e+08 -3.32546e+08 -3.38514e+08 -2.60691e+08 -3.07539e+08 -2.22439e+08 -2.59872e+08 -2.44383e+08 -1.68235e+08 -2.65645e+08 -2.45842e+08 -1.89941e+08 -2.00512e+08 -2.01452e+08 -2.13039e+08 -1.52899e+08 -2.09835e+08 -1.81845e+08 -1.84038e+08 -1.73417e+08 -2.35947e+08 -1.91643e+08 -1.7926e+08 -1.86487e+08 -1.60786e+08 -1.25202e+08 -1.60696e+08 -1.61813e+08 -2.03224e+08 -2.07157e+08 -2.13447e+08 -1.87375e+08 -2.04148e+08 -2.04262e+08 -1.78016e+08 -1.69689e+08 -2.06629e+08 -2.56355e+08 -1.87808e+08 -1.94658e+08 -1.85501e+08 -2.22483e+08 -1.75086e+08 -1.84171e+08 -2.08495e+08 -2.07237e+08 -1.87881e+08 -2.01604e+08 -9.11678e+07 
-1.14433e+09 -3.67404e+09 -6.2259e+09 -6.88434e+09 -8.42317e+09 -8.58505e+09 -1.08281e+10 -1.01359e+10 -1.22925e+10 -1.20801e+10 -1.4647e+10 -1.54831e+10 -1.47027e+10 -2.08358e+10 -1.85751e+10 -2.10294e+10 -2.43349e+10 -2.32196e+10 -2.52064e+10 -2.77304e+10 -2.92525e+10 -2.94048e+10 -2.75886e+10 -2.73089e+10 -2.82683e+10 -2.88762e+10 -3.04817e+10 -3.26227e+10 -3.23158e+10 -2.79446e+10 -2.70015e+10 -2.72271e+10 -2.58129e+10 -2.49095e+10 -2.38517e+10 -2.14441e+10 -1.83542e+10 -1.57612e+10 -1.30822e+10 -1.02094e+10 -8.40186e+09 -5.90301e+09 -4.99806e+09 -3.71012e+09 -2.79597e+09 -2.19588e+09 -1.60242e+09 -1.08409e+09 -8.76914e+08 -6.86831e+08 -4.73809e+08 -3.84158e+08 -4.00793e+08 -3.69988e+08 -2.2457e+08 -3.33732e+08 -1.91123e+08 -2.97642e+08 -1.93066e+08 -2.3324e+08 -2.4276e+08 -1.62242e+08 -2.50567e+08 -2.4648e+08 -2.14743e+08 -1.66918e+08 -2.24862e+08 -1.81294e+08 -1.96569e+08 -1.65043e+08 -2.16096e+08 -1.93479e+08 -1.51953e+08 -2.3204e+08 -2.04962e+08 -1.56745e+08 -2.00411e+08 -1.59609e+08 -1.77284e+08 -1.17261e+08 -1.80226e+08 -1.35672e+08 -2.7146e+08 -1.73453e+08 -1.91085e+08 -1.88458e+08 -2.09393e+08 -2.0844e+08 -1.72954e+08 -1.73673e+08 -2.36442e+08 -1.9162e+08 -2.01306e+08 -1.98455e+08 -2.03643e+08 -1.85711e+08 -2.0053e+08 -1.85085e+08 -2.37528e+08 -8.42725e+07 
-1.56846e+09 -4.05257e+09 -5.82008e+09 -7.57669e+09 -8.12031e+09 -9.10624e+09 -1.01737e+10 -1.08432e+10 -1.20481e+10 -1.29748e+10 -1.27707e+10 -1.6456e+10 -1.56837e+10 -1.88117e+10 -2.0721e+10 -1.91909e+10 -2.38024e+10 -2.4061e+10 -2.48427e+10 -2.8469e+10 -3.04889e+10 -2.81032e+10 -2.76891e+10 -2.70955e+10 -2.8772e+10 -2.86595e+10 -3.05e+10 -3.25535e+10 -3.17508e+10 -2.85191e+10 -2.72225e+10 -2.69836e+10 -2.65387e+10 -2.46283e+10 -2.3836e+10 -2.09307e+10 -1.81512e+10 -1.61305e+10 -1.31105e+10 -1.0276e+10 -8.39211e+09 -6.09459e+09 -5.16467e+09 -3.54556e+09 -2.97487e+09 -2.18123e+09 -1.65207e+09 -1.23346e+09 -7.53586e+08 -7.82996e+08 -5.47572e+08 -3.76703e+08 -3.5764e+08 -3.47485e+08 -2.93059e+08 -3.07389e+08 -2.0469e+08 -3.0675e+08 -1.74936e+08 -2.59694e+08 -2.13706e+08 -1.89241e+08 -2.37208e+08 -1.99513e+08 -1.94114e+08 -2.52452e+08 -2.31589e+08 -1.83222e+08 -2.0006e+08 -1.72873e+08 -2.27692e+08 -1.48192e+08 -2.31827e+08 -1.80134e+08 -1.94525e+08 -1.85729e+08 -2.14842e+08 -1.67904e+08 -1.91265e+08 -1.69493e+08 -1.78446e+08 -1.27561e+08 -1.72902e+08 -1.59649e+08 -1.97056e+08 -2.01875e+08 -2.01144e+08 -1.75339e+08 -2.09589e+08 -1.99924e+08 -1.77654e+08 -1.76262e+08 -1.8125e+08 -2.73528e+08 -1.58578e+08 -2.0764e+08 -1.82033e+08 -2.02741e+08 -1.95771e+08 -1.3404e+08 
-1.36848e+09 -3.77285e+09 -6.6564e+09 -7.04662e+09 -8.33647e+09 -9.30307e+09 -9.69758e+09 -1.20882e+10 -1.09657e+10 -1.32054e+10 -1.27588e+10 -1.62647e+10 -1.70109e+10 -1.67855e+10 -2.05975e+10 -2.12241e+10 -2.12148e+10 -2.46973e+10 -2.71109e+10 -2.73887e+10 -2.97748e+10 -2.78108e+10 -2.77006e+10 -2.6999e+10 -2.88581e+10 -2.99026e+10 -3.01233e+10 -3.16431e+10 -3.17978e+10 -2.88261e+10 -2.74005e+10 -2.69271e+10 -2.6814e+10 -2.5532e+10 -2.28502e+10 -2.04027e+10 -1.81883e+10 -1.61518e+10 -1.26473e+10 -1.06844e+10 -8.27171e+09 -6.54311e+09 -5.0366e+09 -3.65254e+09 -2.94094e+09 -2.25145e+09 -1.65825e+09 -1.16325e+09 -9.41023e+08 -6.37409e+08 -6.56355e+08 -4.68924e+08 -3.50592e+08 -2.81038e+08 -3.17361e+08 -3.10322e+08 -2.38478e+08 -2.68904e+08 -1.9572e+08 -2.89639e+08 -1.74121e+08 -2.06871e+08 -2.62444e+08 -1.52308e+08 -2.24619e+08 -2.14345e+08 -1.64857e+08 -2.7317e+08 -2.02766e+08 -2.32245e+08 -1.73111e+08 -2.069e+08 -1.64177e+08 -2.21433e+08 -1.67832e+08 -2.13142e+08 -2.22981e+08 -1.59483e+08 -2.31117e+08 -1.95479e+08 -1.36247e+08 -1.93779e+08 -1.59466e+08 -2.01088e+08 -1.22352e+08 -1.78468e+08 -1.40078e+08 -2.4344e+08 -1.73247e+08 -2.13254e+08 -1.67112e+08 -1.72256e+08 -2.07385e+08 -1.86844e+08 -1.78363e+08 -2.30044e+08 -2.07657e+08 -1.95936e+08 -1.81208e+08 -7.53563e+07 
-1.47894e+09 -4.46678e+09 -5.99287e+09 -7.69371e+09 -8.07139e+09 -9.34402e+09 -1.04999e+10 -1.07167e+10 -1.16711e+10 -1.28673e+10 -1.42492e+10 -1.45479e+10 -1.70222e+10 -1.78265e+10 -1.84604e+10 -2.27704e+10 -2.19541e+10 -2.37306e+10 -2.7785e+10 -2.71831e+10 -2.95219e+10 -2.76849e+10 -2.73662e+10 -2.79394e+10 -2.83413e+10 -2.94454e+10 -3.07987e+10 -3.2347e+10 -3.1514e+10 -2.76915e+10 -2.8066e+10 -2.71617e+10 -2.74289e+10 -2.55221e+10 -2.26641e+10 -2.06194e+10 -1.80511e+10 -1.52838e+10 -1.25483e+10 -1.08856e+10 -8.48447e+09 -6.57758e+09 -5.08083e+09 -3.7654e+09 -2.81341e+09 -2.34967e+09 -1.65433e+09 -1.21063e+09 -8.76415e+08 -7.21661e+08 -5.56296e+08 -5.39222e+08 -4.17536e+08 -3.41525e+08 -2.94983e+08 -2.4666e+08 -2.74702e+08 -2.84822e+08 -2.16223e+08 -2.29246e+08 -2.01768e+08 -2.6606e+08 -1.97857e+08 -1.67537e+08 -2.65636e+08 -1.75784e+08 -1.92632e+08 -2.1072e+08 -2.00307e+08 -2.10375e+08 -2.39823e+08 -2.00935e+08 -2.18144e+08 -1.93775e+08 -1.55881e+08 -2.28985e+08 -1.68292e+08 -2.2462e+08 -2.24665e+08 -2.04024e+08 -1.93876e+08 -1.8947e+08 -1.49422e+08 -1.99738e+08 -1.6117e+08 -1.80649e+08 -1.51567e+08 -1.61781e+08 -1.6921e+08 -2.05877e+08 -1.77373e+08 -1.79839e+08 -1.87325e+08 -1.74093e+08 -1.75314e+08 -2.09407e+08 -2.01606e+08 -1.72831e+08 -2.80119e+08 -6.43645e+07 
-1.59949e+09 -4.10828e+09 -6.27663e+09 -7.38953e+09 -8.75805e+09 -9.29599e+09 -9.82807e+09 -1.05953e+10 -1.21916e+10 -1.34862e+10 -1.33671e+10 -1.45872e+10 -1.62297e+10 -1.90284e+10 -1.88852e+10 -2.05758e+10 -2.47505e+10 -2.24961e+10 -2.61148e+10 -2.91306e+10 -2.90447e+10 -2.81929e+10 -2.68043e+10 -2.73768e+10 -2.86912e+10 -2.91902e+10 -3.19434e+10 -3.34168e+10 -3.09513e+10 -2.74395e+10 -2.72973e+10 -2.75016e+10 -2.79726e+10 -2.54588e+10 -2.33594e+10 -2.08444e+10 -1.74695e+10 -1.51132e+10 -1.23903e+10 -1.0836e+10 -8.57026e+09 -6.49271e+09 -5.22107e+09 -3.74349e+09 -2.97224e+09 -2.15217e+09 -1.681e+09 -1.31856e+09 -8.81278e+08 -6.54468e+08 -6.1486e+08 -4.70861e+08 -4.35173e+08 -3.79046e+08 -3.23952e+08 -3.05941e+08 -2.63767e+08 -2.33632e+08 -2.4125e+08 -2.69033e+08 -2.09815e+08 -1.95755e+08 -2.15934e+08 -2.10419e+08 -2.60959e+08 -1.37681e+08 -2.22345e+08 -2.43916e+08 -1.61859e+08 -2.03895e+08 -2.03419e+08 -1.87642e+08 -2.6608e+08 -1.82139e+08 -2.25485e+08 -2.06287e+08 -1.84143e+08 -1.62821e+08 -2.46626e+08 -1.8954e+08 -1.98454e+08 -2.69368e+08 -1.62871e+08 -2.04279e+08 -1.97456e+08 -1.24406e+08 -2.00042e+08 -1.3415e+08 -2.09931e+08 -1.6084e+08 -1.80635e+08 -1.33246e+08 -2.33862e+08 -1.35005e+08 -1.97155e+08 -1.77502e+08 -1.58102e+08 -2.03702e+08 -2.23753e+08 -1.20974e+08 
-1.47311e+09 -4.15851e+09 -6.46822e+09 -7.56823e+09 -8.51756e+09 -9.17649e+09 -9.55915e+09 -1.17242e+10 -1.09779e+10 -1.3861e+10 -1.32547e+10 -1.47666e+10 -1.63979e+10 -1.8037e+10 -2.12078e+10 -1.93551e+10 -2.31117e+10 -2.49388e+10 -2.50844e+10 -2.93797e+10 -2.82873e+10 -2.78322e+10 -2.6534e+10 -2.67402e+10 -2.90744e+10 -3.10925e+10 -3.25425e+10 -3.328e+10 -3.06815e+10 -2.76907e+10 -2.69312e+10 -2.71172e+10 -2.71641e+10 -2.61848e+10 -2.40274e+10 -2.02509e+10 -1.77695e+10 -1.53072e+10 -1.26708e+10 -1.03094e+10 -8.22432e+09 -6.57904e+09 -5.45283e+09 -3.52223e+09 -3.12677e+09 -2.18957e+09 -1.5563e+09 -1.27634e+09 -1.00791e+09 -6.89525e+08 -5.14005e+08 -5.26171e+08 -3.90998e+08 -3.76591e+08 -3.45601e+08 -2.80474e+08 -2.85502e+08 -2.94186e+08 -2.69819e+08 -2.17962e+08 -2.30319e+08 -2.43796e+08 -1.92969e+08 -2.07258e+08 -1.99437e+08 -1.88013e+08 -2.6634e+08 -1.66415e+08 -1.85356e+08 -2.42088e+08 -1.9058e+08 -1.97237e+08 -1.88014e+08 -2.05568e+08 -2.19694e+08 -2.28222e+08 -1.88439e+08 -2.3041e+08 -2.16049e+08 -1.536e+08 -2.28014e+08 -1.90067e+08 -2.28075e+08 -2.31684e+08 -2.29036e+08 -1.95235e+08 -1.74594e+08 -1.43143e+08 -1.82412e+08 -1.73748e+08 -1.67789e+08 -1.68092e+08 -1.79451e+08 -1.68218e+08 -1.74266e+08 -1.64129e+08 -1.71689e+08 -1.98531e+08 -1.69278e+08 -5.81918e+07 
-1.56179e+09 -4.0483e+09 -6.29179e+09 -7.66264e+09 -8.01827e+09 -9.64002e+09 -9.7348e+09 -1.13965e+10 -1.10606e+10 -1.25436e+10 -1.53164e+10 -1.36077e+10 -1.79522e+10 -1.66779e+10 -2.0695e+10 -2.17068e+10 -2.03376e+10 -2.71736e+10 -2.46466e+10 -2.74551e+10 -2.8499e+10 -2.78999e+10 -2.73732e+10 -2.70394e+10 -2.87295e+10 -3.1875e+10 -3.34497e+10 -3.30296e+10 -2.90605e+10 -2.76742e+10 -2.83656e+10 -2.75163e+10 -2.66857e+10 -2.55836e+10 -2.35998e+10 -2.04253e+10 -1.86694e+10 -1.533e+10 -1.30694e+10 -1.00049e+10 -7.55347e+09 -6.81707e+09 -5.16703e+09 -3.91012e+09 -2.77054e+09 -2.36093e+09 -1.53977e+09 -1.18679e+09 -1.00379e+09 -7.5658e+08 -5.73015e+08 -4.28586e+08 -4.24374e+08 -3.94869e+08 -3.00149e+08 -3.17526e+08 -2.94859e+08 -2.25338e+08 -2.59218e+08 -2.86994e+08 -2.95166e+08 -1.96792e+08 -2.45268e+08 -1.95118e+08 -2.10548e+08 -2.15161e+08 -1.83476e+08 -1.92622e+08 -1.98278e+08 -2.52587e+08 -1.38059e+08 -2.28194e+08 -2.22653e+08 -1.99954e+08 -1.87655e+08 -1.94887e+08 -2.00015e+08 -2.50918e+08 -1.91976e+08 -2.18206e+08 -2.35681e+08 -1.93663e+08 -1.46231e+08 -2.50456e+08 -2.17005e+08 -2.17576e+08 -2.66677e+08 -1.9065e+08 -1.71922e+08 -1.92714e+08 -1.29577e+08 -1.93059e+08 -1.25131e+08 -2.12657e+08 -1.46553e+08 -1.98364e+08 -1.4462e+08 -2.20183e+08 -1.31659e+08 -1.06355e+08 
-1.48208e+09 -3.92194e+09 -6.45796e+09 -7.01646e+09 -8.82935e+09 -9.59079e+09 -9.54515e+09 -1.02633e+10 -1.30091e+10 -1.08766e+10 -1.5889e+10 -1.47551e+10 -1.66575e+10 -1.89767e+10 -1.72495e+10 -2.35247e+10 -2.12711e+10 -2.46341e+10 -2.66572e+10 -2.58791e+10 -2.79535e+10 -2.79875e+10 -2.74486e+10 -2.88122e+10 -2.94689e+10 -3.19499e+10 -3.36118e+10 -3.17068e+10 -2.91667e+10 -2.83797e+10 -2.75332e+10 -2.84522e+10 -2.7344e+10 -2.51589e+10 -2.23848e+10 -2.10562e+10 -1.89039e+10 -1.59398e+10 -1.27505e+10 -1.00557e+10 -7.67385e+09 -6.52591e+09 -4.81422e+09 -4.06018e+09 -2.67384e+09 -2.3495e+09 -1.55795e+09 -1.25043e+09 -8.40369e+08 -7.76493e+08 -6.10373e+08 -4.86389e+08 -4.01255e+08 -3.42591e+08 -3.63107e+08 -2.98485e+08 -2.61896e+08 -2.88935e+08 -2.72118e+08 -2.05966e+08 -2.30978e+08 -2.62868e+08 -2.90437e+08 -2.42162e+08 -2.24539e+08 -1.95451e+08 -2.04954e+08 -1.95299e+08 -2.06705e+08 -1.93576e+08 -1.71198e+08 -2.32517e+08 -1.93671e+08 -1.82776e+08 -2.24547e+08 -2.0807e+08 -2.15637e+08 -1.7523e+08 -2.12028e+08 -2.26056e+08 -2.22105e+08 -1.97621e+08 -2.2146e+08 -2.27832e+08 -1.66753e+08 -2.35399e+08 -2.08354e+08 -2.41307e+08 -2.40437e+08 -2.13479e+08 -2.09525e+08 -1.6741e+08 -1.44444e+08 -1.71419e+08 -1.45304e+08 -1.44299e+08 -2.02528e+08 -1.94371e+08 -1.81122e+08 -8.0745e+07 
-1.18116e+09 -4.0209e+09 -6.41273e+09 -7.43252e+09 -8.95483e+09 -8.65956e+09 -9.97094e+09 -9.8511e+09 -1.33579e+10 -1.25626e+10 -1.28383e+10 -1.7909e+10 -1.4237e+10 -2.04635e+10 -1.73396e+10 -2.16618e+10 -2.37364e+10 -2.19044e+10 -2.66229e+10 -2.69561e+10 -2.76229e+10 -2.86146e+10 -2.72212e+10 -2.8836e+10 -3.07048e+10 -3.27502e+10 -3.24074e+10 -3.12668e+10 -2.91163e+10 -2.8141e+10 -2.78079e+10 -2.87677e+10 -2.75693e+10 -2.54074e+10 -2.27508e+10 -2.07365e+10 -1.85859e+10 -1.57857e+10 -1.28314e+10 -1.03538e+10 -8.00687e+09 -6.30608e+09 -4.59479e+09 -3.6225e+09 -2.92242e+09 -2.25103e+09 -1.54508e+09 -1.25331e+09 -8.98323e+08 -6.56566e+08 -6.06545e+08 -4.70729e+08 -4.43201e+08 -3.77338e+08 -3.09235e+08 -3.14932e+08 -3.04024e+08 -2.50346e+08 -2.46023e+08 -2.68096e+08 -2.44672e+08 -2.20955e+08 -2.05144e+08 -2.35386e+08 -2.69636e+08 -2.71784e+08 -2.29062e+08 -2.19469e+08 -1.89723e+08 -1.67994e+08 -2.31012e+08 -1.86624e+08 -2.0008e+08 -1.47824e+08 -2.6591e+08 -1.50591e+08 -2.37251e+08 -1.91523e+08 -2.29932e+08 -2.07255e+08 -1.95162e+08 -2.11708e+08 -2.34595e+08 -1.84106e+08 -2.23052e+08 -2.26452e+08 -2.44152e+08 -1.5654e+08 -2.61436e+08 -2.12789e+08 -2.29751e+08 -2.5927e+08 -1.9243e+08 -1.67883e+08 -1.66285e+08 -1.19885e+08 -1.97473e+08 -1.1557e+08 -2.2227e+08 -7.23154e+07 
-1.62037e+09 -4.21048e+09 -6.66067e+09 -7.25678e+09 -8.18427e+09 -8.89979e+09 -9.92785e+09 -1.10801e+10 -1.16496e+10 -1.49371e+10 -1.06161e+10 -1.81341e+10 -1.6011e+10 -1.7904e+10 -2.13098e+10 -1.77413e+10 -2.40122e+10 -2.29995e+10 -2.48311e+10 -2.97644e+10 -2.6946e+10 -2.78642e+10 -2.78811e+10 -2.88093e+10 -3.14952e+10 -3.32217e+10 -3.2516e+10 -3.10086e+10 -2.77661e+10 -2.77444e+10 -2.91206e+10 -2.88756e+10 -2.76097e+10 -2.60566e+10 -2.32598e+10 -2.04674e+10 -1.81302e+10 -1.53812e+10 -1.31128e+10 -1.04024e+10 -8.45848e+09 -6.09489e+09 -4.64929e+09 -3.30076e+09 -2.85555e+09 -2.23278e+09 -1.52823e+09 -1.18253e+09 -1.00294e+09 -6.1814e+08 -5.24286e+08 -5.22522e+08 -3.27152e+08 -4.48564e+08 -2.93644e+08 -3.52641e+08 -2.58773e+08 -2.90146e+08 -2.73134e+08 -2.18779e+08 -2.61075e+08 -2.13054e+08 -2.38871e+08 -2.37507e+08 -2.03662e+08 -2.20857e+08 -2.45399e+08 -2.53628e+08 -2.67864e+08 -2.10999e+08 -2.02864e+08 -1.80952e+08 -1.78252e+08 -2.19615e+08 -2.06746e+08 -1.71556e+08 -1.83314e+08 -2.20309e+08 -1.94211e+08 -2.23781e+08 -2.06861e+08 -2.48091e+08 -1.76565e+08 -2.25753e+08 -1.92879e+08 -2.35188e+08 -2.17517e+08 -2.17387e+08 -2.28948e+08 -2.03918e+08 -2.36834e+08 -2.35338e+08 -2.3104e+08 -2.26001e+08 -1.88412e+08 -1.92757e+08 -1.67794e+08 -1.44176e+08 -1.89147e+08 -9.99062e+07 
-1.5906e+09 -4.52549e+09 -5.88632e+09 -7.17114e+09 -7.95385e+09 -9.77273e+09 -9.60713e+09 -1.19754e+10 -1.02267e+10 -1.44797e+10 -1.38053e+10 -1.39307e+10 -2.02049e+10 -1.50135e+10 -2.12034e+10 -1.89428e+10 -2.10828e+10 -2.64633e+10 -2.42175e+10 -2.87266e+10 -2.84507e+10 -2.72603e+10 -2.78053e+10 -2.91153e+10 -3.19094e+10 -3.40871e+10 -3.2047e+10 -2.99766e+10 -2.84407e+10 -2.78779e+10 -2.82172e+10 -2.95215e+10 -2.81201e+10 -2.60129e+10 -2.32572e+10 -2.09947e+10 -1.77496e+10 -1.53824e+10 -1.29374e+10 -1.02803e+10 -8.5336e+09 -6.0891e+09 -4.91903e+09 -3.19794e+09 -2.65426e+09 -2.1604e+09 -1.5467e+09 -1.12408e+09 -9.18191e+08 -7.16174e+08 -5.04439e+08 -4.33201e+08 -4.63953e+08 -2.90482e+08 -3.05643e+08 -3.62772e+08 -2.49009e+08 -3.20393e+08 -2.4661e+08 -2.63106e+08 -2.57833e+08 -2.17541e+08 -2.29981e+08 -2.09905e+08 -2.47648e+08 -2.12126e+08 -2.14479e+08 -2.3274e+08 -2.05529e+08 -2.61556e+08 -2.27116e+08 -2.63539e+08 -2.06242e+08 -2.01014e+08 -1.43454e+08 -2.28696e+08 -1.85933e+08 -2.25446e+08 -1.29576e+08 -2.37996e+08 -2.13208e+08 -2.24654e+08 -1.84638e+08 -2.2791e+08 -2.25815e+08 -2.09422e+08 -2.32419e+08 -2.21553e+08 -1.87111e+08 -2.37007e+08 -2.21716e+08 -2.4045e+08 -2.3175e+08 -2.19407e+08 -2.2053e+08 -2.05798e+08 -2.28836e+08 -1.79937e+08 -1.88961e+08 -9.50109e+07 
-1.72737e+09 -3.78869e+09 -5.81048e+09 -7.46432e+09 -8.20646e+09 -9.66533e+09 -1.01748e+10 -1.07452e+10 -1.20115e+10 -1.21691e+10 -1.68061e+10 -1.18826e+10 -1.90169e+10 -1.77821e+10 -1.6678e+10 -2.33865e+10 -1.93774e+10 -2.59378e+10 -2.68286e+10 -2.64592e+10 -2.88745e+10 -2.82329e+10 -2.6938e+10 -2.99966e+10 -3.24857e+10 -3.35821e+10 -3.14293e+10 -3.02552e+10 -2.85562e+10 -2.73961e+10 -2.83842e+10 -2.9888e+10 -2.76268e+10 -2.59453e+10 -2.38026e+10 -2.07585e+10 -1.85599e+10 -1.54952e+10 -1.24189e+10 -1.00121e+10 -8.46575e+09 -6.20536e+09 -4.94078e+09 -3.46299e+09 -2.62312e+09 -1.95033e+09 -1.48225e+09 -1.09883e+09 -8.93955e+08 -6.62086e+08 -5.45114e+08 -4.35266e+08 -3.92819e+08 -3.53785e+08 -3.55837e+08 -2.18493e+08 -2.88214e+08 -3.07218e+08 -2.37478e+08 -2.68192e+08 -2.59924e+08 -2.35665e+08 -2.52112e+08 -2.37189e+08 -1.69911e+08 -2.66749e+08 -1.98232e+08 -2.0894e+08 -2.21113e+08 -2.18461e+08 -2.39708e+08 -2.29778e+08 -2.21616e+08 -2.47293e+08 -2.31383e+08 -2.00678e+08 -1.98855e+08 -1.41686e+08 -2.28823e+08 -1.97345e+08 -2.29239e+08 -1.43495e+08 -2.28463e+08 -2.13773e+08 -2.22529e+08 -1.74153e+08 -2.81651e+08 -2.087e+08 -2.47202e+08 -2.00255e+08 -2.26572e+08 -2.15908e+08 -2.27356e+08 -2.13756e+08 -2.11894e+08 -2.57158e+08 -2.1509e+08 -2.19736e+08 -2.21166e+08 -1.06697e+08 
-1.21641e+09 -3.82354e+09 -6.31984e+09 -7.18722e+09 -9.10866e+09 -8.38753e+09 -1.08526e+10 -1.03389e+10 -1.32942e+10 -1.08771e+10 -1.59102e+10 -1.62438e+10 -1.26015e+10 -2.04843e+10 -1.65958e+10 -2.30573e+10 -2.2932e+10 -2.23885e+10 -2.88096e+10 -2.67059e+10 -2.73339e+10 -2.79534e+10 -2.81798e+10 -2.99839e+10 -3.27314e+10 -3.25807e+10 -3.23044e+10 -2.97305e+10 -2.75948e+10 -2.87558e+10 -2.90505e+10 -2.84946e+10 -2.76472e+10 -2.63743e+10 -2.37506e+10 -2.10644e+10 -1.90786e+10 -1.54581e+10 -1.24272e+10 -1.002e+10 -8.12638e+09 -6.33539e+09 -4.62252e+09 -3.80686e+09 -2.76894e+09 -1.8239e+09 -1.39143e+09 -1.0255e+09 -9.05694e+08 -6.51315e+08 -4.9469e+08 -4.33196e+08 -3.83138e+08 -3.67123e+08 -2.8707e+08 -3.44465e+08 -2.71198e+08 -2.02821e+08 -2.63151e+08 -2.72967e+08 -2.35617e+08 -2.12013e+08 -2.90478e+08 -2.09869e+08 -2.5869e+08 -2.0784e+08 -2.08239e+08 -2.11735e+08 -2.14679e+08 -2.16872e+08 -1.99255e+08 -2.20421e+08 -2.62104e+08 -2.00895e+08 -2.5109e+08 -1.92334e+08 -2.52387e+08 -2.14285e+08 -2.09117e+08 -1.63296e+08 -2.05317e+08 -1.88202e+08 -2.42652e+08 -1.67717e+08 -1.83655e+08 -2.16672e+08 -2.43814e+08 -2.05805e+08 -2.21004e+08 -2.69389e+08 -2.27636e+08 -2.42432e+08 -2.0009e+08 -2.08186e+08 -2.19491e+08 -1.99067e+08 -2.28527e+08 -2.48788e+08 -2.35291e+08 -1.19213e+08 
-1.24473e+09 -3.95943e+09 -6.57823e+09 -7.0873e+09 -8.66533e+09 -8.85323e+09 -1.02245e+10 -1.14146e+10 -1.18424e+10 -1.40791e+10 -1.17193e+10 -1.80224e+10 -1.22635e+10 -1.79329e+10 -2.1897e+10 -1.88091e+10 -2.59687e+10 -2.27138e+10 -2.70439e+10 -2.77794e+10 -2.66512e+10 -2.7654e+10 -2.91703e+10 -2.9178e+10 -3.29927e+10 -3.25258e+10 -3.14201e+10 -2.93339e+10 -2.84049e+10 -2.91381e+10 -2.92933e+10 -2.84696e+10 -2.72229e+10 -2.55294e+10 -2.41138e+10 -2.19443e+10 -1.88796e+10 -1.53828e+10 -1.30788e+10 -1.02056e+10 -7.77673e+09 -6.29151e+09 -4.50324e+09 -3.65532e+09 -2.9064e+09 -1.94831e+09 -1.42122e+09 -9.57381e+08 -7.52483e+08 -7.33479e+08 -4.98162e+08 -3.85218e+08 -3.61731e+08 -3.30797e+08 -3.4579e+08 -2.9056e+08 -2.48793e+08 -3.23241e+08 -2.39757e+08 -2.02956e+08 -2.22815e+08 -2.55666e+08 -2.25635e+08 -2.10407e+08 -2.60483e+08 -2.25535e+08 -2.22806e+08 -2.36812e+08 -2.1385e+08 -1.6929e+08 -2.46552e+08 -2.05149e+08 -1.87422e+08 -2.1765e+08 -2.34003e+08 -2.65934e+08 -2.11004e+08 -2.20299e+08 -1.93329e+08 -2.36042e+08 -2.14989e+08 -2.30057e+08 -1.49408e+08 -2.18178e+08 -1.60543e+08 -2.64141e+08 -1.46752e+08 -2.15344e+08 -2.61449e+08 -2.23488e+08 -1.92406e+08 -2.86956e+08 -2.16868e+08 -2.72668e+08 -1.82702e+08 -2.11859e+08 -2.24066e+08 -1.94113e+08 -2.14779e+08 -1.39952e+08 
-1.57333e+09 -4.54407e+09 -5.79204e+09 -7.79433e+09 -7.53608e+09 -1.02713e+10 -9.00191e+09 -1.2597e+10 -1.10293e+10 -1.44519e+10 -1.11085e+10 -1.5309e+10 -1.87558e+10 -1.34287e+10 -2.18393e+10 -2.11018e+10 -2.39108e+10 -2.68367e+10 -2.41097e+10 -2.8519e+10 -2.79383e+10 -2.68897e+10 -2.82054e+10 -2.93476e+10 -3.29237e+10 -3.24438e+10 -3.10853e+10 -3.01131e+10 -2.93032e+10 -2.76752e+10 -2.9326e+10 -2.91588e+10 -2.7485e+10 -2.49003e+10 -2.43523e+10 -2.15593e+10 -1.9149e+10 -1.57068e+10 -1.31448e+10 -1.06156e+10 -7.87668e+09 -6.19417e+09 -4.48587e+09 -3.42575e+09 -2.70573e+09 -2.20052e+09 -1.4491e+09 -1.04285e+09 -7.39591e+08 -5.6108e+08 -5.51876e+08 -4.19178e+08 -3.50621e+08 -2.89215e+08 -2.86601e+08 -2.84451e+08 -3.33191e+08 -2.44526e+08 -2.30745e+08 -2.85649e+08 -2.40346e+08 -2.05573e+08 -1.89569e+08 -2.53045e+08 -2.05212e+08 -2.37091e+08 -2.03177e+08 -2.31233e+08 -2.25134e+08 -2.45841e+08 -1.86669e+08 -2.16223e+08 -1.93757e+08 -2.1672e+08 -2.10516e+08 -1.82477e+08 -2.29911e+08 -2.83346e+08 -2.07154e+08 -2.45227e+08 -1.70808e+08 -2.2418e+08 -2.21787e+08 -2.14972e+08 -2.05061e+08 -1.75558e+08 -1.87683e+08 -2.24407e+08 -2.28567e+08 -1.85825e+08 -2.22082e+08 -2.70205e+08 -2.09619e+08 -2.12377e+08 -2.66541e+08 -2.36711e+08 -2.40401e+08 -1.88748e+08 -2.32231e+08 -1.40405e+08 
-1.69977e+09 -3.84674e+09 -6.11939e+09 -7.4197e+09 -7.92328e+09 -9.67513e+09 -9.92551e+09 -1.16711e+10 -1.20107e+10 -1.17493e+10 -1.55801e+10 -1.16202e+10 -1.88616e+10 -1.72307e+10 -1.77526e+10 -2.37596e+10 -2.22724e+10 -2.81619e+10 -2.56953e+10 -2.74509e+10 -2.79008e+10 -2.65464e+10 -2.74439e+10 -2.99314e+10 -3.15759e+10 -3.21274e+10 -3.28737e+10 -3.00537e+10 -2.85663e+10 -2.7688e+10 -2.89598e+10 -2.87299e+10 -2.85222e+10 -2.59232e+10 -2.33523e+10 -2.09771e+10 -1.90348e+10 -1.62615e+10 -1.33573e+10 -1.03766e+10 -8.56626e+09 -6.1736e+09 -4.46838e+09 -3.28579e+09 -2.4699e+09 -2.19043e+09 -1.5393e+09 -1.17889e+09 -7.77562e+08 -5.68069e+08 -4.3777e+08 -4.24948e+08 -3.49471e+08 -3.301e+08 -2.60682e+08 -2.77155e+08 -2.45917e+08 -2.54317e+08 -3.1205e+08 -2.22307e+08 -2.3147e+08 -2.38308e+08 -2.54392e+08 -1.93864e+08 -1.92118e+08 -2.50407e+08 -1.86046e+08 -2.23488e+08 -2.08664e+08 -2.20112e+08 -2.21438e+08 -2.10017e+08 -2.2781e+08 -2.03842e+08 -2.02187e+08 -2.02524e+08 -2.17299e+08 -1.84435e+08 -2.17436e+08 -2.43166e+08 -2.73468e+08 -2.09942e+08 -2.45658e+08 -1.50213e+08 -2.10524e+08 -2.04279e+08 -2.32841e+08 -1.9677e+08 -2.16744e+08 -1.6488e+08 -2.70492e+08 -2.20412e+08 -2.01119e+08 -2.24465e+08 -2.24622e+08 -2.1343e+08 -2.5937e+08 -2.26164e+08 -2.75762e+08 -1.07511e+08 
-1.16934e+09 -3.94416e+09 -6.16121e+09 -7.01159e+09 -8.92586e+09 -8.66674e+09 -1.10469e+10 -9.67888e+09 -1.37002e+10 -1.07366e+10 -1.57554e+10 -1.41417e+10 -1.47333e+10 -2.07237e+10 -1.78448e+10 -2.15656e+10 -2.35049e+10 -2.69186e+10 -2.97572e+10 -2.47397e+10 -2.69173e+10 -2.8171e+10 -2.73866e+10 -2.88833e+10 -3.11765e+10 -3.26414e+10 -3.1819e+10 -3.08552e+10 -2.90203e+10 -2.78706e+10 -2.88721e+10 -2.87935e+10 -2.74224e+10 -2.61048e+10 -2.40864e+10 -2.11547e+10 -1.84078e+10 -1.6044e+10 -1.38813e+10 -1.04546e+10 -8.75172e+09 -6.13231e+09 -4.69595e+09 -3.30451e+09 -2.40574e+09 -2.06921e+09 -1.52443e+09 -1.16461e+09 -8.94568e+08 -6.34712e+08 -4.39209e+08 -3.74295e+08 -3.49416e+08 -2.88244e+08 -3.00158e+08 -2.82538e+08 -2.24678e+08 -2.62538e+08 -2.22595e+08 -2.27154e+08 -2.91339e+08 -2.1974e+08 -2.27615e+08 -2.03805e+08 -2.67835e+08 -1.83719e+08 -2.25988e+08 -2.15725e+08 -1.89043e+08 -1.87287e+08 -2.49831e+08 -1.94395e+08 -1.91717e+08 -2.20419e+08 -2.27686e+08 -1.99329e+08 -2.11154e+08 -2.14099e+08 -1.84505e+08 -2.31089e+08 -1.66677e+08 -2.5574e+08 -2.87296e+08 -2.12928e+08 -2.2708e+08 -1.93923e+08 -1.67122e+08 -2.02277e+08 -2.23333e+08 -2.35854e+08 -2.06819e+08 -2.32941e+08 -1.78941e+08 -2.56705e+08 -2.0671e+08 -1.89743e+08 -2.56711e+08 -2.03953e+08 -2.44925e+08 -1.09698e+08 
-1.26484e+09 -3.54098e+09 -6.43751e+09 -6.90525e+09 -8.97028e+09 -8.38581e+09 -1.08113e+10 -9.95054e+09 -1.30529e+10 -1.36124e+10 -1.23412e+10 -1.63571e+10 -1.49031e+10 -1.84047e+10 -2.14985e+10 -1.98113e+10 -2.57938e+10 -2.35386e+10 -2.8149e+10 -2.83662e+10 -2.69174e+10 -2.74003e+10 -2.7568e+10 -2.90949e+10 -3.15097e+10 -3.11077e+10 -3.11963e+10 -3.14493e+10 -2.91713e+10 -2.96594e+10 -2.9261e+10 -2.79524e+10 -2.66689e+10 -2.53556e+10 -2.50053e+10 -2.16782e+10 -1.84878e+10 -1.56539e+10 -1.3625e+10 -1.08399e+10 -8.72351e+09 -6.09173e+09 -4.89503e+09 -3.50351e+09 -2.47369e+09 -2.0353e+09 -1.46255e+09 -1.03285e+09 -9.59334e+08 -6.54788e+08 -5.32132e+08 -3.9158e+08 -3.32574e+08 -3.26008e+08 -2.3653e+08 -2.60201e+08 -2.60719e+08 -2.62707e+08 -2.10412e+08 -2.50244e+08 -2.06789e+08 -2.07963e+08 -2.62359e+08 -2.44139e+08 -2.12496e+08 -2.08539e+08 -2.38461e+08 -1.97057e+08 -2.25067e+08 -2.00588e+08 -2.18985e+08 -1.63032e+08 -2.29686e+08 -2.16415e+08 -1.76881e+08 -2.1242e+08 -1.93313e+08 -2.32021e+08 -1.9449e+08 -2.27198e+08 -1.95313e+08 -1.92229e+08 -2.4088e+08 -2.02495e+08 -2.6782e+08 -2.38183e+08 -1.93893e+08 -2.52254e+08 -1.76656e+08 -1.79967e+08 -1.9824e+08 -2.69435e+08 -2.21521e+08 -2.15077e+08 -1.58026e+08 -2.39312e+08 -2.42122e+08 -2.19662e+08 -2.1626e+08 -1.24109e+08 
-1.39486e+09 -4.19396e+09 -5.86244e+09 -7.23109e+09 -8.59678e+09 -8.433e+09 -9.85997e+09 -1.24009e+10 -1.09663e+10 -1.44456e+10 -1.32706e+10 -1.49289e+10 -1.71434e+10 -1.62695e+10 -2.22471e+10 -2.23823e+10 -2.36977e+10 -2.33111e+10 -2.55572e+10 -2.99391e+10 -2.81897e+10 -2.69896e+10 -2.84996e+10 -2.9005e+10 -2.97227e+10 -3.18159e+10 -3.1025e+10 -3.07474e+10 -2.96403e+10 -2.91185e+10 -2.94319e+10 -2.87196e+10 -2.74068e+10 -2.5111e+10 -2.39522e+10 -2.15668e+10 -1.93895e+10 -1.58614e+10 -1.32809e+10 -1.07719e+10 -8.66804e+09 -6.13432e+09 -5.13982e+09 -3.6418e+09 -2.59721e+09 -2.02567e+09 -1.47497e+09 -1.09477e+09 -7.47586e+08 -7.47754e+08 -5.12851e+08 -4.61922e+08 -3.72221e+08 -3.10328e+08 -2.82461e+08 -2.79076e+08 -2.06814e+08 -2.3586e+08 -2.41075e+08 -2.33633e+08 -2.2377e+08 -2.3519e+08 -1.94047e+08 -1.97502e+08 -2.503e+08 -2.47041e+08 -2.0462e+08 -2.28943e+08 -1.96977e+08 -2.17933e+08 -1.91467e+08 -2.449e+08 -2.1948e+08 -1.60217e+08 -1.88063e+08 -2.34018e+08 -2.03277e+08 -1.49567e+08 -2.2633e+08 -1.85687e+08 -2.11668e+08 -2.21729e+08 -2.62899e+08 -1.53618e+08 -2.28147e+08 -1.91189e+08 -2.53509e+08 -2.70468e+08 -2.0415e+08 -2.22294e+08 -2.26418e+08 -2.01122e+08 -2.02218e+08 -1.88123e+08 -2.29453e+08 -2.23797e+08 -2.14334e+08 -1.75287e+08 -2.4291e+08 -1.41197e+08 
-1.3283e+09 -4.09675e+09 -5.52968e+09 -7.72545e+09 -7.27524e+09 -1.01671e+10 -9.10822e+09 -1.22741e+10 -1.1832e+10 -1.31106e+10 -1.50566e+10 -1.4406e+10 -1.69889e+10 -1.84928e+10 -2.00038e+10 -2.3122e+10 -2.20577e+10 -2.58305e+10 -2.44823e+10 -2.70526e+10 -2.94901e+10 -2.87184e+10 -2.86317e+10 -2.98011e+10 -2.90048e+10 -2.94e+10 -3.1441e+10 -3.16856e+10 -3.0602e+10 -2.7989e+10 -2.88718e+10 -2.92623e+10 -2.80273e+10 -2.58671e+10 -2.29209e+10 -2.11499e+10 -1.93864e+10 -1.63991e+10 -1.34918e+10 -1.07224e+10 -8.09576e+09 -6.72308e+09 -4.92998e+09 -3.92269e+09 -2.61853e+09 -2.08636e+09 -1.51284e+09 -1.16378e+09 -7.90001e+08 -5.90475e+08 -5.82762e+08 -4.12548e+08 -4.15332e+08 -3.2687e+08 -3.14762e+08 -2.89156e+08 -2.44663e+08 -2.49486e+08 -1.95523e+08 -2.2782e+08 -2.26575e+08 -2.13144e+08 -2.36528e+08 -2.10033e+08 -2.06572e+08 -2.10424e+08 -2.04268e+08 -2.43421e+08 -2.15886e+08 -2.31418e+08 -2.00529e+08 -2.14857e+08 -1.70633e+08 -2.50654e+08 -2.21526e+08 -1.93162e+08 -1.55284e+08 -2.33514e+08 -2.03372e+08 -1.58875e+08 -1.95256e+08 -1.83909e+08 -2.23488e+08 -2.13941e+08 -2.32356e+08 -2.24605e+08 -1.48265e+08 -2.51068e+08 -2.16902e+08 -2.89496e+08 -2.15266e+08 -2.26546e+08 -2.60606e+08 -1.92889e+08 -1.7944e+08 -1.75841e+08 -2.14047e+08 -2.22367e+08 -2.24879e+08 -1.06428e+08 
-1.66092e+09 -3.8978e+09 -5.3951e+09 -7.44336e+09 -7.89772e+09 -9.60032e+09 -1.02059e+10 -1.07132e+10 -1.34946e+10 -1.25414e+10 -1.47829e+10 -1.59e+10 -1.69712e+10 -1.84862e+10 -1.94712e+10 -2.17969e+10 -2.3708e+10 -2.48901e+10 -2.50968e+10 -2.60638e+10 -3.01187e+10 -3.03903e+10 -2.64855e+10 -2.89558e+10 -2.99314e+10 -2.93687e+10 -3.15837e+10 -3.17792e+10 -3.12565e+10 -2.92448e+10 -2.65095e+10 -2.77745e+10 -2.87165e+10 -2.69176e+10 -2.35289e+10 -2.08709e+10 -1.87506e+10 -1.64739e+10 -1.38414e+10 -1.06786e+10 -8.44088e+09 -6.53675e+09 -5.01127e+09 -3.85903e+09 -2.78076e+09 -2.15871e+09 -1.49552e+09 -1.21367e+09 -8.9544e+08 -6.14819e+08 -5.03692e+08 -4.52225e+08 -3.51187e+08 -3.52145e+08 -3.10672e+08 -2.89984e+08 -2.67323e+08 -2.82639e+08 -2.20827e+08 -2.54683e+08 -1.67919e+08 -2.37184e+08 -2.14656e+08 -1.96743e+08 -2.42137e+08 -1.96755e+08 -2.29623e+08 -2.02837e+08 -1.83779e+08 -2.34349e+08 -2.26941e+08 -2.18934e+08 -2.25325e+08 -1.89854e+08 -1.89197e+08 -2.12782e+08 -2.43738e+08 -2.12099e+08 -1.67263e+08 -1.86418e+08 -2.04768e+08 -2.12079e+08 -1.35105e+08 -2.34926e+08 -1.51998e+08 -2.13846e+08 -2.31499e+08 -2.53798e+08 -1.71443e+08 -2.10862e+08 -2.42571e+08 -2.64571e+08 -2.95447e+08 -1.85339e+08 -2.04741e+08 -2.55008e+08 -1.84885e+08 -1.79687e+08 -1.75029e+08 -1.16114e+08 
-1.20894e+09 -3.0422e+09 -6.23723e+09 -6.64629e+09 -9.22369e+09 -8.54046e+09 -1.08964e+10 -1.06714e+10 -1.30788e+10 -1.36617e+10 -1.42651e+10 -1.67506e+10 -1.69642e+10 -1.76005e+10 -1.9639e+10 -2.17896e+10 -2.38761e+10 -2.35308e+10 -2.63459e+10 -2.68539e+10 -2.85365e+10 -2.98815e+10 -2.82674e+10 -2.6833e+10 -2.96874e+10 -3.22733e+10 -3.02929e+10 -3.12975e+10 -3.14068e+10 -2.96614e+10 -2.72688e+10 -2.68213e+10 -2.68818e+10 -2.65507e+10 -2.5213e+10 -2.16375e+10 -1.86134e+10 -1.59366e+10 -1.3524e+10 -1.10364e+10 -8.88315e+09 -6.54092e+09 -4.94355e+09 -3.8649e+09 -2.72268e+09 -2.20083e+09 -1.64907e+09 -1.10151e+09 -9.68321e+08 -7.06656e+08 -5.45047e+08 -4.25978e+08 -3.80475e+08 -3.27676e+08 -2.5066e+08 -3.30195e+08 -2.5571e+08 -2.66995e+08 -2.49828e+08 -2.52155e+08 -2.45553e+08 -2.29677e+08 -1.85064e+08 -2.15052e+08 -2.14864e+08 -2.00476e+08 -2.14464e+08 -2.1378e+08 -2.28752e+08 -1.93879e+08 -2.03488e+08 -2.31245e+08 -1.9899e+08 -2.14786e+08 -2.50572e+08 -1.87024e+08 -2.05639e+08 -1.65334e+08 -2.52941e+08 -2.26913e+08 -1.80345e+08 -1.74067e+08 -2.19483e+08 -1.89727e+08 -1.73308e+08 -1.75162e+08 -1.87005e+08 -1.75632e+08 -2.05279e+08 -2.56827e+08 -2.53661e+08 -1.70722e+08 -2.66833e+08 -2.74601e+08 -2.47518e+08 -2.3402e+08 -1.75523e+08 -2.43127e+08 -2.14139e+08 -1.11772e+08 
-1.21022e+09 -3.98091e+09 -5.64041e+09 -7.73384e+09 -8.02404e+09 -9.46383e+09 -1.01683e+10 -1.19536e+10 -1.20538e+10 -1.49359e+10 -1.39525e+10 -1.63145e+10 -1.64338e+10 -1.8602e+10 -1.9299e+10 -2.23075e+10 -2.2306e+10 -2.54567e+10 -2.55305e+10 -2.67368e+10 -2.69743e+10 -2.96839e+10 -3.05873e+10 -2.79839e+10 -2.83453e+10 -3.11768e+10 -3.06955e+10 -3.1567e+10 -3.08403e+10 -2.91118e+10 -2.8886e+10 -2.67452e+10 -2.63694e+10 -2.55185e+10 -2.50144e+10 -2.26662e+10 -1.89623e+10 -1.58045e+10 -1.34126e+10 -1.0931e+10 -9.20994e+09 -6.65963e+09 -4.99916e+09 -3.77016e+09 -2.74452e+09 -2.17808e+09 -1.65867e+09 -1.20419e+09 -8.55378e+08 -7.63667e+08 -5.84004e+08 -5.36022e+08 -3.70491e+08 -3.5562e+08 -2.89499e+08 -2.76738e+08 -2.13567e+08 -3.07358e+08 -2.36512e+08 -2.39772e+08 -2.48894e+08 -2.08939e+08 -2.76488e+08 -1.98818e+08 -2.21393e+08 -1.98881e+08 -2.15018e+08 -2.12273e+08 -1.86537e+08 -2.42843e+08 -1.87979e+08 -2.28298e+08 -2.19369e+08 -1.90421e+08 -2.13445e+08 -2.09149e+08 -2.3575e+08 -2.23065e+08 -1.8871e+08 -1.73703e+08 -2.37164e+08 -2.0966e+08 -2.01565e+08 -2.09832e+08 -1.92305e+08 -1.8383e+08 -1.87811e+08 -1.36966e+08 -2.12825e+08 -1.52082e+08 -2.15303e+08 -2.26479e+08 -2.85505e+08 -2.41171e+08 -1.9657e+08 -2.75521e+08 -2.32627e+08 -2.50588e+08 -1.98372e+08 -7.89724e+07 
-1.32372e+09 -3.60839e+09 -6.18245e+09 -7.20534e+09 -8.28458e+09 -9.90581e+09 -9.89019e+09 -1.2301e+10 -1.23702e+10 -1.45455e+10 -1.38972e+10 -1.55276e+10 -1.65742e+10 -2.00357e+10 -1.86231e+10 -2.17863e+10 -2.34378e+10 -2.47404e+10 -2.53613e+10 -2.627e+10 -2.66778e+10 -2.85799e+10 -3.12368e+10 -3.1078e+10 -2.82874e+10 -2.92473e+10 -3.09221e+10 -2.97384e+10 -3.03882e+10 -3.11367e+10 -2.84358e+10 -2.6989e+10 -2.69087e+10 -2.58274e+10 -2.39093e+10 -2.19117e+10 -1.94238e+10 -1.64585e+10 -1.37717e+10 -1.08776e+10 -8.75751e+09 -6.79464e+09 -5.38681e+09 -3.59839e+09 -2.79235e+09 -2.17284e+09 -1.61724e+09 -1.15599e+09 -9.82372e+08 -6.71358e+08 -6.00431e+08 -5.05483e+08 -4.67531e+08 -4.02779e+08 -3.60514e+08 -2.74374e+08 -2.49629e+08 -2.55277e+08 -2.05029e+08 -2.58699e+08 -2.56991e+08 -2.11402e+08 -2.45801e+08 -2.16762e+08 -2.29407e+08 -2.22048e+08 -2.25053e+08 -2.08983e+08 -2.23126e+08 -1.9896e+08 -2.03434e+08 -2.13596e+08 -2.02777e+08 -2.22918e+08 -2.17965e+08 -2.03672e+08 -2.31278e+08 -1.72403e+08 -2.21575e+08 -2.6144e+08 -1.7863e+08 -2.0511e+08 -1.74914e+08 -2.47906e+08 -2.15925e+08 -1.77411e+08 -2.05842e+08 -1.91301e+08 -1.4983e+08 -1.92808e+08 -1.82282e+08 -1.93118e+08 -1.6703e+08 -2.27225e+08 -2.88924e+08 -2.51387e+08 -1.97658e+08 -2.3682e+08 -2.7181e+08 -8.28762e+07 
-1.21632e+09 -4.04053e+09 -6.03149e+09 -7.29361e+09 -8.71635e+09 -9.39692e+09 -1.11916e+10 -1.13285e+10 -1.30202e+10 -1.29189e+10 -1.45393e+10 -1.58039e+10 -1.66459e+10 -1.93033e+10 -2.06766e+10 -2.05854e+10 -2.37902e+10 -2.35536e+10 -2.62576e+10 -2.58024e+10 -2.67246e+10 -2.84699e+10 -3.14933e+10 -3.14576e+10 -2.94448e+10 -2.83573e+10 -2.84444e+10 -2.95235e+10 -3.09938e+10 -3.22342e+10 -2.9287e+10 -2.72757e+10 -2.60953e+10 -2.64071e+10 -2.37408e+10 -2.11772e+10 -1.89653e+10 -1.70508e+10 -1.42019e+10 -1.1178e+10 -8.50241e+09 -6.79953e+09 -5.43164e+09 -3.78481e+09 -2.7798e+09 -2.03899e+09 -1.70785e+09 -1.10968e+09 -8.58392e+08 -8.25418e+08 -5.76419e+08 -4.59266e+08 -4.69137e+08 -3.81257e+08 -3.79904e+08 -3.5866e+08 -3.47638e+08 -2.56461e+08 -2.11769e+08 -2.45427e+08 -2.10538e+08 -2.38256e+08 -2.39577e+08 -2.04648e+08 -2.40251e+08 -2.28729e+08 -1.97488e+08 -2.35613e+08 -2.06149e+08 -2.28899e+08 -2.34042e+08 -2.10017e+08 -1.91042e+08 -1.98838e+08 -2.48822e+08 -1.752e+08 -2.25537e+08 -2.37286e+08 -2.07053e+08 -1.98591e+08 -1.97447e+08 -2.3748e+08 -2.20375e+08 -2.0355e+08 -1.80787e+08 -2.55484e+08 -1.66575e+08 -1.9639e+08 -2.12077e+08 -1.8557e+08 -1.8227e+08 -1.8505e+08 -1.67667e+08 -2.29544e+08 -1.98442e+08 -1.67927e+08 -2.12383e+08 -2.8765e+08 -2.19964e+08 -1.048e+08 
-1.49682e+09 -3.81963e+09 -6.09231e+09 -7.78583e+09 -8.69932e+09 -9.58596e+09 -1.09669e+10 -1.12614e+10 -1.23203e+10 -1.30355e+10 -1.43403e+10 -1.64492e+10 -1.71163e+10 -1.76835e+10 -2.27985e+10 -1.98207e+10 -2.27028e+10 -2.44439e+10 -2.57171e+10 -2.64142e+10 -2.74227e+10 -2.94457e+10 -2.87751e+10 -2.95112e+10 -3.04529e+10 -2.90363e+10 -2.99283e+10 -3.04658e+10 -2.96246e+10 -3.03055e+10 -3.03043e+10 -2.86638e+10 -2.63516e+10 -2.56104e+10 -2.3792e+10 -2.15794e+10 -1.8744e+10 -1.63019e+10 -1.40616e+10 -1.17079e+10 -8.901e+09 -6.8866e+09 -5.05077e+09 -3.94571e+09 -2.87187e+09 -1.99489e+09 -1.61992e+09 -1.17595e+09 -8.98507e+08 -6.43049e+08 -6.64481e+08 -5.37573e+08 -3.958e+08 -3.96459e+08 -3.46288e+08 -3.41963e+08 -3.3644e+08 -3.158e+08 -3.20844e+08 -2.88501e+08 -1.97704e+08 -2.54145e+08 -1.84647e+08 -2.28536e+08 -2.2573e+08 -2.24568e+08 -2.22488e+08 -2.28037e+08 -2.0211e+08 -2.17991e+08 -2.04302e+08 -2.24869e+08 -2.41027e+08 -2.408e+08 -1.96347e+08 -1.87308e+08 -2.302e+08 -2.07214e+08 -1.98235e+08 -2.43717e+08 -2.1503e+08 -2.24732e+08 -1.63679e+08 -2.3183e+08 -2.60762e+08 -1.83385e+08 -2.10164e+08 -1.93158e+08 -2.10642e+08 -1.85479e+08 -1.87408e+08 -2.51874e+08 -1.7446e+08 -1.72815e+08 -2.17165e+08 -1.92709e+08 -1.74743e+08 -1.61498e+08 -1.97638e+08 -9.44801e+07 
-1.33426e+09 -4.18138e+09 -6.83493e+09 -7.1961e+09 -8.98748e+09 -9.77506e+09 -1.00884e+10 -1.14916e+10 -1.1924e+10 -1.33814e+10 -1.47255e+10 -1.52304e+10 -1.88832e+10 -1.72804e+10 -2.09183e+10 -2.17935e+10 -2.19458e+10 -2.52601e+10 -2.55933e+10 -2.84221e+10 -2.66105e+10 -2.71255e+10 -2.77557e+10 -2.99394e+10 -3.12393e+10 -3.0926e+10 -3.06672e+10 -2.92255e+10 -2.85289e+10 -2.91534e+10 -3.07552e+10 -2.9534e+10 -2.77928e+10 -2.51301e+10 -2.3233e+10 -2.1822e+10 -1.88543e+10 -1.58324e+10 -1.36679e+10 -1.14307e+10 -9.41225e+09 -7.24144e+09 -4.99194e+09 -3.82636e+09 -2.84581e+09 -2.15034e+09 -1.46736e+09 -1.21297e+09 -8.86711e+08 -7.39579e+08 -5.13881e+08 -5.05644e+08 -4.78081e+08 -4.13043e+08 -3.38569e+08 -3.44394e+08 -2.84851e+08 -2.95691e+08 -3.34975e+08 -2.69106e+08 -2.75167e+08 -3.51525e+08 -2.0751e+08 -2.17968e+08 -2.28514e+08 -1.8786e+08 -2.35793e+08 -2.14033e+08 -2.10284e+08 -2.39768e+08 -2.23569e+08 -1.78773e+08 -2.18287e+08 -2.15633e+08 -2.27912e+08 -2.58896e+08 -2.32745e+08 -1.85668e+08 -1.87241e+08 -2.56567e+08 -1.86808e+08 -2.10399e+08 -2.45589e+08 -2.23561e+08 -2.09583e+08 -2.00872e+08 -2.26634e+08 -2.18489e+08 -1.97617e+08 -1.82091e+08 -2.46289e+08 -1.74506e+08 -2.14601e+08 -2.32615e+08 -2.1655e+08 -1.81864e+08 -1.64766e+08 -1.84251e+08 -2.00054e+08 -5.31085e+07 
-1.5113e+09 -4.92091e+09 -5.72179e+09 -8.61694e+09 -7.76585e+09 -9.68868e+09 -1.03659e+10 -1.07802e+10 -1.30685e+10 -1.23257e+10 -1.5813e+10 -1.43514e+10 -1.87587e+10 -1.84823e+10 -1.85957e+10 -2.29458e+10 -2.26842e+10 -2.61378e+10 -2.63651e+10 -2.73622e+10 -2.57343e+10 -2.59082e+10 -2.71541e+10 -3.09733e+10 -3.30922e+10 -3.22711e+10 -2.89655e+10 -2.89022e+10 -2.95372e+10 -2.76187e+10 -2.9669e+10 -3.0454e+10 -2.84598e+10 -2.57892e+10 -2.37606e+10 -2.1216e+10 -1.84544e+10 -1.65157e+10 -1.31741e+10 -1.13825e+10 -8.94671e+09 -7.2905e+09 -5.40138e+09 -3.91863e+09 -2.61456e+09 -2.31829e+09 -1.43547e+09 -1.22098e+09 -8.05835e+08 -7.48256e+08 -6.42405e+08 -4.1741e+08 -3.93232e+08 -4.22274e+08 -3.39046e+08 -3.6787e+08 -3.16001e+08 -3.0347e+08 -2.57134e+08 -2.72151e+08 -3.11166e+08 -2.6172e+08 -2.50373e+08 -2.95831e+08 -2.91568e+08 -2.01384e+08 -2.58339e+08 -1.82314e+08 -2.23037e+08 -1.91787e+08 -2.3253e+08 -2.27167e+08 -2.29717e+08 -1.98342e+08 -2.13799e+08 -1.74766e+08 -2.49117e+08 -2.47495e+08 -2.43739e+08 -2.27135e+08 -1.84388e+08 -2.16534e+08 -2.21359e+08 -1.9729e+08 -2.46883e+08 -2.40017e+08 -2.25279e+08 -1.74371e+08 -2.26162e+08 -2.22572e+08 -1.89089e+08 -2.36474e+08 -2.31054e+08 -1.96187e+08 -1.98382e+08 -2.31263e+08 -2.34837e+08 -1.58467e+08 -1.60468e+08 -8.6151e+07 
-1.77579e+09 -3.89227e+09 -6.86119e+09 -7.08811e+09 -8.79121e+09 -8.76374e+09 -1.10058e+10 -1.05753e+10 -1.29765e+10 -1.26668e+10 -1.50528e+10 -1.59783e+10 -1.59663e+10 -2.0158e+10 -1.8521e+10 -2.23736e+10 -2.46113e+10 -2.58826e+10 -2.59647e+10 -2.51704e+10 -2.64572e+10 -2.7207e+10 -2.72103e+10 -3.07243e+10 -3.32707e+10 -3.14888e+10 -3.06553e+10 -2.99472e+10 -2.85258e+10 -2.82283e+10 -2.78062e+10 -2.86626e+10 -2.90771e+10 -2.68449e+10 -2.45473e+10 -2.11854e+10 -1.8226e+10 -1.66728e+10 -1.33079e+10 -1.1337e+10 -8.43031e+09 -6.95541e+09 -5.44723e+09 -4.20986e+09 -2.66009e+09 -2.25072e+09 -1.52886e+09 -1.19765e+09 -8.89075e+08 -5.98423e+08 -6.23351e+08 -5.56398e+08 -3.70264e+08 -3.29587e+08 -3.69559e+08 -3.13177e+08 -2.76571e+08 -3.41015e+08 -2.93791e+08 -2.72029e+08 -2.63681e+08 -2.48017e+08 -2.88278e+08 -2.56965e+08 -2.6951e+08 -2.07253e+08 -3.25472e+08 -2.43208e+08 -2.19347e+08 -2.49612e+08 -2.02089e+08 -2.14849e+08 -1.90262e+08 -2.17978e+08 -2.56782e+08 -2.09652e+08 -1.78438e+08 -2.23913e+08 -1.91064e+08 -2.55688e+08 -2.58695e+08 -2.29115e+08 -2.26665e+08 -1.80135e+08 -2.42496e+08 -2.26992e+08 -2.08938e+08 -2.26966e+08 -2.40769e+08 -2.02751e+08 -2.08945e+08 -2.32227e+08 -2.45849e+08 -2.02727e+08 -2.14038e+08 -2.52865e+08 -1.63167e+08 -2.04827e+08 -2.51327e+08 -1.0421e+08 
-1.36043e+09 -4.28251e+09 -6.76074e+09 -6.91773e+09 -8.68321e+09 -9.10913e+09 -1.06261e+10 -1.12018e+10 -1.1998e+10 -1.39426e+10 -1.34442e+10 -1.73564e+10 -1.43727e+10 -2.03454e+10 -2.06536e+10 -2.14315e+10 -2.49618e+10 -2.41732e+10 -2.56883e+10 -2.52852e+10 -2.83345e+10 -2.81502e+10 -2.84353e+10 -2.80041e+10 -3.18519e+10 -3.32234e+10 -3.25343e+10 -2.95791e+10 -2.75262e+10 -2.80418e+10 -2.84983e+10 -2.87002e+10 -2.78606e+10 -2.61435e+10 -2.49175e+10 -2.1993e+10 -1.93587e+10 -1.60203e+10 -1.37161e+10 -1.09262e+10 -8.45589e+09 -6.64596e+09 -5.2032e+09 -4.02078e+09 -3.00475e+09 -2.24448e+09 -1.55352e+09 -1.24697e+09 -9.01799e+08 -6.49334e+08 -5.24238e+08 -4.90546e+08 -4.34544e+08 -4.1573e+08 -2.8025e+08 -3.02893e+08 -3.17526e+08 -2.68625e+08 -2.3173e+08 -3.19753e+08 -2.68228e+08 -2.74681e+08 -2.53496e+08 -2.39822e+08 -2.56471e+08 -2.81195e+08 -2.45496e+08 -2.53783e+08 -1.86591e+08 -3.22963e+08 -2.27138e+08 -2.58488e+08 -2.23944e+08 -2.33224e+08 -1.66283e+08 -2.22931e+08 -2.24869e+08 -2.4641e+08 -1.9237e+08 -1.95438e+08 -2.02661e+08 -2.25145e+08 -2.79387e+08 -2.25986e+08 -2.29247e+08 -2.46644e+08 -2.123e+08 -2.02666e+08 -2.21203e+08 -2.27384e+08 -2.2359e+08 -2.69403e+08 -2.11044e+08 -2.29568e+08 -2.25421e+08 -2.30939e+08 -2.31266e+08 -2.02724e+08 -1.9196e+08 -8.41784e+07 
-1.62628e+09 -4.74929e+09 -5.33692e+09 -8.6307e+09 -7.51934e+09 -9.91207e+09 -1.00119e+10 -1.17875e+10 -1.13239e+10 -1.41592e+10 -1.29608e+10 -1.66961e+10 -1.70862e+10 -1.78125e+10 -2.2482e+10 -2.11261e+10 -2.28186e+10 -2.33546e+10 -2.71126e+10 -2.79348e+10 -2.84017e+10 -2.69593e+10 -2.8652e+10 -2.76183e+10 -3.17041e+10 -3.38436e+10 -3.17749e+10 -3.0423e+10 -2.90037e+10 -2.73608e+10 -2.81148e+10 -2.85088e+10 -2.75684e+10 -2.58043e+10 -2.42955e+10 -2.22235e+10 -2.04383e+10 -1.61671e+10 -1.3852e+10 -1.03333e+10 -8.9117e+09 -6.41065e+09 -4.98353e+09 -3.80331e+09 -2.99381e+09 -2.29409e+09 -1.61291e+09 -1.25395e+09 -9.85976e+08 -6.66494e+08 -5.11228e+08 -4.8239e+08 -4.0551e+08 -3.13306e+08 -4.13218e+08 -3.18435e+08 -2.47353e+08 -2.90893e+08 -2.7051e+08 -2.59515e+08 -2.01653e+08 -2.81985e+08 -2.56944e+08 -2.79527e+08 -2.4314e+08 -2.37514e+08 -2.49202e+08 -2.80762e+08 -2.1368e+08 -2.73537e+08 -2.27196e+08 -1.98086e+08 -2.86242e+08 -2.40247e+08 -2.81903e+08 -2.1935e+08 -2.41447e+08 -1.51737e+08 -2.25198e+08 -2.50083e+08 -2.076e+08 -1.83513e+08 -2.29253e+08 -2.04167e+08 -2.30014e+08 -3.05795e+08 -2.15233e+08 -2.39929e+08 -2.1138e+08 -2.34013e+08 -2.09489e+08 -2.5188e+08 -2.14031e+08 -2.5912e+08 -2.5454e+08 -2.45324e+08 -1.96657e+08 -2.19925e+08 -2.28559e+08 -9.9087e+07 
-1.49712e+09 -3.53286e+09 -6.78034e+09 -7.34891e+09 -8.8503e+09 -8.96436e+09 -1.0223e+10 -1.15894e+10 -1.16133e+10 -1.32109e+10 -1.45168e+10 -1.46548e+10 -1.98041e+10 -1.70473e+10 -2.05407e+10 -2.12123e+10 -2.23159e+10 -2.4469e+10 -2.75455e+10 -2.8847e+10 -2.84182e+10 -2.71128e+10 -2.7435e+10 -2.95059e+10 -3.1048e+10 -3.22467e+10 -3.26907e+10 -3.07617e+10 -2.95386e+10 -2.82325e+10 -2.85203e+10 -2.74848e+10 -2.72669e+10 -2.61294e+10 -2.39071e+10 -2.21349e+10 -1.98224e+10 -1.67824e+10 -1.39412e+10 -1.05342e+10 -8.91756e+09 -6.44702e+09 -4.87437e+09 -3.69405e+09 -2.79089e+09 -2.26092e+09 -1.64231e+09 -1.28052e+09 -9.82705e+08 -7.4146e+08 -5.57433e+08 -4.2691e+08 -4.02518e+08 -3.92637e+08 -2.85723e+08 -2.78853e+08 -3.51787e+08 -2.9107e+08 -2.28883e+08 -2.82572e+08 -2.45312e+08 -2.50432e+08 -1.93132e+08 -2.21413e+08 -2.9815e+08 -2.41277e+08 -2.39969e+08 -2.35612e+08 -2.55901e+08 -2.34748e+08 -2.88193e+08 -1.88967e+08 -2.86449e+08 -1.80354e+08 -2.24601e+08 -2.68959e+08 -2.59373e+08 -2.72945e+08 -2.58937e+08 -1.8817e+08 -1.91723e+08 -2.16563e+08 -2.42859e+08 -1.99775e+08 -1.84705e+08 -2.38347e+08 -2.50434e+08 -2.53552e+08 -2.39534e+08 -2.43808e+08 -2.50233e+08 -2.21811e+08 -2.297e+08 -2.23695e+08 -2.84892e+08 -2.11722e+08 -2.64602e+08 -2.23032e+08 -2.23962e+08 -6.5467e+07 
-1.22551e+09 -4.28336e+09 -6.64459e+09 -7.62499e+09 -8.62428e+09 -9.11515e+09 -9.84531e+09 -1.1239e+10 -1.24316e+10 -1.18677e+10 -1.65166e+10 -1.41493e+10 -1.86594e+10 -1.85201e+10 -1.74775e+10 -2.14814e+10 -2.3816e+10 -2.59339e+10 -2.67866e+10 -2.79458e+10 -2.89186e+10 -2.87925e+10 -2.7397e+10 -2.86421e+10 -3.03636e+10 -3.22947e+10 -3.32903e+10 -3.09672e+10 -2.94257e+10 -2.82988e+10 -2.83798e+10 -2.87003e+10 -2.72836e+10 -2.51954e+10 -2.42939e+10 -2.16985e+10 -1.90528e+10 -1.64785e+10 -1.38677e+10 -1.14977e+10 -8.50105e+09 -6.55102e+09 -5.0635e+09 -3.5998e+09 -2.67091e+09 -2.17262e+09 -1.57783e+09 -1.27708e+09 -9.49158e+08 -7.4981e+08 -6.06702e+08 -4.63707e+08 -4.22567e+08 -2.89975e+08 -3.95079e+08 -3.07954e+08 -2.26121e+08 -2.58196e+08 -3.09118e+08 -2.76788e+08 -2.28334e+08 -2.61898e+08 -2.44345e+08 -2.28189e+08 -2.11574e+08 -1.9697e+08 -2.70632e+08 -2.18192e+08 -2.68569e+08 -2.20872e+08 -2.30303e+08 -2.76382e+08 -2.26614e+08 -2.49795e+08 -2.13394e+08 -2.75744e+08 -1.53857e+08 -2.46116e+08 -2.50424e+08 -2.93969e+08 -2.58201e+08 -2.66024e+08 -1.74382e+08 -2.13725e+08 -2.15153e+08 -2.25269e+08 -2.11387e+08 -2.22834e+08 -2.30719e+08 -2.43537e+08 -2.79972e+08 -2.31854e+08 -2.75349e+08 -2.08335e+08 -2.73318e+08 -2.39669e+08 -2.33274e+08 -2.2107e+08 -2.34852e+08 -1.34703e+08 
-1.67301e+09 -4.6746e+09 -6.34116e+09 -7.7837e+09 -8.11453e+09 -9.52967e+09 -9.88823e+09 -1.03617e+10 -1.32309e+10 -1.23885e+10 -1.53027e+10 -1.66189e+10 -1.49549e+10 -1.93978e+10 -1.77083e+10 -2.1704e+10 -2.4717e+10 -2.52625e+10 -2.68711e+10 -2.93568e+10 -2.8078e+10 -2.85498e+10 -2.81271e+10 -2.76084e+10 -3.07935e+10 -3.22726e+10 -3.31435e+10 -3.24748e+10 -2.89877e+10 -2.78978e+10 -2.82195e+10 -2.86825e+10 -2.84736e+10 -2.57541e+10 -2.34002e+10 -2.12149e+10 -1.88405e+10 -1.61299e+10 -1.36653e+10 -1.13874e+10 -8.62093e+09 -6.85063e+09 -5.15627e+09 -3.61725e+09 -2.77332e+09 -2.05288e+09 -1.4648e+09 -1.2291e+09 -9.43026e+08 -7.13511e+08 -5.68001e+08 -5.02521e+08 -4.08748e+08 -3.94502e+08 -3.09122e+08 -2.8814e+08 -3.30754e+08 -2.76764e+08 -2.10734e+08 -2.20434e+08 -2.90672e+08 -2.44533e+08 -2.51031e+08 -2.29909e+08 -2.75184e+08 -1.90758e+08 -2.28669e+08 -1.91223e+08 -2.19102e+08 -2.72031e+08 -2.07669e+08 -2.45273e+08 -2.1095e+08 -2.63879e+08 -2.39428e+08 -2.69161e+08 -1.81984e+08 -2.53919e+08 -2.58637e+08 -1.38277e+08 -2.55192e+08 -2.57611e+08 -2.95803e+08 -2.55261e+08 -2.62207e+08 -1.97606e+08 -2.12204e+08 -2.19629e+08 -2.14705e+08 -2.24497e+08 -2.47093e+08 -2.45595e+08 -2.5491e+08 -2.54949e+08 -2.87421e+08 -2.93508e+08 -1.84984e+08 -2.20173e+08 -2.50526e+08 -1.24236e+08 
-1.51377e+09 -4.05085e+09 -6.88791e+09 -7.31228e+09 -8.66854e+09 -8.5949e+09 -1.03765e+10 -1.03779e+10 -1.29291e+10 -1.47541e+10 -1.2241e+10 -1.74232e+10 -1.43631e+10 -1.81488e+10 -2.10259e+10 -2.09658e+10 -2.35927e+10 -2.59579e+10 -2.7429e+10 -2.94272e+10 -2.78561e+10 -2.74558e+10 -2.73035e+10 -2.96568e+10 -3.05091e+10 -3.17498e+10 -3.34981e+10 -3.30497e+10 -2.90332e+10 -2.8295e+10 -2.87644e+10 -2.77141e+10 -2.81789e+10 -2.67525e+10 -2.34926e+10 -2.05722e+10 -1.86457e+10 -1.62374e+10 -1.31981e+10 -1.09363e+10 -8.51419e+09 -7.1311e+09 -5.30251e+09 -3.74839e+09 -2.98795e+09 -2.00326e+09 -1.35339e+09 -1.20643e+09 -8.59742e+08 -7.00929e+08 -5.45417e+08 -4.76181e+08 -3.50492e+08 -4.35877e+08 -3.04739e+08 -3.59763e+08 -2.66824e+08 -2.78406e+08 -2.87243e+08 -2.47256e+08 -2.32516e+08 -1.7679e+08 -2.91543e+08 -2.07575e+08 -2.45117e+08 -2.29611e+08 -2.79356e+08 -2.03238e+08 -2.03652e+08 -2.18483e+08 -1.98121e+08 -2.56688e+08 -1.83619e+08 -2.64495e+08 -2.16373e+08 -2.04245e+08 -3.08695e+08 -1.94868e+08 -2.67713e+08 -1.84373e+08 -2.60064e+08 -2.21474e+08 -1.63526e+08 -2.52514e+08 -2.69218e+08 -2.76241e+08 -2.84783e+08 -2.52984e+08 -2.3567e+08 -1.92084e+08 -2.01725e+08 -2.32256e+08 -2.43991e+08 -2.76792e+08 -2.70442e+08 -2.65696e+08 -2.37989e+08 -2.88502e+08 -2.24496e+08 -9.32978e+07 
-1.51511e+09 -4.79988e+09 -6.08305e+09 -7.98459e+09 -7.9547e+09 -9.13397e+09 -9.92189e+09 -1.2217e+10 -1.08648e+10 -1.49979e+10 -1.26657e+10 -1.501e+10 -1.75668e+10 -1.63661e+10 -2.23471e+10 -2.14963e+10 -2.25505e+10 -2.67213e+10 -2.72098e+10 -2.77226e+10 -2.86674e+10 -2.80457e+10 -2.72078e+10 -2.95285e+10 -3.03728e+10 -3.27194e+10 -3.32874e+10 -3.25552e+10 -3.01299e+10 -2.83506e+10 -2.94067e+10 -2.88387e+10 -2.6925e+10 -2.54395e+10 -2.45102e+10 -2.12742e+10 -1.80295e+10 -1.60959e+10 -1.31773e+10 -1.03054e+10 -8.68695e+09 -6.69497e+09 -5.40273e+09 -4.18452e+09 -2.98863e+09 -2.13152e+09 -1.32214e+09 -1.17797e+09 -8.70026e+08 -5.71934e+08 -5.40042e+08 -4.52994e+08 -4.05951e+08 -3.01447e+08 -3.10876e+08 -3.67602e+08 -2.60145e+08 -3.30815e+08 -2.73325e+08 -2.53893e+08 -2.73289e+08 -2.0637e+08 -2.68914e+08 -1.58197e+08 -2.74711e+08 -1.84722e+08 -2.20259e+08 -2.63756e+08 -2.3111e+08 -2.64971e+08 -1.61325e+08 -2.28532e+08 -2.11291e+08 -2.09727e+08 -2.46938e+08 -1.8516e+08 -2.42158e+08 -2.20514e+08 -2.30389e+08 -2.64028e+08 -2.38003e+08 -2.08411e+08 -2.08248e+08 -2.70285e+08 -1.87034e+08 -1.9168e+08 -2.59483e+08 -2.9288e+08 -2.68013e+08 -2.86936e+08 -2.58242e+08 -2.09979e+08 -2.01823e+08 -2.33819e+08 -2.6383e+08 -2.76329e+08 -2.5531e+08 -2.56842e+08 -2.21264e+08 -9.66396e+07 
-1.55485e+09 -3.97163e+09 -6.53664e+09 -7.71727e+09 -7.93097e+09 -9.67455e+09 -9.98988e+09 -1.18945e+10 -1.09852e+10 -1.27205e+10 -1.56262e+10 -1.24982e+10 -1.90471e+10 -1.79064e+10 -1.94131e+10 -2.408e+10 -2.30101e+10 -2.47976e+10 -2.71544e+10 -2.77905e+10 -2.7924e+10 -2.8964e+10 -2.83497e+10 -2.79001e+10 -3.13029e+10 -3.31611e+10 -3.39188e+10 -3.22968e+10 -3.0158e+10 -2.91884e+10 -2.85472e+10 -2.96291e+10 -2.7247e+10 -2.53999e+10 -2.36743e+10 -2.16817e+10 -1.86187e+10 -1.52835e+10 -1.31376e+10 -1.04702e+10 -8.48759e+09 -6.42471e+09 -5.34409e+09 -4.16324e+09 -3.09936e+09 -2.24727e+09 -1.4931e+09 -1.11018e+09 -8.75489e+08 -6.47798e+08 -4.14569e+08 -3.95218e+08 -4.16785e+08 -3.0289e+08 -3.51581e+08 -2.24819e+08 -2.78401e+08 -3.17066e+08 -2.4853e+08 -3.10764e+08 -2.6699e+08 -2.53136e+08 -2.82056e+08 -1.7255e+08 -2.4606e+08 -2.10039e+08 -2.08297e+08 -2.29959e+08 -1.83211e+08 -2.37167e+08 -2.46111e+08 -2.65336e+08 -1.94234e+08 -1.8389e+08 -2.31129e+08 -2.16264e+08 -2.39006e+08 -1.64402e+08 -2.40103e+08 -2.18353e+08 -2.11547e+08 -2.78427e+08 -2.04371e+08 -2.60852e+08 -1.84111e+08 -2.14124e+08 -2.79586e+08 -2.03521e+08 -2.16648e+08 -2.70093e+08 -2.56792e+08 -2.43244e+08 -3.13723e+08 -3.17004e+08 -2.03445e+08 -1.8233e+08 -2.36398e+08 -2.73875e+08 -2.70458e+08 -1.46595e+08 
-1.66427e+09 -4.30317e+09 -6.65807e+09 -7.03134e+09 -9.12154e+09 -8.91941e+09 -1.0883e+10 -9.75753e+09 -1.33126e+10 -9.91118e+09 -1.65936e+10 -1.53205e+10 -1.55363e+10 -2.05462e+10 -1.80858e+10 -2.42071e+10 -2.37657e+10 -2.38933e+10 -2.64149e+10 -2.83999e+10 -2.90859e+10 -2.75171e+10 -2.78815e+10 -2.86841e+10 -3.15751e+10 -3.34059e+10 -3.39602e+10 -3.36936e+10 -2.9411e+10 -2.84811e+10 -2.87694e+10 -2.93441e+10 -2.78738e+10 -2.62939e+10 -2.3012e+10 -2.13693e+10 -1.8655e+10 -1.50746e+10 -1.31617e+10 -1.06076e+10 -8.25003e+09 -6.49566e+09 -5.10315e+09 -4.07724e+09 -3.04212e+09 -2.12544e+09 -1.86291e+09 -1.13626e+09 -8.63278e+08 -6.15489e+08 -5.27946e+08 -3.44998e+08 -3.11436e+08 -3.42024e+08 -2.84793e+08 -2.85821e+08 -2.88996e+08 -2.07861e+08 -2.39315e+08 -2.79374e+08 -2.52555e+08 -2.76463e+08 -2.75701e+08 -2.59613e+08 -2.752e+08 -1.85389e+08 -1.93038e+08 -2.63792e+08 -1.63977e+08 -2.7277e+08 -1.44219e+08 -2.11901e+08 -2.74022e+08 -2.13364e+08 -2.68177e+08 -1.38124e+08 -2.32176e+08 -2.38745e+08 -2.02208e+08 -2.36404e+08 -1.47485e+08 -2.47819e+08 -2.22216e+08 -2.11318e+08 -2.79922e+08 -1.76039e+08 -2.6554e+08 -2.26059e+08 -1.97759e+08 -2.94361e+08 -1.80126e+08 -2.18731e+08 -3.17631e+08 -2.56028e+08 -2.53756e+08 -3.12699e+08 -2.84184e+08 -1.9525e+08 -1.67615e+08 -1.27762e+08 
-1.43844e+09 -4.16239e+09 -6.6702e+09 -7.78617e+09 -8.62849e+09 -8.8141e+09 -1.07214e+10 -9.03153e+09 -1.3226e+10 -1.22162e+10 -1.40369e+10 -1.77497e+10 -1.40001e+10 -2.02867e+10 -2.01114e+10 -2.14851e+10 -2.4256e+10 -2.45816e+10 -2.68495e+10 -2.83794e+10 -2.89397e+10 -2.6885e+10 -2.78706e+10 -2.98009e+10 -3.09437e+10 -3.38971e+10 -3.43242e+10 -3.33047e+10 -2.97576e+10 -2.80794e+10 -2.8752e+10 -2.92329e+10 -2.86634e+10 -2.63676e+10 -2.36486e+10 -2.06177e+10 -1.86168e+10 -1.54884e+10 -1.28208e+10 -1.07095e+10 -8.22922e+09 -6.5644e+09 -4.98701e+09 -3.95119e+09 -2.91497e+09 -2.06918e+09 -1.81127e+09 -1.33653e+09 -8.87752e+08 -6.66871e+08 -4.50823e+08 -4.86474e+08 -2.99768e+08 -3.04992e+08 -2.65904e+08 -2.42417e+08 -2.56591e+08 -2.58978e+08 -2.57278e+08 -2.05419e+08 -2.26219e+08 -2.35315e+08 -2.46055e+08 -2.565e+08 -2.84575e+08 -2.46801e+08 -2.74888e+08 -2.11883e+08 -1.79954e+08 -2.34811e+08 -2.17824e+08 -2.09265e+08 -2.05923e+08 -1.71559e+08 -2.41583e+08 -2.43645e+08 -2.28532e+08 -2.16788e+08 -1.71719e+08 -2.32132e+08 -2.40415e+08 -2.17328e+08 -1.61312e+08 -2.12372e+08 -2.13192e+08 -2.45132e+08 -2.26181e+08 -2.48214e+08 -2.29346e+08 -2.13365e+08 -2.28481e+08 -1.96603e+08 -3.35258e+08 -2.09297e+08 -2.32069e+08 -2.76075e+08 -2.31521e+08 -2.80487e+08 -3.11672e+08 -1.17329e+08 
-1.4662e+09 -4.46943e+09 -6.5382e+09 -7.70584e+09 -8.45778e+09 -8.33736e+09 -1.02301e+10 -1.06223e+10 -1.15454e+10 -1.57153e+10 -1.10612e+10 -1.6799e+10 -1.75903e+10 -1.69094e+10 -2.22946e+10 -1.94328e+10 -2.43047e+10 -2.64946e+10 -2.69788e+10 -2.67205e+10 -2.78432e+10 -2.99521e+10 -2.75798e+10 -2.87387e+10 -3.18815e+10 -3.37356e+10 -3.43244e+10 -3.17192e+10 -2.94627e+10 -2.93029e+10 -2.95626e+10 -2.90783e+10 -2.86624e+10 -2.58226e+10 -2.41679e+10 -2.06291e+10 -1.83711e+10 -1.59527e+10 -1.26245e+10 -1.04345e+10 -8.61013e+09 -6.34379e+09 -5.13786e+09 -3.76966e+09 -2.76627e+09 -2.2351e+09 -1.59918e+09 -1.26691e+09 -9.52157e+08 -7.47936e+08 -5.61873e+08 -3.66206e+08 -4.23955e+08 -3.24505e+08 -2.8787e+08 -2.16341e+08 -2.66124e+08 -1.9207e+08 -2.3304e+08 -2.31953e+08 -2.42907e+08 -2.04195e+08 -2.31991e+08 -1.88423e+08 -2.66242e+08 -2.19698e+08 -2.77758e+08 -2.34674e+08 -2.64287e+08 -2.68955e+08 -1.6633e+08 -1.99592e+08 -2.53421e+08 -1.7145e+08 -2.66085e+08 -1.38507e+08 -2.13781e+08 -2.6202e+08 -1.86501e+08 -2.69503e+08 -1.50994e+08 -2.24234e+08 -2.49149e+08 -2.04033e+08 -2.249e+08 -1.25456e+08 -2.65346e+08 -2.11298e+08 -2.51562e+08 -2.39201e+08 -1.81523e+08 -2.67666e+08 -2.46233e+08 -2.14302e+08 -2.37123e+08 -2.87608e+08 -1.99925e+08 -2.7578e+08 -2.24532e+08 -1.15554e+08 
-1.68494e+09 -4.35217e+09 -6.33616e+09 -7.11137e+09 -8.29251e+09 -8.78784e+09 -9.37562e+09 -1.28735e+10 -1.08333e+10 -1.41096e+10 -1.42303e+10 -1.29764e+10 -2.03603e+10 -1.53832e+10 -2.11548e+10 -2.15959e+10 -2.38351e+10 -2.56398e+10 -2.66813e+10 -2.88108e+10 -2.8178e+10 -2.7968e+10 -2.85451e+10 -2.96279e+10 -3.24817e+10 -3.32306e+10 -3.32379e+10 -3.1269e+10 -2.9558e+10 -2.89008e+10 -3.11925e+10 -2.9542e+10 -2.78333e+10 -2.56412e+10 -2.4208e+10 -2.12975e+10 -1.86039e+10 -1.53085e+10 -1.34381e+10 -1.00901e+10 -8.54308e+09 -6.31223e+09 -5.18485e+09 -3.73321e+09 -2.783e+09 -2.23628e+09 -1.57918e+09 -1.03958e+09 -1.01453e+09 -6.43035e+08 -6.28012e+08 -5.14463e+08 -3.94318e+08 -3.19589e+08 -3.41789e+08 -2.69336e+08 -2.94537e+08 -1.78394e+08 -2.4787e+08 -1.69904e+08 -2.13607e+08 -2.17762e+08 -2.1505e+08 -2.13878e+08 -2.48435e+08 -1.69252e+08 -2.53878e+08 -1.99468e+08 -2.61648e+08 -2.53291e+08 -2.29281e+08 -2.65855e+08 -2.09512e+08 -1.88996e+08 -2.47406e+08 -2.01271e+08 -1.98976e+08 -2.15502e+08 -1.81421e+08 -2.2946e+08 -2.27187e+08 -1.92887e+08 -2.45117e+08 -1.7272e+08 -2.29094e+08 -2.71978e+08 -1.89236e+08 -1.83856e+08 -1.8733e+08 -2.18766e+08 -2.55011e+08 -2.26097e+08 -2.84113e+08 -1.70746e+08 -2.64623e+08 -2.26368e+08 -1.89426e+08 -2.74436e+08 -2.64921e+08 -7.09602e+07 
-1.5022e+09 -4.00466e+09 -5.72561e+09 -7.77688e+09 -7.27287e+09 -9.92926e+09 -1.00235e+10 -1.17857e+10 -1.25038e+10 -1.14456e+10 -1.65065e+10 -1.24702e+10 -1.7708e+10 -1.85966e+10 -1.91054e+10 -2.34806e+10 -2.25428e+10 -2.49149e+10 -2.73982e+10 -3.00241e+10 -2.833e+10 -2.61264e+10 -2.89167e+10 -3.08429e+10 -3.29485e+10 -3.27779e+10 -3.18321e+10 -3.09222e+10 -3.04601e+10 -2.88701e+10 -3.0954e+10 -3.04811e+10 -2.77276e+10 -2.49077e+10 -2.45198e+10 -2.13989e+10 -1.86879e+10 -1.53226e+10 -1.3497e+10 -1.06012e+10 -7.83704e+09 -6.35693e+09 -5.31096e+09 -3.79712e+09 -2.81239e+09 -2.18515e+09 -1.61125e+09 -9.48656e+08 -8.47927e+08 -7.82816e+08 -4.8133e+08 -4.73362e+08 -4.856e+08 -4.21692e+08 -2.99775e+08 -3.09774e+08 -2.82775e+08 -2.49187e+08 -3.03488e+08 -1.69169e+08 -2.34721e+08 -1.62238e+08 -1.96964e+08 -2.03282e+08 -2.10675e+08 -2.05243e+08 -2.24324e+08 -2.25908e+08 -1.878e+08 -2.35211e+08 -2.16633e+08 -2.57175e+08 -2.21255e+08 -2.38711e+08 -2.53942e+08 -1.94914e+08 -2.11502e+08 -2.54566e+08 -1.4521e+08 -2.68575e+08 -1.59155e+08 -2.2182e+08 -2.33638e+08 -1.68548e+08 -2.4178e+08 -2.12301e+08 -2.25734e+08 -2.36486e+08 -2.03508e+08 -2.34578e+08 -1.30309e+08 -2.74036e+08 -2.18164e+08 -2.70799e+08 -2.19682e+08 -1.9126e+08 -2.07345e+08 -2.45742e+08 -2.28462e+08 -5.28676e+07 
-1.29021e+09 -3.98804e+09 -5.25027e+09 -7.83092e+09 -8.55915e+09 -9.17143e+09 -1.15879e+10 -9.43335e+09 -1.39027e+10 -1.11895e+10 -1.47852e+10 -1.6176e+10 -1.35033e+10 -2.10794e+10 -1.8713e+10 -2.21855e+10 -2.33507e+10 -2.59877e+10 -2.76618e+10 -2.7599e+10 -2.89659e+10 -2.83173e+10 -2.81374e+10 -3.09213e+10 -3.33753e+10 -3.23089e+10 -3.12265e+10 -3.10602e+10 -2.9928e+10 -2.96611e+10 -3.04223e+10 -3.04721e+10 -2.81464e+10 -2.59874e+10 -2.38294e+10 -2.13436e+10 -1.8752e+10 -1.5924e+10 -1.30727e+10 -1.06419e+10 -8.16697e+09 -6.14812e+09 -5.18197e+09 -3.98059e+09 -2.89347e+09 -2.09851e+09 -1.55552e+09 -1.0925e+09 -7.08928e+08 -7.13763e+08 -5.9011e+08 -3.9625e+08 -3.47183e+08 -4.37614e+08 -3.46277e+08 -3.85091e+08 -2.66407e+08 -3.07233e+08 -2.55368e+08 -2.37135e+08 -2.79894e+08 -2.02307e+08 -2.23767e+08 -1.76829e+08 -1.73485e+08 -1.86623e+08 -2.16044e+08 -1.82287e+08 -2.08485e+08 -2.68444e+08 -1.54192e+08 -2.60982e+08 -1.87186e+08 -2.38149e+08 -2.27281e+08 -2.1222e+08 -2.58052e+08 -2.14292e+08 -2.03904e+08 -2.61543e+08 -1.9231e+08 -1.76639e+08 -2.39501e+08 -2.10619e+08 -2.19288e+08 -2.12332e+08 -1.56406e+08 -2.6282e+08 -1.92551e+08 -2.37872e+08 -2.59853e+08 -2.10853e+08 -2.19678e+08 -1.77447e+08 -2.27116e+08 -2.32386e+08 -2.25688e+08 -2.33624e+08 -1.60389e+08 -1.22391e+08 
-1.31914e+09 -2.95487e+09 -6.68899e+09 -7.02765e+09 -1.00199e+10 -7.84402e+09 -1.1774e+10 -1.02542e+10 -1.21104e+10 -1.37137e+10 -1.18159e+10 -1.76882e+10 -1.462e+10 -1.85083e+10 -2.01805e+10 -2.09155e+10 -2.49702e+10 -2.55736e+10 -2.68938e+10 -2.75283e+10 -2.86867e+10 -2.86819e+10 -2.855e+10 -3.11525e+10 -3.26354e+10 -3.22645e+10 -3.22532e+10 -3.11085e+10 -2.90743e+10 -2.94223e+10 -3.01782e+10 -3.08867e+10 -2.84423e+10 -2.66391e+10 -2.34048e+10 -2.14419e+10 -1.88762e+10 -1.60648e+10 -1.29004e+10 -1.02836e+10 -8.78115e+09 -6.28002e+09 -4.9915e+09 -4.07624e+09 -2.89002e+09 -2.0144e+09 -1.55574e+09 -1.17603e+09 -7.40768e+08 -5.79455e+08 -5.96144e+08 -4.758e+08 -3.19617e+08 -3.60724e+08 -2.71643e+08 -3.67583e+08 -3.00429e+08 -3.22238e+08 -2.85998e+08 -2.91793e+08 -2.55412e+08 -2.25387e+08 -2.45062e+08 -2.62531e+08 -2.05411e+08 -2.0103e+08 -1.50245e+08 -1.97747e+08 -1.9344e+08 -1.75749e+08 -1.9939e+08 -2.56919e+08 -2.0701e+08 -2.06298e+08 -2.16923e+08 -2.00222e+08 -2.28134e+08 -2.21355e+08 -2.07886e+08 -2.56181e+08 -2.09837e+08 -2.12828e+08 -2.72355e+08 -1.29296e+08 -2.77261e+08 -2.00793e+08 -2.22949e+08 -2.00899e+08 -1.64361e+08 -2.07576e+08 -2.66095e+08 -2.6943e+08 -2.24817e+08 -2.20194e+08 -1.91943e+08 -1.76457e+08 -2.226e+08 -1.80593e+08 -2.96426e+08 -8.34135e+07 
-9.90399e+08 -4.68333e+09 -6.2059e+09 -7.80488e+09 -8.72868e+09 -9.55745e+09 -9.41491e+09 -1.27727e+10 -9.79419e+09 -1.45989e+10 -1.23282e+10 -1.59892e+10 -1.7584e+10 -1.54844e+10 -2.14606e+10 -2.12361e+10 -2.4448e+10 -2.48464e+10 -2.69917e+10 -2.91815e+10 -2.76691e+10 -2.77072e+10 -2.93232e+10 -3.13882e+10 -3.24402e+10 -3.30026e+10 -3.26989e+10 -3.13603e+10 -2.89561e+10 -2.86588e+10 -2.94945e+10 -3.1488e+10 -2.85694e+10 -2.59623e+10 -2.42315e+10 -2.16543e+10 -1.86838e+10 -1.6084e+10 -1.26165e+10 -1.05371e+10 -8.65559e+09 -6.68866e+09 -5.14798e+09 -3.97398e+09 -2.77759e+09 -2.04012e+09 -1.52731e+09 -1.21405e+09 -8.28503e+08 -6.12723e+08 -4.9176e+08 -4.62109e+08 -3.93771e+08 -2.99669e+08 -3.01021e+08 -2.99234e+08 -2.42185e+08 -3.0362e+08 -2.76978e+08 -2.81023e+08 -2.8701e+08 -2.892e+08 -2.58808e+08 -2.25144e+08 -2.27969e+08 -2.86459e+08 -2.00449e+08 -2.22661e+08 -1.6863e+08 -1.92996e+08 -1.67221e+08 -1.94797e+08 -1.79744e+08 -2.14011e+08 -2.69135e+08 -1.68133e+08 -2.39011e+08 -1.88338e+08 -2.19048e+08 -2.08909e+08 -2.06138e+08 -2.21778e+08 -2.42508e+08 -2.20042e+08 -2.66062e+08 -2.07951e+08 -1.53785e+08 -2.6102e+08 -2.35742e+08 -1.82128e+08 -2.44276e+08 -1.5906e+08 -2.80334e+08 -2.32052e+08 -2.21038e+08 -2.28134e+08 -1.6437e+08 -2.21242e+08 -1.91109e+08 -9.80885e+07 
-1.76315e+09 -4.55259e+09 -5.54804e+09 -8.75064e+09 -7.16946e+09 -1.10033e+10 -8.40434e+09 -1.25011e+10 -1.09566e+10 -1.30274e+10 -1.50035e+10 -1.32779e+10 -1.79391e+10 -1.72227e+10 -2.01435e+10 -2.1783e+10 -2.3206e+10 -2.56629e+10 -2.7264e+10 -2.81746e+10 -2.84121e+10 -2.86726e+10 -2.70976e+10 -3.06933e+10 -3.44455e+10 -3.37768e+10 -3.28851e+10 -3.13092e+10 -2.83606e+10 -2.84931e+10 -3.05143e+10 -3.00875e+10 -2.82297e+10 -2.67715e+10 -2.39102e+10 -2.22876e+10 -1.86366e+10 -1.57974e+10 -1.31358e+10 -1.03781e+10 -8.54532e+09 -6.94869e+09 -5.41468e+09 -3.7814e+09 -2.921e+09 -1.94739e+09 -1.54744e+09 -1.199e+09 -8.60656e+08 -6.48962e+08 -5.49706e+08 -4.18672e+08 -3.83704e+08 -3.10438e+08 -3.07545e+08 -2.43482e+08 -2.88259e+08 -2.67739e+08 -2.15734e+08 -2.69673e+08 -2.43572e+08 -2.71619e+08 -2.66571e+08 -2.68848e+08 -2.83969e+08 -2.32193e+08 -2.44422e+08 -2.18585e+08 -2.51767e+08 -2.40544e+08 -1.94847e+08 -1.81319e+08 -1.6985e+08 -1.89074e+08 -1.67167e+08 -2.08209e+08 -2.59177e+08 -1.99306e+08 -2.1566e+08 -2.17194e+08 -1.82734e+08 -1.93075e+08 -2.37817e+08 -1.94301e+08 -2.41544e+08 -2.44788e+08 -1.7853e+08 -3.01487e+08 -1.41838e+08 -2.37491e+08 -3.00823e+08 -2.1682e+08 -2.01827e+08 -1.82912e+08 -1.75838e+08 -2.48891e+08 -2.66543e+08 -2.02825e+08 -1.87055e+08 -5.94933e+07 
-1.5291e+09 -3.81982e+09 -6.0375e+09 -7.92475e+09 -8.43234e+09 -9.02582e+09 -1.0762e+10 -1.01087e+10 -1.32201e+10 -1.1349e+10 -1.52832e+10 -1.39577e+10 -1.67413e+10 -1.93364e+10 -1.88624e+10 -2.1682e+10 -2.32491e+10 -2.60568e+10 -2.6783e+10 -2.82142e+10 -2.75418e+10 -2.80775e+10 -2.83793e+10 -2.98705e+10 -3.40126e+10 -3.58135e+10 -3.27595e+10 -3.03553e+10 -2.93197e+10 -2.89318e+10 -2.95999e+10 -2.96555e+10 -2.82694e+10 -2.67442e+10 -2.41618e+10 -2.21423e+10 -1.86419e+10 -1.61113e+10 -1.34829e+10 -1.04858e+10 -8.37105e+09 -7.07906e+09 -5.50425e+09 -3.66292e+09 -2.99662e+09 -2.14429e+09 -1.43145e+09 -1.24432e+09 -8.62509e+08 -6.58017e+08 -5.5014e+08 -4.92073e+08 -3.64909e+08 -3.41283e+08 -2.87743e+08 -2.56557e+08 -2.40879e+08 -2.35125e+08 -2.67533e+08 -2.62608e+08 -1.91864e+08 -2.62994e+08 -1.96361e+08 -2.53838e+08 -2.87548e+08 -2.15337e+08 -3.01536e+08 -2.41823e+08 -2.39579e+08 -2.33439e+08 -2.58157e+08 -2.16883e+08 -2.28757e+08 -2.01394e+08 -2.00296e+08 -1.58482e+08 -1.72012e+08 -1.97673e+08 -2.17312e+08 -2.52497e+08 -2.035e+08 -2.01696e+08 -2.13242e+08 -2.00639e+08 -1.8985e+08 -2.06229e+08 -2.03431e+08 -2.30472e+08 -2.50554e+08 -2.24076e+08 -2.9959e+08 -1.91956e+08 -2.39954e+08 -2.68787e+08 -1.60771e+08 -1.8087e+08 -1.66269e+08 -2.6088e+08 -2.57629e+08 -1.42459e+08 
-1.40233e+09 -3.42876e+09 -6.97217e+09 -6.27082e+09 -9.93349e+09 -7.6929e+09 -1.19365e+10 -9.78249e+09 -1.29355e+10 -1.17914e+10 -1.40243e+10 -1.58818e+10 -1.62404e+10 -1.86774e+10 -1.9012e+10 -2.24981e+10 -2.3116e+10 -2.61397e+10 -2.60872e+10 -2.72147e+10 -2.75364e+10 -2.81484e+10 -2.99015e+10 -2.955e+10 -3.29859e+10 -3.57613e+10 -3.36414e+10 -3.01211e+10 -2.98742e+10 -2.92259e+10 -2.89435e+10 -2.97565e+10 -2.82617e+10 -2.5935e+10 -2.4495e+10 -2.16061e+10 -1.95165e+10 -1.61195e+10 -1.38945e+10 -1.07187e+10 -8.57751e+09 -6.61344e+09 -5.49281e+09 -3.83702e+09 -2.98915e+09 -2.14788e+09 -1.71977e+09 -1.12648e+09 -9.14873e+08 -6.28706e+08 -5.62762e+08 -4.33707e+08 -4.65705e+08 -3.59996e+08 -2.79053e+08 -3.10717e+08 -2.23418e+08 -2.37021e+08 -2.08586e+08 -2.22691e+08 -2.50616e+08 -2.59503e+08 -1.93627e+08 -2.36013e+08 -1.9849e+08 -1.96718e+08 -3.08517e+08 -2.33501e+08 -2.10723e+08 -3.06408e+08 -2.31917e+08 -2.61274e+08 -2.13337e+08 -2.30642e+08 -2.5585e+08 -2.20197e+08 -2.08762e+08 -1.59317e+08 -1.8368e+08 -1.76456e+08 -2.19174e+08 -2.49268e+08 -2.22549e+08 -2.03716e+08 -2.11407e+08 -1.80988e+08 -1.67125e+08 -2.29218e+08 -1.73058e+08 -2.57139e+08 -2.96312e+08 -2.17188e+08 -2.54164e+08 -2.17682e+08 -2.03103e+08 -2.57132e+08 -2.06502e+08 -1.7515e+08 -1.93511e+08 -5.76078e+07 
-9.88908e+08 -4.24309e+09 -6.34589e+09 -6.7354e+09 -9.48038e+09 -8.76128e+09 -1.05807e+10 -1.12086e+10 -1.11489e+10 -1.3501e+10 -1.32355e+10 -1.63884e+10 -1.58804e+10 -1.84279e+10 -1.97037e+10 -2.31467e+10 -2.30582e+10 -2.49429e+10 -2.55615e+10 -2.60737e+10 -3.02265e+10 -2.86134e+10 -2.81212e+10 -2.96067e+10 -3.35013e+10 -3.41108e+10 -3.51428e+10 -3.21428e+10 -2.89193e+10 -2.78316e+10 -2.91997e+10 -2.93129e+10 -2.94294e+10 -2.58576e+10 -2.3684e+10 -2.15048e+10 -2.00867e+10 -1.63088e+10 -1.36802e+10 -1.14539e+10 -8.56046e+09 -6.50096e+09 -5.13584e+09 -4.17045e+09 -2.98827e+09 -2.12049e+09 -1.7265e+09 -1.38273e+09 -8.46197e+08 -6.70055e+08 -5.16837e+08 -5.03341e+08 -3.75683e+08 -3.70074e+08 -3.56384e+08 -3.24551e+08 -2.4109e+08 -2.79365e+08 -1.90365e+08 -2.31049e+08 -1.9722e+08 -2.02603e+08 -2.44531e+08 -2.37705e+08 -2.1897e+08 -2.0879e+08 -2.09491e+08 -1.86127e+08 -2.26606e+08 -3.02863e+08 -1.92084e+08 -2.50512e+08 -2.66274e+08 -2.70821e+08 -2.29987e+08 -2.41403e+08 -2.13199e+08 -2.37335e+08 -2.41185e+08 -1.96738e+08 -1.67418e+08 -1.81658e+08 -2.25621e+08 -2.19299e+08 -2.22458e+08 -2.25617e+08 -1.815e+08 -2.13416e+08 -1.80711e+08 -2.10324e+08 -2.24909e+08 -2.21441e+08 -2.15652e+08 -2.95463e+08 -1.7632e+08 -2.59188e+08 -2.22375e+08 -2.0404e+08 -2.70713e+08 -6.80341e+07 
-1.2232e+09 -4.43287e+09 -5.11468e+09 -8.36079e+09 -7.86578e+09 -1.04101e+10 -8.96343e+09 -1.20546e+10 -1.08839e+10 -1.41655e+10 -1.32323e+10 -1.59076e+10 -1.58753e+10 -1.89617e+10 -2.01256e+10 -2.25766e+10 -2.35821e+10 -2.25872e+10 -2.65221e+10 -2.81959e+10 -2.9872e+10 -2.79658e+10 -2.79882e+10 -2.88452e+10 -3.18866e+10 -3.54364e+10 -3.60789e+10 -3.18055e+10 -2.90986e+10 -2.73587e+10 -2.90315e+10 -2.95082e+10 -2.93583e+10 -2.59287e+10 -2.40839e+10 -2.16078e+10 -1.93471e+10 -1.67564e+10 -1.40077e+10 -1.12876e+10 -8.67731e+09 -6.60888e+09 -5.19457e+09 -4.13546e+09 -3.01435e+09 -2.17896e+09 -1.6167e+09 -1.43262e+09 -1.0601e+09 -6.82073e+08 -5.33807e+08 -3.80708e+08 -5.1938e+08 -3.41691e+08 -3.06832e+08 -3.28118e+08 -2.87573e+08 -3.15705e+08 -2.25204e+08 -2.6506e+08 -1.71632e+08 -2.24369e+08 -2.11774e+08 -1.87662e+08 -2.02669e+08 -2.55338e+08 -2.20746e+08 -1.82575e+08 -2.24746e+08 -1.87157e+08 -1.72543e+08 -3.00724e+08 -2.50611e+08 -1.79011e+08 -2.87227e+08 -2.40164e+08 -3.04226e+08 -1.92554e+08 -2.28655e+08 -2.47296e+08 -2.39597e+08 -2.36511e+08 -1.75971e+08 -1.86734e+08 -2.06156e+08 -2.13202e+08 -2.2191e+08 -2.22849e+08 -2.16969e+08 -2.35773e+08 -2.09074e+08 -1.54225e+08 -2.21541e+08 -1.90381e+08 -2.08915e+08 -2.79769e+08 -2.14655e+08 -2.22979e+08 -2.53877e+08 -1.14699e+08 
-1.45007e+09 -3.53437e+09 -5.66152e+09 -7.91918e+09 -8.07413e+09 -9.94299e+09 -9.33923e+09 -1.1664e+10 -1.19085e+10 -1.3542e+10 -1.31242e+10 -1.59977e+10 -1.67135e+10 -1.84542e+10 -2.12485e+10 -2.01814e+10 -2.36804e+10 -2.34394e+10 -2.76215e+10 -2.92781e+10 -2.76208e+10 -2.84474e+10 -2.79013e+10 -2.82116e+10 -3.11406e+10 -3.57229e+10 -3.57058e+10 -3.11091e+10 -3.01436e+10 -2.86046e+10 -2.84832e+10 -2.89419e+10 -2.89861e+10 -2.68993e+10 -2.48687e+10 -2.15692e+10 -1.88033e+10 -1.68767e+10 -1.37987e+10 -1.13579e+10 -8.65466e+09 -6.91579e+09 -5.32247e+09 -4.1447e+09 -2.98551e+09 -2.17545e+09 -1.70851e+09 -1.19746e+09 -1.1771e+09 -8.0561e+08 -6.18588e+08 -4.70094e+08 -3.31193e+08 -4.09175e+08 -4.02482e+08 -2.99263e+08 -2.81607e+08 -2.83129e+08 -2.64267e+08 -2.8239e+08 -2.38137e+08 -2.51977e+08 -1.8469e+08 -1.92311e+08 -2.34215e+08 -1.7858e+08 -2.10429e+08 -2.24192e+08 -1.97856e+08 -2.15817e+08 -2.05996e+08 -1.94439e+08 -1.93213e+08 -1.8916e+08 -3.20137e+08 -2.10003e+08 -2.07913e+08 -2.57731e+08 -2.85091e+08 -2.63315e+08 -2.361e+08 -2.17579e+08 -2.31021e+08 -2.53616e+08 -1.92619e+08 -2.05647e+08 -1.76356e+08 -2.50507e+08 -2.37403e+08 -2.36394e+08 -2.25034e+08 -1.89867e+08 -2.30262e+08 -1.63612e+08 -1.76303e+08 -1.99659e+08 -2.21644e+08 -2.08122e+08 -2.92703e+08 -8.61721e+07 
-1.13636e+09 -3.37356e+09 -6.09651e+09 -7.03934e+09 -8.74653e+09 -9.32705e+09 -1.02735e+10 -1.13067e+10 -1.17882e+10 -1.3323e+10 -1.39965e+10 -1.54136e+10 -1.80448e+10 -1.66591e+10 -2.15951e+10 -1.924e+10 -2.42448e+10 -2.68793e+10 -2.57496e+10 -2.78443e+10 -2.75916e+10 -2.86225e+10 -2.81496e+10 -2.85783e+10 -3.14954e+10 -3.35551e+10 -3.40927e+10 -3.26099e+10 -2.96742e+10 -2.97355e+10 -3.01048e+10 -2.80125e+10 -2.74217e+10 -2.78556e+10 -2.5157e+10 -2.18766e+10 -1.92126e+10 -1.63864e+10 -1.33328e+10 -1.11763e+10 -8.9134e+09 -7.37412e+09 -5.12481e+09 -4.27074e+09 -3.04285e+09 -2.23216e+09 -1.64133e+09 -1.25476e+09 -1.00254e+09 -9.01978e+08 -6.21927e+08 -5.57878e+08 -4.69899e+08 -3.60069e+08 -2.75558e+08 -3.97213e+08 -3.37418e+08 -2.75183e+08 -2.81205e+08 -2.61737e+08 -2.2573e+08 -2.68618e+08 -2.61386e+08 -2.16791e+08 -2.42902e+08 -1.47335e+08 -2.38413e+08 -1.9792e+08 -2.15778e+08 -1.87864e+08 -2.08635e+08 -2.14737e+08 -1.8415e+08 -2.13131e+08 -1.99132e+08 -1.69037e+08 -2.52336e+08 -2.84291e+08 -1.96127e+08 -2.45886e+08 -2.4852e+08 -3.21705e+08 -2.23238e+08 -2.05673e+08 -2.54506e+08 -2.1153e+08 -2.46877e+08 -1.98153e+08 -2.58709e+08 -2.59735e+08 -1.99116e+08 -1.94789e+08 -2.47011e+08 -1.89707e+08 -2.11205e+08 -2.12661e+08 -1.4953e+08 -2.07065e+08 -2.11195e+08 -1.24157e+08 
-1.32755e+09 -3.59419e+09 -6.10945e+09 -7.19627e+09 -8.31192e+09 -9.83799e+09 -1.01565e+10 -1.10014e+10 -1.19904e+10 -1.30646e+10 -1.58143e+10 -1.35538e+10 -1.8705e+10 -1.59021e+10 -2.02358e+10 -2.29238e+10 -2.34198e+10 -2.69857e+10 -2.55203e+10 -2.62721e+10 -2.80585e+10 -2.77334e+10 -3.00703e+10 -2.99687e+10 -3.03889e+10 -3.18552e+10 -3.31708e+10 -3.28224e+10 -3.03431e+10 -2.9829e+10 -3.02192e+10 -2.94161e+10 -2.77554e+10 -2.69349e+10 -2.48241e+10 -2.26182e+10 -1.94628e+10 -1.60677e+10 -1.29986e+10 -1.10118e+10 -9.28193e+09 -7.32794e+09 -5.23471e+09 -4.02578e+09 -3.35433e+09 -2.34692e+09 -1.59485e+09 -1.28489e+09 -9.55066e+08 -7.90016e+08 -7.00916e+08 -5.31352e+08 -4.66755e+08 -4.25337e+08 -4.17065e+08 -3.12486e+08 -2.63145e+08 -3.55309e+08 -3.13508e+08 -2.68381e+08 -2.8393e+08 -2.52168e+08 -2.09163e+08 -2.67746e+08 -2.2172e+08 -2.32836e+08 -2.57116e+08 -1.79918e+08 -1.92703e+08 -2.42452e+08 -1.96083e+08 -1.8795e+08 -2.12925e+08 -1.68422e+08 -2.26137e+08 -2.03754e+08 -1.80985e+08 -2.18363e+08 -1.72509e+08 -2.85576e+08 -2.63534e+08 -2.06864e+08 -2.26946e+08 -2.67444e+08 -2.98564e+08 -2.33311e+08 -1.91196e+08 -2.63781e+08 -2.85818e+08 -2.22795e+08 -2.26964e+08 -2.13893e+08 -2.48545e+08 -1.98514e+08 -2.28953e+08 -2.10619e+08 -1.89785e+08 -2.27223e+08 -1.78904e+08 -8.30857e+07 
-1.40568e+09 -3.95573e+09 -6.02053e+09 -7.24856e+09 -8.53737e+09 -9.39315e+09 -1.02597e+10 -1.05523e+10 -1.33478e+10 -1.21262e+10 -1.61281e+10 -1.34547e+10 -1.7028e+10 -1.8743e+10 -1.85294e+10 -2.53442e+10 -2.2479e+10 -2.44193e+10 -2.75306e+10 -2.59322e+10 -2.76936e+10 -2.85032e+10 -2.97438e+10 -3.0385e+10 -3.02285e+10 -3.04514e+10 -3.30135e+10 -3.31758e+10 -3.06727e+10 -2.96857e+10 -3.02505e+10 -3.02708e+10 -2.88479e+10 -2.60299e+10 -2.46962e+10 -2.25912e+10 -1.89241e+10 -1.63218e+10 -1.32897e+10 -1.1271e+10 -8.9546e+09 -7.11505e+09 -5.45301e+09 -3.94743e+09 -3.33722e+09 -2.52237e+09 -1.76602e+09 -1.18905e+09 -9.9798e+08 -7.64657e+08 -6.19226e+08 -5.41262e+08 -4.71297e+08 -3.84145e+08 -4.04635e+08 -3.58255e+08 -3.62166e+08 -3.24972e+08 -2.68523e+08 -2.88968e+08 -3.37022e+08 -2.3932e+08 -2.94318e+08 -2.45307e+08 -2.52812e+08 -1.76939e+08 -2.7088e+08 -2.13583e+08 -2.37027e+08 -2.45905e+08 -1.67877e+08 -2.31837e+08 -2.08793e+08 -2.27467e+08 -1.74027e+08 -1.75435e+08 -2.05233e+08 -2.03109e+08 -2.10341e+08 -2.20892e+08 -1.80573e+08 -2.07602e+08 -2.78506e+08 -2.289e+08 -2.3686e+08 -2.15256e+08 -2.87831e+08 -3.03217e+08 -2.46782e+08 -2.40762e+08 -2.17644e+08 -2.41138e+08 -2.33948e+08 -2.41491e+08 -2.72149e+08 -2.02046e+08 -1.78886e+08 -2.5486e+08 -1.82098e+08 -9.72009e+07 
-1.37234e+09 -3.75838e+09 -6.56241e+09 -6.71166e+09 -8.81248e+09 -8.71426e+09 -1.08256e+10 -1.06163e+10 -1.34697e+10 -1.22197e+10 -1.44451e+10 -1.61252e+10 -1.37787e+10 -2.23312e+10 -1.86403e+10 -2.25434e+10 -2.40348e+10 -2.35985e+10 -2.67121e+10 -2.77045e+10 -2.82724e+10 -2.84463e+10 -2.83488e+10 -3.04776e+10 -3.00084e+10 -3.02007e+10 -3.32965e+10 -3.3626e+10 -3.07169e+10 -2.99577e+10 -3.07043e+10 -3.00359e+10 -2.82295e+10 -2.66499e+10 -2.49132e+10 -2.18161e+10 -1.90837e+10 -1.59388e+10 -1.40635e+10 -1.15063e+10 -8.61068e+09 -6.87071e+09 -5.67006e+09 -3.95805e+09 -3.18575e+09 -2.6026e+09 -1.88e+09 -1.27226e+09 -9.53704e+08 -7.64605e+08 -6.04165e+08 -5.47062e+08 -4.25377e+08 -4.02227e+08 -3.83169e+08 -3.17856e+08 -3.37919e+08 -3.3829e+08 -3.14985e+08 -3.46228e+08 -2.75914e+08 -2.59457e+08 -3.32487e+08 -2.47018e+08 -2.57539e+08 -2.91968e+08 -2.47268e+08 -1.83895e+08 -2.52943e+08 -2.11172e+08 -2.17515e+08 -2.555e+08 -2.23154e+08 -1.91537e+08 -2.36336e+08 -2.18136e+08 -1.83932e+08 -2.03037e+08 -1.52047e+08 -2.40752e+08 -2.05505e+08 -1.74972e+08 -2.48198e+08 -1.72711e+08 -2.03918e+08 -2.8333e+08 -2.4382e+08 -2.57525e+08 -2.75198e+08 -2.58891e+08 -2.67937e+08 -1.97489e+08 -2.30805e+08 -2.70737e+08 -2.39933e+08 -2.79424e+08 -2.35892e+08 -2.27447e+08 -1.89708e+08 -1.18633e+08 
-1.2863e+09 -4.6732e+09 -5.84408e+09 -7.22848e+09 -7.94796e+09 -9.70468e+09 -1.00086e+10 -1.20181e+10 -1.14913e+10 -1.43849e+10 -1.13431e+10 -1.84091e+10 -1.50059e+10 -2.0338e+10 -2.08005e+10 -1.97508e+10 -2.3997e+10 -2.49096e+10 -2.54322e+10 -2.96035e+10 -2.9006e+10 -2.80592e+10 -2.7229e+10 -2.89555e+10 -3.0168e+10 -3.16092e+10 -3.38142e+10 -3.38839e+10 -3.2042e+10 -2.92326e+10 -2.90731e+10 -2.98703e+10 -2.86816e+10 -2.62327e+10 -2.52555e+10 -2.15371e+10 -1.95498e+10 -1.64648e+10 -1.35036e+10 -1.13715e+10 -9.11096e+09 -6.85013e+09 -5.42551e+09 -4.25863e+09 -2.96821e+09 -2.60108e+09 -1.76431e+09 -1.50242e+09 -8.95113e+08 -7.98086e+08 -5.98154e+08 -4.96531e+08 -4.83224e+08 -3.94452e+08 -3.44062e+08 -3.11621e+08 -3.4249e+08 -2.85651e+08 -2.70885e+08 -3.53313e+08 -2.81022e+08 -3.11022e+08 -3.20524e+08 -2.70029e+08 -2.85304e+08 -2.82658e+08 -2.40095e+08 -2.81107e+08 -2.57838e+08 -2.57452e+08 -1.70182e+08 -2.54611e+08 -1.99737e+08 -2.20775e+08 -2.60782e+08 -2.20384e+08 -2.17192e+08 -2.18198e+08 -2.44456e+08 -1.77444e+08 -1.69492e+08 -1.69192e+08 -2.30585e+08 -1.94078e+08 -2.17242e+08 -2.0514e+08 -2.12137e+08 -2.56583e+08 -2.89569e+08 -2.61289e+08 -1.83e+08 -2.70985e+08 -2.28409e+08 -2.60203e+08 -2.65981e+08 -2.21956e+08 -2.61899e+08 -2.78296e+08 -2.54132e+08 -1.30055e+08 
-1.90205e+09 -4.09639e+09 -5.61245e+09 -7.49649e+09 -7.92385e+09 -9.9811e+09 -9.62455e+09 -1.22538e+10 -1.05418e+10 -1.50453e+10 -1.22496e+10 -1.66512e+10 -1.95251e+10 -1.55471e+10 -2.14727e+10 -2.07101e+10 -2.17725e+10 -2.67382e+10 -2.54471e+10 -2.95241e+10 -2.97128e+10 -2.89492e+10 -2.69371e+10 -2.73044e+10 -2.96951e+10 -3.23338e+10 -3.51124e+10 -3.50383e+10 -3.16229e+10 -2.83095e+10 -2.83268e+10 -2.92853e+10 -2.95806e+10 -2.57979e+10 -2.45573e+10 -2.24388e+10 -1.98638e+10 -1.67522e+10 -1.32692e+10 -1.09037e+10 -9.46994e+09 -7.15547e+09 -5.31313e+09 -4.2609e+09 -3.0217e+09 -2.5455e+09 -1.66596e+09 -1.44752e+09 -1.03064e+09 -7.54437e+08 -6.33467e+08 -4.90532e+08 -4.59561e+08 -3.87615e+08 -3.64282e+08 -3.40091e+08 -3.10074e+08 -2.54682e+08 -3.141e+08 -2.78634e+08 -2.42843e+08 -3.0799e+08 -2.82344e+08 -2.93762e+08 -2.98369e+08 -3.23475e+08 -2.58365e+08 -2.94139e+08 -2.36213e+08 -2.72857e+08 -2.70185e+08 -2.71594e+08 -1.99215e+08 -2.28011e+08 -2.21425e+08 -2.03064e+08 -2.40838e+08 -2.56083e+08 -2.37293e+08 -2.24611e+08 -2.1162e+08 -1.98889e+08 -2.04769e+08 -1.35869e+08 -2.08105e+08 -2.25129e+08 -1.99896e+08 -3.08226e+08 -1.84309e+08 -1.61946e+08 -2.75353e+08 -2.63718e+08 -2.28544e+08 -2.2139e+08 -2.71964e+08 -2.41835e+08 -2.35402e+08 -2.65976e+08 -2.60858e+08 -9.36935e+07 
-1.30389e+09 -3.66551e+09 -6.39502e+09 -7.01173e+09 -8.61407e+09 -9.06393e+09 -9.9964e+09 -1.16562e+10 -1.16828e+10 -1.33801e+10 -1.6661e+10 -1.28277e+10 -1.91221e+10 -1.74799e+10 -1.83344e+10 -2.31079e+10 -2.11502e+10 -2.61523e+10 -2.66972e+10 -2.84507e+10 -2.93333e+10 -2.93372e+10 -2.87957e+10 -2.71552e+10 -2.91687e+10 -3.19346e+10 -3.63425e+10 -3.49102e+10 -3.01344e+10 -2.88412e+10 -2.93816e+10 -2.84228e+10 -2.8012e+10 -2.71279e+10 -2.4519e+10 -2.26636e+10 -1.9882e+10 -1.6197e+10 -1.37465e+10 -1.1079e+10 -9.02166e+09 -7.23773e+09 -5.68106e+09 -4.15764e+09 -3.00245e+09 -2.58835e+09 -1.66108e+09 -1.26526e+09 -1.1031e+09 -7.23974e+08 -6.59791e+08 -5.07598e+08 -4.12815e+08 -4.37003e+08 -3.30306e+08 -3.73239e+08 -3.00153e+08 -2.97686e+08 -2.83483e+08 -2.53039e+08 -2.57895e+08 -2.86177e+08 -2.44097e+08 -2.4672e+08 -2.89016e+08 -2.77944e+08 -3.10836e+08 -2.79359e+08 -3.12232e+08 -2.69028e+08 -2.63128e+08 -2.47064e+08 -2.89093e+08 -2.35671e+08 -2.95164e+08 -1.86571e+08 -2.21931e+08 -2.41862e+08 -2.14802e+08 -2.54404e+08 -2.36424e+08 -2.35034e+08 -2.13641e+08 -2.09265e+08 -2.02942e+08 -1.84796e+08 -2.11755e+08 -2.31459e+08 -2.02361e+08 -2.14712e+08 -2.27511e+08 -1.92278e+08 -1.71705e+08 -2.98879e+08 -3.03592e+08 -2.00646e+08 -2.29734e+08 -2.27401e+08 -2.58461e+08 -9.67991e+07 
-1.24833e+09 -4.40268e+09 -6.33904e+09 -7.17131e+09 -8.00756e+09 -9.29223e+09 -1.01672e+10 -1.0865e+10 -1.36919e+10 -1.27723e+10 -1.53543e+10 -1.48603e+10 -1.4777e+10 -2.12876e+10 -1.68317e+10 -2.27828e+10 -2.29447e+10 -2.41664e+10 -2.85739e+10 -2.71282e+10 -2.84088e+10 -2.87924e+10 -3.03941e+10 -2.98534e+10 -2.95856e+10 -3.15143e+10 -3.47882e+10 -3.36316e+10 -3.08248e+10 -2.98033e+10 -2.86465e+10 -2.83356e+10 -2.71643e+10 -2.74559e+10 -2.56206e+10 -2.25426e+10 -1.90209e+10 -1.6635e+10 -1.3852e+10 -1.09901e+10 -9.1435e+09 -7.08499e+09 -5.64999e+09 -4.22094e+09 -3.1778e+09 -2.54852e+09 -1.63398e+09 -1.30424e+09 -9.71357e+08 -7.41903e+08 -5.76903e+08 -5.65977e+08 -4.59616e+08 -3.55774e+08 -3.49657e+08 -3.90751e+08 -2.76118e+08 -3.56947e+08 -2.6013e+08 -2.7474e+08 -2.71955e+08 -2.58066e+08 -2.20878e+08 -2.68712e+08 -2.57014e+08 -2.34149e+08 -2.57445e+08 -2.67496e+08 -2.79837e+08 -3.09213e+08 -2.92646e+08 -3.04895e+08 -2.61779e+08 -2.31175e+08 -2.8456e+08 -2.72703e+08 -2.32581e+08 -2.9378e+08 -2.26627e+08 -2.03448e+08 -2.25489e+08 -2.23824e+08 -2.604e+08 -2.26884e+08 -2.38139e+08 -2.30862e+08 -2.30726e+08 -2.29949e+08 -1.63706e+08 -1.87345e+08 -2.26061e+08 -1.61644e+08 -2.74988e+08 -2.0776e+08 -1.76279e+08 -2.54283e+08 -2.86263e+08 -2.7157e+08 -1.968e+08 -9.604e+07 
-1.60478e+09 -4.50312e+09 -6.22904e+09 -6.9707e+09 -8.05637e+09 -9.28587e+09 -1.06431e+10 -1.12949e+10 -1.27941e+10 -1.38173e+10 -1.24997e+10 -1.77146e+10 -1.35575e+10 -1.91081e+10 -2.06537e+10 -1.95093e+10 -2.53995e+10 -2.33463e+10 -2.77693e+10 -2.7133e+10 -2.88881e+10 -2.91858e+10 -3.04775e+10 -3.04055e+10 -3.10899e+10 -3.17943e+10 -3.19914e+10 -3.3993e+10 -3.1172e+10 -2.92337e+10 -2.85434e+10 -2.86736e+10 -2.79089e+10 -2.71117e+10 -2.52949e+10 -2.25985e+10 -1.90057e+10 -1.66359e+10 -1.36478e+10 -1.11357e+10 -9.11013e+09 -7.04594e+09 -5.52303e+09 -4.28255e+09 -3.31716e+09 -2.46879e+09 -1.75639e+09 -1.27849e+09 -9.24376e+08 -7.57869e+08 -5.23048e+08 -4.71007e+08 -4.79336e+08 -4.23082e+08 -3.34346e+08 -3.09499e+08 -3.2086e+08 -3.53554e+08 -2.42451e+08 -3.36314e+08 -2.61272e+08 -2.58046e+08 -2.40181e+08 -2.67461e+08 -2.17144e+08 -2.36837e+08 -2.66984e+08 -2.34619e+08 -2.42804e+08 -2.49282e+08 -2.56329e+08 -3.01661e+08 -3.11369e+08 -2.8149e+08 -2.87126e+08 -2.55759e+08 -2.57353e+08 -3.05378e+08 -2.27424e+08 -2.4789e+08 -2.87912e+08 -2.10458e+08 -2.27953e+08 -2.30334e+08 -2.36745e+08 -2.86389e+08 -2.51571e+08 -2.32174e+08 -2.04441e+08 -1.90185e+08 -2.15135e+08 -1.90003e+08 -1.79879e+08 -2.29992e+08 -2.02992e+08 -2.6847e+08 -1.97391e+08 -1.86167e+08 -2.68761e+08 -1.16735e+08 
-1.28976e+09 -4.26421e+09 -6.54011e+09 -6.83462e+09 -8.56554e+09 -8.91364e+09 -1.11854e+10 -1.17821e+10 -1.09767e+10 -1.42887e+10 -1.28433e+10 -1.55879e+10 -1.80837e+10 -1.44504e+10 -2.20695e+10 -1.96403e+10 -2.53325e+10 -2.43415e+10 -2.57137e+10 -2.79937e+10 -3.00189e+10 -3.08418e+10 -2.95108e+10 -2.98347e+10 -3.05103e+10 -3.21875e+10 -3.26164e+10 -3.33955e+10 -3.08901e+10 -2.96581e+10 -2.89326e+10 -2.9084e+10 -2.85186e+10 -2.67071e+10 -2.46977e+10 -2.21606e+10 -1.97146e+10 -1.62729e+10 -1.35584e+10 -1.12265e+10 -8.97067e+09 -7.03154e+09 -5.57162e+09 -4.19244e+09 -3.33426e+09 -2.47745e+09 -1.75234e+09 -1.3803e+09 -9.86524e+08 -6.21684e+08 -6.34399e+08 -3.92002e+08 -3.98546e+08 -3.78173e+08 -4.02637e+08 -3.12144e+08 -2.97538e+08 -2.76649e+08 -3.06074e+08 -3.15238e+08 -2.3827e+08 -3.03233e+08 -2.88853e+08 -2.19956e+08 -2.44965e+08 -2.43632e+08 -2.47796e+08 -2.10217e+08 -2.43376e+08 -2.53237e+08 -2.4301e+08 -2.46859e+08 -2.16907e+08 -2.8175e+08 -3.05846e+08 -3.13832e+08 -2.73622e+08 -2.89168e+08 -2.35002e+08 -2.7609e+08 -2.95437e+08 -1.87115e+08 -2.95686e+08 -2.91791e+08 -2.05076e+08 -2.7296e+08 -2.61336e+08 -2.56947e+08 -2.24779e+08 -2.08234e+08 -2.30769e+08 -1.78653e+08 -2.21622e+08 -2.28542e+08 -1.89638e+08 -2.40355e+08 -1.76414e+08 -2.71215e+08 -2.17315e+08 -9.21651e+07 
-1.63903e+09 -4.60603e+09 -6.25732e+09 -7.42203e+09 -8.19801e+09 -9.88994e+09 -1.0044e+10 -1.1599e+10 -1.16804e+10 -1.22346e+10 -1.62575e+10 -1.19986e+10 -1.92156e+10 -1.56796e+10 -1.94363e+10 -2.25708e+10 -2.28268e+10 -2.60796e+10 -2.53484e+10 -2.91816e+10 -3.00715e+10 -3.09439e+10 -2.89046e+10 -2.95466e+10 -2.92777e+10 -3.23871e+10 -3.41851e+10 -3.27451e+10 -3.15002e+10 -3.03366e+10 -2.91193e+10 -2.8949e+10 -2.83871e+10 -2.67124e+10 -2.48951e+10 -2.16671e+10 -1.95309e+10 -1.66239e+10 -1.3649e+10 -1.0856e+10 -8.93595e+09 -7.07524e+09 -5.48599e+09 -4.06325e+09 -3.44595e+09 -2.37936e+09 -1.78942e+09 -1.38107e+09 -1.06836e+09 -7.0514e+08 -5.014e+08 -4.95291e+08 -3.68655e+08 -3.15439e+08 -3.14196e+08 -3.37888e+08 -3.3745e+08 -2.59276e+08 -2.67971e+08 -2.71796e+08 -2.74599e+08 -2.90771e+08 -2.65319e+08 -2.4877e+08 -3.11552e+08 -2.10031e+08 -2.52318e+08 -2.05901e+08 -2.62096e+08 -2.19287e+08 -2.3406e+08 -2.2729e+08 -2.51223e+08 -2.41683e+08 -2.42298e+08 -2.49238e+08 -2.79313e+08 -3.07706e+08 -3.08142e+08 -2.43424e+08 -2.79136e+08 -2.4248e+08 -2.919e+08 -2.78365e+08 -2.01664e+08 -3.56801e+08 -2.89117e+08 -2.16618e+08 -2.58338e+08 -2.15421e+08 -2.73033e+08 -1.84988e+08 -2.11431e+08 -2.35498e+08 -1.94587e+08 -2.43825e+08 -2.44944e+08 -1.78198e+08 -2.21643e+08 -8.1696e+07 
-1.8149e+09 -4.40769e+09 -6.61618e+09 -7.37859e+09 -8.69857e+09 -9.12146e+09 -1.01344e+10 -1.06498e+10 -1.36644e+10 -1.00468e+10 -1.62176e+10 -1.39137e+10 -1.5803e+10 -1.95281e+10 -1.71027e+10 -2.38291e+10 -2.12008e+10 -2.73734e+10 -2.70885e+10 -2.92586e+10 -2.84208e+10 -3.06585e+10 -2.88685e+10 -2.93212e+10 -3.01727e+10 -3.09203e+10 -3.43159e+10 -3.51205e+10 -3.22063e+10 -2.9368e+10 -2.96869e+10 -2.77294e+10 -2.81408e+10 -2.72405e+10 -2.49501e+10 -2.17533e+10 -1.91899e+10 -1.65763e+10 -1.38042e+10 -1.07497e+10 -8.7168e+09 -7.13906e+09 -5.44783e+09 -3.92499e+09 -3.33178e+09 -2.52083e+09 -1.76196e+09 -1.34366e+09 -1.03074e+09 -7.94053e+08 -5.94588e+08 -4.13048e+08 -3.69587e+08 -3.8993e+08 -2.64402e+08 -2.73165e+08 -2.77411e+08 -2.95858e+08 -2.9598e+08 -2.30239e+08 -2.55617e+08 -2.53442e+08 -2.76808e+08 -2.63896e+08 -2.65617e+08 -2.34811e+08 -2.87907e+08 -2.48654e+08 -2.07741e+08 -2.54294e+08 -2.09012e+08 -2.44584e+08 -2.29129e+08 -2.15752e+08 -2.56464e+08 -2.42138e+08 -2.65562e+08 -2.00356e+08 -2.6556e+08 -2.80702e+08 -3.24675e+08 -2.7125e+08 -2.46882e+08 -2.59459e+08 -3.04986e+08 -3.07993e+08 -2.70544e+08 -2.09504e+08 -3.41268e+08 -2.3845e+08 -2.37948e+08 -2.64394e+08 -2.32871e+08 -2.50391e+08 -1.9417e+08 -2.34487e+08 -1.87337e+08 -2.45831e+08 -2.47233e+08 -1.31256e+08 
-1.66203e+09 -4.78645e+09 -6.61433e+09 -7.35799e+09 -8.52448e+09 -8.33983e+09 -1.11888e+10 -9.50899e+09 -1.3545e+10 -1.22998e+10 -1.22539e+10 -1.74123e+10 -1.38131e+10 -2.00488e+10 -1.73248e+10 -2.29331e+10 -2.31731e+10 -2.69085e+10 -2.74544e+10 -2.89154e+10 -2.88375e+10 -2.89337e+10 -2.94288e+10 -2.97137e+10 -3.06029e+10 -3.04395e+10 -3.418e+10 -3.65127e+10 -3.30548e+10 -2.90713e+10 -2.85687e+10 -2.84716e+10 -2.79121e+10 -2.69072e+10 -2.47335e+10 -2.25333e+10 -1.91104e+10 -1.6136e+10 -1.34059e+10 -1.1277e+10 -8.64201e+09 -6.94147e+09 -5.26487e+09 -4.02323e+09 -3.23149e+09 -2.35378e+09 -1.96271e+09 -1.30614e+09 -9.47772e+08 -8.15048e+08 -6.03356e+08 -4.93102e+08 -4.15814e+08 -2.71237e+08 -3.53534e+08 -2.7912e+08 -2.42846e+08 -2.57208e+08 -2.46303e+08 -2.62909e+08 -2.57542e+08 -2.42152e+08 -2.25515e+08 -2.31926e+08 -3.01429e+08 -2.23143e+08 -2.72149e+08 -2.32036e+08 -2.56861e+08 -2.73688e+08 -2.01173e+08 -2.53225e+08 -2.09056e+08 -2.20497e+08 -2.59812e+08 -2.40215e+08 -2.09231e+08 -2.40714e+08 -2.43983e+08 -2.59293e+08 -1.99411e+08 -2.77168e+08 -2.76564e+08 -3.4738e+08 -2.6131e+08 -2.98908e+08 -2.37591e+08 -3.23195e+08 -2.36233e+08 -2.38103e+08 -2.52297e+08 -3.37567e+08 -2.47604e+08 -2.70632e+08 -2.48783e+08 -2.65638e+08 -2.05862e+08 -2.06398e+08 -2.28189e+08 -6.35595e+07 
-1.49512e+09 -4.49258e+09 -6.37379e+09 -7.43022e+09 -8.1238e+09 -8.78463e+09 -1.03698e+10 -1.10577e+10 -1.092e+10 -1.48159e+10 -1.07764e+10 -1.6784e+10 -1.59766e+10 -1.73972e+10 -1.97685e+10 -2.22204e+10 -2.52415e+10 -2.49839e+10 -2.69881e+10 -2.82932e+10 -3.0838e+10 -2.80087e+10 -3.03645e+10 -2.88006e+10 -3.01344e+10 -3.12905e+10 -3.47277e+10 -3.56752e+10 -3.29041e+10 -2.98713e+10 -2.82023e+10 -2.99153e+10 -2.78405e+10 -2.5988e+10 -2.46312e+10 -2.29501e+10 -1.89426e+10 -1.61539e+10 -1.30918e+10 -1.13669e+10 -8.72271e+09 -6.87262e+09 -5.12124e+09 -4.0125e+09 -3.23007e+09 -2.30366e+09 -1.81643e+09 -1.38086e+09 -9.70301e+08 -7.00636e+08 -6.50994e+08 -5.28351e+08 -3.84965e+08 -3.91978e+08 -3.07632e+08 -2.5349e+08 -3.0619e+08 -2.32121e+08 -2.43252e+08 -2.35232e+08 -2.45351e+08 -2.25126e+08 -2.23034e+08 -2.72832e+08 -1.81731e+08 -2.40089e+08 -2.61877e+08 -2.64776e+08 -2.32776e+08 -2.4068e+08 -2.37248e+08 -2.64985e+08 -2.29306e+08 -2.02396e+08 -2.88434e+08 -2.03676e+08 -2.18368e+08 -2.42856e+08 -2.29919e+08 -2.15381e+08 -2.29727e+08 -2.56526e+08 -2.46621e+08 -2.54523e+08 -2.77839e+08 -3.12064e+08 -3.4224e+08 -2.15288e+08 -2.77603e+08 -2.24595e+08 -3.18712e+08 -2.19694e+08 -2.52982e+08 -3.18508e+08 -2.99754e+08 -2.74152e+08 -2.6699e+08 -2.27781e+08 -2.80478e+08 -1.05151e+08 
-1.72328e+09 -4.4257e+09 -5.92348e+09 -7.53083e+09 -8.10372e+09 -9.63529e+09 -8.93503e+09 -1.18802e+10 -1.01876e+10 -1.42503e+10 -1.40234e+10 -1.30788e+10 -1.72702e+10 -1.7302e+10 -2.15247e+10 -2.19307e+10 -2.43906e+10 -2.44104e+10 -2.73253e+10 -2.75142e+10 -3.14794e+10 -3.03907e+10 -2.91303e+10 -2.89137e+10 -2.98325e+10 -3.16697e+10 -3.40641e+10 -3.5371e+10 -3.22416e+10 -3.05058e+10 -2.99506e+10 -2.95036e+10 -2.82218e+10 -2.67824e+10 -2.37344e+10 -2.20592e+10 -1.91094e+10 -1.66882e+10 -1.3174e+10 -1.07816e+10 -8.7716e+09 -7.00427e+09 -5.26919e+09 -3.87876e+09 -3.11736e+09 -2.36569e+09 -1.64229e+09 -1.26351e+09 -1.14456e+09 -6.30739e+08 -6.02736e+08 -4.97019e+08 -5.08858e+08 -3.03808e+08 -3.54969e+08 -3.44776e+08 -2.49175e+08 -2.435e+08 -2.71335e+08 -2.10104e+08 -2.51781e+08 -2.08428e+08 -2.64015e+08 -1.9875e+08 -2.09629e+08 -2.46433e+08 -1.93521e+08 -2.27114e+08 -2.1437e+08 -3.17279e+08 -1.96078e+08 -2.54173e+08 -2.17008e+08 -2.6669e+08 -2.48726e+08 -2.08717e+08 -2.36226e+08 -2.31769e+08 -2.14309e+08 -2.24295e+08 -2.57319e+08 -2.00778e+08 -2.3275e+08 -2.49039e+08 -2.98983e+08 -2.31262e+08 -2.88348e+08 -2.32365e+08 -3.06134e+08 -2.88903e+08 -2.27906e+08 -2.76961e+08 -2.51212e+08 -3.17201e+08 -2.19596e+08 -2.61143e+08 -3.29437e+08 -2.93014e+08 -2.75299e+08 -1.26432e+08 
-1.47011e+09 -4.04078e+09 -6.00843e+09 -8.26447e+09 -7.472e+09 -9.26534e+09 -9.46458e+09 -1.06289e+10 -1.28158e+10 -1.1604e+10 -1.52523e+10 -1.29551e+10 -1.71614e+10 -1.83983e+10 -2.17466e+10 -2.10792e+10 -2.38247e+10 -2.46065e+10 -2.7318e+10 -2.85337e+10 -3.04261e+10 -3.13611e+10 -2.88973e+10 -3.04333e+10 -2.95687e+10 -3.16393e+10 -3.22621e+10 -3.52572e+10 -3.34074e+10 -3.04394e+10 -2.96104e+10 -2.95289e+10 -2.89846e+10 -2.78219e+10 -2.37783e+10 -2.08796e+10 -1.89963e+10 -1.68771e+10 -1.34265e+10 -1.06534e+10 -8.53667e+09 -6.90297e+09 -5.53513e+09 -3.84825e+09 -3.13629e+09 -2.21456e+09 -1.59876e+09 -1.21305e+09 -9.96779e+08 -8.33778e+08 -4.74548e+08 -5.40966e+08 -4.1914e+08 -3.82544e+08 -3.75992e+08 -2.76389e+08 -2.97412e+08 -3.19679e+08 -2.31943e+08 -2.39147e+08 -2.5013e+08 -2.01784e+08 -2.46797e+08 -1.98189e+08 -2.79001e+08 -1.81881e+08 -2.22061e+08 -1.86858e+08 -2.33514e+08 -1.91718e+08 -2.22985e+08 -2.50718e+08 -2.76903e+08 -2.16584e+08 -2.38525e+08 -2.29904e+08 -2.61617e+08 -1.92099e+08 -2.12599e+08 -2.69755e+08 -2.1359e+08 -2.13247e+08 -2.40667e+08 -2.73168e+08 -2.12742e+08 -2.61175e+08 -2.28368e+08 -2.76383e+08 -2.28608e+08 -2.6808e+08 -2.37463e+08 -3.16511e+08 -2.67961e+08 -2.60636e+08 -2.65134e+08 -2.64481e+08 -2.55488e+08 -2.47183e+08 -2.90991e+08 -1.98881e+08 
-1.43058e+09 -4.15476e+09 -6.42445e+09 -7.35422e+09 -8.35486e+09 -8.12117e+09 -1.08961e+10 -9.25939e+09 -1.36665e+10 -1.11031e+10 -1.50467e+10 -1.47025e+10 -1.68755e+10 -1.83189e+10 -2.07562e+10 -2.08735e+10 -2.39779e+10 -2.51554e+10 -2.67009e+10 -3.02978e+10 -2.92234e+10 -3.15194e+10 -2.96856e+10 -3.0476e+10 -2.97288e+10 -3.13567e+10 -3.1289e+10 -3.4575e+10 -3.47976e+10 -3.142e+10 -2.81968e+10 -2.94905e+10 -2.941e+10 -2.73826e+10 -2.4701e+10 -2.13791e+10 -1.84742e+10 -1.62929e+10 -1.36951e+10 -1.09491e+10 -8.63673e+09 -6.56694e+09 -5.47986e+09 -4.14036e+09 -3.01833e+09 -2.15874e+09 -1.51247e+09 -1.25019e+09 -8.68736e+08 -8.29275e+08 -5.93753e+08 -3.76258e+08 -4.8478e+08 -3.71872e+08 -3.53323e+08 -3.03489e+08 -3.12654e+08 -2.70869e+08 -2.6555e+08 -2.7953e+08 -2.53319e+08 -2.37827e+08 -2.34829e+08 -1.98297e+08 -2.34193e+08 -2.08821e+08 -2.52452e+08 -2.09866e+08 -2.10101e+08 -1.68649e+08 -2.37477e+08 -1.82817e+08 -2.35486e+08 -2.05275e+08 -3.07465e+08 -1.98977e+08 -2.36059e+08 -2.09227e+08 -2.48044e+08 -2.38893e+08 -1.77264e+08 -2.22974e+08 -2.94272e+08 -2.34963e+08 -2.19778e+08 -2.72628e+08 -2.15304e+08 -2.28231e+08 -2.09737e+08 -2.54597e+08 -2.58098e+08 -2.70438e+08 -2.68573e+08 -2.55646e+08 -2.93965e+08 -2.32645e+08 -2.76235e+08 -2.61837e+08 -2.57195e+08 -1.05602e+08 
-1.37861e+09 -3.84859e+09 -6.92924e+09 -6.49927e+09 -8.82237e+09 -8.34001e+09 -1.06432e+10 -9.96831e+09 -1.1884e+10 -1.3168e+10 -1.40196e+10 -1.63682e+10 -1.66952e+10 -1.6744e+10 -2.04017e+10 -2.17311e+10 -2.28658e+10 -2.75715e+10 -2.53064e+10 -2.96637e+10 -3.05933e+10 -3.20711e+10 -3.00026e+10 -2.96692e+10 -2.94033e+10 -3.07568e+10 -3.18564e+10 -3.43255e+10 -3.387e+10 -3.20982e+10 -2.9933e+10 -2.85029e+10 -2.85285e+10 -2.68142e+10 -2.54467e+10 -2.19288e+10 -1.86293e+10 -1.58903e+10 -1.34499e+10 -1.1385e+10 -8.75337e+09 -6.51812e+09 -5.25243e+09 -4.22517e+09 -3.01352e+09 -2.16909e+09 -1.4582e+09 -1.24053e+09 -9.12269e+08 -6.65241e+08 -6.55256e+08 -4.76743e+08 -3.13065e+08 -4.03593e+08 -3.60734e+08 -3.13299e+08 -2.93062e+08 -2.55593e+08 -3.01229e+08 -2.43099e+08 -2.77955e+08 -2.29408e+08 -2.826e+08 -2.07667e+08 -2.49172e+08 -2.10524e+08 -1.96854e+08 -2.52503e+08 -2.01346e+08 -2.53328e+08 -1.90551e+08 -1.97115e+08 -1.88549e+08 -2.19013e+08 -2.12731e+08 -1.99412e+08 -2.31635e+08 -2.79056e+08 -1.9229e+08 -2.35109e+08 -2.17801e+08 -2.47696e+08 -2.0436e+08 -2.23778e+08 -2.65654e+08 -2.66331e+08 -2.14238e+08 -2.05569e+08 -2.62728e+08 -2.01123e+08 -2.40206e+08 -2.16766e+08 -2.99446e+08 -2.43573e+08 -2.92882e+08 -2.07801e+08 -2.86211e+08 -2.51439e+08 -2.57195e+08 -1.09189e+08 
-1.19335e+09 -4.27883e+09 -5.98017e+09 -8.10753e+09 -7.58591e+09 -9.4568e+09 -9.32603e+09 -1.11646e+10 -1.12129e+10 -1.40872e+10 -1.41201e+10 -1.58614e+10 -1.6518e+10 -1.76284e+10 -1.82926e+10 -2.37415e+10 -2.20894e+10 -2.76292e+10 -2.59393e+10 -2.85389e+10 -3.16958e+10 -3.27388e+10 -2.95681e+10 -2.91083e+10 -3.0024e+10 -3.05327e+10 -3.14512e+10 -3.31914e+10 -3.55898e+10 -3.20389e+10 -2.97867e+10 -2.85047e+10 -2.83289e+10 -2.66045e+10 -2.53307e+10 -2.2162e+10 -1.88293e+10 -1.61624e+10 -1.34006e+10 -1.11138e+10 -9.11531e+09 -6.69282e+09 -5.11515e+09 -3.93639e+09 -3.15234e+09 -2.20071e+09 -1.53209e+09 -1.13281e+09 -9.44592e+08 -6.86512e+08 -5.38259e+08 -5.20064e+08 -4.11639e+08 -2.87736e+08 -2.88701e+08 -3.8029e+08 -2.65978e+08 -2.86975e+08 -2.81979e+08 -2.13907e+08 -2.85368e+08 -2.04507e+08 -3.31791e+08 -1.95762e+08 -2.5439e+08 -2.29741e+08 -2.15663e+08 -2.52711e+08 -1.81537e+08 -2.66672e+08 -1.8051e+08 -2.6705e+08 -2.01139e+08 -2.259e+08 -1.42606e+08 -2.22287e+08 -1.90396e+08 -2.32563e+08 -1.75065e+08 -2.61279e+08 -2.30316e+08 -2.42099e+08 -2.19425e+08 -2.45434e+08 -2.46302e+08 -1.71317e+08 -2.39053e+08 -2.5682e+08 -2.38827e+08 -2.05025e+08 -2.09869e+08 -2.64589e+08 -2.50591e+08 -2.21384e+08 -2.20648e+08 -2.80466e+08 -2.70747e+08 -2.6519e+08 -2.21809e+08 -1.34575e+08 
-1.69692e+09 -4.51021e+09 -5.61336e+09 -8.35586e+09 -7.88729e+09 -8.92057e+09 -9.45627e+09 -1.14819e+10 -1.18723e+10 -1.35088e+10 -1.42281e+10 -1.54488e+10 -1.57106e+10 -1.99885e+10 -1.7117e+10 -2.36977e+10 -2.33679e+10 -2.52619e+10 -2.78608e+10 -2.86863e+10 -3.11961e+10 -3.21688e+10 -3.08182e+10 -2.89306e+10 -3.03619e+10 -2.92685e+10 -3.06831e+10 -3.31975e+10 -3.7085e+10 -3.17435e+10 -2.8591e+10 -2.90403e+10 -2.86327e+10 -2.68792e+10 -2.48016e+10 -2.19119e+10 -1.95851e+10 -1.58297e+10 -1.3831e+10 -1.09223e+10 -9.27361e+09 -6.69455e+09 -5.38591e+09 -3.70162e+09 -3.02822e+09 -2.25584e+09 -1.68979e+09 -1.13216e+09 -8.6827e+08 -6.83374e+08 -5.79642e+08 -4.534e+08 -3.85163e+08 -4.18532e+08 -2.45781e+08 -2.79506e+08 -2.75204e+08 -3.16866e+08 -2.28587e+08 -2.60241e+08 -2.94227e+08 -1.74318e+08 -2.82133e+08 -1.94574e+08 -3.12104e+08 -2.0787e+08 -2.36666e+08 -2.48761e+08 -2.27354e+08 -2.06262e+08 -2.28441e+08 -2.35852e+08 -2.41981e+08 -2.08021e+08 -2.38481e+08 -1.93944e+08 -1.85204e+08 -1.77045e+08 -1.98099e+08 -2.24459e+08 -1.90506e+08 -2.35587e+08 -2.49599e+08 -2.29368e+08 -2.54795e+08 -2.12735e+08 -2.37806e+08 -1.91295e+08 -1.77441e+08 -2.41874e+08 -2.5443e+08 -2.53364e+08 -2.15521e+08 -2.34218e+08 -2.20121e+08 -2.59296e+08 -2.07627e+08 -2.51262e+08 -2.75535e+08 -1.43262e+08 
-1.33573e+09 -3.40802e+09 -7.14263e+09 -6.95535e+09 -8.4732e+09 -8.85944e+09 -1.01045e+10 -1.1179e+10 -1.25384e+10 -1.27674e+10 -1.2986e+10 -1.69169e+10 -1.4783e+10 -2.08106e+10 -1.97752e+10 -2.03984e+10 -2.51508e+10 -2.49466e+10 -2.8754e+10 -2.94292e+10 -3.05534e+10 -2.76009e+10 -3.09045e+10 -2.99064e+10 -3.14127e+10 -3.07035e+10 -3.24755e+10 -3.25624e+10 -3.30067e+10 -3.1787e+10 -3.1015e+10 -2.91699e+10 -2.77711e+10 -2.68872e+10 -2.49513e+10 -2.18636e+10 -1.98653e+10 -1.57537e+10 -1.38097e+10 -1.10706e+10 -9.22634e+09 -6.76808e+09 -5.68644e+09 -3.61633e+09 -3.01796e+09 -2.18173e+09 -1.76254e+09 -1.19683e+09 -8.80459e+08 -7.14976e+08 -4.58512e+08 -5.23152e+08 -3.83999e+08 -3.40626e+08 -3.28873e+08 -3.04927e+08 -2.18987e+08 -2.73902e+08 -2.58108e+08 -2.70331e+08 -2.13189e+08 -2.28242e+08 -2.90443e+08 -1.92858e+08 -2.56857e+08 -2.16782e+08 -2.14066e+08 -3.00029e+08 -2.01469e+08 -2.3393e+08 -2.3677e+08 -2.09153e+08 -2.47351e+08 -2.18762e+08 -2.70301e+08 -1.80614e+08 -2.47964e+08 -1.71367e+08 -2.38362e+08 -1.41432e+08 -2.17705e+08 -2.07755e+08 -2.54214e+08 -1.77942e+08 -2.34617e+08 -2.384e+08 -2.38015e+08 -2.0941e+08 -2.09842e+08 -2.1302e+08 -1.90205e+08 -2.39262e+08 -2.35536e+08 -2.41955e+08 -2.35005e+08 -1.92356e+08 -2.59896e+08 -2.43072e+08 -2.50989e+08 -7.3478e+07 
-1.23139e+09 -4.64323e+09 -5.69673e+09 -7.8905e+09 -8.03538e+09 -9.61621e+09 -1.02551e+10 -1.12571e+10 -1.11473e+10 -1.37689e+10 -1.20587e+10 -1.67615e+10 -1.77471e+10 -1.79106e+10 -2.29598e+10 -1.91343e+10 -2.52098e+10 -2.59017e+10 -2.97587e+10 -2.83607e+10 -3.13992e+10 -2.49495e+10 -2.61469e+10 -2.84218e+10 -3.45777e+10 -3.55387e+10 -3.30932e+10 -3.4778e+10 -2.95295e+10 -2.69748e+10 -3.10911e+10 -3.27385e+10 -2.89279e+10 -2.5743e+10 -2.43773e+10 -2.24268e+10 -1.95305e+10 -1.63617e+10 -1.34355e+10 -1.11914e+10 -8.92824e+09 -7.20779e+09 -5.54198e+09 -3.96127e+09 -3.03565e+09 -2.14837e+09 -1.65446e+09 -1.3003e+09 -9.59144e+08 -6.64884e+08 -6.0958e+08 -3.23077e+08 -4.21305e+08 -3.84187e+08 -3.25672e+08 -2.53357e+08 -2.88997e+08 -2.61153e+08 -2.03978e+08 -2.77082e+08 -2.38391e+08 -2.53244e+08 -1.9688e+08 -2.03066e+08 -2.56601e+08 -2.51087e+08 -2.12387e+08 -2.34852e+08 -1.80337e+08 -3.04997e+08 -1.97928e+08 -2.49305e+08 -2.41692e+08 -2.36274e+08 -1.85166e+08 -2.38255e+08 -2.66679e+08 -2.13879e+08 -1.97221e+08 -2.29116e+08 -2.07209e+08 -2.04207e+08 -1.90351e+08 -2.08892e+08 -2.41119e+08 -2.00404e+08 -1.95795e+08 -1.96789e+08 -2.34146e+08 -2.5554e+08 -1.9364e+08 -2.31058e+08 -1.98095e+08 -1.84321e+08 -2.48062e+08 -2.11298e+08 -2.6216e+08 -2.21274e+08 -2.40717e+08 -1.04019e+08 
-1.08482e+09 -3.25304e+09 -6.16301e+09 -7.94124e+09 -8.48621e+09 -9.65312e+09 -9.78888e+09 -1.16112e+10 -1.00081e+10 -1.37427e+10 -1.49436e+10 -1.35921e+10 -2.05659e+10 -1.62095e+10 -2.25963e+10 -2.28358e+10 -2.57132e+10 -2.56402e+10 -2.93223e+10 -2.43256e+10 -2.76948e+10 -2.82707e+10 -2.63789e+10 -2.79738e+10 -3.40765e+10 -3.67504e+10 -3.5397e+10 -3.44421e+10 -2.80562e+10 -2.869e+10 -2.97597e+10 -3.03992e+10 -3.02785e+10 -2.68952e+10 -2.43017e+10 -2.24094e+10 -1.89399e+10 -1.69266e+10 -1.35835e+10 -1.07564e+10 -8.94759e+09 -7.3087e+09 -5.47162e+09 -4.26524e+09 -3.21067e+09 -2.15794e+09 -1.70151e+09 -1.1529e+09 -1.05879e+09 -7.24998e+08 -5.63688e+08 -5.32284e+08 -2.79967e+08 -3.03226e+08 -4.20362e+08 -2.52972e+08 -3.04358e+08 -2.20501e+08 -2.53315e+08 -2.52718e+08 -1.81793e+08 -2.91506e+08 -2.20549e+08 -2.44775e+08 -1.86221e+08 -1.88269e+08 -2.392e+08 -2.42114e+08 -2.19279e+08 -2.47563e+08 -1.94481e+08 -2.33996e+08 -2.71145e+08 -2.09413e+08 -2.29862e+08 -2.36514e+08 -2.02912e+08 -2.24789e+08 -2.50936e+08 -2.68225e+08 -2.03915e+08 -2.28246e+08 -1.74535e+08 -2.65719e+08 -1.65449e+08 -2.09803e+08 -2.12719e+08 -2.11783e+08 -1.74879e+08 -2.15044e+08 -1.94253e+08 -2.63993e+08 -2.4826e+08 -1.60435e+08 -2.31048e+08 -1.73638e+08 -2.42467e+08 -2.30082e+08 -2.33479e+08 -1.43653e+08 
-1.03101e+09 -3.24949e+09 -6.10002e+09 -7.53086e+09 -9.01752e+09 -9.40713e+09 -8.80784e+09 -1.15166e+10 -1.21733e+10 -1.1538e+10 -1.72397e+10 -1.27973e+10 -1.89573e+10 -1.92697e+10 -2.21682e+10 -2.40429e+10 -2.8151e+10 -2.2046e+10 -2.52287e+10 -2.59303e+10 -2.52378e+10 -2.77161e+10 -3.12608e+10 -3.17316e+10 -3.00627e+10 -3.44694e+10 -3.5188e+10 -3.25502e+10 -3.18033e+10 -3.18484e+10 -2.88553e+10 -2.81282e+10 -2.78464e+10 -2.84724e+10 -2.55721e+10 -2.18613e+10 -1.901e+10 -1.66214e+10 -1.38242e+10 -1.08985e+10 -8.77908e+09 -7.17881e+09 -5.65877e+09 -4.1136e+09 -3.41875e+09 -2.25714e+09 -1.76933e+09 -1.21118e+09 -9.05129e+08 -8.9461e+08 -6.25565e+08 -4.85674e+08 -5.06017e+08 -3.63417e+08 -2.3439e+08 -2.78407e+08 -3.86417e+08 -2.17615e+08 -2.85518e+08 -2.05238e+08 -2.31424e+08 -2.36556e+08 -1.76757e+08 -2.93652e+08 -2.33583e+08 -2.17608e+08 -1.99697e+08 -1.74475e+08 -2.0879e+08 -2.34903e+08 -2.43344e+08 -2.4533e+08 -2.26141e+08 -1.75852e+08 -2.74261e+08 -1.99522e+08 -2.33906e+08 -2.39558e+08 -2.29313e+08 -2.19698e+08 -2.35131e+08 -2.91239e+08 -2.23766e+08 -2.09526e+08 -2.18216e+08 -1.90742e+08 -2.22071e+08 -1.80917e+08 -1.97104e+08 -2.32283e+08 -2.05769e+08 -1.90517e+08 -1.84621e+08 -2.09094e+08 -2.64006e+08 -1.83377e+08 -2.09222e+08 -2.21898e+08 -2.24351e+08 -1.19521e+08 
-9.95316e+08 -3.55434e+09 -5.70732e+09 -7.71251e+09 -8.2251e+09 -9.00362e+09 -1.04572e+10 -9.85295e+09 -1.35551e+10 -1.15865e+10 -1.58678e+10 -1.63612e+10 -1.62499e+10 -2.08714e+10 -2.51668e+10 -2.10073e+10 -2.5481e+10 -2.37771e+10 -2.15705e+10 -2.62054e+10 -2.66623e+10 -2.88943e+10 -3.18446e+10 -3.32428e+10 -3.16093e+10 -3.04582e+10 -3.0955e+10 -3.31113e+10 -3.59563e+10 -3.21198e+10 -3.00103e+10 -2.88452e+10 -2.63868e+10 -2.67343e+10 -2.55848e+10 -2.28383e+10 -1.93445e+10 -1.58989e+10 -1.36628e+10 -1.16401e+10 -8.71978e+09 -6.8222e+09 -5.69226e+09 -4.41741e+09 -2.99154e+09 -2.41231e+09 -1.85732e+09 -1.36637e+09 -9.78282e+08 -7.85423e+08 -6.75958e+08 -6.27832e+08 -4.80978e+08 -4.41115e+08 -4.43508e+08 -3.25933e+08 -2.38791e+08 -2.61985e+08 -3.34016e+08 -2.20042e+08 -2.70757e+08 -2.03125e+08 -2.22867e+08 -2.09026e+08 -2.05568e+08 -2.71573e+08 -2.49885e+08 -1.95464e+08 -2.17472e+08 -1.69672e+08 -1.94512e+08 -2.52426e+08 -2.00581e+08 -2.43659e+08 -2.43897e+08 -2.01451e+08 -2.05834e+08 -2.36183e+08 -2.18823e+08 -2.46946e+08 -2.54595e+08 -2.13098e+08 -2.56484e+08 -2.52348e+08 -2.54362e+08 -2.18462e+08 -2.0061e+08 -1.61836e+08 -2.49897e+08 -1.92591e+08 -1.99942e+08 -2.36478e+08 -1.91986e+08 -1.9438e+08 -1.88013e+08 -1.60758e+08 -2.45892e+08 -2.61194e+08 -1.59072e+08 -1.51546e+08 
-1.26676e+09 -3.41035e+09 -6.03601e+09 -6.74604e+09 -8.83794e+09 -8.54865e+09 -1.1082e+10 -1.02985e+10 -1.26127e+10 -1.36132e+10 -1.40233e+10 -1.76747e+10 -1.9835e+10 -1.81055e+10 -2.31683e+10 -2.25034e+10 -2.08493e+10 -2.47204e+10 -2.26636e+10 -2.54761e+10 -3.01229e+10 -3.06586e+10 -2.95948e+10 -3.20752e+10 -3.35485e+10 -2.81408e+10 -2.95248e+10 -3.37134e+10 -3.50549e+10 -3.32404e+10 -3.13546e+10 -2.98183e+10 -2.75794e+10 -2.51551e+10 -2.34987e+10 -2.30754e+10 -1.97825e+10 -1.61059e+10 -1.35304e+10 -1.15576e+10 -8.9399e+09 -6.83532e+09 -5.58827e+09 -4.41351e+09 -3.09017e+09 -2.26396e+09 -1.91502e+09 -1.40657e+09 -1.0854e+09 -8.32471e+08 -7.38764e+08 -5.12457e+08 -5.39018e+08 -4.87325e+08 -4.49137e+08 -3.88638e+08 -4.23169e+08 -3.35758e+08 -2.53344e+08 -2.7733e+08 -2.63985e+08 -2.58275e+08 -2.29358e+08 -2.28073e+08 -2.14769e+08 -2.01858e+08 -2.11856e+08 -2.34583e+08 -2.89529e+08 -1.92798e+08 -2.16684e+08 -1.93179e+08 -1.70206e+08 -2.25934e+08 -2.10207e+08 -2.13859e+08 -2.54962e+08 -2.29926e+08 -1.91503e+08 -2.46613e+08 -2.04906e+08 -2.54484e+08 -2.41229e+08 -2.53871e+08 -2.31126e+08 -2.56999e+08 -2.18703e+08 -2.35617e+08 -2.16122e+08 -2.03605e+08 -1.7159e+08 -2.53446e+08 -1.96978e+08 -2.10357e+08 -1.95825e+08 -2.18116e+08 -1.77449e+08 -1.77365e+08 -1.88406e+08 -1.27199e+08 
-1.30545e+09 -3.84461e+09 -5.77379e+09 -6.54256e+09 -9.01037e+09 -9.46936e+09 -1.02978e+10 -1.13106e+10 -1.21682e+10 -1.34778e+10 -1.70015e+10 -1.66414e+10 -1.90141e+10 -1.899e+10 -1.83609e+10 -2.33985e+10 -1.95663e+10 -2.32144e+10 -2.73918e+10 -2.68842e+10 -2.94615e+10 -3.01113e+10 -3.23948e+10 -2.81217e+10 -3.01067e+10 -3.17586e+10 -3.26394e+10 -3.0778e+10 -3.30213e+10 -3.49373e+10 -3.18806e+10 -2.98158e+10 -2.87973e+10 -2.58115e+10 -2.31184e+10 -2.09895e+10 -1.94815e+10 -1.69373e+10 -1.36154e+10 -1.11889e+10 -9.16618e+09 -6.95838e+09 -5.66722e+09 -4.19802e+09 -3.12647e+09 -2.43738e+09 -1.84579e+09 -1.51838e+09 -1.00538e+09 -8.81615e+08 -6.68236e+08 -6.73155e+08 -5.36299e+08 -4.08589e+08 -4.23211e+08 -3.87768e+08 -4.44016e+08 -3.74006e+08 -3.96628e+08 -3.37859e+08 -3.04018e+08 -3.03088e+08 -2.3082e+08 -2.53855e+08 -2.25279e+08 -2.42254e+08 -2.05567e+08 -2.09014e+08 -1.96991e+08 -2.40578e+08 -2.90338e+08 -2.33525e+08 -1.73073e+08 -2.03137e+08 -1.8354e+08 -1.79513e+08 -2.56413e+08 -1.7423e+08 -2.49551e+08 -2.56483e+08 -2.32981e+08 -1.94068e+08 -2.20995e+08 -2.37246e+08 -2.47175e+08 -2.5065e+08 -2.31275e+08 -2.45544e+08 -2.71312e+08 -1.6567e+08 -2.6144e+08 -2.11526e+08 -1.63772e+08 -2.29473e+08 -2.06647e+08 -2.15558e+08 -2.34381e+08 -1.88169e+08 -2.09438e+08 -9.00045e+07 
-1.36419e+09 -4.18395e+09 -5.33496e+09 -7.92677e+09 -7.7175e+09 -1.03043e+10 -1.08589e+10 -1.03435e+10 -1.35399e+10 -1.50243e+10 -1.59178e+10 -1.75338e+10 -1.49566e+10 -2.04613e+10 -1.60906e+10 -2.04389e+10 -2.37102e+10 -2.22572e+10 -2.97192e+10 -2.74308e+10 -2.92403e+10 -3.00423e+10 -3.20172e+10 -2.80984e+10 -2.90992e+10 -3.27839e+10 -3.33624e+10 -3.09945e+10 -3.25311e+10 -3.36303e+10 -3.30193e+10 -2.90036e+10 -2.88703e+10 -2.70068e+10 -2.42184e+10 -1.99943e+10 -1.8596e+10 -1.65501e+10 -1.3934e+10 -1.12083e+10 -9.32763e+09 -6.91e+09 -5.70767e+09 -4.14283e+09 -3.22647e+09 -2.51885e+09 -1.89777e+09 -1.51479e+09 -1.08199e+09 -8.0641e+08 -6.62616e+08 -5.82444e+08 -5.50829e+08 -4.96365e+08 -4.41995e+08 -3.76137e+08 -3.55511e+08 -3.30514e+08 -3.71034e+08 -4.14326e+08 -3.45975e+08 -3.6058e+08 -3.37718e+08 -3.22667e+08 -2.71069e+08 -2.25246e+08 -2.3309e+08 -2.40669e+08 -2.08481e+08 -2.28136e+08 -2.13618e+08 -2.18144e+08 -2.73849e+08 -2.45456e+08 -1.84524e+08 -1.84543e+08 -2.07765e+08 -1.71507e+08 -2.54859e+08 -2.02632e+08 -2.16111e+08 -2.40712e+08 -2.60323e+08 -2.04761e+08 -2.20342e+08 -1.88152e+08 -2.73248e+08 -2.25836e+08 -2.66732e+08 -2.34721e+08 -2.52096e+08 -2.17883e+08 -1.90774e+08 -2.46222e+08 -2.02736e+08 -1.59303e+08 -2.49505e+08 -2.21738e+08 -2.45734e+08 -1.02838e+08 
-1.69344e+09 -4.0285e+09 -5.8759e+09 -7.4032e+09 -8.79104e+09 -9.39842e+09 -1.10746e+10 -1.23815e+10 -1.29633e+10 -1.66448e+10 -1.25274e+10 -1.7442e+10 -1.44729e+10 -1.75836e+10 -1.9231e+10 -1.74497e+10 -2.60643e+10 -2.44971e+10 -2.74119e+10 -2.77489e+10 -3.10305e+10 -2.95717e+10 -2.89266e+10 -3.16208e+10 -3.06695e+10 -2.91643e+10 -3.31842e+10 -3.44146e+10 -3.30951e+10 -3.17783e+10 -3.10487e+10 -2.95641e+10 -2.89215e+10 -2.70618e+10 -2.4817e+10 -2.14258e+10 -1.78659e+10 -1.54388e+10 -1.38098e+10 -1.1446e+10 -9.36693e+09 -7.28933e+09 -5.18599e+09 -4.35861e+09 -3.43739e+09 -2.58328e+09 -1.85009e+09 -1.48516e+09 -1.20145e+09 -7.89161e+08 -6.70387e+08 -5.02176e+08 -5.17964e+08 -4.23618e+08 -4.42223e+08 -4.1761e+08 -4.02982e+08 -3.41722e+08 -3.34862e+08 -3.26809e+08 -2.78773e+08 -3.92295e+08 -3.60221e+08 -3.61651e+08 -3.11828e+08 -3.66599e+08 -3.31514e+08 -2.553e+08 -2.07551e+08 -2.51822e+08 -2.39219e+08 -2.11276e+08 -2.22811e+08 -1.9819e+08 -2.74942e+08 -2.36905e+08 -2.26843e+08 -1.69576e+08 -2.06864e+08 -2.25797e+08 -1.81354e+08 -2.69473e+08 -1.81274e+08 -2.29698e+08 -2.36719e+08 -2.54025e+08 -1.84801e+08 -2.1256e+08 -2.34274e+08 -2.47362e+08 -2.33065e+08 -2.72568e+08 -2.26696e+08 -2.76873e+08 -1.27853e+08 -2.55949e+08 -2.21619e+08 -1.82593e+08 -2.18172e+08 -9.05831e+07 
-1.25217e+09 -3.90733e+09 -6.6798e+09 -7.53597e+09 -7.91201e+09 -1.05831e+10 -1.15479e+10 -1.33626e+10 -1.22762e+10 -1.42059e+10 -1.40199e+10 -1.38633e+10 -1.74897e+10 -1.37381e+10 -2.17347e+10 -1.94429e+10 -2.3476e+10 -2.69978e+10 -2.5825e+10 -2.81976e+10 -2.9106e+10 -3.1494e+10 -2.98721e+10 -3.08256e+10 -3.02846e+10 -3.05405e+10 -3.25385e+10 -3.5629e+10 -3.49811e+10 -3.01644e+10 -2.84839e+10 -2.99864e+10 -2.90872e+10 -2.65295e+10 -2.53283e+10 -2.23261e+10 -1.8259e+10 -1.5146e+10 -1.31672e+10 -1.1385e+10 -9.28729e+09 -7.38698e+09 -5.34161e+09 -4.20023e+09 -3.6807e+09 -2.65385e+09 -1.80733e+09 -1.54379e+09 -1.11526e+09 -9.05311e+08 -6.11322e+08 -5.6429e+08 -4.53538e+08 -3.53229e+08 -4.23635e+08 -3.67344e+08 -3.6884e+08 -3.62722e+08 -3.58817e+08 -3.28285e+08 -3.47836e+08 -2.92738e+08 -2.9106e+08 -2.95044e+08 -3.7196e+08 -3.4027e+08 -3.61963e+08 -3.02789e+08 -3.826e+08 -3.27353e+08 -2.57691e+08 -2.09883e+08 -2.64517e+08 -1.98392e+08 -2.44521e+08 -2.13386e+08 -2.31177e+08 -2.82243e+08 -2.09152e+08 -2.02849e+08 -1.99246e+08 -2.16035e+08 -2.16001e+08 -2.27915e+08 -2.12032e+08 -2.11053e+08 -2.20113e+08 -2.4786e+08 -2.15403e+08 -2.07019e+08 -1.76398e+08 -3.00775e+08 -2.13491e+08 -2.48492e+08 -2.71383e+08 -2.28511e+08 -2.25269e+08 -1.73825e+08 -2.5058e+08 -1.08899e+08 
-1.61729e+09 -4.95046e+09 -5.84454e+09 -8.24943e+09 -8.55877e+09 -1.06979e+10 -1.23628e+10 -1.13246e+10 -1.30171e+10 -1.134e+10 -1.62189e+10 -1.07124e+10 -1.86716e+10 -1.57132e+10 -1.91224e+10 -2.44977e+10 -2.02005e+10 -2.65255e+10 -2.5932e+10 -2.85994e+10 -2.79912e+10 -3.17807e+10 -3.11854e+10 -2.89267e+10 -3.05275e+10 -3.36527e+10 -3.36604e+10 -3.49527e+10 -3.34256e+10 -3.08503e+10 -2.90865e+10 -2.84586e+10 -2.80671e+10 -2.7097e+10 -2.50651e+10 -2.22762e+10 -1.94691e+10 -1.56587e+10 -1.27114e+10 -1.08183e+10 -9.19961e+09 -7.32171e+09 -5.72644e+09 -4.21523e+09 -3.60059e+09 -2.66465e+09 -1.86541e+09 -1.62531e+09 -1.05902e+09 -8.90735e+08 -6.72328e+08 -5.00265e+08 -4.74662e+08 -4.00323e+08 -3.57358e+08 -2.81098e+08 -3.78135e+08 -3.19581e+08 -3.34112e+08 -3.2862e+08 -3.00258e+08 -3.26193e+08 -3.25881e+08 -3.10238e+08 -3.11848e+08 -2.53774e+08 -3.17227e+08 -3.26222e+08 -3.4251e+08 -3.58917e+08 -3.57519e+08 -3.50148e+08 -3.16323e+08 -2.34639e+08 -2.52049e+08 -2.5201e+08 -2.02178e+08 -2.77284e+08 -2.13654e+08 -2.71644e+08 -2.22529e+08 -2.11473e+08 -1.99485e+08 -1.89889e+08 -2.74982e+08 -1.69649e+08 -2.7594e+08 -1.77397e+08 -2.12839e+08 -2.03263e+08 -2.4869e+08 -2.13151e+08 -2.04778e+08 -2.27886e+08 -2.49879e+08 -2.27647e+08 -2.87172e+08 -2.33009e+08 -2.59379e+08 -7.47822e+07 
-1.22822e+09 -3.81722e+09 -7.74603e+09 -7.6346e+09 -9.87089e+09 -9.82173e+09 -1.14369e+10 -1.04019e+10 -1.34115e+10 -9.66116e+09 -1.57274e+10 -1.42297e+10 -1.45555e+10 -2.132e+10 -1.64815e+10 -2.27306e+10 -2.28394e+10 -2.43694e+10 -2.6856e+10 -2.80953e+10 -2.99032e+10 -2.82498e+10 -2.95933e+10 -3.20311e+10 -3.18461e+10 -3.37225e+10 -3.69478e+10 -3.35962e+10 -3.03556e+10 -3.14061e+10 -3.05852e+10 -2.82239e+10 -2.68355e+10 -2.69222e+10 -2.4575e+10 -2.23296e+10 -2.0029e+10 -1.6442e+10 -1.31013e+10 -1.04301e+10 -8.70435e+09 -7.0728e+09 -6.30214e+09 -4.25524e+09 -3.40959e+09 -2.62179e+09 -1.99509e+09 -1.53278e+09 -1.20134e+09 -7.83465e+08 -6.73119e+08 -5.4092e+08 -4.53618e+08 -3.79056e+08 -3.83215e+08 -3.1779e+08 -3.1904e+08 -2.38133e+08 -3.45186e+08 -2.8567e+08 -3.05732e+08 -3.11949e+08 -2.73183e+08 -2.96675e+08 -3.02857e+08 -3.20257e+08 -2.84993e+08 -3.16102e+08 -2.57986e+08 -3.31241e+08 -3.0493e+08 -3.33427e+08 -3.61528e+08 -3.69021e+08 -3.1944e+08 -3.08408e+08 -2.4601e+08 -3.09861e+08 -2.14747e+08 -2.71002e+08 -2.46022e+08 -2.41091e+08 -2.59211e+08 -1.60629e+08 -2.34345e+08 -2.16375e+08 -2.29001e+08 -2.29783e+08 -2.12999e+08 -2.02228e+08 -2.18958e+08 -1.98783e+08 -2.29944e+08 -2.09743e+08 -2.2973e+08 -1.91383e+08 -2.88546e+08 -2.27858e+08 -2.48835e+08 -1.62884e+08 
-1.67617e+09 -5.76868e+09 -6.8319e+09 -9.1825e+09 -8.25623e+09 -9.25973e+09 -1.0682e+10 -1.00063e+10 -1.24273e+10 -1.25232e+10 -1.19868e+10 -1.82292e+10 -1.43381e+10 -1.86164e+10 -2.00615e+10 -1.91984e+10 -2.45815e+10 -2.41359e+10 -2.76221e+10 -2.68244e+10 -2.90534e+10 -2.8271e+10 -2.98257e+10 -3.14245e+10 -3.31108e+10 -3.63873e+10 -3.612e+10 -3.34023e+10 -3.13018e+10 -2.94666e+10 -2.8905e+10 -3.01032e+10 -2.77728e+10 -2.58975e+10 -2.39025e+10 -2.2654e+10 -1.9581e+10 -1.71115e+10 -1.39513e+10 -1.03929e+10 -8.57114e+09 -6.92219e+09 -6.13704e+09 -4.32747e+09 -3.43579e+09 -2.56651e+09 -2.04696e+09 -1.54154e+09 -1.07221e+09 -8.73726e+08 -6.74364e+08 -4.9593e+08 -4.5316e+08 -4.3738e+08 -3.0189e+08 -3.54629e+08 -3.20122e+08 -2.85439e+08 -2.96312e+08 -2.27996e+08 -2.90469e+08 -2.75682e+08 -2.92102e+08 -2.89126e+08 -2.54444e+08 -2.62904e+08 -2.88816e+08 -3.07209e+08 -2.99659e+08 -2.86729e+08 -3.39549e+08 -2.66454e+08 -3.15753e+08 -2.71712e+08 -3.19511e+08 -3.92442e+08 -3.61523e+08 -3.08798e+08 -3.11285e+08 -2.74388e+08 -3.29985e+08 -2.07051e+08 -3.03062e+08 -2.39513e+08 -2.40129e+08 -2.28142e+08 -1.78968e+08 -2.21143e+08 -1.94728e+08 -2.8448e+08 -1.76036e+08 -2.51733e+08 -2.02604e+08 -2.019e+08 -1.88976e+08 -2.43699e+08 -2.00477e+08 -2.34451e+08 -2.71524e+08 -1.51938e+08 
-2.16497e+09 -4.83251e+09 -7.77119e+09 -7.76442e+09 -8.18964e+09 -8.45021e+09 -9.84961e+09 -1.11128e+10 -1.0615e+10 -1.53914e+10 -1.1621e+10 -1.61421e+10 -1.82628e+10 -1.4809e+10 -2.15105e+10 -1.99048e+10 -2.37123e+10 -2.55574e+10 -2.62854e+10 -2.6509e+10 -2.66439e+10 -2.98165e+10 -3.25463e+10 -3.06576e+10 -3.27619e+10 -3.79181e+10 -3.48809e+10 -3.29925e+10 -3.31494e+10 -3.00282e+10 -2.71698e+10 -2.77866e+10 -2.85077e+10 -2.72593e+10 -2.41294e+10 -2.18862e+10 -1.93582e+10 -1.72477e+10 -1.41309e+10 -1.10966e+10 -8.77701e+09 -7.01086e+09 -5.64915e+09 -4.19525e+09 -3.40592e+09 -2.77111e+09 -1.90135e+09 -1.59326e+09 -1.01073e+09 -8.35175e+08 -6.28171e+08 -6.14406e+08 -4.16335e+08 -3.56021e+08 -3.80903e+08 -3.75851e+08 -2.53045e+08 -3.15094e+08 -2.90208e+08 -2.47097e+08 -2.9277e+08 -2.39854e+08 -2.3735e+08 -2.86594e+08 -2.58938e+08 -2.58822e+08 -2.83653e+08 -2.3569e+08 -2.53934e+08 -2.71203e+08 -3.38002e+08 -2.73152e+08 -3.11332e+08 -3.03206e+08 -3.09599e+08 -2.57489e+08 -3.0501e+08 -3.08631e+08 -4.25872e+08 -3.18906e+08 -2.95387e+08 -3.22347e+08 -3.19231e+08 -3.13515e+08 -2.50197e+08 -3.2508e+08 -2.13665e+08 -2.29204e+08 -1.69439e+08 -1.98029e+08 -2.31688e+08 -2.41369e+08 -2.47149e+08 -2.0539e+08 -2.10332e+08 -2.43692e+08 -1.7849e+08 -2.40471e+08 -1.79006e+08 -1.40426e+08 
-1.63291e+09 -5.19409e+09 -6.55515e+09 -8.00036e+09 -7.43257e+09 -8.48605e+09 -8.97707e+09 -1.23114e+10 -1.08028e+10 -1.38977e+10 -1.59433e+10 -1.22925e+10 -1.7552e+10 -1.86463e+10 -1.75414e+10 -2.36196e+10 -2.19072e+10 -2.58924e+10 -2.41786e+10 -2.71613e+10 -2.74899e+10 -3.056e+10 -3.27778e+10 -3.21828e+10 -3.18736e+10 -3.53009e+10 -3.66665e+10 -3.31372e+10 -3.23443e+10 -3.03702e+10 -2.81971e+10 -2.65671e+10 -2.73849e+10 -2.81856e+10 -2.51109e+10 -2.15434e+10 -1.95284e+10 -1.67101e+10 -1.40083e+10 -1.18147e+10 -9.44131e+09 -6.78572e+09 -5.5605e+09 -4.1138e+09 -3.08263e+09 -2.85403e+09 -1.91783e+09 -1.4693e+09 -1.15924e+09 -7.07317e+08 -6.86102e+08 -4.63071e+08 -5.17489e+08 -4.32089e+08 -3.20637e+08 -2.93124e+08 -3.50744e+08 -3.22637e+08 -2.32563e+08 -2.8811e+08 -2.73928e+08 -2.14635e+08 -2.92804e+08 -2.4983e+08 -2.19294e+08 -2.8318e+08 -2.33006e+08 -2.62426e+08 -2.48206e+08 -2.34101e+08 -2.73119e+08 -2.53228e+08 -2.67214e+08 -3.09533e+08 -2.50313e+08 -3.4898e+08 -3.1762e+08 -3.02317e+08 -2.41642e+08 -3.10943e+08 -3.13772e+08 -4.32421e+08 -2.69342e+08 -2.97867e+08 -3.2864e+08 -3.9561e+08 -2.89488e+08 -2.93527e+08 -2.74348e+08 -1.98973e+08 -2.1851e+08 -1.68944e+08 -2.30346e+08 -2.21756e+08 -2.78209e+08 -2.09244e+08 -2.38356e+08 -2.54587e+08 -2.04275e+08 -8.49039e+07 
-1.66394e+09 -4.19508e+09 -6.23214e+09 -8.02577e+09 -7.25084e+09 -8.51276e+09 -9.40387e+09 -1.13416e+10 -1.37204e+10 -1.19587e+10 -1.459e+10 -1.6061e+10 -1.28344e+10 -2.12905e+10 -1.78679e+10 -2.32487e+10 -2.25688e+10 -2.34666e+10 -2.52511e+10 -2.78336e+10 -2.89923e+10 -3.07372e+10 -3.25267e+10 -3.08505e+10 -3.17031e+10 -3.44604e+10 -3.66479e+10 -3.41828e+10 -3.15622e+10 -2.91103e+10 -2.93013e+10 -2.84955e+10 -2.75157e+10 -2.64354e+10 -2.56721e+10 -2.2318e+10 -1.90321e+10 -1.63931e+10 -1.45792e+10 -1.14741e+10 -9.76453e+09 -7.28909e+09 -5.36232e+09 -4.1517e+09 -2.93015e+09 -2.73338e+09 -1.78406e+09 -1.39921e+09 -1.20234e+09 -7.67554e+08 -6.20192e+08 -5.56731e+08 -3.91154e+08 -3.87505e+08 -4.3569e+08 -3.4e+08 -2.91486e+08 -2.4859e+08 -3.33504e+08 -2.87991e+08 -2.19873e+08 -2.74952e+08 -2.51752e+08 -2.35167e+08 -2.35259e+08 -2.75411e+08 -2.36389e+08 -2.40762e+08 -2.34866e+08 -2.53248e+08 -2.51517e+08 -2.64605e+08 -1.84993e+08 -2.81822e+08 -2.40111e+08 -2.8799e+08 -3.00815e+08 -2.40288e+08 -3.94326e+08 -2.82541e+08 -2.94671e+08 -2.56099e+08 -2.96117e+08 -3.32856e+08 -4.10705e+08 -2.60705e+08 -3.12151e+08 -3.17986e+08 -4.06952e+08 -2.86267e+08 -3.36476e+08 -2.42977e+08 -2.15628e+08 -1.77786e+08 -1.82593e+08 -2.52647e+08 -2.51611e+08 -2.63589e+08 -2.47531e+08 -1.24403e+08 
-1.29912e+09 -3.82509e+09 -6.66684e+09 -6.61146e+09 -8.87999e+09 -7.72495e+09 -1.12753e+10 -1.0447e+10 -1.25256e+10 -1.43045e+10 -1.15428e+10 -1.75388e+10 -1.43192e+10 -1.8038e+10 -2.10342e+10 -2.02991e+10 -2.45303e+10 -2.25687e+10 -2.74459e+10 -2.71736e+10 -3.09482e+10 -3.11883e+10 -2.98752e+10 -2.83704e+10 -3.22921e+10 -3.50826e+10 -3.63285e+10 -3.43775e+10 -3.16289e+10 -2.89131e+10 -2.88446e+10 -2.94999e+10 -2.92038e+10 -2.60223e+10 -2.47455e+10 -2.27948e+10 -1.93102e+10 -1.6441e+10 -1.45125e+10 -1.12668e+10 -9.68144e+09 -7.77685e+09 -5.58708e+09 -3.81346e+09 -3.06946e+09 -2.62446e+09 -1.61335e+09 -1.3585e+09 -1.06989e+09 -8.81655e+08 -5.91421e+08 -5.54067e+08 -4.70749e+08 -3.54092e+08 -3.42556e+08 -3.32518e+08 -3.86241e+08 -2.90363e+08 -2.83184e+08 -2.31852e+08 -3.12642e+08 -2.39729e+08 -2.50734e+08 -2.37751e+08 -2.51698e+08 -2.47207e+08 -1.87399e+08 -2.94194e+08 -2.36721e+08 -2.30464e+08 -2.72304e+08 -2.21087e+08 -2.46911e+08 -2.21547e+08 -2.37501e+08 -2.25697e+08 -2.71325e+08 -2.33065e+08 -3.0624e+08 -2.80207e+08 -2.56217e+08 -3.86785e+08 -2.84284e+08 -2.58844e+08 -2.96957e+08 -3.11678e+08 -3.20833e+08 -3.62123e+08 -2.44661e+08 -3.30587e+08 -3.33298e+08 -4.08946e+08 -3.23121e+08 -3.369e+08 -1.9827e+08 -2.18493e+08 -1.73758e+08 -2.27668e+08 -2.68073e+08 -1.50612e+08 
-1.20242e+09 -3.74571e+09 -6.39881e+09 -6.96156e+09 -8.92909e+09 -9.23679e+09 -9.77397e+09 -1.21376e+10 -1.01837e+10 -1.45914e+10 -1.37605e+10 -1.3919e+10 -1.90996e+10 -1.44651e+10 -2.09921e+10 -2.04702e+10 -2.45463e+10 -2.50492e+10 -2.76355e+10 -2.84574e+10 -3.25573e+10 -2.80257e+10 -2.8041e+10 -2.94783e+10 -3.04614e+10 -3.49072e+10 -3.72601e+10 -3.35999e+10 -3.16353e+10 -2.9589e+10 -2.90343e+10 -2.83562e+10 -3.06154e+10 -2.74011e+10 -2.44605e+10 -2.17168e+10 -2.0582e+10 -1.67654e+10 -1.34539e+10 -1.16354e+10 -9.6904e+09 -7.5915e+09 -5.9164e+09 -4.00486e+09 -2.82715e+09 -2.5246e+09 -1.64245e+09 -1.31585e+09 -1.02318e+09 -7.81214e+08 -6.52151e+08 -5.03681e+08 -5.09429e+08 -3.84706e+08 -3.80547e+08 -2.88466e+08 -3.18123e+08 -2.87449e+08 -3.55494e+08 -2.52789e+08 -2.95452e+08 -2.36154e+08 -2.76589e+08 -2.21611e+08 -2.52836e+08 -2.33414e+08 -2.39264e+08 -2.36944e+08 -2.31389e+08 -2.1373e+08 -2.92376e+08 -2.33589e+08 -2.59427e+08 -2.01188e+08 -2.35661e+08 -2.48447e+08 -2.40828e+08 -1.8297e+08 -2.74316e+08 -2.50855e+08 -2.48447e+08 -2.92261e+08 -2.68133e+08 -2.97215e+08 -3.38043e+08 -3.1153e+08 -2.35377e+08 -3.20187e+08 -2.92387e+08 -3.02103e+08 -3.30331e+08 -2.80228e+08 -3.4584e+08 -3.44506e+08 -3.76412e+08 -3.47277e+08 -3.24083e+08 -2.12642e+08 -2.14599e+08 -9.18217e+07 
-1.25636e+09 -4.12965e+09 -5.63519e+09 -8.66665e+09 -8.21727e+09 -1.02879e+10 -9.03296e+09 -1.13428e+10 -1.24211e+10 -1.09834e+10 -1.69855e+10 -1.21885e+10 -1.81925e+10 -1.7037e+10 -1.82057e+10 -2.24701e+10 -2.35981e+10 -2.76294e+10 -2.97e+10 -2.84102e+10 -2.77308e+10 -2.8696e+10 -2.91017e+10 -2.88748e+10 -2.98802e+10 -3.45337e+10 -3.66564e+10 -3.3986e+10 -3.05313e+10 -2.86035e+10 -3.1599e+10 -2.9311e+10 -2.87247e+10 -2.77471e+10 -2.60498e+10 -2.16239e+10 -2.04558e+10 -1.69545e+10 -1.36607e+10 -1.1535e+10 -9.11409e+09 -7.68013e+09 -5.88667e+09 -4.39247e+09 -2.86526e+09 -2.10615e+09 -1.78379e+09 -1.35176e+09 -1.02014e+09 -7.15047e+08 -6.1368e+08 -5.40988e+08 -3.70951e+08 -5.24297e+08 -3.41338e+08 -3.25793e+08 -3.47055e+08 -2.65278e+08 -2.90383e+08 -2.79418e+08 -3.12669e+08 -2.54206e+08 -2.67477e+08 -2.69768e+08 -2.17284e+08 -2.64451e+08 -2.16376e+08 -2.46249e+08 -2.41356e+08 -2.14316e+08 -2.5314e+08 -2.09952e+08 -2.69828e+08 -2.42062e+08 -2.34478e+08 -2.68654e+08 -1.93378e+08 -2.39611e+08 -2.23879e+08 -2.41916e+08 -1.84866e+08 -2.94666e+08 -2.20126e+08 -2.91881e+08 -2.59553e+08 -2.6365e+08 -3.39291e+08 -2.67998e+08 -3.0956e+08 -2.4742e+08 -3.29216e+08 -2.96519e+08 -2.99451e+08 -2.90537e+08 -3.2241e+08 -3.26365e+08 -3.53745e+08 -3.81811e+08 -3.56413e+08 -1.98918e+08 
-1.35092e+09 -3.55866e+09 -6.69533e+09 -7.93553e+09 -9.31552e+09 -8.38641e+09 -1.16012e+10 -8.63288e+09 -1.4439e+10 -9.8756e+09 -1.58137e+10 -1.54321e+10 -1.4232e+10 -1.94804e+10 -1.8192e+10 -2.26929e+10 -2.5292e+10 -2.83875e+10 -2.82579e+10 -2.77499e+10 -2.63909e+10 -2.95126e+10 -2.81622e+10 -2.92903e+10 -3.12125e+10 -3.28522e+10 -3.60916e+10 -3.27825e+10 -3.05842e+10 -3.00588e+10 -3.08346e+10 -3.00649e+10 -2.85792e+10 -2.66866e+10 -2.68507e+10 -2.38694e+10 -1.90626e+10 -1.67474e+10 -1.48868e+10 -1.13128e+10 -8.80841e+09 -7.18868e+09 -5.87863e+09 -4.48092e+09 -3.26854e+09 -1.88199e+09 -1.60278e+09 -1.50538e+09 -1.00711e+09 -7.89379e+08 -5.67302e+08 -5.01638e+08 -4.85925e+08 -3.50998e+08 -3.03178e+08 -4.93607e+08 -2.74739e+08 -2.85773e+08 -3.18978e+08 -2.67212e+08 -2.85611e+08 -2.73101e+08 -2.6663e+08 -2.69611e+08 -2.3731e+08 -2.86233e+08 -2.07036e+08 -2.89987e+08 -1.83478e+08 -2.46116e+08 -2.4437e+08 -2.37424e+08 -2.2039e+08 -2.46365e+08 -2.10925e+08 -2.90705e+08 -2.12262e+08 -2.74146e+08 -1.99196e+08 -2.23756e+08 -2.21966e+08 -2.35111e+08 -2.13117e+08 -2.37185e+08 -2.72003e+08 -2.21867e+08 -2.8044e+08 -2.6114e+08 -2.39298e+08 -3.47184e+08 -2.41716e+08 -3.12264e+08 -2.92474e+08 -3.48731e+08 -2.28894e+08 -3.11219e+08 -2.76729e+08 -3.53635e+08 -3.10578e+08 -1.49507e+08 
-1.34533e+09 -4.34669e+09 -6.58447e+09 -7.29959e+09 -9.93384e+09 -8.31553e+09 -1.09777e+10 -9.53687e+09 -1.27551e+10 -1.30875e+10 -1.17594e+10 -1.77698e+10 -1.44252e+10 -1.76847e+10 -2.21214e+10 -2.26216e+10 -2.5372e+10 -2.65611e+10 -2.61319e+10 -2.9392e+10 -2.76958e+10 -2.70055e+10 -2.96111e+10 -2.92217e+10 -3.16323e+10 -3.24966e+10 -3.49756e+10 -3.22122e+10 -3.16142e+10 -2.99905e+10 -2.95132e+10 -3.02301e+10 -2.90232e+10 -2.80935e+10 -2.55273e+10 -2.41251e+10 -1.9936e+10 -1.69577e+10 -1.42918e+10 -1.19814e+10 -9.08593e+09 -6.7742e+09 -5.41406e+09 -4.20009e+09 -3.63101e+09 -2.27843e+09 -1.33081e+09 -1.40232e+09 -1.16268e+09 -7.60371e+08 -6.19364e+08 -4.91179e+08 -4.72021e+08 -3.8464e+08 -3.86501e+08 -2.88293e+08 -2.66664e+08 -4.47604e+08 -2.49133e+08 -2.8732e+08 -2.58727e+08 -2.79466e+08 -2.9798e+08 -2.64316e+08 -2.44117e+08 -2.76003e+08 -2.28091e+08 -2.5679e+08 -2.62513e+08 -2.42794e+08 -2.20836e+08 -2.2543e+08 -2.55455e+08 -2.45631e+08 -1.99206e+08 -2.59635e+08 -2.22496e+08 -2.47176e+08 -2.63791e+08 -1.88726e+08 -2.94467e+08 -1.79644e+08 -2.34399e+08 -2.05482e+08 -2.55789e+08 -1.88812e+08 -2.65903e+08 -2.30987e+08 -2.32558e+08 -2.53341e+08 -2.80547e+08 -2.57615e+08 -3.1698e+08 -2.48364e+08 -3.14662e+08 -3.08509e+08 -3.44318e+08 -2.12713e+08 -3.15645e+08 -1.35746e+08 
-1.31959e+09 -4.23478e+09 -6.24299e+09 -8.21113e+09 -8.16557e+09 -9.83732e+09 -9.37874e+09 -1.23714e+10 -1.00807e+10 -1.44036e+10 -1.18334e+10 -1.504e+10 -1.87128e+10 -1.74124e+10 -2.29641e+10 -2.26616e+10 -2.33618e+10 -2.47168e+10 -2.72421e+10 -2.85427e+10 -2.94723e+10 -2.76653e+10 -2.97114e+10 -2.72938e+10 -3.17461e+10 -3.35642e+10 -3.41048e+10 -3.37774e+10 -3.03858e+10 -2.83482e+10 -2.97347e+10 -3.06696e+10 -2.89992e+10 -2.92479e+10 -2.50676e+10 -2.28037e+10 -2.12189e+10 -1.75425e+10 -1.36281e+10 -1.16733e+10 -9.8481e+09 -7.02815e+09 -5.05082e+09 -3.7988e+09 -3.34932e+09 -2.84616e+09 -1.55901e+09 -1.13202e+09 -1.10946e+09 -8.50522e+08 -6.56904e+08 -4.94109e+08 -4.54836e+08 -4.06523e+08 -3.89867e+08 -3.32502e+08 -3.37413e+08 -2.64209e+08 -2.47426e+08 -3.90128e+08 -2.47453e+08 -2.9245e+08 -2.19772e+08 -2.77754e+08 -2.90261e+08 -3.01563e+08 -2.15918e+08 -2.75097e+08 -2.34757e+08 -2.36029e+08 -2.67938e+08 -2.27987e+08 -2.96876e+08 -1.63347e+08 -2.63296e+08 -2.55217e+08 -2.17864e+08 -2.1417e+08 -2.72147e+08 -2.13143e+08 -2.50576e+08 -2.43484e+08 -2.38431e+08 -2.19076e+08 -2.06782e+08 -2.25935e+08 -1.92346e+08 -2.53628e+08 -1.92321e+08 -2.61907e+08 -2.07885e+08 -2.6408e+08 -2.46811e+08 -2.7834e+08 -2.8653e+08 -2.52116e+08 -2.78606e+08 -3.42545e+08 -3.20214e+08 -1.74816e+08 
-1.64229e+09 -4.80456e+09 -5.38011e+09 -8.75961e+09 -7.50571e+09 -1.01754e+10 -9.94752e+09 -1.1376e+10 -1.19006e+10 -1.14318e+10 -1.53751e+10 -1.31895e+10 -1.96765e+10 -2.0777e+10 -1.95721e+10 -2.19646e+10 -2.28072e+10 -2.46607e+10 -2.90525e+10 -2.62747e+10 -3.00358e+10 -2.88904e+10 -2.86181e+10 -2.98238e+10 -2.96715e+10 -3.37112e+10 -3.57047e+10 -3.22458e+10 -2.96603e+10 -3.02489e+10 -2.8525e+10 -2.9643e+10 -2.93903e+10 -2.85318e+10 -2.58449e+10 -2.34121e+10 -1.9929e+10 -1.81232e+10 -1.4223e+10 -1.13338e+10 -9.00434e+09 -7.97762e+09 -5.17575e+09 -3.85253e+09 -3.04388e+09 -2.503e+09 -2.21357e+09 -1.09593e+09 -9.35872e+08 -8.73194e+08 -6.57157e+08 -5.71365e+08 -4.31705e+08 -3.67597e+08 -4.21426e+08 -3.40771e+08 -3.48689e+08 -2.96083e+08 -3.02802e+08 -2.65544e+08 -2.34908e+08 -3.43406e+08 -2.42524e+08 -2.79662e+08 -2.43361e+08 -2.54793e+08 -2.60666e+08 -3.2086e+08 -2.54889e+08 -2.36286e+08 -2.41026e+08 -2.40688e+08 -2.69796e+08 -2.44e+08 -2.70127e+08 -2.13515e+08 -2.05833e+08 -2.72983e+08 -2.4686e+08 -1.75255e+08 -2.72694e+08 -2.68153e+08 -2.2088e+08 -2.50371e+08 -1.77328e+08 -2.86547e+08 -1.76818e+08 -2.25228e+08 -1.92597e+08 -2.18237e+08 -2.098e+08 -2.37944e+08 -2.51208e+08 -2.10117e+08 -2.64409e+08 -2.61249e+08 -2.57577e+08 -3.06913e+08 -2.21059e+08 -1.50564e+08 
-1.83675e+09 -3.32581e+09 -6.50567e+09 -7.15317e+09 -9.72673e+09 -8.23023e+09 -1.19206e+10 -9.07587e+09 -1.37506e+10 -1.08959e+10 -1.59535e+10 -1.62534e+10 -1.72299e+10 -2.05857e+10 -1.84312e+10 -2.1175e+10 -2.45734e+10 -2.46095e+10 -2.75865e+10 -2.72164e+10 -2.83365e+10 -2.99107e+10 -2.93541e+10 -3.06612e+10 -2.92637e+10 -3.49738e+10 -3.30421e+10 -3.27202e+10 -3.07854e+10 -3.09697e+10 -2.81663e+10 -2.88329e+10 -2.82972e+10 -2.76964e+10 -2.69378e+10 -2.38144e+10 -1.95163e+10 -1.74258e+10 -1.50246e+10 -1.15026e+10 -8.53973e+09 -7.53567e+09 -5.62238e+09 -4.5633e+09 -2.96294e+09 -2.25452e+09 -2.10779e+09 -1.43345e+09 -8.31603e+08 -7.86751e+08 -6.97031e+08 -5.59589e+08 -4.2271e+08 -5.07455e+08 -3.19156e+08 -3.01489e+08 -3.86413e+08 -3.03056e+08 -3.36369e+08 -2.7705e+08 -2.57022e+08 -2.94671e+08 -2.52355e+08 -2.70791e+08 -2.76489e+08 -2.20396e+08 -2.93048e+08 -2.23152e+08 -2.49745e+08 -2.99765e+08 -3.10869e+08 -2.11706e+08 -2.82867e+08 -2.2988e+08 -2.4409e+08 -2.7209e+08 -2.03977e+08 -2.9955e+08 -1.75819e+08 -2.53028e+08 -2.6258e+08 -2.37951e+08 -1.996e+08 -2.81702e+08 -2.29677e+08 -2.10444e+08 -2.64432e+08 -1.61366e+08 -2.57358e+08 -1.97326e+08 -2.0401e+08 -1.7622e+08 -2.72799e+08 -1.85955e+08 -2.5119e+08 -2.22389e+08 -2.6069e+08 -2.32527e+08 -2.86641e+08 -8.91393e+07 
-1.19179e+09 -4.08314e+09 -6.61033e+09 -7.33262e+09 -9.14403e+09 -8.54415e+09 -1.15753e+10 -1.03847e+10 -1.20027e+10 -1.48529e+10 -1.44798e+10 -1.69185e+10 -1.58068e+10 -1.79972e+10 -2.10868e+10 -2.05376e+10 -2.46225e+10 -2.4967e+10 -2.5204e+10 -2.95295e+10 -2.74798e+10 -3.13382e+10 -2.83003e+10 -3.05094e+10 -3.11339e+10 -3.40516e+10 -3.25203e+10 -3.45439e+10 -3.06841e+10 -2.94095e+10 -2.93284e+10 -2.91898e+10 -2.76601e+10 -2.71457e+10 -2.58389e+10 -2.37575e+10 -2.05119e+10 -1.73075e+10 -1.40842e+10 -1.21828e+10 -8.94926e+09 -6.83072e+09 -5.701e+09 -4.94447e+09 -3.21293e+09 -2.45884e+09 -1.86552e+09 -1.47259e+09 -9.70204e+08 -6.23532e+08 -6.62954e+08 -6.27747e+08 -4.51756e+08 -4.1995e+08 -3.58749e+08 -4.22921e+08 -2.85764e+08 -2.70537e+08 -3.46146e+08 -2.91567e+08 -3.2018e+08 -2.49172e+08 -2.81494e+08 -2.57086e+08 -2.90826e+08 -2.36746e+08 -2.89121e+08 -1.85335e+08 -2.79317e+08 -2.48275e+08 -2.58282e+08 -2.58555e+08 -3.21799e+08 -2.77403e+08 -2.40658e+08 -2.41363e+08 -2.17236e+08 -2.9745e+08 -2.33258e+08 -2.2495e+08 -2.52749e+08 -2.28141e+08 -2.58289e+08 -2.44076e+08 -1.85258e+08 -2.59504e+08 -2.86859e+08 -2.01471e+08 -2.13783e+08 -2.09427e+08 -2.13586e+08 -2.05037e+08 -2.35199e+08 -1.92416e+08 -1.79125e+08 -2.62512e+08 -1.97685e+08 -2.59789e+08 -2.26697e+08 -1.04855e+08 
-1.64257e+09 -4.87603e+09 -5.26667e+09 -8.70772e+09 -7.62212e+09 -1.0309e+10 -9.60291e+09 -1.32927e+10 -1.21184e+10 -1.43399e+10 -1.51085e+10 -1.48431e+10 -1.67914e+10 -1.63922e+10 -2.21238e+10 -2.17469e+10 -2.1965e+10 -2.65876e+10 -2.42529e+10 -2.99887e+10 -2.95314e+10 -3.01553e+10 -2.8354e+10 -3.079e+10 -2.97467e+10 -3.38368e+10 -3.67316e+10 -3.30663e+10 -2.98245e+10 -2.92822e+10 -2.92533e+10 -2.91514e+10 -2.88316e+10 -2.67331e+10 -2.40867e+10 -2.31654e+10 -2.11272e+10 -1.76082e+10 -1.37635e+10 -1.17374e+10 -9.73317e+09 -7.10395e+09 -5.4516e+09 -4.73554e+09 -3.41056e+09 -2.7496e+09 -1.94588e+09 -1.3706e+09 -1.04386e+09 -7.3785e+08 -5.5334e+08 -4.41629e+08 -5.87502e+08 -4.19447e+08 -3.97599e+08 -3.27896e+08 -3.18884e+08 -3.82845e+08 -2.6748e+08 -2.51071e+08 -3.30382e+08 -2.7998e+08 -2.84658e+08 -2.56355e+08 -2.98998e+08 -2.18892e+08 -3.16108e+08 -2.43733e+08 -2.70597e+08 -2.11965e+08 -2.06675e+08 -2.91842e+08 -2.51344e+08 -2.74986e+08 -3.03353e+08 -2.90606e+08 -2.2301e+08 -2.68397e+08 -2.27965e+08 -2.35406e+08 -3.05074e+08 -2.16778e+08 -2.51644e+08 -1.89615e+08 -2.6881e+08 -2.53897e+08 -2.2597e+08 -2.0086e+08 -2.74594e+08 -2.51748e+08 -1.7475e+08 -2.55253e+08 -1.76424e+08 -2.40769e+08 -1.92888e+08 -2.12983e+08 -1.9111e+08 -2.24689e+08 -2.1931e+08 -9.09292e+07 
-1.78258e+09 -3.5513e+09 -6.21714e+09 -8.14833e+09 -7.93892e+09 -1.04543e+10 -1.13531e+10 -1.17414e+10 -1.40169e+10 -1.24074e+10 -1.52178e+10 -1.42317e+10 -1.74194e+10 -1.77599e+10 -1.92829e+10 -2.31998e+10 -2.05701e+10 -2.70234e+10 -2.66628e+10 -2.91673e+10 -2.92902e+10 -3.01839e+10 -2.87162e+10 -2.84583e+10 -3.11563e+10 -3.46835e+10 -3.76817e+10 -3.26253e+10 -3.02673e+10 -2.82963e+10 -2.92633e+10 -2.94737e+10 -2.89717e+10 -2.66612e+10 -2.38945e+10 -2.25299e+10 -2.00161e+10 -1.72565e+10 -1.47548e+10 -1.15218e+10 -9.43661e+09 -8.0782e+09 -5.49699e+09 -4.18276e+09 -3.64479e+09 -2.85015e+09 -1.82463e+09 -1.5402e+09 -1.10117e+09 -7.85225e+08 -6.07945e+08 -4.89041e+08 -3.67922e+08 -3.65036e+08 -5.14448e+08 -3.35101e+08 -3.49628e+08 -3.02621e+08 -2.72058e+08 -3.5693e+08 -2.50295e+08 -2.81918e+08 -3.05208e+08 -2.5521e+08 -2.61584e+08 -2.8337e+08 -2.5656e+08 -2.76687e+08 -2.41495e+08 -3.2334e+08 -2.13995e+08 -2.62956e+08 -1.71863e+08 -2.99484e+08 -2.57104e+08 -2.75676e+08 -2.68732e+08 -2.93333e+08 -2.64515e+08 -2.35355e+08 -2.58666e+08 -2.46336e+08 -2.71611e+08 -2.45089e+08 -2.00706e+08 -2.44674e+08 -2.40829e+08 -2.56661e+08 -2.32197e+08 -2.04035e+08 -2.37034e+08 -2.79397e+08 -2.38274e+08 -1.67702e+08 -2.5584e+08 -1.90022e+08 -1.87416e+08 -2.40775e+08 -2.04538e+08 -7.23758e+07 
-1.36278e+09 -3.94688e+09 -5.89267e+09 -8.03921e+09 -9.7875e+09 -9.42437e+09 -1.26529e+10 -1.09697e+10 -1.30733e+10 -1.27979e+10 -1.3734e+10 -1.60907e+10 -1.69766e+10 -1.93823e+10 -1.62528e+10 -2.28105e+10 -2.32752e+10 -2.58211e+10 -2.86537e+10 -2.88481e+10 -2.85949e+10 -2.83992e+10 -2.9393e+10 -2.83361e+10 -3.31774e+10 -3.41647e+10 -3.65411e+10 -3.2958e+10 -3.02632e+10 -2.89619e+10 -2.9944e+10 -2.9054e+10 -2.77719e+10 -2.71652e+10 -2.51327e+10 -2.14822e+10 -1.91374e+10 -1.66049e+10 -1.47889e+10 -1.217e+10 -9.41253e+09 -7.90678e+09 -6.29418e+09 -4.00851e+09 -3.4872e+09 -2.94678e+09 -1.68067e+09 -1.50981e+09 -1.13689e+09 -9.48747e+08 -6.31346e+08 -5.33986e+08 -4.59306e+08 -3.82059e+08 -2.51829e+08 -3.45527e+08 -4.59745e+08 -2.98652e+08 -3.04882e+08 -3.04206e+08 -2.37061e+08 -3.24262e+08 -2.63347e+08 -3.03983e+08 -2.51465e+08 -3.02967e+08 -2.1723e+08 -2.863e+08 -2.19539e+08 -3.17212e+08 -2.37753e+08 -2.92547e+08 -2.65625e+08 -2.70726e+08 -2.14483e+08 -2.0706e+08 -2.68616e+08 -2.75921e+08 -2.80997e+08 -2.85216e+08 -2.98276e+08 -2.1888e+08 -2.60367e+08 -2.21744e+08 -2.51097e+08 -2.88041e+08 -2.26371e+08 -2.26317e+08 -1.92786e+08 -2.87403e+08 -2.35236e+08 -2.28959e+08 -2.29952e+08 -2.4917e+08 -2.58618e+08 -1.89302e+08 -2.29518e+08 -2.04297e+08 -2.30225e+08 -5.457e+07 
-9.64532e+08 -3.4838e+09 -6.96094e+09 -8.50436e+09 -9.35189e+09 -1.08331e+10 -1.01157e+10 -1.27126e+10 -1.09658e+10 -1.4192e+10 -1.32751e+10 -1.70055e+10 -1.56337e+10 -1.92391e+10 -1.78459e+10 -2.07866e+10 -2.59427e+10 -2.555e+10 -2.71589e+10 -2.89513e+10 -2.93187e+10 -2.58127e+10 -3.12185e+10 -3.00758e+10 -3.16195e+10 -3.43281e+10 -3.63974e+10 -3.20148e+10 -2.98508e+10 -3.07705e+10 -3.00257e+10 -2.90656e+10 -2.76192e+10 -2.68205e+10 -2.52433e+10 -2.15225e+10 -1.8834e+10 -1.66551e+10 -1.37767e+10 -1.25637e+10 -9.71815e+09 -7.64206e+09 -6.34448e+09 -4.78647e+09 -3.28722e+09 -2.49996e+09 -2.00249e+09 -1.32375e+09 -1.17506e+09 -8.29693e+08 -7.80231e+08 -6.21742e+08 -4.43774e+08 -4.66695e+08 -3.72861e+08 -3.10708e+08 -2.25629e+08 -3.13876e+08 -4.15525e+08 -2.85317e+08 -2.70034e+08 -3.07602e+08 -2.61574e+08 -2.61328e+08 -2.72596e+08 -2.78911e+08 -2.62416e+08 -3.25032e+08 -2.10835e+08 -2.49569e+08 -2.72462e+08 -2.35474e+08 -3.07938e+08 -2.54562e+08 -3.3742e+08 -2.04082e+08 -2.64764e+08 -1.92699e+08 -2.65981e+08 -2.27511e+08 -3.37443e+08 -2.79516e+08 -2.52286e+08 -2.5101e+08 -2.26699e+08 -2.55856e+08 -2.6064e+08 -2.51875e+08 -2.6428e+08 -2.05532e+08 -2.28439e+08 -2.31127e+08 -2.76705e+08 -2.23916e+08 -2.28564e+08 -2.4799e+08 -2.5469e+08 -2.49767e+08 -1.69532e+08 -1.39292e+08 
-1.54989e+09 -4.57493e+09 -6.18443e+09 -9.58674e+09 -8.54716e+09 -1.06657e+10 -9.51268e+09 -1.24649e+10 -1.13111e+10 -1.47027e+10 -1.3407e+10 -1.63973e+10 -1.53128e+10 -1.83638e+10 -2.1967e+10 -1.90735e+10 -2.53567e+10 -2.5598e+10 -2.76408e+10 -2.6146e+10 -3.06102e+10 -2.84219e+10 -2.95079e+10 -3.03473e+10 -3.219e+10 -3.45773e+10 -3.46231e+10 -3.26923e+10 -3.00483e+10 -2.95167e+10 -3.07388e+10 -3.09109e+10 -2.77171e+10 -2.61486e+10 -2.40132e+10 -2.20936e+10 -1.9213e+10 -1.68227e+10 -1.35832e+10 -1.18781e+10 -9.83088e+09 -7.59471e+09 -6.17912e+09 -5.21729e+09 -3.44538e+09 -2.24526e+09 -1.8755e+09 -1.53769e+09 -1.08381e+09 -8.55812e+08 -6.43652e+08 -6.26544e+08 -5.86044e+08 -4.35934e+08 -4.21013e+08 -4.10409e+08 -3.47418e+08 -2.68274e+08 -2.31835e+08 -2.76405e+08 -3.8369e+08 -2.70188e+08 -2.63339e+08 -2.9051e+08 -2.71138e+08 -2.53371e+08 -2.70607e+08 -2.35191e+08 -3.2267e+08 -2.6744e+08 -2.82909e+08 -1.87817e+08 -3.04926e+08 -2.10722e+08 -3.3714e+08 -2.59184e+08 -2.78055e+08 -2.76803e+08 -2.09296e+08 -2.60508e+08 -2.45886e+08 -2.47047e+08 -2.38253e+08 -3.14445e+08 -2.82938e+08 -2.39171e+08 -2.3928e+08 -2.53252e+08 -2.29626e+08 -2.57174e+08 -2.75213e+08 -2.26003e+08 -2.38928e+08 -2.02047e+08 -2.75789e+08 -2.42602e+08 -2.41309e+08 -2.50085e+08 -2.38551e+08 -1.14875e+08 
-1.53408e+09 -3.68788e+09 -7.71962e+09 -8.30768e+09 -8.75378e+09 -9.59132e+09 -1.05172e+10 -1.16106e+10 -1.26864e+10 -1.34016e+10 -1.41033e+10 -1.50252e+10 -1.79388e+10 -1.6914e+10 -2.25728e+10 -2.14312e+10 -2.31202e+10 -2.37769e+10 -2.89898e+10 -2.66742e+10 -2.95332e+10 -3.09454e+10 -2.7446e+10 -3.09791e+10 -3.20369e+10 -3.57718e+10 -3.33248e+10 -3.23918e+10 -3.05249e+10 -2.94862e+10 -3.00554e+10 -3.10698e+10 -2.88862e+10 -2.59398e+10 -2.3863e+10 -2.19149e+10 -1.93349e+10 -1.69662e+10 -1.41958e+10 -1.11165e+10 -9.43457e+09 -7.97456e+09 -5.79794e+09 -4.8606e+09 -3.92712e+09 -2.31445e+09 -1.74522e+09 -1.57191e+09 -1.13078e+09 -7.98901e+08 -6.83942e+08 -5.57933e+08 -4.96279e+08 -4.54401e+08 -5.09611e+08 -3.34229e+08 -4.30841e+08 -3.79246e+08 -3.48644e+08 -2.46721e+08 -2.49489e+08 -2.58825e+08 -3.31417e+08 -2.70188e+08 -2.71191e+08 -2.47112e+08 -2.86932e+08 -2.80964e+08 -2.43021e+08 -2.37613e+08 -2.89948e+08 -2.73835e+08 -3.09827e+08 -2.4662e+08 -2.25756e+08 -3.00385e+08 -2.07169e+08 -3.39652e+08 -2.39185e+08 -3.04566e+08 -2.40072e+08 -2.38141e+08 -2.18642e+08 -2.72165e+08 -2.08695e+08 -3.12602e+08 -3.03453e+08 -2.32182e+08 -2.55997e+08 -2.26296e+08 -2.42083e+08 -2.58586e+08 -2.45768e+08 -2.82295e+08 -2.21309e+08 -2.41649e+08 -2.29651e+08 -2.4539e+08 -2.44135e+08 -1.48396e+08 
-1.45619e+09 -4.84377e+09 -7.06253e+09 -7.48608e+09 -9.37428e+09 -8.83138e+09 -1.11341e+10 -1.17817e+10 -1.27479e+10 -1.22596e+10 -1.53214e+10 -1.45348e+10 -1.91008e+10 -1.739e+10 -2.12975e+10 -2.16144e+10 -2.41603e+10 -2.26331e+10 -2.71102e+10 -3.20908e+10 -2.57069e+10 -3.0402e+10 -2.8544e+10 -3.09806e+10 -3.15117e+10 -3.65101e+10 -3.42973e+10 -3.13711e+10 -2.97822e+10 -3.01395e+10 -2.98872e+10 -2.96632e+10 -2.98284e+10 -2.6602e+10 -2.45396e+10 -2.19083e+10 -1.91846e+10 -1.66313e+10 -1.42459e+10 -1.13479e+10 -9.34894e+09 -7.79527e+09 -5.76923e+09 -4.17738e+09 -3.76346e+09 -2.88384e+09 -1.75437e+09 -1.46104e+09 -1.09333e+09 -9.63764e+08 -5.82121e+08 -5.78856e+08 -4.7035e+08 -4.33098e+08 -4.28999e+08 -3.49518e+08 -4.40296e+08 -3.07629e+08 -3.9207e+08 -3.96894e+08 -3.18681e+08 -3.0704e+08 -2.22695e+08 -2.522e+08 -3.21802e+08 -2.60154e+08 -2.46822e+08 -2.55297e+08 -2.75092e+08 -2.63453e+08 -2.85627e+08 -2.35197e+08 -2.36092e+08 -3.54865e+08 -2.51284e+08 -2.90913e+08 -2.23698e+08 -2.8798e+08 -2.19063e+08 -2.99507e+08 -2.88696e+08 -2.63386e+08 -2.44226e+08 -2.1337e+08 -2.60339e+08 -2.55775e+08 -2.59834e+08 -2.32973e+08 -3.15821e+08 -2.79792e+08 -2.04221e+08 -2.54016e+08 -2.51873e+08 -2.47715e+08 -2.58178e+08 -2.54873e+08 -2.54565e+08 -2.48417e+08 -2.28844e+08 -1.15e+08 
-1.54186e+09 -4.09578e+09 -6.73435e+09 -7.83745e+09 -8.75694e+09 -9.89161e+09 -1.10497e+10 -1.06948e+10 -1.33379e+10 -1.2042e+10 -1.56539e+10 -1.5766e+10 -1.82704e+10 -1.86947e+10 -1.95416e+10 -2.20427e+10 -2.32389e+10 -2.75137e+10 -2.32883e+10 -3.09387e+10 -2.73781e+10 -2.97367e+10 -2.81933e+10 -3.10629e+10 -3.26985e+10 -3.55562e+10 -3.52919e+10 -3.09719e+10 -2.93902e+10 -2.96063e+10 -2.99497e+10 -2.98122e+10 -2.8089e+10 -2.7969e+10 -2.51244e+10 -2.24707e+10 -1.93998e+10 -1.63629e+10 -1.35041e+10 -1.19885e+10 -9.71022e+09 -7.12851e+09 -5.93618e+09 -3.83227e+09 -3.29975e+09 -2.96612e+09 -2.11469e+09 -1.35794e+09 -1.13379e+09 -8.25021e+08 -7.80946e+08 -5.21262e+08 -4.40518e+08 -4.12515e+08 -4.05578e+08 -3.68499e+08 -3.73294e+08 -2.88753e+08 -4.02403e+08 -3.1027e+08 -3.03093e+08 -4.24749e+08 -3.19002e+08 -3.40149e+08 -2.46551e+08 -2.09028e+08 -3.676e+08 -2.38973e+08 -2.11805e+08 -2.74802e+08 -2.40079e+08 -2.78661e+08 -2.97242e+08 -2.64675e+08 -2.33025e+08 -2.89573e+08 -3.08344e+08 -2.74886e+08 -2.5139e+08 -2.55277e+08 -3.0506e+08 -1.96297e+08 -3.01116e+08 -2.44681e+08 -2.8257e+08 -2.15269e+08 -2.37051e+08 -2.51872e+08 -2.96948e+08 -2.14996e+08 -2.90978e+08 -2.85091e+08 -2.36152e+08 -2.47895e+08 -2.57617e+08 -2.49875e+08 -2.6174e+08 -2.26237e+08 -2.77704e+08 -1.18249e+08 
-1.44209e+09 -4.21458e+09 -6.7979e+09 -7.72537e+09 -8.96765e+09 -1.00407e+10 -1.04191e+10 -1.0706e+10 -1.29767e+10 -1.3602e+10 -1.53743e+10 -1.62965e+10 -1.75143e+10 -1.90882e+10 -1.81233e+10 -2.50417e+10 -2.12342e+10 -2.90677e+10 -2.33324e+10 -2.65331e+10 -3.13429e+10 -2.84622e+10 -2.91591e+10 -2.96799e+10 -3.39401e+10 -3.5287e+10 -3.49162e+10 -3.08237e+10 -2.9826e+10 -2.90634e+10 -2.90081e+10 -3.05253e+10 -2.87317e+10 -2.70183e+10 -2.49308e+10 -2.31262e+10 -1.96113e+10 -1.68025e+10 -1.3647e+10 -1.14878e+10 -1.00342e+10 -6.82485e+09 -5.7217e+09 -4.23691e+09 -2.85274e+09 -2.63482e+09 -2.33327e+09 -1.39405e+09 -1.12652e+09 -7.98328e+08 -7.00573e+08 -6.28199e+08 -4.95366e+08 -3.59531e+08 -4.02999e+08 -3.35692e+08 -3.54976e+08 -3.41662e+08 -3.30578e+08 -2.78095e+08 -3.15947e+08 -3.36478e+08 -2.58927e+08 -3.87636e+08 -3.61195e+08 -3.04897e+08 -3.3681e+08 -1.886e+08 -3.50881e+08 -2.77044e+08 -2.06669e+08 -2.21114e+08 -2.89545e+08 -2.45854e+08 -2.81788e+08 -3.08679e+08 -2.46064e+08 -2.6022e+08 -3.29269e+08 -2.58647e+08 -2.80831e+08 -2.30914e+08 -2.73872e+08 -2.53615e+08 -2.31675e+08 -2.94987e+08 -2.40986e+08 -2.65454e+08 -2.03364e+08 -2.58176e+08 -2.74004e+08 -2.6827e+08 -2.47646e+08 -3.02095e+08 -2.7608e+08 -1.95175e+08 -2.7072e+08 -2.83617e+08 -2.60476e+08 -1.32771e+08 
-1.72043e+09 -4.47025e+09 -6.2396e+09 -8.25599e+09 -8.59959e+09 -9.80861e+09 -1.0155e+10 -1.14619e+10 -1.2688e+10 -1.44937e+10 -1.50469e+10 -1.69503e+10 -1.53796e+10 -2.07875e+10 -1.8373e+10 -2.4791e+10 -2.33671e+10 -2.32545e+10 -2.94702e+10 -2.4178e+10 -3.02025e+10 -2.86705e+10 -2.9999e+10 -2.81765e+10 -3.462e+10 -3.59452e+10 -3.35877e+10 -3.11342e+10 -2.93936e+10 -2.99183e+10 -2.88584e+10 -3.00591e+10 -3.00289e+10 -2.6911e+10 -2.45688e+10 -2.26993e+10 -1.96203e+10 -1.72215e+10 -1.48852e+10 -1.08005e+10 -9.5792e+09 -7.27582e+09 -5.30613e+09 -4.63875e+09 -2.76323e+09 -2.4456e+09 -2.05316e+09 -1.49463e+09 -1.07627e+09 -8.92416e+08 -5.81785e+08 -5.99586e+08 -5.66387e+08 -4.00394e+08 -4.20049e+08 -3.10745e+08 -3.46274e+08 -3.16459e+08 -3.07215e+08 -3.35518e+08 -3.02825e+08 -2.74952e+08 -2.51827e+08 -3.39945e+08 -2.71919e+08 -3.12551e+08 -3.35018e+08 -3.45254e+08 -3.19034e+08 -3.18452e+08 -2.0484e+08 -4.06616e+08 -2.12765e+08 -1.95044e+08 -2.55443e+08 -2.66264e+08 -2.74313e+08 -2.94654e+08 -3.06173e+08 -2.39191e+08 -2.919e+08 -2.99265e+08 -2.40815e+08 -2.4842e+08 -2.52286e+08 -2.79253e+08 -2.50691e+08 -2.49054e+08 -2.75114e+08 -2.39806e+08 -2.24451e+08 -2.08998e+08 -2.82562e+08 -3.38947e+08 -2.37287e+08 -2.85994e+08 -2.47405e+08 -2.57706e+08 -2.30348e+08 -1.0897e+08 
-1.53542e+09 -3.99441e+09 -6.78225e+09 -7.72593e+09 -8.24353e+09 -9.93521e+09 -1.05865e+10 -1.19422e+10 -1.26469e+10 -1.43624e+10 -1.42218e+10 -1.77465e+10 -1.53953e+10 -2.01925e+10 -2.1956e+10 -1.97719e+10 -2.68603e+10 -2.12347e+10 -2.93927e+10 -2.68763e+10 -2.7932e+10 -2.87271e+10 -2.92297e+10 -3.01122e+10 -3.3072e+10 -3.67298e+10 -3.28518e+10 -3.11648e+10 -2.90408e+10 -2.97178e+10 -3.00908e+10 -3.01209e+10 -2.95566e+10 -2.76928e+10 -2.45639e+10 -2.18591e+10 -1.98272e+10 -1.71501e+10 -1.47827e+10 -1.18372e+10 -8.87492e+09 -7.36837e+09 -5.44399e+09 -4.45338e+09 -3.21792e+09 -2.22215e+09 -1.84664e+09 -1.35658e+09 -1.09567e+09 -8.29772e+08 -7.09023e+08 -4.9032e+08 -4.47616e+08 -5.39152e+08 -4.08658e+08 -3.11758e+08 -3.80642e+08 -3.11974e+08 -2.94163e+08 -3.22433e+08 -2.83074e+08 -3.05056e+08 -2.851e+08 -2.74716e+08 -2.66236e+08 -2.69195e+08 -3.02161e+08 -2.43779e+08 -3.77777e+08 -2.68222e+08 -3.41717e+08 -3.52387e+08 -2.63064e+08 -3.46904e+08 -3.03854e+08 -1.86338e+08 -2.2004e+08 -2.95144e+08 -2.70553e+08 -2.8e+08 -2.81356e+08 -2.84341e+08 -2.60073e+08 -2.84517e+08 -2.66885e+08 -2.39149e+08 -2.64328e+08 -2.90214e+08 -2.31176e+08 -2.69138e+08 -2.32134e+08 -2.37149e+08 -2.689e+08 -2.14767e+08 -2.50712e+08 -3.10384e+08 -2.97382e+08 -2.80457e+08 -2.60864e+08 -9.52286e+07 
-1.46192e+09 -4.34846e+09 -6.36715e+09 -7.51757e+09 -8.79073e+09 -9.5915e+09 -1.12643e+10 -1.20795e+10 -1.18291e+10 -1.4856e+10 -1.36467e+10 -1.68808e+10 -2.01878e+10 -1.56464e+10 -2.4072e+10 -1.85218e+10 -2.5028e+10 -2.68775e+10 -2.39059e+10 -3.02511e+10 -2.68697e+10 -2.86927e+10 -2.79489e+10 -3.26852e+10 -3.1339e+10 -3.60909e+10 -3.26916e+10 -3.13985e+10 -2.94742e+10 -2.91001e+10 -3.06074e+10 -3.08414e+10 -2.89567e+10 -2.77567e+10 -2.50131e+10 -2.1841e+10 -1.98493e+10 -1.64945e+10 -1.44203e+10 -1.22342e+10 -9.51473e+09 -7.02449e+09 -5.72193e+09 -4.41702e+09 -3.20852e+09 -2.31154e+09 -1.77905e+09 -1.235e+09 -9.87951e+08 -8.44504e+08 -6.47555e+08 -5.56942e+08 -4.36155e+08 -4.01173e+08 -3.82722e+08 -4.51335e+08 -3.42273e+08 -2.63107e+08 -3.38507e+08 -3.45879e+08 -2.62586e+08 -3.28931e+08 -2.65077e+08 -2.48811e+08 -3.15744e+08 -2.64332e+08 -2.66694e+08 -2.37031e+08 -2.82922e+08 -2.79831e+08 -2.8313e+08 -3.20402e+08 -2.9495e+08 -3.51831e+08 -3.34001e+08 -2.61187e+08 -3.96251e+08 -2.58729e+08 -2.1355e+08 -2.49987e+08 -2.73396e+08 -2.58777e+08 -2.66504e+08 -2.8673e+08 -2.62049e+08 -3.02886e+08 -2.67062e+08 -2.56042e+08 -2.46655e+08 -2.58888e+08 -2.92721e+08 -2.23429e+08 -2.55758e+08 -2.57245e+08 -2.15078e+08 -2.57975e+08 -2.36316e+08 -2.86547e+08 -3.46795e+08 -1.02869e+08 
-1.71064e+09 -3.9668e+09 -6.44157e+09 -7.96423e+09 -8.66995e+09 -1.009e+10 -1.085e+10 -1.23094e+10 -1.19822e+10 -1.29449e+10 -1.7059e+10 -1.4149e+10 -2.07903e+10 -1.70933e+10 -2.1127e+10 -2.41133e+10 -1.95093e+10 -2.85592e+10 -2.47253e+10 -2.82157e+10 -2.82294e+10 -2.99277e+10 -2.77311e+10 -3.06391e+10 -3.26534e+10 -3.47123e+10 -3.32103e+10 -3.14556e+10 -2.96551e+10 -2.98601e+10 -2.96743e+10 -3.07138e+10 -2.94622e+10 -2.75715e+10 -2.52535e+10 -2.21623e+10 -1.94283e+10 -1.65992e+10 -1.36519e+10 -1.20874e+10 -1.00917e+10 -7.28389e+09 -5.91939e+09 -4.28172e+09 -3.3739e+09 -2.1762e+09 -1.73425e+09 -1.36913e+09 -8.81905e+08 -7.76175e+08 -6.37434e+08 -5.12309e+08 -4.3892e+08 -4.23079e+08 -3.54721e+08 -3.28491e+08 -3.36658e+08 -3.8945e+08 -3.08898e+08 -2.58374e+08 -2.84677e+08 -3.48687e+08 -3.08139e+08 -2.69719e+08 -2.82738e+08 -2.69437e+08 -2.53873e+08 -2.77885e+08 -2.58894e+08 -2.54413e+08 -2.53157e+08 -2.75879e+08 -2.65322e+08 -3.33234e+08 -2.63311e+08 -2.85307e+08 -3.98876e+08 -2.96863e+08 -3.4572e+08 -3.66184e+08 -2.07969e+08 -2.19367e+08 -2.6949e+08 -2.59988e+08 -2.55281e+08 -2.68362e+08 -3.06843e+08 -2.83063e+08 -2.76237e+08 -2.46918e+08 -2.55668e+08 -2.47364e+08 -2.88528e+08 -2.56105e+08 -2.73337e+08 -2.10955e+08 -2.64235e+08 -2.2343e+08 -2.62084e+08 -1.31059e+08 
-1.63353e+09 -4.41418e+09 -6.63588e+09 -7.99727e+09 -8.98698e+09 -9.65649e+09 -1.13428e+10 -1.10495e+10 -1.40586e+10 -1.13634e+10 -1.71609e+10 -1.56158e+10 -1.66682e+10 -2.37428e+10 -1.63602e+10 -2.50658e+10 -2.11799e+10 -2.4111e+10 -2.83834e+10 -2.69325e+10 -3.02067e+10 -2.86296e+10 -2.86718e+10 -2.92644e+10 -3.25613e+10 -3.44079e+10 -3.41594e+10 -3.05979e+10 -3.07873e+10 -2.96095e+10 -2.90394e+10 -3.07329e+10 -2.94649e+10 -2.78564e+10 -2.56304e+10 -2.21511e+10 -1.94502e+10 -1.64397e+10 -1.39088e+10 -1.14274e+10 -1.02281e+10 -7.68089e+09 -6.06207e+09 -4.27715e+09 -3.52546e+09 -2.14344e+09 -1.66488e+09 -1.43248e+09 -9.49543e+08 -6.888e+08 -6.43113e+08 -4.76327e+08 -4.18769e+08 -3.84444e+08 -3.36045e+08 -3.54401e+08 -3.16778e+08 -2.94296e+08 -2.78879e+08 -3.58833e+08 -2.7727e+08 -2.93962e+08 -2.41025e+08 -2.92303e+08 -3.61843e+08 -2.5802e+08 -3.13315e+08 -2.51166e+08 -2.17119e+08 -2.97885e+08 -2.46546e+08 -2.68674e+08 -2.50912e+08 -2.53292e+08 -2.87818e+08 -2.46879e+08 -3.04018e+08 -2.78691e+08 -3.55777e+08 -3.98103e+08 -2.62804e+08 -3.23613e+08 -3.24945e+08 -2.04656e+08 -2.69251e+08 -2.48406e+08 -2.84118e+08 -2.63007e+08 -2.61311e+08 -3.03653e+08 -3.01313e+08 -2.33953e+08 -2.56843e+08 -2.56132e+08 -2.76621e+08 -2.97418e+08 -2.32222e+08 -2.82761e+08 -2.14943e+08 -1.35453e+08 
-1.51951e+09 -4.20135e+09 -7.01174e+09 -7.92073e+09 -9.18051e+09 -8.98342e+09 -1.20145e+10 -1.06446e+10 -1.35066e+10 -1.4322e+10 -1.26095e+10 -1.9791e+10 -1.36026e+10 -2.31094e+10 -2.09004e+10 -1.93119e+10 -2.68451e+10 -2.02079e+10 -2.79788e+10 -2.92557e+10 -2.93882e+10 -2.89726e+10 -2.90199e+10 -2.8364e+10 -3.22992e+10 -3.39956e+10 -3.53825e+10 -3.15716e+10 -3.02967e+10 -2.84011e+10 -2.89244e+10 -3.05243e+10 -2.99363e+10 -2.80562e+10 -2.51064e+10 -2.28605e+10 -1.92857e+10 -1.65203e+10 -1.43192e+10 -1.14799e+10 -9.55595e+09 -7.95559e+09 -6.07882e+09 -4.56846e+09 -3.43191e+09 -2.32543e+09 -1.7304e+09 -1.24259e+09 -1.09033e+09 -7.41943e+08 -5.89025e+08 -4.99539e+08 -3.88964e+08 -3.73356e+08 -3.07998e+08 -3.33898e+08 -2.60585e+08 -3.31911e+08 -2.79431e+08 -2.82451e+08 -2.52654e+08 -3.10592e+08 -2.79918e+08 -2.66966e+08 -2.5089e+08 -2.8065e+08 -3.24988e+08 -3.11807e+08 -2.82305e+08 -2.79771e+08 -2.50244e+08 -2.0472e+08 -3.03302e+08 -2.38534e+08 -2.7538e+08 -2.47431e+08 -2.28196e+08 -3.17106e+08 -2.91672e+08 -2.63891e+08 -2.93051e+08 -3.74347e+08 -3.17529e+08 -2.8673e+08 -2.90341e+08 -2.99149e+08 -2.69673e+08 -2.93129e+08 -2.27523e+08 -2.83767e+08 -2.5951e+08 -2.63665e+08 -3.22496e+08 -2.82387e+08 -2.28933e+08 -2.81181e+08 -2.62456e+08 -2.84141e+08 -2.729e+08 -1.15341e+08 
-1.28109e+09 -4.83865e+09 -6.69243e+09 -8.00892e+09 -8.98261e+09 -9.64516e+09 -1.0704e+10 -1.31236e+10 -1.08099e+10 -1.57746e+10 -1.23436e+10 -1.78524e+10 -1.93876e+10 -1.50364e+10 -2.55128e+10 -1.87697e+10 -2.42149e+10 -2.58613e+10 -2.39982e+10 -3.1068e+10 -2.8081e+10 -2.92257e+10 -2.86936e+10 -2.90645e+10 -3.11364e+10 -3.46263e+10 -3.55448e+10 -3.3493e+10 -2.86248e+10 -2.9254e+10 -2.79973e+10 -2.92373e+10 -3.04278e+10 -2.7768e+10 -2.55719e+10 -2.28512e+10 -1.96589e+10 -1.67309e+10 -1.44072e+10 -1.17733e+10 -9.44066e+09 -7.63351e+09 -6.06326e+09 -4.70227e+09 -3.46375e+09 -2.5118e+09 -1.74715e+09 -1.28671e+09 -9.85274e+08 -8.55306e+08 -6.12695e+08 -5.21204e+08 -3.89725e+08 -3.71342e+08 -3.07023e+08 -3.04247e+08 -2.68751e+08 -2.99165e+08 -2.22951e+08 -2.91562e+08 -2.73295e+08 -2.67056e+08 -2.52394e+08 -2.68447e+08 -2.58009e+08 -2.49762e+08 -3.01267e+08 -2.55859e+08 -2.47846e+08 -3.74835e+08 -2.70892e+08 -2.94556e+08 -2.74844e+08 -2.17774e+08 -2.54288e+08 -2.51485e+08 -2.4605e+08 -2.82201e+08 -2.64576e+08 -2.74622e+08 -2.59299e+08 -2.80951e+08 -2.37373e+08 -3.2253e+08 -3.93739e+08 -2.53434e+08 -2.95405e+08 -2.97498e+08 -2.86398e+08 -3.17477e+08 -2.64763e+08 -2.32847e+08 -2.89748e+08 -2.57038e+08 -3.12899e+08 -3.16064e+08 -2.49943e+08 -2.32544e+08 -3.06156e+08 -1.25918e+08 
-1.64501e+09 -4.49356e+09 -6.44254e+09 -8.5909e+09 -8.40376e+09 -1.07413e+10 -9.42661e+09 -1.29589e+10 -1.19017e+10 -1.4135e+10 -1.70952e+10 -1.1738e+10 -2.20525e+10 -1.62692e+10 -1.91639e+10 -2.63392e+10 -1.93234e+10 -2.93664e+10 -2.37738e+10 -2.86908e+10 -2.97347e+10 -2.9223e+10 -2.79176e+10 -2.99002e+10 -2.94617e+10 -3.59106e+10 -3.47015e+10 -3.41513e+10 -2.89047e+10 -2.96058e+10 -2.7733e+10 -2.91799e+10 -2.86125e+10 -2.76832e+10 -2.60775e+10 -2.30296e+10 -1.9854e+10 -1.74794e+10 -1.40867e+10 -1.21118e+10 -9.73013e+09 -7.08631e+09 -6.44626e+09 -4.3841e+09 -3.47236e+09 -2.76191e+09 -1.81071e+09 -1.27268e+09 -9.94128e+08 -8.4442e+08 -6.53613e+08 -5.53924e+08 -4.3036e+08 -3.78731e+08 -3.48606e+08 -2.49193e+08 -3.15098e+08 -2.48435e+08 -2.43227e+08 -2.82655e+08 -2.11881e+08 -2.38364e+08 -2.94391e+08 -2.24491e+08 -2.68631e+08 -2.4687e+08 -2.48284e+08 -2.33915e+08 -2.57918e+08 -2.87606e+08 -2.84588e+08 -2.70057e+08 -3.57048e+08 -2.86284e+08 -2.79479e+08 -2.50354e+08 -1.84139e+08 -3.12475e+08 -2.253e+08 -2.86717e+08 -2.71872e+08 -2.38402e+08 -2.76012e+08 -2.29595e+08 -2.57282e+08 -2.70234e+08 -3.48186e+08 -3.94789e+08 -2.27531e+08 -2.2835e+08 -3.33439e+08 -2.89474e+08 -3.53655e+08 -2.43632e+08 -2.63866e+08 -2.95728e+08 -2.71212e+08 -3.38085e+08 -2.77183e+08 -1.35779e+08 
-1.76167e+09 -4.18542e+09 -6.61274e+09 -8.44062e+09 -9.03437e+09 -9.52516e+09 -1.08981e+10 -1.10517e+10 -1.5314e+10 -1.09485e+10 -1.71202e+10 -1.55415e+10 -1.50019e+10 -2.42429e+10 -1.31373e+10 -2.44134e+10 -2.57037e+10 -2.43299e+10 -2.89168e+10 -2.50713e+10 -3.04179e+10 -2.97027e+10 -2.8132e+10 -2.98965e+10 -2.91552e+10 -3.51608e+10 -3.47681e+10 -3.32558e+10 -2.98148e+10 -2.90557e+10 -2.94314e+10 -2.91433e+10 -2.77856e+10 -2.74696e+10 -2.51179e+10 -2.3756e+10 -2.01169e+10 -1.76979e+10 -1.43683e+10 -1.1999e+10 -1.00369e+10 -7.1743e+09 -6.40273e+09 -4.30957e+09 -3.50745e+09 -2.71015e+09 -1.92981e+09 -1.33957e+09 -9.90508e+08 -7.91532e+08 -7.01366e+08 -5.5659e+08 -4.72328e+08 -4.22385e+08 -3.52533e+08 -3.06208e+08 -3.30334e+08 -2.00141e+08 -3.01186e+08 -2.39007e+08 -2.13521e+08 -2.71096e+08 -2.10331e+08 -2.1988e+08 -2.77532e+08 -1.98504e+08 -2.83742e+08 -2.19445e+08 -2.63127e+08 -2.07755e+08 -2.41057e+08 -2.8453e+08 -3.14532e+08 -2.42776e+08 -3.52759e+08 -2.87585e+08 -2.73856e+08 -3.02845e+08 -2.23877e+08 -2.2168e+08 -2.89102e+08 -2.30047e+08 -2.74434e+08 -2.55996e+08 -2.32389e+08 -2.58193e+08 -2.45018e+08 -2.67966e+08 -2.96142e+08 -3.56256e+08 -3.28911e+08 -2.10216e+08 -2.1051e+08 -3.58729e+08 -3.4276e+08 -3.48555e+08 -2.36924e+08 -3.03826e+08 -2.97528e+08 -1.13627e+08 
-1.25168e+09 -4.19919e+09 -7.31977e+09 -7.69141e+09 -9.26921e+09 -9.39146e+09 -1.15456e+10 -1.11774e+10 -1.38693e+10 -1.44814e+10 -1.20402e+10 -2.03389e+10 -1.22363e+10 -1.94892e+10 -2.39889e+10 -1.5581e+10 -2.68137e+10 -2.43591e+10 -3.02234e+10 -2.66768e+10 -2.84017e+10 -3.07792e+10 -2.77827e+10 -3.03212e+10 -3.01552e+10 -3.2691e+10 -3.57385e+10 -3.21017e+10 -3.04695e+10 -2.93869e+10 -2.94622e+10 -2.8577e+10 -2.86093e+10 -2.77102e+10 -2.47256e+10 -2.32488e+10 -2.04013e+10 -1.73316e+10 -1.50025e+10 -1.18627e+10 -1.00627e+10 -7.88098e+09 -5.86668e+09 -4.61103e+09 -3.54395e+09 -2.58257e+09 -1.94595e+09 -1.35077e+09 -1.08691e+09 -7.90409e+08 -6.18518e+08 -5.84868e+08 -5.42432e+08 -3.71013e+08 -4.15289e+08 -3.7629e+08 -3.01214e+08 -2.67472e+08 -3.2624e+08 -1.90649e+08 -2.60881e+08 -2.69891e+08 -1.82299e+08 -2.46927e+08 -2.37215e+08 -2.10263e+08 -2.10139e+08 -2.57222e+08 -2.27238e+08 -2.40528e+08 -2.50738e+08 -2.11201e+08 -2.17505e+08 -2.62863e+08 -3.17526e+08 -2.98279e+08 -2.56025e+08 -3.58978e+08 -2.8222e+08 -2.69253e+08 -2.77248e+08 -2.12387e+08 -2.45629e+08 -2.38038e+08 -2.50509e+08 -2.70212e+08 -2.44881e+08 -2.61896e+08 -2.45776e+08 -2.15689e+08 -3.07081e+08 -2.90394e+08 -3.56638e+08 -2.9516e+08 -1.79998e+08 -2.28262e+08 -3.8935e+08 -3.7508e+08 -3.27649e+08 -1.54684e+08 
-1.6024e+09 -4.75652e+09 -6.56038e+09 -7.8723e+09 -9.26076e+09 -1.05369e+10 -1.04491e+10 -1.31679e+10 -1.10709e+10 -1.66756e+10 -1.21752e+10 -1.54095e+10 -2.13814e+10 -1.24738e+10 -2.11864e+10 -2.09079e+10 -2.31137e+10 -2.69192e+10 -2.63502e+10 -3.24756e+10 -2.64241e+10 -3.03508e+10 -2.9152e+10 -2.8988e+10 -3.05022e+10 -3.20029e+10 -3.58867e+10 -3.24918e+10 -3.07476e+10 -2.82413e+10 -2.86233e+10 -3.03375e+10 -2.85593e+10 -2.71225e+10 -2.61207e+10 -2.22715e+10 -2.04232e+10 -1.72164e+10 -1.49426e+10 -1.21675e+10 -1.00286e+10 -8.22668e+09 -5.84984e+09 -4.8083e+09 -3.47902e+09 -2.60754e+09 -1.94376e+09 -1.41723e+09 -9.55083e+08 -8.84021e+08 -6.50739e+08 -5.60293e+08 -4.03261e+08 -5.38577e+08 -3.53459e+08 -3.53652e+08 -3.67072e+08 -3.56457e+08 -2.71656e+08 -2.61543e+08 -3.0157e+08 -2.14356e+08 -2.19347e+08 -2.86258e+08 -1.83548e+08 -2.27137e+08 -2.49882e+08 -1.95706e+08 -1.99012e+08 -2.65043e+08 -1.78904e+08 -2.84753e+08 -1.94083e+08 -2.83833e+08 -1.77403e+08 -2.33974e+08 -2.78427e+08 -3.60369e+08 -2.67306e+08 -3.11153e+08 -3.03512e+08 -2.59747e+08 -2.79593e+08 -2.22302e+08 -2.2354e+08 -2.50803e+08 -2.41207e+08 -2.76847e+08 -2.58274e+08 -2.34314e+08 -2.42713e+08 -2.47225e+08 -2.29501e+08 -3.28379e+08 -2.98385e+08 -3.4893e+08 -2.53899e+08 -1.47053e+08 -2.89079e+08 -2.00112e+08 
-1.56927e+09 -4.2286e+09 -6.99096e+09 -8.11842e+09 -9.07839e+09 -1.12345e+10 -1.01788e+10 -1.23836e+10 -1.36073e+10 -1.26275e+10 -1.80293e+10 -1.13751e+10 -1.75572e+10 -1.96728e+10 -1.46597e+10 -2.39624e+10 -2.08156e+10 -2.9162e+10 -2.47299e+10 -3.15994e+10 -3.06902e+10 -2.7474e+10 -2.87251e+10 -2.95625e+10 -3.05791e+10 -3.23666e+10 -3.50801e+10 -3.36083e+10 -2.96262e+10 -2.78895e+10 -2.92734e+10 -2.99539e+10 -2.89856e+10 -2.74253e+10 -2.53803e+10 -2.31165e+10 -2.0299e+10 -1.72318e+10 -1.45224e+10 -1.23254e+10 -1.03309e+10 -8.08391e+09 -6.14305e+09 -4.8638e+09 -3.49845e+09 -2.58343e+09 -1.99794e+09 -1.50661e+09 -9.62425e+08 -7.73276e+08 -6.63956e+08 -5.67583e+08 -5.28018e+08 -3.6477e+08 -3.54918e+08 -4.62723e+08 -2.86813e+08 -3.36135e+08 -3.41901e+08 -3.24236e+08 -2.88643e+08 -2.53809e+08 -2.55239e+08 -2.78154e+08 -1.96375e+08 -2.52423e+08 -2.22401e+08 -2.15886e+08 -2.18379e+08 -2.22171e+08 -2.26595e+08 -1.86111e+08 -2.375e+08 -2.5455e+08 -2.02858e+08 -2.34435e+08 -2.31586e+08 -2.15404e+08 -2.66741e+08 -3.14689e+08 -3.23449e+08 -2.84054e+08 -2.98953e+08 -2.66056e+08 -2.25508e+08 -2.7072e+08 -2.221e+08 -2.46144e+08 -2.63946e+08 -2.49417e+08 -2.41836e+08 -2.54651e+08 -2.56957e+08 -2.30451e+08 -2.44429e+08 -3.00829e+08 -2.92651e+08 -2.74889e+08 -3.54958e+08 -1.44282e+08 
-1.38313e+09 -4.8478e+09 -6.62012e+09 -8.78854e+09 -9.1846e+09 -1.01529e+10 -1.24992e+10 -1.01757e+10 -1.49113e+10 -1.32084e+10 -1.45441e+10 -1.7034e+10 -1.00804e+10 -2.199e+10 -1.82458e+10 -2.05514e+10 -2.22511e+10 -2.62789e+10 -2.98936e+10 -2.62844e+10 -3.20215e+10 -2.76712e+10 -2.95118e+10 -2.86596e+10 -3.08794e+10 -3.35862e+10 -3.41205e+10 -3.31354e+10 -2.89712e+10 -3.12763e+10 -2.76925e+10 -2.85481e+10 -2.96292e+10 -2.78713e+10 -2.46342e+10 -2.35113e+10 -2.04483e+10 -1.7534e+10 -1.43681e+10 -1.25036e+10 -9.88021e+09 -8.21236e+09 -6.48591e+09 -4.76945e+09 -3.63906e+09 -2.54234e+09 -2.02786e+09 -1.58593e+09 -1.08845e+09 -7.01361e+08 -6.61569e+08 -4.96808e+08 -4.82195e+08 -4.2237e+08 -4.74524e+08 -2.77726e+08 -3.19599e+08 -3.88532e+08 -2.925e+08 -3.05664e+08 -3.13136e+08 -3.0701e+08 -3.18638e+08 -2.49203e+08 -2.43229e+08 -2.6446e+08 -2.36855e+08 -2.26437e+08 -2.3809e+08 -2.10785e+08 -2.13212e+08 -2.37081e+08 -2.20257e+08 -1.86346e+08 -2.54202e+08 -1.90696e+08 -2.60961e+08 -1.86495e+08 -2.81783e+08 -1.72376e+08 -2.60696e+08 -2.85318e+08 -3.28745e+08 -2.92805e+08 -2.95056e+08 -2.33604e+08 -2.64624e+08 -2.48016e+08 -2.45047e+08 -2.30638e+08 -2.50193e+08 -2.59635e+08 -2.4869e+08 -2.61589e+08 -2.39257e+08 -2.66458e+08 -2.38552e+08 -2.42304e+08 -3.48107e+08 -1.0816e+08 
-1.81193e+09 -4.00108e+09 -7.93393e+09 -7.47005e+09 -1.01489e+10 -9.78334e+09 -1.1992e+10 -1.31319e+10 -1.06899e+10 -1.67171e+10 -1.0119e+10 -1.77537e+10 -1.57318e+10 -1.42528e+10 -2.21865e+10 -2.0787e+10 -2.42807e+10 -2.27892e+10 -2.91507e+10 -2.67035e+10 -2.90829e+10 -3.10856e+10 -2.89793e+10 -2.90964e+10 -2.96559e+10 -3.53338e+10 -3.38311e+10 -3.33701e+10 -2.90915e+10 -3.02449e+10 -2.83149e+10 -2.97937e+10 -2.81806e+10 -2.78087e+10 -2.57106e+10 -2.26654e+10 -1.99746e+10 -1.8362e+10 -1.47163e+10 -1.22578e+10 -9.71384e+09 -8.29045e+09 -6.59352e+09 -4.67227e+09 -3.61323e+09 -2.79049e+09 -1.87489e+09 -1.64199e+09 -1.17141e+09 -8.35818e+08 -5.67462e+08 -5.85098e+08 -3.85016e+08 -3.8729e+08 -4.05258e+08 -3.71945e+08 -4.09034e+08 -2.56126e+08 -2.99105e+08 -3.14048e+08 -3.11736e+08 -2.98757e+08 -2.85588e+08 -2.97795e+08 -2.86295e+08 -3.01626e+08 -2.39694e+08 -2.60002e+08 -2.25983e+08 -2.65529e+08 -2.08912e+08 -2.13357e+08 -2.49525e+08 -2.14138e+08 -2.16446e+08 -2.40783e+08 -1.91934e+08 -2.26258e+08 -2.54816e+08 -1.80073e+08 -1.98373e+08 -2.71088e+08 -1.98886e+08 -2.95723e+08 -3.0054e+08 -2.82483e+08 -3.0114e+08 -2.67582e+08 -2.43043e+08 -2.26259e+08 -2.45573e+08 -2.34631e+08 -2.65037e+08 -2.60005e+08 -2.61704e+08 -2.37918e+08 -2.57469e+08 -2.70715e+08 -2.22368e+08 -1.57014e+08 
-1.40836e+09 -5.52465e+09 -6.59135e+09 -8.9832e+09 -8.6939e+09 -1.20105e+10 -9.82829e+09 -1.36447e+10 -1.07802e+10 -1.35659e+10 -1.59712e+10 -1.22551e+10 -1.93876e+10 -1.43727e+10 -1.89516e+10 -2.42706e+10 -2.38844e+10 -2.31922e+10 -2.38701e+10 -3.03048e+10 -2.71888e+10 -3.13845e+10 -2.7649e+10 -3.12391e+10 -2.91839e+10 -3.55825e+10 -3.42611e+10 -3.41205e+10 -2.96536e+10 -2.78347e+10 -2.93952e+10 -3.01604e+10 -2.82151e+10 -2.82159e+10 -2.5256e+10 -2.30687e+10 -1.96918e+10 -1.8339e+10 -1.46887e+10 -1.24495e+10 -1.02496e+10 -8.05189e+09 -6.36453e+09 -4.56887e+09 -3.72247e+09 -2.82252e+09 -1.91663e+09 -1.55119e+09 -1.30723e+09 -8.66614e+08 -6.64204e+08 -5.03658e+08 -4.84359e+08 -3.88173e+08 -3.05215e+08 -3.2705e+08 -3.57603e+08 -3.35635e+08 -3.72237e+08 -2.45877e+08 -3.11863e+08 -2.45991e+08 -3.11506e+08 -2.67825e+08 -3.11718e+08 -2.99278e+08 -2.49015e+08 -3.06708e+08 -2.84384e+08 -2.26206e+08 -2.51556e+08 -2.38919e+08 -2.52488e+08 -2.24512e+08 -2.32295e+08 -2.18545e+08 -2.41274e+08 -2.4363e+08 -1.81626e+08 -2.18886e+08 -2.19595e+08 -2.33007e+08 -1.62238e+08 -2.46832e+08 -2.13652e+08 -2.7589e+08 -2.93707e+08 -3.01227e+08 -2.60655e+08 -3.06472e+08 -1.94531e+08 -2.56784e+08 -2.31068e+08 -2.6756e+08 -2.15509e+08 -2.80272e+08 -2.79464e+08 -2.59933e+08 -2.33761e+08 -1.33425e+08 
-2.29462e+09 -4.83842e+09 -6.94691e+09 -8.74706e+09 -9.73476e+09 -1.02929e+10 -1.11226e+10 -1.098e+10 -1.4429e+10 -9.91526e+09 -1.74379e+10 -1.36552e+10 -1.59141e+10 -2.04555e+10 -1.66426e+10 -2.18704e+10 -2.42683e+10 -2.39256e+10 -2.32889e+10 -2.98903e+10 -2.73736e+10 -2.9869e+10 -2.83407e+10 -2.99641e+10 -3.01071e+10 -3.44953e+10 -3.73117e+10 -3.20652e+10 -2.97365e+10 -2.95162e+10 -2.8478e+10 -2.90265e+10 -2.9871e+10 -2.76734e+10 -2.53539e+10 -2.34978e+10 -2.04799e+10 -1.71192e+10 -1.44501e+10 -1.2911e+10 -1.08454e+10 -7.83701e+09 -6.26962e+09 -4.41218e+09 -3.85877e+09 -2.54773e+09 -2.23126e+09 -1.34831e+09 -1.40406e+09 -8.44349e+08 -7.54179e+08 -5.49284e+08 -4.58415e+08 -4.07089e+08 -3.96956e+08 -3.01918e+08 -2.62805e+08 -3.04838e+08 -3.19881e+08 -2.84274e+08 -3.68902e+08 -2.49099e+08 -3.0101e+08 -2.51206e+08 -2.58284e+08 -2.47482e+08 -3.56977e+08 -2.50947e+08 -2.87016e+08 -2.54078e+08 -3.03552e+08 -2.69994e+08 -2.45966e+08 -2.38191e+08 -2.73337e+08 -2.15528e+08 -2.33326e+08 -2.69111e+08 -2.03746e+08 -2.18452e+08 -2.46806e+08 -1.95102e+08 -1.91609e+08 -2.48101e+08 -1.76064e+08 -1.67936e+08 -2.7746e+08 -2.28143e+08 -3.13554e+08 -2.96686e+08 -2.15426e+08 -3.18918e+08 -2.57509e+08 -2.05095e+08 -2.39388e+08 -2.52455e+08 -2.42409e+08 -2.58142e+08 -2.7066e+08 -1.84654e+08 
-1.37556e+09 -4.45315e+09 -8.51235e+09 -7.33226e+09 -1.07124e+10 -8.36572e+09 -1.26119e+10 -9.37013e+09 -1.48892e+10 -1.25896e+10 -1.23795e+10 -1.88326e+10 -1.4984e+10 -1.81599e+10 -2.09638e+10 -1.73583e+10 -2.34891e+10 -2.62997e+10 -2.38264e+10 -2.78838e+10 -2.90141e+10 -2.84595e+10 -2.93423e+10 -2.74484e+10 -3.18945e+10 -3.38045e+10 -3.69077e+10 -3.20356e+10 -3.0843e+10 -2.88816e+10 -2.91218e+10 -2.99161e+10 -2.89919e+10 -2.79231e+10 -2.60016e+10 -2.32794e+10 -2.11353e+10 -1.66656e+10 -1.44328e+10 -1.27447e+10 -1.07318e+10 -8.18569e+09 -6.32115e+09 -4.55658e+09 -3.54161e+09 -2.64315e+09 -2.16045e+09 -1.46171e+09 -1.16527e+09 -1.07844e+09 -5.91495e+08 -6.64177e+08 -4.80358e+08 -4.2191e+08 -3.93069e+08 -3.33742e+08 -3.31314e+08 -2.80545e+08 -2.55043e+08 -2.56737e+08 -3.1612e+08 -2.41908e+08 -3.46347e+08 -2.66992e+08 -2.7992e+08 -2.75597e+08 -2.22619e+08 -2.57691e+08 -2.78378e+08 -3.14741e+08 -2.80153e+08 -2.48141e+08 -2.79078e+08 -3.23811e+08 -2.44756e+08 -2.51479e+08 -2.57608e+08 -2.50605e+08 -2.19864e+08 -2.5856e+08 -2.17506e+08 -2.33522e+08 -2.42802e+08 -1.85614e+08 -2.03055e+08 -2.25022e+08 -2.09524e+08 -1.75138e+08 -2.00126e+08 -2.42473e+08 -3.02451e+08 -2.94236e+08 -2.80322e+08 -2.1112e+08 -3.30708e+08 -1.91783e+08 -2.3193e+08 -2.53204e+08 -2.67503e+08 -9.85835e+07 
-2.00133e+09 -5.63855e+09 -6.89e+09 -8.52878e+09 -8.71086e+09 -1.01382e+10 -1.05508e+10 -1.30261e+10 -1.06511e+10 -1.57208e+10 -1.28184e+10 -1.54167e+10 -1.95481e+10 -1.52619e+10 -1.91675e+10 -2.11606e+10 -2.09079e+10 -2.60604e+10 -2.56333e+10 -2.646e+10 -3.00695e+10 -2.74658e+10 -2.94353e+10 -2.85166e+10 -3.19966e+10 -3.17247e+10 -3.50109e+10 -3.36233e+10 -3.0833e+10 -2.88273e+10 -3.02969e+10 -2.98846e+10 -2.9051e+10 -2.86049e+10 -2.6124e+10 -2.30711e+10 -2.04874e+10 -1.78795e+10 -1.47159e+10 -1.17388e+10 -1.04462e+10 -8.11998e+09 -6.82451e+09 -4.74862e+09 -3.35877e+09 -2.68159e+09 -2.06586e+09 -1.55125e+09 -1.06303e+09 -9.82624e+08 -7.53009e+08 -5.12114e+08 -5.04842e+08 -5.41072e+08 -3.13116e+08 -3.95762e+08 -3.51623e+08 -2.97495e+08 -2.9115e+08 -2.69802e+08 -2.81674e+08 -2.00499e+08 -3.29046e+08 -2.16837e+08 -2.76094e+08 -3.10532e+08 -2.31681e+08 -3.28167e+08 -2.21914e+08 -2.45298e+08 -2.05408e+08 -3.71415e+08 -2.47019e+08 -2.84537e+08 -2.72386e+08 -2.77713e+08 -3.29208e+08 -2.4293e+08 -2.55259e+08 -2.55106e+08 -2.10199e+08 -2.4803e+08 -2.70703e+08 -1.92406e+08 -2.29689e+08 -2.5012e+08 -2.03239e+08 -1.85033e+08 -2.49672e+08 -1.48927e+08 -1.73258e+08 -2.47947e+08 -2.55519e+08 -3.38289e+08 -2.85329e+08 -1.87698e+08 -2.9719e+08 -2.74256e+08 -1.85732e+08 -1.34373e+08 
-1.80304e+09 -5.22636e+09 -6.67388e+09 -8.36482e+09 -8.32168e+09 -1.12602e+10 -9.83658e+09 -1.34378e+10 -1.19008e+10 -1.28603e+10 -1.69459e+10 -1.27009e+10 -1.71036e+10 -1.90087e+10 -1.62185e+10 -2.33872e+10 -2.16813e+10 -2.25241e+10 -2.83773e+10 -2.51167e+10 -3.14554e+10 -2.75427e+10 -3.00326e+10 -2.82974e+10 -2.96196e+10 -3.20236e+10 -3.39826e+10 -3.32766e+10 -3.07124e+10 -3.11675e+10 -2.87299e+10 -3.01224e+10 -3.07122e+10 -2.8062e+10 -2.66101e+10 -2.32405e+10 -1.99724e+10 -1.83977e+10 -1.5263e+10 -1.1342e+10 -9.95688e+09 -7.93079e+09 -6.94983e+09 -4.78192e+09 -3.62233e+09 -2.75476e+09 -1.97873e+09 -1.46954e+09 -1.16155e+09 -8.16221e+08 -7.4204e+08 -5.96208e+08 -4.33547e+08 -4.15509e+08 -4.53882e+08 -4.34398e+08 -2.55952e+08 -3.7867e+08 -3.24985e+08 -2.74057e+08 -2.71149e+08 -2.77649e+08 -2.87111e+08 -1.86885e+08 -3.02806e+08 -2.44767e+08 -1.9835e+08 -3.22045e+08 -2.46855e+08 -2.81685e+08 -2.74055e+08 -2.16052e+08 -2.526e+08 -2.5888e+08 -3.22936e+08 -2.88899e+08 -2.60168e+08 -2.84561e+08 -2.95251e+08 -2.81734e+08 -2.55273e+08 -2.76602e+08 -2.2361e+08 -2.02867e+08 -2.74317e+08 -2.36241e+08 -2.22989e+08 -2.64304e+08 -2.04243e+08 -1.88893e+08 -1.99306e+08 -2.11391e+08 -1.68783e+08 -1.93977e+08 -2.57189e+08 -3.29264e+08 -2.86489e+08 -2.81079e+08 -1.58459e+08 -1.74944e+08 
-2.17552e+09 -4.61866e+09 -6.45421e+09 -8.42863e+09 -9.38128e+09 -9.40351e+09 -1.31912e+10 -9.96819e+09 -1.58432e+10 -1.05041e+10 -1.46062e+10 -1.68697e+10 -1.23027e+10 -2.02067e+10 -2.01926e+10 -1.86177e+10 -2.56342e+10 -1.97066e+10 -2.83847e+10 -2.67935e+10 -3.10937e+10 -2.99331e+10 -2.74447e+10 -2.85319e+10 -2.82125e+10 -3.26717e+10 -3.32292e+10 -3.399e+10 -3.18187e+10 -2.94784e+10 -2.90404e+10 -2.9711e+10 -3.02728e+10 -2.88725e+10 -2.69761e+10 -2.3793e+10 -2.08831e+10 -1.72895e+10 -1.51127e+10 -1.23822e+10 -9.55636e+09 -7.70819e+09 -6.73095e+09 -4.53715e+09 -4.01649e+09 -2.89271e+09 -1.99164e+09 -1.38236e+09 -1.14392e+09 -8.64273e+08 -6.60704e+08 -5.45229e+08 -5.00724e+08 -3.54464e+08 -3.77353e+08 -3.72615e+08 -3.82151e+08 -3.8871e+08 -2.30426e+08 -3.53517e+08 -3.23555e+08 -2.61416e+08 -2.88159e+08 -2.35667e+08 -2.88414e+08 -2.49278e+08 -2.23811e+08 -2.82864e+08 -1.89051e+08 -2.53405e+08 -2.85614e+08 -2.36167e+08 -3.07741e+08 -2.2513e+08 -2.67139e+08 -2.3042e+08 -3.45882e+08 -2.20037e+08 -3.26268e+08 -2.50054e+08 -2.73586e+08 -3.11639e+08 -2.80962e+08 -2.44177e+08 -2.72569e+08 -1.91869e+08 -2.3804e+08 -3.05964e+08 -2.07005e+08 -2.3303e+08 -2.28317e+08 -2.21861e+08 -1.81013e+08 -2.30533e+08 -1.56965e+08 -1.77655e+08 -2.54998e+08 -2.89163e+08 -3.18798e+08 -1.0816e+08 
-1.59925e+09 -4.0527e+09 -7.89547e+09 -7.04514e+09 -1.08183e+10 -9.08049e+09 -1.31727e+10 -1.19618e+10 -1.12356e+10 -1.57277e+10 -9.27439e+09 -1.70608e+10 -1.76977e+10 -1.44694e+10 -2.28656e+10 -1.80363e+10 -2.37679e+10 -2.45835e+10 -2.59762e+10 -2.96741e+10 -2.72303e+10 -3.08871e+10 -2.70548e+10 -2.99809e+10 -2.76898e+10 -3.12093e+10 -3.41805e+10 -3.47549e+10 -3.16492e+10 -2.92923e+10 -2.92251e+10 -2.85482e+10 -2.8858e+10 -2.94105e+10 -2.67391e+10 -2.53215e+10 -2.13367e+10 -1.71045e+10 -1.47033e+10 -1.26612e+10 -1.00617e+10 -7.60804e+09 -6.27941e+09 -4.67451e+09 -3.75789e+09 -3.02077e+09 -2.18843e+09 -1.40997e+09 -1.04384e+09 -9.07912e+08 -6.31728e+08 -5.47571e+08 -4.24694e+08 -4.06996e+08 -3.34881e+08 -3.1009e+08 -3.35052e+08 -3.49566e+08 -3.12656e+08 -3.65984e+08 -2.59808e+08 -2.74863e+08 -3.63958e+08 -2.51314e+08 -2.75751e+08 -2.28686e+08 -2.70674e+08 -3.12521e+08 -1.86994e+08 -2.84043e+08 -2.1764e+08 -2.00829e+08 -2.70333e+08 -2.42084e+08 -2.85492e+08 -2.8922e+08 -2.18443e+08 -2.80731e+08 -2.55478e+08 -3.04072e+08 -2.30033e+08 -3.13444e+08 -2.83357e+08 -2.4956e+08 -2.93307e+08 -2.90552e+08 -2.56357e+08 -2.62503e+08 -2.10062e+08 -2.49591e+08 -2.59755e+08 -2.12489e+08 -2.61434e+08 -2.20311e+08 -1.95114e+08 -1.93654e+08 -2.18764e+08 -1.63781e+08 -2.39661e+08 -1.31366e+08 
-1.27812e+09 -5.61883e+09 -6.37108e+09 -9.29074e+09 -8.48753e+09 -1.27058e+10 -9.34838e+09 -1.41918e+10 -9.41182e+09 -1.4402e+10 -1.46649e+10 -1.12557e+10 -1.94423e+10 -1.61367e+10 -1.85993e+10 -2.31142e+10 -2.02795e+10 -2.90521e+10 -2.40201e+10 -3.03937e+10 -2.48263e+10 -2.92225e+10 -2.99462e+10 -2.95554e+10 -2.93759e+10 -2.99271e+10 -3.43596e+10 -3.453e+10 -3.24707e+10 -2.95417e+10 -2.85317e+10 -2.82601e+10 -2.80153e+10 -2.85383e+10 -2.73037e+10 -2.46643e+10 -2.14469e+10 -1.91021e+10 -1.45304e+10 -1.20992e+10 -1.05997e+10 -7.84898e+09 -6.04794e+09 -4.65897e+09 -3.64123e+09 -2.92849e+09 -2.16392e+09 -1.59468e+09 -1.05737e+09 -8.42286e+08 -7.15446e+08 -4.62114e+08 -4.63485e+08 -3.73808e+08 -3.39966e+08 -3.10053e+08 -2.77268e+08 -2.87666e+08 -3.02825e+08 -3.27461e+08 -2.8547e+08 -3.11299e+08 -3.06076e+08 -2.39593e+08 -3.33817e+08 -2.8399e+08 -2.55217e+08 -2.80463e+08 -2.13153e+08 -2.9328e+08 -2.82787e+08 -2.22728e+08 -2.60433e+08 -1.76578e+08 -2.39776e+08 -2.79372e+08 -2.35952e+08 -3.04995e+08 -2.32643e+08 -2.63987e+08 -2.48714e+08 -3.07094e+08 -2.29271e+08 -2.84651e+08 -2.88872e+08 -2.59619e+08 -2.74101e+08 -3.14562e+08 -2.75281e+08 -2.77432e+08 -2.12364e+08 -2.24993e+08 -2.60058e+08 -2.55328e+08 -2.19613e+08 -2.38901e+08 -2.35504e+08 -1.90783e+08 -2.23583e+08 -8.24869e+07 
-2.24131e+09 -4.99419e+09 -6.46017e+09 -1.03207e+10 -8.27848e+09 -1.13916e+10 -1.04076e+10 -1.13199e+10 -1.45006e+10 -9.62668e+09 -1.668e+10 -1.29098e+10 -1.36482e+10 -2.16399e+10 -1.62398e+10 -2.3674e+10 -2.25974e+10 -2.65588e+10 -2.55531e+10 -2.76221e+10 -2.72905e+10 -2.92974e+10 -3.0773e+10 -2.77811e+10 -3.11214e+10 -2.95181e+10 -3.39762e+10 -3.47537e+10 -3.28975e+10 -2.94941e+10 -2.82999e+10 -2.84481e+10 -2.79966e+10 -2.80714e+10 -2.6357e+10 -2.41944e+10 -2.12944e+10 -1.91335e+10 -1.63169e+10 -1.23334e+10 -9.8221e+09 -8.24015e+09 -6.20257e+09 -4.59673e+09 -3.63605e+09 -2.88459e+09 -1.96307e+09 -1.67492e+09 -1.18677e+09 -7.98715e+08 -6.26287e+08 -6.01205e+08 -3.75148e+08 -4.03722e+08 -3.28751e+08 -3.19374e+08 -2.86172e+08 -2.65005e+08 -2.45929e+08 -2.77749e+08 -2.72451e+08 -3.0519e+08 -3.00416e+08 -2.49545e+08 -2.93813e+08 -2.7478e+08 -2.66493e+08 -3.46597e+08 -2.22004e+08 -2.94405e+08 -2.19267e+08 -2.6665e+08 -3.24077e+08 -2.17523e+08 -2.56329e+08 -2.42962e+08 -2.18862e+08 -2.15855e+08 -2.34032e+08 -2.93495e+08 -2.54231e+08 -2.40448e+08 -2.80841e+08 -2.78238e+08 -2.63882e+08 -2.23132e+08 -2.71614e+08 -3.2771e+08 -2.63557e+08 -2.69827e+08 -3.1884e+08 -2.54447e+08 -2.62772e+08 -2.25271e+08 -2.32487e+08 -2.32734e+08 -2.68627e+08 -2.47225e+08 -2.42746e+08 -1.17446e+08 
-1.59771e+09 -4.05982e+09 -9.21565e+09 -6.72121e+09 -1.16288e+10 -6.99717e+09 -1.42665e+10 -8.82967e+09 -1.48848e+10 -1.28277e+10 -1.06956e+10 -1.80535e+10 -1.15922e+10 -1.90343e+10 -2.12099e+10 -2.22618e+10 -2.3057e+10 -2.38826e+10 -2.72105e+10 -2.5782e+10 -3.22039e+10 -2.67336e+10 -3.12717e+10 -2.77962e+10 -2.96979e+10 -3.05578e+10 -3.35639e+10 -3.58088e+10 -3.16336e+10 -3.02577e+10 -2.80513e+10 -2.82884e+10 -2.90688e+10 -2.77991e+10 -2.49497e+10 -2.39525e+10 -2.17794e+10 -1.80706e+10 -1.63954e+10 -1.35464e+10 -9.8759e+09 -8.18118e+09 -6.43877e+09 -4.46465e+09 -3.81668e+09 -2.8797e+09 -1.91009e+09 -1.53155e+09 -1.20765e+09 -8.65685e+08 -6.46108e+08 -4.69179e+08 -5.12519e+08 -3.64418e+08 -3.09518e+08 -3.58044e+08 -2.54329e+08 -2.95645e+08 -2.60705e+08 -2.28807e+08 -2.44004e+08 -2.58051e+08 -2.5667e+08 -2.89349e+08 -2.93222e+08 -2.14116e+08 -2.91693e+08 -2.61303e+08 -2.87096e+08 -2.92796e+08 -2.93168e+08 -2.395e+08 -2.91275e+08 -2.16844e+08 -2.93374e+08 -3.2862e+08 -2.28522e+08 -2.46691e+08 -1.86245e+08 -2.56856e+08 -1.94291e+08 -2.40635e+08 -3.08815e+08 -2.24889e+08 -2.64728e+08 -2.59692e+08 -2.92658e+08 -2.1143e+08 -2.94242e+08 -2.81259e+08 -3.1658e+08 -2.45151e+08 -2.78464e+08 -2.91314e+08 -2.67477e+08 -2.42672e+08 -2.46668e+08 -2.23072e+08 -2.65123e+08 -1.51689e+08 
-1.58801e+09 -5.27778e+09 -7.67563e+09 -7.77234e+09 -9.90908e+09 -9.6643e+09 -1.08913e+10 -1.39227e+10 -9.15172e+09 -1.54012e+10 -1.09469e+10 -1.48983e+10 -1.80415e+10 -1.55799e+10 -2.14546e+10 -2.12994e+10 -2.35318e+10 -2.25301e+10 -2.80701e+10 -2.78191e+10 -3.11254e+10 -2.89031e+10 -2.87971e+10 -2.82866e+10 -2.94434e+10 -3.14337e+10 -3.26904e+10 -3.57346e+10 -3.16163e+10 -2.95377e+10 -2.86768e+10 -2.96954e+10 -2.77437e+10 -2.77351e+10 -2.56722e+10 -2.30306e+10 -2.09818e+10 -1.92096e+10 -1.49742e+10 -1.3058e+10 -1.08865e+10 -8.656e+09 -6.52268e+09 -4.58396e+09 -3.68069e+09 -2.9301e+09 -2.04932e+09 -1.46578e+09 -1.14331e+09 -8.14454e+08 -6.5655e+08 -5.48399e+08 -3.66934e+08 -4.36526e+08 -3.71478e+08 -2.88051e+08 -2.91451e+08 -3.15428e+08 -2.23583e+08 -2.7894e+08 -2.44028e+08 -2.15113e+08 -2.42113e+08 -2.19398e+08 -2.7776e+08 -2.68039e+08 -2.52331e+08 -2.72695e+08 -2.22994e+08 -2.60345e+08 -2.92469e+08 -2.66132e+08 -3.22378e+08 -2.23011e+08 -3.0276e+08 -2.68699e+08 -2.71339e+08 -3.16861e+08 -2.44068e+08 -2.39579e+08 -2.25761e+08 -2.36504e+08 -2.05526e+08 -2.00958e+08 -2.6132e+08 -2.69341e+08 -2.33989e+08 -2.67481e+08 -3.08254e+08 -2.64225e+08 -2.24218e+08 -2.77218e+08 -3.10239e+08 -2.83311e+08 -2.3641e+08 -2.932e+08 -2.57488e+08 -2.9181e+08 -2.69821e+08 -9.13418e+07 
-1.6217e+09 -5.7802e+09 -6.07129e+09 -9.78982e+09 -7.71879e+09 -1.32285e+10 -7.49893e+09 -1.42906e+10 -1.03923e+10 -1.23568e+10 -1.59445e+10 -1.22155e+10 -1.87784e+10 -1.73672e+10 -1.85104e+10 -2.09904e+10 -2.30627e+10 -2.43034e+10 -2.82078e+10 -2.91654e+10 -2.96663e+10 -2.98185e+10 -2.64876e+10 -3.10728e+10 -2.8741e+10 -3.18211e+10 -3.18454e+10 -3.47731e+10 -3.28873e+10 -2.974e+10 -2.84583e+10 -2.9203e+10 -2.77691e+10 -2.76488e+10 -2.63572e+10 -2.33567e+10 -1.98991e+10 -1.89496e+10 -1.46736e+10 -1.2956e+10 -1.05825e+10 -8.70705e+09 -6.97301e+09 -5.11042e+09 -3.63757e+09 -2.68139e+09 -2.33219e+09 -1.42681e+09 -1.17671e+09 -7.53535e+08 -6.19078e+08 -5.08309e+08 -4.48566e+08 -3.65823e+08 -3.25965e+08 -3.64908e+08 -2.97421e+08 -2.73456e+08 -2.77699e+08 -2.85194e+08 -2.13233e+08 -2.48641e+08 -2.45484e+08 -2.21079e+08 -2.14085e+08 -2.32223e+08 -2.61021e+08 -2.6828e+08 -2.20661e+08 -2.96354e+08 -1.8974e+08 -2.73978e+08 -2.29707e+08 -3.14971e+08 -2.67545e+08 -3.29169e+08 -2.32613e+08 -3.2355e+08 -2.32879e+08 -2.98417e+08 -3.02471e+08 -2.15531e+08 -2.51443e+08 -2.07216e+08 -2.51832e+08 -1.60651e+08 -2.26683e+08 -2.64812e+08 -2.60101e+08 -2.90492e+08 -2.48722e+08 -3.09173e+08 -2.13489e+08 -2.8464e+08 -2.38727e+08 -3.36433e+08 -2.464e+08 -2.55227e+08 -2.83846e+08 -7.35704e+07 
-2.53183e+09 -4.8336e+09 -6.9242e+09 -9.15669e+09 -9.53247e+09 -9.69116e+09 -1.15934e+10 -9.07634e+09 -1.50488e+10 -1.0262e+10 -1.60994e+10 -1.56586e+10 -1.55037e+10 -1.82074e+10 -1.74889e+10 -2.12892e+10 -2.24121e+10 -2.70403e+10 -2.62272e+10 -3.02365e+10 -2.79806e+10 -3.16376e+10 -2.72375e+10 -3.04162e+10 -2.91973e+10 -3.06945e+10 -3.17362e+10 -3.4796e+10 -3.23179e+10 -3.07674e+10 -2.84449e+10 -2.80069e+10 -2.9355e+10 -2.69775e+10 -2.56851e+10 -2.44819e+10 -1.99725e+10 -1.71409e+10 -1.51174e+10 -1.31191e+10 -1.03621e+10 -8.33571e+09 -6.53527e+09 -5.75179e+09 -4.00114e+09 -2.68301e+09 -2.246e+09 -1.55878e+09 -1.19627e+09 -8.10678e+08 -5.65984e+08 -4.95436e+08 -4.02615e+08 -3.81544e+08 -3.41407e+08 -2.81228e+08 -3.25802e+08 -2.99807e+08 -2.59536e+08 -2.71306e+08 -2.78606e+08 -2.47735e+08 -2.3225e+08 -2.07919e+08 -2.54539e+08 -2.26479e+08 -2.05432e+08 -2.32237e+08 -2.41713e+08 -2.64225e+08 -2.50791e+08 -2.11546e+08 -2.73273e+08 -2.04611e+08 -2.56505e+08 -2.88242e+08 -2.96035e+08 -2.86358e+08 -2.71175e+08 -2.91206e+08 -2.92335e+08 -2.6317e+08 -2.93227e+08 -2.49128e+08 -2.15977e+08 -2.47226e+08 -2.29009e+08 -2.02349e+08 -1.83574e+08 -2.63396e+08 -2.48308e+08 -2.8814e+08 -2.90375e+08 -2.43741e+08 -2.75964e+08 -2.16988e+08 -2.95141e+08 -2.63923e+08 -3.15276e+08 -1.13553e+08 
-1.4207e+09 -4.02028e+09 -8.8295e+09 -6.88856e+09 -1.10572e+10 -7.83058e+09 -1.28348e+10 -9.01465e+09 -1.37226e+10 -1.40055e+10 -1.36831e+10 -1.69688e+10 -1.39023e+10 -1.77334e+10 -1.92985e+10 -2.04795e+10 -2.38035e+10 -2.69611e+10 -2.46988e+10 -3.06597e+10 -2.75908e+10 -3.34104e+10 -2.78698e+10 -2.85145e+10 -2.93615e+10 -3.03665e+10 -3.26699e+10 -3.31854e+10 -3.37094e+10 -2.97302e+10 -2.96615e+10 -2.86674e+10 -2.80867e+10 -2.78236e+10 -2.52543e+10 -2.36429e+10 -2.04552e+10 -1.73749e+10 -1.48423e+10 -1.25295e+10 -1.04797e+10 -8.48759e+09 -6.02009e+09 -5.7147e+09 -3.86679e+09 -3.14002e+09 -2.40007e+09 -1.48079e+09 -1.28741e+09 -8.57361e+08 -6.0754e+08 -4.78084e+08 -3.95802e+08 -3.73609e+08 -3.10561e+08 -2.73959e+08 -3.08736e+08 -2.49527e+08 -3.22899e+08 -2.55559e+08 -2.38e+08 -2.67289e+08 -2.7561e+08 -2.2441e+08 -2.62322e+08 -1.70978e+08 -2.611e+08 -2.28334e+08 -2.10043e+08 -2.22352e+08 -2.34189e+08 -2.55197e+08 -2.69708e+08 -1.76246e+08 -2.95088e+08 -2.04714e+08 -2.63532e+08 -2.36869e+08 -3.09034e+08 -2.73881e+08 -3.04018e+08 -2.28023e+08 -3.47399e+08 -2.68169e+08 -2.54061e+08 -2.86945e+08 -2.15931e+08 -2.32204e+08 -2.23698e+08 -2.72539e+08 -1.57279e+08 -2.40789e+08 -2.54726e+08 -2.50007e+08 -3.05693e+08 -2.37958e+08 -2.65091e+08 -2.40052e+08 -3.10668e+08 -1.33734e+08 
-1.44168e+09 -5.40394e+09 -7.42626e+09 -7.70714e+09 -9.34678e+09 -1.01965e+10 -1.01255e+10 -1.32344e+10 -1.01151e+10 -1.64167e+10 -1.24402e+10 -1.58334e+10 -1.61302e+10 -1.61823e+10 -2.06035e+10 -2.20229e+10 -2.22561e+10 -2.67924e+10 -2.50326e+10 -2.98991e+10 -3.02233e+10 -2.93587e+10 -3.04501e+10 -2.77906e+10 -2.96727e+10 -3.01116e+10 -3.20956e+10 -3.39594e+10 -3.36098e+10 -3.05756e+10 -2.9014e+10 -2.94032e+10 -2.78193e+10 -2.76339e+10 -2.55524e+10 -2.23733e+10 -2.09312e+10 -1.8008e+10 -1.46464e+10 -1.22315e+10 -1.0183e+10 -8.22064e+09 -6.4462e+09 -5.3454e+09 -3.69932e+09 -3.0183e+09 -2.60316e+09 -1.62746e+09 -1.20828e+09 -1.09939e+09 -5.83375e+08 -4.89797e+08 -4.43327e+08 -3.28541e+08 -3.57382e+08 -2.64287e+08 -2.86813e+08 -2.18703e+08 -2.81055e+08 -2.37324e+08 -3.03673e+08 -2.6281e+08 -1.96947e+08 -2.55443e+08 -2.82399e+08 -2.34754e+08 -2.30465e+08 -2.14185e+08 -2.10574e+08 -2.41255e+08 -2.24604e+08 -2.12805e+08 -2.46108e+08 -2.39256e+08 -2.53024e+08 -2.58139e+08 -1.77829e+08 -2.91592e+08 -2.02771e+08 -2.67778e+08 -2.53239e+08 -2.96745e+08 -2.59331e+08 -3.13749e+08 -2.42128e+08 -3.30394e+08 -2.68195e+08 -2.39874e+08 -2.52814e+08 -2.30521e+08 -2.59433e+08 -2.31928e+08 -2.41859e+08 -1.80169e+08 -2.35245e+08 -2.3292e+08 -2.85949e+08 -2.99238e+08 -2.31177e+08 -1.33654e+08 
-1.49178e+09 -5.48373e+09 -6.2095e+09 -9.5133e+09 -7.17264e+09 -1.24856e+10 -9.26174e+09 -1.31495e+10 -1.17086e+10 -1.33886e+10 -1.51733e+10 -1.33393e+10 -1.73227e+10 -1.81666e+10 -1.9392e+10 -2.33653e+10 -2.11007e+10 -2.59896e+10 -2.75799e+10 -2.75244e+10 -3.23466e+10 -2.74514e+10 -3.04936e+10 -2.77424e+10 -3.07786e+10 -2.93228e+10 -3.16353e+10 -3.48986e+10 -3.39336e+10 -3.0947e+10 -2.8227e+10 -2.92019e+10 -2.86951e+10 -2.72999e+10 -2.52439e+10 -2.27269e+10 -2.06282e+10 -1.77271e+10 -1.50584e+10 -1.20263e+10 -1.01319e+10 -8.02096e+09 -6.43535e+09 -5.25882e+09 -3.66855e+09 -2.91878e+09 -2.29282e+09 -1.83829e+09 -1.19442e+09 -1.03701e+09 -9.14166e+08 -4.62654e+08 -4.26421e+08 -3.81694e+08 -3.38977e+08 -2.94711e+08 -2.99466e+08 -2.2283e+08 -2.69153e+08 -1.95768e+08 -2.46463e+08 -2.38658e+08 -2.62637e+08 -3.06097e+08 -1.7884e+08 -2.06044e+08 -2.95353e+08 -2.56417e+08 -1.95843e+08 -2.574e+08 -1.83623e+08 -2.40693e+08 -2.27853e+08 -2.20648e+08 -2.4064e+08 -2.61206e+08 -2.30603e+08 -2.79734e+08 -1.61078e+08 -2.77357e+08 -2.07367e+08 -2.54678e+08 -2.35154e+08 -2.98621e+08 -2.67369e+08 -2.66985e+08 -2.6085e+08 -3.09753e+08 -3.06956e+08 -2.53557e+08 -2.56084e+08 -2.29046e+08 -2.51166e+08 -2.45569e+08 -2.429e+08 -1.9147e+08 -2.12206e+08 -2.4724e+08 -2.36467e+08 -1.85945e+08 
-2.11545e+09 -4.83562e+09 -6.64636e+09 -8.43445e+09 -9.73525e+09 -9.99229e+09 -1.17844e+10 -1.04933e+10 -1.43413e+10 -1.01578e+10 -1.68241e+10 -1.47649e+10 -1.52775e+10 -2.14542e+10 -1.73473e+10 -2.22072e+10 -2.49491e+10 -2.28642e+10 -2.97317e+10 -2.58211e+10 -3.18921e+10 -2.97417e+10 -2.92627e+10 -2.72507e+10 -2.90276e+10 -3.04535e+10 -3.19625e+10 -3.54723e+10 -3.36975e+10 -3.06787e+10 -2.88608e+10 -2.93455e+10 -2.77994e+10 -2.78472e+10 -2.5585e+10 -2.34236e+10 -1.9436e+10 -1.74028e+10 -1.56978e+10 -1.1719e+10 -1.01378e+10 -8.00888e+09 -6.3112e+09 -5.13661e+09 -3.86927e+09 -2.70085e+09 -2.20433e+09 -1.62468e+09 -1.30814e+09 -9.72274e+08 -8.06888e+08 -7.59602e+08 -4.53691e+08 -4.016e+08 -3.1232e+08 -3.57164e+08 -2.75823e+08 -2.87782e+08 -2.65391e+08 -2.03449e+08 -2.57187e+08 -1.77302e+08 -2.34761e+08 -2.29298e+08 -2.49829e+08 -2.74765e+08 -2.15328e+08 -2.02443e+08 -2.30814e+08 -2.95978e+08 -2.10701e+08 -2.22843e+08 -2.32196e+08 -2.11274e+08 -2.22376e+08 -2.49145e+08 -2.44944e+08 -2.49596e+08 -2.43583e+08 -2.32512e+08 -2.58816e+08 -1.50424e+08 -2.82569e+08 -2.07361e+08 -2.69694e+08 -2.29464e+08 -2.92349e+08 -2.27567e+08 -3.1741e+08 -2.50949e+08 -3.37855e+08 -2.95381e+08 -2.089e+08 -2.80061e+08 -2.01727e+08 -2.81615e+08 -2.11705e+08 -2.45305e+08 -2.19799e+08 -1.14693e+08 
-1.41842e+09 -3.59976e+09 -8.59225e+09 -6.92296e+09 -1.14955e+10 -7.86229e+09 -1.30714e+10 -9.76139e+09 -1.36862e+10 -1.30482e+10 -1.35367e+10 -1.82348e+10 -1.47902e+10 -1.81663e+10 -2.2316e+10 -1.83035e+10 -2.74114e+10 -2.32196e+10 -2.72099e+10 -2.86044e+10 -2.9857e+10 -3.02761e+10 -2.85178e+10 -2.96803e+10 -2.66391e+10 -3.15829e+10 -3.09036e+10 -3.62929e+10 -3.39771e+10 -3.08219e+10 -2.84378e+10 -2.81628e+10 -2.86795e+10 -2.77373e+10 -2.6562e+10 -2.27826e+10 -2.00313e+10 -1.70624e+10 -1.46585e+10 -1.28451e+10 -9.65589e+09 -8.04268e+09 -6.28152e+09 -5.03757e+09 -4.0044e+09 -2.53035e+09 -2.33874e+09 -1.35027e+09 -1.23243e+09 -1.02877e+09 -7.13732e+08 -6.62362e+08 -5.64815e+08 -4.78702e+08 -3.58707e+08 -3.87655e+08 -2.74214e+08 -3.23352e+08 -2.62277e+08 -2.65505e+08 -2.5718e+08 -1.99969e+08 -2.33577e+08 -1.87817e+08 -2.19504e+08 -2.14851e+08 -2.27687e+08 -2.61217e+08 -2.5804e+08 -1.7676e+08 -2.12944e+08 -2.89111e+08 -2.4527e+08 -1.89172e+08 -2.56631e+08 -2.32903e+08 -2.00197e+08 -2.44714e+08 -2.56371e+08 -2.63262e+08 -2.49805e+08 -2.04226e+08 -2.60499e+08 -1.75726e+08 -2.48235e+08 -1.97052e+08 -2.57254e+08 -2.53498e+08 -2.3412e+08 -2.93268e+08 -2.42746e+08 -3.07109e+08 -2.84043e+08 -3.22459e+08 -2.59613e+08 -2.13105e+08 -2.48789e+08 -2.46088e+08 -2.65365e+08 -7.2418e+07 
-1.23362e+09 -5.50616e+09 -6.99341e+09 -8.7853e+09 -9.06245e+09 -1.06067e+10 -9.80508e+09 -1.26996e+10 -1.17073e+10 -1.53881e+10 -1.33596e+10 -1.51566e+10 -1.99854e+10 -1.38517e+10 -2.34077e+10 -2.10915e+10 -2.3204e+10 -2.72217e+10 -2.44439e+10 -3.13933e+10 -2.67532e+10 -3.20745e+10 -2.69838e+10 -3.15638e+10 -2.77498e+10 -3.02499e+10 -3.02545e+10 -3.52937e+10 -3.44492e+10 -3.09578e+10 -2.88836e+10 -2.76417e+10 -2.94029e+10 -2.7373e+10 -2.62157e+10 -2.29973e+10 -2.06378e+10 -1.70453e+10 -1.43872e+10 -1.22687e+10 -1.02688e+10 -7.84271e+09 -6.14821e+09 -4.98716e+09 -4.14582e+09 -2.46417e+09 -2.29525e+09 -1.4211e+09 -1.11699e+09 -8.58966e+08 -8.19427e+08 -5.37719e+08 -5.10138e+08 -4.51594e+08 -4.9224e+08 -3.26317e+08 -3.32804e+08 -3.81783e+08 -2.70612e+08 -2.92482e+08 -2.72734e+08 -2.40462e+08 -2.53551e+08 -2.10004e+08 -1.96902e+08 -2.33626e+08 -1.67076e+08 -2.46278e+08 -1.88527e+08 -2.52282e+08 -2.50147e+08 -2.12319e+08 -2.15914e+08 -2.10478e+08 -3.01814e+08 -2.25862e+08 -2.03789e+08 -2.66109e+08 -2.06982e+08 -2.16559e+08 -2.72449e+08 -2.77094e+08 -2.4095e+08 -2.15614e+08 -2.1435e+08 -2.43191e+08 -1.56618e+08 -2.61517e+08 -2.04551e+08 -2.88927e+08 -2.24194e+08 -2.77809e+08 -2.35369e+08 -3.03374e+08 -2.59332e+08 -3.12033e+08 -3.04253e+08 -2.09555e+08 -2.65415e+08 -9.47067e+07 
-1.78386e+09 -6.05072e+09 -5.6839e+09 -9.59833e+09 -7.76808e+09 -1.18766e+10 -8.99571e+09 -1.34892e+10 -1.28398e+10 -1.29881e+10 -1.70602e+10 -1.1801e+10 -1.87927e+10 -2.02408e+10 -1.62553e+10 -2.61809e+10 -1.96953e+10 -2.89309e+10 -2.5328e+10 -2.94711e+10 -2.86688e+10 -3.22447e+10 -2.75475e+10 -2.99304e+10 -2.91661e+10 -3.09467e+10 -3.04953e+10 -3.13932e+10 -3.47177e+10 -3.10416e+10 -3.05515e+10 -2.82192e+10 -2.84697e+10 -2.71787e+10 -2.57133e+10 -2.38358e+10 -2.00896e+10 -1.7936e+10 -1.43983e+10 -1.17366e+10 -1.00504e+10 -7.96511e+09 -6.41948e+09 -4.76116e+09 -3.88703e+09 -2.78746e+09 -2.1618e+09 -1.47922e+09 -1.1369e+09 -8.3663e+08 -5.81445e+08 -6.59312e+08 -4.3821e+08 -4.37402e+08 -4.09013e+08 -3.1325e+08 -4.41244e+08 -2.71961e+08 -3.00669e+08 -3.85202e+08 -2.95558e+08 -2.63409e+08 -2.88991e+08 -2.42704e+08 -2.26017e+08 -2.32817e+08 -1.72572e+08 -2.58447e+08 -1.54538e+08 -2.4474e+08 -1.82298e+08 -2.3574e+08 -2.34078e+08 -2.30325e+08 -2.12621e+08 -2.34845e+08 -2.61651e+08 -2.51846e+08 -2.05449e+08 -2.47539e+08 -2.55757e+08 -1.84222e+08 -2.56815e+08 -2.95046e+08 -2.52852e+08 -2.15612e+08 -1.9142e+08 -2.36832e+08 -1.88909e+08 -2.33581e+08 -2.07325e+08 -2.79896e+08 -2.74076e+08 -1.98835e+08 -2.72461e+08 -2.45412e+08 -3.05175e+08 -2.70368e+08 -2.94829e+08 -1.72852e+08 
-1.75917e+09 -3.51727e+09 -7.66886e+09 -7.85675e+09 -9.33936e+09 -9.77816e+09 -1.29372e+10 -1.01536e+10 -1.51863e+10 -1.16238e+10 -1.49174e+10 -1.8398e+10 -1.24888e+10 -2.24146e+10 -1.62648e+10 -2.36742e+10 -2.42245e+10 -2.50821e+10 -2.79172e+10 -2.83724e+10 -3.13721e+10 -2.97719e+10 -3.10343e+10 -2.84801e+10 -3.03105e+10 -2.77112e+10 -3.15953e+10 -2.96275e+10 -3.38115e+10 -3.31239e+10 -2.98406e+10 -2.89021e+10 -2.83329e+10 -2.74158e+10 -2.58694e+10 -2.31686e+10 -2.01867e+10 -1.81333e+10 -1.44058e+10 -1.22822e+10 -9.44753e+09 -8.00984e+09 -6.37561e+09 -4.89851e+09 -3.60306e+09 -2.91504e+09 -2.18796e+09 -1.47633e+09 -1.12502e+09 -9.08479e+08 -6.41131e+08 -3.86701e+08 -5.44205e+08 -3.99988e+08 -3.39423e+08 -3.83919e+08 -3.35254e+08 -2.40058e+08 -4.14574e+08 -2.38264e+08 -2.77072e+08 -3.45511e+08 -3.45623e+08 -2.6893e+08 -2.86108e+08 -2.48114e+08 -2.35944e+08 -2.09185e+08 -2.02647e+08 -2.2784e+08 -2.03912e+08 -1.88253e+08 -2.37811e+08 -1.80236e+08 -2.42511e+08 -2.40058e+08 -2.00834e+08 -2.59801e+08 -2.06708e+08 -2.80481e+08 -2.40764e+08 -2.08728e+08 -2.82568e+08 -2.0624e+08 -2.04522e+08 -2.89812e+08 -2.79309e+08 -2.27732e+08 -1.85038e+08 -2.00257e+08 -2.52564e+08 -1.95032e+08 -2.33889e+08 -2.21513e+08 -2.97824e+08 -2.12427e+08 -2.6558e+08 -2.28069e+08 -2.89698e+08 -1.09902e+08 
-1.43015e+09 -4.75648e+09 -6.96855e+09 -7.65953e+09 -1.06086e+10 -9.80929e+09 -1.17716e+10 -1.21269e+10 -1.2026e+10 -1.5711e+10 -1.14458e+10 -1.91656e+10 -1.48688e+10 -1.72529e+10 -2.26348e+10 -1.84015e+10 -2.70723e+10 -2.25788e+10 -3.01831e+10 -2.83657e+10 -3.2084e+10 -3.037e+10 -3.07853e+10 -2.73562e+10 -3.13381e+10 -2.73101e+10 -2.9528e+10 -2.94463e+10 -3.2486e+10 -3.46618e+10 -3.08429e+10 -2.85878e+10 -2.70119e+10 -2.88138e+10 -2.53728e+10 -2.35774e+10 -1.99215e+10 -1.74837e+10 -1.50723e+10 -1.24731e+10 -9.68661e+09 -7.95502e+09 -5.8578e+09 -4.84173e+09 -3.93631e+09 -2.77425e+09 -2.17917e+09 -1.55201e+09 -1.14591e+09 -8.88361e+08 -6.47311e+08 -5.4294e+08 -2.8586e+08 -4.26232e+08 -3.64842e+08 -3.30394e+08 -3.13139e+08 -3.23595e+08 -3.02709e+08 -2.00647e+08 -3.52395e+08 -2.69568e+08 -2.33252e+08 -2.98009e+08 -3.61575e+08 -3.08031e+08 -2.83262e+08 -2.51077e+08 -2.60522e+08 -1.96254e+08 -2.25286e+08 -1.82354e+08 -2.6678e+08 -1.55849e+08 -2.57299e+08 -1.85978e+08 -2.25836e+08 -2.1501e+08 -2.21144e+08 -2.21623e+08 -2.60979e+08 -2.5738e+08 -2.43462e+08 -2.3906e+08 -2.12901e+08 -2.70559e+08 -1.76208e+08 -2.56173e+08 -3.0759e+08 -2.36139e+08 -2.17266e+08 -2.0419e+08 -2.19598e+08 -2.04306e+08 -2.18588e+08 -2.03479e+08 -3.10421e+08 -2.7737e+08 -1.94429e+08 -1.40213e+08 
-1.64791e+09 -4.23216e+09 -7.06251e+09 -9.21175e+09 -8.98307e+09 -1.16292e+10 -9.35013e+09 -1.40602e+10 -1.10672e+10 -1.5109e+10 -1.46001e+10 -1.32496e+10 -2.13668e+10 -1.369e+10 -2.32496e+10 -1.93593e+10 -2.44299e+10 -2.65792e+10 -2.72713e+10 -3.0365e+10 -3.30901e+10 -2.95457e+10 -3.04884e+10 -2.64261e+10 -3.02871e+10 -3.05083e+10 -2.86951e+10 -2.94676e+10 -3.03355e+10 -3.35852e+10 -3.20802e+10 -2.97593e+10 -2.75629e+10 -2.70768e+10 -2.61677e+10 -2.37475e+10 -1.99592e+10 -1.77225e+10 -1.47536e+10 -1.2869e+10 -9.7258e+09 -8.23183e+09 -5.77285e+09 -4.48149e+09 -3.9723e+09 -2.86025e+09 -2.19902e+09 -1.49579e+09 -1.27362e+09 -8.38865e+08 -7.24276e+08 -4.61427e+08 -5.12385e+08 -2.40525e+08 -3.06516e+08 -3.69506e+08 -2.61387e+08 -3.05677e+08 -3.00068e+08 -2.69758e+08 -2.9958e+08 -1.99249e+08 -2.42348e+08 -3.27963e+08 -1.9858e+08 -2.87633e+08 -3.02687e+08 -3.44506e+08 -2.99486e+08 -2.74824e+08 -2.57421e+08 -2.35468e+08 -1.98312e+08 -2.01948e+08 -2.50511e+08 -2.15548e+08 -1.96314e+08 -2.40989e+08 -1.75133e+08 -2.22843e+08 -2.18705e+08 -2.31144e+08 -2.7108e+08 -2.21695e+08 -2.56276e+08 -2.46639e+08 -1.98631e+08 -2.66636e+08 -2.15821e+08 -2.08474e+08 -3.13338e+08 -2.85131e+08 -2.26909e+08 -1.82773e+08 -1.88671e+08 -2.19245e+08 -2.37984e+08 -2.10863e+08 -2.67735e+08 -1.59536e+08 
-1.52363e+09 -5.14197e+09 -6.92767e+09 -9.4547e+09 -8.78248e+09 -1.03883e+10 -1.14651e+10 -1.13807e+10 -1.45156e+10 -1.10352e+10 -1.80881e+10 -1.16005e+10 -1.92948e+10 -1.96455e+10 -1.74675e+10 -2.42383e+10 -2.08469e+10 -2.90707e+10 -2.78771e+10 -2.9531e+10 -3.13474e+10 -2.88164e+10 -3.01114e+10 -2.9752e+10 -2.75461e+10 -3.13609e+10 -2.96282e+10 -3.17921e+10 -2.88445e+10 -3.11742e+10 -3.07323e+10 -3.05108e+10 -2.97937e+10 -2.66916e+10 -2.50013e+10 -2.33601e+10 -2.10257e+10 -1.80532e+10 -1.49715e+10 -1.27135e+10 -9.52821e+09 -8.19348e+09 -6.38435e+09 -4.48222e+09 -3.58947e+09 -2.79196e+09 -2.24626e+09 -1.57715e+09 -1.31364e+09 -8.92874e+08 -5.93643e+08 -6.35658e+08 -3.61613e+08 -4.5333e+08 -3.0095e+08 -2.36012e+08 -2.94818e+08 -3.02928e+08 -2.24636e+08 -2.91598e+08 -2.69488e+08 -2.55523e+08 -2.79351e+08 -2.18161e+08 -1.74983e+08 -3.22863e+08 -2.23101e+08 -2.38896e+08 -2.88443e+08 -3.22859e+08 -3.15578e+08 -3.04836e+08 -2.47654e+08 -2.67944e+08 -2.11203e+08 -2.38048e+08 -1.89479e+08 -2.67012e+08 -1.75778e+08 -2.60749e+08 -1.81249e+08 -2.3162e+08 -1.99109e+08 -2.15725e+08 -2.66427e+08 -2.29291e+08 -2.38451e+08 -2.20076e+08 -2.72944e+08 -1.83138e+08 -2.93095e+08 -2.18967e+08 -2.60607e+08 -2.99122e+08 -2.20268e+08 -2.1477e+08 -1.90731e+08 -2.30122e+08 -2.10925e+08 -1.283e+08 
-2.03152e+09 -4.23531e+09 -8.05106e+09 -7.37487e+09 -1.07882e+10 -8.58425e+09 -1.3062e+10 -1.00074e+10 -1.47081e+10 -1.19164e+10 -1.52617e+10 -1.83057e+10 -1.24207e+10 -2.21941e+10 -1.87267e+10 -2.34529e+10 -2.65852e+10 -2.37759e+10 -3.14666e+10 -2.39383e+10 -2.75038e+10 -3.18989e+10 -2.94844e+10 -3.16999e+10 -2.66241e+10 -3.24243e+10 -3.30373e+10 -3.34205e+10 -2.77191e+10 -2.70943e+10 -2.98616e+10 -3.13954e+10 -2.86989e+10 -2.79143e+10 -2.53153e+10 -2.23316e+10 -2.14543e+10 -1.84056e+10 -1.56457e+10 -1.22558e+10 -9.82073e+09 -7.93036e+09 -6.50532e+09 -5.00801e+09 -3.27186e+09 -2.73492e+09 -2.21562e+09 -1.58428e+09 -1.32893e+09 -9.81806e+08 -6.58464e+08 -4.62293e+08 -5.48781e+08 -3.47147e+08 -3.28311e+08 -3.97275e+08 -2.36631e+08 -2.44042e+08 -2.66406e+08 -2.58147e+08 -2.14064e+08 -2.7763e+08 -2.38757e+08 -2.64801e+08 -2.30056e+08 -2.41097e+08 -1.8621e+08 -2.33554e+08 -2.71429e+08 -2.07846e+08 -3.04728e+08 -2.459e+08 -3.36746e+08 -3.02476e+08 -2.98427e+08 -2.54153e+08 -2.6358e+08 -2.19975e+08 -2.04217e+08 -2.43764e+08 -2.19926e+08 -2.25302e+08 -2.63202e+08 -1.6702e+08 -2.26863e+08 -1.98533e+08 -2.1605e+08 -2.74225e+08 -2.01119e+08 -2.38794e+08 -2.52312e+08 -2.48662e+08 -2.52276e+08 -2.40293e+08 -2.37205e+08 -2.95448e+08 -2.48571e+08 -2.46831e+08 -1.93377e+08 -7.00961e+07 
-1.21639e+09 -4.60278e+09 -7.70469e+09 -7.55574e+09 -1.01151e+10 -9.96709e+09 -1.09598e+10 -1.24287e+10 -1.11855e+10 -1.71537e+10 -1.10234e+10 -1.85422e+10 -1.70655e+10 -1.59412e+10 -2.62554e+10 -1.98791e+10 -2.93949e+10 -2.2148e+10 -2.64817e+10 -2.8813e+10 -2.3554e+10 -2.83273e+10 -3.08121e+10 -3.2775e+10 -3.03503e+10 -3.29675e+10 -3.5217e+10 -3.00756e+10 -2.91491e+10 -2.82469e+10 -2.8777e+10 -2.84431e+10 -2.83807e+10 -2.75301e+10 -2.6354e+10 -2.37295e+10 -2.05377e+10 -1.85455e+10 -1.53929e+10 -1.24739e+10 -1.04779e+10 -7.81182e+09 -6.40926e+09 -4.9979e+09 -3.46641e+09 -2.76123e+09 -2.14273e+09 -1.59113e+09 -1.25491e+09 -9.89352e+08 -7.62969e+08 -5.56773e+08 -4.14533e+08 -3.86121e+08 -4.24421e+08 -2.87426e+08 -2.97995e+08 -3.48288e+08 -2.32508e+08 -2.53153e+08 -2.45319e+08 -2.16818e+08 -2.25814e+08 -2.40967e+08 -2.33327e+08 -2.69822e+08 -1.86711e+08 -2.6404e+08 -2.05658e+08 -1.72136e+08 -2.6179e+08 -2.22966e+08 -2.73991e+08 -2.78725e+08 -2.62006e+08 -3.2215e+08 -3.07731e+08 -2.75753e+08 -2.56128e+08 -2.41028e+08 -2.44764e+08 -1.96621e+08 -3.02499e+08 -1.98075e+08 -2.61724e+08 -2.00493e+08 -1.89711e+08 -1.75385e+08 -2.23317e+08 -2.60762e+08 -2.09884e+08 -2.48729e+08 -2.39133e+08 -2.84696e+08 -1.90214e+08 -2.94551e+08 -2.59713e+08 -2.82247e+08 -2.67851e+08 -9.06065e+07 
-1.56874e+09 -5.22982e+09 -5.65085e+09 -1.01772e+10 -7.91226e+09 -1.12281e+10 -9.45496e+09 -1.37422e+10 -1.11484e+10 -1.52111e+10 -1.63518e+10 -1.21705e+10 -2.24694e+10 -1.57533e+10 -2.3643e+10 -2.42429e+10 -2.30922e+10 -2.83017e+10 -2.00691e+10 -2.90504e+10 -2.51447e+10 -2.59008e+10 -2.9918e+10 -3.39338e+10 -3.57424e+10 -3.11823e+10 -3.49045e+10 -2.86211e+10 -2.92784e+10 -3.06794e+10 -3.12812e+10 -2.72087e+10 -2.49987e+10 -2.48849e+10 -2.60547e+10 -2.58108e+10 -2.14795e+10 -1.81801e+10 -1.49151e+10 -1.28462e+10 -1.09389e+10 -7.91666e+09 -6.63498e+09 -4.63519e+09 -3.62433e+09 -2.89987e+09 -2.14285e+09 -1.5432e+09 -1.31527e+09 -8.72622e+08 -6.87158e+08 -6.94352e+08 -5.27662e+08 -4.00403e+08 -3.48646e+08 -3.47001e+08 -3.42145e+08 -2.87109e+08 -2.74204e+08 -3.08605e+08 -2.40383e+08 -2.68282e+08 -2.43488e+08 -1.87907e+08 -2.27131e+08 -2.11311e+08 -2.31469e+08 -2.56068e+08 -2.12473e+08 -2.15976e+08 -2.20417e+08 -1.91782e+08 -2.17631e+08 -2.28824e+08 -2.30624e+08 -3.33599e+08 -2.23319e+08 -2.8895e+08 -3.03123e+08 -2.8159e+08 -2.72142e+08 -2.53926e+08 -2.82755e+08 -2.54134e+08 -2.26909e+08 -2.52482e+08 -2.18859e+08 -2.42756e+08 -1.59842e+08 -2.10007e+08 -1.85754e+08 -2.56843e+08 -2.83242e+08 -1.74838e+08 -2.35066e+08 -2.5988e+08 -2.62186e+08 -2.66904e+08 -2.97344e+08 -1.54096e+08 
-1.65182e+09 -3.02995e+09 -7.37034e+09 -7.9637e+09 -9.50783e+09 -9.85538e+09 -1.11475e+10 -1.13596e+10 -1.55905e+10 -1.02974e+10 -1.91472e+10 -1.45878e+10 -1.71666e+10 -2.33232e+10 -1.71828e+10 -2.73449e+10 -1.93998e+10 -2.74228e+10 -2.42059e+10 -2.29799e+10 -3.02053e+10 -2.39075e+10 -3.05704e+10 -3.35869e+10 -3.58361e+10 -3.20107e+10 -3.35902e+10 -2.96216e+10 -3.14408e+10 -3.14808e+10 -3.01304e+10 -2.77087e+10 -2.47959e+10 -2.45511e+10 -2.41734e+10 -2.42637e+10 -2.26099e+10 -1.88708e+10 -1.51263e+10 -1.27517e+10 -1.07985e+10 -8.31714e+09 -6.55715e+09 -5.01296e+09 -3.6226e+09 -2.70393e+09 -2.42113e+09 -1.44325e+09 -1.25574e+09 -9.89804e+08 -7.12394e+08 -4.67845e+08 -5.81417e+08 -5.53204e+08 -3.97131e+08 -3.82895e+08 -3.27366e+08 -3.16865e+08 -2.65217e+08 -3.19869e+08 -2.63449e+08 -2.71923e+08 -2.42163e+08 -2.8582e+08 -2.58196e+08 -1.79369e+08 -2.10503e+08 -2.01613e+08 -2.35759e+08 -2.27515e+08 -2.44176e+08 -1.68162e+08 -2.45781e+08 -1.98266e+08 -1.90337e+08 -2.37385e+08 -2.07512e+08 -3.1247e+08 -2.68884e+08 -2.0895e+08 -2.96075e+08 -3.03236e+08 -2.79559e+08 -2.98296e+08 -2.48647e+08 -3.00527e+08 -2.20014e+08 -2.51653e+08 -2.26329e+08 -2.24244e+08 -2.1755e+08 -1.95437e+08 -1.98613e+08 -2.29971e+08 -2.53808e+08 -2.23033e+08 -2.21457e+08 -2.72515e+08 -2.77928e+08 -1.26004e+08 
-1.18261e+09 -4.09829e+09 -6.47623e+09 -7.79425e+09 -1.01421e+10 -8.90729e+09 -1.29977e+10 -1.00166e+10 -1.48704e+10 -1.50363e+10 -1.34567e+10 -2.0863e+10 -1.32728e+10 -2.1027e+10 -2.10692e+10 -2.13145e+10 -2.59715e+10 -1.9763e+10 -2.89599e+10 -2.19376e+10 -2.90095e+10 -2.83007e+10 -3.16949e+10 -2.93603e+10 -3.42841e+10 -3.26471e+10 -3.29182e+10 -3.30039e+10 -3.14782e+10 -3.18995e+10 -2.78393e+10 -2.80885e+10 -2.79415e+10 -2.5072e+10 -2.34602e+10 -2.18722e+10 -2.09228e+10 -1.93969e+10 -1.61326e+10 -1.23967e+10 -1.08671e+10 -8.72743e+09 -6.20705e+09 -5.39338e+09 -3.85653e+09 -2.54385e+09 -2.3829e+09 -1.71525e+09 -1.02199e+09 -1.03163e+09 -7.54406e+08 -6.67468e+08 -4.75384e+08 -3.50778e+08 -5.33835e+08 -4.72588e+08 -3.33772e+08 -3.78723e+08 -3.28227e+08 -3.26229e+08 -2.11445e+08 -3.24547e+08 -2.84147e+08 -2.4333e+08 -2.50662e+08 -2.56816e+08 -3.01771e+08 -1.95191e+08 -1.74774e+08 -2.31274e+08 -2.10722e+08 -2.21286e+08 -2.34539e+08 -1.92024e+08 -2.01083e+08 -2.35779e+08 -1.95222e+08 -2.06227e+08 -2.04603e+08 -2.49249e+08 -3.23676e+08 -2.19902e+08 -2.53718e+08 -3.05234e+08 -2.83263e+08 -2.76987e+08 -2.74173e+08 -2.65452e+08 -2.92557e+08 -2.35108e+08 -2.33387e+08 -2.43752e+08 -2.43035e+08 -1.83006e+08 -2.02277e+08 -1.9856e+08 -2.76547e+08 -2.5577e+08 -2.14197e+08 -1.22148e+08 
-1.57876e+09 -3.75242e+09 -5.96795e+09 -8.62497e+09 -9.34904e+09 -1.06731e+10 -1.02915e+10 -1.48868e+10 -1.12489e+10 -1.71673e+10 -1.36352e+10 -1.60656e+10 -1.99823e+10 -1.42489e+10 -2.4644e+10 -1.73182e+10 -2.67532e+10 -2.17697e+10 -2.4603e+10 -2.83162e+10 -2.77618e+10 -2.92768e+10 -2.91066e+10 -3.1546e+10 -3.12925e+10 -3.24756e+10 -3.34718e+10 -3.42342e+10 -3.00104e+10 -3.1052e+10 -3.04259e+10 -2.86669e+10 -2.86463e+10 -2.65883e+10 -2.34898e+10 -2.07158e+10 -1.98033e+10 -1.78191e+10 -1.58075e+10 -1.31497e+10 -1.06687e+10 -8.78763e+09 -6.75869e+09 -5.21447e+09 -3.85885e+09 -2.83706e+09 -2.37653e+09 -1.56069e+09 -1.34844e+09 -7.82576e+08 -8.08018e+08 -6.50306e+08 -5.39876e+08 -5.52915e+08 -3.69261e+08 -3.37887e+08 -4.48097e+08 -4.2903e+08 -3.22665e+08 -3.48519e+08 -3.30319e+08 -3.58583e+08 -2.34984e+08 -2.46612e+08 -3.37499e+08 -2.49234e+08 -2.43986e+08 -2.32214e+08 -3.09506e+08 -2.46748e+08 -1.68061e+08 -2.15126e+08 -2.22086e+08 -1.97919e+08 -2.36306e+08 -2.31723e+08 -1.70106e+08 -2.1661e+08 -2.1e+08 -1.95343e+08 -2.10349e+08 -1.83393e+08 -3.49927e+08 -2.8408e+08 -2.06404e+08 -2.92728e+08 -2.68987e+08 -2.52446e+08 -2.71331e+08 -2.56497e+08 -3.28552e+08 -2.53432e+08 -3.03306e+08 -2.02672e+08 -2.16001e+08 -2.40307e+08 -1.9971e+08 -2.1194e+08 -2.34005e+08 -1.4989e+08 
-1.35685e+09 -3.94416e+09 -6.75717e+09 -8.39081e+09 -8.92104e+09 -1.18572e+10 -1.11919e+10 -1.33255e+10 -1.42731e+10 -1.21682e+10 -1.87371e+10 -1.02257e+10 -2.13915e+10 -1.56608e+10 -2.12696e+10 -2.17816e+10 -1.89786e+10 -2.8156e+10 -2.44586e+10 -2.94665e+10 -2.61376e+10 -2.96393e+10 -2.81998e+10 -3.36228e+10 -2.93252e+10 -3.33954e+10 -3.13376e+10 -3.33004e+10 -3.09988e+10 -3.08328e+10 -3.25767e+10 -3.03422e+10 -2.79083e+10 -2.72486e+10 -2.43461e+10 -2.12555e+10 -1.89585e+10 -1.64783e+10 -1.44335e+10 -1.30641e+10 -1.07485e+10 -8.99824e+09 -6.8572e+09 -5.43472e+09 -3.85754e+09 -2.92657e+09 -2.51813e+09 -1.53193e+09 -1.36599e+09 -1.01138e+09 -6.64847e+08 -5.60868e+08 -6.34734e+08 -3.95274e+08 -4.73271e+08 -4.79549e+08 -3.76856e+08 -3.06817e+08 -3.947e+08 -3.35626e+08 -3.85654e+08 -2.61405e+08 -3.98803e+08 -3.21313e+08 -3.25603e+08 -2.05019e+08 -3.06385e+08 -3.01592e+08 -2.26383e+08 -2.48538e+08 -2.56552e+08 -3.10347e+08 -1.9504e+08 -1.84283e+08 -2.46849e+08 -2.17001e+08 -2.14184e+08 -2.09196e+08 -1.93566e+08 -1.88384e+08 -2.08667e+08 -2.0556e+08 -2.05291e+08 -2.27821e+08 -2.65895e+08 -3.17487e+08 -2.31236e+08 -2.30102e+08 -2.5012e+08 -2.65131e+08 -2.41778e+08 -2.79249e+08 -3.03861e+08 -3.55661e+08 -2.34409e+08 -2.60865e+08 -2.29709e+08 -2.17976e+08 -2.15169e+08 -1.02903e+08 
-1.984e+09 -4.64109e+09 -5.91596e+09 -9.1778e+09 -1.00676e+10 -1.00173e+10 -1.4288e+10 -1.02243e+10 -1.59626e+10 -9.97644e+09 -1.72813e+10 -1.53025e+10 -1.48535e+10 -2.21835e+10 -1.46303e+10 -2.41567e+10 -1.96202e+10 -2.56942e+10 -2.91466e+10 -2.68878e+10 -2.73436e+10 -2.88529e+10 -2.75552e+10 -3.2194e+10 -3.36002e+10 -3.10954e+10 -2.98366e+10 -3.17679e+10 -3.29455e+10 -3.1563e+10 -3.24933e+10 -3.071e+10 -2.92331e+10 -2.67287e+10 -2.53625e+10 -2.25524e+10 -1.82262e+10 -1.59977e+10 -1.38876e+10 -1.19008e+10 -1.06783e+10 -9.12731e+09 -6.52053e+09 -5.53747e+09 -4.14988e+09 -3.11077e+09 -2.40578e+09 -1.84643e+09 -1.15543e+09 -1.15249e+09 -7.46228e+08 -6.00974e+08 -4.29601e+08 -5.16996e+08 -4.2555e+08 -3.35625e+08 -4.13005e+08 -4.25674e+08 -3.97634e+08 -3.02668e+08 -3.42041e+08 -3.07509e+08 -3.47959e+08 -3.16995e+08 -3.05522e+08 -3.44451e+08 -3.75203e+08 -2.69907e+08 -2.31832e+08 -3.1886e+08 -2.74348e+08 -2.32313e+08 -2.60424e+08 -2.74829e+08 -2.69784e+08 -2.06732e+08 -2.32343e+08 -2.22852e+08 -1.80391e+08 -2.29446e+08 -1.89548e+08 -1.81012e+08 -1.99474e+08 -2.32388e+08 -2.24741e+08 -2.22939e+08 -2.01297e+08 -3.35489e+08 -2.23702e+08 -2.15299e+08 -2.54066e+08 -2.34885e+08 -2.67268e+08 -2.72826e+08 -2.70828e+08 -3.54576e+08 -3.06025e+08 -2.688e+08 -2.07453e+08 -1.47032e+08 
-1.21458e+09 -3.70504e+09 -8.60634e+09 -7.39637e+09 -1.12749e+10 -9.88645e+09 -1.21055e+10 -1.25338e+10 -1.24214e+10 -1.55262e+10 -1.0713e+10 -2.01852e+10 -1.15817e+10 -2.09621e+10 -1.86427e+10 -1.86148e+10 -2.66579e+10 -2.18075e+10 -2.77187e+10 -2.82358e+10 -2.8583e+10 -2.76772e+10 -2.81442e+10 -3.07326e+10 -3.44862e+10 -3.08822e+10 -3.05095e+10 -3.07797e+10 -3.35261e+10 -3.11048e+10 -3.24169e+10 -3.12197e+10 -2.8995e+10 -2.77253e+10 -2.56567e+10 -2.24255e+10 -1.97032e+10 -1.57318e+10 -1.35175e+10 -1.18415e+10 -9.97965e+09 -8.43854e+09 -6.60962e+09 -5.15907e+09 -4.49088e+09 -3.20784e+09 -2.43444e+09 -1.97912e+09 -1.28559e+09 -1.05104e+09 -8.472e+08 -5.92278e+08 -4.87047e+08 -4.91663e+08 -3.24906e+08 -4.33564e+08 -3.34024e+08 -3.10708e+08 -3.60805e+08 -3.96275e+08 -3.65091e+08 -3.35309e+08 -3.1781e+08 -3.36714e+08 -2.49158e+08 -3.35552e+08 -2.90285e+08 -3.5797e+08 -3.18857e+08 -3.81275e+08 -2.56273e+08 -2.71337e+08 -3.01225e+08 -2.45439e+08 -2.74089e+08 -2.73984e+08 -2.69693e+08 -2.44898e+08 -2.10799e+08 -2.58968e+08 -1.81243e+08 -2.05785e+08 -1.88287e+08 -1.91566e+08 -2.2134e+08 -2.00901e+08 -2.61564e+08 -1.91055e+08 -2.29794e+08 -2.41139e+08 -2.56295e+08 -2.27249e+08 -2.47703e+08 -2.50083e+08 -2.68815e+08 -2.0638e+08 -3.21739e+08 -2.46451e+08 -4.11918e+08 -1.48219e+08 
-1.91116e+09 -6.37472e+09 -5.76024e+09 -1.06135e+10 -7.97767e+09 -1.19356e+10 -9.26508e+09 -1.48604e+10 -1.00841e+10 -1.75137e+10 -1.06115e+10 -1.59596e+10 -1.93183e+10 -1.32018e+10 -2.3243e+10 -1.89318e+10 -2.21978e+10 -2.58766e+10 -2.44332e+10 -2.92112e+10 -2.85185e+10 -2.84848e+10 -2.99237e+10 -2.79452e+10 -3.15625e+10 -3.27973e+10 -3.18049e+10 -3.13567e+10 -3.39585e+10 -3.11497e+10 -3.16422e+10 -3.18831e+10 -2.8244e+10 -2.73034e+10 -2.58503e+10 -2.29453e+10 -2.0279e+10 -1.68422e+10 -1.38117e+10 -1.17251e+10 -9.46216e+09 -7.83437e+09 -6.3956e+09 -5.05535e+09 -4.17689e+09 -3.26039e+09 -2.71156e+09 -1.83406e+09 -1.44748e+09 -1.09985e+09 -8.54503e+08 -6.63614e+08 -4.7464e+08 -4.3173e+08 -4.18138e+08 -4.06539e+08 -2.8644e+08 -3.73063e+08 -2.67813e+08 -3.11333e+08 -3.32845e+08 -3.45001e+08 -3.40255e+08 -3.43125e+08 -3.36082e+08 -3.16025e+08 -2.80783e+08 -2.50155e+08 -3.41244e+08 -2.73447e+08 -3.73011e+08 -3.15361e+08 -3.85793e+08 -2.71919e+08 -2.81502e+08 -2.89942e+08 -2.66679e+08 -2.93948e+08 -2.36572e+08 -2.64581e+08 -2.46387e+08 -2.49278e+08 -2.15915e+08 -1.73182e+08 -2.42635e+08 -1.78535e+08 -2.05498e+08 -1.96629e+08 -2.27362e+08 -2.2598e+08 -2.21047e+08 -2.05061e+08 -3.13089e+08 -2.14928e+08 -2.34378e+08 -2.54181e+08 -2.18524e+08 -2.42371e+08 -2.51076e+08 -1.55997e+08 
-2.29518e+09 -4.26706e+09 -7.97868e+09 -8.47763e+09 -8.57159e+09 -1.0946e+10 -1.00192e+10 -1.32393e+10 -1.3028e+10 -1.29657e+10 -1.788e+10 -9.87804e+09 -1.92277e+10 -1.84318e+10 -1.69828e+10 -2.28618e+10 -1.96401e+10 -2.55099e+10 -2.60733e+10 -2.83124e+10 -3.02125e+10 -2.89387e+10 -2.75656e+10 -2.89718e+10 -2.90636e+10 -3.31572e+10 -3.35163e+10 -3.27789e+10 -3.11607e+10 -3.48112e+10 -3.08145e+10 -3.05466e+10 -2.88918e+10 -2.58715e+10 -2.58679e+10 -2.37505e+10 -1.99694e+10 -1.82313e+10 -1.5206e+10 -1.09605e+10 -9.69716e+09 -7.60416e+09 -5.95233e+09 -4.90403e+09 -3.8909e+09 -3.04378e+09 -2.78969e+09 -1.8859e+09 -1.41996e+09 -1.17869e+09 -9.0692e+08 -6.53159e+08 -5.69014e+08 -4.16732e+08 -3.86027e+08 -3.60552e+08 -3.6178e+08 -3.59919e+08 -2.58595e+08 -3.5176e+08 -2.33894e+08 -2.73291e+08 -3.2229e+08 -3.33847e+08 -3.1631e+08 -3.11245e+08 -3.40119e+08 -3.13399e+08 -3.22627e+08 -2.37207e+08 -2.72623e+08 -3.31175e+08 -3.03291e+08 -3.51298e+08 -3.04731e+08 -4.09344e+08 -3.11591e+08 -2.60171e+08 -2.76221e+08 -2.93127e+08 -3.00438e+08 -1.84877e+08 -2.97507e+08 -2.45889e+08 -2.8963e+08 -1.89743e+08 -2.13108e+08 -1.78072e+08 -1.74051e+08 -2.08042e+08 -1.94475e+08 -2.62813e+08 -2.13724e+08 -2.85322e+08 -2.34094e+08 -2.10932e+08 -2.34722e+08 -2.48474e+08 -2.23982e+08 -9.64428e+07 
-1.63258e+09 -5.11616e+09 -7.15916e+09 -7.57934e+09 -1.01764e+10 -8.81466e+09 -1.27672e+10 -9.99554e+09 -1.61189e+10 -1.08601e+10 -1.64373e+10 -1.71337e+10 -1.21897e+10 -1.97818e+10 -1.7476e+10 -2.00688e+10 -2.36916e+10 -2.17977e+10 -2.86559e+10 -2.87778e+10 -2.89371e+10 -2.94544e+10 -2.70824e+10 -2.85268e+10 -2.83486e+10 -3.32656e+10 -3.36681e+10 -3.42421e+10 -3.194e+10 -3.32771e+10 -3.05435e+10 -3.27549e+10 -2.72546e+10 -2.65878e+10 -2.52162e+10 -2.28348e+10 -2.12988e+10 -1.83442e+10 -1.53026e+10 -1.26296e+10 -9.41396e+09 -7.63397e+09 -5.79967e+09 -4.64979e+09 -3.73977e+09 -2.81431e+09 -2.55978e+09 -1.86558e+09 -1.53614e+09 -1.0579e+09 -9.0835e+08 -7.82241e+08 -5.19845e+08 -4.68613e+08 -4.30435e+08 -3.29533e+08 -3.31847e+08 -3.37944e+08 -3.12256e+08 -3.43329e+08 -2.40395e+08 -3.24572e+08 -2.41557e+08 -2.38203e+08 -2.8696e+08 -3.35736e+08 -2.95417e+08 -3.07517e+08 -2.78482e+08 -3.79835e+08 -2.71144e+08 -3.07927e+08 -2.41865e+08 -2.7701e+08 -3.35585e+08 -3.32399e+08 -3.28524e+08 -3.06738e+08 -4.21159e+08 -3.09463e+08 -2.61415e+08 -2.78095e+08 -3.30038e+08 -2.58721e+08 -1.95648e+08 -3.4241e+08 -2.78203e+08 -2.39263e+08 -1.65485e+08 -2.01319e+08 -1.57614e+08 -2.02817e+08 -2.202e+08 -2.37836e+08 -2.65638e+08 -2.35072e+08 -2.39145e+08 -2.54797e+08 -1.92276e+08 -1.69017e+08 
-1.48886e+09 -4.13163e+09 -7.63366e+09 -7.37931e+09 -1.01576e+10 -9.47704e+09 -1.19063e+10 -1.13393e+10 -1.30147e+10 -1.67532e+10 -1.08858e+10 -1.82875e+10 -1.56603e+10 -1.42748e+10 -2.06778e+10 -1.77255e+10 -2.46663e+10 -2.46156e+10 -2.58838e+10 -3.06582e+10 -2.70291e+10 -2.76187e+10 -2.92602e+10 -2.79843e+10 -2.91366e+10 -3.3008e+10 -3.25105e+10 -3.71624e+10 -3.19672e+10 -3.03011e+10 -3.07364e+10 -3.21435e+10 -2.96062e+10 -2.64905e+10 -2.40515e+10 -2.35547e+10 -2.07307e+10 -1.84718e+10 -1.51861e+10 -1.36482e+10 -1.02786e+10 -7.6628e+09 -5.6957e+09 -4.75844e+09 -3.52986e+09 -2.67992e+09 -2.30908e+09 -1.71658e+09 -1.50037e+09 -1.07083e+09 -8.45161e+08 -6.31549e+08 -7.14704e+08 -4.51037e+08 -4.04603e+08 -4.10159e+08 -3.51706e+08 -2.93268e+08 -3.10044e+08 -3.18684e+08 -2.71037e+08 -3.38486e+08 -2.44353e+08 -2.59348e+08 -3.08891e+08 -1.87112e+08 -2.50064e+08 -3.24267e+08 -3.11958e+08 -2.84846e+08 -2.81091e+08 -2.8404e+08 -3.77194e+08 -2.5405e+08 -2.93754e+08 -2.59716e+08 -3.03043e+08 -3.40113e+08 -3.23563e+08 -2.99061e+08 -3.27003e+08 -4.23047e+08 -2.96002e+08 -2.90253e+08 -2.93035e+08 -3.7026e+08 -1.94976e+08 -2.73702e+08 -3.03154e+08 -2.83805e+08 -1.7944e+08 -2.06036e+08 -1.75013e+08 -1.73488e+08 -2.45096e+08 -1.92669e+08 -2.88247e+08 -2.24765e+08 -2.72695e+08 -9.92725e+07 
-1.26207e+09 -5.31467e+09 -6.86772e+09 -8.24649e+09 -8.89329e+09 -1.11649e+10 -9.9649e+09 -1.4915e+10 -9.76204e+09 -1.5824e+10 -1.56303e+10 -1.18839e+10 -1.93663e+10 -1.48978e+10 -1.71803e+10 -2.30645e+10 -2.0076e+10 -2.83986e+10 -2.41612e+10 -2.7724e+10 -2.79293e+10 -2.66577e+10 -2.83939e+10 -3.03239e+10 -3.16183e+10 -3.23721e+10 -3.25679e+10 -3.40916e+10 -3.28435e+10 -3.12791e+10 -3.04549e+10 -2.98704e+10 -3.05917e+10 -2.72954e+10 -2.5077e+10 -2.31502e+10 -2.04927e+10 -1.82077e+10 -1.56145e+10 -1.32906e+10 -1.08656e+10 -8.68723e+09 -5.6302e+09 -4.87333e+09 -3.55383e+09 -2.61688e+09 -2.18382e+09 -1.54952e+09 -1.25174e+09 -1.08444e+09 -7.91122e+08 -6.82813e+08 -4.66226e+08 -5.64773e+08 -4.9243e+08 -3.73063e+08 -3.3177e+08 -3.69774e+08 -3.19724e+08 -2.76683e+08 -3.139e+08 -2.87036e+08 -2.6897e+08 -2.67664e+08 -3.10095e+08 -2.29266e+08 -2.68337e+08 -2.48937e+08 -2.22887e+08 -2.44145e+08 -3.45428e+08 -2.75722e+08 -2.6848e+08 -2.79185e+08 -3.10996e+08 -3.3511e+08 -2.62248e+08 -2.96374e+08 -2.87239e+08 -2.9041e+08 -3.29724e+08 -3.25508e+08 -2.83373e+08 -3.64294e+08 -4.06042e+08 -3.13964e+08 -3.20588e+08 -3.2731e+08 -3.27205e+08 -1.70903e+08 -3.31938e+08 -2.71925e+08 -2.73241e+08 -1.69617e+08 -2.14095e+08 -1.62305e+08 -2.01695e+08 -2.3047e+08 -2.52328e+08 -1.79937e+08 
-1.72825e+09 -5.07717e+09 -6.04285e+09 -9.4202e+09 -7.82732e+09 -1.18104e+10 -1.12642e+10 -1.18889e+10 -1.46586e+10 -9.62889e+09 -1.81024e+10 -1.35437e+10 -1.46574e+10 -1.94619e+10 -1.61781e+10 -2.40689e+10 -2.16335e+10 -2.39404e+10 -2.55385e+10 -2.47474e+10 -2.78457e+10 -2.9237e+10 -2.81889e+10 -3.06936e+10 -3.40955e+10 -3.27737e+10 -3.1106e+10 -3.15311e+10 -3.42027e+10 -3.0086e+10 -3.17202e+10 -2.94271e+10 -2.84382e+10 -2.93635e+10 -2.52102e+10 -2.35213e+10 -2.09062e+10 -1.75704e+10 -1.56386e+10 -1.35265e+10 -1.06893e+10 -8.84493e+09 -6.92278e+09 -4.50974e+09 -3.76869e+09 -2.80803e+09 -2.04249e+09 -1.42822e+09 -1.16112e+09 -8.5476e+08 -8.30992e+08 -5.8819e+08 -5.44752e+08 -4.43585e+08 -3.68225e+08 -4.63312e+08 -3.98947e+08 -3.47546e+08 -3.07619e+08 -3.18429e+08 -3.17939e+08 -2.94576e+08 -2.68945e+08 -2.91954e+08 -2.8191e+08 -2.36816e+08 -2.86945e+08 -2.50177e+08 -2.48001e+08 -2.64753e+08 -1.94707e+08 -2.66819e+08 -2.60381e+08 -3.43617e+08 -2.44754e+08 -2.62605e+08 -2.79357e+08 -3.45082e+08 -2.8882e+08 -2.57022e+08 -3.08584e+08 -2.8838e+08 -3.01188e+08 -3.14227e+08 -3.34861e+08 -2.93736e+08 -4.0871e+08 -3.82727e+08 -3.41474e+08 -3.08459e+08 -3.39411e+08 -2.71845e+08 -2.20884e+08 -3.3601e+08 -2.80827e+08 -2.18211e+08 -1.92342e+08 -1.88366e+08 -1.84417e+08 -1.33432e+08 
-1.65971e+09 -3.75765e+09 -7.72605e+09 -7.13107e+09 -1.1308e+10 -8.52083e+09 -1.36903e+10 -1.00419e+10 -1.47096e+10 -1.21191e+10 -1.23934e+10 -1.87774e+10 -1.25267e+10 -1.79077e+10 -2.1562e+10 -2.03941e+10 -2.35923e+10 -2.05767e+10 -2.57473e+10 -2.51462e+10 -2.70333e+10 -2.79693e+10 -3.09072e+10 -3.28657e+10 -3.47529e+10 -2.97022e+10 -3.31469e+10 -3.08588e+10 -3.24017e+10 -3.01038e+10 -3.28241e+10 -2.9873e+10 -2.79351e+10 -2.75077e+10 -2.57965e+10 -2.42886e+10 -2.11261e+10 -1.81941e+10 -1.55257e+10 -1.31363e+10 -1.0848e+10 -8.56565e+09 -7.53301e+09 -5.06303e+09 -3.65443e+09 -2.96013e+09 -2.11778e+09 -1.50937e+09 -1.08346e+09 -7.64595e+08 -5.85761e+08 -6.64901e+08 -4.61379e+08 -4.42353e+08 -4.32402e+08 -2.98555e+08 -3.71762e+08 -3.76222e+08 -3.28942e+08 -3.46782e+08 -3.10712e+08 -2.84447e+08 -3.02773e+08 -2.88092e+08 -2.64477e+08 -3.20478e+08 -2.54011e+08 -2.53718e+08 -2.27795e+08 -2.88564e+08 -2.55765e+08 -2.19664e+08 -2.49299e+08 -2.25307e+08 -2.53813e+08 -2.89858e+08 -3.07618e+08 -2.63646e+08 -2.61211e+08 -2.55398e+08 -3.30057e+08 -2.77841e+08 -2.66657e+08 -3.25165e+08 -2.77568e+08 -3.3526e+08 -2.97716e+08 -3.72613e+08 -3.19302e+08 -3.93646e+08 -3.44893e+08 -3.67871e+08 -2.77671e+08 -3.55749e+08 -2.6364e+08 -3.03078e+08 -2.63108e+08 -2.95932e+08 -1.92673e+08 -1.04282e+08 
-1.14826e+09 -4.46509e+09 -7.89004e+09 -7.96284e+09 -9.80428e+09 -1.00582e+10 -1.11286e+10 -1.34642e+10 -1.04152e+10 -1.71652e+10 -8.95711e+09 -1.56524e+10 -1.92593e+10 -1.55171e+10 -2.04586e+10 -2.0982e+10 -2.12436e+10 -2.25781e+10 -2.52821e+10 -2.70753e+10 -2.53114e+10 -2.66468e+10 -3.24568e+10 -3.31908e+10 -3.41208e+10 -3.02979e+10 -3.39892e+10 -3.05001e+10 -3.08346e+10 -3.19234e+10 -2.98081e+10 -3.18574e+10 -2.86214e+10 -2.58989e+10 -2.57849e+10 -2.31507e+10 -2.20539e+10 -1.88877e+10 -1.56964e+10 -1.30728e+10 -1.08816e+10 -8.63853e+09 -7.20293e+09 -5.74142e+09 -3.97593e+09 -2.59727e+09 -2.15641e+09 -1.86096e+09 -1.13627e+09 -7.72185e+08 -5.36329e+08 -4.27168e+08 -5.33088e+08 -4.15223e+08 -3.47711e+08 -3.69642e+08 -3.66796e+08 -2.36688e+08 -3.66301e+08 -3.17859e+08 -2.89779e+08 -3.10196e+08 -3.38646e+08 -2.63096e+08 -2.98192e+08 -2.64037e+08 -3.05087e+08 -2.89406e+08 -2.70263e+08 -2.55254e+08 -2.42949e+08 -2.24388e+08 -2.672e+08 -2.76461e+08 -2.07715e+08 -2.125e+08 -2.92084e+08 -2.40838e+08 -3.12151e+08 -2.54355e+08 -2.53429e+08 -2.74788e+08 -2.54758e+08 -3.00252e+08 -2.83073e+08 -2.70086e+08 -3.67281e+08 -2.91094e+08 -3.64416e+08 -2.931e+08 -3.32927e+08 -3.53737e+08 -3.38839e+08 -3.54278e+08 -3.81997e+08 -2.82066e+08 -3.63364e+08 -2.77673e+08 -3.00969e+08 -1.42187e+08 
-1.65084e+09 -6.04514e+09 -5.84482e+09 -1.0191e+10 -6.79249e+09 -1.35621e+10 -7.43667e+09 -1.52542e+10 -1.09795e+10 -1.3835e+10 -1.59697e+10 -1.13072e+10 -1.65002e+10 -1.97866e+10 -1.73137e+10 -2.0292e+10 -2.12839e+10 -2.59969e+10 -2.39247e+10 -2.64685e+10 -2.88642e+10 -2.54589e+10 -3.02657e+10 -3.13133e+10 -3.47171e+10 -3.32876e+10 -3.25737e+10 -3.28903e+10 -2.88448e+10 -3.21952e+10 -3.12004e+10 -2.88755e+10 -2.8576e+10 -2.79505e+10 -2.47096e+10 -2.29665e+10 -2.0715e+10 -1.94747e+10 -1.65872e+10 -1.31853e+10 -1.08685e+10 -9.19918e+09 -6.70298e+09 -5.56445e+09 -4.79461e+09 -2.52907e+09 -1.78063e+09 -1.90478e+09 -1.47728e+09 -8.82347e+08 -6.16004e+08 -4.17937e+08 -3.28209e+08 -4.50554e+08 -3.38987e+08 -3.35512e+08 -3.17144e+08 -3.0858e+08 -3.28202e+08 -2.13052e+08 -3.42007e+08 -2.96408e+08 -2.69346e+08 -2.6464e+08 -3.43073e+08 -2.80434e+08 -2.75813e+08 -2.76709e+08 -2.65731e+08 -2.90066e+08 -3.30483e+08 -2.2141e+08 -2.54687e+08 -2.32891e+08 -2.40999e+08 -2.6341e+08 -2.45912e+08 -2.32167e+08 -2.06376e+08 -3.26401e+08 -2.06549e+08 -3.09759e+08 -2.30057e+08 -2.62717e+08 -2.72929e+08 -2.77322e+08 -2.71237e+08 -3.00085e+08 -3.23457e+08 -3.61413e+08 -2.92756e+08 -3.07091e+08 -3.02746e+08 -3.46012e+08 -3.9272e+08 -3.10461e+08 -3.82046e+08 -3.13885e+08 -3.18504e+08 -2.32142e+08 
-2.48749e+09 -3.78834e+09 -7.09245e+09 -8.45458e+09 -9.20453e+09 -1.03064e+10 -1.24551e+10 -9.35744e+09 -1.55653e+10 -1.19558e+10 -1.56211e+10 -1.46258e+10 -1.26401e+10 -1.8163e+10 -1.80087e+10 -2.04622e+10 -2.22036e+10 -2.51761e+10 -2.78931e+10 -2.43887e+10 -3.07351e+10 -2.64594e+10 -2.59724e+10 -3.07797e+10 -3.4071e+10 -3.64235e+10 -3.12404e+10 -3.43727e+10 -3.02472e+10 -3.0887e+10 -3.11743e+10 -2.89417e+10 -2.72715e+10 -2.69968e+10 -2.65374e+10 -2.24725e+10 -2.02392e+10 -1.86181e+10 -1.66503e+10 -1.41966e+10 -1.12379e+10 -9.22253e+09 -6.80648e+09 -5.49304e+09 -4.45626e+09 -3.29595e+09 -1.7179e+09 -1.3705e+09 -1.65318e+09 -1.09355e+09 -7.05432e+08 -5.96714e+08 -3.88881e+08 -2.78813e+08 -3.47033e+08 -3.44264e+08 -2.70138e+08 -3.03718e+08 -2.87994e+08 -2.72357e+08 -3.0035e+08 -2.07854e+08 -3.05509e+08 -3.02334e+08 -2.5233e+08 -2.34139e+08 -2.95508e+08 -3.30928e+08 -2.54516e+08 -2.8272e+08 -2.64751e+08 -2.88882e+08 -2.9641e+08 -2.82438e+08 -2.30376e+08 -2.53924e+08 -2.13347e+08 -2.71296e+08 -2.72453e+08 -2.09264e+08 -2.28016e+08 -2.50986e+08 -2.65193e+08 -2.4591e+08 -2.82782e+08 -2.31567e+08 -2.86561e+08 -2.89524e+08 -2.82964e+08 -2.51225e+08 -2.98355e+08 -3.23265e+08 -3.3346e+08 -3.14626e+08 -2.99842e+08 -3.60258e+08 -3.39137e+08 -3.59429e+08 -2.84353e+08 -1.88627e+08 
-1.13027e+09 -3.75134e+09 -8.41635e+09 -6.46245e+09 -1.17358e+10 -8.37721e+09 -1.33303e+10 -9.87442e+09 -1.3504e+10 -1.48965e+10 -1.25165e+10 -1.64521e+10 -1.29539e+10 -1.43388e+10 -2.00015e+10 -2.0547e+10 -2.39429e+10 -2.28531e+10 -3.03792e+10 -2.73954e+10 -2.5262e+10 -2.99034e+10 -2.46276e+10 -2.96588e+10 -3.17343e+10 -3.70386e+10 -3.42451e+10 -3.31053e+10 -3.24516e+10 -2.97434e+10 -3.02861e+10 -2.92931e+10 -2.75515e+10 -2.55604e+10 -2.61095e+10 -2.3595e+10 -2.0002e+10 -1.7703e+10 -1.66913e+10 -1.40372e+10 -1.22086e+10 -8.94081e+09 -7.32072e+09 -5.59264e+09 -3.98718e+09 -3.55443e+09 -2.1634e+09 -1.269e+09 -1.21718e+09 -1.18716e+09 -8.58321e+08 -6.28466e+08 -5.25491e+08 -4.65516e+08 -3.19818e+08 -2.45404e+08 -3.3252e+08 -2.66687e+08 -2.38802e+08 -2.98112e+08 -2.50899e+08 -2.62335e+08 -2.59156e+08 -2.51556e+08 -2.37083e+08 -3.25507e+08 -2.28683e+08 -2.37874e+08 -2.44198e+08 -3.15501e+08 -2.84851e+08 -2.80895e+08 -2.70302e+08 -2.56195e+08 -3.01841e+08 -3.11771e+08 -2.22524e+08 -2.7076e+08 -2.46828e+08 -2.29357e+08 -2.29858e+08 -2.72206e+08 -2.0404e+08 -2.3135e+08 -2.91724e+08 -2.18949e+08 -2.82892e+08 -2.74933e+08 -2.54568e+08 -2.94553e+08 -2.68801e+08 -2.36679e+08 -2.41685e+08 -3.09889e+08 -3.84207e+08 -3.26813e+08 -3.15457e+08 -2.90623e+08 -3.58426e+08 -1.69057e+08 
-1.02368e+09 -4.85587e+09 -6.94504e+09 -9.14189e+09 -8.83197e+09 -1.14959e+10 -9.51684e+09 -1.49737e+10 -8.83481e+09 -1.5438e+10 -1.32736e+10 -1.36156e+10 -1.68688e+10 -1.37027e+10 -1.99122e+10 -1.99941e+10 -2.4046e+10 -2.61007e+10 -2.44448e+10 -3.1796e+10 -2.45695e+10 -2.88946e+10 -2.87295e+10 -2.62611e+10 -2.95756e+10 -3.62654e+10 -3.74176e+10 -3.3476e+10 -3.07608e+10 -2.98304e+10 -3.16646e+10 -2.75917e+10 -2.82789e+10 -2.64195e+10 -2.48388e+10 -2.31148e+10 -2.00974e+10 -1.80473e+10 -1.58055e+10 -1.41348e+10 -1.19518e+10 -9.43649e+09 -7.4156e+09 -5.72154e+09 -4.12174e+09 -3.48114e+09 -2.26657e+09 -1.55508e+09 -1.02932e+09 -9.58284e+08 -9.37964e+08 -6.81343e+08 -5.64975e+08 -4.69715e+08 -4.91222e+08 -3.81083e+08 -3.27436e+08 -2.5446e+08 -2.9592e+08 -2.34788e+08 -2.17576e+08 -2.92823e+08 -2.25914e+08 -2.64933e+08 -2.14743e+08 -2.8235e+08 -2.11429e+08 -3.02404e+08 -2.47767e+08 -2.31845e+08 -2.1517e+08 -2.75064e+08 -3.15704e+08 -2.49011e+08 -2.98688e+08 -2.69487e+08 -2.83429e+08 -2.87835e+08 -2.98418e+08 -2.07193e+08 -2.82228e+08 -2.24608e+08 -2.45604e+08 -2.17013e+08 -2.39782e+08 -2.41544e+08 -2.83368e+08 -2.60148e+08 -2.25975e+08 -2.79507e+08 -2.60761e+08 -2.49153e+08 -2.83954e+08 -2.55662e+08 -2.39792e+08 -2.82088e+08 -3.16149e+08 -3.74003e+08 -3.35163e+08 -1.76061e+08 
-2.05761e+09 -5.00826e+09 -6.45926e+09 -9.78519e+09 -7.69593e+09 -1.23213e+10 -1.01716e+10 -1.2114e+10 -1.28498e+10 -1.00638e+10 -1.54647e+10 -1.26934e+10 -1.77544e+10 -1.79657e+10 -1.68946e+10 -2.28888e+10 -2.0893e+10 -2.67964e+10 -2.33221e+10 -2.81314e+10 -3.13318e+10 -2.67085e+10 -2.867e+10 -2.84414e+10 -2.91024e+10 -3.41151e+10 -3.66202e+10 -3.38571e+10 -3.18141e+10 -2.98129e+10 -2.92415e+10 -3.05395e+10 -2.82382e+10 -2.63367e+10 -2.46002e+10 -2.22679e+10 -2.03977e+10 -1.77387e+10 -1.56074e+10 -1.39661e+10 -1.14109e+10 -9.80103e+09 -7.34688e+09 -5.9164e+09 -4.36451e+09 -3.44019e+09 -2.34862e+09 -1.66404e+09 -1.14406e+09 -7.92451e+08 -7.71368e+08 -8.00828e+08 -5.92791e+08 -4.58919e+08 -4.75591e+08 -4.01141e+08 -4.59353e+08 -3.57579e+08 -3.6602e+08 -2.53891e+08 -2.92559e+08 -2.25395e+08 -2.09784e+08 -2.46233e+08 -2.38494e+08 -2.6187e+08 -2.1552e+08 -2.33186e+08 -2.64966e+08 -2.42365e+08 -2.68096e+08 -2.19568e+08 -2.3387e+08 -2.31061e+08 -2.76242e+08 -3.06815e+08 -2.58557e+08 -2.8197e+08 -2.97208e+08 -2.86878e+08 -2.89915e+08 -2.3186e+08 -2.36302e+08 -2.74338e+08 -2.2244e+08 -2.52175e+08 -2.24901e+08 -2.33989e+08 -2.72241e+08 -2.98951e+08 -2.20508e+08 -2.44481e+08 -2.35577e+08 -2.6776e+08 -2.74801e+08 -2.89203e+08 -2.37942e+08 -2.2994e+08 -3.07809e+08 -1.43859e+08 
-1.48827e+09 -3.73623e+09 -8.08747e+09 -7.54349e+09 -1.12119e+10 -7.8958e+09 -1.35397e+10 -8.75735e+09 -1.45615e+10 -8.9168e+09 -1.42942e+10 -1.72881e+10 -1.46886e+10 -2.04795e+10 -1.80906e+10 -2.16013e+10 -2.13848e+10 -2.24267e+10 -2.81631e+10 -2.53877e+10 -2.88783e+10 -2.99624e+10 -2.86053e+10 -3.22415e+10 -2.87937e+10 -3.13881e+10 -3.4142e+10 -3.4599e+10 -3.28308e+10 -2.92993e+10 -2.96724e+10 -3.06933e+10 -2.8642e+10 -2.69178e+10 -2.42729e+10 -2.26768e+10 -1.94807e+10 -1.77967e+10 -1.56477e+10 -1.29549e+10 -1.17001e+10 -9.22319e+09 -7.53408e+09 -6.07815e+09 -4.69592e+09 -3.15371e+09 -2.60206e+09 -1.73863e+09 -1.17116e+09 -8.43107e+08 -7.15135e+08 -6.09506e+08 -7.36887e+08 -4.57924e+08 -4.96841e+08 -3.61219e+08 -4.51143e+08 -3.55258e+08 -3.84996e+08 -4.17906e+08 -3.28518e+08 -3.18229e+08 -2.86585e+08 -2.45369e+08 -1.94193e+08 -2.13086e+08 -2.85244e+08 -2.19725e+08 -2.24961e+08 -2.00593e+08 -2.74241e+08 -2.527e+08 -2.48054e+08 -2.26824e+08 -2.24311e+08 -2.23855e+08 -2.49996e+08 -3.03072e+08 -2.65849e+08 -2.99496e+08 -2.71705e+08 -2.99645e+08 -2.61718e+08 -2.73375e+08 -2.28466e+08 -2.7467e+08 -2.44668e+08 -2.623e+08 -1.95609e+08 -2.41615e+08 -2.57586e+08 -3.06907e+08 -2.48415e+08 -2.15382e+08 -2.48066e+08 -2.4763e+08 -2.68494e+08 -2.73835e+08 -2.80619e+08 -8.76078e+07 
-1.19402e+09 -4.79074e+09 -7.87889e+09 -7.74488e+09 -1.03699e+10 -8.31427e+09 -1.20445e+10 -9.60167e+09 -1.24129e+10 -1.45573e+10 -1.03416e+10 -1.7565e+10 -1.73793e+10 -1.83689e+10 -2.10861e+10 -1.83772e+10 -2.31527e+10 -2.27985e+10 -2.54101e+10 -2.75512e+10 -2.62202e+10 -3.22197e+10 -3.01417e+10 -3.07934e+10 -3.15176e+10 -2.89902e+10 -3.31311e+10 -3.426e+10 -3.20537e+10 -3.20172e+10 -2.98915e+10 -2.88789e+10 -2.93739e+10 -2.68195e+10 -2.46295e+10 -2.33264e+10 -1.9059e+10 -1.76807e+10 -1.52202e+10 -1.30559e+10 -1.0757e+10 -9.0897e+09 -7.73454e+09 -6.20689e+09 -4.57396e+09 -3.45164e+09 -2.34291e+09 -1.80621e+09 -1.38865e+09 -9.68605e+08 -5.85326e+08 -6.31378e+08 -5.02338e+08 -6.18315e+08 -5.1449e+08 -3.67847e+08 -4.34253e+08 -3.32864e+08 -4.01058e+08 -3.34283e+08 -3.74418e+08 -3.74518e+08 -3.2508e+08 -3.82851e+08 -3.0406e+08 -2.36303e+08 -2.3617e+08 -2.2578e+08 -2.52339e+08 -2.11179e+08 -2.52158e+08 -1.95074e+08 -2.18641e+08 -2.9608e+08 -2.35131e+08 -2.1025e+08 -2.15286e+08 -2.47068e+08 -2.40484e+08 -2.72982e+08 -2.85806e+08 -2.64163e+08 -2.75845e+08 -3.0886e+08 -2.89842e+08 -2.64485e+08 -2.33249e+08 -2.28783e+08 -3.12455e+08 -2.1202e+08 -2.75615e+08 -2.00003e+08 -2.19705e+08 -3.06501e+08 -3.05589e+08 -2.14945e+08 -2.19852e+08 -2.20307e+08 -2.69989e+08 -1.32899e+08 
-1.53959e+09 -5.72694e+09 -6.20322e+09 -9.14869e+09 -7.841e+09 -1.09911e+10 -8.50431e+09 -1.32644e+10 -1.08428e+10 -1.45473e+10 -1.41845e+10 -1.32729e+10 -1.91422e+10 -1.80612e+10 -1.98539e+10 -2.20298e+10 -2.02944e+10 -2.5156e+10 -2.23943e+10 -2.91745e+10 -2.81093e+10 -2.90361e+10 -3.15912e+10 -2.89403e+10 -3.29948e+10 -3.03903e+10 -3.17703e+10 -3.33093e+10 -3.33788e+10 -3.11356e+10 -3.15064e+10 -2.80271e+10 -2.87521e+10 -2.76353e+10 -2.42069e+10 -2.28608e+10 -2.05729e+10 -1.69061e+10 -1.50396e+10 -1.28956e+10 -1.01524e+10 -9.01768e+09 -7.64124e+09 -6.20283e+09 -4.41183e+09 -3.63236e+09 -2.38012e+09 -1.79975e+09 -1.20124e+09 -1.17583e+09 -8.50706e+08 -4.37898e+08 -5.27079e+08 -4.9907e+08 -4.0605e+08 -5.80668e+08 -3.88432e+08 -3.15088e+08 -3.98827e+08 -3.49277e+08 -3.14011e+08 -3.73492e+08 -3.44812e+08 -3.24589e+08 -3.53524e+08 -3.52653e+08 -3.42853e+08 -3.11013e+08 -2.25648e+08 -2.35966e+08 -2.33574e+08 -2.69045e+08 -2.15912e+08 -2.10457e+08 -2.0188e+08 -2.6327e+08 -2.76242e+08 -2.03829e+08 -2.00443e+08 -2.45241e+08 -2.44936e+08 -2.61449e+08 -2.64135e+08 -2.84624e+08 -2.71145e+08 -2.60001e+08 -3.30514e+08 -2.53878e+08 -2.69518e+08 -2.2204e+08 -2.61218e+08 -2.94593e+08 -2.26662e+08 -2.4639e+08 -2.17286e+08 -2.18451e+08 -3.5682e+08 -2.48319e+08 -2.06385e+08 -1.44291e+08 
-2.15516e+09 -4.8506e+09 -6.03516e+09 -8.8633e+09 -7.85496e+09 -1.03249e+10 -9.89934e+09 -1.24794e+10 -1.32878e+10 -1.19396e+10 -1.66381e+10 -1.32477e+10 -1.59463e+10 -2.01947e+10 -1.86419e+10 -2.33305e+10 -2.0766e+10 -2.3804e+10 -2.63238e+10 -2.65469e+10 -2.9514e+10 -2.54029e+10 -3.17944e+10 -3.12086e+10 -3.06396e+10 -3.20439e+10 -3.32177e+10 -3.138e+10 -3.30138e+10 -3.24141e+10 -3.1892e+10 -2.9528e+10 -2.69154e+10 -2.72493e+10 -2.50003e+10 -2.24969e+10 -2.00086e+10 -1.75408e+10 -1.54016e+10 -1.19646e+10 -1.06749e+10 -8.84927e+09 -7.08631e+09 -5.93069e+09 -4.56413e+09 -3.46216e+09 -2.54328e+09 -1.82676e+09 -1.31747e+09 -8.95472e+08 -9.08441e+08 -7.58507e+08 -4.26885e+08 -4.38423e+08 -3.74007e+08 -4.95907e+08 -3.10371e+08 -5.41284e+08 -3.30404e+08 -2.92516e+08 -3.58603e+08 -3.36366e+08 -3.24547e+08 -3.4055e+08 -3.34676e+08 -3.42146e+08 -3.21395e+08 -2.87115e+08 -4.14308e+08 -3.09498e+08 -2.92073e+08 -2.42187e+08 -2.5574e+08 -2.74802e+08 -2.00497e+08 -2.48982e+08 -1.88825e+08 -2.20585e+08 -2.96933e+08 -2.36009e+08 -1.9136e+08 -1.91591e+08 -2.93567e+08 -2.50219e+08 -2.45804e+08 -2.60627e+08 -2.71837e+08 -2.72305e+08 -2.87865e+08 -3.09228e+08 -2.48262e+08 -2.64141e+08 -2.48281e+08 -2.74899e+08 -2.44218e+08 -2.40935e+08 -2.21679e+08 -2.36584e+08 -2.66595e+08 -1.81289e+08 
-1.35145e+09 -3.69019e+09 -6.90071e+09 -7.43069e+09 -9.50327e+09 -9.07103e+09 -1.29093e+10 -1.01314e+10 -1.43911e+10 -1.28674e+10 -1.3548e+10 -1.68866e+10 -1.35088e+10 -1.92183e+10 -2.05556e+10 -2.05816e+10 -2.54032e+10 -2.30872e+10 -2.72503e+10 -2.45048e+10 -2.75503e+10 -2.82903e+10 -2.93745e+10 -3.31978e+10 -2.98849e+10 -3.03364e+10 -3.53509e+10 -3.21691e+10 -3.1042e+10 -3.47771e+10 -3.06884e+10 -2.96673e+10 -2.71218e+10 -2.69369e+10 -2.47129e+10 -2.30786e+10 -1.95324e+10 -1.6997e+10 -1.55047e+10 -1.25801e+10 -1.10774e+10 -8.30234e+09 -6.72934e+09 -5.71783e+09 -4.48154e+09 -3.38618e+09 -2.4841e+09 -1.92934e+09 -1.32308e+09 -1.09798e+09 -6.72873e+08 -6.47396e+08 -6.7592e+08 -4.21742e+08 -3.98213e+08 -3.91234e+08 -2.91834e+08 -4.82734e+08 -2.73012e+08 -4.46271e+08 -3.49166e+08 -2.70557e+08 -3.20445e+08 -3.34859e+08 -3.34827e+08 -3.13489e+08 -3.25845e+08 -3.40029e+08 -3.11014e+08 -3.37336e+08 -2.71629e+08 -3.9947e+08 -2.9935e+08 -2.91396e+08 -2.92329e+08 -2.30836e+08 -2.82126e+08 -2.17375e+08 -2.14916e+08 -2.19014e+08 -2.55286e+08 -2.90435e+08 -1.98676e+08 -1.68731e+08 -2.41648e+08 -2.65754e+08 -2.78406e+08 -2.17809e+08 -2.81846e+08 -2.73026e+08 -2.43686e+08 -3.44561e+08 -2.87255e+08 -2.62851e+08 -2.3506e+08 -2.34485e+08 -2.86138e+08 -2.133e+08 -2.62092e+08 -1.04505e+08 
-1.248e+09 -4.19305e+09 -6.63175e+09 -7.26173e+09 -1.04263e+10 -1.04154e+10 -1.03355e+10 -1.32508e+10 -1.14197e+10 -1.47774e+10 -1.25117e+10 -1.5687e+10 -1.77891e+10 -1.49281e+10 -2.12714e+10 -2.19153e+10 -2.48899e+10 -2.55842e+10 -2.37762e+10 -2.69015e+10 -2.52712e+10 -3.04963e+10 -2.84251e+10 -3.2349e+10 -3.22722e+10 -2.91472e+10 -3.24147e+10 -3.5637e+10 -3.15401e+10 -3.33506e+10 -3.09948e+10 -2.8605e+10 -2.78423e+10 -2.71023e+10 -2.4934e+10 -2.20423e+10 -2.05112e+10 -1.63989e+10 -1.53475e+10 -1.28829e+10 -1.09022e+10 -8.66839e+09 -6.65537e+09 -5.28018e+09 -4.30831e+09 -3.33008e+09 -2.50942e+09 -1.72706e+09 -1.45652e+09 -1.0461e+09 -9.24256e+08 -5.42152e+08 -4.33474e+08 -5.9899e+08 -3.88642e+08 -3.70499e+08 -3.69396e+08 -3.74394e+08 -2.68226e+08 -4.22327e+08 -3.10771e+08 -2.83506e+08 -4.47248e+08 -2.3348e+08 -2.86573e+08 -3.37429e+08 -2.98204e+08 -3.43642e+08 -3.03266e+08 -3.26226e+08 -3.46098e+08 -3.0601e+08 -3.02968e+08 -3.03404e+08 -3.77841e+08 -2.86782e+08 -2.87172e+08 -3.32299e+08 -2.51419e+08 -2.11576e+08 -2.93076e+08 -2.16907e+08 -2.33553e+08 -2.70834e+08 -2.12307e+08 -1.80785e+08 -1.88264e+08 -2.88251e+08 -2.71772e+08 -2.46147e+08 -2.31985e+08 -2.88743e+08 -2.98692e+08 -2.71331e+08 -3.19436e+08 -2.28192e+08 -2.65785e+08 -2.4057e+08 -2.336e+08 -1.39152e+08 
-1.32924e+09 -4.56124e+09 -6.14146e+09 -9.95638e+09 -7.95777e+09 -1.15742e+10 -1.04404e+10 -1.26216e+10 -1.17736e+10 -1.32097e+10 -1.53168e+10 -1.34939e+10 -1.78255e+10 -1.75213e+10 -1.88712e+10 -2.38437e+10 -2.28521e+10 -2.53954e+10 -2.53032e+10 -2.73532e+10 -2.65909e+10 -2.65737e+10 -3.14087e+10 -3.06518e+10 -3.19017e+10 -3.19179e+10 -2.96987e+10 -3.55196e+10 -3.42065e+10 -3.13066e+10 -3.08508e+10 -2.9266e+10 -2.70288e+10 -2.74227e+10 -2.55973e+10 -2.16288e+10 -1.95259e+10 -1.78181e+10 -1.50237e+10 -1.24537e+10 -1.02697e+10 -9.46585e+09 -6.81419e+09 -5.03713e+09 -4.15527e+09 -3.10609e+09 -2.60893e+09 -1.59845e+09 -1.34009e+09 -1.10099e+09 -8.5254e+08 -7.42086e+08 -4.81861e+08 -3.8458e+08 -4.15319e+08 -4.26738e+08 -2.99674e+08 -3.57264e+08 -3.15095e+08 -3.89383e+08 -2.70734e+08 -3.51043e+08 -3.41406e+08 -2.46508e+08 -3.83137e+08 -2.85772e+08 -2.42622e+08 -3.44989e+08 -2.99031e+08 -2.86632e+08 -3.66072e+08 -2.76547e+08 -3.46773e+08 -3.16199e+08 -3.34537e+08 -2.81766e+08 -2.95452e+08 -3.7182e+08 -2.8706e+08 -3.02061e+08 -3.43493e+08 -2.94313e+08 -1.95732e+08 -2.58651e+08 -2.47346e+08 -2.37558e+08 -2.49592e+08 -1.7757e+08 -1.88837e+08 -2.35645e+08 -2.97293e+08 -2.8427e+08 -2.39203e+08 -2.69608e+08 -2.93778e+08 -2.24403e+08 -2.99444e+08 -2.75192e+08 -2.58725e+08 -1.16349e+08 
-2.134e+09 -4.44846e+09 -7.37003e+09 -8.56076e+09 -9.60978e+09 -9.37045e+09 -1.23248e+10 -9.8997e+09 -1.42858e+10 -1.20161e+10 -1.50382e+10 -1.54883e+10 -1.5649e+10 -2.0346e+10 -1.87022e+10 -2.02418e+10 -2.46872e+10 -2.31929e+10 -2.94837e+10 -2.58155e+10 -2.86076e+10 -2.51807e+10 -2.99912e+10 -3.35429e+10 -2.92284e+10 -3.26449e+10 -3.29829e+10 -3.18017e+10 -3.36661e+10 -3.36843e+10 -3.02475e+10 -2.74629e+10 -2.79092e+10 -2.7241e+10 -2.60532e+10 -2.19468e+10 -1.92894e+10 -1.7886e+10 -1.48517e+10 -1.23609e+10 -1.05763e+10 -8.53827e+09 -7.32515e+09 -5.26314e+09 -4.07622e+09 -3.01004e+09 -2.42669e+09 -1.71236e+09 -1.16752e+09 -1.10093e+09 -7.91613e+08 -6.46592e+08 -6.48377e+08 -4.3353e+08 -4.12625e+08 -2.85956e+08 -4.01224e+08 -3.24338e+08 -2.7276e+08 -3.17548e+08 -2.89634e+08 -3.77072e+08 -2.97661e+08 -3.00471e+08 -3.37199e+08 -2.90396e+08 -2.56558e+08 -3.77454e+08 -2.13251e+08 -2.78446e+08 -3.52723e+08 -2.74644e+08 -3.01685e+08 -3.6187e+08 -2.70523e+08 -3.58059e+08 -2.92628e+08 -3.5827e+08 -2.72973e+08 -2.82065e+08 -3.7273e+08 -3.18983e+08 -3.27881e+08 -2.98135e+08 -2.63427e+08 -2.43331e+08 -2.30795e+08 -2.77835e+08 -2.43189e+08 -2.26116e+08 -1.73657e+08 -2.06741e+08 -3.16403e+08 -2.8788e+08 -2.45518e+08 -2.28114e+08 -2.70592e+08 -2.90061e+08 -2.22117e+08 -1.67157e+08 
-1.31728e+09 -4.53246e+09 -8.02061e+09 -7.09967e+09 -1.10509e+10 -8.23715e+09 -1.17487e+10 -1.14081e+10 -1.21157e+10 -1.47281e+10 -1.31059e+10 -1.71634e+10 -1.68037e+10 -1.6835e+10 -2.14215e+10 -1.75116e+10 -2.60968e+10 -2.49884e+10 -2.63267e+10 -2.72115e+10 -2.77739e+10 -2.9438e+10 -2.75671e+10 -3.2539e+10 -3.12433e+10 -3.14763e+10 -3.44643e+10 -3.08444e+10 -3.2508e+10 -3.47598e+10 -3.01943e+10 -2.72931e+10 -2.67275e+10 -2.69677e+10 -2.59803e+10 -2.39304e+10 -1.91979e+10 -1.63683e+10 -1.53986e+10 -1.28873e+10 -1.02129e+10 -8.37733e+09 -7.09576e+09 -5.54938e+09 -4.11567e+09 -3.07619e+09 -2.24084e+09 -1.75811e+09 -1.22428e+09 -8.92194e+08 -8.67939e+08 -5.65841e+08 -4.70952e+08 -6.14428e+08 -3.41945e+08 -4.32014e+08 -3.5072e+08 -2.65315e+08 -3.61594e+08 -2.66083e+08 -2.60545e+08 -2.96696e+08 -2.97553e+08 -2.92398e+08 -3.23984e+08 -3.31729e+08 -2.92803e+08 -2.84582e+08 -2.82827e+08 -2.84264e+08 -3.22332e+08 -2.078e+08 -3.23942e+08 -3.20809e+08 -2.5824e+08 -3.30718e+08 -3.40426e+08 -2.7033e+08 -3.81281e+08 -2.99874e+08 -3.44326e+08 -3.08342e+08 -2.59684e+08 -3.30694e+08 -3.42211e+08 -3.31043e+08 -2.75452e+08 -2.55194e+08 -2.81913e+08 -2.73974e+08 -2.50839e+08 -2.32141e+08 -2.19337e+08 -2.16133e+08 -2.25631e+08 -3.23694e+08 -2.50717e+08 -2.28296e+08 -2.39936e+08 -1.65589e+08 
-1.59284e+09 -5.18052e+09 -6.62268e+09 -9.61845e+09 -7.48653e+09 -1.09365e+10 -9.56598e+09 -1.34948e+10 -1.08953e+10 -1.44338e+10 -1.56152e+10 -1.49152e+10 -1.84255e+10 -1.51559e+10 -2.02065e+10 -2.25222e+10 -2.1376e+10 -2.77607e+10 -2.37621e+10 -2.88076e+10 -2.65128e+10 -2.97732e+10 -3.00265e+10 -3.02986e+10 -3.43495e+10 -3.0734e+10 -3.21951e+10 -3.39464e+10 -3.04289e+10 -3.31626e+10 -3.12843e+10 -2.83882e+10 -2.59529e+10 -2.6135e+10 -2.58585e+10 -2.42562e+10 -1.91593e+10 -1.71529e+10 -1.44296e+10 -1.35107e+10 -1.02032e+10 -8.30666e+09 -7.12954e+09 -5.53262e+09 -3.89019e+09 -3.26734e+09 -2.25133e+09 -1.73402e+09 -1.23556e+09 -9.33861e+08 -7.20299e+08 -6.42447e+08 -4.42582e+08 -3.94243e+08 -4.29668e+08 -4.77509e+08 -2.53035e+08 -4.0558e+08 -3.35625e+08 -2.59067e+08 -3.28212e+08 -2.54736e+08 -2.44073e+08 -2.65915e+08 -2.89713e+08 -2.78363e+08 -2.8185e+08 -3.60722e+08 -3.01075e+08 -2.55731e+08 -2.85603e+08 -2.83228e+08 -2.84339e+08 -2.65612e+08 -2.45737e+08 -3.64293e+08 -2.59806e+08 -2.61995e+08 -3.76507e+08 -3.21895e+08 -2.93323e+08 -3.56063e+08 -3.21013e+08 -3.4407e+08 -2.61879e+08 -2.74444e+08 -3.14372e+08 -3.7018e+08 -3.14459e+08 -2.81674e+08 -2.82519e+08 -2.99922e+08 -2.7663e+08 -2.48816e+08 -2.12757e+08 -2.04755e+08 -2.20085e+08 -3.10908e+08 -2.51408e+08 -1.09867e+08 
-2.00422e+09 -5.76794e+09 -6.14213e+09 -8.88128e+09 -8.45903e+09 -1.02826e+10 -1.02964e+10 -1.17091e+10 -1.39006e+10 -1.25853e+10 -1.67572e+10 -1.40706e+10 -1.58727e+10 -2.03858e+10 -1.67626e+10 -2.46032e+10 -2.00583e+10 -2.5799e+10 -2.78251e+10 -2.64686e+10 -2.83276e+10 -2.6222e+10 -3.1175e+10 -3.33639e+10 -3.26044e+10 -3.29451e+10 -3.06122e+10 -3.42677e+10 -2.987e+10 -3.12274e+10 -3.21106e+10 -3.00052e+10 -2.57481e+10 -2.65158e+10 -2.4402e+10 -2.30255e+10 -1.99484e+10 -1.75672e+10 -1.44261e+10 -1.26912e+10 -1.13066e+10 -8.39479e+09 -6.84389e+09 -5.60056e+09 -3.97072e+09 -2.91836e+09 -2.5007e+09 -1.65326e+09 -1.33401e+09 -9.00081e+08 -7.55671e+08 -5.8524e+08 -5.03234e+08 -3.51429e+08 -3.85074e+08 -2.87006e+08 -3.85791e+08 -3.99165e+08 -2.29298e+08 -3.41122e+08 -3.75122e+08 -2.35965e+08 -3.32504e+08 -2.50676e+08 -2.02867e+08 -2.59589e+08 -2.82654e+08 -2.70287e+08 -2.7594e+08 -2.81512e+08 -3.75425e+08 -2.61939e+08 -2.4328e+08 -2.91907e+08 -2.67798e+08 -2.88102e+08 -2.36096e+08 -3.01625e+08 -3.50503e+08 -2.49325e+08 -2.72271e+08 -3.82464e+08 -3.13802e+08 -3.19492e+08 -2.93908e+08 -3.46372e+08 -3.37193e+08 -2.57436e+08 -2.76205e+08 -3.45475e+08 -3.61109e+08 -3.3478e+08 -2.63645e+08 -3.03402e+08 -3.33099e+08 -2.49535e+08 -1.92318e+08 -2.18074e+08 -2.59264e+08 -7.94195e+07 
-1.17288e+09 -3.29748e+09 -8.36451e+09 -6.70394e+09 -1.07745e+10 -8.17836e+09 -1.22758e+10 -1.06093e+10 -1.39353e+10 -1.38478e+10 -1.33402e+10 -1.78317e+10 -1.36183e+10 -2.10273e+10 -1.87446e+10 -2.0594e+10 -2.48422e+10 -2.30723e+10 -2.82392e+10 -2.75049e+10 -2.75911e+10 -2.78993e+10 -2.72912e+10 -3.64687e+10 -3.13065e+10 -3.29186e+10 -3.35632e+10 -3.1298e+10 -2.89996e+10 -3.22881e+10 -3.13399e+10 -3.1236e+10 -2.76458e+10 -2.44265e+10 -2.4128e+10 -2.27996e+10 -1.97992e+10 -1.65597e+10 -1.5601e+10 -1.23681e+10 -1.11227e+10 -9.25152e+09 -6.52661e+09 -5.64952e+09 -4.03147e+09 -2.8164e+09 -2.4955e+09 -1.65724e+09 -1.38776e+09 -8.86098e+08 -7.76392e+08 -5.92069e+08 -4.97508e+08 -4.33863e+08 -3.26511e+08 -2.81521e+08 -3.45233e+08 -2.48752e+08 -3.34147e+08 -3.53731e+08 -2.21323e+08 -2.90694e+08 -3.67895e+08 -2.84513e+08 -3.04078e+08 -2.59063e+08 -2.06858e+08 -2.15389e+08 -3.00173e+08 -2.26566e+08 -3.0295e+08 -2.40603e+08 -3.40264e+08 -3.32377e+08 -2.17787e+08 -2.54076e+08 -3.1901e+08 -2.50779e+08 -2.81175e+08 -2.53479e+08 -3.15372e+08 -3.06807e+08 -2.58691e+08 -3.08589e+08 -3.62849e+08 -2.92648e+08 -3.40129e+08 -2.68093e+08 -3.58757e+08 -3.27209e+08 -2.9947e+08 -2.70644e+08 -3.962e+08 -2.9095e+08 -3.50011e+08 -2.83088e+08 -3.14004e+08 -3.01991e+08 -2.59722e+08 -5.92864e+07 
-1.37701e+09 -5.19335e+09 -6.53612e+09 -8.54718e+09 -8.82515e+09 -1.07615e+10 -9.60441e+09 -1.33852e+10 -1.09303e+10 -1.56886e+10 -1.20626e+10 -1.76161e+10 -1.75193e+10 -1.58212e+10 -2.25105e+10 -1.97775e+10 -2.39434e+10 -2.56345e+10 -2.46252e+10 -3.00275e+10 -2.59394e+10 -3.12145e+10 -2.63019e+10 -3.27768e+10 -3.56048e+10 -3.02104e+10 -3.49093e+10 -3.1255e+10 -2.86469e+10 -3.10299e+10 -3.43811e+10 -2.95249e+10 -2.64119e+10 -2.57647e+10 -2.45608e+10 -2.1665e+10 -1.99979e+10 -1.63043e+10 -1.5322e+10 -1.30602e+10 -1.04994e+10 -9.33825e+09 -7.0598e+09 -5.4521e+09 -4.20906e+09 -2.87745e+09 -2.43607e+09 -1.66249e+09 -1.35572e+09 -9.5831e+08 -6.72761e+08 -6.82354e+08 -5.09489e+08 -4.15423e+08 -4.03289e+08 -3.08563e+08 -2.76448e+08 -2.5813e+08 -3.20134e+08 -2.34382e+08 -2.97645e+08 -2.77903e+08 -2.64335e+08 -2.61286e+08 -3.06532e+08 -3.69474e+08 -2.3405e+08 -3.05664e+08 -2.11189e+08 -1.98173e+08 -2.80019e+08 -2.50921e+08 -2.52508e+08 -2.82799e+08 -2.3592e+08 -3.78653e+08 -2.7833e+08 -2.29364e+08 -2.56226e+08 -3.18225e+08 -2.22415e+08 -2.66977e+08 -3.03268e+08 -3.1988e+08 -2.64366e+08 -2.71364e+08 -3.23387e+08 -3.51842e+08 -2.83544e+08 -3.25235e+08 -3.11063e+08 -3.80833e+08 -3.13405e+08 -3.01405e+08 -2.59072e+08 -4.16129e+08 -2.62828e+08 -3.31654e+08 -3.34286e+08 -1.3917e+08 
-1.61063e+09 -4.4586e+09 -6.2515e+09 -9.28241e+09 -8.24151e+09 -1.11847e+10 -9.82777e+09 -1.22454e+10 -1.1221e+10 -1.44343e+10 -1.62267e+10 -1.32599e+10 -1.96448e+10 -1.68993e+10 -1.96872e+10 -2.37246e+10 -2.04948e+10 -2.73744e+10 -2.55429e+10 -2.84117e+10 -2.79581e+10 -2.58081e+10 -3.2389e+10 -2.95931e+10 -3.46899e+10 -3.29273e+10 -3.19996e+10 -3.21629e+10 -3.12606e+10 -3.02565e+10 -3.3059e+10 -2.8636e+10 -2.74407e+10 -2.60713e+10 -2.43131e+10 -2.10578e+10 -1.96825e+10 -1.72699e+10 -1.45619e+10 -1.34434e+10 -1.03882e+10 -8.94233e+09 -7.40265e+09 -5.36149e+09 -4.44983e+09 -3.01923e+09 -2.43891e+09 -1.77838e+09 -1.20316e+09 -9.95252e+08 -7.38223e+08 -5.51197e+08 -5.69432e+08 -4.81952e+08 -3.75032e+08 -4.03956e+08 -3.09806e+08 -2.67219e+08 -2.61351e+08 -2.27106e+08 -3.23448e+08 -2.16367e+08 -2.75613e+08 -2.26005e+08 -2.97062e+08 -2.26821e+08 -3.16095e+08 -2.82972e+08 -3.09475e+08 -2.9639e+08 -2.27744e+08 -2.12061e+08 -2.31178e+08 -2.86428e+08 -2.17733e+08 -2.71554e+08 -2.95349e+08 -2.49541e+08 -3.74753e+08 -2.09031e+08 -2.52428e+08 -2.68872e+08 -2.74624e+08 -2.58623e+08 -2.75033e+08 -3.04027e+08 -2.78492e+08 -2.79512e+08 -2.9145e+08 -3.17239e+08 -3.61314e+08 -3.20547e+08 -3.04535e+08 -3.0201e+08 -3.46903e+08 -3.6314e+08 -2.9292e+08 -2.8642e+08 -3.31318e+08 -7.5167e+07 
-1.78051e+09 -3.81974e+09 -7.25529e+09 -7.59874e+09 -1.06722e+10 -8.57764e+09 -1.16616e+10 -9.84565e+09 -1.47465e+10 -1.17801e+10 -1.65862e+10 -1.48229e+10 -1.67266e+10 -2.12494e+10 -1.70668e+10 -2.29684e+10 -2.35765e+10 -2.43893e+10 -2.85773e+10 -2.58393e+10 -3.00089e+10 -2.58006e+10 -2.90127e+10 -3.27782e+10 -3.11956e+10 -3.33154e+10 -3.35324e+10 -3.27368e+10 -3.1681e+10 -3.10223e+10 -3.0511e+10 -2.92701e+10 -2.84208e+10 -2.53804e+10 -2.40676e+10 -2.18319e+10 -1.86506e+10 -1.74569e+10 -1.50643e+10 -1.2853e+10 -1.10649e+10 -8.3888e+09 -7.2788e+09 -5.43697e+09 -4.44952e+09 -3.39473e+09 -2.43703e+09 -1.831e+09 -1.37977e+09 -8.51024e+08 -6.83364e+08 -6.89731e+08 -4.48765e+08 -4.50361e+08 -5.23348e+08 -3.23482e+08 -3.4445e+08 -3.79013e+08 -2.807e+08 -2.40322e+08 -2.58828e+08 -2.23535e+08 -3.0388e+08 -2.221e+08 -2.49706e+08 -2.3003e+08 -2.28965e+08 -2.56184e+08 -3.16014e+08 -2.50745e+08 -3.21891e+08 -2.65261e+08 -2.70661e+08 -2.14916e+08 -2.25544e+08 -3.09012e+08 -2.38417e+08 -2.11456e+08 -2.9713e+08 -2.32949e+08 -3.03719e+08 -3.20681e+08 -2.13229e+08 -2.44409e+08 -3.10014e+08 -2.30885e+08 -2.60296e+08 -3.08445e+08 -2.69466e+08 -2.74923e+08 -3.10071e+08 -3.42415e+08 -3.2003e+08 -2.95289e+08 -3.13804e+08 -3.39452e+08 -3.0725e+08 -3.3243e+08 -3.76535e+08 -1.81507e+08 
-1.25729e+09 -4.42485e+09 -7.38812e+09 -7.93094e+09 -9.14123e+09 -9.64671e+09 -1.07183e+10 -1.17891e+10 -1.30858e+10 -1.36766e+10 -1.32686e+10 -1.87839e+10 -1.50883e+10 -1.87873e+10 -2.20377e+10 -1.89392e+10 -2.63508e+10 -2.37388e+10 -2.74789e+10 -2.78927e+10 -2.74969e+10 -2.89281e+10 -2.59793e+10 -3.2592e+10 -3.1714e+10 -3.14677e+10 -3.58669e+10 -3.33929e+10 -3.05721e+10 -3.11816e+10 -3.14697e+10 -2.86022e+10 -2.77542e+10 -2.5199e+10 -2.48711e+10 -2.18303e+10 -1.89101e+10 -1.66443e+10 -1.50409e+10 -1.31206e+10 -1.0895e+10 -8.92255e+09 -6.72757e+09 -5.67992e+09 -4.19681e+09 -3.29569e+09 -2.74827e+09 -1.88204e+09 -1.51062e+09 -1.00882e+09 -6.54059e+08 -5.03808e+08 -5.68327e+08 -4.70647e+08 -3.83803e+08 -3.92184e+08 -4.44898e+08 -2.81958e+08 -3.13013e+08 -3.68743e+08 -2.58053e+08 -2.5004e+08 -2.4813e+08 -2.50371e+08 -2.49071e+08 -2.62317e+08 -2.15233e+08 -2.49994e+08 -1.7131e+08 -2.80363e+08 -2.85612e+08 -2.96964e+08 -2.12497e+08 -3.21491e+08 -2.75697e+08 -2.35191e+08 -2.49291e+08 -2.71369e+08 -2.538e+08 -2.35221e+08 -2.14593e+08 -2.90965e+08 -2.21046e+08 -3.41013e+08 -2.64554e+08 -2.45569e+08 -2.24832e+08 -2.89445e+08 -2.27799e+08 -2.89126e+08 -3.29067e+08 -2.85099e+08 -2.69103e+08 -3.27135e+08 -2.86507e+08 -3.66984e+08 -2.7799e+08 -3.09883e+08 -3.53696e+08 -1.58895e+08 
-1.90999e+09 -5.04603e+09 -5.92753e+09 -9.00118e+09 -7.92652e+09 -1.06066e+10 -1.10141e+10 -1.23531e+10 -1.08238e+10 -1.59208e+10 -1.34546e+10 -1.5517e+10 -1.93839e+10 -1.57898e+10 -2.28231e+10 -2.13712e+10 -2.28241e+10 -2.68936e+10 -2.55028e+10 -2.91031e+10 -2.61175e+10 -2.77977e+10 -2.8969e+10 -2.87461e+10 -3.46024e+10 -3.20622e+10 -3.32028e+10 -3.43203e+10 -3.07098e+10 -3.25554e+10 -3.1513e+10 -2.79536e+10 -2.70886e+10 -2.64406e+10 -2.43374e+10 -2.08083e+10 -2.052e+10 -1.64499e+10 -1.42552e+10 -1.3329e+10 -1.04589e+10 -9.39106e+09 -6.82723e+09 -5.48058e+09 -4.44602e+09 -2.985e+09 -2.5828e+09 -1.98351e+09 -1.71582e+09 -1.14233e+09 -7.88201e+08 -5.64893e+08 -4.34244e+08 -3.53416e+08 -5.39495e+08 -3.54982e+08 -3.47283e+08 -3.57842e+08 -3.93458e+08 -2.62621e+08 -3.05703e+08 -3.25877e+08 -2.74908e+08 -2.52487e+08 -2.50925e+08 -2.7447e+08 -2.28836e+08 -2.67339e+08 -2.10174e+08 -2.39736e+08 -1.87249e+08 -2.11288e+08 -2.89872e+08 -3.29668e+08 -2.35484e+08 -2.48712e+08 -3.02294e+08 -2.47701e+08 -2.13206e+08 -2.86289e+08 -3.0408e+08 -2.12198e+08 -1.95946e+08 -2.82607e+08 -2.43199e+08 -2.64832e+08 -3.20363e+08 -2.2991e+08 -2.41063e+08 -2.4114e+08 -2.80475e+08 -2.72223e+08 -3.08231e+08 -2.96349e+08 -2.50918e+08 -3.19476e+08 -3.57439e+08 -2.61321e+08 -3.1109e+08 -1.27516e+08 
-1.83972e+09 -4.04705e+09 -7.04693e+09 -7.22642e+09 -1.00029e+10 -1.0172e+10 -1.04347e+10 -1.2128e+10 -1.29028e+10 -1.29717e+10 -1.67491e+10 -1.27073e+10 -1.91057e+10 -1.9468e+10 -1.9013e+10 -2.35903e+10 -2.21758e+10 -2.66189e+10 -2.75866e+10 -2.51937e+10 -2.92867e+10 -2.58795e+10 -2.84772e+10 -2.94143e+10 -3.40187e+10 -3.43472e+10 -3.05363e+10 -3.33855e+10 -3.30462e+10 -3.15729e+10 -3.18357e+10 -2.87381e+10 -2.70378e+10 -2.5843e+10 -2.44098e+10 -2.1091e+10 -1.90859e+10 -1.84361e+10 -1.37045e+10 -1.28459e+10 -1.04974e+10 -9.06549e+09 -7.50285e+09 -5.19057e+09 -4.55279e+09 -3.18427e+09 -2.19883e+09 -2.02619e+09 -1.53588e+09 -1.40053e+09 -9.00278e+08 -6.33365e+08 -5.82631e+08 -3.61141e+08 -3.53314e+08 -3.21254e+08 -4.57211e+08 -3.225e+08 -3.36965e+08 -2.9815e+08 -3.8316e+08 -2.53795e+08 -3.04528e+08 -2.83025e+08 -3.07676e+08 -2.32116e+08 -2.68224e+08 -2.82702e+08 -2.50586e+08 -2.5854e+08 -2.14723e+08 -2.11334e+08 -2.28187e+08 -1.71599e+08 -2.85572e+08 -3.15221e+08 -2.86314e+08 -1.82404e+08 -2.70887e+08 -2.92482e+08 -2.04122e+08 -2.80036e+08 -3.12082e+08 -2.39913e+08 -2.29923e+08 -2.03279e+08 -2.76015e+08 -2.19068e+08 -3.0715e+08 -2.69348e+08 -2.62547e+08 -2.48662e+08 -2.40145e+08 -2.57512e+08 -2.73911e+08 -3.62121e+08 -2.59204e+08 -2.72191e+08 -3.12722e+08 -1.96528e+08 
-1.25089e+09 -4.33437e+09 -6.84022e+09 -8.48319e+09 -9.26288e+09 -9.6969e+09 -1.0924e+10 -1.16827e+10 -1.42709e+10 -1.20261e+10 -1.49314e+10 -1.74149e+10 -1.44994e+10 -2.1472e+10 -1.95275e+10 -2.16267e+10 -2.5564e+10 -2.28575e+10 -2.90918e+10 -2.65995e+10 -2.69784e+10 -2.81691e+10 -2.55819e+10 -3.07448e+10 -3.24142e+10 -3.45852e+10 -3.2589e+10 -3.30805e+10 -3.11436e+10 -3.16364e+10 -3.25738e+10 -3.05371e+10 -2.63284e+10 -2.55978e+10 -2.41555e+10 -2.18349e+10 -1.83747e+10 -1.82652e+10 -1.4661e+10 -1.2163e+10 -1.103e+10 -8.78143e+09 -7.04651e+09 -5.40123e+09 -4.62854e+09 -3.44345e+09 -2.32665e+09 -1.75859e+09 -1.51382e+09 -1.19543e+09 -1.0328e+09 -7.97993e+08 -5.01398e+08 -5.9713e+08 -3.90335e+08 -3.30143e+08 -2.93947e+08 -3.04726e+08 -3.86913e+08 -3.0188e+08 -3.51452e+08 -2.53665e+08 -3.79899e+08 -2.56726e+08 -2.89448e+08 -2.58104e+08 -3.1902e+08 -2.36951e+08 -2.48661e+08 -2.94992e+08 -3.05935e+08 -2.42359e+08 -2.26585e+08 -2.1865e+08 -2.29816e+08 -1.81577e+08 -2.25012e+08 -2.97003e+08 -2.99338e+08 -2.3032e+08 -1.98417e+08 -2.78193e+08 -2.69411e+08 -1.88975e+08 -3.6477e+08 -2.96123e+08 -2.12394e+08 -2.03535e+08 -2.41743e+08 -2.41593e+08 -2.58938e+08 -3.04469e+08 -2.50734e+08 -2.68727e+08 -2.19785e+08 -2.4311e+08 -2.82548e+08 -3.0668e+08 -3.42448e+08 -8.75458e+07 
-1.72326e+09 -4.49332e+09 -7.18276e+09 -8.02244e+09 -8.7679e+09 -9.82735e+09 -1.18011e+10 -1.14473e+10 -1.21052e+10 -1.54954e+10 -1.26758e+10 -1.77805e+10 -1.70729e+10 -1.69657e+10 -2.25324e+10 -2.0731e+10 -2.4735e+10 -2.52565e+10 -2.49984e+10 -3.03617e+10 -2.5026e+10 -2.88087e+10 -2.74195e+10 -2.83741e+10 -3.16489e+10 -3.22817e+10 -3.65836e+10 -3.4031e+10 -2.82957e+10 -3.16136e+10 -3.26229e+10 -2.99698e+10 -2.77421e+10 -2.61529e+10 -2.31081e+10 -2.21551e+10 -1.96823e+10 -1.63628e+10 -1.55699e+10 -1.23028e+10 -1.07998e+10 -9.11302e+09 -6.67022e+09 -5.40742e+09 -4.49305e+09 -3.48203e+09 -2.79182e+09 -1.7182e+09 -1.34231e+09 -1.13494e+09 -9.14356e+08 -7.59761e+08 -6.86416e+08 -5.38138e+08 -4.04566e+08 -5.35452e+08 -3.45756e+08 -3.16184e+08 -2.74276e+08 -2.91809e+08 -3.19278e+08 -3.03352e+08 -3.23381e+08 -2.90319e+08 -3.00955e+08 -3.25764e+08 -2.40549e+08 -3.03455e+08 -2.64031e+08 -2.67715e+08 -2.23964e+08 -2.88747e+08 -3.47331e+08 -2.69284e+08 -2.47235e+08 -2.02683e+08 -1.97603e+08 -2.29738e+08 -1.85551e+08 -2.83391e+08 -2.73177e+08 -2.67512e+08 -2.09476e+08 -2.18035e+08 -2.68841e+08 -2.557e+08 -2.7464e+08 -3.4811e+08 -2.48954e+08 -2.02619e+08 -2.31637e+08 -2.37906e+08 -2.2874e+08 -3.05329e+08 -2.56183e+08 -2.66046e+08 -2.74728e+08 -2.01886e+08 -2.31656e+08 -1.69682e+08 
-1.80163e+09 -4.93981e+09 -6.72732e+09 -7.20273e+09 -9.71355e+09 -1.04031e+10 -9.83541e+09 -1.32656e+10 -1.14667e+10 -1.44577e+10 -1.58266e+10 -1.41656e+10 -1.97859e+10 -1.6451e+10 -1.98193e+10 -2.3952e+10 -2.15429e+10 -2.77492e+10 -2.51399e+10 -2.62521e+10 -3.0575e+10 -2.60534e+10 -2.89377e+10 -2.68914e+10 -3.15999e+10 -3.39978e+10 -3.2831e+10 -3.61214e+10 -3.08175e+10 -2.93027e+10 -3.14367e+10 -3.04364e+10 -2.73957e+10 -2.65777e+10 -2.39113e+10 -2.16724e+10 -1.99819e+10 -1.71506e+10 -1.44173e+10 -1.3298e+10 -9.9124e+09 -9.29359e+09 -6.82851e+09 -5.69224e+09 -3.97071e+09 -3.63073e+09 -2.73405e+09 -2.09975e+09 -1.24213e+09 -1.14059e+09 -8.26965e+08 -7.0612e+08 -6.05955e+08 -5.1749e+08 -5.45792e+08 -4.20444e+08 -3.65244e+08 -4.80809e+08 -3.5616e+08 -3.19163e+08 -2.69321e+08 -2.87688e+08 -2.78707e+08 -3.17191e+08 -2.51784e+08 -3.60291e+08 -2.37254e+08 -3.41813e+08 -2.4565e+08 -3.23255e+08 -2.21118e+08 -3.05656e+08 -2.41116e+08 -2.48871e+08 -3.17884e+08 -3.39499e+08 -2.5063e+08 -2.04345e+08 -2.12073e+08 -2.18499e+08 -1.99153e+08 -2.52982e+08 -2.65308e+08 -2.41782e+08 -2.61769e+08 -1.95546e+08 -2.60027e+08 -2.51532e+08 -2.44922e+08 -3.81122e+08 -2.53148e+08 -2.70584e+08 -1.80787e+08 -2.47046e+08 -2.22406e+08 -2.78704e+08 -2.86068e+08 -2.26482e+08 -2.74855e+08 -1.47553e+08 
-1.37913e+09 -4.34308e+09 -6.6213e+09 -8.64851e+09 -8.43876e+09 -1.04028e+10 -1.05539e+10 -1.15864e+10 -1.45153e+10 -1.19292e+10 -1.64271e+10 -1.55957e+10 -1.65506e+10 -2.07434e+10 -1.64546e+10 -2.30172e+10 -2.4973e+10 -2.30916e+10 -2.99174e+10 -2.54179e+10 -2.86407e+10 -2.72335e+10 -2.72211e+10 -2.97997e+10 -3.09797e+10 -3.36634e+10 -3.24502e+10 -3.359e+10 -3.49373e+10 -2.84659e+10 -2.94156e+10 -3.05918e+10 -2.83471e+10 -2.58313e+10 -2.42192e+10 -2.19992e+10 -2.02686e+10 -1.70262e+10 -1.51332e+10 -1.27073e+10 -1.02303e+10 -8.5814e+09 -7.02575e+09 -5.85363e+09 -4.32332e+09 -3.39272e+09 -2.68618e+09 -1.97872e+09 -1.64506e+09 -9.66473e+08 -8.9492e+08 -6.74537e+08 -5.48096e+08 -5.49439e+08 -3.88669e+08 -4.20981e+08 -4.47051e+08 -3.82365e+08 -3.34299e+08 -4.37672e+08 -3.78136e+08 -3.06715e+08 -3.15577e+08 -2.69851e+08 -2.98201e+08 -2.53498e+08 -2.64799e+08 -3.2365e+08 -2.97692e+08 -2.5665e+08 -3.1867e+08 -2.79421e+08 -3.06683e+08 -2.3553e+08 -2.71886e+08 -2.14805e+08 -2.9291e+08 -3.60597e+08 -2.71364e+08 -2.51584e+08 -2.00652e+08 -1.99327e+08 -2.38495e+08 -2.21053e+08 -2.87067e+08 -2.08843e+08 -2.58139e+08 -2.49829e+08 -2.07306e+08 -2.41335e+08 -2.71241e+08 -3.02657e+08 -3.43302e+08 -2.738e+08 -2.12255e+08 -2.41507e+08 -1.88599e+08 -2.43128e+08 -3.02789e+08 -1.38925e+08 
-1.56577e+09 -4.54572e+09 -7.08315e+09 -7.36678e+09 -9.58358e+09 -8.68352e+09 -1.29485e+10 -1.02109e+10 -1.40763e+10 -1.41707e+10 -1.30693e+10 -1.85379e+10 -1.49808e+10 -1.93256e+10 -2.0655e+10 -1.84118e+10 -2.54973e+10 -2.55608e+10 -2.65617e+10 -2.95789e+10 -2.44774e+10 -2.92903e+10 -2.78932e+10 -2.85314e+10 -3.20987e+10 -3.17085e+10 -3.48278e+10 -3.28615e+10 -3.17877e+10 -3.20034e+10 -2.98576e+10 -2.84604e+10 -2.91507e+10 -2.56261e+10 -2.38775e+10 -2.26561e+10 -2.00504e+10 -1.73302e+10 -1.51476e+10 -1.25323e+10 -1.0862e+10 -8.37274e+09 -6.35988e+09 -5.85585e+09 -4.85057e+09 -3.49344e+09 -2.62585e+09 -1.88123e+09 -1.49615e+09 -1.23588e+09 -8.20573e+08 -7.02491e+08 -6.12167e+08 -4.33826e+08 -5.06842e+08 -3.73898e+08 -3.14875e+08 -3.72352e+08 -3.65451e+08 -3.56019e+08 -3.38993e+08 -3.79292e+08 -3.80931e+08 -3.27262e+08 -3.49554e+08 -2.58003e+08 -3.29146e+08 -2.25737e+08 -2.89617e+08 -2.42769e+08 -3.49139e+08 -2.69113e+08 -2.97922e+08 -2.60323e+08 -3.58882e+08 -1.97384e+08 -2.74549e+08 -2.40512e+08 -2.65157e+08 -2.99299e+08 -3.47661e+08 -2.60288e+08 -2.27347e+08 -2.1073e+08 -2.19121e+08 -2.32901e+08 -2.84398e+08 -2.35793e+08 -2.06777e+08 -2.65445e+08 -2.24794e+08 -2.4379e+08 -2.13835e+08 -3.25237e+08 -3.74708e+08 -2.29226e+08 -3.09806e+08 -1.63919e+08 -2.48524e+08 -4.02583e+07 
-1.76483e+09 -4.24717e+09 -7.05434e+09 -7.2293e+09 -9.57699e+09 -9.92941e+09 -1.05368e+10 -1.36028e+10 -1.05409e+10 -1.58984e+10 -1.34208e+10 -1.59509e+10 -1.88943e+10 -1.59824e+10 -2.13308e+10 -2.13484e+10 -2.01797e+10 -2.94048e+10 -2.4114e+10 -2.82075e+10 -2.88589e+10 -2.66332e+10 -2.96506e+10 -2.76802e+10 -3.14407e+10 -3.29836e+10 -3.409e+10 -3.35594e+10 -3.03623e+10 -3.02178e+10 -3.30876e+10 -2.89653e+10 -2.71445e+10 -2.61584e+10 -2.38293e+10 -2.30375e+10 -2.02695e+10 -1.68409e+10 -1.51513e+10 -1.27347e+10 -1.116e+10 -8.17657e+09 -6.74545e+09 -5.30564e+09 -4.85596e+09 -3.62788e+09 -2.77214e+09 -2.0483e+09 -1.22543e+09 -1.22451e+09 -9.02582e+08 -7.38133e+08 -5.67837e+08 -5.56852e+08 -4.42379e+08 -3.58256e+08 -4.49985e+08 -2.94745e+08 -2.9546e+08 -3.36554e+08 -3.07783e+08 -3.37397e+08 -3.13276e+08 -3.549e+08 -3.77221e+08 -3.12538e+08 -3.4506e+08 -3.48551e+08 -2.89316e+08 -2.98056e+08 -2.35682e+08 -2.69022e+08 -3.08245e+08 -3.01202e+08 -2.52226e+08 -2.94906e+08 -2.85056e+08 -3.31351e+08 -1.9294e+08 -2.56953e+08 -2.57287e+08 -2.99797e+08 -3.25537e+08 -2.69828e+08 -2.82855e+08 -2.03049e+08 -2.20086e+08 -2.61604e+08 -2.92622e+08 -2.62746e+08 -1.72447e+08 -2.16912e+08 -2.82926e+08 -2.28214e+08 -2.44745e+08 -2.55215e+08 -3.31121e+08 -3.24047e+08 -2.71645e+08 -1.56659e+08 
-1.53161e+09 -5.14589e+09 -5.62802e+09 -9.77019e+09 -7.13031e+09 -1.19327e+10 -9.38615e+09 -1.31926e+10 -1.23701e+10 -1.24218e+10 -1.72096e+10 -1.34108e+10 -1.86919e+10 -1.89044e+10 -1.71994e+10 -2.38783e+10 -2.1729e+10 -2.28206e+10 -2.94612e+10 -2.58633e+10 -2.88683e+10 -2.80175e+10 -2.76692e+10 -3.05561e+10 -3.098e+10 -3.38594e+10 -3.26028e+10 -3.26103e+10 -3.18658e+10 -2.99147e+10 -3.16549e+10 -3.00454e+10 -2.68853e+10 -2.62945e+10 -2.45496e+10 -2.21826e+10 -2.0497e+10 -1.72245e+10 -1.4759e+10 -1.23732e+10 -1.12203e+10 -8.46321e+09 -7.43948e+09 -4.99852e+09 -4.51305e+09 -3.46713e+09 -3.01116e+09 -2.03706e+09 -1.55283e+09 -9.06856e+08 -9.60935e+08 -6.84735e+08 -6.59118e+08 -5.03631e+08 -4.46232e+08 -4.57082e+08 -3.99827e+08 -3.03632e+08 -4.18249e+08 -2.47772e+08 -3.05512e+08 -2.87946e+08 -2.9655e+08 -3.15115e+08 -2.60572e+08 -3.53712e+08 -3.58498e+08 -3.40125e+08 -2.84559e+08 -3.96835e+08 -3.21726e+08 -3.49772e+08 -2.291e+08 -2.77512e+08 -2.19112e+08 -3.60878e+08 -2.45137e+08 -2.96492e+08 -2.40894e+08 -3.72495e+08 -2.18265e+08 -2.32516e+08 -2.48215e+08 -3.16763e+08 -2.74272e+08 -3.33012e+08 -2.27322e+08 -2.98436e+08 -2.31688e+08 -2.42157e+08 -2.82577e+08 -2.86792e+08 -2.20423e+08 -1.79708e+08 -2.63023e+08 -2.28016e+08 -2.52293e+08 -2.13304e+08 -3.04833e+08 -1.70218e+08 
-2.1929e+09 -3.92008e+09 -7.25591e+09 -7.37223e+09 -1.01977e+10 -8.84054e+09 -1.24385e+10 -9.71089e+09 -1.51914e+10 -1.12434e+10 -1.57874e+10 -1.68321e+10 -1.51618e+10 -2.01014e+10 -1.97934e+10 -1.89023e+10 -2.56603e+10 -2.17735e+10 -2.59371e+10 -2.97981e+10 -2.53104e+10 -2.9942e+10 -2.81153e+10 -3.13046e+10 -3.2145e+10 -3.27121e+10 -3.27571e+10 -3.24042e+10 -3.16802e+10 -3.12804e+10 -2.9476e+10 -2.94407e+10 -2.87567e+10 -2.56929e+10 -2.51593e+10 -2.23227e+10 -1.97034e+10 -1.81611e+10 -1.43723e+10 -1.19711e+10 -1.10424e+10 -9.01942e+09 -7.5487e+09 -5.17794e+09 -4.3955e+09 -3.40175e+09 -2.68508e+09 -2.17984e+09 -1.60159e+09 -1.15153e+09 -7.68051e+08 -7.29182e+08 -6.13456e+08 -4.60727e+08 -5.27182e+08 -4.24463e+08 -3.72665e+08 -3.99829e+08 -3.71203e+08 -2.88878e+08 -3.82964e+08 -2.5165e+08 -2.81908e+08 -2.70341e+08 -3.03576e+08 -2.75148e+08 -2.76043e+08 -2.7621e+08 -3.65477e+08 -3.42788e+08 -3.06826e+08 -3.13617e+08 -4.19707e+08 -2.99771e+08 -3.30064e+08 -2.36819e+08 -2.80484e+08 -2.49539e+08 -3.41857e+08 -2.26818e+08 -3.05558e+08 -2.44068e+08 -3.77802e+08 -1.77437e+08 -2.45134e+08 -2.77022e+08 -3.24498e+08 -2.99672e+08 -2.92083e+08 -2.40575e+08 -2.95813e+08 -2.43769e+08 -2.90354e+08 -3.02855e+08 -2.56297e+08 -1.48165e+08 -2.03036e+08 -2.66527e+08 -2.42677e+08 -1.23306e+08 
-1.30089e+09 -4.24993e+09 -7.67919e+09 -7.44335e+09 -1.00754e+10 -8.66629e+09 -1.17731e+10 -1.13216e+10 -1.24414e+10 -1.53578e+10 -1.22558e+10 -1.70323e+10 -1.74369e+10 -1.66102e+10 -2.20648e+10 -1.94872e+10 -2.19682e+10 -2.64503e+10 -2.18001e+10 -2.80383e+10 -2.96574e+10 -2.81396e+10 -2.97701e+10 -2.93331e+10 -3.36095e+10 -3.33518e+10 -3.29799e+10 -3.37289e+10 -3.03255e+10 -2.94598e+10 -2.98422e+10 -2.98395e+10 -2.91854e+10 -2.62112e+10 -2.45022e+10 -2.26741e+10 -2.04687e+10 -1.67424e+10 -1.51913e+10 -1.20562e+10 -1.06909e+10 -9.20855e+09 -7.08034e+09 -5.67172e+09 -4.48659e+09 -3.45611e+09 -2.5108e+09 -1.97515e+09 -1.69562e+09 -1.14435e+09 -9.54365e+08 -6.5955e+08 -5.64944e+08 -5.41198e+08 -4.1492e+08 -4.12766e+08 -4.3044e+08 -3.9442e+08 -3.25672e+08 -3.55264e+08 -3.38488e+08 -3.2737e+08 -3.15233e+08 -2.97802e+08 -2.17178e+08 -3.05139e+08 -2.8839e+08 -2.6887e+08 -2.86295e+08 -2.38612e+08 -3.31258e+08 -3.47759e+08 -3.20268e+08 -2.67099e+08 -3.40859e+08 -4.20397e+08 -3.25692e+08 -2.77471e+08 -3.0687e+08 -2.21727e+08 -3.20109e+08 -2.67559e+08 -2.9435e+08 -2.31153e+08 -3.16211e+08 -2.97242e+08 -2.11074e+08 -2.43829e+08 -3.71826e+08 -2.77343e+08 -3.07387e+08 -2.47682e+08 -2.90496e+08 -2.70588e+08 -2.83415e+08 -2.97551e+08 -2.73885e+08 -1.98262e+08 -1.69418e+08 -6.42963e+07 
-2.01112e+09 -5.54723e+09 -5.78679e+09 -9.81032e+09 -7.30555e+09 -1.19373e+10 -8.36161e+09 -1.38702e+10 -1.11316e+10 -1.47775e+10 -1.48222e+10 -1.39224e+10 -1.8778e+10 -1.73583e+10 -1.83244e+10 -2.39546e+10 -2.0409e+10 -2.208e+10 -2.79264e+10 -2.47054e+10 -3.04261e+10 -2.8515e+10 -2.84879e+10 -3.01252e+10 -3.28237e+10 -3.61024e+10 -3.49462e+10 -3.20832e+10 -2.93871e+10 -2.84645e+10 -2.99276e+10 -3.00884e+10 -2.92182e+10 -2.75239e+10 -2.42962e+10 -2.22082e+10 -2.00986e+10 -1.75573e+10 -1.49895e+10 -1.24925e+10 -1.03809e+10 -9.03766e+09 -7.04467e+09 -5.55985e+09 -4.55279e+09 -3.76511e+09 -2.52456e+09 -1.83011e+09 -1.62244e+09 -1.13722e+09 -8.59932e+08 -8.11248e+08 -6.0797e+08 -4.91968e+08 -4.41895e+08 -4.13635e+08 -3.68026e+08 -3.69206e+08 -3.53053e+08 -4.04047e+08 -3.02215e+08 -2.99915e+08 -3.24165e+08 -3.48302e+08 -2.5489e+08 -3.54574e+08 -2.16424e+08 -2.71761e+08 -2.8309e+08 -3.00025e+08 -2.69035e+08 -2.73636e+08 -2.2695e+08 -3.32073e+08 -3.25391e+08 -3.09143e+08 -2.66172e+08 -4.02455e+08 -3.54939e+08 -3.49271e+08 -2.76776e+08 -3.32293e+08 -2.19543e+08 -3.33234e+08 -2.14269e+08 -3.38034e+08 -2.13042e+08 -3.46659e+08 -2.59041e+08 -2.57174e+08 -2.9345e+08 -3.53671e+08 -2.58847e+08 -2.6699e+08 -2.33673e+08 -3.09314e+08 -2.88917e+08 -3.0593e+08 -2.9649e+08 -1.03e+08 
-2.05854e+09 -3.92556e+09 -7.5462e+09 -7.59783e+09 -9.47626e+09 -9.65462e+09 -1.10988e+10 -1.09524e+10 -1.41401e+10 -1.20112e+10 -1.59649e+10 -1.49784e+10 -1.54576e+10 -1.96298e+10 -1.87549e+10 -1.96878e+10 -2.4663e+10 -2.06992e+10 -2.79015e+10 -2.74257e+10 -2.65487e+10 -2.94062e+10 -2.84372e+10 -3.03808e+10 -3.32359e+10 -3.71242e+10 -3.50719e+10 -3.11173e+10 -3.00445e+10 -2.85756e+10 -2.8812e+10 -3.03402e+10 -2.9193e+10 -2.71021e+10 -2.62746e+10 -2.16433e+10 -1.95109e+10 -1.78865e+10 -1.53864e+10 -1.26638e+10 -1.00715e+10 -8.45682e+09 -7.62051e+09 -5.4135e+09 -4.22404e+09 -3.79979e+09 -2.93221e+09 -1.80517e+09 -1.48142e+09 -1.17424e+09 -8.06664e+08 -6.73852e+08 -6.362e+08 -6.45005e+08 -4.07304e+08 -4.27162e+08 -3.69183e+08 -3.51847e+08 -3.62389e+08 -3.30179e+08 -2.90342e+08 -3.90599e+08 -3.17752e+08 -2.85264e+08 -2.85389e+08 -3.2958e+08 -3.12957e+08 -2.81997e+08 -2.97348e+08 -2.08179e+08 -3.24657e+08 -2.62025e+08 -2.73741e+08 -2.86239e+08 -2.28701e+08 -2.88221e+08 -3.06745e+08 -2.78923e+08 -3.06629e+08 -3.12055e+08 -4.2561e+08 -3.07845e+08 -3.37282e+08 -3.36827e+08 -2.9182e+08 -2.57165e+08 -3.14274e+08 -2.56452e+08 -2.91495e+08 -2.62325e+08 -3.43233e+08 -2.80768e+08 -2.4412e+08 -3.15984e+08 -2.74815e+08 -2.7601e+08 -2.34363e+08 -2.79014e+08 -3.12217e+08 -1.48014e+08 
-1.1737e+09 -4.52976e+09 -7.21718e+09 -7.79368e+09 -9.84462e+09 -8.90907e+09 -1.19393e+10 -1.02124e+10 -1.38549e+10 -1.34381e+10 -1.38567e+10 -1.60107e+10 -1.62146e+10 -1.67321e+10 -2.13712e+10 -1.77786e+10 -2.31304e+10 -2.66599e+10 -2.32482e+10 -2.79648e+10 -2.79791e+10 -2.8381e+10 -2.92002e+10 -3.00856e+10 -3.39923e+10 -3.56749e+10 -3.49424e+10 -3.23812e+10 -2.96743e+10 -2.85471e+10 -2.93162e+10 -2.98313e+10 -2.94295e+10 -2.6372e+10 -2.60964e+10 -2.30842e+10 -2.01701e+10 -1.70487e+10 -1.50675e+10 -1.28909e+10 -1.07581e+10 -7.9127e+09 -7.39215e+09 -5.55138e+09 -4.27492e+09 -3.47158e+09 -3.0446e+09 -2.10674e+09 -1.33916e+09 -1.16442e+09 -8.21261e+08 -6.69338e+08 -5.33569e+08 -5.40422e+08 -5.27041e+08 -4.86041e+08 -3.77331e+08 -3.71873e+08 -3.45984e+08 -2.99114e+08 -3.66378e+08 -3.06832e+08 -2.81805e+08 -3.09017e+08 -3.69875e+08 -2.81004e+08 -2.69566e+08 -2.84809e+08 -3.43024e+08 -2.73293e+08 -3.18166e+08 -2.25491e+08 -2.39864e+08 -3.11259e+08 -2.76419e+08 -2.56705e+08 -3.06412e+08 -2.04963e+08 -3.14526e+08 -2.77015e+08 -2.7395e+08 -3.04001e+08 -3.51372e+08 -4.2055e+08 -2.76113e+08 -3.33062e+08 -3.84465e+08 -2.79123e+08 -2.88742e+08 -2.91024e+08 -3.52349e+08 -2.353e+08 -2.6964e+08 -2.60654e+08 -3.27758e+08 -2.68789e+08 -3.0304e+08 -2.45954e+08 -2.76967e+08 -1.11084e+08 
-1.76667e+09 -4.84831e+09 -6.67245e+09 -8.32254e+09 -9.03602e+09 -1.03163e+10 -9.97427e+09 -1.27421e+10 -1.11416e+10 -1.42773e+10 -1.423e+10 -1.49481e+10 -1.77133e+10 -1.58746e+10 -1.8358e+10 -2.38099e+10 -1.97549e+10 -2.50143e+10 -2.56267e+10 -2.62026e+10 -3.0463e+10 -2.84075e+10 -2.91907e+10 -3.06731e+10 -3.19814e+10 -3.51976e+10 -3.48581e+10 -3.25514e+10 -3.03984e+10 -2.88585e+10 -2.98488e+10 -2.98335e+10 -2.92559e+10 -2.69357e+10 -2.47959e+10 -2.3385e+10 -2.14249e+10 -1.65196e+10 -1.52124e+10 -1.27177e+10 -1.06893e+10 -8.15045e+09 -7.11449e+09 -5.3795e+09 -4.46813e+09 -3.51455e+09 -2.78073e+09 -2.134e+09 -1.61518e+09 -9.44154e+08 -9.16632e+08 -6.31892e+08 -5.56778e+08 -5.27454e+08 -4.27959e+08 -4.27812e+08 -4.60093e+08 -4.15478e+08 -3.7351e+08 -3.29202e+08 -3.59668e+08 -2.58321e+08 -3.34901e+08 -3.3564e+08 -2.97458e+08 -2.30837e+08 -3.38077e+08 -3.26222e+08 -2.86742e+08 -2.58993e+08 -3.07251e+08 -3.10168e+08 -2.56743e+08 -2.93623e+08 -2.17145e+08 -3.1126e+08 -2.572e+08 -2.78968e+08 -2.80457e+08 -2.71033e+08 -2.59608e+08 -2.75123e+08 -2.54183e+08 -3.01503e+08 -3.11544e+08 -3.80501e+08 -3.6981e+08 -2.87824e+08 -3.5818e+08 -4.04896e+08 -3.16161e+08 -3.04548e+08 -2.62267e+08 -2.90147e+08 -2.37121e+08 -2.68401e+08 -3.03678e+08 -3.35367e+08 -2.63779e+08 -1.30875e+08 
-1.45441e+09 -4.57591e+09 -7.03314e+09 -8.13388e+09 -9.00518e+09 -9.8945e+09 -1.08886e+10 -1.13201e+10 -1.24404e+10 -1.2532e+10 -1.51096e+10 -1.54688e+10 -1.54795e+10 -1.91597e+10 -1.68549e+10 -2.2428e+10 -2.22886e+10 -2.15086e+10 -2.74853e+10 -2.7826e+10 -2.86555e+10 -3.08846e+10 -2.88758e+10 -2.93573e+10 -3.12979e+10 -3.47906e+10 -3.44334e+10 -3.16095e+10 -3.19283e+10 -2.9689e+10 -2.966e+10 -3.09969e+10 -2.80579e+10 -2.77721e+10 -2.53532e+10 -2.24571e+10 -2.06421e+10 -1.77731e+10 -1.53728e+10 -1.27638e+10 -1.00985e+10 -8.57437e+09 -6.79186e+09 -5.40633e+09 -4.41446e+09 -3.63944e+09 -2.7861e+09 -1.91004e+09 -1.64434e+09 -1.07346e+09 -7.85623e+08 -7.29271e+08 -5.62271e+08 -4.30322e+08 -5.06527e+08 -4.21973e+08 -3.84766e+08 -3.68015e+08 -4.04569e+08 -3.59302e+08 -3.66094e+08 -3.51073e+08 -3.31864e+08 -2.62835e+08 -2.99209e+08 -3.39971e+08 -3.08346e+08 -2.44909e+08 -2.94633e+08 -3.18334e+08 -2.85316e+08 -2.81648e+08 -2.46583e+08 -3.2184e+08 -2.79612e+08 -2.70245e+08 -2.54629e+08 -2.47097e+08 -3.27386e+08 -2.52903e+08 -2.5942e+08 -3.12361e+08 -2.42346e+08 -3.05197e+08 -2.26988e+08 -2.35593e+08 -3.55684e+08 -3.3792e+08 -3.68896e+08 -3.5984e+08 -3.04567e+08 -4.04169e+08 -3.39616e+08 -2.89697e+08 -3.30897e+08 -2.91784e+08 -2.49836e+08 -2.54154e+08 -2.20517e+08 -2.05805e+08 
-1.51414e+09 -4.94938e+09 -6.42903e+09 -8.45492e+09 -9.02256e+09 -9.38655e+09 -1.1331e+10 -1.03476e+10 -1.28547e+10 -1.29937e+10 -1.35499e+10 -1.67164e+10 -1.56309e+10 -1.84553e+10 -1.97896e+10 -1.75695e+10 -2.35591e+10 -2.44958e+10 -2.44135e+10 -3.00619e+10 -2.89883e+10 -2.98085e+10 -2.88663e+10 -2.89336e+10 -3.12892e+10 -3.37086e+10 -3.42285e+10 -3.33237e+10 -3.10882e+10 -3.04495e+10 -2.9767e+10 -2.98951e+10 -2.95732e+10 -2.82305e+10 -2.52725e+10 -2.22712e+10 -1.96961e+10 -1.84281e+10 -1.54854e+10 -1.29692e+10 -1.00177e+10 -8.57774e+09 -6.40685e+09 -5.68332e+09 -4.2374e+09 -3.65963e+09 -2.84036e+09 -1.91414e+09 -1.41147e+09 -1.25256e+09 -7.17254e+08 -6.92616e+08 -5.60412e+08 -5.37617e+08 -4.37583e+08 -3.36016e+08 -4.71513e+08 -3.88387e+08 -3.46458e+08 -3.49674e+08 -3.44745e+08 -3.37446e+08 -3.42941e+08 -3.84226e+08 -2.67302e+08 -3.32699e+08 -2.49747e+08 -3.38975e+08 -3.30142e+08 -2.94097e+08 -2.26197e+08 -2.80338e+08 -2.90409e+08 -2.90093e+08 -2.71866e+08 -2.70538e+08 -2.93463e+08 -2.6644e+08 -2.83968e+08 -2.30925e+08 -2.99986e+08 -2.91393e+08 -2.68331e+08 -2.51243e+08 -3.27798e+08 -2.5296e+08 -2.87944e+08 -2.36726e+08 -2.64904e+08 -3.79777e+08 -3.60757e+08 -3.58358e+08 -3.01769e+08 -2.79239e+08 -4.20548e+08 -3.29282e+08 -3.30561e+08 -3.16116e+08 -2.96158e+08 -9.05345e+07 
-1.73416e+09 -4.02261e+09 -7.46269e+09 -7.48067e+09 -9.402e+09 -9.25209e+09 -1.04555e+10 -1.19032e+10 -1.10397e+10 -1.42009e+10 -1.28203e+10 -1.60783e+10 -1.82968e+10 -1.61252e+10 -1.9656e+10 -2.01796e+10 -2.04153e+10 -2.70532e+10 -2.46572e+10 -2.89728e+10 -2.9494e+10 -2.87101e+10 -2.88129e+10 -2.95575e+10 -3.029e+10 -3.32326e+10 -3.44849e+10 -3.51927e+10 -3.08466e+10 -2.90138e+10 -2.99489e+10 -3.0782e+10 -3.01926e+10 -2.7952e+10 -2.44989e+10 -2.29727e+10 -2.01329e+10 -1.77236e+10 -1.58104e+10 -1.28668e+10 -1.01826e+10 -8.49184e+09 -6.83838e+09 -5.02233e+09 -4.47134e+09 -3.60962e+09 -2.78343e+09 -1.90427e+09 -1.50504e+09 -1.06251e+09 -8.87092e+08 -5.50908e+08 -5.99307e+08 -4.87034e+08 -4.33984e+08 -4.4762e+08 -3.94365e+08 -2.8315e+08 -4.47469e+08 -3.74898e+08 -3.02718e+08 -3.65035e+08 -2.99452e+08 -3.38636e+08 -2.72936e+08 -3.88198e+08 -3.07266e+08 -3.28515e+08 -2.83162e+08 -2.92832e+08 -3.16972e+08 -3.10134e+08 -2.56145e+08 -2.64697e+08 -2.56078e+08 -2.78177e+08 -2.93873e+08 -2.57997e+08 -2.84969e+08 -2.68024e+08 -2.61657e+08 -2.74733e+08 -2.51335e+08 -3.28778e+08 -2.51065e+08 -2.85859e+08 -2.87146e+08 -3.12113e+08 -3.19783e+08 -2.21578e+08 -2.6028e+08 -3.26516e+08 -3.38172e+08 -3.13859e+08 -3.59037e+08 -2.84779e+08 -3.21531e+08 -3.7258e+08 -3.40589e+08 -1.3273e+08 
-1.4392e+09 -5.35534e+09 -6.01526e+09 -8.82471e+09 -7.73608e+09 -1.01103e+10 -1.01453e+10 -1.17835e+10 -1.17129e+10 -1.25407e+10 -1.58294e+10 -1.40153e+10 -1.67405e+10 -1.89226e+10 -1.75737e+10 -2.2232e+10 -2.10954e+10 -2.50793e+10 -2.72804e+10 -2.68007e+10 -2.8425e+10 -2.96368e+10 -2.80751e+10 -2.96636e+10 -3.04855e+10 -3.35477e+10 -3.56927e+10 -3.28669e+10 -3.2075e+10 -2.95952e+10 -3.04334e+10 -2.99611e+10 -2.96538e+10 -2.7724e+10 -2.5265e+10 -2.31983e+10 -2.0485e+10 -1.75329e+10 -1.57415e+10 -1.26108e+10 -1.03949e+10 -8.37578e+09 -7.1706e+09 -4.97094e+09 -4.28438e+09 -3.51756e+09 -2.72441e+09 -1.98258e+09 -1.47156e+09 -1.14271e+09 -7.57851e+08 -6.73682e+08 -4.54465e+08 -5.18818e+08 -4.69914e+08 -3.6299e+08 -3.76498e+08 -3.95058e+08 -3.82236e+08 -2.60339e+08 -4.21955e+08 -3.50027e+08 -3.01809e+08 -3.55819e+08 -2.84092e+08 -3.20792e+08 -2.70911e+08 -3.31903e+08 -3.88724e+08 -2.57688e+08 -3.18848e+08 -2.78987e+08 -3.22982e+08 -2.86138e+08 -3.27168e+08 -2.42301e+08 -2.47726e+08 -2.49019e+08 -2.64211e+08 -3.14765e+08 -2.45991e+08 -2.88852e+08 -2.41933e+08 -2.67583e+08 -2.51163e+08 -3.14644e+08 -3.22405e+08 -2.70054e+08 -2.85472e+08 -3.19325e+08 -3.04952e+08 -3.01998e+08 -2.11623e+08 -2.48514e+08 -3.87539e+08 -2.83621e+08 -2.82539e+08 -3.88327e+08 -2.58004e+08 -2.01133e+08 
-2.30261e+09 -4.17897e+09 -6.67112e+09 -7.8426e+09 -8.3512e+09 -9.63682e+09 -1.07422e+10 -1.08284e+10 -1.30136e+10 -1.24741e+10 -1.44741e+10 -1.58249e+10 -1.40941e+10 -2.00053e+10 -1.92395e+10 -2.09348e+10 -2.4232e+10 -2.22411e+10 -2.73918e+10 -2.70038e+10 -2.77879e+10 -2.89101e+10 -2.87196e+10 -2.86743e+10 -3.23915e+10 -3.41719e+10 -3.45214e+10 -3.27319e+10 -3.11143e+10 -3.09384e+10 -3.07739e+10 -2.98139e+10 -2.86291e+10 -2.68279e+10 -2.67948e+10 -2.29108e+10 -2.10532e+10 -1.74895e+10 -1.5191e+10 -1.32945e+10 -1.03775e+10 -8.16195e+09 -6.89268e+09 -5.46829e+09 -4.20309e+09 -3.29836e+09 -2.85132e+09 -1.80431e+09 -1.45218e+09 -1.19674e+09 -8.18304e+08 -5.74764e+08 -5.50143e+08 -4.56691e+08 -3.47091e+08 -5.08087e+08 -3.49843e+08 -3.27377e+08 -3.22362e+08 -3.69207e+08 -3.52071e+08 -3.05283e+08 -3.39622e+08 -3.50029e+08 -3.24407e+08 -3.13138e+08 -3.27871e+08 -2.90547e+08 -3.10719e+08 -2.37117e+08 -3.67946e+08 -3.20286e+08 -3.02753e+08 -2.75169e+08 -3.25151e+08 -2.9105e+08 -2.97815e+08 -3.09159e+08 -2.48597e+08 -2.21154e+08 -2.65973e+08 -2.57719e+08 -2.95453e+08 -2.61678e+08 -2.72659e+08 -2.30102e+08 -3.05093e+08 -2.69888e+08 -3.55276e+08 -2.72475e+08 -3.04039e+08 -2.54107e+08 -3.59315e+08 -2.86626e+08 -2.51102e+08 -2.39594e+08 -3.08088e+08 -3.40869e+08 -2.69166e+08 -1.23799e+08 
-1.38467e+09 -4.03947e+09 -7.40681e+09 -6.68953e+09 -9.67111e+09 -8.51064e+09 -1.07556e+10 -1.19602e+10 -1.18239e+10 -1.40722e+10 -1.21384e+10 -1.65524e+10 -1.63744e+10 -1.66684e+10 -2.16731e+10 -2.07639e+10 -2.40519e+10 -2.31002e+10 -2.50556e+10 -2.81491e+10 -2.83242e+10 -2.71174e+10 -3.01368e+10 -2.86886e+10 -3.26131e+10 -3.51139e+10 -3.39531e+10 -3.2724e+10 -3.1099e+10 -2.93862e+10 -3.0097e+10 -3.07396e+10 -2.95713e+10 -2.6461e+10 -2.59077e+10 -2.36598e+10 -2.10787e+10 -1.75919e+10 -1.55822e+10 -1.27684e+10 -1.07062e+10 -8.27079e+09 -6.54839e+09 -5.51037e+09 -4.26907e+09 -3.33525e+09 -2.77467e+09 -1.86482e+09 -1.35812e+09 -1.03352e+09 -9.33516e+08 -6.60224e+08 -4.79902e+08 -4.1303e+08 -4.542e+08 -3.62513e+08 -3.28191e+08 -4.56631e+08 -2.88461e+08 -3.15814e+08 -2.78783e+08 -3.45175e+08 -3.24869e+08 -3.36664e+08 -2.92256e+08 -3.70544e+08 -3.05701e+08 -3.19709e+08 -3.47769e+08 -2.64329e+08 -3.02449e+08 -2.54188e+08 -2.81958e+08 -3.76707e+08 -2.4264e+08 -3.54488e+08 -2.66014e+08 -3.51673e+08 -2.62397e+08 -3.16948e+08 -2.76835e+08 -2.43202e+08 -2.15824e+08 -2.62712e+08 -2.75091e+08 -2.85646e+08 -2.91323e+08 -2.61669e+08 -2.48311e+08 -2.7422e+08 -3.0774e+08 -3.28445e+08 -2.87983e+08 -3.08413e+08 -2.68256e+08 -3.27797e+08 -2.91666e+08 -2.43054e+08 -2.6895e+08 -2.06446e+08 
-1.54827e+09 -4.91489e+09 -6.05008e+09 -8.63574e+09 -7.61213e+09 -1.05133e+10 -9.15909e+09 -1.28549e+10 -1.14143e+10 -1.32151e+10 -1.42408e+10 -1.43755e+10 -1.86248e+10 -1.64569e+10 -2.00309e+10 -2.24088e+10 -2.18548e+10 -2.54561e+10 -2.432e+10 -2.66363e+10 -2.9407e+10 -2.82375e+10 -2.87573e+10 -3.00474e+10 -3.21873e+10 -3.49139e+10 -3.5197e+10 -3.20373e+10 -2.99315e+10 -2.90755e+10 -2.99764e+10 -3.06113e+10 -2.96367e+10 -2.77254e+10 -2.55257e+10 -2.29264e+10 -2.17776e+10 -1.79786e+10 -1.578e+10 -1.22838e+10 -1.04243e+10 -8.84555e+09 -6.75842e+09 -5.31803e+09 -3.95543e+09 -3.43236e+09 -2.73739e+09 -2.0233e+09 -1.23181e+09 -1.11796e+09 -6.86148e+08 -7.25275e+08 -5.73126e+08 -4.4906e+08 -3.70989e+08 -3.63161e+08 -3.8613e+08 -3.33623e+08 -2.92617e+08 -4.27152e+08 -2.64384e+08 -2.87764e+08 -2.73931e+08 -3.20521e+08 -2.86482e+08 -3.49158e+08 -3.06003e+08 -3.61278e+08 -3.00836e+08 -3.11542e+08 -3.14605e+08 -3.23246e+08 -2.51278e+08 -3.07315e+08 -2.20802e+08 -3.25647e+08 -3.4072e+08 -2.6801e+08 -3.24871e+08 -3.1014e+08 -3.12445e+08 -2.52097e+08 -3.44733e+08 -2.5742e+08 -2.25083e+08 -2.33581e+08 -3.02026e+08 -2.8255e+08 -2.57946e+08 -2.81909e+08 -2.35992e+08 -2.6428e+08 -2.69827e+08 -3.78903e+08 -2.75463e+08 -2.96498e+08 -2.61387e+08 -3.25435e+08 -3.12242e+08 -1.94184e+08 
-1.56552e+09 -4.55899e+09 -6.45142e+09 -8.1501e+09 -8.02431e+09 -1.03222e+10 -9.73766e+09 -1.10038e+10 -1.31487e+10 -1.20555e+10 -1.60401e+10 -1.44792e+10 -1.64664e+10 -1.94851e+10 -1.71068e+10 -2.2501e+10 -2.278e+10 -2.46472e+10 -2.67531e+10 -2.53127e+10 -2.87932e+10 -3.07481e+10 -2.78703e+10 -2.95576e+10 -3.2935e+10 -3.45212e+10 -3.46994e+10 -3.2147e+10 -3.03984e+10 -2.91053e+10 -2.925e+10 -2.96033e+10 -2.98719e+10 -2.8131e+10 -2.61074e+10 -2.29958e+10 -2.12597e+10 -1.85825e+10 -1.58787e+10 -1.20755e+10 -1.06386e+10 -8.63341e+09 -7.13481e+09 -5.37731e+09 -3.77416e+09 -3.35321e+09 -2.61358e+09 -2.07057e+09 -1.38223e+09 -1.03618e+09 -7.40791e+08 -5.36733e+08 -6.00057e+08 -4.62875e+08 -4.23883e+08 -4.197e+08 -3.08143e+08 -3.14077e+08 -3.47496e+08 -3.39131e+08 -2.57132e+08 -3.90941e+08 -2.66068e+08 -2.52265e+08 -3.07563e+08 -2.59357e+08 -3.2013e+08 -2.96819e+08 -3.50165e+08 -3.03046e+08 -3.39317e+08 -2.86832e+08 -3.03325e+08 -3.32548e+08 -2.67501e+08 -2.84111e+08 -2.86038e+08 -2.356e+08 -3.39729e+08 -2.58398e+08 -3.57824e+08 -2.85332e+08 -3.42265e+08 -2.61861e+08 -2.74384e+08 -3.53589e+08 -2.84289e+08 -2.03006e+08 -2.59479e+08 -2.53889e+08 -2.83555e+08 -2.4832e+08 -2.92639e+08 -2.31212e+08 -2.94429e+08 -2.64313e+08 -3.55617e+08 -2.59508e+08 -3.40569e+08 -1.05584e+08 
-1.6371e+09 -3.91268e+09 -7.00785e+09 -7.06739e+09 -1.00974e+10 -8.17189e+09 -1.11367e+10 -9.56683e+09 -1.38742e+10 -1.33531e+10 -1.42726e+10 -1.71367e+10 -1.44496e+10 -1.86292e+10 -1.89325e+10 -1.99792e+10 -2.45682e+10 -2.37431e+10 -2.68885e+10 -2.87172e+10 -2.75758e+10 -2.96004e+10 -2.9593e+10 -2.90594e+10 -3.18538e+10 -3.44091e+10 -3.4605e+10 -3.23444e+10 -3.13403e+10 -2.86253e+10 -2.83334e+10 -2.90915e+10 -3.02811e+10 -2.79775e+10 -2.65404e+10 -2.34136e+10 -2.13362e+10 -1.79135e+10 -1.62522e+10 -1.23007e+10 -1.08024e+10 -8.44104e+09 -7.04988e+09 -5.47717e+09 -3.99636e+09 -3.21136e+09 -2.54764e+09 -2.00095e+09 -1.3658e+09 -1.04681e+09 -8.77367e+08 -5.48491e+08 -4.15643e+08 -5.28373e+08 -3.97205e+08 -3.6121e+08 -3.71468e+08 -4.09781e+08 -2.81835e+08 -2.79606e+08 -3.22576e+08 -3.32583e+08 -2.64693e+08 -3.26154e+08 -2.86497e+08 -2.33439e+08 -3.0085e+08 -2.78439e+08 -3.12133e+08 -2.55745e+08 -3.36316e+08 -3.22166e+08 -3.26012e+08 -2.82605e+08 -3.15681e+08 -2.93848e+08 -3.27886e+08 -2.40306e+08 -3.03306e+08 -2.54252e+08 -2.79247e+08 -3.08189e+08 -2.59223e+08 -3.74026e+08 -3.10962e+08 -3.31941e+08 -2.66954e+08 -3.11922e+08 -2.81807e+08 -2.58313e+08 -2.17261e+08 -2.758e+08 -2.68277e+08 -2.62071e+08 -2.67462e+08 -2.55814e+08 -2.52497e+08 -2.75993e+08 -3.27558e+08 -1.74756e+08 
-1.40791e+09 -4.22823e+09 -6.95341e+09 -7.86688e+09 -8.37691e+09 -9.48553e+09 -1.00565e+10 -1.19205e+10 -1.15011e+10 -1.53408e+10 -1.33717e+10 -1.65158e+10 -1.60351e+10 -1.5937e+10 -2.06281e+10 -1.97558e+10 -2.32974e+10 -2.57468e+10 -2.62143e+10 -2.97035e+10 -2.96053e+10 -2.76614e+10 -2.91513e+10 -2.94494e+10 -3.0249e+10 -3.40774e+10 -3.66005e+10 -3.25396e+10 -2.95002e+10 -2.85936e+10 -3.0022e+10 -2.85241e+10 -2.89601e+10 -2.78486e+10 -2.65775e+10 -2.43918e+10 -2.13215e+10 -1.76948e+10 -1.586e+10 -1.31605e+10 -1.04728e+10 -8.52096e+09 -7.08707e+09 -5.31455e+09 -4.14188e+09 -3.33691e+09 -2.49486e+09 -1.8631e+09 -1.37404e+09 -1.00407e+09 -8.27877e+08 -7.33583e+08 -4.7697e+08 -3.30754e+08 -4.44766e+08 -4.15931e+08 -3.02244e+08 -3.18748e+08 -3.25276e+08 -4.0582e+08 -2.86655e+08 -2.55171e+08 -3.19922e+08 -2.77206e+08 -3.23897e+08 -2.64155e+08 -2.97689e+08 -2.31918e+08 -2.93799e+08 -2.82153e+08 -2.69929e+08 -3.01457e+08 -2.58313e+08 -3.51085e+08 -3.0973e+08 -3.25705e+08 -2.77254e+08 -3.1309e+08 -2.84879e+08 -2.91686e+08 -2.6492e+08 -3.13841e+08 -2.30947e+08 -3.00289e+08 -2.67323e+08 -3.9856e+08 -3.09011e+08 -3.25467e+08 -2.52343e+08 -2.73122e+08 -3.34286e+08 -2.44868e+08 -2.67505e+08 -2.46444e+08 -2.81182e+08 -2.47648e+08 -2.10387e+08 -3.14576e+08 -2.47192e+08 -9.44635e+07 
-1.64614e+09 -4.57075e+09 -6.26231e+09 -8.17336e+09 -7.68332e+09 -1.06613e+10 -9.9186e+09 -1.22173e+10 -1.13104e+10 -1.44363e+10 -1.50986e+10 -1.3722e+10 -1.78414e+10 -1.61843e+10 -1.88608e+10 -2.2599e+10 -2.15619e+10 -2.64711e+10 -2.74657e+10 -2.82194e+10 -3.14249e+10 -2.7906e+10 -2.77214e+10 -2.85097e+10 -3.08881e+10 -3.39996e+10 -3.60576e+10 -3.32597e+10 -3.0856e+10 -2.75647e+10 -2.9159e+10 -3.02868e+10 -2.94385e+10 -2.63439e+10 -2.60716e+10 -2.4239e+10 -2.1703e+10 -1.83895e+10 -1.56206e+10 -1.30738e+10 -1.08946e+10 -8.40007e+09 -7.10491e+09 -5.37115e+09 -4.01135e+09 -3.40917e+09 -2.54407e+09 -1.78371e+09 -1.34125e+09 -1.08934e+09 -6.84698e+08 -6.95037e+08 -5.9831e+08 -4.69133e+08 -3.71433e+08 -2.89808e+08 -4.13162e+08 -3.38419e+08 -2.76483e+08 -2.81402e+08 -3.00958e+08 -3.71286e+08 -3.05664e+08 -2.65989e+08 -2.98007e+08 -2.5961e+08 -3.39667e+08 -2.72701e+08 -2.62105e+08 -2.50781e+08 -2.35445e+08 -3.23174e+08 -2.5211e+08 -2.959e+08 -2.60705e+08 -3.11994e+08 -3.36999e+08 -3.09276e+08 -2.87292e+08 -3.08863e+08 -2.73155e+08 -3.08376e+08 -2.56436e+08 -2.87055e+08 -3.4002e+08 -2.64523e+08 -2.99515e+08 -2.26041e+08 -4.12088e+08 -2.86983e+08 -3.20486e+08 -2.37948e+08 -2.84323e+08 -3.10449e+08 -2.48348e+08 -2.59562e+08 -2.73767e+08 -2.74018e+08 -2.27645e+08 -7.92985e+07 
-1.47638e+09 -3.84643e+09 -6.56258e+09 -7.46249e+09 -9.26698e+09 -9.43343e+09 -1.1772e+10 -1.03727e+10 -1.33032e+10 -1.14992e+10 -1.61423e+10 -1.43235e+10 -1.62829e+10 -1.83994e+10 -1.84234e+10 -2.19437e+10 -2.41471e+10 -2.41963e+10 -3.01583e+10 -2.80639e+10 -2.7757e+10 -2.8716e+10 -2.90953e+10 -2.88647e+10 -3.12224e+10 -3.27081e+10 -3.44528e+10 -3.36943e+10 -3.15233e+10 -2.98157e+10 -2.79932e+10 -2.83727e+10 -3.00506e+10 -2.7899e+10 -2.55139e+10 -2.29145e+10 -2.14943e+10 -1.87338e+10 -1.61327e+10 -1.29231e+10 -1.13617e+10 -8.3808e+09 -6.71403e+09 -5.64658e+09 -4.03088e+09 -3.25709e+09 -2.53184e+09 -1.82737e+09 -1.3433e+09 -1.01343e+09 -8.86477e+08 -5.01633e+08 -5.92284e+08 -5.0322e+08 -4.31931e+08 -3.94029e+08 -3.43169e+08 -2.78581e+08 -3.63275e+08 -3.00299e+08 -2.63086e+08 -2.64935e+08 -2.72816e+08 -3.14891e+08 -3.55192e+08 -2.81653e+08 -2.64202e+08 -2.83358e+08 -3.12687e+08 -3.04932e+08 -2.41953e+08 -2.30732e+08 -2.26257e+08 -3.1375e+08 -2.66192e+08 -2.75174e+08 -2.908e+08 -2.63788e+08 -3.4334e+08 -3.00868e+08 -3.10854e+08 -2.78793e+08 -3.15998e+08 -2.4848e+08 -3.40153e+08 -2.86109e+08 -3.14704e+08 -2.72173e+08 -2.56619e+08 -2.78682e+08 -3.01698e+08 -3.51705e+08 -3.12624e+08 -2.78566e+08 -2.49379e+08 -2.91226e+08 -2.74601e+08 -2.54366e+08 -2.75011e+08 -1.60477e+08 
-1.32735e+09 -3.84577e+09 -6.88321e+09 -7.61759e+09 -9.65281e+09 -9.04934e+09 -1.16973e+10 -1.0928e+10 -1.24754e+10 -1.18549e+10 -1.45957e+10 -1.60937e+10 -1.55845e+10 -1.84618e+10 -2.01768e+10 -2.0787e+10 -2.58182e+10 -2.50771e+10 -2.68935e+10 -2.87096e+10 -2.7044e+10 -2.84819e+10 -3.09387e+10 -2.94377e+10 -2.99968e+10 -3.18642e+10 -3.39764e+10 -3.36183e+10 -3.10362e+10 -3.06537e+10 -3.01718e+10 -2.85789e+10 -2.70037e+10 -2.86059e+10 -2.71108e+10 -2.30194e+10 -2.02814e+10 -1.7971e+10 -1.68049e+10 -1.32741e+10 -1.13053e+10 -8.81497e+09 -6.39246e+09 -5.45687e+09 -4.34791e+09 -3.08171e+09 -2.42897e+09 -1.94676e+09 -1.36598e+09 -9.59089e+08 -8.06941e+08 -7.15072e+08 -4.77295e+08 -4.69139e+08 -4.43405e+08 -4.18829e+08 -3.55162e+08 -3.62569e+08 -3.49168e+08 -2.69964e+08 -3.23753e+08 -2.78704e+08 -2.37657e+08 -2.71999e+08 -2.67178e+08 -2.62347e+08 -3.48051e+08 -3.14275e+08 -2.83446e+08 -3.03037e+08 -2.40494e+08 -3.38182e+08 -2.52927e+08 -2.14231e+08 -2.20183e+08 -2.69791e+08 -3.24572e+08 -2.33217e+08 -2.98396e+08 -2.81236e+08 -2.9869e+08 -3.2681e+08 -2.75418e+08 -3.23734e+08 -3.24907e+08 -2.94133e+08 -2.38341e+08 -3.09663e+08 -2.76972e+08 -3.58317e+08 -2.40647e+08 -2.78871e+08 -2.28178e+08 -4.05015e+08 -2.53729e+08 -3.27483e+08 -2.68762e+08 -2.60301e+08 -2.85606e+08 -1.37584e+08 
-1.31396e+09 -4.55806e+09 -6.4837e+09 -8.29573e+09 -8.71815e+09 -1.0146e+10 -1.02386e+10 -1.17897e+10 -1.13968e+10 -1.38038e+10 -1.26956e+10 -1.61977e+10 -1.69672e+10 -1.77738e+10 -2.15007e+10 -2.22614e+10 -2.41653e+10 -2.66238e+10 -2.31594e+10 -2.76247e+10 -2.99115e+10 -3.04332e+10 -2.90256e+10 -2.91117e+10 -3.05689e+10 -3.11994e+10 -3.25337e+10 -3.37222e+10 -3.24428e+10 -3.02246e+10 -2.97616e+10 -2.91483e+10 -2.84247e+10 -2.79709e+10 -2.61572e+10 -2.3644e+10 -2.06217e+10 -1.80046e+10 -1.55039e+10 -1.39888e+10 -1.1199e+10 -9.1122e+09 -6.26519e+09 -5.53475e+09 -4.13798e+09 -3.19321e+09 -2.40125e+09 -1.88202e+09 -1.48167e+09 -9.34341e+08 -7.67235e+08 -6.42425e+08 -6.25486e+08 -4.67764e+08 -3.85405e+08 -4.32904e+08 -3.68557e+08 -3.71878e+08 -3.13639e+08 -3.3525e+08 -3.63524e+08 -2.64047e+08 -3.22395e+08 -2.40357e+08 -2.49427e+08 -2.49332e+08 -2.77059e+08 -2.45754e+08 -3.02038e+08 -3.3778e+08 -3.1248e+08 -2.9448e+08 -2.42767e+08 -2.9342e+08 -3.04753e+08 -2.1721e+08 -2.02781e+08 -2.4155e+08 -3.22334e+08 -2.57635e+08 -2.67883e+08 -2.90166e+08 -2.92787e+08 -3.54e+08 -3.08769e+08 -2.74908e+08 -2.99981e+08 -3.05962e+08 -2.43498e+08 -2.86992e+08 -3.07729e+08 -3.16335e+08 -3.19147e+08 -2.18003e+08 -2.85886e+08 -2.65898e+08 -3.81931e+08 -2.44785e+08 -3.18624e+08 -1.23308e+08 
-1.84062e+09 -4.24673e+09 -6.53526e+09 -8.30993e+09 -8.35367e+09 -1.02049e+10 -9.84915e+09 -1.17331e+10 -1.16964e+10 -1.37669e+10 -1.37692e+10 -1.47541e+10 -1.76323e+10 -1.9418e+10 -2.14403e+10 -2.29451e+10 -2.21154e+10 -2.51176e+10 -2.55326e+10 -2.69212e+10 -2.94283e+10 -3.11554e+10 -2.96361e+10 -2.94279e+10 -2.97809e+10 -3.01406e+10 -3.20138e+10 -3.37806e+10 -3.33152e+10 -3.11964e+10 -2.85567e+10 -2.91479e+10 -2.97271e+10 -2.82858e+10 -2.49246e+10 -2.36524e+10 -2.10871e+10 -1.87515e+10 -1.52011e+10 -1.3278e+10 -1.10668e+10 -8.98665e+09 -6.83048e+09 -5.24591e+09 -4.29797e+09 -3.1779e+09 -2.28691e+09 -1.94942e+09 -1.37459e+09 -1.09817e+09 -7.12965e+08 -6.30206e+08 -5.43495e+08 -5.02899e+08 -4.69264e+08 -3.91186e+08 -3.80437e+08 -3.94414e+08 -3.2434e+08 -3.48054e+08 -2.83827e+08 -3.10437e+08 -3.53723e+08 -2.8201e+08 -3.40293e+08 -2.21302e+08 -2.36794e+08 -2.34143e+08 -2.95688e+08 -2.59141e+08 -2.60502e+08 -3.0156e+08 -3.37852e+08 -2.88238e+08 -2.94876e+08 -2.45486e+08 -3.06103e+08 -2.5114e+08 -2.08406e+08 -1.99124e+08 -3.03399e+08 -2.99518e+08 -2.43897e+08 -3.24046e+08 -3.18185e+08 -3.05375e+08 -2.94534e+08 -2.68717e+08 -2.84966e+08 -3.01429e+08 -3.14259e+08 -2.33847e+08 -3.04442e+08 -2.97494e+08 -3.12476e+08 -3.00844e+08 -2.46009e+08 -2.64324e+08 -3.45432e+08 -1.72936e+08 
-1.38846e+09 -4.39513e+09 -6.52196e+09 -7.84267e+09 -8.55922e+09 -9.38756e+09 -1.06734e+10 -1.10449e+10 -1.24253e+10 -1.33265e+10 -1.50576e+10 -1.45848e+10 -1.79181e+10 -2.00754e+10 -2.0644e+10 -2.19621e+10 -2.23215e+10 -2.35702e+10 -2.90206e+10 -2.70017e+10 -2.76663e+10 -3.00203e+10 -3.09686e+10 -3.00176e+10 -2.93802e+10 -3.02505e+10 -3.11025e+10 -3.27977e+10 -3.3432e+10 -3.14174e+10 -3.08309e+10 -2.91337e+10 -2.85857e+10 -2.729e+10 -2.54499e+10 -2.40459e+10 -2.11658e+10 -1.87294e+10 -1.56967e+10 -1.30608e+10 -1.06598e+10 -8.65088e+09 -7.01908e+09 -5.14514e+09 -4.44928e+09 -3.35005e+09 -2.13357e+09 -1.93131e+09 -1.39814e+09 -1.00872e+09 -8.32689e+08 -6.11642e+08 -5.24419e+08 -4.98218e+08 -4.00044e+08 -4.41424e+08 -3.84454e+08 -3.79398e+08 -3.62102e+08 -3.83999e+08 -2.87019e+08 -3.48397e+08 -2.65926e+08 -2.88886e+08 -3.26425e+08 -3.31303e+08 -2.88235e+08 -2.74919e+08 -2.21775e+08 -2.45282e+08 -2.63395e+08 -2.87264e+08 -2.40683e+08 -2.70511e+08 -2.92491e+08 -3.52004e+08 -3.10503e+08 -2.33687e+08 -2.75604e+08 -2.94319e+08 -2.09964e+08 -2.08405e+08 -2.78798e+08 -3.21404e+08 -2.65799e+08 -2.65701e+08 -3.03578e+08 -3.14439e+08 -2.9901e+08 -2.8148e+08 -2.6517e+08 -3.17471e+08 -2.81964e+08 -2.63427e+08 -2.58544e+08 -3.32767e+08 -3.02196e+08 -3.16675e+08 -2.50388e+08 -1.36574e+08 
-1.64028e+09 -3.9845e+09 -6.57742e+09 -7.52782e+09 -8.67452e+09 -8.99494e+09 -1.11236e+10 -1.06665e+10 -1.30503e+10 -1.34617e+10 -1.55855e+10 -1.6095e+10 -1.6893e+10 -1.93534e+10 -1.97623e+10 -2.06708e+10 -2.50797e+10 -2.46277e+10 -2.73282e+10 -2.75725e+10 -2.70129e+10 -2.90012e+10 -3.17613e+10 -3.07307e+10 -3.01767e+10 -2.99446e+10 -3.02833e+10 -3.02277e+10 -3.35859e+10 -3.45908e+10 -3.16259e+10 -2.77529e+10 -2.7732e+10 -2.75076e+10 -2.6484e+10 -2.33352e+10 -2.12797e+10 -1.88901e+10 -1.56529e+10 -1.32262e+10 -1.07718e+10 -8.51839e+09 -6.47141e+09 -5.19356e+09 -4.46276e+09 -3.48377e+09 -2.30795e+09 -1.79069e+09 -1.3585e+09 -1.03006e+09 -7.9657e+08 -6.77983e+08 -4.7735e+08 -4.99109e+08 -4.54845e+08 -3.79342e+08 -3.41427e+08 -3.98737e+08 -3.43987e+08 -3.79008e+08 -3.28878e+08 -3.99155e+08 -2.82435e+08 -3.06496e+08 -2.90558e+08 -2.80415e+08 -2.85734e+08 -3.43857e+08 -2.72901e+08 -3.45023e+08 -1.98112e+08 -2.29047e+08 -2.5518e+08 -2.98522e+08 -2.49398e+08 -2.60988e+08 -2.57366e+08 -3.45965e+08 -2.98271e+08 -3.02895e+08 -2.57582e+08 -2.59518e+08 -2.90064e+08 -2.24233e+08 -2.20196e+08 -3.13775e+08 -2.62377e+08 -2.58113e+08 -2.90949e+08 -3.17239e+08 -3.28684e+08 -2.79604e+08 -2.59787e+08 -2.64372e+08 -2.81361e+08 -3.22945e+08 -2.50576e+08 -3.00311e+08 -3.05653e+08 -1.12606e+08 
-1.41911e+09 -4.41371e+09 -6.24108e+09 -7.19252e+09 -8.84383e+09 -9.46433e+09 -1.0266e+10 -1.18216e+10 -1.27522e+10 -1.44587e+10 -1.54457e+10 -1.70339e+10 -1.5358e+10 -1.84401e+10 -1.95558e+10 -2.18824e+10 -2.50938e+10 -2.63076e+10 -2.48028e+10 -2.69648e+10 -2.94571e+10 -2.80461e+10 -3.06768e+10 -3.11929e+10 -3.05914e+10 -2.9686e+10 -2.98547e+10 -3.02587e+10 -3.31875e+10 -3.42306e+10 -3.23286e+10 -2.86736e+10 -2.78689e+10 -2.70201e+10 -2.66285e+10 -2.3185e+10 -2.15875e+10 -1.82546e+10 -1.57295e+10 -1.37844e+10 -1.08146e+10 -8.32405e+09 -6.53069e+09 -4.94371e+09 -4.44184e+09 -3.36326e+09 -2.47615e+09 -1.79964e+09 -1.41116e+09 -9.43183e+08 -7.98079e+08 -6.44283e+08 -5.6885e+08 -4.33615e+08 -4.19802e+08 -4.27661e+08 -3.94763e+08 -3.3175e+08 -2.9668e+08 -3.69552e+08 -3.34515e+08 -3.5122e+08 -3.28333e+08 -3.89139e+08 -3.08309e+08 -2.62742e+08 -3.24016e+08 -2.54957e+08 -2.89514e+08 -3.17124e+08 -3.41585e+08 -2.51169e+08 -2.91539e+08 -2.06082e+08 -2.29978e+08 -2.9614e+08 -2.9269e+08 -2.31279e+08 -2.7309e+08 -2.60297e+08 -3.50568e+08 -3.36979e+08 -2.69628e+08 -2.6091e+08 -2.68485e+08 -2.23786e+08 -2.37919e+08 -2.64209e+08 -2.90832e+08 -2.54695e+08 -3.01654e+08 -2.95661e+08 -3.1642e+08 -2.82114e+08 -2.72744e+08 -2.64074e+08 -3.03978e+08 -2.66248e+08 -2.89246e+08 -8.29058e+07 
-1.39092e+09 -3.86955e+09 -6.14539e+09 -7.83993e+09 -8.06669e+09 -1.007e+10 -1.00399e+10 -1.27414e+10 -1.28682e+10 -1.51922e+10 -1.43729e+10 -1.62401e+10 -1.58312e+10 -1.78386e+10 -2.08037e+10 -2.31076e+10 -2.26687e+10 -2.59815e+10 -2.69726e+10 -2.63632e+10 -2.89943e+10 -2.83098e+10 -3.05863e+10 -3.01225e+10 -3.06187e+10 -3.03609e+10 -3.04226e+10 -3.09024e+10 -3.16828e+10 -3.23964e+10 -3.32128e+10 -3.09117e+10 -2.82443e+10 -2.62947e+10 -2.57097e+10 -2.40249e+10 -2.14515e+10 -1.78912e+10 -1.59456e+10 -1.32588e+10 -1.11698e+10 -8.29424e+09 -6.7288e+09 -5.13869e+09 -4.2004e+09 -3.13416e+09 -2.45666e+09 -1.84764e+09 -1.44352e+09 -1.02065e+09 -7.1026e+08 -6.58942e+08 -5.59878e+08 -4.60604e+08 -4.06057e+08 -3.63914e+08 -3.92188e+08 -3.88036e+08 -3.64922e+08 -3.09854e+08 -2.88207e+08 -3.25581e+08 -3.27905e+08 -3.22244e+08 -3.52998e+08 -3.56452e+08 -3.09445e+08 -2.8831e+08 -2.9012e+08 -2.81673e+08 -3.14683e+08 -2.96379e+08 -2.92657e+08 -2.96285e+08 -2.71382e+08 -2.196e+08 -2.54535e+08 -2.63089e+08 -3.1303e+08 -2.49607e+08 -2.75354e+08 -2.64447e+08 -3.32239e+08 -2.90829e+08 -3.24382e+08 -2.75314e+08 -2.0992e+08 -2.44899e+08 -2.44703e+08 -2.67329e+08 -3.11075e+08 -2.57882e+08 -2.71562e+08 -2.76718e+08 -3.14857e+08 -3.163e+08 -2.63108e+08 -2.80658e+08 -2.68725e+08 -1.61996e+08 
-1.53569e+09 -4.16857e+09 -5.85984e+09 -8.2436e+09 -8.09148e+09 -1.01036e+10 -1.07844e+10 -1.25077e+10 -1.36651e+10 -1.36579e+10 -1.46257e+10 -1.48279e+10 -1.78656e+10 -1.84825e+10 -2.04698e+10 -2.20643e+10 -2.29115e+10 -2.52495e+10 -2.83124e+10 -2.73295e+10 -2.67462e+10 -2.82608e+10 -3.15313e+10 -3.15626e+10 -3.06307e+10 -3.07115e+10 -2.97126e+10 -2.94601e+10 -3.07354e+10 -3.37168e+10 -3.34913e+10 -3.10765e+10 -2.82958e+10 -2.73307e+10 -2.52376e+10 -2.36011e+10 -2.13659e+10 -1.82019e+10 -1.59716e+10 -1.27289e+10 -1.07882e+10 -8.79314e+09 -7.19547e+09 -5.04215e+09 -4.07319e+09 -3.07275e+09 -2.29755e+09 -1.84941e+09 -1.39394e+09 -1.10644e+09 -7.43057e+08 -6.04574e+08 -5.46702e+08 -4.92108e+08 -4.18612e+08 -3.70511e+08 -3.44768e+08 -3.50007e+08 -3.35995e+08 -3.79372e+08 -3.58876e+08 -2.87749e+08 -2.98017e+08 -2.86509e+08 -3.18667e+08 -3.04164e+08 -3.68415e+08 -3.03951e+08 -3.54045e+08 -2.67908e+08 -2.91989e+08 -3.33439e+08 -2.70124e+08 -3.04068e+08 -2.89145e+08 -3.04125e+08 -2.47754e+08 -2.63805e+08 -2.34391e+08 -2.60437e+08 -3.28747e+08 -3.11627e+08 -2.33357e+08 -2.96056e+08 -2.50871e+08 -3.29056e+08 -2.76209e+08 -2.90168e+08 -2.47865e+08 -2.34933e+08 -2.39502e+08 -3.0366e+08 -2.7697e+08 -2.64885e+08 -2.52147e+08 -3.09937e+08 -2.78052e+08 -3.11234e+08 -2.77466e+08 -1.16631e+08 
-1.31843e+09 -3.65917e+09 -6.79116e+09 -7.33339e+09 -9.33458e+09 -9.47628e+09 -1.19425e+10 -1.17077e+10 -1.32249e+10 -1.28614e+10 -1.50145e+10 -1.51618e+10 -1.86927e+10 -1.91301e+10 -1.89059e+10 -2.14303e+10 -2.45526e+10 -2.51927e+10 -2.58816e+10 -2.81587e+10 -2.71026e+10 -3.00964e+10 -3.11496e+10 -3.16198e+10 -3.06792e+10 -2.9562e+10 -2.94737e+10 -3.07448e+10 -3.07609e+10 -3.21556e+10 -3.32427e+10 -3.17012e+10 -2.86217e+10 -2.79398e+10 -2.54888e+10 -2.31367e+10 -2.12934e+10 -1.80481e+10 -1.5917e+10 -1.28456e+10 -1.06305e+10 -8.72033e+09 -7.38704e+09 -5.17681e+09 -4.04012e+09 -2.97212e+09 -2.41909e+09 -1.60632e+09 -1.43187e+09 -1.0307e+09 -8.32378e+08 -5.6287e+08 -5.75944e+08 -4.5559e+08 -4.21411e+08 -4.49393e+08 -3.20711e+08 -3.33109e+08 -3.00393e+08 -3.70942e+08 -2.827e+08 -3.68968e+08 -3.50144e+08 -2.82417e+08 -3.10667e+08 -2.76353e+08 -2.8002e+08 -3.21131e+08 -3.32767e+08 -3.29857e+08 -3.17813e+08 -2.99905e+08 -3.02099e+08 -2.92134e+08 -3.01551e+08 -3.1528e+08 -3.01563e+08 -2.31177e+08 -3.19905e+08 -2.41446e+08 -2.59743e+08 -2.9947e+08 -2.77389e+08 -3.24879e+08 -2.70796e+08 -2.72158e+08 -2.24358e+08 -3.20787e+08 -2.44496e+08 -3.38772e+08 -2.91029e+08 -2.02456e+08 -2.23863e+08 -2.79444e+08 -3.20135e+08 -2.69271e+08 -2.58215e+08 -2.91168e+08 -2.60188e+08 -1.52201e+08 
-1.15392e+09 -4.30932e+09 -6.8221e+09 -7.83817e+09 -9.19143e+09 -1.01691e+10 -1.09812e+10 -1.1347e+10 -1.26179e+10 -1.33334e+10 -1.541e+10 -1.64817e+10 -1.70192e+10 -1.87854e+10 -1.96431e+10 -2.19056e+10 -2.43187e+10 -2.47044e+10 -2.45678e+10 -2.78799e+10 -3.03081e+10 -3.19531e+10 -2.93904e+10 -2.89447e+10 -2.88778e+10 -3.0418e+10 -3.18103e+10 -3.22211e+10 -3.15559e+10 -3.04553e+10 -3.11721e+10 -3.11659e+10 -3.0742e+10 -2.77695e+10 -2.56417e+10 -2.37596e+10 -2.04568e+10 -1.79938e+10 -1.56393e+10 -1.30533e+10 -1.10701e+10 -8.56214e+09 -6.89316e+09 -5.18859e+09 -4.31467e+09 -3.04511e+09 -2.28225e+09 -1.72415e+09 -1.31673e+09 -9.30105e+08 -8.19501e+08 -6.56648e+08 -4.4398e+08 -5.39251e+08 -4.28096e+08 -3.9124e+08 -3.5375e+08 -4.05936e+08 -2.96727e+08 -3.01693e+08 -2.77925e+08 -3.54405e+08 -2.90651e+08 -3.50606e+08 -3.08e+08 -3.26887e+08 -2.86582e+08 -2.91947e+08 -2.87705e+08 -2.78927e+08 -3.07841e+08 -3.71508e+08 -2.95732e+08 -3.20893e+08 -2.43757e+08 -3.22002e+08 -3.10089e+08 -3.05554e+08 -3.20076e+08 -2.81774e+08 -2.78637e+08 -2.7262e+08 -2.44705e+08 -2.68144e+08 -3.141e+08 -3.08058e+08 -2.8995e+08 -2.43444e+08 -2.89778e+08 -2.62663e+08 -3.18772e+08 -2.29632e+08 -3.07585e+08 -2.61956e+08 -2.13198e+08 -2.1934e+08 -3.64194e+08 -2.90968e+08 -2.5381e+08 -1.37573e+08 
-1.75621e+09 -4.68994e+09 -6.53372e+09 -8.53726e+09 -8.83654e+09 -1.00319e+10 -1.00951e+10 -1.12406e+10 -1.2973e+10 -1.40338e+10 -1.55045e+10 -1.6057e+10 -1.59765e+10 -1.91751e+10 -2.1192e+10 -2.18613e+10 -2.2187e+10 -2.43117e+10 -2.58233e+10 -2.86073e+10 -3.12764e+10 -3.12712e+10 -2.88156e+10 -2.78648e+10 -2.79509e+10 -3.10089e+10 -3.27412e+10 -3.27175e+10 -3.34887e+10 -3.30037e+10 -2.97602e+10 -2.74594e+10 -2.85078e+10 -2.9511e+10 -2.71673e+10 -2.3958e+10 -1.99277e+10 -1.81905e+10 -1.54801e+10 -1.31515e+10 -1.1322e+10 -8.48456e+09 -6.59841e+09 -5.15813e+09 -4.26156e+09 -3.17857e+09 -2.2566e+09 -1.79918e+09 -1.32159e+09 -8.81085e+08 -7.21863e+08 -6.26573e+08 -5.61508e+08 -4.27306e+08 -3.89465e+08 -4.34527e+08 -3.83922e+08 -3.62351e+08 -3.11813e+08 -3.61492e+08 -2.98326e+08 -2.86338e+08 -2.78415e+08 -3.0118e+08 -3.32483e+08 -3.01381e+08 -3.19422e+08 -3.28e+08 -2.61545e+08 -3.39105e+08 -2.74563e+08 -2.60851e+08 -3.18414e+08 -3.4833e+08 -3.10436e+08 -2.80676e+08 -2.91247e+08 -2.67864e+08 -3.25339e+08 -3.37284e+08 -3.45626e+08 -3.01394e+08 -2.21741e+08 -2.992e+08 -2.56437e+08 -2.2701e+08 -3.24027e+08 -3.16328e+08 -2.86939e+08 -3.10317e+08 -2.8545e+08 -2.32113e+08 -3.00406e+08 -2.39056e+08 -2.95844e+08 -2.66407e+08 -2.29267e+08 -2.1928e+08 -2.92909e+08 -2.13622e+08 
-1.7595e+09 -4.54962e+09 -7.11649e+09 -8.097e+09 -8.83708e+09 -8.72117e+09 -1.09129e+10 -1.12908e+10 -1.33672e+10 -1.42472e+10 -1.43637e+10 -1.56016e+10 -1.76049e+10 -1.87343e+10 -2.11327e+10 -2.12906e+10 -2.23018e+10 -2.39273e+10 -2.85337e+10 -2.8749e+10 -2.91559e+10 -2.89804e+10 -2.811e+10 -3.04064e+10 -3.06568e+10 -2.97599e+10 -3.03013e+10 -3.49759e+10 -3.52584e+10 -3.29541e+10 -2.94109e+10 -2.76237e+10 -2.60903e+10 -2.71885e+10 -2.76192e+10 -2.50636e+10 -2.13072e+10 -1.81065e+10 -1.52875e+10 -1.32089e+10 -1.09973e+10 -8.7652e+09 -6.5961e+09 -5.09939e+09 -4.15238e+09 -3.01987e+09 -2.43449e+09 -1.77561e+09 -1.28916e+09 -1.05526e+09 -5.99488e+08 -5.66016e+08 -5.53946e+08 -3.96536e+08 -4.93154e+08 -2.74681e+08 -4.13066e+08 -3.53368e+08 -3.55185e+08 -3.51641e+08 -2.92435e+08 -3.17552e+08 -3.24695e+08 -2.46418e+08 -2.94094e+08 -2.53582e+08 -3.55742e+08 -2.98875e+08 -3.30588e+08 -2.71333e+08 -3.12798e+08 -2.92459e+08 -3.22806e+08 -3.00725e+08 -2.58338e+08 -3.01219e+08 -3.64211e+08 -2.64733e+08 -2.91125e+08 -2.99755e+08 -3.07998e+08 -3.17209e+08 -3.25588e+08 -3.4244e+08 -2.72476e+08 -2.25677e+08 -2.65541e+08 -2.6382e+08 -2.64977e+08 -3.50294e+08 -3.44557e+08 -2.80345e+08 -2.73408e+08 -2.87878e+08 -2.47692e+08 -2.75903e+08 -2.21691e+08 -3.06998e+08 -2.42697e+08 -9.29847e+07 
-1.59896e+09 -4.41719e+09 -6.882e+09 -7.56505e+09 -8.54632e+09 -9.36685e+09 -1.07191e+10 -1.21525e+10 -1.24181e+10 -1.3991e+10 -1.42363e+10 -1.57914e+10 -1.87494e+10 -1.76244e+10 -2.01667e+10 -2.15782e+10 -2.4235e+10 -2.49686e+10 -2.7049e+10 -2.71442e+10 -2.80346e+10 -2.79493e+10 -2.97832e+10 -3.21695e+10 -3.09752e+10 -3.04585e+10 -3.1182e+10 -3.45698e+10 -3.41336e+10 -3.20217e+10 -2.98627e+10 -2.96562e+10 -2.7603e+10 -2.45899e+10 -2.45138e+10 -2.44812e+10 -2.33937e+10 -1.90662e+10 -1.52222e+10 -1.33075e+10 -1.02775e+10 -8.97441e+09 -6.87507e+09 -5.20874e+09 -3.85879e+09 -3.07191e+09 -2.29226e+09 -1.81011e+09 -1.37099e+09 -9.19223e+08 -7.9039e+08 -5.27403e+08 -4.49495e+08 -5.24337e+08 -3.31704e+08 -3.58158e+08 -4.23728e+08 -2.18417e+08 -4.14676e+08 -3.06025e+08 -3.36247e+08 -3.16459e+08 -3.28876e+08 -2.61306e+08 -3.21398e+08 -2.42602e+08 -2.97929e+08 -2.74182e+08 -2.95456e+08 -3.38295e+08 -2.98238e+08 -2.97209e+08 -2.95243e+08 -2.80936e+08 -3.59627e+08 -2.83883e+08 -2.84077e+08 -2.63177e+08 -3.60904e+08 -3.24061e+08 -2.74564e+08 -2.60776e+08 -2.94467e+08 -3.28692e+08 -3.07942e+08 -3.52226e+08 -2.97028e+08 -2.35501e+08 -2.63787e+08 -2.74436e+08 -2.51483e+08 -3.5125e+08 -3.44363e+08 -2.95584e+08 -2.84152e+08 -2.92736e+08 -2.46729e+08 -2.84269e+08 -2.20996e+08 -1.0961e+08 
-1.62811e+09 -4.27254e+09 -6.2139e+09 -8.08267e+09 -8.49794e+09 -9.89382e+09 -1.0484e+10 -1.19407e+10 -1.20133e+10 -1.33972e+10 -1.57783e+10 -1.55678e+10 -1.74055e+10 -1.79416e+10 -2.02317e+10 -2.29227e+10 -2.46764e+10 -2.55072e+10 -2.4379e+10 -2.54e+10 -2.80919e+10 -3.01186e+10 -3.09694e+10 -3.00601e+10 -3.20064e+10 -3.29304e+10 -3.35827e+10 -3.21682e+10 -3.16954e+10 -3.14799e+10 -3.1191e+10 -3.07802e+10 -2.90853e+10 -2.45726e+10 -2.34079e+10 -2.23741e+10 -2.21474e+10 -1.95969e+10 -1.67575e+10 -1.3079e+10 -1.05274e+10 -8.71134e+09 -6.89184e+09 -5.35965e+09 -3.94214e+09 -2.89257e+09 -2.43969e+09 -1.52296e+09 -1.45145e+09 -8.95566e+08 -7.75715e+08 -5.99904e+08 -4.43591e+08 -4.76475e+08 -4.31472e+08 -3.62414e+08 -2.80952e+08 -3.14993e+08 -4.01816e+08 -2.10436e+08 -3.59562e+08 -3.2653e+08 -2.78694e+08 -3.08215e+08 -3.49344e+08 -2.36734e+08 -3.11842e+08 -2.77114e+08 -2.30927e+08 -3.15866e+08 -2.69487e+08 -3.31366e+08 -3.10575e+08 -3.26946e+08 -2.54227e+08 -3.16137e+08 -2.78107e+08 -3.57224e+08 -3.12422e+08 -2.99507e+08 -2.56823e+08 -3.60547e+08 -2.49675e+08 -3.05785e+08 -2.4179e+08 -3.32773e+08 -2.98968e+08 -3.35921e+08 -3.24758e+08 -3.00074e+08 -2.50916e+08 -2.38244e+08 -3.01791e+08 -2.92209e+08 -3.26279e+08 -3.32699e+08 -2.97339e+08 -3.04672e+08 -2.69987e+08 -1.61148e+08 
-1.32773e+09 -3.93456e+09 -6.56671e+09 -8.31851e+09 -8.76891e+09 -9.63891e+09 -1.06559e+10 -1.06044e+10 -1.30749e+10 -1.35067e+10 -1.53462e+10 -1.53593e+10 -1.65733e+10 -1.98045e+10 -2.04091e+10 -2.30236e+10 -2.33555e+10 -2.46695e+10 -2.40002e+10 -2.60408e+10 -2.89792e+10 -2.96792e+10 -3.06111e+10 -3.02169e+10 -3.30438e+10 -3.4077e+10 -3.54082e+10 -3.14881e+10 -3.02562e+10 -3.03185e+10 -3.17606e+10 -3.05338e+10 -2.94588e+10 -2.70409e+10 -2.43327e+10 -2.10053e+10 -1.96292e+10 -1.85447e+10 -1.73034e+10 -1.34996e+10 -1.15225e+10 -8.66972e+09 -6.47273e+09 -5.45965e+09 -4.10736e+09 -2.87501e+09 -2.3444e+09 -1.56196e+09 -1.27918e+09 -9.83978e+08 -6.552e+08 -6.49058e+08 -5.29007e+08 -3.7917e+08 -4.25431e+08 -3.79411e+08 -4.41522e+08 -2.84162e+08 -2.55206e+08 -2.69492e+08 -3.85325e+08 -2.42564e+08 -2.82104e+08 -3.68425e+08 -2.44999e+08 -2.64355e+08 -3.38586e+08 -3.09657e+08 -2.53163e+08 -2.82029e+08 -2.34735e+08 -3.03825e+08 -2.86065e+08 -3.03356e+08 -3.40435e+08 -3.0056e+08 -2.91799e+08 -2.78393e+08 -2.9706e+08 -3.65228e+08 -3.12712e+08 -2.96937e+08 -2.64988e+08 -3.24216e+08 -2.92856e+08 -2.59499e+08 -2.7606e+08 -2.67834e+08 -3.48816e+08 -3.09836e+08 -3.53591e+08 -3.12965e+08 -2.43343e+08 -2.71789e+08 -2.36404e+08 -2.99695e+08 -3.45366e+08 -3.36066e+08 -3.06935e+08 -1.63313e+08 
-1.55139e+09 -4.21976e+09 -7.07716e+09 -7.81421e+09 -9.04139e+09 -9.05164e+09 -1.06455e+10 -1.09121e+10 -1.33753e+10 -1.33016e+10 -1.39085e+10 -1.62389e+10 -1.72763e+10 -1.97995e+10 -2.10687e+10 -2.08966e+10 -2.2687e+10 -2.35145e+10 -2.68029e+10 -2.74068e+10 -2.80489e+10 -2.79805e+10 -3.08544e+10 -3.1476e+10 -3.39568e+10 -3.41472e+10 -3.43204e+10 -3.19145e+10 -3.15739e+10 -3.0104e+10 -3.08474e+10 -3.02502e+10 -2.91717e+10 -2.88712e+10 -2.48827e+10 -2.14092e+10 -1.86239e+10 -1.69563e+10 -1.62303e+10 -1.38394e+10 -1.19769e+10 -8.9722e+09 -6.7354e+09 -5.30811e+09 -4.0432e+09 -3.04959e+09 -2.17261e+09 -1.66026e+09 -1.1865e+09 -9.71879e+08 -7.18932e+08 -4.96358e+08 -5.0537e+08 -5.18616e+08 -3.63182e+08 -3.42849e+08 -3.96794e+08 -2.98877e+08 -4.55834e+08 -2.68903e+08 -2.40155e+08 -2.37602e+08 -3.401e+08 -2.86396e+08 -2.28969e+08 -4.02208e+08 -2.32263e+08 -2.57696e+08 -2.73146e+08 -3.47993e+08 -2.41943e+08 -3.02083e+08 -2.48642e+08 -2.28725e+08 -3.38094e+08 -3.19609e+08 -2.99463e+08 -3.26918e+08 -3.29047e+08 -2.42739e+08 -3.11211e+08 -2.66133e+08 -3.82671e+08 -3.21979e+08 -3.09216e+08 -2.22133e+08 -3.33582e+08 -2.5052e+08 -2.79233e+08 -2.9311e+08 -3.21625e+08 -3.29469e+08 -3.06648e+08 -3.24752e+08 -2.66868e+08 -2.61735e+08 -2.45995e+08 -3.10794e+08 -3.48646e+08 -1.42155e+08 
-1.41619e+09 -4.82205e+09 -6.58595e+09 -7.84037e+09 -8.81881e+09 -9.03072e+09 -1.07943e+10 -1.18572e+10 -1.18618e+10 -1.34217e+10 -1.38238e+10 -1.71213e+10 -1.79304e+10 -1.81012e+10 -2.11463e+10 -1.94819e+10 -2.25192e+10 -2.46101e+10 -2.74724e+10 -2.77033e+10 -2.83901e+10 -2.845e+10 -2.96749e+10 -3.14195e+10 -3.46891e+10 -3.38299e+10 -3.35243e+10 -3.25688e+10 -3.26583e+10 -3.05438e+10 -2.96202e+10 -3.10212e+10 -2.96262e+10 -2.75103e+10 -2.56144e+10 -2.23919e+10 -1.9089e+10 -1.63219e+10 -1.48467e+10 -1.36019e+10 -1.14563e+10 -9.0058e+09 -7.44149e+09 -5.52784e+09 -3.79833e+09 -3.11912e+09 -2.15061e+09 -1.59424e+09 -1.27256e+09 -9.81298e+08 -6.66128e+08 -5.50934e+08 -4.43803e+08 -4.05873e+08 -4.03571e+08 -4.17367e+08 -3.11324e+08 -3.29694e+08 -3.75472e+08 -2.24227e+08 -4.37041e+08 -3.17031e+08 -2.18345e+08 -2.60297e+08 -2.46728e+08 -3.18231e+08 -2.50145e+08 -3.56897e+08 -2.63849e+08 -2.54906e+08 -2.22889e+08 -3.20569e+08 -3.12467e+08 -2.54728e+08 -2.7535e+08 -2.44174e+08 -3.10011e+08 -3.37001e+08 -3.16058e+08 -3.10949e+08 -2.82215e+08 -2.92766e+08 -2.76066e+08 -2.9197e+08 -3.44851e+08 -3.34845e+08 -3.25997e+08 -2.67328e+08 -2.57561e+08 -3.17755e+08 -2.78555e+08 -2.86353e+08 -2.70217e+08 -3.34306e+08 -2.95167e+08 -3.11701e+08 -3.17097e+08 -2.48929e+08 -2.95523e+08 -1.08298e+08 
-1.70548e+09 -4.38614e+09 -6.42449e+09 -7.8889e+09 -8.44013e+09 -1.01474e+10 -1.05162e+10 -1.11391e+10 -1.14549e+10 -1.38571e+10 -1.53466e+10 -1.58866e+10 -1.78238e+10 -1.71682e+10 -1.93775e+10 -2.07946e+10 -2.34098e+10 -2.50509e+10 -2.67675e+10 -2.86001e+10 -2.85486e+10 -2.85477e+10 -3.04816e+10 -3.07007e+10 -3.25862e+10 -3.46102e+10 -3.47131e+10 -3.29329e+10 -3.13802e+10 -3.11904e+10 -3.24097e+10 -3.0165e+10 -2.92977e+10 -2.66982e+10 -2.53328e+10 -2.33449e+10 -1.9651e+10 -1.67147e+10 -1.43542e+10 -1.25938e+10 -1.07688e+10 -8.9869e+09 -7.50297e+09 -5.58736e+09 -4.10604e+09 -3.0023e+09 -2.27092e+09 -1.56352e+09 -1.18505e+09 -1.09609e+09 -6.69071e+08 -5.50183e+08 -4.00118e+08 -4.79119e+08 -2.80682e+08 -3.6649e+08 -3.43458e+08 -3.24757e+08 -3.26642e+08 -3.11193e+08 -3.66851e+08 -2.21838e+08 -3.09517e+08 -3.93644e+08 -2.20996e+08 -2.81568e+08 -2.11772e+08 -2.92923e+08 -2.85103e+08 -3.14718e+08 -3.04459e+08 -2.34435e+08 -2.56621e+08 -2.28811e+08 -3.33436e+08 -2.62207e+08 -3.21935e+08 -2.59331e+08 -2.55846e+08 -3.30214e+08 -3.28251e+08 -2.89824e+08 -2.9374e+08 -3.06196e+08 -2.62945e+08 -3.26434e+08 -2.52902e+08 -3.78844e+08 -3.21222e+08 -3.64971e+08 -2.38905e+08 -2.7849e+08 -2.48137e+08 -3.05424e+08 -2.66501e+08 -2.96259e+08 -3.22563e+08 -3.10066e+08 -2.84156e+08 -1.92272e+08 
-1.63476e+09 -4.40736e+09 -6.21186e+09 -8.04187e+09 -9.03327e+09 -9.89115e+09 -9.93599e+09 -1.06297e+10 -1.30584e+10 -1.35853e+10 -1.5208e+10 -1.49382e+10 -1.6938e+10 -1.71861e+10 -1.83979e+10 -2.26037e+10 -2.37818e+10 -2.49482e+10 -2.75275e+10 -2.76224e+10 -2.85198e+10 -2.98178e+10 -3.01739e+10 -3.01109e+10 -3.19399e+10 -3.46416e+10 -3.52949e+10 -3.31534e+10 -3.16359e+10 -3.13447e+10 -3.35334e+10 -2.98428e+10 -2.89728e+10 -2.61896e+10 -2.56458e+10 -2.30232e+10 -2.05897e+10 -1.7888e+10 -1.38361e+10 -1.18229e+10 -1.03448e+10 -9.08404e+09 -6.94184e+09 -5.28418e+09 -4.44482e+09 -3.17229e+09 -2.13285e+09 -1.82055e+09 -1.08177e+09 -1.01289e+09 -8.22378e+08 -5.06087e+08 -4.79286e+08 -3.4391e+08 -3.75309e+08 -3.57482e+08 -2.64242e+08 -3.1145e+08 -3.16771e+08 -2.50263e+08 -3.39702e+08 -2.96168e+08 -3.75679e+08 -2.36964e+08 -2.19321e+08 -3.63487e+08 -3.00412e+08 -2.58484e+08 -2.55674e+08 -2.49862e+08 -2.49561e+08 -3.11589e+08 -3.73995e+08 -1.94077e+08 -2.79815e+08 -2.2051e+08 -2.88061e+08 -3.30322e+08 -2.64258e+08 -2.84557e+08 -2.31191e+08 -3.12401e+08 -3.18639e+08 -3.4856e+08 -2.82999e+08 -2.62244e+08 -2.92301e+08 -2.97046e+08 -3.04076e+08 -3.52079e+08 -3.28709e+08 -3.72428e+08 -2.68017e+08 -2.07973e+08 -2.99086e+08 -2.64089e+08 -3.10493e+08 -2.82577e+08 -2.97059e+08 -1.53472e+08 
-1.57653e+09 -4.08938e+09 -6.61945e+09 -8.11739e+09 -8.98092e+09 -8.94542e+09 -1.02461e+10 -1.18085e+10 -1.32398e+10 -1.27447e+10 -1.40572e+10 -1.53308e+10 -1.51766e+10 -1.81756e+10 -1.98541e+10 -2.14048e+10 -2.49673e+10 -2.61355e+10 -2.69576e+10 -2.6803e+10 -2.83093e+10 -2.96524e+10 -2.95701e+10 -3.14571e+10 -3.29406e+10 -3.30258e+10 -3.48048e+10 -3.44231e+10 -3.33292e+10 -3.12149e+10 -3.17031e+10 -3.04096e+10 -2.89772e+10 -2.68735e+10 -2.54403e+10 -2.2679e+10 -2.11928e+10 -1.77064e+10 -1.47372e+10 -1.19301e+10 -9.51714e+09 -8.74785e+09 -6.68969e+09 -5.21664e+09 -4.13605e+09 -3.22611e+09 -2.2677e+09 -1.84566e+09 -1.2791e+09 -8.15877e+08 -8.35597e+08 -6.22896e+08 -4.63469e+08 -3.71389e+08 -4.02261e+08 -2.55267e+08 -3.48271e+08 -3.02176e+08 -2.66802e+08 -2.51073e+08 -3.19952e+08 -2.15306e+08 -3.01203e+08 -3.11135e+08 -3.42693e+08 -3.01163e+08 -1.89864e+08 -2.86256e+08 -3.01e+08 -2.86121e+08 -3.14474e+08 -2.10742e+08 -2.63823e+08 -2.62702e+08 -3.88854e+08 -2.39898e+08 -2.67677e+08 -2.87694e+08 -2.11074e+08 -2.85998e+08 -2.60594e+08 -2.90473e+08 -2.59923e+08 -2.91042e+08 -3.28903e+08 -3.28062e+08 -2.94042e+08 -2.72592e+08 -2.81743e+08 -3.14348e+08 -3.69251e+08 -2.38325e+08 -3.63791e+08 -2.94743e+08 -3.90657e+08 -2.1417e+08 -2.4465e+08 -2.69186e+08 -3.21624e+08 -1.47158e+08 
-1.47148e+09 -4.47765e+09 -6.49114e+09 -7.94581e+09 -8.24729e+09 -9.57842e+09 -1.11514e+10 -1.17325e+10 -1.1719e+10 -1.34057e+10 -1.27613e+10 -1.53216e+10 -1.56162e+10 -1.84771e+10 -2.06684e+10 -2.16412e+10 -2.49356e+10 -2.61457e+10 -2.67738e+10 -2.72287e+10 -2.82395e+10 -2.85141e+10 -3.02281e+10 -3.10644e+10 -3.35932e+10 -3.26644e+10 -3.39158e+10 -3.61404e+10 -3.30998e+10 -3.13962e+10 -3.05511e+10 -3.09463e+10 -2.90814e+10 -2.7739e+10 -2.51604e+10 -2.31417e+10 -2.07275e+10 -1.73159e+10 -1.57709e+10 -1.27079e+10 -8.86664e+09 -8.13698e+09 -6.5533e+09 -5.36651e+09 -3.78323e+09 -2.98647e+09 -2.36678e+09 -1.77145e+09 -1.40309e+09 -1.00376e+09 -6.26734e+08 -6.62591e+08 -4.92879e+08 -4.78544e+08 -3.19597e+08 -3.41579e+08 -3.49172e+08 -2.18649e+08 -3.10637e+08 -2.84102e+08 -2.7435e+08 -2.05757e+08 -3.17675e+08 -2.31839e+08 -2.2119e+08 -3.30612e+08 -3.06102e+08 -3.37259e+08 -2.30177e+08 -2.22112e+08 -2.8043e+08 -2.76684e+08 -3.2593e+08 -2.74139e+08 -2.478e+08 -2.37581e+08 -3.54845e+08 -3.75725e+08 -1.72984e+08 -3.00296e+08 -2.30066e+08 -1.97795e+08 -3.10291e+08 -2.55338e+08 -3.06226e+08 -2.49339e+08 -3.45695e+08 -2.7607e+08 -3.73284e+08 -3.01512e+08 -2.48452e+08 -2.89897e+08 -3.13491e+08 -3.17246e+08 -3.17506e+08 -2.95226e+08 -3.75341e+08 -3.19995e+08 -1.97227e+08 -1.60203e+08 
-1.64823e+09 -4.14055e+09 -6.23589e+09 -7.44625e+09 -8.98485e+09 -1.05068e+10 -1.0092e+10 -1.16922e+10 -1.08459e+10 -1.32834e+10 -1.27485e+10 -1.52512e+10 -1.71952e+10 -1.78792e+10 -2.06654e+10 -2.32094e+10 -2.29174e+10 -2.57949e+10 -2.7446e+10 -2.75502e+10 -2.8554e+10 -2.90216e+10 -2.93642e+10 -3.13881e+10 -3.18355e+10 -3.35685e+10 -3.54026e+10 -3.46658e+10 -3.15221e+10 -3.30052e+10 -3.21287e+10 -3.07111e+10 -2.78675e+10 -2.75544e+10 -2.60674e+10 -2.33455e+10 -2.01676e+10 -1.82835e+10 -1.55959e+10 -1.27345e+10 -9.77003e+09 -7.59917e+09 -6.14207e+09 -5.38784e+09 -3.64668e+09 -2.74885e+09 -2.44294e+09 -1.60154e+09 -1.35369e+09 -1.02734e+09 -8.6879e+08 -5.53902e+08 -4.27543e+08 -5.1166e+08 -3.49431e+08 -4.22827e+08 -2.79937e+08 -3.10912e+08 -3.24542e+08 -2.10092e+08 -2.82576e+08 -2.6675e+08 -2.65754e+08 -2.26979e+08 -2.57315e+08 -2.70909e+08 -1.99266e+08 -2.65674e+08 -3.44445e+08 -2.93613e+08 -2.92769e+08 -2.30981e+08 -2.32801e+08 -2.33575e+08 -3.32565e+08 -3.41128e+08 -2.65827e+08 -2.58807e+08 -2.58885e+08 -3.95526e+08 -2.20778e+08 -2.46524e+08 -2.70784e+08 -2.33537e+08 -2.17038e+08 -2.66652e+08 -2.81029e+08 -2.77303e+08 -3.45862e+08 -3.5402e+08 -2.93606e+08 -3.06692e+08 -2.62359e+08 -2.57534e+08 -2.77381e+08 -4.05392e+08 -2.47374e+08 -3.55071e+08 -2.76084e+08 -1.59728e+08 
-1.3819e+09 -3.80089e+09 -6.34562e+09 -8.29224e+09 -9.13565e+09 -9.7559e+09 -9.40698e+09 -1.1843e+10 -1.0411e+10 -1.25583e+10 -1.44874e+10 -1.5214e+10 -1.74404e+10 -1.88083e+10 -1.97469e+10 -2.29991e+10 -2.33668e+10 -2.46779e+10 -2.74843e+10 -2.85723e+10 -2.91888e+10 -2.97958e+10 -2.78662e+10 -3.07865e+10 -3.23171e+10 -3.49133e+10 -3.50222e+10 -3.33451e+10 -3.20425e+10 -3.22104e+10 -3.26551e+10 -3.14826e+10 -2.783e+10 -2.72181e+10 -2.57796e+10 -2.38996e+10 -2.02871e+10 -1.92234e+10 -1.47399e+10 -1.26179e+10 -1.11355e+10 -7.46692e+09 -5.77261e+09 -4.93371e+09 -3.75681e+09 -2.70251e+09 -2.38714e+09 -1.55386e+09 -1.23861e+09 -9.36205e+08 -8.27389e+08 -7.03326e+08 -5.54466e+08 -3.22299e+08 -4.47866e+08 -3.15962e+08 -3.33359e+08 -3.93055e+08 -2.76866e+08 -2.85672e+08 -2.91969e+08 -2.40911e+08 -2.57174e+08 -2.43279e+08 -2.47105e+08 -2.98349e+08 -1.77261e+08 -2.9144e+08 -2.10316e+08 -2.27985e+08 -3.12108e+08 -2.95534e+08 -2.93271e+08 -2.76559e+08 -2.36618e+08 -2.37643e+08 -2.4587e+08 -3.79098e+08 -2.85835e+08 -2.91306e+08 -2.35055e+08 -3.02522e+08 -3.57309e+08 -1.75888e+08 -2.99812e+08 -2.39126e+08 -1.93693e+08 -2.6012e+08 -2.67915e+08 -3.23561e+08 -2.88464e+08 -3.7632e+08 -2.55143e+08 -3.16432e+08 -2.8516e+08 -2.50121e+08 -3.01147e+08 -3.24524e+08 -3.42143e+08 -9.13562e+07 
-1.40255e+09 -4.21952e+09 -6.85262e+09 -8.23898e+09 -7.92161e+09 -9.84097e+09 -9.29881e+09 -1.06406e+10 -1.19694e+10 -1.18747e+10 -1.58123e+10 -1.54621e+10 -1.69739e+10 -1.91072e+10 -1.98697e+10 -2.1589e+10 -2.39679e+10 -2.51542e+10 -2.59805e+10 -2.98421e+10 -2.94498e+10 -2.93582e+10 -2.85882e+10 -2.99301e+10 -3.39224e+10 -3.41603e+10 -3.46409e+10 -3.32824e+10 -3.28897e+10 -3.05658e+10 -3.11412e+10 -3.20553e+10 -3.01079e+10 -2.74649e+10 -2.4683e+10 -2.45524e+10 -2.11874e+10 -1.82813e+10 -1.5016e+10 -1.30579e+10 -1.09372e+10 -8.51046e+09 -5.55228e+09 -4.29053e+09 -3.88478e+09 -2.71404e+09 -2.26785e+09 -1.58198e+09 -1.13518e+09 -9.08272e+08 -7.0063e+08 -6.72888e+08 -5.79079e+08 -4.87472e+08 -4.23946e+08 -2.77001e+08 -4.15138e+08 -2.31768e+08 -3.00708e+08 -3.81431e+08 -2.95533e+08 -2.77373e+08 -2.4646e+08 -2.82004e+08 -2.3357e+08 -2.49768e+08 -2.2249e+08 -3.11644e+08 -1.89321e+08 -2.57691e+08 -2.4919e+08 -2.17057e+08 -2.3326e+08 -3.27273e+08 -2.82477e+08 -3.095e+08 -2.75568e+08 -2.08748e+08 -2.00091e+08 -3.36644e+08 -3.26863e+08 -2.88855e+08 -2.97062e+08 -2.60983e+08 -3.28041e+08 -2.3921e+08 -2.37976e+08 -2.65011e+08 -2.78905e+08 -1.93253e+08 -2.60971e+08 -2.52851e+08 -3.08065e+08 -3.56425e+08 -3.274e+08 -2.56705e+08 -3.20267e+08 -2.69131e+08 -2.89039e+08 -1.32084e+08 
-1.39913e+09 -4.24737e+09 -6.68668e+09 -7.32923e+09 -8.01277e+09 -9.10362e+09 -9.93104e+09 -9.39881e+09 -1.40622e+10 -1.24086e+10 -1.46908e+10 -1.6412e+10 -1.68202e+10 -1.82714e+10 -2.04966e+10 -2.09218e+10 -2.33428e+10 -2.6412e+10 -2.63938e+10 -2.78481e+10 -2.96211e+10 -2.91648e+10 -3.12996e+10 -2.94597e+10 -3.28216e+10 -3.411e+10 -3.52728e+10 -3.36138e+10 -3.14418e+10 -3.015e+10 -3.08115e+10 -3.10471e+10 -3.11898e+10 -2.80086e+10 -2.60655e+10 -2.37613e+10 -2.09388e+10 -1.80466e+10 -1.54858e+10 -1.35989e+10 -1.00846e+10 -9.07032e+09 -6.45369e+09 -3.8489e+09 -3.55647e+09 -2.82249e+09 -2.07612e+09 -1.63866e+09 -1.15947e+09 -8.90452e+08 -6.48063e+08 -6.00639e+08 -4.85246e+08 -5.64566e+08 -3.46712e+08 -4.45157e+08 -3.55614e+08 -2.69524e+08 -3.80568e+08 -2.28528e+08 -2.57212e+08 -3.34454e+08 -3.27751e+08 -2.89654e+08 -2.27273e+08 -2.7448e+08 -2.48659e+08 -2.62017e+08 -2.04299e+08 -2.65833e+08 -2.78454e+08 -1.92332e+08 -2.72844e+08 -2.22685e+08 -2.44015e+08 -3.03884e+08 -2.63545e+08 -2.73469e+08 -3.12875e+08 -2.25224e+08 -2.16659e+08 -2.24812e+08 -3.89036e+08 -2.86727e+08 -3.02112e+08 -2.96653e+08 -2.56058e+08 -3.02425e+08 -2.50357e+08 -2.77533e+08 -2.39479e+08 -2.22281e+08 -2.09722e+08 -2.35451e+08 -2.91719e+08 -3.36224e+08 -3.91357e+08 -2.65967e+08 -2.7744e+08 -1.69251e+08 
-1.35116e+09 -3.88354e+09 -6.35149e+09 -7.19547e+09 -8.32426e+09 -7.55528e+09 -1.11319e+10 -1.02652e+10 -1.35771e+10 -1.40644e+10 -1.32658e+10 -1.62665e+10 -1.69835e+10 -1.84305e+10 -1.9517e+10 -2.22588e+10 -2.29406e+10 -2.61402e+10 -2.67099e+10 -2.66209e+10 -3.04854e+10 -3.0247e+10 -2.98419e+10 -3.11266e+10 -3.23567e+10 -3.46331e+10 -3.47761e+10 -3.31588e+10 -3.04594e+10 -3.06299e+10 -3.09553e+10 -3.09998e+10 -3.02772e+10 -2.80833e+10 -2.81633e+10 -2.28389e+10 -2.08969e+10 -1.84426e+10 -1.55731e+10 -1.35624e+10 -1.02345e+10 -8.54729e+09 -7.19263e+09 -4.65538e+09 -2.89551e+09 -2.80486e+09 -1.9864e+09 -1.56499e+09 -1.2284e+09 -9.36241e+08 -6.6659e+08 -5.08909e+08 -5.2162e+08 -3.84372e+08 -4.57015e+08 -4.04514e+08 -2.8586e+08 -3.5872e+08 -3.7991e+08 -2.55158e+08 -3.40714e+08 -2.71158e+08 -2.1269e+08 -2.9379e+08 -3.09501e+08 -3.18582e+08 -2.73441e+08 -2.10179e+08 -2.8389e+08 -2.59572e+08 -2.28147e+08 -2.04294e+08 -3.36303e+08 -2.00524e+08 -2.504e+08 -2.61301e+08 -2.46221e+08 -2.18919e+08 -2.80062e+08 -2.62817e+08 -2.74573e+08 -3.24408e+08 -2.01648e+08 -1.93276e+08 -3.48638e+08 -2.75616e+08 -3.32298e+08 -3.29559e+08 -2.96085e+08 -2.74504e+08 -2.23765e+08 -2.58502e+08 -2.54414e+08 -2.31459e+08 -2.08928e+08 -2.24424e+08 -2.63883e+08 -3.12523e+08 -4.05664e+08 -1.76153e+08 
-1.29314e+09 -3.87707e+09 -6.64755e+09 -6.40406e+09 -8.39726e+09 -7.89892e+09 -1.13855e+10 -1.21003e+10 -1.16988e+10 -1.48207e+10 -1.31022e+10 -1.56722e+10 -1.72338e+10 -1.84137e+10 -1.96502e+10 -2.24519e+10 -2.37187e+10 -2.3932e+10 -2.70292e+10 -2.88973e+10 -2.88857e+10 -3.1026e+10 -2.8553e+10 -3.10737e+10 -3.36432e+10 -3.51174e+10 -3.31679e+10 -3.27252e+10 -3.20122e+10 -3.07597e+10 -2.93486e+10 -3.07642e+10 -3.05622e+10 -2.88804e+10 -2.66348e+10 -2.35529e+10 -2.20803e+10 -1.78624e+10 -1.58423e+10 -1.30467e+10 -1.09577e+10 -8.34569e+09 -6.67275e+09 -5.80906e+09 -3.07088e+09 -2.40774e+09 -1.96786e+09 -1.53639e+09 -1.20211e+09 -9.84996e+08 -6.92101e+08 -5.58373e+08 -4.23936e+08 -4.30195e+08 -4.27867e+08 -2.4646e+08 -4.3758e+08 -3.28703e+08 -2.59994e+08 -2.89664e+08 -3.75913e+08 -2.64271e+08 -3.09257e+08 -2.97383e+08 -2.3408e+08 -2.45666e+08 -2.90254e+08 -2.9658e+08 -3.24981e+08 -2.07775e+08 -2.62121e+08 -2.76953e+08 -2.70322e+08 -1.99072e+08 -2.92558e+08 -2.70404e+08 -2.08461e+08 -2.58971e+08 -2.3901e+08 -2.28302e+08 -2.58092e+08 -2.51756e+08 -2.94103e+08 -2.85483e+08 -2.5677e+08 -1.99737e+08 -2.37576e+08 -3.74485e+08 -2.98714e+08 -3.50782e+08 -2.91017e+08 -2.45592e+08 -2.62902e+08 -2.26274e+08 -2.42934e+08 -2.57049e+08 -2.30265e+08 -2.21865e+08 -2.38059e+08 -1.77212e+08 
-1.40116e+09 -4.27073e+09 -5.72489e+09 -6.93143e+09 -8.1318e+09 -1.00814e+10 -9.6845e+09 -1.30305e+10 -1.09288e+10 -1.41787e+10 -1.45563e+10 -1.48362e+10 -1.68075e+10 -1.89952e+10 -2.06418e+10 -2.11e+10 -2.38159e+10 -2.46092e+10 -2.6334e+10 -3.11201e+10 -2.83986e+10 -2.899e+10 -2.92668e+10 -3.0749e+10 -3.38904e+10 -3.51317e+10 -3.32035e+10 -3.33924e+10 -3.08611e+10 -2.98997e+10 -3.04022e+10 -3.14051e+10 -3.02344e+10 -2.86983e+10 -2.50736e+10 -2.48953e+10 -2.18966e+10 -1.82998e+10 -1.60355e+10 -1.2758e+10 -1.11219e+10 -8.81722e+09 -6.38672e+09 -5.40083e+09 -4.13349e+09 -2.28893e+09 -1.83831e+09 -1.49737e+09 -1.27623e+09 -9.42036e+08 -7.68306e+08 -5.27224e+08 -4.63592e+08 -4.28323e+08 -3.17137e+08 -4.10683e+08 -3.25942e+08 -2.11313e+08 -3.81248e+08 -3.08822e+08 -2.42767e+08 -2.50713e+08 -3.39188e+08 -2.86762e+08 -2.83574e+08 -3.21174e+08 -2.28836e+08 -2.7393e+08 -2.47387e+08 -2.55178e+08 -3.30337e+08 -2.98186e+08 -2.03544e+08 -3.16547e+08 -2.79855e+08 -2.35915e+08 -2.078e+08 -3.10293e+08 -2.20892e+08 -2.13683e+08 -2.60767e+08 -2.56813e+08 -2.57658e+08 -2.35039e+08 -2.53255e+08 -2.70702e+08 -2.90416e+08 -2.40946e+08 -2.25421e+08 -3.6004e+08 -2.28814e+08 -3.69435e+08 -3.24704e+08 -2.3705e+08 -2.5832e+08 -2.23372e+08 -2.74677e+08 -2.27843e+08 -2.54463e+08 -1.33011e+08 
-1.28021e+09 -4.00094e+09 -5.28986e+09 -8.31621e+09 -8.01704e+09 -1.01409e+10 -9.84131e+09 -1.16821e+10 -1.21801e+10 -1.28869e+10 -1.53644e+10 -1.47598e+10 -1.70103e+10 -1.88596e+10 -2.05864e+10 -2.11697e+10 -2.30301e+10 -2.63607e+10 -2.62924e+10 -2.92851e+10 -3.09448e+10 -2.72405e+10 -2.89984e+10 -3.12137e+10 -3.26825e+10 -3.58945e+10 -3.4647e+10 -3.18572e+10 -3.02842e+10 -3.00041e+10 -3.16492e+10 -3.22576e+10 -2.90865e+10 -2.70825e+10 -2.61328e+10 -2.52033e+10 -2.03777e+10 -1.96105e+10 -1.61191e+10 -1.30039e+10 -1.09271e+10 -8.92661e+09 -6.90328e+09 -4.78581e+09 -4.25662e+09 -2.88568e+09 -1.75741e+09 -1.43321e+09 -1.29687e+09 -1.02488e+09 -7.13798e+08 -6.38396e+08 -3.78029e+08 -4.65152e+08 -3.53629e+08 -3.54477e+08 -3.11019e+08 -3.38227e+08 -3.03403e+08 -1.96379e+08 -3.02711e+08 -3.3294e+08 -2.15373e+08 -2.4473e+08 -3.07496e+08 -2.54992e+08 -3.0654e+08 -2.92831e+08 -2.74592e+08 -2.63052e+08 -2.67317e+08 -2.36351e+08 -2.7221e+08 -3.49876e+08 -2.63929e+08 -2.56617e+08 -2.80896e+08 -2.77903e+08 -1.99752e+08 -2.60579e+08 -2.65869e+08 -2.13936e+08 -2.67734e+08 -2.8738e+08 -2.31273e+08 -2.2383e+08 -2.34737e+08 -2.95845e+08 -2.62359e+08 -2.68626e+08 -2.26336e+08 -2.75346e+08 -3.14766e+08 -2.50189e+08 -3.93941e+08 -2.62422e+08 -2.33597e+08 -2.76133e+08 -2.46989e+08 -1.34272e+08 
-1.36515e+09 -3.65072e+09 -6.66072e+09 -7.27915e+09 -9.14284e+09 -8.99524e+09 -1.04397e+10 -1.05656e+10 -1.29215e+10 -1.2557e+10 -1.51139e+10 -1.57338e+10 -1.6854e+10 -1.85083e+10 -1.9674e+10 -2.26509e+10 -2.31398e+10 -2.56105e+10 -2.87699e+10 -2.64629e+10 -2.99387e+10 -2.94743e+10 -2.85297e+10 -3.06789e+10 -3.33762e+10 -3.51021e+10 -3.42475e+10 -3.18334e+10 -3.13967e+10 -3.08904e+10 -3.1458e+10 -3.02724e+10 -2.93544e+10 -2.76101e+10 -2.60894e+10 -2.39241e+10 -2.08526e+10 -2.01451e+10 -1.55175e+10 -1.40407e+10 -1.06402e+10 -8.62202e+09 -7.47244e+09 -4.8626e+09 -3.90446e+09 -3.13435e+09 -2.06265e+09 -1.42262e+09 -1.15083e+09 -1.09871e+09 -8.36232e+08 -5.66313e+08 -5.6597e+08 -3.30066e+08 -3.52467e+08 -3.77312e+08 -3.61374e+08 -2.73908e+08 -3.18532e+08 -2.81833e+08 -3.03401e+08 -2.02697e+08 -2.31905e+08 -3.25186e+08 -2.18171e+08 -2.61478e+08 -2.56615e+08 -2.66437e+08 -2.56613e+08 -3.12169e+08 -2.90899e+08 -2.60835e+08 -2.94139e+08 -2.70525e+08 -2.11414e+08 -3.08956e+08 -3.31184e+08 -2.32513e+08 -2.97527e+08 -2.4758e+08 -2.66154e+08 -2.18606e+08 -2.84196e+08 -2.78506e+08 -2.01218e+08 -2.79148e+08 -2.58191e+08 -2.67352e+08 -2.01894e+08 -2.58896e+08 -2.70907e+08 -2.26295e+08 -2.68493e+08 -2.24645e+08 -3.53304e+08 -2.14153e+08 -3.7392e+08 -3.44194e+08 -2.19675e+08 -1.15264e+08 
-1.23735e+09 -4.1117e+09 -6.52439e+09 -7.25564e+09 -9.30145e+09 -8.44864e+09 -1.044e+10 -1.03939e+10 -1.29454e+10 -1.31443e+10 -1.42107e+10 -1.67364e+10 -1.59332e+10 -1.92236e+10 -1.95044e+10 -2.29221e+10 -2.44808e+10 -2.44271e+10 -2.80701e+10 -2.81044e+10 -2.75273e+10 -2.99429e+10 -2.98051e+10 -3.0656e+10 -3.31277e+10 -3.34269e+10 -3.36899e+10 -3.41332e+10 -3.21667e+10 -3.03775e+10 -3.10685e+10 -3.0021e+10 -2.96292e+10 -2.81311e+10 -2.53637e+10 -2.31085e+10 -2.22261e+10 -1.91424e+10 -1.56323e+10 -1.45464e+10 -1.06211e+10 -8.84431e+09 -7.03684e+09 -5.31902e+09 -4.0746e+09 -2.95055e+09 -2.25788e+09 -1.61431e+09 -1.08136e+09 -9.11889e+08 -9.6185e+08 -6.78502e+08 -5.29344e+08 -4.45439e+08 -4.13048e+08 -2.58536e+08 -3.38153e+08 -3.30811e+08 -3.61282e+08 -2.32514e+08 -3.12459e+08 -2.62057e+08 -2.79475e+08 -2.32427e+08 -2.03912e+08 -2.68012e+08 -2.63533e+08 -2.28365e+08 -2.54454e+08 -2.82774e+08 -2.15164e+08 -2.9383e+08 -3.13693e+08 -2.75458e+08 -3.03374e+08 -2.68679e+08 -2.52948e+08 -1.98446e+08 -3.42958e+08 -2.82508e+08 -2.75064e+08 -2.7414e+08 -2.70907e+08 -2.62498e+08 -2.64926e+08 -2.63009e+08 -2.23338e+08 -2.70777e+08 -3.03779e+08 -2.32081e+08 -2.10007e+08 -2.03316e+08 -2.79607e+08 -2.24902e+08 -2.35839e+08 -2.70354e+08 -3.17922e+08 -2.67995e+08 -2.78779e+08 -1.99353e+08 
-1.67797e+09 -4.25075e+09 -6.42608e+09 -7.49546e+09 -8.29714e+09 -9.38663e+09 -9.4096e+09 -1.12814e+10 -1.23911e+10 -1.39118e+10 -1.34048e+10 -1.63152e+10 -1.70459e+10 -1.89321e+10 -2.03716e+10 -2.21989e+10 -2.45115e+10 -2.54579e+10 -2.52331e+10 -2.98276e+10 -2.86229e+10 -2.88209e+10 -3.06756e+10 -3.02771e+10 -3.09858e+10 -3.34626e+10 -3.54282e+10 -3.46873e+10 -3.1421e+10 -3.05884e+10 -2.93994e+10 -3.19766e+10 -2.97154e+10 -2.73653e+10 -2.57328e+10 -2.35783e+10 -2.18135e+10 -1.81851e+10 -1.69483e+10 -1.34728e+10 -1.10022e+10 -9.3015e+09 -6.61545e+09 -5.65271e+09 -4.07293e+09 -3.19455e+09 -2.2096e+09 -1.79736e+09 -1.09271e+09 -9.16821e+08 -6.89795e+08 -8.18255e+08 -6.05164e+08 -4.86794e+08 -4.14449e+08 -3.96869e+08 -3.449e+08 -2.39192e+08 -3.32552e+08 -2.93064e+08 -3.3475e+08 -2.61256e+08 -2.62869e+08 -2.87567e+08 -2.10828e+08 -2.80555e+08 -2.19403e+08 -2.19638e+08 -2.58872e+08 -2.2565e+08 -2.57759e+08 -2.80848e+08 -2.37478e+08 -2.72188e+08 -2.68212e+08 -3.08599e+08 -2.68459e+08 -2.80366e+08 -2.78328e+08 -2.06746e+08 -2.61304e+08 -3.40107e+08 -2.79782e+08 -3.09214e+08 -2.36064e+08 -3.1136e+08 -2.48345e+08 -2.63472e+08 -2.93685e+08 -1.95401e+08 -2.89572e+08 -2.37791e+08 -2.51775e+08 -1.66759e+08 -2.56596e+08 -2.64596e+08 -2.03484e+08 -2.86094e+08 -2.74818e+08 -1.95607e+08 
-1.56589e+09 -4.71686e+09 -5.95022e+09 -7.36821e+09 -8.07967e+09 -9.69956e+09 -9.46848e+09 -1.16532e+10 -1.16713e+10 -1.39917e+10 -1.37135e+10 -1.53917e+10 -1.86187e+10 -1.83939e+10 -2.10646e+10 -2.20599e+10 -2.29316e+10 -2.65263e+10 -2.59916e+10 -2.76949e+10 -3.11859e+10 -2.95703e+10 -2.83686e+10 -2.90729e+10 -3.14334e+10 -3.42217e+10 -3.56692e+10 -3.42919e+10 -3.15491e+10 -3.04171e+10 -2.99107e+10 -3.16808e+10 -2.91074e+10 -2.83997e+10 -2.6173e+10 -2.36698e+10 -2.10131e+10 -1.82498e+10 -1.70397e+10 -1.25188e+10 -1.20574e+10 -8.65654e+09 -7.00099e+09 -5.85512e+09 -3.93198e+09 -3.3727e+09 -2.2763e+09 -1.88331e+09 -1.26239e+09 -7.56939e+08 -8.36117e+08 -5.13076e+08 -6.50169e+08 -6.17455e+08 -3.9731e+08 -4.25685e+08 -3.71263e+08 -3.45019e+08 -3.36457e+08 -2.48417e+08 -3.25043e+08 -2.59548e+08 -2.94189e+08 -3.33277e+08 -1.98959e+08 -3.01751e+08 -2.05132e+08 -2.45296e+08 -2.71806e+08 -2.16811e+08 -2.06022e+08 -2.50813e+08 -2.68452e+08 -2.57112e+08 -2.89535e+08 -2.08657e+08 -2.69804e+08 -2.5813e+08 -2.79731e+08 -2.9854e+08 -2.58542e+08 -2.85921e+08 -2.14783e+08 -3.10262e+08 -3.06476e+08 -3.23597e+08 -2.73949e+08 -2.62078e+08 -3.149e+08 -2.4526e+08 -2.45764e+08 -2.33696e+08 -2.5584e+08 -2.70216e+08 -2.2966e+08 -2.13011e+08 -2.2186e+08 -2.86349e+08 -2.0761e+08 -6.35039e+07 
-1.52613e+09 -3.9002e+09 -6.10901e+09 -7.43267e+09 -7.89752e+09 -9.78593e+09 -1.04208e+10 -1.05665e+10 -1.18994e+10 -1.3184e+10 -1.50151e+10 -1.49944e+10 -1.87142e+10 -1.90321e+10 -2.03876e+10 -2.22424e+10 -2.2444e+10 -2.55301e+10 -2.91503e+10 -2.74321e+10 -2.88735e+10 -2.95796e+10 -2.89722e+10 -3.03835e+10 -3.14127e+10 -3.33195e+10 -3.49403e+10 -3.34119e+10 -3.29968e+10 -3.10186e+10 -3.08601e+10 -2.91065e+10 -2.92765e+10 -2.98657e+10 -2.54898e+10 -2.41862e+10 -2.09166e+10 -1.87637e+10 -1.54484e+10 -1.32665e+10 -1.20845e+10 -8.10341e+09 -7.57499e+09 -5.69069e+09 -4.20168e+09 -3.27021e+09 -2.46461e+09 -1.77782e+09 -1.37774e+09 -9.74194e+08 -6.59894e+08 -6.2615e+08 -4.76026e+08 -4.95016e+08 -5.28691e+08 -4.52182e+08 -3.44457e+08 -3.67953e+08 -3.9499e+08 -2.85137e+08 -3.28109e+08 -2.85524e+08 -3.04337e+08 -2.77767e+08 -2.43436e+08 -3.47131e+08 -2.14665e+08 -2.58734e+08 -2.52052e+08 -2.07552e+08 -2.65383e+08 -2.78737e+08 -1.88117e+08 -2.28913e+08 -2.503e+08 -2.69686e+08 -2.73637e+08 -2.18108e+08 -2.84692e+08 -1.94099e+08 -2.86013e+08 -2.921e+08 -2.78253e+08 -2.78421e+08 -2.69159e+08 -2.64995e+08 -3.29926e+08 -3.09426e+08 -3.11879e+08 -2.28436e+08 -3.0419e+08 -2.60125e+08 -2.40999e+08 -2.73909e+08 -2.16596e+08 -2.78982e+08 -2.42703e+08 -2.54873e+08 -2.03285e+08 -1.13687e+08 
-1.48713e+09 -4.18418e+09 -6.04594e+09 -7.27246e+09 -8.64282e+09 -9.17932e+09 -1.0664e+10 -1.02614e+10 -1.21388e+10 -1.27311e+10 -1.56951e+10 -1.56912e+10 -1.73577e+10 -1.94762e+10 -2.02225e+10 -2.1285e+10 -2.42579e+10 -2.55131e+10 -2.87914e+10 -2.87869e+10 -2.60824e+10 -2.90037e+10 -3.11306e+10 -3.12136e+10 -3.23273e+10 -3.15518e+10 -3.32537e+10 -3.38727e+10 -3.29706e+10 -3.10974e+10 -3.14143e+10 -3.01197e+10 -2.95513e+10 -2.77939e+10 -2.62294e+10 -2.48986e+10 -2.10007e+10 -1.87544e+10 -1.48717e+10 -1.41018e+10 -1.07371e+10 -8.96152e+09 -7.42316e+09 -5.52065e+09 -4.52867e+09 -3.30823e+09 -2.44394e+09 -1.76343e+09 -1.38343e+09 -9.99756e+08 -8.51801e+08 -5.84935e+08 -4.29706e+08 -4.51068e+08 -4.55243e+08 -3.96199e+08 -4.56034e+08 -3.48621e+08 -3.41666e+08 -3.31648e+08 -3.77379e+08 -2.80844e+08 -3.33357e+08 -2.76336e+08 -3.20094e+08 -3.04927e+08 -2.04646e+08 -3.16423e+08 -2.90246e+08 -2.18562e+08 -2.60191e+08 -2.21651e+08 -2.22469e+08 -3.16179e+08 -2.41689e+08 -1.55077e+08 -2.29344e+08 -2.87631e+08 -2.43113e+08 -2.75561e+08 -2.29436e+08 -2.59318e+08 -2.16643e+08 -2.8429e+08 -3.07538e+08 -2.58885e+08 -3.04861e+08 -2.82979e+08 -2.7434e+08 -3.18418e+08 -3.05966e+08 -2.50561e+08 -2.5476e+08 -3.19365e+08 -2.33016e+08 -2.64446e+08 -2.59997e+08 -2.61208e+08 -2.64679e+08 -9.41708e+07 
-1.49705e+09 -3.91581e+09 -6.52355e+09 -7.19877e+09 -8.76377e+09 -8.65267e+09 -1.04073e+10 -1.10574e+10 -1.19384e+10 -1.33604e+10 -1.47892e+10 -1.65242e+10 -1.65121e+10 -1.85502e+10 -2.10865e+10 -2.14121e+10 -2.52236e+10 -2.65946e+10 -2.57186e+10 -2.85906e+10 -2.88925e+10 -2.88956e+10 -3.01928e+10 -3.1192e+10 -3.29529e+10 -3.10737e+10 -3.11418e+10 -3.4777e+10 -3.38276e+10 -3.10929e+10 -3.11719e+10 -3.12528e+10 -2.99266e+10 -2.63771e+10 -2.74416e+10 -2.34271e+10 -2.18297e+10 -1.84892e+10 -1.62082e+10 -1.34998e+10 -9.75627e+09 -1.01775e+10 -6.8245e+09 -5.32418e+09 -4.97905e+09 -3.31788e+09 -2.30203e+09 -1.80545e+09 -1.3368e+09 -1.09794e+09 -7.35177e+08 -7.12888e+08 -5.63956e+08 -3.97904e+08 -3.08759e+08 -4.28365e+08 -4.17392e+08 -3.22961e+08 -4.21955e+08 -2.61183e+08 -3.5352e+08 -3.08006e+08 -3.58553e+08 -3.07747e+08 -2.89484e+08 -2.88847e+08 -3.33277e+08 -3.30468e+08 -2.33738e+08 -2.3913e+08 -3.28385e+08 -2.48018e+08 -2.58822e+08 -2.24943e+08 -2.30866e+08 -2.42401e+08 -2.9114e+08 -1.81811e+08 -1.89937e+08 -2.53177e+08 -2.79498e+08 -2.62244e+08 -2.39028e+08 -3.09604e+08 -1.8593e+08 -2.42798e+08 -3.01221e+08 -2.96494e+08 -2.60846e+08 -3.17038e+08 -2.65743e+08 -2.69394e+08 -3.24987e+08 -2.84566e+08 -2.23924e+08 -3.14507e+08 -2.82861e+08 -2.47158e+08 -2.87414e+08 -1.39681e+08 
-1.23234e+09 -4.47278e+09 -6.16033e+09 -7.45074e+09 -8.16697e+09 -8.98477e+09 -1.01405e+10 -1.16942e+10 -1.24129e+10 -1.29772e+10 -1.42488e+10 -1.62197e+10 -1.67802e+10 -1.79602e+10 -2.12332e+10 -2.34446e+10 -2.39508e+10 -2.62119e+10 -2.62416e+10 -2.77076e+10 -3.07967e+10 -2.86118e+10 -3.0547e+10 -3.10303e+10 -3.02779e+10 -3.1935e+10 -3.24501e+10 -3.41247e+10 -3.31167e+10 -3.32618e+10 -3.16736e+10 -2.94237e+10 -2.90739e+10 -2.87643e+10 -2.65884e+10 -2.26291e+10 -2.202e+10 -1.85262e+10 -1.69881e+10 -1.26556e+10 -1.09992e+10 -9.58905e+09 -6.26086e+09 -6.08716e+09 -4.54386e+09 -3.46493e+09 -2.29656e+09 -1.78056e+09 -1.30734e+09 -1.02924e+09 -8.53729e+08 -5.84411e+08 -5.91303e+08 -5.25042e+08 -4.06889e+08 -3.16932e+08 -2.86426e+08 -3.97941e+08 -3.92663e+08 -2.76731e+08 -3.99973e+08 -2.29225e+08 -3.183e+08 -2.92742e+08 -3.37647e+08 -3.35133e+08 -2.70802e+08 -3.26324e+08 -2.71321e+08 -3.90542e+08 -2.81281e+08 -2.33175e+08 -2.61323e+08 -3.09946e+08 -2.37989e+08 -2.46832e+08 -2.01475e+08 -2.35963e+08 -2.71678e+08 -2.68416e+08 -1.42662e+08 -2.27054e+08 -3.00717e+08 -2.63745e+08 -2.74084e+08 -2.64504e+08 -2.32591e+08 -2.25983e+08 -2.72731e+08 -2.74641e+08 -2.5757e+08 -2.83477e+08 -3.23869e+08 -2.46812e+08 -2.77908e+08 -3.34305e+08 -2.47937e+08 -2.46979e+08 -3.59531e+08 -1.14516e+08 
-1.63715e+09 -4.14502e+09 -6.06695e+09 -7.48384e+09 -7.94371e+09 -9.38906e+09 -1.03679e+10 -1.15669e+10 -1.28256e+10 -1.24875e+10 -1.40491e+10 -1.52918e+10 -1.73791e+10 -1.91011e+10 -2.08e+10 -2.28292e+10 -2.43587e+10 -2.51884e+10 -2.94239e+10 -2.71839e+10 -2.84112e+10 -3.06789e+10 -2.96346e+10 -3.08144e+10 -3.05351e+10 -3.09936e+10 -3.26246e+10 -3.44912e+10 -3.44949e+10 -3.33555e+10 -3.04445e+10 -3.02319e+10 -2.83894e+10 -2.91324e+10 -2.55448e+10 -2.47094e+10 -2.09701e+10 -1.85765e+10 -1.62652e+10 -1.33074e+10 -1.21537e+10 -8.44438e+09 -6.71039e+09 -6.27841e+09 -4.1356e+09 -3.36628e+09 -2.48393e+09 -1.76668e+09 -1.27459e+09 -9.73562e+08 -7.67882e+08 -6.74445e+08 -5.06389e+08 -5.13394e+08 -4.94591e+08 -3.63856e+08 -3.75925e+08 -2.69261e+08 -2.96782e+08 -3.60196e+08 -3.66178e+08 -2.94804e+08 -3.06224e+08 -3.05806e+08 -2.10759e+08 -3.01744e+08 -3.33011e+08 -3.32299e+08 -2.85714e+08 -2.9197e+08 -3.33982e+08 -3.34878e+08 -3.57318e+08 -2.48521e+08 -2.38696e+08 -2.71591e+08 -2.68781e+08 -2.4784e+08 -2.14371e+08 -2.3864e+08 -2.36684e+08 -2.61425e+08 -2.29599e+08 -2.12697e+08 -2.69063e+08 -2.66721e+08 -2.54205e+08 -2.56217e+08 -3.25492e+08 -1.79268e+08 -2.31791e+08 -2.77356e+08 -2.19691e+08 -2.61788e+08 -3.35456e+08 -3.05061e+08 -2.51842e+08 -2.96207e+08 -3.16865e+08 -9.1385e+07 
-1.44755e+09 -4.10517e+09 -6.05767e+09 -7.2464e+09 -8.55006e+09 -9.59136e+09 -1.04565e+10 -1.09779e+10 -1.2779e+10 -1.28884e+10 -1.32686e+10 -1.54999e+10 -1.78445e+10 -1.94743e+10 -2.052e+10 -2.14215e+10 -2.61556e+10 -2.59878e+10 -2.79353e+10 -2.85681e+10 -2.68348e+10 -2.92536e+10 -3.04666e+10 -3.20607e+10 -3.18694e+10 -2.93902e+10 -3.19455e+10 -3.5404e+10 -3.49118e+10 -3.24532e+10 -3.11606e+10 -3.07833e+10 -2.78733e+10 -2.77077e+10 -2.61716e+10 -2.58694e+10 -2.00365e+10 -1.94243e+10 -1.48286e+10 -1.46552e+10 -1.14816e+10 -8.46992e+09 -8.08416e+09 -5.20342e+09 -4.13948e+09 -3.36303e+09 -2.48532e+09 -1.75255e+09 -1.28871e+09 -9.45027e+08 -7.68846e+08 -5.88263e+08 -5.47284e+08 -4.4899e+08 -4.34521e+08 -4.47047e+08 -4.19301e+08 -3.07194e+08 -3.24851e+08 -2.82969e+08 -2.90413e+08 -3.39169e+08 -3.3004e+08 -3.32181e+08 -2.4241e+08 -3.24632e+08 -1.96236e+08 -2.8825e+08 -2.73496e+08 -3.39178e+08 -3.32993e+08 -2.76117e+08 -3.31403e+08 -3.2115e+08 -3.81949e+08 -2.97549e+08 -2.57595e+08 -2.03822e+08 -2.79364e+08 -2.53401e+08 -2.51242e+08 -2.11629e+08 -2.52533e+08 -2.75155e+08 -2.60209e+08 -1.80718e+08 -2.46251e+08 -2.99421e+08 -2.52261e+08 -2.68258e+08 -2.75692e+08 -2.18156e+08 -2.22457e+08 -2.1182e+08 -2.71073e+08 -2.25417e+08 -3.09512e+08 -3.57348e+08 -2.69834e+08 -1.27732e+08 
-1.50658e+09 -4.04997e+09 -6.06474e+09 -7.63582e+09 -8.96608e+09 -9.2379e+09 -1.02447e+10 -1.10022e+10 -1.19036e+10 -1.36233e+10 -1.36332e+10 -1.55264e+10 -1.79266e+10 -1.89031e+10 -2.03411e+10 -2.25284e+10 -2.56115e+10 -2.72346e+10 -2.54338e+10 -2.86761e+10 -2.81771e+10 -2.7339e+10 -3.17537e+10 -3.29596e+10 -3.12614e+10 -3.08821e+10 -3.21898e+10 -3.38564e+10 -3.33064e+10 -3.36252e+10 -3.30413e+10 -2.87577e+10 -2.85528e+10 -2.76042e+10 -2.66622e+10 -2.38699e+10 -2.1478e+10 -1.98972e+10 -1.48212e+10 -1.46231e+10 -9.99776e+09 -1.02435e+10 -7.99342e+09 -4.64305e+09 -4.3951e+09 -3.23923e+09 -2.47221e+09 -1.68021e+09 -1.30939e+09 -9.52666e+08 -7.46848e+08 -5.87576e+08 -4.89018e+08 -4.28239e+08 -4.78182e+08 -3.13603e+08 -4.17983e+08 -3.83221e+08 -3.53873e+08 -3.16522e+08 -3.07473e+08 -2.53973e+08 -3.04979e+08 -3.29554e+08 -3.09295e+08 -3.30253e+08 -2.53736e+08 -2.6145e+08 -2.78399e+08 -2.16349e+08 -2.91729e+08 -2.99457e+08 -3.16413e+08 -3.07992e+08 -3.10155e+08 -3.44314e+08 -3.2219e+08 -3.57022e+08 -2.85636e+08 -2.41833e+08 -2.20646e+08 -2.69973e+08 -2.59665e+08 -2.65974e+08 -2.38877e+08 -2.40733e+08 -2.27348e+08 -2.70872e+08 -2.31768e+08 -2.83337e+08 -2.48597e+08 -2.59257e+08 -2.19806e+08 -2.89917e+08 -1.81222e+08 -2.5046e+08 -2.52004e+08 -2.19026e+08 -2.60309e+08 -2.04055e+08 
-1.28129e+09 -4.01115e+09 -6.33798e+09 -8.09795e+09 -8.36512e+09 -9.32093e+09 -9.88753e+09 -1.10856e+10 -1.14563e+10 -1.39697e+10 -1.51246e+10 -1.49154e+10 -1.68169e+10 -1.91882e+10 -2.07861e+10 -2.42471e+10 -2.32827e+10 -2.62932e+10 -2.69875e+10 -2.60678e+10 -2.94562e+10 -2.96045e+10 -3.10939e+10 -3.25944e+10 -3.21029e+10 -3.25144e+10 -3.17549e+10 -3.16304e+10 -3.21793e+10 -3.48512e+10 -3.28216e+10 -2.95239e+10 -2.93709e+10 -2.69965e+10 -2.66727e+10 -2.30263e+10 -2.2695e+10 -1.85736e+10 -1.6536e+10 -1.35816e+10 -1.09177e+10 -1.00317e+10 -6.59477e+09 -5.74479e+09 -4.59718e+09 -2.9719e+09 -2.35271e+09 -1.76082e+09 -1.20862e+09 -9.59645e+08 -7.33236e+08 -6.38495e+08 -4.39407e+08 -4.60175e+08 -3.84446e+08 -3.5746e+08 -3.85534e+08 -2.97297e+08 -3.67464e+08 -3.66144e+08 -2.93824e+08 -3.48142e+08 -2.79753e+08 -2.55646e+08 -2.91058e+08 -3.19665e+08 -3.21361e+08 -2.99857e+08 -2.89255e+08 -2.44295e+08 -2.71498e+08 -2.23486e+08 -2.81479e+08 -2.63366e+08 -3.21759e+08 -2.94943e+08 -2.76461e+08 -3.61739e+08 -3.33848e+08 -3.40326e+08 -3.09315e+08 -3.19015e+08 -1.97499e+08 -2.85454e+08 -2.54787e+08 -2.40406e+08 -2.6407e+08 -2.44568e+08 -2.56611e+08 -2.35816e+08 -2.37411e+08 -2.84489e+08 -2.51801e+08 -2.22305e+08 -2.55992e+08 -2.508e+08 -2.29668e+08 -2.51777e+08 -2.38115e+08 -1.24159e+08 
-1.64687e+09 -4.35478e+09 -6.34531e+09 -7.70282e+09 -8.57685e+09 -8.99078e+09 -9.82529e+09 -1.09395e+10 -1.21672e+10 -1.38287e+10 -1.52214e+10 -1.51606e+10 -1.61471e+10 -2.00854e+10 -2.11516e+10 -2.27767e+10 -2.3326e+10 -2.45078e+10 -2.8216e+10 -2.65146e+10 -2.8173e+10 -3.1628e+10 -3.17761e+10 -3.4021e+10 -3.14064e+10 -3.10607e+10 -3.15544e+10 -3.17353e+10 -3.12475e+10 -3.46252e+10 -3.2369e+10 -3.20628e+10 -2.79018e+10 -2.78413e+10 -2.58008e+10 -2.47824e+10 -2.12032e+10 -1.83674e+10 -1.72636e+10 -1.30185e+10 -1.25684e+10 -8.36336e+09 -6.26138e+09 -6.62119e+09 -4.46098e+09 -2.99757e+09 -2.3155e+09 -1.77426e+09 -1.16216e+09 -9.0297e+08 -7.42251e+08 -5.66207e+08 -5.50316e+08 -4.30897e+08 -3.52609e+08 -3.52086e+08 -3.48236e+08 -3.2194e+08 -3.3825e+08 -2.95904e+08 -3.10884e+08 -3.66459e+08 -2.61334e+08 -3.2171e+08 -2.85773e+08 -3.13032e+08 -2.41807e+08 -2.79193e+08 -3.44674e+08 -3.34773e+08 -2.58906e+08 -2.71515e+08 -2.40186e+08 -2.53059e+08 -2.48433e+08 -2.79057e+08 -2.51781e+08 -3.10487e+08 -2.79327e+08 -3.1706e+08 -3.87989e+08 -3.02986e+08 -3.49243e+08 -3.33897e+08 -2.81414e+08 -2.01587e+08 -2.5881e+08 -2.68071e+08 -2.83118e+08 -2.6186e+08 -2.15305e+08 -2.33115e+08 -2.62795e+08 -2.52758e+08 -2.72352e+08 -2.28398e+08 -2.59289e+08 -2.18218e+08 -2.7378e+08 -9.32647e+07 
-1.54434e+09 -4.00687e+09 -6.62915e+09 -7.4507e+09 -8.45966e+09 -8.83963e+09 -9.919e+09 -1.12826e+10 -1.2801e+10 -1.30721e+10 -1.46087e+10 -1.62842e+10 -1.73876e+10 -1.88205e+10 -2.06521e+10 -2.15339e+10 -2.40699e+10 -2.44948e+10 -2.61464e+10 -3.0556e+10 -2.63928e+10 -3.09943e+10 -3.53602e+10 -3.40345e+10 -2.9907e+10 -3.0083e+10 -3.18649e+10 -3.28374e+10 -3.01159e+10 -3.27628e+10 -3.46713e+10 -3.14184e+10 -2.73511e+10 -2.96916e+10 -2.5183e+10 -2.52073e+10 -1.99763e+10 -1.99164e+10 -1.6143e+10 -1.34089e+10 -1.21485e+10 -7.45014e+09 -8.17878e+09 -5.59462e+09 -4.08997e+09 -3.56412e+09 -2.29325e+09 -1.66512e+09 -1.2574e+09 -8.45477e+08 -6.76714e+08 -6.18843e+08 -4.80957e+08 -3.9177e+08 -4.70016e+08 -3.05675e+08 -3.28853e+08 -3.08952e+08 -3.16042e+08 -2.93535e+08 -3.11027e+08 -2.87339e+08 -3.00804e+08 -3.23777e+08 -2.83421e+08 -2.67346e+08 -2.98722e+08 -3.20543e+08 -2.73049e+08 -2.59912e+08 -3.06264e+08 -3.65554e+08 -2.54874e+08 -2.75667e+08 -2.55243e+08 -2.26133e+08 -2.38256e+08 -3.0558e+08 -2.27812e+08 -2.7103e+08 -2.91416e+08 -2.89549e+08 -3.8438e+08 -3.86269e+08 -2.80641e+08 -3.14348e+08 -3.55457e+08 -2.25568e+08 -2.77796e+08 -2.38476e+08 -2.44856e+08 -3.098e+08 -2.31433e+08 -2.11475e+08 -2.31862e+08 -2.6715e+08 -3.05597e+08 -2.50418e+08 -2.19502e+08 -1.99737e+08 
-1.41506e+09 -4.50963e+09 -5.98263e+09 -7.43831e+09 -8.29723e+09 -9.27408e+09 -1.01967e+10 -1.15711e+10 -1.22094e+10 -1.3009e+10 -1.46142e+10 -1.753e+10 -1.73326e+10 -1.75386e+10 -2.0051e+10 -2.20009e+10 -2.28447e+10 -2.74081e+10 -2.47952e+10 -2.86516e+10 -2.99839e+10 -3.11996e+10 -3.43087e+10 -3.3119e+10 -3.09413e+10 -3.15526e+10 -3.13292e+10 -3.11846e+10 -3.09397e+10 -3.26323e+10 -3.37152e+10 -3.11552e+10 -2.96193e+10 -2.8503e+10 -2.5897e+10 -2.41803e+10 -2.10691e+10 -1.97589e+10 -1.50988e+10 -1.39128e+10 -1.04605e+10 -9.25162e+09 -8.19313e+09 -4.63056e+09 -4.34748e+09 -3.70535e+09 -2.31971e+09 -1.64853e+09 -1.23839e+09 -9.30537e+08 -6.76305e+08 -5.15169e+08 -5.22067e+08 -4.39201e+08 -3.28077e+08 -3.51124e+08 -4.13103e+08 -2.402e+08 -3.1372e+08 -2.90673e+08 -2.89521e+08 -2.79021e+08 -2.94601e+08 -2.79895e+08 -3.12025e+08 -2.63487e+08 -3.12279e+08 -2.40535e+08 -2.74236e+08 -3.27222e+08 -3.52451e+08 -2.26795e+08 -2.47089e+08 -3.62577e+08 -3.39687e+08 -1.92521e+08 -2.85319e+08 -2.43418e+08 -2.12148e+08 -2.78795e+08 -2.79607e+08 -2.3549e+08 -2.92573e+08 -3.03488e+08 -3.23406e+08 -3.91419e+08 -3.27965e+08 -2.7763e+08 -3.40002e+08 -3.37205e+08 -2.005e+08 -2.7901e+08 -2.42149e+08 -2.76785e+08 -2.93348e+08 -2.05032e+08 -2.01549e+08 -2.81859e+08 -3.0285e+08 -1.10482e+08 
-1.39807e+09 -3.83882e+09 -6.2344e+09 -7.30436e+09 -8.39668e+09 -1.00728e+10 -9.8242e+09 -1.12562e+10 -1.21236e+10 -1.40012e+10 -1.45434e+10 -1.66075e+10 -1.72269e+10 -1.8211e+10 -1.89583e+10 -2.24316e+10 -2.30174e+10 -2.70075e+10 -2.71949e+10 -2.65494e+10 -3.10764e+10 -3.12259e+10 -3.24993e+10 -3.35783e+10 -3.16498e+10 -3.24149e+10 -3.14525e+10 -3.04482e+10 -3.12846e+10 -3.32333e+10 -3.31941e+10 -3.10672e+10 -2.97875e+10 -2.73002e+10 -2.74213e+10 -2.38831e+10 -2.27402e+10 -1.70653e+10 -1.64204e+10 -1.28155e+10 -1.0761e+10 -1.03416e+10 -6.26487e+09 -5.39395e+09 -4.88194e+09 -3.2071e+09 -2.44957e+09 -1.61777e+09 -1.27139e+09 -9.37026e+08 -7.13043e+08 -5.81894e+08 -4.07791e+08 -4.4409e+08 -3.90247e+08 -3.79125e+08 -2.552e+08 -3.02508e+08 -3.90931e+08 -2.04882e+08 -3.01437e+08 -2.81155e+08 -2.6916e+08 -2.77917e+08 -2.95808e+08 -2.39698e+08 -3.27078e+08 -2.70562e+08 -2.60342e+08 -2.86344e+08 -2.73679e+08 -2.48161e+08 -3.72474e+08 -3.31669e+08 -1.79506e+08 -2.98549e+08 -3.56917e+08 -2.71428e+08 -1.97413e+08 -2.91979e+08 -2.27291e+08 -2.27813e+08 -3.32787e+08 -2.52708e+08 -2.32576e+08 -2.92366e+08 -3.07175e+08 -3.74456e+08 -3.74825e+08 -2.95713e+08 -2.66842e+08 -3.34063e+08 -2.81555e+08 -2.72648e+08 -2.58893e+08 -2.35983e+08 -3.24315e+08 -2.36603e+08 -1.94934e+08 -9.93185e+07 
-1.47767e+09 -4.18395e+09 -5.93039e+09 -7.80215e+09 -8.67427e+09 -9.49381e+09 -1.02228e+10 -1.0836e+10 -1.27443e+10 -1.44649e+10 -1.38926e+10 -1.54622e+10 -1.73779e+10 -1.91963e+10 -1.89676e+10 -2.16098e+10 -2.52167e+10 -2.43787e+10 -2.95314e+10 -2.85584e+10 -2.67136e+10 -3.12191e+10 -3.29503e+10 -3.44416e+10 -3.14798e+10 -3.17545e+10 -3.29614e+10 -3.19484e+10 -2.98148e+10 -3.37131e+10 -3.43027e+10 -3.01194e+10 -2.71908e+10 -2.8557e+10 -2.79348e+10 -2.41107e+10 -2.25146e+10 -1.64838e+10 -1.7184e+10 -1.20162e+10 -1.23026e+10 -8.70756e+09 -5.57453e+09 -6.77583e+09 -4.67207e+09 -2.90371e+09 -2.44229e+09 -1.82005e+09 -1.17525e+09 -9.50657e+08 -7.44966e+08 -5.71037e+08 -5.13591e+08 -3.70676e+08 -3.86124e+08 -3.39861e+08 -3.32356e+08 -3.51639e+08 -2.24533e+08 -2.54091e+08 -3.67513e+08 -2.15513e+08 -2.74467e+08 -2.72831e+08 -2.68265e+08 -2.71352e+08 -2.78937e+08 -2.47621e+08 -3.01042e+08 -3.14737e+08 -2.37559e+08 -2.6909e+08 -2.6692e+08 -2.57848e+08 -3.0692e+08 -3.99529e+08 -2.13002e+08 -2.08848e+08 -3.37194e+08 -3.26006e+08 -2.11238e+08 -2.68222e+08 -2.66318e+08 -2.38011e+08 -2.61089e+08 -3.06353e+08 -2.16991e+08 -2.72678e+08 -3.15379e+08 -3.35296e+08 -3.48139e+08 -3.37329e+08 -2.6084e+08 -2.94222e+08 -3.54505e+08 -2.43158e+08 -2.84285e+08 -2.63849e+08 -2.48258e+08 -2.19578e+08 
-1.47973e+09 -3.75157e+09 -6.64948e+09 -7.37432e+09 -8.77385e+09 -9.13009e+09 -1.04597e+10 -1.19453e+10 -1.19458e+10 -1.37433e+10 -1.41214e+10 -1.52119e+10 -1.73786e+10 -1.89887e+10 -2.08035e+10 -2.10019e+10 -2.52144e+10 -2.61419e+10 -2.75827e+10 -2.90752e+10 -2.64856e+10 -2.9621e+10 -3.3438e+10 -3.37507e+10 -3.22285e+10 -3.23628e+10 -3.39351e+10 -3.30573e+10 -3.15111e+10 -3.27513e+10 -3.22553e+10 -3.03238e+10 -2.87176e+10 -2.75688e+10 -2.64147e+10 -2.48985e+10 -2.12817e+10 -1.88243e+10 -1.63542e+10 -1.28738e+10 -1.1218e+10 -7.2242e+09 -7.87207e+09 -6.17218e+09 -3.98256e+09 -3.27015e+09 -2.45384e+09 -1.77151e+09 -1.30017e+09 -9.25259e+08 -6.87054e+08 -6.30636e+08 -4.9458e+08 -4.26993e+08 -4.26731e+08 -3.03456e+08 -3.46678e+08 -2.91059e+08 -3.00748e+08 -3.33804e+08 -2.12763e+08 -2.42871e+08 -2.9192e+08 -2.81495e+08 -2.16546e+08 -2.95717e+08 -2.35071e+08 -3.01915e+08 -2.5045e+08 -2.88944e+08 -2.43156e+08 -3.2966e+08 -2.59879e+08 -2.2687e+08 -2.81401e+08 -2.84042e+08 -2.11591e+08 -4.36786e+08 -2.61009e+08 -1.73321e+08 -3.18782e+08 -3.20361e+08 -2.82182e+08 -2.13941e+08 -2.87212e+08 -2.39324e+08 -2.27226e+08 -3.42951e+08 -2.51185e+08 -2.27918e+08 -2.63618e+08 -3.45381e+08 -3.28777e+08 -3.24652e+08 -3.1962e+08 -2.69141e+08 -3.1704e+08 -3.26165e+08 -2.50773e+08 -1.55347e+08 
-1.13741e+09 -4.4402e+09 -6.47802e+09 -7.1875e+09 -8.39839e+09 -1.01197e+10 -1.03814e+10 -1.17689e+10 -1.13798e+10 -1.31223e+10 -1.51308e+10 -1.49569e+10 -1.71086e+10 -1.91692e+10 -2.16422e+10 -2.23009e+10 -2.44835e+10 -2.67387e+10 -2.55678e+10 -2.76405e+10 -3.06473e+10 -2.76209e+10 -3.07993e+10 -3.4354e+10 -3.40623e+10 -3.25557e+10 -3.3592e+10 -3.30298e+10 -3.44273e+10 -3.2639e+10 -3.09369e+10 -2.9173e+10 -3.01808e+10 -2.62152e+10 -2.62925e+10 -2.4115e+10 -2.11972e+10 -2.03894e+10 -1.53692e+10 -1.36255e+10 -9.26076e+09 -9.04263e+09 -7.96699e+09 -5.19757e+09 -3.90507e+09 -3.7688e+09 -2.28403e+09 -1.72572e+09 -1.35895e+09 -9.91362e+08 -7.17233e+08 -5.33831e+08 -5.15462e+08 -4.64861e+08 -3.94913e+08 -3.82306e+08 -3.61384e+08 -2.92711e+08 -3.18958e+08 -2.63955e+08 -2.79821e+08 -3.16144e+08 -2.18496e+08 -2.60922e+08 -2.07719e+08 -3.12117e+08 -2.11265e+08 -2.83136e+08 -2.51556e+08 -2.78935e+08 -2.70582e+08 -2.69871e+08 -2.54372e+08 -2.94937e+08 -2.95793e+08 -2.28363e+08 -2.33223e+08 -2.88505e+08 -2.60363e+08 -2.96626e+08 -4.08894e+08 -1.7531e+08 -2.2793e+08 -3.63429e+08 -2.49032e+08 -2.63402e+08 -2.29191e+08 -3.00287e+08 -2.61106e+08 -2.35837e+08 -3.08409e+08 -2.27437e+08 -2.39238e+08 -2.96488e+08 -3.712e+08 -2.94878e+08 -3.40434e+08 -2.74068e+08 -3.07464e+08 -1.47938e+08 
-1.76245e+09 -4.10207e+09 -5.92947e+09 -7.6911e+09 -8.73689e+09 -9.92183e+09 -1.03718e+10 -1.08744e+10 -1.20127e+10 -1.2708e+10 -1.52575e+10 -1.53372e+10 -1.73829e+10 -1.90397e+10 -2.1858e+10 -2.37786e+10 -2.37062e+10 -2.49388e+10 -2.78129e+10 -2.6688e+10 -2.97909e+10 -2.8352e+10 -3.03143e+10 -3.35581e+10 -3.52409e+10 -3.15493e+10 -3.3838e+10 -3.39586e+10 -3.44563e+10 -3.46408e+10 -3.23376e+10 -2.74832e+10 -2.78506e+10 -2.70795e+10 -2.64562e+10 -2.33644e+10 -2.23621e+10 -1.86356e+10 -1.53951e+10 -1.37614e+10 -9.85102e+09 -1.04396e+10 -5.95697e+09 -5.44086e+09 -4.35546e+09 -3.66967e+09 -2.15759e+09 -1.84001e+09 -1.2908e+09 -9.94206e+08 -7.93512e+08 -6.08014e+08 -4.5201e+08 -3.94129e+08 -4.49416e+08 -3.5891e+08 -3.47124e+08 -3.65313e+08 -3.30059e+08 -2.86416e+08 -3.0893e+08 -2.51558e+08 -2.63985e+08 -2.85439e+08 -2.50401e+08 -2.63709e+08 -1.83041e+08 -2.74411e+08 -2.45357e+08 -2.73292e+08 -2.82338e+08 -2.17811e+08 -3.03955e+08 -2.50993e+08 -2.88936e+08 -2.44887e+08 -2.84924e+08 -2.7127e+08 -2.02288e+08 -2.61819e+08 -3.2474e+08 -2.21523e+08 -4.3438e+08 -2.51949e+08 -1.59717e+08 -3.34445e+08 -2.84678e+08 -2.42083e+08 -2.61609e+08 -2.66747e+08 -2.63478e+08 -2.60846e+08 -2.72938e+08 -2.34355e+08 -2.55712e+08 -2.56741e+08 -3.83869e+08 -3.32057e+08 -2.52997e+08 -1.6606e+08 
-1.30881e+09 -3.79594e+09 -6.8865e+09 -7.36828e+09 -9.1485e+09 -8.95173e+09 -1.03531e+10 -1.06213e+10 -1.28086e+10 -1.26531e+10 -1.44242e+10 -1.64591e+10 -1.78569e+10 -1.88423e+10 -2.19202e+10 -2.34306e+10 -2.3566e+10 -2.48661e+10 -2.92235e+10 -2.66214e+10 -2.70739e+10 -2.93175e+10 -3.25419e+10 -3.23868e+10 -3.2169e+10 -3.25573e+10 -3.45183e+10 -3.35553e+10 -3.58867e+10 -3.63975e+10 -3.12743e+10 -2.84206e+10 -2.70596e+10 -2.71876e+10 -2.53392e+10 -2.43465e+10 -2.16384e+10 -1.69517e+10 -1.61919e+10 -1.35359e+10 -1.17233e+10 -8.80593e+09 -5.71553e+09 -6.45468e+09 -4.28278e+09 -3.26955e+09 -2.25207e+09 -1.84859e+09 -1.31083e+09 -9.98546e+08 -7.48251e+08 -6.3746e+08 -5.59084e+08 -4.00278e+08 -3.54053e+08 -3.42283e+08 -3.9991e+08 -2.99841e+08 -3.23793e+08 -3.51721e+08 -3.13917e+08 -2.96416e+08 -2.99148e+08 -2.54349e+08 -2.49369e+08 -2.50404e+08 -2.95825e+08 -2.26641e+08 -2.43362e+08 -2.20762e+08 -2.61588e+08 -2.44379e+08 -2.72897e+08 -2.47848e+08 -2.87662e+08 -2.61872e+08 -2.52875e+08 -2.89982e+08 -2.39232e+08 -2.74264e+08 -2.57093e+08 -2.16461e+08 -2.91091e+08 -3.04591e+08 -3.10178e+08 -3.41387e+08 -1.89637e+08 -2.46142e+08 -3.57567e+08 -2.03317e+08 -2.35337e+08 -2.54003e+08 -2.82741e+08 -2.68137e+08 -2.5263e+08 -2.86361e+08 -2.43833e+08 -2.81532e+08 -2.88252e+08 -1.72875e+08 
-1.4777e+09 -4.61826e+09 -6.30663e+09 -7.56468e+09 -8.15295e+09 -9.20357e+09 -1.0413e+10 -1.09333e+10 -1.26364e+10 -1.2931e+10 -1.45221e+10 -1.67145e+10 -1.80592e+10 -1.98841e+10 -2.00312e+10 -2.25137e+10 -2.61018e+10 -2.54181e+10 -2.65245e+10 -2.84017e+10 -2.76584e+10 -2.90656e+10 -3.25625e+10 -3.24272e+10 -3.09192e+10 -3.09254e+10 -3.43217e+10 -3.5827e+10 -3.80209e+10 -3.46098e+10 -2.98871e+10 -3.00814e+10 -2.85062e+10 -2.74358e+10 -2.42514e+10 -2.42236e+10 -1.94083e+10 -1.83591e+10 -1.6333e+10 -1.31638e+10 -1.12877e+10 -7.87463e+09 -7.64129e+09 -6.1235e+09 -4.20151e+09 -3.0328e+09 -2.45176e+09 -1.69558e+09 -1.39197e+09 -9.89769e+08 -7.78376e+08 -5.75543e+08 -5.42741e+08 -5.06522e+08 -3.89741e+08 -3.48115e+08 -3.17676e+08 -3.02141e+08 -3.6074e+08 -2.77496e+08 -3.18522e+08 -3.11349e+08 -3.2413e+08 -2.94792e+08 -2.92998e+08 -2.72297e+08 -2.44499e+08 -2.5308e+08 -2.70565e+08 -2.32798e+08 -3.13726e+08 -1.58932e+08 -2.45348e+08 -2.39922e+08 -2.97745e+08 -2.65033e+08 -2.2554e+08 -2.98738e+08 -2.35611e+08 -3.01675e+08 -2.68676e+08 -2.16408e+08 -2.74672e+08 -2.28593e+08 -2.71473e+08 -3.07708e+08 -2.78484e+08 -3.73752e+08 -2.48718e+08 -1.81386e+08 -3.06797e+08 -2.77746e+08 -1.92476e+08 -2.36074e+08 -2.6266e+08 -2.97564e+08 -3.13045e+08 -2.614e+08 -2.44044e+08 -1.245e+08 
-1.47441e+09 -3.99855e+09 -6.0419e+09 -7.42692e+09 -8.09102e+09 -9.36658e+09 -1.05388e+10 -1.09138e+10 -1.25616e+10 -1.36639e+10 -1.48001e+10 -1.65302e+10 -1.82545e+10 -1.88267e+10 -2.062e+10 -2.23653e+10 -2.59909e+10 -2.59093e+10 -2.55221e+10 -2.87724e+10 -2.93055e+10 -3.0049e+10 -3.08307e+10 -3.17873e+10 -3.04729e+10 -2.99735e+10 -3.38032e+10 -3.88413e+10 -3.70042e+10 -3.29899e+10 -3.0624e+10 -2.93221e+10 -3.04274e+10 -2.784e+10 -2.52231e+10 -2.19122e+10 -1.96196e+10 -1.9094e+10 -1.50623e+10 -1.33622e+10 -1.01856e+10 -8.94714e+09 -8.19467e+09 -5.52071e+09 -4.46046e+09 -2.96156e+09 -2.56963e+09 -1.59058e+09 -1.49725e+09 -8.68553e+08 -8.29396e+08 -6.03481e+08 -5.40152e+08 -4.30527e+08 -4.12518e+08 -4.43278e+08 -3.25846e+08 -3.29307e+08 -2.91774e+08 -2.83382e+08 -3.21056e+08 -2.90228e+08 -2.85373e+08 -3.02374e+08 -3.26884e+08 -2.89084e+08 -2.84553e+08 -2.91124e+08 -2.65564e+08 -2.51115e+08 -2.44383e+08 -2.69168e+08 -2.57907e+08 -2.39026e+08 -2.25893e+08 -2.15908e+08 -2.73736e+08 -2.62442e+08 -2.5843e+08 -2.62634e+08 -2.87106e+08 -2.4346e+08 -3.09723e+08 -2.17966e+08 -2.43666e+08 -2.52608e+08 -2.51927e+08 -2.9844e+08 -3.25291e+08 -2.86811e+08 -2.96061e+08 -1.99346e+08 -2.50377e+08 -2.93412e+08 -2.0979e+08 -2.3648e+08 -2.47505e+08 -3.01803e+08 -3.13837e+08 -1.90368e+08 
-1.53227e+09 -3.85651e+09 -5.99693e+09 -7.11739e+09 -8.77906e+09 -8.99205e+09 -1.07054e+10 -1.09079e+10 -1.29005e+10 -1.41178e+10 -1.54495e+10 -1.54272e+10 -1.81071e+10 -1.7962e+10 -2.26819e+10 -2.20582e+10 -2.36712e+10 -2.7011e+10 -2.7331e+10 -2.73313e+10 -2.94574e+10 -3.15741e+10 -3.06868e+10 -3.00448e+10 -2.92034e+10 -3.20907e+10 -3.42126e+10 -3.74103e+10 -3.58545e+10 -3.29183e+10 -3.15871e+10 -2.95875e+10 -2.94113e+10 -2.85096e+10 -2.67299e+10 -2.05943e+10 -2.20375e+10 -1.71523e+10 -1.41085e+10 -1.32625e+10 -1.06157e+10 -9.96332e+09 -7.13524e+09 -5.40503e+09 -4.8853e+09 -3.07097e+09 -2.48413e+09 -1.77631e+09 -1.2598e+09 -1.14783e+09 -5.82746e+08 -7.11903e+08 -4.98116e+08 -4.97208e+08 -3.79905e+08 -3.82498e+08 -3.45024e+08 -3.88426e+08 -3.24096e+08 -2.98506e+08 -2.96985e+08 -2.72486e+08 -2.84883e+08 -3.04206e+08 -2.5216e+08 -3.14062e+08 -3.04563e+08 -2.87988e+08 -3.09836e+08 -2.77076e+08 -2.80473e+08 -2.76019e+08 -2.40977e+08 -2.48518e+08 -2.31023e+08 -3.33264e+08 -1.71988e+08 -2.1766e+08 -2.38524e+08 -3.06151e+08 -2.53498e+08 -2.65847e+08 -2.47329e+08 -2.60696e+08 -3.17035e+08 -2.61695e+08 -1.929e+08 -2.62368e+08 -2.57555e+08 -2.77046e+08 -3.06678e+08 -2.94522e+08 -2.89612e+08 -2.04543e+08 -2.57269e+08 -2.48668e+08 -2.87742e+08 -2.19169e+08 -2.55617e+08 -1.16747e+08 
-1.1446e+09 -3.77614e+09 -6.13612e+09 -7.60173e+09 -8.35754e+09 -9.10232e+09 -1.04819e+10 -1.1885e+10 -1.29157e+10 -1.37885e+10 -1.58199e+10 -1.45962e+10 -1.78199e+10 -1.97735e+10 -2.11361e+10 -2.26446e+10 -2.32319e+10 -2.59437e+10 -2.91348e+10 -2.80008e+10 -3.03256e+10 -3.02367e+10 -2.95354e+10 -3.00233e+10 -3.10375e+10 -3.31793e+10 -3.38672e+10 -3.49186e+10 -3.53422e+10 -3.26716e+10 -3.11378e+10 -3.08068e+10 -2.97038e+10 -2.82333e+10 -2.61954e+10 -2.39959e+10 -2.07883e+10 -1.53416e+10 -1.53561e+10 -1.25104e+10 -1.18876e+10 -8.90252e+09 -6.745e+09 -5.66396e+09 -4.89661e+09 -3.08892e+09 -2.674e+09 -1.81048e+09 -1.26786e+09 -9.81601e+08 -8.85604e+08 -4.69773e+08 -6.17772e+08 -4.54731e+08 -3.79552e+08 -4.56974e+08 -3.0799e+08 -3.56572e+08 -2.93264e+08 -3.59249e+08 -3.21512e+08 -2.77145e+08 -3.13283e+08 -2.76184e+08 -2.44349e+08 -3.0931e+08 -2.61217e+08 -2.96726e+08 -2.98817e+08 -3.04886e+08 -2.78115e+08 -3.05356e+08 -2.70099e+08 -2.84665e+08 -2.79011e+08 -2.3684e+08 -2.51699e+08 -2.52613e+08 -2.59776e+08 -2.27819e+08 -1.93764e+08 -2.99776e+08 -2.50737e+08 -2.80751e+08 -2.51264e+08 -2.63241e+08 -2.73429e+08 -3.18473e+08 -2.12983e+08 -2.16319e+08 -2.4954e+08 -2.69989e+08 -2.89758e+08 -3.1196e+08 -2.5377e+08 -2.72501e+08 -2.06731e+08 -2.80329e+08 -2.64584e+08 -1.12609e+08 
-1.54503e+09 -4.32007e+09 -5.69555e+09 -7.71922e+09 -8.19079e+09 -9.58918e+09 -1.0722e+10 -1.1816e+10 -1.32965e+10 -1.31058e+10 -1.47494e+10 -1.62735e+10 -1.77052e+10 -1.95634e+10 -2.00571e+10 -2.31551e+10 -2.43125e+10 -2.43812e+10 -2.91658e+10 -2.97274e+10 -2.99681e+10 -2.94037e+10 -3.00509e+10 -3.02602e+10 -3.16856e+10 -3.30064e+10 -3.43229e+10 -3.37158e+10 -3.42498e+10 -3.26846e+10 -3.00412e+10 -3.04144e+10 -3.08563e+10 -2.91912e+10 -2.55117e+10 -2.5504e+10 -1.86935e+10 -1.69601e+10 -1.57058e+10 -1.30937e+10 -1.09108e+10 -7.80843e+09 -7.50897e+09 -5.72125e+09 -4.45604e+09 -3.25982e+09 -2.84315e+09 -1.78222e+09 -1.31249e+09 -9.89007e+08 -7.77889e+08 -7.24042e+08 -4.54004e+08 -4.11896e+08 -5.3559e+08 -3.38341e+08 -3.31969e+08 -4.12583e+08 -2.95474e+08 -3.25983e+08 -2.76894e+08 -3.20127e+08 -3.08431e+08 -2.90081e+08 -2.94663e+08 -2.83063e+08 -2.65391e+08 -2.74303e+08 -2.86915e+08 -2.72026e+08 -3.14697e+08 -3.01198e+08 -2.53729e+08 -3.15035e+08 -2.70722e+08 -2.8799e+08 -3.05554e+08 -2.55475e+08 -2.50986e+08 -2.12941e+08 -3.24075e+08 -1.90045e+08 -2.17376e+08 -2.587e+08 -2.84625e+08 -2.57811e+08 -2.98645e+08 -2.32518e+08 -2.66054e+08 -3.04318e+08 -2.5637e+08 -1.78275e+08 -2.42914e+08 -2.67379e+08 -2.86698e+08 -3.26978e+08 -2.52026e+08 -2.68094e+08 -2.23763e+08 -1.48332e+08 
-1.59288e+09 -3.5755e+09 -6.18811e+09 -7.50593e+09 -8.88458e+09 -9.28894e+09 -1.12926e+10 -1.15863e+10 -1.24827e+10 -1.31716e+10 -1.46901e+10 -1.77114e+10 -1.64417e+10 -1.90502e+10 -2.10946e+10 -2.20628e+10 -2.54391e+10 -2.52211e+10 -2.73038e+10 -3.04407e+10 -2.96219e+10 -3.07565e+10 -3.01542e+10 -3.02207e+10 -3.18828e+10 -3.29572e+10 -3.44119e+10 -3.52098e+10 -3.20136e+10 -3.0385e+10 -3.09106e+10 -3.18589e+10 -2.96121e+10 -2.85162e+10 -2.80833e+10 -2.27867e+10 -1.88826e+10 -2.02445e+10 -1.46324e+10 -1.33265e+10 -9.8441e+09 -8.13738e+09 -7.50415e+09 -5.65896e+09 -4.20568e+09 -3.44166e+09 -2.87388e+09 -1.63485e+09 -1.42167e+09 -1.02091e+09 -7.89226e+08 -5.79914e+08 -6.55114e+08 -4.44188e+08 -3.42568e+08 -4.29365e+08 -4.33995e+08 -2.86048e+08 -3.12797e+08 -3.53703e+08 -3.28757e+08 -2.78396e+08 -3.06719e+08 -2.51688e+08 -3.2492e+08 -2.74183e+08 -2.87231e+08 -3.06999e+08 -2.74244e+08 -2.45603e+08 -3.10615e+08 -2.68836e+08 -3.16351e+08 -2.76996e+08 -3.02459e+08 -2.25916e+08 -3.52163e+08 -2.47344e+08 -3.21488e+08 -2.79384e+08 -2.60041e+08 -2.41027e+08 -2.29938e+08 -2.74164e+08 -2.40185e+08 -2.01544e+08 -3.19733e+08 -2.44803e+08 -2.94597e+08 -2.45478e+08 -2.57896e+08 -2.47856e+08 -2.83997e+08 -2.25768e+08 -2.09389e+08 -2.50479e+08 -3.05778e+08 -3.09926e+08 -2.96375e+08 -9.39474e+07 
-1.62836e+09 -4.28476e+09 -6.13382e+09 -8.05661e+09 -8.53983e+09 -1.0023e+10 -1.03428e+10 -1.16484e+10 -1.18388e+10 -1.46404e+10 -1.43131e+10 -1.66361e+10 -1.71495e+10 -1.91026e+10 -2.09348e+10 -2.23284e+10 -2.47778e+10 -2.71863e+10 -2.55391e+10 -2.94604e+10 -3.17691e+10 -3.05067e+10 -3.02042e+10 -3.04237e+10 -3.07587e+10 -3.41864e+10 -3.51113e+10 -3.50167e+10 -3.21311e+10 -2.94717e+10 -2.97091e+10 -3.13755e+10 -3.01297e+10 -2.93325e+10 -2.6537e+10 -2.21347e+10 -2.27263e+10 -1.82916e+10 -1.52796e+10 -1.28566e+10 -9.77366e+09 -9.36283e+09 -6.41952e+09 -5.70567e+09 -4.37801e+09 -3.44395e+09 -2.68261e+09 -1.61987e+09 -1.37835e+09 -1.13686e+09 -7.9091e+08 -6.63415e+08 -4.44816e+08 -5.37392e+08 -4.46545e+08 -3.73047e+08 -3.10004e+08 -4.02421e+08 -3.84251e+08 -2.56405e+08 -3.08143e+08 -2.80841e+08 -3.8806e+08 -2.40003e+08 -3.16872e+08 -2.47911e+08 -2.9106e+08 -2.86218e+08 -2.63044e+08 -3.02766e+08 -2.93412e+08 -2.89512e+08 -2.57485e+08 -2.95924e+08 -2.87389e+08 -3.09753e+08 -2.87204e+08 -2.58925e+08 -2.84538e+08 -3.07485e+08 -2.61113e+08 -3.33298e+08 -2.47226e+08 -2.8558e+08 -2.07707e+08 -2.99577e+08 -2.20681e+08 -2.43462e+08 -2.70631e+08 -2.6912e+08 -2.64976e+08 -2.66465e+08 -2.51822e+08 -2.33585e+08 -2.77699e+08 -2.37444e+08 -2.31e+08 -2.37425e+08 -3.05762e+08 -1.59614e+08 
-1.6096e+09 -4.3545e+09 -6.36707e+09 -8.28132e+09 -8.2671e+09 -1.00902e+10 -9.67463e+09 -1.19468e+10 -1.23008e+10 -1.47245e+10 -1.37334e+10 -1.56915e+10 -1.85569e+10 -1.90104e+10 -2.06414e+10 -2.36484e+10 -2.29809e+10 -2.72872e+10 -2.72984e+10 -2.86272e+10 -3.092e+10 -3.04142e+10 -2.94242e+10 -3.16499e+10 -3.13257e+10 -3.4472e+10 -3.57984e+10 -3.47712e+10 -3.11817e+10 -3.13141e+10 -2.93016e+10 -2.84585e+10 -3.04791e+10 -2.9542e+10 -2.55132e+10 -2.44106e+10 -2.20767e+10 -1.71755e+10 -1.65307e+10 -1.25059e+10 -1.09847e+10 -8.65793e+09 -6.3813e+09 -5.93145e+09 -4.40655e+09 -3.34657e+09 -2.41652e+09 -1.75375e+09 -1.28658e+09 -1.11256e+09 -8.52371e+08 -6.46608e+08 -5.36844e+08 -4.65945e+08 -3.52226e+08 -4.49828e+08 -3.61893e+08 -3.49412e+08 -3.00062e+08 -3.67005e+08 -3.48133e+08 -2.65376e+08 -2.873e+08 -2.7799e+08 -3.20443e+08 -2.96196e+08 -2.98371e+08 -2.73883e+08 -2.36565e+08 -2.97034e+08 -2.66828e+08 -3.03079e+08 -2.96336e+08 -2.90191e+08 -2.60321e+08 -2.89306e+08 -2.92604e+08 -3.30373e+08 -2.72314e+08 -2.94987e+08 -2.11141e+08 -3.32544e+08 -2.70017e+08 -3.05673e+08 -3.03765e+08 -2.71742e+08 -2.75305e+08 -2.19572e+08 -2.65955e+08 -2.60403e+08 -2.30741e+08 -2.9215e+08 -2.37245e+08 -2.79222e+08 -2.46632e+08 -2.6492e+08 -2.2827e+08 -2.69196e+08 -2.40298e+08 -1.48578e+08 
-1.55514e+09 -4.18389e+09 -6.83848e+09 -7.97761e+09 -8.46356e+09 -9.12486e+09 -1.04923e+10 -1.21493e+10 -1.24259e+10 -1.32152e+10 -1.50178e+10 -1.53136e+10 -1.79235e+10 -2.02594e+10 -2.06096e+10 -2.31029e+10 -2.3549e+10 -2.57776e+10 -2.97269e+10 -2.79842e+10 -2.88167e+10 -3.10774e+10 -2.93623e+10 -3.04869e+10 -3.35553e+10 -3.41541e+10 -3.66741e+10 -3.49458e+10 -3.06105e+10 -3.02846e+10 -2.99005e+10 -3.02102e+10 -2.86101e+10 -2.77369e+10 -2.58327e+10 -2.67417e+10 -1.92036e+10 -1.90779e+10 -1.51311e+10 -1.42205e+10 -1.0961e+10 -7.74283e+09 -7.50062e+09 -5.78299e+09 -4.21021e+09 -3.43731e+09 -2.24687e+09 -1.70349e+09 -1.29895e+09 -1.06374e+09 -8.79472e+08 -6.57399e+08 -5.00281e+08 -4.64076e+08 -4.36761e+08 -3.68041e+08 -3.28679e+08 -3.53091e+08 -3.46766e+08 -3.01976e+08 -3.28187e+08 -3.4341e+08 -2.93553e+08 -3.0536e+08 -2.43842e+08 -3.05839e+08 -2.47212e+08 -3.53802e+08 -2.46489e+08 -3.26631e+08 -2.42055e+08 -2.68498e+08 -2.81332e+08 -2.65189e+08 -3.02097e+08 -2.87881e+08 -3.04267e+08 -2.74128e+08 -2.96057e+08 -3.10779e+08 -2.92371e+08 -2.60528e+08 -2.73619e+08 -2.54485e+08 -3.35741e+08 -2.64826e+08 -3.49261e+08 -2.41998e+08 -3.05466e+08 -2.3714e+08 -2.54786e+08 -2.18731e+08 -2.92772e+08 -2.58847e+08 -2.52333e+08 -2.74231e+08 -2.55656e+08 -2.842e+08 -2.30706e+08 -1.27465e+08 
-1.44222e+09 -4.39596e+09 -7.093e+09 -7.23164e+09 -8.67282e+09 -9.63256e+09 -1.06548e+10 -1.13769e+10 -1.25637e+10 -1.27683e+10 -1.55995e+10 -1.56743e+10 -1.76118e+10 -2.00578e+10 -2.11764e+10 -2.23265e+10 -2.55339e+10 -2.46666e+10 -2.73465e+10 -3.10307e+10 -2.85544e+10 -2.94129e+10 -3.05893e+10 -2.94641e+10 -3.27897e+10 -3.65807e+10 -3.58342e+10 -3.42611e+10 -3.2785e+10 -2.8562e+10 -2.9165e+10 -3.21318e+10 -2.81915e+10 -2.73381e+10 -2.62615e+10 -2.39534e+10 -2.08764e+10 -1.9041e+10 -1.50593e+10 -1.47157e+10 -9.89153e+09 -9.26661e+09 -7.53834e+09 -5.49646e+09 -4.24364e+09 -3.43939e+09 -2.15347e+09 -1.79572e+09 -1.21023e+09 -1.08636e+09 -7.44102e+08 -7.00915e+08 -5.57113e+08 -3.93121e+08 -4.65043e+08 -3.38405e+08 -3.70577e+08 -3.39589e+08 -3.101e+08 -3.07962e+08 -3.01108e+08 -2.73338e+08 -3.66418e+08 -3.05917e+08 -2.93552e+08 -2.90563e+08 -2.50083e+08 -2.97968e+08 -2.73268e+08 -2.6943e+08 -3.11804e+08 -2.85787e+08 -3.14062e+08 -2.34679e+08 -2.5128e+08 -2.78333e+08 -2.86563e+08 -3.15778e+08 -2.81405e+08 -3.0724e+08 -2.59533e+08 -3.00989e+08 -3.34082e+08 -2.46055e+08 -2.93837e+08 -2.50227e+08 -3.22114e+08 -2.83987e+08 -2.96274e+08 -3.0958e+08 -2.59478e+08 -2.81194e+08 -2.2819e+08 -2.47327e+08 -2.77591e+08 -2.75507e+08 -2.87748e+08 -2.55881e+08 -2.77325e+08 -1.03325e+08 
-1.37137e+09 -4.38302e+09 -6.46046e+09 -7.82994e+09 -8.92934e+09 -9.64747e+09 -1.03126e+10 -1.06476e+10 -1.29862e+10 -1.33912e+10 -1.47511e+10 -1.67457e+10 -1.78095e+10 -1.89427e+10 -2.15817e+10 -2.26417e+10 -2.49715e+10 -2.59123e+10 -2.59286e+10 -3.08194e+10 -3.08293e+10 -2.82467e+10 -2.89226e+10 -3.06219e+10 -3.24049e+10 -3.73298e+10 -3.55965e+10 -3.44818e+10 -3.06333e+10 -3.14406e+10 -3.05079e+10 -2.95237e+10 -2.91639e+10 -2.86104e+10 -2.5263e+10 -2.19572e+10 -2.21625e+10 -1.82659e+10 -1.65948e+10 -1.25173e+10 -1.07095e+10 -1.04268e+10 -7.16302e+09 -5.54067e+09 -4.28739e+09 -3.34908e+09 -2.12765e+09 -1.96897e+09 -1.17579e+09 -9.80521e+08 -8.21552e+08 -5.79757e+08 -5.6445e+08 -4.68168e+08 -3.87919e+08 -3.54275e+08 -3.85916e+08 -3.01163e+08 -3.24528e+08 -3.32467e+08 -2.84631e+08 -3.10738e+08 -2.3303e+08 -2.90651e+08 -3.21006e+08 -3.30673e+08 -3.17042e+08 -2.34811e+08 -2.81532e+08 -2.66187e+08 -3.1754e+08 -2.31267e+08 -3.26628e+08 -2.56711e+08 -3.15655e+08 -2.80077e+08 -2.54444e+08 -2.51713e+08 -2.9726e+08 -2.75887e+08 -2.98135e+08 -2.88075e+08 -2.97118e+08 -2.80601e+08 -3.23122e+08 -3.15376e+08 -2.45343e+08 -2.84506e+08 -2.62533e+08 -3.46319e+08 -2.50382e+08 -3.20715e+08 -2.45168e+08 -2.98932e+08 -2.58895e+08 -2.54749e+08 -2.37407e+08 -3.49703e+08 -2.69347e+08 -1.53717e+08 
-1.35235e+09 -4.01423e+09 -6.77954e+09 -7.92274e+09 -9.30263e+09 -8.64517e+09 -1.01571e+10 -1.159e+10 -1.23436e+10 -1.40345e+10 -1.46795e+10 -1.68534e+10 -1.75412e+10 -1.89625e+10 -2.13818e+10 -2.32039e+10 -2.37224e+10 -2.81012e+10 -2.73224e+10 -2.66121e+10 -3.00995e+10 -3.0529e+10 -2.83459e+10 -3.17357e+10 -3.19059e+10 -3.58296e+10 -3.56388e+10 -3.48189e+10 -2.97912e+10 -3.34134e+10 -3.181e+10 -2.89704e+10 -2.95633e+10 -2.68504e+10 -2.59375e+10 -2.27048e+10 -2.17289e+10 -1.73655e+10 -1.62565e+10 -1.20923e+10 -1.28314e+10 -8.56809e+09 -7.69425e+09 -6.31175e+09 -3.96298e+09 -3.23877e+09 -2.15649e+09 -2.00032e+09 -1.27396e+09 -9.77604e+08 -7.86297e+08 -6.178e+08 -4.65178e+08 -5.08286e+08 -3.82123e+08 -3.92207e+08 -3.22067e+08 -3.43205e+08 -3.38453e+08 -2.81884e+08 -2.96929e+08 -3.05541e+08 -2.82175e+08 -2.87334e+08 -2.52384e+08 -2.66426e+08 -2.49963e+08 -3.80894e+08 -3.08969e+08 -2.54694e+08 -2.53096e+08 -2.58984e+08 -3.39979e+08 -2.79973e+08 -2.32951e+08 -2.93074e+08 -2.82788e+08 -3.42452e+08 -2.64409e+08 -2.39402e+08 -2.22679e+08 -3.09514e+08 -2.85492e+08 -2.83039e+08 -3.40143e+08 -2.85413e+08 -2.93004e+08 -3.35256e+08 -2.47477e+08 -2.69384e+08 -2.7511e+08 -3.15347e+08 -2.98849e+08 -2.61579e+08 -3.0256e+08 -2.37872e+08 -3.19953e+08 -2.58266e+08 -2.66288e+08 -1.30228e+08 
-1.31986e+09 -4.41712e+09 -7.03451e+09 -7.55452e+09 -8.44645e+09 -9.35872e+09 -1.02495e+10 -1.17005e+10 -1.22979e+10 -1.44169e+10 -1.44766e+10 -1.66109e+10 -1.74726e+10 -1.96409e+10 -2.02535e+10 -2.36063e+10 -2.51695e+10 -2.62897e+10 -2.88844e+10 -2.65299e+10 -2.74094e+10 -3.1263e+10 -2.97841e+10 -3.14517e+10 -3.17393e+10 -3.38996e+10 -3.53816e+10 -3.53608e+10 -3.35907e+10 -3.04658e+10 -3.05009e+10 -3.21848e+10 -2.89399e+10 -2.67446e+10 -2.55206e+10 -2.42866e+10 -2.07487e+10 -1.69378e+10 -1.49315e+10 -1.42091e+10 -1.15123e+10 -8.42378e+09 -7.97276e+09 -6.41449e+09 -4.25388e+09 -3.16019e+09 -2.17486e+09 -1.9231e+09 -1.32147e+09 -9.90433e+08 -8.37603e+08 -6.43225e+08 -5.07432e+08 -4.01103e+08 -3.93782e+08 -4.17556e+08 -2.96665e+08 -3.63722e+08 -2.98838e+08 -3.19656e+08 -3.3379e+08 -2.58284e+08 -2.88567e+08 -2.76787e+08 -2.64289e+08 -2.84954e+08 -2.93014e+08 -1.9267e+08 -2.92231e+08 -2.94189e+08 -3.47871e+08 -3.07197e+08 -2.13952e+08 -2.88194e+08 -2.63231e+08 -3.52377e+08 -2.42907e+08 -2.86467e+08 -2.50755e+08 -3.08362e+08 -2.95982e+08 -2.60953e+08 -2.29708e+08 -2.51791e+08 -3.25243e+08 -2.86279e+08 -2.95432e+08 -3.33047e+08 -2.91007e+08 -2.9473e+08 -3.19984e+08 -2.20022e+08 -2.94412e+08 -2.60072e+08 -3.41742e+08 -2.60518e+08 -3.09747e+08 -2.47269e+08 -2.97241e+08 -1.85479e+08 
-1.81674e+09 -4.56525e+09 -5.87366e+09 -7.8963e+09 -8.23214e+09 -1.00814e+10 -1.02055e+10 -1.16293e+10 -1.26332e+10 -1.4042e+10 -1.44314e+10 -1.66894e+10 -1.7685e+10 -1.90176e+10 -2.11119e+10 -2.30514e+10 -2.63314e+10 -2.46302e+10 -2.79632e+10 -3.03012e+10 -2.65694e+10 -2.84745e+10 -3.11423e+10 -3.14646e+10 -3.33836e+10 -3.11371e+10 -3.55721e+10 -3.59508e+10 -3.38899e+10 -3.11191e+10 -3.17009e+10 -3.09605e+10 -2.85039e+10 -2.80943e+10 -2.63275e+10 -2.37231e+10 -1.97356e+10 -1.77881e+10 -1.5684e+10 -1.28402e+10 -1.01184e+10 -1.0237e+10 -7.30186e+09 -6.14653e+09 -4.69074e+09 -3.22669e+09 -2.30624e+09 -1.85497e+09 -1.19884e+09 -1.02357e+09 -8.42562e+08 -6.9845e+08 -5.68668e+08 -4.55862e+08 -3.56756e+08 -3.384e+08 -3.74702e+08 -3.59069e+08 -2.44028e+08 -3.50588e+08 -2.79034e+08 -2.99222e+08 -3.5532e+08 -2.25152e+08 -2.86478e+08 -2.63364e+08 -2.67777e+08 -2.6757e+08 -2.60743e+08 -2.62861e+08 -2.31514e+08 -2.80945e+08 -3.39656e+08 -3.31733e+08 -2.52406e+08 -2.32577e+08 -2.89867e+08 -3.35327e+08 -2.98793e+08 -2.26419e+08 -2.78811e+08 -2.40109e+08 -3.07395e+08 -2.90679e+08 -2.93291e+08 -2.03555e+08 -3.14865e+08 -2.83556e+08 -2.8522e+08 -3.23598e+08 -3.27289e+08 -2.80469e+08 -2.93515e+08 -2.76827e+08 -2.2786e+08 -3.11185e+08 -2.86075e+08 -3.36799e+08 -2.63318e+08 -1.39656e+08 
-1.46494e+09 -3.74452e+09 -6.09439e+09 -7.93414e+09 -9.02502e+09 -9.68927e+09 -1.05933e+10 -1.16409e+10 -1.21068e+10 -1.3863e+10 -1.54209e+10 -1.55444e+10 -1.8245e+10 -1.89856e+10 -2.21622e+10 -2.27024e+10 -2.3792e+10 -2.71529e+10 -2.59463e+10 -3.02873e+10 -3.02077e+10 -2.7276e+10 -2.97465e+10 -3.00894e+10 -3.39247e+10 -3.21812e+10 -3.45461e+10 -3.65411e+10 -3.31201e+10 -3.17459e+10 -3.27619e+10 -3.05002e+10 -2.89339e+10 -2.84536e+10 -2.61485e+10 -2.31615e+10 -2.03118e+10 -1.88741e+10 -1.45558e+10 -1.21741e+10 -1.07991e+10 -9.98642e+09 -6.82862e+09 -6.12782e+09 -4.64185e+09 -3.67597e+09 -2.3562e+09 -1.7959e+09 -1.21369e+09 -8.96055e+08 -8.22702e+08 -7.45291e+08 -5.67756e+08 -5.2429e+08 -4.34734e+08 -3.87272e+08 -3.06407e+08 -3.11453e+08 -3.35726e+08 -3.37626e+08 -2.29679e+08 -2.98737e+08 -2.95571e+08 -2.90522e+08 -3.37411e+08 -2.35816e+08 -2.74649e+08 -2.62828e+08 -2.68993e+08 -2.37744e+08 -2.70049e+08 -2.72904e+08 -2.06492e+08 -3.02134e+08 -3.10725e+08 -3.00211e+08 -3.28395e+08 -2.26453e+08 -2.87338e+08 -2.51227e+08 -3.67107e+08 -2.36042e+08 -2.45884e+08 -2.60109e+08 -2.88829e+08 -2.89386e+08 -2.95828e+08 -2.73057e+08 -2.19736e+08 -3.19614e+08 -2.75232e+08 -2.88061e+08 -3.24745e+08 -3.37492e+08 -2.4651e+08 -3.28204e+08 -2.36009e+08 -2.84801e+08 -2.8362e+08 -1.2161e+08 
-1.45409e+09 -3.96951e+09 -6.62039e+09 -7.80792e+09 -9.25264e+09 -9.69436e+09 -1.06861e+10 -1.09869e+10 -1.26151e+10 -1.34763e+10 -1.59406e+10 -1.52085e+10 -1.82618e+10 -1.99479e+10 -2.06643e+10 -2.37324e+10 -2.21264e+10 -2.79396e+10 -2.71688e+10 -2.73806e+10 -3.13742e+10 -2.93884e+10 -2.93036e+10 -2.93276e+10 -3.15829e+10 -3.4007e+10 -3.52872e+10 -3.50068e+10 -3.35927e+10 -3.28723e+10 -3.13363e+10 -3.13395e+10 -3.02699e+10 -2.73006e+10 -2.56576e+10 -2.40222e+10 -2.10381e+10 -1.79334e+10 -1.41329e+10 -1.35038e+10 -1.0963e+10 -8.24764e+09 -7.23565e+09 -6.2276e+09 -4.22768e+09 -3.90521e+09 -2.72789e+09 -1.6535e+09 -1.19905e+09 -8.68206e+08 -8.23526e+08 -6.29232e+08 -6.37117e+08 -5.10208e+08 -4.54189e+08 -4.19282e+08 -3.7963e+08 -3.68845e+08 -2.8932e+08 -3.06779e+08 -2.967e+08 -3.14063e+08 -2.61225e+08 -2.13328e+08 -3.40106e+08 -2.82598e+08 -2.84267e+08 -3.18885e+08 -2.005e+08 -3.00009e+08 -2.44718e+08 -2.65118e+08 -2.36447e+08 -2.57807e+08 -2.80128e+08 -2.35605e+08 -3.14531e+08 -3.25761e+08 -2.778e+08 -2.79455e+08 -2.28427e+08 -3.02114e+08 -2.65545e+08 -3.44744e+08 -2.32959e+08 -3.0166e+08 -2.24821e+08 -2.95254e+08 -2.48784e+08 -3.16728e+08 -2.42287e+08 -2.9011e+08 -2.71438e+08 -2.66521e+08 -3.20896e+08 -3.27776e+08 -3.32866e+08 -2.5089e+08 -3.09748e+08 -1.39556e+08 
-1.58888e+09 -4.20705e+09 -7.06035e+09 -7.57626e+09 -9.29302e+09 -9.48689e+09 -1.05187e+10 -1.11754e+10 -1.2857e+10 -1.31336e+10 -1.54769e+10 -1.72e+10 -1.66409e+10 -2.07601e+10 -1.89627e+10 -2.35447e+10 -2.46069e+10 -2.46322e+10 -2.9626e+10 -2.67554e+10 -2.95257e+10 -3.16388e+10 -2.88164e+10 -3.01051e+10 -3.01261e+10 -3.43246e+10 -3.60898e+10 -3.42887e+10 -3.4781e+10 -3.15505e+10 -3.08701e+10 -3.21361e+10 -3.03134e+10 -2.79575e+10 -2.58093e+10 -2.40492e+10 -2.05319e+10 -1.74489e+10 -1.57228e+10 -1.3568e+10 -1.02544e+10 -7.95408e+09 -7.55651e+09 -5.73259e+09 -4.30596e+09 -3.7057e+09 -2.89994e+09 -1.77145e+09 -1.21722e+09 -8.24616e+08 -7.19868e+08 -7.26036e+08 -5.61114e+08 -4.50879e+08 -4.98918e+08 -4.21332e+08 -3.89986e+08 -3.75374e+08 -3.27353e+08 -3.6603e+08 -2.92989e+08 -3.18665e+08 -2.72309e+08 -2.89869e+08 -2.66689e+08 -2.09529e+08 -3.12994e+08 -2.73167e+08 -3.01275e+08 -3.12624e+08 -2.19053e+08 -2.77733e+08 -2.56012e+08 -2.63737e+08 -2.54649e+08 -2.31317e+08 -2.82151e+08 -2.56095e+08 -2.94528e+08 -3.07615e+08 -2.77785e+08 -2.50212e+08 -2.58429e+08 -2.8616e+08 -2.91558e+08 -3.21061e+08 -2.86233e+08 -2.56827e+08 -2.68983e+08 -2.54635e+08 -2.61252e+08 -2.52473e+08 -3.08708e+08 -2.24686e+08 -3.17916e+08 -2.71435e+08 -2.88285e+08 -3.25137e+08 -3.5089e+08 -1.83803e+08 
-1.55902e+09 -5.19679e+09 -6.2565e+09 -8.00692e+09 -8.52872e+09 -9.68657e+09 -1.07252e+10 -1.14042e+10 -1.24478e+10 -1.38281e+10 -1.48048e+10 -1.80461e+10 -1.60149e+10 -1.94279e+10 -2.15302e+10 -2.08261e+10 -2.60497e+10 -2.42444e+10 -2.71689e+10 -3.12656e+10 -2.83606e+10 -2.96102e+10 -2.99448e+10 -3.11647e+10 -3.1233e+10 -3.18691e+10 -3.56086e+10 -3.72954e+10 -3.30493e+10 -3.05936e+10 -3.17668e+10 -3.03933e+10 -3.01137e+10 -3.00089e+10 -2.59838e+10 -2.33986e+10 -1.98825e+10 -1.91718e+10 -1.57966e+10 -1.24459e+10 -1.03805e+10 -9.11357e+09 -6.89342e+09 -5.2341e+09 -4.61477e+09 -3.53174e+09 -2.59788e+09 -1.93977e+09 -1.31656e+09 -9.76642e+08 -5.60692e+08 -6.14216e+08 -6.18448e+08 -5.29051e+08 -4.14647e+08 -3.76898e+08 -3.94992e+08 -3.81446e+08 -3.53018e+08 -3.7364e+08 -2.82705e+08 -3.23142e+08 -3.44451e+08 -3.17956e+08 -2.63928e+08 -2.80759e+08 -2.46979e+08 -2.52681e+08 -2.26484e+08 -3.34522e+08 -2.93393e+08 -2.61107e+08 -3.06382e+08 -1.99892e+08 -3.15266e+08 -2.49162e+08 -2.75467e+08 -2.34285e+08 -2.35182e+08 -2.86029e+08 -2.65807e+08 -2.86944e+08 -2.88618e+08 -2.45788e+08 -2.72882e+08 -2.61415e+08 -3.62666e+08 -2.21506e+08 -3.41987e+08 -2.48297e+08 -3.04185e+08 -2.24904e+08 -2.74624e+08 -2.13833e+08 -2.64953e+08 -3.07135e+08 -2.74015e+08 -3.11267e+08 -2.52427e+08 -1.1341e+08 
-1.77668e+09 -4.29556e+09 -6.56329e+09 -7.56196e+09 -8.5566e+09 -9.84595e+09 -1.07708e+10 -1.18791e+10 -1.17426e+10 -1.49609e+10 -1.39865e+10 -1.69672e+10 -1.80124e+10 -1.72654e+10 -2.34105e+10 -2.02653e+10 -2.36575e+10 -2.67692e+10 -2.62054e+10 -3.06577e+10 -3.02031e+10 -2.89462e+10 -2.99775e+10 -3.01212e+10 -3.33156e+10 -3.23289e+10 -3.46716e+10 -3.8261e+10 -3.24488e+10 -3.00786e+10 -3.04834e+10 -3.13851e+10 -3.09931e+10 -2.8331e+10 -2.63589e+10 -2.35918e+10 -2.13584e+10 -1.9416e+10 -1.43392e+10 -1.29545e+10 -1.12236e+10 -8.50058e+09 -7.02084e+09 -5.36729e+09 -4.58589e+09 -3.12082e+09 -2.44137e+09 -1.93317e+09 -1.44814e+09 -9.17132e+08 -8.5732e+08 -4.21607e+08 -5.31644e+08 -4.64308e+08 -4.94077e+08 -4.397e+08 -3.32138e+08 -3.41244e+08 -3.48515e+08 -3.14411e+08 -3.64961e+08 -3.42169e+08 -2.823e+08 -3.06046e+08 -3.24146e+08 -3.10895e+08 -3.14597e+08 -2.77142e+08 -2.50278e+08 -2.2687e+08 -2.4624e+08 -3.12401e+08 -2.68247e+08 -3.05862e+08 -2.73511e+08 -2.68919e+08 -2.79863e+08 -2.62836e+08 -2.59409e+08 -2.54897e+08 -2.10522e+08 -2.39507e+08 -2.91386e+08 -3.01192e+08 -2.97674e+08 -2.58497e+08 -2.3963e+08 -2.60036e+08 -2.95954e+08 -3.42007e+08 -2.36854e+08 -3.17914e+08 -2.57507e+08 -2.97479e+08 -2.16426e+08 -2.60252e+08 -2.1685e+08 -3.01119e+08 -2.71522e+08 -1.65401e+08 
-1.55722e+09 -4.49285e+09 -6.19059e+09 -7.67761e+09 -8.72852e+09 -1.0056e+10 -1.03643e+10 -1.21714e+10 -1.24001e+10 -1.39281e+10 -1.47032e+10 -1.52508e+10 -1.9921e+10 -1.73087e+10 -2.02404e+10 -2.39347e+10 -2.13507e+10 -2.68371e+10 -2.82054e+10 -2.7556e+10 -3.26866e+10 -2.905e+10 -3.05483e+10 -2.87859e+10 -3.14892e+10 -3.57246e+10 -3.59704e+10 -3.49296e+10 -3.22357e+10 -3.12862e+10 -2.96382e+10 -3.18474e+10 -3.06877e+10 -2.7387e+10 -2.64405e+10 -2.48271e+10 -2.2103e+10 -1.76799e+10 -1.57354e+10 -1.33547e+10 -1.08843e+10 -8.19439e+09 -7.45178e+09 -5.70814e+09 -4.29742e+09 -2.82959e+09 -2.33164e+09 -1.84954e+09 -1.50137e+09 -1.0184e+09 -6.5849e+08 -7.21023e+08 -4.34922e+08 -4.00472e+08 -4.46421e+08 -3.54417e+08 -4.16152e+08 -3.99211e+08 -3.05078e+08 -3.22191e+08 -3.2277e+08 -2.27572e+08 -4.06784e+08 -2.80671e+08 -3.18548e+08 -2.79651e+08 -2.98683e+08 -3.20057e+08 -3.41862e+08 -2.7636e+08 -2.65381e+08 -2.33883e+08 -2.50796e+08 -2.55434e+08 -3.28635e+08 -3.08364e+08 -2.47577e+08 -2.95414e+08 -2.38388e+08 -3.13689e+08 -2.32201e+08 -2.43752e+08 -2.47506e+08 -1.97251e+08 -2.90308e+08 -3.27592e+08 -2.85362e+08 -2.63356e+08 -2.3177e+08 -2.39501e+08 -2.76548e+08 -3.52196e+08 -2.62176e+08 -2.68516e+08 -2.98862e+08 -2.89496e+08 -2.65662e+08 -2.609e+08 -2.02732e+08 -8.50844e+07 
-1.59074e+09 -3.9949e+09 -6.53763e+09 -7.87448e+09 -8.66373e+09 -9.7951e+09 -1.07805e+10 -1.18966e+10 -1.28365e+10 -1.28101e+10 -1.5962e+10 -1.48133e+10 -1.82014e+10 -1.99632e+10 -1.79756e+10 -2.35314e+10 -2.45265e+10 -2.30849e+10 -3.01018e+10 -2.82374e+10 -3.07454e+10 -3.07402e+10 -2.96811e+10 -2.9804e+10 -3.09417e+10 -3.68078e+10 -3.72494e+10 -3.26418e+10 -3.15992e+10 -3.18916e+10 -3.10191e+10 -2.98002e+10 -2.94679e+10 -2.9654e+10 -2.70151e+10 -2.40785e+10 -2.12933e+10 -1.80451e+10 -1.72568e+10 -1.253e+10 -1.06229e+10 -8.65142e+09 -7.98662e+09 -5.34517e+09 -4.30947e+09 -2.72141e+09 -2.21044e+09 -1.84693e+09 -1.32244e+09 -1.13193e+09 -7.34547e+08 -5.37507e+08 -5.18235e+08 -5.50102e+08 -3.2968e+08 -3.55658e+08 -3.77103e+08 -2.98346e+08 -3.59981e+08 -3.6269e+08 -3.17743e+08 -3.05144e+08 -2.82026e+08 -2.70227e+08 -3.07088e+08 -2.879e+08 -3.23872e+08 -2.74234e+08 -2.996e+08 -3.05316e+08 -3.02481e+08 -3.39222e+08 -2.78459e+08 -2.52123e+08 -2.21542e+08 -2.9265e+08 -3.33846e+08 -2.52242e+08 -3.20108e+08 -2.34334e+08 -2.66198e+08 -2.76046e+08 -2.74714e+08 -2.30562e+08 -2.43557e+08 -2.61368e+08 -2.16313e+08 -3.12908e+08 -3.24604e+08 -2.61769e+08 -2.26892e+08 -2.26184e+08 -2.53964e+08 -3.02263e+08 -3.44041e+08 -2.27846e+08 -3.02466e+08 -2.9859e+08 -3.19999e+08 -1.31036e+08 
-1.38576e+09 -4.51875e+09 -6.75805e+09 -7.23504e+09 -9.10767e+09 -9.6212e+09 -1.10674e+10 -1.11972e+10 -1.31301e+10 -1.31724e+10 -1.53221e+10 -1.6355e+10 -1.55474e+10 -2.02096e+10 -2.07723e+10 -2.00214e+10 -2.67784e+10 -2.39557e+10 -2.75811e+10 -3.09615e+10 -2.85447e+10 -3.09547e+10 -2.94772e+10 -3.09204e+10 -3.26914e+10 -3.51169e+10 -3.58778e+10 -3.5149e+10 -3.19972e+10 -2.96472e+10 -3.05412e+10 -3.01731e+10 -3.00816e+10 -2.97938e+10 -2.73027e+10 -2.31618e+10 -2.13941e+10 -1.93034e+10 -1.59613e+10 -1.29095e+10 -1.12797e+10 -8.73868e+09 -7.98683e+09 -5.13897e+09 -4.32075e+09 -2.89461e+09 -2.2201e+09 -1.7051e+09 -1.25456e+09 -9.70662e+08 -8.59352e+08 -5.9608e+08 -4.73827e+08 -4.36569e+08 -4.00473e+08 -4.75853e+08 -2.85242e+08 -3.24348e+08 -3.3821e+08 -2.80815e+08 -2.88765e+08 -3.49808e+08 -3.21143e+08 -2.90775e+08 -2.89953e+08 -2.82264e+08 -2.03593e+08 -3.72935e+08 -2.25155e+08 -3.25159e+08 -2.78432e+08 -3.0471e+08 -2.98646e+08 -3.31488e+08 -2.80795e+08 -3.07532e+08 -2.61957e+08 -2.59366e+08 -2.86444e+08 -3.3585e+08 -2.67304e+08 -2.28382e+08 -2.67272e+08 -2.50353e+08 -3.15897e+08 -2.64573e+08 -2.31969e+08 -2.48871e+08 -2.18593e+08 -2.65629e+08 -3.55023e+08 -2.5482e+08 -2.40756e+08 -2.12834e+08 -2.3186e+08 -2.7807e+08 -3.57028e+08 -2.80708e+08 -2.57144e+08 -1.41246e+08 
-1.562e+09 -4.35393e+09 -6.42355e+09 -7.77468e+09 -8.9207e+09 -9.37439e+09 -1.08045e+10 -1.14024e+10 -1.30461e+10 -1.3771e+10 -1.46108e+10 -1.61546e+10 -1.70826e+10 -1.74644e+10 -2.26781e+10 -2.0599e+10 -2.37151e+10 -2.8763e+10 -2.4034e+10 -3.12917e+10 -2.9523e+10 -3.06734e+10 -2.9858e+10 -3.14414e+10 -3.26614e+10 -3.37459e+10 -3.62117e+10 -3.70992e+10 -3.201e+10 -2.75896e+10 -2.94005e+10 -3.18857e+10 -3.22096e+10 -2.78456e+10 -2.56745e+10 -2.45911e+10 -2.21077e+10 -1.90038e+10 -1.46969e+10 -1.40268e+10 -1.14318e+10 -8.93545e+09 -7.59996e+09 -5.10091e+09 -4.53896e+09 -3.12961e+09 -2.26661e+09 -1.53881e+09 -1.23752e+09 -9.12844e+08 -7.37929e+08 -6.56607e+08 -5.03848e+08 -4.34831e+08 -4.30077e+08 -3.29457e+08 -3.39083e+08 -4.33588e+08 -3.0324e+08 -2.64254e+08 -3.3736e+08 -2.80161e+08 -2.35546e+08 -3.34928e+08 -3.0347e+08 -2.7427e+08 -3.34734e+08 -2.489e+08 -2.49226e+08 -2.70138e+08 -2.72638e+08 -2.78246e+08 -2.88932e+08 -3.03581e+08 -2.98128e+08 -3.11163e+08 -3.34824e+08 -2.92992e+08 -2.74108e+08 -2.73915e+08 -2.92564e+08 -3.14828e+08 -2.27897e+08 -3.32611e+08 -1.88996e+08 -2.97283e+08 -2.89821e+08 -2.80385e+08 -2.33303e+08 -2.18835e+08 -2.85652e+08 -2.08773e+08 -3.06721e+08 -3.40958e+08 -2.05743e+08 -2.17993e+08 -2.36681e+08 -2.62698e+08 -2.98086e+08 -1.9711e+08 
-1.21332e+09 -4.41146e+09 -6.68241e+09 -7.67883e+09 -8.63584e+09 -9.10049e+09 -1.08646e+10 -1.18881e+10 -1.2848e+10 -1.32651e+10 -1.53857e+10 -1.50268e+10 -1.85777e+10 -1.73692e+10 -2.02464e+10 -2.40215e+10 -2.1267e+10 -2.85754e+10 -2.72332e+10 -2.87061e+10 -3.05187e+10 -2.98729e+10 -3.03269e+10 -3.14152e+10 -3.17462e+10 -3.37413e+10 -3.79506e+10 -3.42887e+10 -3.11308e+10 -3.24713e+10 -3.03751e+10 -2.95757e+10 -3.02981e+10 -2.8608e+10 -2.594e+10 -2.52018e+10 -2.12772e+10 -1.86396e+10 -1.60035e+10 -1.39528e+10 -1.03862e+10 -9.56139e+09 -7.20024e+09 -5.55523e+09 -4.56635e+09 -3.27028e+09 -2.44196e+09 -1.45129e+09 -1.14435e+09 -9.46397e+08 -6.60618e+08 -6.18933e+08 -5.05163e+08 -4.26114e+08 -4.45507e+08 -3.58168e+08 -3.90197e+08 -2.90755e+08 -2.94267e+08 -3.56538e+08 -3.69726e+08 -2.36666e+08 -2.95315e+08 -2.93837e+08 -2.54007e+08 -2.68243e+08 -2.95598e+08 -2.7617e+08 -3.17083e+08 -2.78337e+08 -2.61149e+08 -2.10954e+08 -3.32369e+08 -1.91742e+08 -3.22888e+08 -2.9428e+08 -3.14389e+08 -3.11991e+08 -3.0417e+08 -2.89852e+08 -2.94224e+08 -2.89069e+08 -2.90727e+08 -2.93849e+08 -3.10139e+08 -2.63922e+08 -2.65458e+08 -2.41612e+08 -2.65891e+08 -3.07675e+08 -2.51855e+08 -2.25454e+08 -2.31169e+08 -2.73507e+08 -2.40387e+08 -3.40643e+08 -2.82471e+08 -2.09077e+08 -2.26974e+08 -1.10313e+08 
-1.63108e+09 -4.60955e+09 -6.32604e+09 -7.37352e+09 -8.50393e+09 -9.51162e+09 -1.07939e+10 -1.1424e+10 -1.33312e+10 -1.27941e+10 -1.54108e+10 -1.61404e+10 -1.70529e+10 -2.03079e+10 -1.7488e+10 -2.33396e+10 -2.39794e+10 -2.54454e+10 -3.16619e+10 -2.69199e+10 -2.93685e+10 -2.96679e+10 -3.11486e+10 -3.032e+10 -3.25269e+10 -3.53154e+10 -3.524e+10 -3.44013e+10 -3.24442e+10 -3.32587e+10 -3.26825e+10 -2.92801e+10 -2.63349e+10 -2.88675e+10 -2.80586e+10 -2.38474e+10 -2.10661e+10 -1.94077e+10 -1.66429e+10 -1.30783e+10 -1.05775e+10 -9.01248e+09 -7.23435e+09 -6.1665e+09 -4.44397e+09 -3.27371e+09 -2.62366e+09 -1.5778e+09 -1.12256e+09 -7.90132e+08 -7.86472e+08 -5.28231e+08 -5.24528e+08 -4.3768e+08 -3.45241e+08 -3.75702e+08 -3.86677e+08 -3.23588e+08 -3.70055e+08 -2.93165e+08 -2.44732e+08 -3.03568e+08 -3.8631e+08 -2.74495e+08 -2.36935e+08 -3.0713e+08 -2.75725e+08 -2.23159e+08 -2.96008e+08 -2.78633e+08 -2.57518e+08 -3.40227e+08 -2.43258e+08 -2.47529e+08 -2.57461e+08 -2.65904e+08 -2.43739e+08 -3.0768e+08 -3.20004e+08 -2.97433e+08 -3.04903e+08 -3.08629e+08 -2.47818e+08 -2.9175e+08 -3.17474e+08 -3.46956e+08 -3.07004e+08 -2.33964e+08 -3.12351e+08 -1.98442e+08 -2.86222e+08 -2.79734e+08 -2.70436e+08 -2.3601e+08 -2.11667e+08 -2.75475e+08 -2.62361e+08 -3.01481e+08 -3.39703e+08 -1.25922e+08 
-1.48683e+09 -4.10936e+09 -6.09416e+09 -7.81458e+09 -8.28343e+09 -9.34158e+09 -1.10447e+10 -1.10813e+10 -1.29865e+10 -1.41208e+10 -1.38754e+10 -1.78439e+10 -1.63882e+10 -1.96748e+10 -1.90637e+10 -2.07734e+10 -2.71848e+10 -2.48832e+10 -2.94098e+10 -2.94267e+10 -2.79062e+10 -2.84453e+10 -3.10652e+10 -3.18105e+10 -3.3504e+10 -3.40635e+10 -3.40819e+10 -3.57129e+10 -3.50371e+10 -3.13957e+10 -3.17415e+10 -3.00724e+10 -2.83182e+10 -2.74548e+10 -2.65396e+10 -2.36639e+10 -2.24628e+10 -1.9648e+10 -1.57803e+10 -1.29636e+10 -1.09953e+10 -8.40565e+09 -7.54357e+09 -6.3779e+09 -4.27171e+09 -3.44087e+09 -2.61393e+09 -1.62326e+09 -1.30222e+09 -8.36584e+08 -5.90056e+08 -6.46763e+08 -4.81901e+08 -4.55207e+08 -3.85907e+08 -3.51756e+08 -2.81684e+08 -3.28885e+08 -3.8621e+08 -2.59502e+08 -3.87549e+08 -2.95626e+08 -2.28878e+08 -2.87904e+08 -3.05598e+08 -3.26582e+08 -2.74965e+08 -2.46872e+08 -2.91223e+08 -2.61433e+08 -2.43395e+08 -2.59396e+08 -2.63179e+08 -3.17075e+08 -2.78632e+08 -2.69855e+08 -2.32876e+08 -2.89293e+08 -2.0261e+08 -3.10931e+08 -2.87652e+08 -3.13572e+08 -2.99135e+08 -2.81504e+08 -2.90615e+08 -2.64456e+08 -3.11305e+08 -3.83168e+08 -2.94557e+08 -2.88376e+08 -2.34333e+08 -2.93836e+08 -2.22231e+08 -2.80146e+08 -2.82197e+08 -2.40011e+08 -2.49852e+08 -2.30987e+08 -3.24894e+08 -1.10399e+08 
-1.63073e+09 -4.0645e+09 -6.05227e+09 -7.87936e+09 -8.36488e+09 -9.27431e+09 -1.04545e+10 -1.17928e+10 -1.19902e+10 -1.56358e+10 -1.36606e+10 -1.66719e+10 -1.74812e+10 -1.76641e+10 -2.25938e+10 -2.00354e+10 -2.61098e+10 -2.60004e+10 -2.62501e+10 -3.04369e+10 -2.89836e+10 -2.82989e+10 -3.08051e+10 -3.31281e+10 -3.17533e+10 -3.19516e+10 -3.63323e+10 -3.64151e+10 -3.46721e+10 -3.18426e+10 -3.02359e+10 -3.03037e+10 -3.1798e+10 -2.58341e+10 -2.48599e+10 -2.47163e+10 -2.27726e+10 -1.80467e+10 -1.659e+10 -1.29443e+10 -1.03885e+10 -9.01708e+09 -7.81665e+09 -6.10839e+09 -4.13798e+09 -3.49483e+09 -2.56186e+09 -1.75687e+09 -1.2921e+09 -1.03136e+09 -6.54218e+08 -4.82145e+08 -5.07672e+08 -5.18883e+08 -3.50606e+08 -4.24057e+08 -3.05755e+08 -3.08932e+08 -2.64318e+08 -2.59088e+08 -4.14592e+08 -2.44063e+08 -3.40732e+08 -2.92198e+08 -2.88753e+08 -2.6833e+08 -2.32608e+08 -3.33002e+08 -2.976e+08 -2.4544e+08 -2.75997e+08 -2.97815e+08 -2.12613e+08 -2.71141e+08 -2.65523e+08 -2.46854e+08 -3.54407e+08 -2.37597e+08 -2.59765e+08 -2.66137e+08 -2.4585e+08 -2.18362e+08 -3.21701e+08 -2.94624e+08 -2.848e+08 -3.08373e+08 -3.05556e+08 -2.55367e+08 -2.68458e+08 -3.19325e+08 -4.27419e+08 -2.71376e+08 -2.53901e+08 -2.64036e+08 -2.22332e+08 -2.80353e+08 -2.89616e+08 -2.60464e+08 -2.55353e+08 -1.35296e+08 
-1.31103e+09 -4.02704e+09 -6.37002e+09 -7.80506e+09 -8.25076e+09 -9.53833e+09 -9.74245e+09 -1.24583e+10 -1.20557e+10 -1.49397e+10 -1.53272e+10 -1.39589e+10 -1.86488e+10 -1.8498e+10 -2.28171e+10 -2.15075e+10 -2.316e+10 -2.60876e+10 -2.67202e+10 -2.80203e+10 -3.17484e+10 -3.08472e+10 -2.96087e+10 -2.91105e+10 -3.30742e+10 -3.26815e+10 -3.63362e+10 -3.79064e+10 -3.27271e+10 -3.10284e+10 -3.30014e+10 -3.07655e+10 -2.9534e+10 -2.81589e+10 -2.53818e+10 -2.37441e+10 -2.17432e+10 -1.77686e+10 -1.60096e+10 -1.31363e+10 -1.09032e+10 -9.26241e+09 -7.83588e+09 -5.65467e+09 -4.34353e+09 -3.4715e+09 -2.29302e+09 -1.89302e+09 -1.46045e+09 -9.03689e+08 -8.40007e+08 -5.69959e+08 -4.51325e+08 -3.77303e+08 -4.79864e+08 -3.88818e+08 -3.22916e+08 -3.85476e+08 -2.79576e+08 -2.84007e+08 -2.52404e+08 -2.40088e+08 -3.5595e+08 -2.95351e+08 -2.80989e+08 -3.18206e+08 -2.95394e+08 -2.75048e+08 -2.46046e+08 -2.59239e+08 -3.12158e+08 -2.65857e+08 -2.59064e+08 -2.84334e+08 -2.91799e+08 -2.4094e+08 -2.33251e+08 -2.65571e+08 -2.80637e+08 -3.0344e+08 -2.67575e+08 -2.50345e+08 -2.83864e+08 -1.66961e+08 -3.03091e+08 -2.88725e+08 -3.222e+08 -2.792e+08 -2.75848e+08 -2.79294e+08 -2.76185e+08 -2.97769e+08 -3.74152e+08 -3.45134e+08 -2.771e+08 -2.14321e+08 -3.06945e+08 -2.32051e+08 -3.01851e+08 -1.20704e+08 
-1.53714e+09 -4.16609e+09 -6.26674e+09 -7.90271e+09 -8.06709e+09 -9.5512e+09 -1.02151e+10 -1.18267e+10 -1.3305e+10 -1.29199e+10 -1.56261e+10 -1.48439e+10 -1.90425e+10 -1.91199e+10 -2.08686e+10 -2.3239e+10 -2.21845e+10 -2.42705e+10 -2.8466e+10 -2.84134e+10 -3.15369e+10 -3.04007e+10 -3.06996e+10 -2.81737e+10 -3.2417e+10 -3.47221e+10 -3.64121e+10 -3.57125e+10 -3.44148e+10 -3.18617e+10 -3.11582e+10 -3.17327e+10 -2.96084e+10 -2.9218e+10 -2.73683e+10 -2.17653e+10 -2.0222e+10 -1.88418e+10 -1.46238e+10 -1.32564e+10 -1.16766e+10 -9.48231e+09 -7.35573e+09 -5.67741e+09 -4.50904e+09 -3.34112e+09 -2.28295e+09 -1.76641e+09 -1.45029e+09 -1.12853e+09 -6.92383e+08 -6.56327e+08 -5.39861e+08 -4.33186e+08 -3.48255e+08 -3.84339e+08 -3.7963e+08 -3.54295e+08 -3.16854e+08 -3.50289e+08 -2.65268e+08 -2.80084e+08 -2.52265e+08 -2.39098e+08 -2.73896e+08 -3.45149e+08 -2.82768e+08 -2.78698e+08 -2.94103e+08 -3.21714e+08 -2.59175e+08 -2.13995e+08 -2.78178e+08 -2.98479e+08 -2.65144e+08 -2.74179e+08 -3.07878e+08 -2.3346e+08 -2.51503e+08 -2.55298e+08 -2.38987e+08 -3.37922e+08 -2.45571e+08 -2.56588e+08 -2.77779e+08 -2.37444e+08 -2.08058e+08 -3.53087e+08 -2.51206e+08 -2.76365e+08 -2.92857e+08 -2.81379e+08 -2.67015e+08 -2.86755e+08 -3.12051e+08 -3.9488e+08 -3.06731e+08 -2.69619e+08 -2.60658e+08 -1.74377e+08 
-1.59859e+09 -4.19883e+09 -6.40193e+09 -7.4927e+09 -8.81662e+09 -9.09979e+09 -1.06722e+10 -1.15951e+10 -1.2737e+10 -1.26111e+10 -1.57129e+10 -1.70422e+10 -1.72524e+10 -1.99009e+10 -1.97731e+10 -2.24655e+10 -2.33891e+10 -2.35532e+10 -2.91943e+10 -2.98387e+10 -2.93268e+10 -2.96014e+10 -3.14656e+10 -3.1379e+10 -3.00935e+10 -3.48755e+10 -3.61864e+10 -3.53349e+10 -3.54054e+10 -3.14662e+10 -2.97874e+10 -3.12641e+10 -3.26003e+10 -2.93543e+10 -2.57032e+10 -2.36809e+10 -1.96569e+10 -1.71178e+10 -1.56244e+10 -1.33017e+10 -1.09611e+10 -9.87148e+09 -6.93748e+09 -6.02962e+09 -4.59285e+09 -3.17497e+09 -2.21626e+09 -1.91969e+09 -1.20515e+09 -1.23318e+09 -7.65089e+08 -5.91292e+08 -5.35527e+08 -4.90634e+08 -3.95375e+08 -3.92713e+08 -3.16238e+08 -3.67156e+08 -3.18596e+08 -3.30649e+08 -3.21767e+08 -3.23386e+08 -2.80803e+08 -2.535e+08 -2.6298e+08 -2.5252e+08 -2.38473e+08 -3.17858e+08 -2.89637e+08 -2.99606e+08 -2.66708e+08 -3.15073e+08 -2.87174e+08 -2.45735e+08 -2.46048e+08 -2.7622e+08 -2.94294e+08 -2.27058e+08 -3.01646e+08 -2.92336e+08 -2.58486e+08 -2.40604e+08 -2.65777e+08 -2.37318e+08 -2.92628e+08 -2.75917e+08 -2.56984e+08 -2.96532e+08 -1.77772e+08 -2.78151e+08 -2.93681e+08 -2.86672e+08 -2.55589e+08 -2.64544e+08 -2.92118e+08 -2.6171e+08 -3.36642e+08 -3.40138e+08 -3.29845e+08 -1.59925e+08 
-1.41672e+09 -4.022e+09 -6.73322e+09 -7.34167e+09 -9.18864e+09 -9.24441e+09 -1.00388e+10 -1.13859e+10 -1.23887e+10 -1.38201e+10 -1.58134e+10 -1.66484e+10 -1.69844e+10 -1.95256e+10 -2.02e+10 -2.07871e+10 -2.47851e+10 -2.58333e+10 -2.73127e+10 -2.86304e+10 -2.95882e+10 -3.22718e+10 -2.86753e+10 -3.18698e+10 -3.22492e+10 -3.33906e+10 -3.56504e+10 -3.71652e+10 -3.31875e+10 -3.05442e+10 -3.17717e+10 -3.16288e+10 -3.10809e+10 -3.03026e+10 -2.57358e+10 -2.3824e+10 -2.0379e+10 -1.68011e+10 -1.54911e+10 -1.35494e+10 -1.04154e+10 -8.92537e+09 -7.58978e+09 -6.06722e+09 -4.49968e+09 -3.26251e+09 -2.24661e+09 -1.87235e+09 -1.25702e+09 -1.02269e+09 -8.96214e+08 -5.83661e+08 -5.08352e+08 -4.62679e+08 -4.53034e+08 -3.68005e+08 -3.58242e+08 -3.65597e+08 -3.013e+08 -3.50388e+08 -2.87146e+08 -3.16361e+08 -3.195e+08 -3.06055e+08 -2.83563e+08 -2.4301e+08 -2.80524e+08 -2.59031e+08 -2.45272e+08 -2.71239e+08 -2.85217e+08 -3.22453e+08 -2.39509e+08 -3.09843e+08 -3.23689e+08 -2.68412e+08 -2.3215e+08 -2.45278e+08 -2.76011e+08 -2.92381e+08 -2.25241e+08 -3.24889e+08 -2.72252e+08 -2.54707e+08 -2.40992e+08 -2.46821e+08 -2.84457e+08 -2.77496e+08 -2.56714e+08 -2.65284e+08 -2.48299e+08 -1.98597e+08 -3.51143e+08 -2.34012e+08 -2.5892e+08 -2.69418e+08 -2.57512e+08 -3.05045e+08 -2.9905e+08 -2.015e+08 
-1.29956e+09 -4.66997e+09 -6.37765e+09 -8.11455e+09 -8.34348e+09 -9.5076e+09 -9.76431e+09 -1.10673e+10 -1.34381e+10 -1.40165e+10 -1.45307e+10 -1.69299e+10 -1.76011e+10 -1.83402e+10 -1.99269e+10 -2.22571e+10 -2.44745e+10 -2.66901e+10 -2.60211e+10 -2.94118e+10 -3.01767e+10 -3.10392e+10 -2.93762e+10 -3.08623e+10 -3.35727e+10 -3.33675e+10 -3.61408e+10 -3.62548e+10 -3.28065e+10 -3.1734e+10 -3.11555e+10 -3.18754e+10 -3.05233e+10 -2.88391e+10 -2.8083e+10 -2.29696e+10 -2.04074e+10 -1.91561e+10 -1.46295e+10 -1.2638e+10 -1.05547e+10 -8.39709e+09 -7.9258e+09 -5.92545e+09 -4.2483e+09 -3.52355e+09 -2.26777e+09 -1.96062e+09 -1.21073e+09 -9.41169e+08 -8.29782e+08 -6.69976e+08 -4.94479e+08 -4.00985e+08 -4.24242e+08 -4.07362e+08 -3.92441e+08 -3.0757e+08 -3.29148e+08 -3.8943e+08 -2.40823e+08 -3.65384e+08 -2.72858e+08 -3.05142e+08 -3.00533e+08 -2.98521e+08 -2.97953e+08 -2.47597e+08 -2.55659e+08 -2.82282e+08 -2.75485e+08 -2.43741e+08 -2.80088e+08 -2.75323e+08 -3.397e+08 -2.41781e+08 -2.90812e+08 -2.98215e+08 -2.63396e+08 -2.5255e+08 -2.34213e+08 -3.12701e+08 -2.47148e+08 -2.67045e+08 -2.85411e+08 -2.74314e+08 -2.67048e+08 -2.57984e+08 -2.36059e+08 -2.51238e+08 -3.04888e+08 -2.07054e+08 -3.11314e+08 -1.98883e+08 -2.70762e+08 -2.8877e+08 -2.76027e+08 -2.31141e+08 -2.78763e+08 -7.48345e+07 
-1.55103e+09 -4.44067e+09 -6.69953e+09 -7.5198e+09 -8.50941e+09 -8.94043e+09 -1.07528e+10 -1.09834e+10 -1.34221e+10 -1.37352e+10 -1.39412e+10 -1.71792e+10 -1.72814e+10 -1.80571e+10 -2.03994e+10 -2.40054e+10 -2.23219e+10 -2.69637e+10 -2.72551e+10 -2.97679e+10 -3.02687e+10 -2.83588e+10 -3.21695e+10 -2.95417e+10 -3.26588e+10 -3.68031e+10 -3.4965e+10 -3.55847e+10 -3.35996e+10 -3.15646e+10 -3.04644e+10 -3.15622e+10 -3.12281e+10 -2.77739e+10 -2.68977e+10 -2.46942e+10 -2.12967e+10 -1.8728e+10 -1.56473e+10 -1.16562e+10 -1.05597e+10 -8.5625e+09 -7.68896e+09 -5.41975e+09 -4.37235e+09 -3.49922e+09 -2.49818e+09 -1.90727e+09 -1.28822e+09 -8.59791e+08 -7.75081e+08 -6.62277e+08 -5.18002e+08 -4.3262e+08 -3.59238e+08 -3.7857e+08 -3.49064e+08 -3.72234e+08 -3.61724e+08 -2.8303e+08 -2.91703e+08 -3.86024e+08 -2.7949e+08 -2.93228e+08 -3.25216e+08 -2.67051e+08 -2.87807e+08 -2.97444e+08 -2.93542e+08 -2.63041e+08 -2.47274e+08 -2.85358e+08 -2.96954e+08 -2.58662e+08 -2.76819e+08 -2.56558e+08 -3.2822e+08 -2.37187e+08 -3.15615e+08 -2.436e+08 -2.81281e+08 -2.98357e+08 -2.62868e+08 -2.43272e+08 -3.09925e+08 -1.9921e+08 -2.86877e+08 -3.01577e+08 -2.63002e+08 -2.57854e+08 -2.39867e+08 -2.58066e+08 -2.56753e+08 -2.81867e+08 -1.92883e+08 -2.9909e+08 -2.16376e+08 -3.5081e+08 -2.22243e+08 -1.76216e+08 
-1.55657e+09 -4.34421e+09 -6.5454e+09 -7.11768e+09 -8.95267e+09 -9.29584e+09 -1.06975e+10 -1.15942e+10 -1.14382e+10 -1.49101e+10 -1.39853e+10 -1.5937e+10 -1.68172e+10 -2.03277e+10 -1.96559e+10 -2.323e+10 -2.32677e+10 -2.66076e+10 -2.81373e+10 -2.87382e+10 -3.20473e+10 -2.90926e+10 -2.94175e+10 -3.04759e+10 -3.29308e+10 -3.7031e+10 -3.64949e+10 -3.55229e+10 -3.25061e+10 -2.99563e+10 -3.13252e+10 -3.15555e+10 -3.11995e+10 -2.82906e+10 -2.57036e+10 -2.48797e+10 -2.2409e+10 -1.79135e+10 -1.60756e+10 -1.21755e+10 -1.06325e+10 -8.69146e+09 -6.81618e+09 -5.49236e+09 -4.42762e+09 -3.27024e+09 -2.6833e+09 -1.87912e+09 -1.30405e+09 -9.20378e+08 -7.16134e+08 -6.22959e+08 -5.53512e+08 -3.98003e+08 -4.21486e+08 -3.34798e+08 -2.99083e+08 -3.68289e+08 -2.91502e+08 -3.52527e+08 -3.33809e+08 -2.90922e+08 -2.67221e+08 -3.36237e+08 -3.53174e+08 -2.4549e+08 -3.37941e+08 -2.41351e+08 -2.85834e+08 -3.11579e+08 -2.76177e+08 -2.8491e+08 -2.43576e+08 -2.76278e+08 -2.96956e+08 -3.22683e+08 -2.37119e+08 -2.6412e+08 -2.68412e+08 -3.22837e+08 -2.32132e+08 -3.03537e+08 -2.41437e+08 -3.21446e+08 -2.91988e+08 -2.24229e+08 -3.07509e+08 -2.49866e+08 -2.20255e+08 -2.53524e+08 -2.97979e+08 -2.83584e+08 -2.64652e+08 -2.4168e+08 -2.08807e+08 -3.19945e+08 -1.81592e+08 -2.90814e+08 -2.5118e+08 -1.17644e+08 
-1.63257e+09 -4.39716e+09 -6.05197e+09 -8.12752e+09 -8.28111e+09 -1.01923e+10 -9.72721e+09 -1.2144e+10 -1.0854e+10 -1.46321e+10 -1.3827e+10 -1.61898e+10 -1.68991e+10 -2.02347e+10 -1.99735e+10 -2.22416e+10 -2.51818e+10 -2.56038e+10 -2.83211e+10 -2.98718e+10 -3.05185e+10 -3.0981e+10 -2.78691e+10 -3.16272e+10 -3.24924e+10 -3.58891e+10 -3.97924e+10 -3.41681e+10 -3.15218e+10 -2.9827e+10 -3.09525e+10 -3.18031e+10 -3.10149e+10 -2.90221e+10 -2.64778e+10 -2.34868e+10 -2.1593e+10 -1.91519e+10 -1.57046e+10 -1.31947e+10 -1.06392e+10 -8.75383e+09 -6.29758e+09 -5.64687e+09 -4.3477e+09 -3.23805e+09 -2.56483e+09 -1.79095e+09 -1.34926e+09 -9.61243e+08 -7.62752e+08 -5.83147e+08 -5.23709e+08 -4.77878e+08 -3.72061e+08 -3.14576e+08 -3.68783e+08 -2.96148e+08 -2.75176e+08 -3.41083e+08 -2.83672e+08 -3.09015e+08 -3.17767e+08 -2.9721e+08 -2.63056e+08 -2.8179e+08 -3.82148e+08 -3.04591e+08 -2.48673e+08 -2.81639e+08 -2.92664e+08 -2.59898e+08 -3.01403e+08 -2.75252e+08 -2.88039e+08 -2.55592e+08 -3.02685e+08 -2.91835e+08 -3.04601e+08 -2.46309e+08 -2.39134e+08 -3.29806e+08 -2.46038e+08 -3.22512e+08 -2.51e+08 -2.26254e+08 -3.62727e+08 -2.8748e+08 -2.15181e+08 -2.84591e+08 -2.14987e+08 -2.23146e+08 -2.92888e+08 -2.86035e+08 -2.84944e+08 -2.50317e+08 -2.48452e+08 -2.1222e+08 -3.17855e+08 -4.43852e+07 
-1.49205e+09 -4.13039e+09 -6.50301e+09 -7.93011e+09 -8.3351e+09 -1.0063e+10 -9.3707e+09 -1.23105e+10 -1.13982e+10 -1.28421e+10 -1.49255e+10 -1.63786e+10 -1.7078e+10 -1.84791e+10 -2.22416e+10 -2.11106e+10 -2.56868e+10 -2.61777e+10 -2.7627e+10 -3.08647e+10 -2.88226e+10 -3.27721e+10 -2.98349e+10 -2.84247e+10 -3.37944e+10 -3.60157e+10 -3.73065e+10 -3.60037e+10 -3.1384e+10 -2.94108e+10 -3.07812e+10 -3.25735e+10 -3.02087e+10 -2.89001e+10 -2.7222e+10 -2.30418e+10 -2.09216e+10 -1.89346e+10 -1.63608e+10 -1.38162e+10 -1.04997e+10 -8.61566e+09 -6.58687e+09 -5.89138e+09 -3.88945e+09 -3.43264e+09 -2.30004e+09 -1.77531e+09 -1.30746e+09 -9.07133e+08 -8.19544e+08 -6.97106e+08 -4.5503e+08 -4.41605e+08 -4.55684e+08 -3.60056e+08 -2.85766e+08 -2.85871e+08 -3.41687e+08 -2.64307e+08 -2.75214e+08 -3.07378e+08 -3.16077e+08 -2.32354e+08 -3.28575e+08 -2.78442e+08 -2.97032e+08 -2.61202e+08 -3.13557e+08 -3.50692e+08 -3.0568e+08 -2.17259e+08 -2.83226e+08 -2.66852e+08 -3.30161e+08 -2.76029e+08 -2.64211e+08 -2.69064e+08 -2.80973e+08 -2.84905e+08 -3.42995e+08 -2.68807e+08 -2.39335e+08 -2.94268e+08 -3.155e+08 -2.38958e+08 -3.26187e+08 -2.20552e+08 -2.64227e+08 -3.43158e+08 -2.32894e+08 -2.84387e+08 -2.31095e+08 -2.17846e+08 -2.14063e+08 -3.16829e+08 -2.8292e+08 -3.08669e+08 -2.63868e+08 -1.29062e+08 
-1.52168e+09 -3.98617e+09 -6.4745e+09 -7.35021e+09 -8.89614e+09 -9.3509e+09 -1.04182e+10 -1.09065e+10 -1.22633e+10 -1.25271e+10 -1.51273e+10 -1.56532e+10 -1.79717e+10 -1.73992e+10 -2.29566e+10 -2.21292e+10 -2.46281e+10 -2.77447e+10 -2.67487e+10 -3.06899e+10 -2.98062e+10 -3.02418e+10 -3.18743e+10 -3.06992e+10 -3.25706e+10 -3.51853e+10 -3.52562e+10 -3.53097e+10 -3.25278e+10 -3.26291e+10 -3.06875e+10 -3.0267e+10 -2.96643e+10 -2.91156e+10 -2.62694e+10 -2.44914e+10 -2.09683e+10 -1.80078e+10 -1.67983e+10 -1.37902e+10 -1.08013e+10 -8.67234e+09 -6.99217e+09 -5.79464e+09 -3.76668e+09 -3.5054e+09 -2.13146e+09 -1.73745e+09 -1.25043e+09 -9.45277e+08 -7.07864e+08 -6.84011e+08 -6.52273e+08 -4.32184e+08 -3.73008e+08 -3.62003e+08 -4.03844e+08 -3.10154e+08 -2.48797e+08 -2.69805e+08 -3.19599e+08 -2.47802e+08 -2.88995e+08 -2.70417e+08 -3.19655e+08 -2.35302e+08 -2.88869e+08 -2.83033e+08 -2.72315e+08 -3.05284e+08 -2.72245e+08 -3.25569e+08 -3.28718e+08 -2.89852e+08 -1.79727e+08 -3.72459e+08 -2.00633e+08 -3.42565e+08 -2.60471e+08 -2.6887e+08 -2.626e+08 -3.16462e+08 -2.85826e+08 -3.48323e+08 -2.92562e+08 -2.20287e+08 -3.5107e+08 -2.52325e+08 -2.72987e+08 -2.74379e+08 -1.96104e+08 -3.15834e+08 -3.35754e+08 -2.13767e+08 -2.66994e+08 -2.28469e+08 -2.13624e+08 -2.77654e+08 -2.75758e+08 -1.29363e+08 
-1.25156e+09 -3.90615e+09 -6.51046e+09 -7.2818e+09 -8.96818e+09 -9.26554e+09 -1.03602e+10 -1.03878e+10 -1.31496e+10 -1.26193e+10 -1.42937e+10 -1.53634e+10 -1.83455e+10 -1.85307e+10 -2.12478e+10 -2.47729e+10 -2.31024e+10 -2.7253e+10 -2.88301e+10 -2.86801e+10 -3.10706e+10 -2.92736e+10 -3.10059e+10 -3.39776e+10 -3.14211e+10 -3.44774e+10 -3.37115e+10 -3.51797e+10 -3.41263e+10 -3.33043e+10 -3.14703e+10 -2.94914e+10 -2.88954e+10 -2.81764e+10 -2.60064e+10 -2.49578e+10 -2.18412e+10 -1.85008e+10 -1.56304e+10 -1.30203e+10 -1.17448e+10 -9.32706e+09 -6.87338e+09 -5.43772e+09 -3.93186e+09 -3.39728e+09 -2.22545e+09 -1.7184e+09 -1.18035e+09 -9.64368e+08 -7.14742e+08 -6.2599e+08 -5.29245e+08 -5.20111e+08 -5.59513e+08 -3.12762e+08 -3.26991e+08 -3.19241e+08 -3.77169e+08 -2.84444e+08 -2.37638e+08 -2.60464e+08 -2.78416e+08 -2.6302e+08 -2.82782e+08 -2.50092e+08 -3.11217e+08 -2.91491e+08 -2.00173e+08 -3.22121e+08 -2.51027e+08 -3.02076e+08 -2.90402e+08 -2.85059e+08 -3.37002e+08 -3.12412e+08 -2.30896e+08 -2.18995e+08 -3.4389e+08 -2.25407e+08 -3.2866e+08 -2.60683e+08 -2.68264e+08 -2.96009e+08 -3.08398e+08 -3.58668e+08 -3.18548e+08 -2.74963e+08 -2.63556e+08 -2.73909e+08 -2.71118e+08 -2.52273e+08 -2.61881e+08 -2.4927e+08 -2.97722e+08 -2.88931e+08 -2.7e+08 -2.20421e+08 -2.42652e+08 -1.34624e+08 
-1.55039e+09 -4.03729e+09 -6.68466e+09 -7.38633e+09 -8.7761e+09 -8.79356e+09 -1.03581e+10 -1.10853e+10 -1.28456e+10 -1.25533e+10 -1.43506e+10 -1.52054e+10 -1.78388e+10 -2.07175e+10 -1.9519e+10 -2.49015e+10 -2.49335e+10 -2.45805e+10 -3.03994e+10 -2.82497e+10 -3.06162e+10 -3.16413e+10 -3.03464e+10 -3.21906e+10 -3.23692e+10 -3.29614e+10 -3.34161e+10 -3.67054e+10 -3.52095e+10 -3.17327e+10 -3.17028e+10 -3.07206e+10 -2.84275e+10 -2.68972e+10 -2.63349e+10 -2.48014e+10 -2.17545e+10 -1.94052e+10 -1.49248e+10 -1.3046e+10 -1.14595e+10 -9.87436e+09 -6.93041e+09 -5.35769e+09 -3.97347e+09 -3.13176e+09 -2.2712e+09 -1.8662e+09 -1.27313e+09 -8.81265e+08 -7.19302e+08 -6.1998e+08 -5.24145e+08 -4.56577e+08 -4.78424e+08 -3.70391e+08 -5.04898e+08 -2.90396e+08 -3.04434e+08 -2.81638e+08 -3.49976e+08 -2.70222e+08 -2.71631e+08 -2.15739e+08 -2.66991e+08 -2.85012e+08 -2.39711e+08 -2.85269e+08 -2.88708e+08 -2.86715e+08 -2.48639e+08 -2.52206e+08 -2.70994e+08 -2.60082e+08 -3.46745e+08 -2.74923e+08 -2.79943e+08 -3.22758e+08 -2.91846e+08 -1.56449e+08 -3.61592e+08 -2.40846e+08 -2.70282e+08 -2.96232e+08 -2.93139e+08 -2.92906e+08 -3.46902e+08 -2.9285e+08 -3.60037e+08 -2.8993e+08 -2.37717e+08 -3.06116e+08 -2.48336e+08 -2.67991e+08 -2.7365e+08 -2.29946e+08 -2.59209e+08 -3.22919e+08 -2.7145e+08 -1.43246e+08 
-1.42117e+09 -4.74985e+09 -6.35441e+09 -7.1812e+09 -8.26204e+09 -9.25635e+09 -1.04771e+10 -1.10955e+10 -1.23415e+10 -1.31008e+10 -1.43235e+10 -1.60905e+10 -1.66172e+10 -2.10844e+10 -2.12736e+10 -2.17852e+10 -2.76414e+10 -2.47782e+10 -2.7225e+10 -3.05825e+10 -3.07464e+10 -3.17593e+10 -3.06015e+10 -3.11314e+10 -3.19092e+10 -3.18131e+10 -3.57123e+10 -3.64342e+10 -3.51954e+10 -3.22026e+10 -3.07785e+10 -3.00992e+10 -2.95761e+10 -2.76199e+10 -2.5928e+10 -2.4198e+10 -2.10837e+10 -1.87278e+10 -1.63056e+10 -1.3595e+10 -1.08604e+10 -8.93684e+09 -7.55134e+09 -5.6041e+09 -3.98035e+09 -2.9172e+09 -2.13262e+09 -1.91891e+09 -1.50243e+09 -9.32019e+08 -7.38437e+08 -5.28836e+08 -5.65906e+08 -4.42126e+08 -4.55525e+08 -3.64852e+08 -3.94005e+08 -3.02061e+08 -4.53662e+08 -3.06284e+08 -2.95391e+08 -2.60579e+08 -3.13522e+08 -2.81724e+08 -2.73934e+08 -2.11173e+08 -2.75145e+08 -2.64698e+08 -2.25467e+08 -3.01169e+08 -2.6993e+08 -2.88812e+08 -2.89746e+08 -2.13247e+08 -3.0059e+08 -2.42038e+08 -2.96437e+08 -3.13878e+08 -2.83129e+08 -2.51913e+08 -3.33174e+08 -2.33201e+08 -1.98955e+08 -3.62124e+08 -2.29002e+08 -3.06807e+08 -3.10848e+08 -3.21729e+08 -3.06536e+08 -2.89193e+08 -3.19822e+08 -3.26852e+08 -3.07232e+08 -2.67973e+08 -2.39728e+08 -2.91721e+08 -2.35152e+08 -2.88674e+08 -2.60889e+08 -1.02145e+08 
-1.65913e+09 -4.25137e+09 -5.89174e+09 -7.04542e+09 -8.50203e+09 -9.63245e+09 -1.01243e+10 -1.09357e+10 -1.24726e+10 -1.35172e+10 -1.44802e+10 -1.68438e+10 -1.61631e+10 -1.95788e+10 -2.36044e+10 -2.16058e+10 -2.50077e+10 -2.8155e+10 -2.6002e+10 -3.01091e+10 -3.13687e+10 -3.01379e+10 -3.11842e+10 -3.09419e+10 -3.27662e+10 -3.25769e+10 -3.46867e+10 -3.67333e+10 -3.40551e+10 -3.26192e+10 -3.04659e+10 -3.09685e+10 -3.02863e+10 -2.78985e+10 -2.5863e+10 -2.34058e+10 -2.05595e+10 -1.82319e+10 -1.72207e+10 -1.38405e+10 -1.08197e+10 -8.43601e+09 -7.33209e+09 -6.03181e+09 -3.93426e+09 -2.82072e+09 -2.20784e+09 -1.81977e+09 -1.46958e+09 -1.10959e+09 -7.78971e+08 -6.25668e+08 -5.09055e+08 -3.98474e+08 -4.4145e+08 -3.95584e+08 -3.94484e+08 -3.42194e+08 -3.30101e+08 -2.61499e+08 -3.86161e+08 -3.40361e+08 -2.96973e+08 -2.65762e+08 -2.7014e+08 -2.84379e+08 -2.44508e+08 -2.81644e+08 -2.18741e+08 -2.71775e+08 -2.65013e+08 -2.37296e+08 -3.06351e+08 -2.90974e+08 -2.677e+08 -2.86507e+08 -2.31846e+08 -2.60296e+08 -2.5336e+08 -3.25532e+08 -2.85365e+08 -2.67806e+08 -2.65188e+08 -3.18727e+08 -1.67377e+08 -3.19858e+08 -3.19713e+08 -2.71767e+08 -2.83834e+08 -3.1475e+08 -2.92961e+08 -3.39743e+08 -2.73191e+08 -3.45878e+08 -3.27876e+08 -2.71472e+08 -2.94283e+08 -2.3858e+08 -2.61698e+08 -8.81502e+07 
-1.25635e+09 -3.84219e+09 -5.91399e+09 -7.48415e+09 -8.33015e+09 -9.19526e+09 -1.06389e+10 -1.0893e+10 -1.22079e+10 -1.43159e+10 -1.46135e+10 -1.65534e+10 -1.80902e+10 -1.79081e+10 -2.18783e+10 -2.45745e+10 -2.30255e+10 -2.86817e+10 -2.78272e+10 -2.76812e+10 -2.98475e+10 -3.16843e+10 -3.22902e+10 -3.11903e+10 -3.17767e+10 -3.41617e+10 -3.47231e+10 -3.48188e+10 -3.41112e+10 -3.27488e+10 -3.11489e+10 -3.18277e+10 -2.97133e+10 -2.83408e+10 -2.5867e+10 -2.26188e+10 -2.08569e+10 -1.87801e+10 -1.61705e+10 -1.40447e+10 -1.09226e+10 -8.74007e+09 -7.01437e+09 -5.71126e+09 -4.29967e+09 -2.71566e+09 -2.33429e+09 -1.75344e+09 -1.44881e+09 -9.95084e+08 -8.93446e+08 -7.15501e+08 -4.97021e+08 -5.71172e+08 -2.98498e+08 -4.18252e+08 -3.61809e+08 -3.65537e+08 -3.52378e+08 -3.21199e+08 -2.95596e+08 -2.76015e+08 -2.9255e+08 -3.29047e+08 -3.21309e+08 -2.91754e+08 -2.56421e+08 -2.75836e+08 -2.31659e+08 -2.63719e+08 -2.58767e+08 -2.71442e+08 -2.62442e+08 -2.14491e+08 -3.29267e+08 -2.99064e+08 -2.58174e+08 -2.80027e+08 -2.56023e+08 -2.33025e+08 -2.48677e+08 -2.98512e+08 -3.06267e+08 -2.82658e+08 -2.22659e+08 -2.97108e+08 -3.33962e+08 -1.99691e+08 -3.24932e+08 -2.63804e+08 -2.62039e+08 -2.88416e+08 -3.45811e+08 -3.11027e+08 -3.18009e+08 -2.83098e+08 -3.46637e+08 -3.41072e+08 -2.9848e+08 -1.43294e+08 
-1.44396e+09 -4.04098e+09 -6.00271e+09 -7.41479e+09 -8.30053e+09 -9.1212e+09 -1.06033e+10 -1.16031e+10 -1.18243e+10 -1.4597e+10 -1.49385e+10 -1.68294e+10 -1.78069e+10 -1.95492e+10 -1.88403e+10 -2.50033e+10 -2.49506e+10 -2.65102e+10 -2.795e+10 -2.76411e+10 -2.86027e+10 -3.34258e+10 -3.08942e+10 -3.26504e+10 -3.25485e+10 -3.31323e+10 -3.54929e+10 -3.45146e+10 -3.41572e+10 -3.22792e+10 -3.14919e+10 -3.06324e+10 -3.07026e+10 -2.87409e+10 -2.54755e+10 -2.28765e+10 -2.15821e+10 -1.87482e+10 -1.54737e+10 -1.36363e+10 -1.11932e+10 -8.8704e+09 -7.04597e+09 -5.4425e+09 -4.36589e+09 -2.92221e+09 -2.28506e+09 -1.71095e+09 -1.44432e+09 -1.00529e+09 -7.83829e+08 -7.17442e+08 -6.00657e+08 -4.99502e+08 -4.96651e+08 -4.35494e+08 -2.77243e+08 -3.81685e+08 -3.42904e+08 -3.22475e+08 -3.51297e+08 -2.81562e+08 -3.07627e+08 -2.74998e+08 -2.35949e+08 -3.1582e+08 -2.87942e+08 -3.23895e+08 -2.71406e+08 -2.72843e+08 -2.38718e+08 -2.19382e+08 -2.96224e+08 -2.69028e+08 -2.65341e+08 -2.77019e+08 -2.28172e+08 -3.36546e+08 -2.76278e+08 -2.39198e+08 -2.90524e+08 -2.47085e+08 -2.387e+08 -2.49688e+08 -3.21096e+08 -2.76498e+08 -2.95111e+08 -2.70414e+08 -3.05137e+08 -2.50489e+08 -2.30481e+08 -2.75843e+08 -2.88806e+08 -2.70378e+08 -3.05151e+08 -3.66357e+08 -3.08875e+08 -3.03243e+08 -2.99675e+08 -1.55766e+08 
-1.3655e+09 -3.94335e+09 -5.93691e+09 -7.60919e+09 -7.91764e+09 -9.78476e+09 -9.93778e+09 -1.23212e+10 -1.21583e+10 -1.42634e+10 -1.53702e+10 -1.69359e+10 -1.74602e+10 -1.94805e+10 -1.99758e+10 -2.28674e+10 -2.62431e+10 -2.56675e+10 -2.59763e+10 -3.02895e+10 -2.87701e+10 -3.23855e+10 -3.11737e+10 -3.30555e+10 -3.22511e+10 -3.27678e+10 -3.58639e+10 -3.66486e+10 -3.44395e+10 -3.08712e+10 -3.00574e+10 -3.05918e+10 -3.15475e+10 -2.82398e+10 -2.57213e+10 -2.43422e+10 -2.13706e+10 -1.81323e+10 -1.58855e+10 -1.32319e+10 -1.10025e+10 -9.06965e+09 -6.65985e+09 -5.7527e+09 -4.24326e+09 -3.29378e+09 -2.10511e+09 -1.71528e+09 -1.33411e+09 -1.04233e+09 -8.02576e+08 -6.65462e+08 -5.23113e+08 -5.70278e+08 -4.80727e+08 -3.99704e+08 -4.82325e+08 -3.76703e+08 -2.96213e+08 -3.37722e+08 -3.30155e+08 -2.98811e+08 -3.59859e+08 -2.48751e+08 -3.31565e+08 -2.4491e+08 -2.63174e+08 -2.65008e+08 -2.58484e+08 -3.10416e+08 -3.04537e+08 -2.62753e+08 -2.68395e+08 -2.1196e+08 -2.58304e+08 -3.13689e+08 -2.78991e+08 -2.66096e+08 -2.16336e+08 -3.24747e+08 -2.94983e+08 -2.52635e+08 -2.48388e+08 -3.08294e+08 -2.06848e+08 -2.47432e+08 -3.13114e+08 -3.28762e+08 -2.94881e+08 -2.39451e+08 -2.40511e+08 -3.08172e+08 -2.30584e+08 -2.41226e+08 -2.85809e+08 -2.73825e+08 -2.98809e+08 -3.42847e+08 -3.4972e+08 -1.68602e+08 
-1.38457e+09 -3.86332e+09 -5.98058e+09 -7.63681e+09 -7.97028e+09 -9.84018e+09 -1.02743e+10 -1.23026e+10 -1.26503e+10 -1.40718e+10 -1.52486e+10 -1.62139e+10 -1.85193e+10 -1.92755e+10 -2.04235e+10 -2.18531e+10 -2.44997e+10 -2.66452e+10 -2.66963e+10 -2.92455e+10 -2.96548e+10 -3.21257e+10 -3.34793e+10 -2.99776e+10 -3.0826e+10 -3.51879e+10 -3.63282e+10 -3.66562e+10 -3.47388e+10 -3.18336e+10 -2.95356e+10 -2.95201e+10 -2.95945e+10 -2.87524e+10 -2.762e+10 -2.47564e+10 -2.11915e+10 -1.78457e+10 -1.59009e+10 -1.33382e+10 -1.08947e+10 -8.5085e+09 -7.33094e+09 -5.39835e+09 -4.3013e+09 -3.4603e+09 -2.24361e+09 -1.49282e+09 -1.41457e+09 -9.59696e+08 -7.63289e+08 -7.00732e+08 -5.53105e+08 -5.19091e+08 -4.22762e+08 -4.48998e+08 -4.34429e+08 -3.59698e+08 -4.55071e+08 -3.43834e+08 -3.28011e+08 -3.10096e+08 -3.18424e+08 -3.16016e+08 -3.33097e+08 -2.55871e+08 -2.95304e+08 -2.77998e+08 -2.57876e+08 -2.5234e+08 -2.65886e+08 -2.23215e+08 -3.36734e+08 -2.75902e+08 -2.89971e+08 -2.45528e+08 -2.1039e+08 -2.83147e+08 -3.31456e+08 -2.33351e+08 -2.91787e+08 -2.44518e+08 -3.2237e+08 -2.67966e+08 -2.43625e+08 -2.72915e+08 -2.90094e+08 -2.45569e+08 -3.07103e+08 -3.0088e+08 -2.57958e+08 -2.71177e+08 -2.26538e+08 -2.40961e+08 -3.50087e+08 -2.08762e+08 -2.22547e+08 -3.06788e+08 -2.71076e+08 -1.89088e+08 
-1.33353e+09 -3.59776e+09 -6.50211e+09 -7.163e+09 -8.66335e+09 -9.62144e+09 -1.06966e+10 -1.20923e+10 -1.30098e+10 -1.34115e+10 -1.56745e+10 -1.57691e+10 -1.83259e+10 -2.06324e+10 -1.94177e+10 -2.19067e+10 -2.32753e+10 -2.74077e+10 -2.75616e+10 -2.63442e+10 -3.27397e+10 -3.19594e+10 -3.21933e+10 -3.01616e+10 -3.15417e+10 -3.51595e+10 -3.59662e+10 -3.69558e+10 -3.43874e+10 -3.24733e+10 -3.01799e+10 -2.90344e+10 -2.82985e+10 -2.8577e+10 -2.83472e+10 -2.42432e+10 -2.16117e+10 -1.88739e+10 -1.52654e+10 -1.31816e+10 -1.11118e+10 -8.41227e+09 -7.4136e+09 -5.50707e+09 -4.0922e+09 -3.44332e+09 -2.44858e+09 -1.55865e+09 -1.23321e+09 -1.05662e+09 -7.26812e+08 -6.0131e+08 -5.56478e+08 -5.61764e+08 -4.26575e+08 -4.50333e+08 -3.70312e+08 -3.95568e+08 -3.7873e+08 -3.61683e+08 -3.83366e+08 -3.6759e+08 -3.30884e+08 -3.18893e+08 -3.47414e+08 -2.89327e+08 -2.85661e+08 -3.29854e+08 -2.44187e+08 -2.88028e+08 -2.53219e+08 -2.73695e+08 -2.45829e+08 -2.30156e+08 -2.76562e+08 -3.22855e+08 -2.48051e+08 -2.8447e+08 -2.32481e+08 -2.31268e+08 -3.02875e+08 -3.30191e+08 -2.40024e+08 -2.5985e+08 -3.18045e+08 -2.85833e+08 -2.53751e+08 -2.68145e+08 -3.43461e+08 -2.40962e+08 -2.38148e+08 -3.11302e+08 -2.52108e+08 -2.64234e+08 -2.54671e+08 -2.45551e+08 -2.50173e+08 -3.35986e+08 -1.9464e+08 -8.55105e+07 
-1.41558e+09 -3.92092e+09 -6.30521e+09 -7.40667e+09 -8.99025e+09 -9.77851e+09 -1.03e+10 -1.20785e+10 -1.301e+10 -1.37952e+10 -1.44753e+10 -1.80392e+10 -1.62882e+10 -1.98456e+10 -2.07756e+10 -2.13658e+10 -2.41087e+10 -2.51038e+10 -2.91308e+10 -2.70153e+10 -3.16236e+10 -3.17676e+10 -3.17098e+10 -3.20722e+10 -3.26603e+10 -3.33861e+10 -3.59324e+10 -3.63653e+10 -3.43086e+10 -3.1845e+10 -3.08148e+10 -2.99873e+10 -2.93811e+10 -2.77846e+10 -2.6561e+10 -2.44103e+10 -2.22837e+10 -1.89313e+10 -1.59337e+10 -1.26815e+10 -1.11572e+10 -8.79617e+09 -7.03516e+09 -5.90683e+09 -4.06006e+09 -3.07326e+09 -2.59978e+09 -1.65142e+09 -1.24717e+09 -9.47495e+08 -8.30809e+08 -6.37442e+08 -4.63941e+08 -4.79194e+08 -4.66532e+08 -4.96934e+08 -3.4807e+08 -4.52713e+08 -3.2538e+08 -3.38287e+08 -3.61689e+08 -3.65826e+08 -3.00019e+08 -4.28968e+08 -2.73724e+08 -3.79512e+08 -3.3341e+08 -2.91514e+08 -2.99534e+08 -3.28577e+08 -2.34345e+08 -2.84595e+08 -2.7183e+08 -2.59422e+08 -2.72117e+08 -2.49096e+08 -2.01919e+08 -3.26861e+08 -2.38662e+08 -2.90503e+08 -2.57416e+08 -2.31315e+08 -2.79635e+08 -3.21151e+08 -2.66877e+08 -2.82643e+08 -2.88704e+08 -3.19252e+08 -2.91783e+08 -2.83411e+08 -2.52266e+08 -3.04854e+08 -2.25372e+08 -2.776e+08 -2.87735e+08 -2.36184e+08 -2.68276e+08 -2.5328e+08 -2.06142e+08 -1.06088e+08 
-1.12366e+09 -4.23148e+09 -6.49799e+09 -7.76719e+09 -8.89555e+09 -9.48879e+09 -1.04622e+10 -1.19763e+10 -1.24534e+10 -1.52448e+10 -1.31126e+10 -1.79061e+10 -1.73539e+10 -1.72585e+10 -2.22473e+10 -2.18479e+10 -2.43933e+10 -2.39033e+10 -2.91126e+10 -2.94844e+10 -2.82193e+10 -3.27806e+10 -3.34462e+10 -3.09443e+10 -3.35507e+10 -3.3558e+10 -3.49403e+10 -3.43918e+10 -3.45548e+10 -3.20172e+10 -3.05844e+10 -3.11447e+10 -3.04815e+10 -2.772e+10 -2.55088e+10 -2.41655e+10 -2.195e+10 -1.84114e+10 -1.67663e+10 -1.28619e+10 -1.12604e+10 -8.89038e+09 -6.87059e+09 -5.90383e+09 -4.41682e+09 -2.87017e+09 -2.34085e+09 -1.81134e+09 -1.30326e+09 -9.7568e+08 -7.43483e+08 -6.57329e+08 -5.96909e+08 -4.20872e+08 -4.14387e+08 -3.97532e+08 -4.0911e+08 -4.51723e+08 -3.17473e+08 -4.4381e+08 -3.10305e+08 -3.29705e+08 -3.21618e+08 -3.4488e+08 -3.16458e+08 -3.48717e+08 -3.42053e+08 -3.19829e+08 -3.78367e+08 -3.31947e+08 -2.98039e+08 -2.7562e+08 -3.21233e+08 -2.47622e+08 -2.7009e+08 -2.77959e+08 -2.7113e+08 -2.44539e+08 -2.21518e+08 -2.24098e+08 -3.23847e+08 -1.99284e+08 -3.15726e+08 -2.51861e+08 -2.55889e+08 -3.00189e+08 -3.22601e+08 -2.54984e+08 -3.27032e+08 -3.52042e+08 -2.65602e+08 -2.55196e+08 -2.66651e+08 -2.63407e+08 -3.04464e+08 -2.33843e+08 -3.10745e+08 -2.36898e+08 -2.49121e+08 -1.29564e+08 
-1.83693e+09 -4.39913e+09 -6.77463e+09 -7.2539e+09 -9.09447e+09 -9.57453e+09 -1.04108e+10 -1.1907e+10 -1.24568e+10 -1.43192e+10 -1.56246e+10 -1.42005e+10 -1.92657e+10 -1.64973e+10 -2.1855e+10 -2.29848e+10 -2.3913e+10 -2.61227e+10 -2.59468e+10 -2.99541e+10 -3.05466e+10 -3.14648e+10 -3.28116e+10 -3.23331e+10 -3.26993e+10 -3.35177e+10 -3.44511e+10 -3.33651e+10 -3.43458e+10 -3.27299e+10 -3.17094e+10 -3.05087e+10 -2.96457e+10 -2.92325e+10 -2.65293e+10 -2.30981e+10 -2.10084e+10 -1.85381e+10 -1.61863e+10 -1.39464e+10 -1.1118e+10 -8.98684e+09 -6.92399e+09 -5.53281e+09 -4.80512e+09 -2.87441e+09 -2.27583e+09 -1.78251e+09 -1.2851e+09 -1.06282e+09 -7.39708e+08 -6.01799e+08 -6.08813e+08 -4.14724e+08 -5.11483e+08 -3.39643e+08 -3.73492e+08 -3.64201e+08 -3.53721e+08 -4.18704e+08 -3.3506e+08 -3.4523e+08 -3.8031e+08 -3.20905e+08 -2.94886e+08 -3.08466e+08 -3.47195e+08 -2.76545e+08 -4.04874e+08 -2.5678e+08 -4.1939e+08 -3.35462e+08 -3.05758e+08 -3.11661e+08 -3.08008e+08 -2.69242e+08 -2.8852e+08 -2.44431e+08 -2.68907e+08 -2.57017e+08 -2.37228e+08 -2.12238e+08 -2.85229e+08 -2.5387e+08 -2.12124e+08 -3.01452e+08 -2.79793e+08 -3.23936e+08 -2.88539e+08 -3.13285e+08 -2.89925e+08 -3.32176e+08 -2.86204e+08 -2.43835e+08 -3.01502e+08 -2.5462e+08 -3.00761e+08 -2.78991e+08 -2.67899e+08 -1.23432e+08 
-1.70435e+09 -4.8377e+09 -6.28758e+09 -7.82528e+09 -8.6683e+09 -9.74849e+09 -1.05842e+10 -1.11942e+10 -1.37748e+10 -1.21577e+10 -1.68222e+10 -1.35111e+10 -1.83821e+10 -1.92952e+10 -1.92649e+10 -2.34963e+10 -2.50617e+10 -2.65316e+10 -2.54217e+10 -2.85605e+10 -3.25826e+10 -3.15738e+10 -3.19492e+10 -3.43439e+10 -3.02779e+10 -3.21573e+10 -3.36735e+10 -3.47885e+10 -3.51531e+10 -3.35422e+10 -3.1789e+10 -2.93772e+10 -2.96653e+10 -2.88619e+10 -2.71029e+10 -2.39171e+10 -2.05498e+10 -1.84083e+10 -1.56379e+10 -1.41805e+10 -1.12143e+10 -8.71912e+09 -7.5027e+09 -5.31483e+09 -4.56275e+09 -3.20844e+09 -2.41823e+09 -1.68426e+09 -1.2804e+09 -1.02083e+09 -8.21446e+08 -5.71944e+08 -5.18469e+08 -5.43749e+08 -3.86667e+08 -3.65912e+08 -4.35895e+08 -3.32555e+08 -3.26963e+08 -3.61726e+08 -2.99699e+08 -3.93148e+08 -3.4787e+08 -2.86633e+08 -3.99914e+08 -3.15107e+08 -3.06601e+08 -3.00582e+08 -3.23548e+08 -3.14675e+08 -3.01774e+08 -3.5675e+08 -2.98002e+08 -4.06269e+08 -3.45295e+08 -3.50612e+08 -2.56904e+08 -3.16943e+08 -2.64216e+08 -2.56889e+08 -2.5658e+08 -2.84147e+08 -2.21234e+08 -2.46447e+08 -2.14783e+08 -3.01088e+08 -1.95156e+08 -2.84858e+08 -2.82192e+08 -3.49633e+08 -3.25794e+08 -2.82728e+08 -2.48977e+08 -3.21658e+08 -3.50667e+08 -2.52759e+08 -2.60616e+08 -3.07867e+08 -2.61837e+08 -1.73588e+08 
-1.81152e+09 -4.56889e+09 -6.63812e+09 -7.53379e+09 -9.12224e+09 -9.00987e+09 -1.15403e+10 -1.03624e+10 -1.3411e+10 -1.25631e+10 -1.52169e+10 -1.67948e+10 -1.48927e+10 -2.12395e+10 -1.89998e+10 -2.31904e+10 -2.48118e+10 -2.62058e+10 -2.88141e+10 -2.68744e+10 -2.99974e+10 -3.49712e+10 -3.22554e+10 -3.16449e+10 -3.05058e+10 -3.18669e+10 -3.27395e+10 -3.53104e+10 -3.65179e+10 -3.44017e+10 -3.07757e+10 -2.98501e+10 -2.99744e+10 -2.75691e+10 -2.60889e+10 -2.52307e+10 -2.1503e+10 -1.84063e+10 -1.55342e+10 -1.34214e+10 -1.11972e+10 -8.8018e+09 -7.66584e+09 -5.39421e+09 -4.43992e+09 -3.15433e+09 -2.66096e+09 -1.76117e+09 -1.29578e+09 -1.03077e+09 -7.45115e+08 -6.5018e+08 -4.80609e+08 -4.38734e+08 -4.35687e+08 -4.66658e+08 -3.10004e+08 -3.04829e+08 -3.96578e+08 -3.43434e+08 -2.85682e+08 -3.47337e+08 -3.13528e+08 -3.13722e+08 -3.59647e+08 -3.07774e+08 -3.25222e+08 -3.58173e+08 -3.22941e+08 -2.94718e+08 -2.88204e+08 -3.35449e+08 -2.93521e+08 -3.41133e+08 -2.77203e+08 -4.33273e+08 -3.45455e+08 -3.24724e+08 -3.65752e+08 -2.48403e+08 -2.83865e+08 -2.93145e+08 -2.46755e+08 -2.51502e+08 -2.62847e+08 -2.30942e+08 -2.42014e+08 -2.66229e+08 -2.59737e+08 -2.09765e+08 -3.04538e+08 -3.21491e+08 -3.56359e+08 -2.54328e+08 -2.84763e+08 -2.9117e+08 -3.56085e+08 -2.88708e+08 -2.49181e+08 -1.52218e+08 
-1.42941e+09 -4.65979e+09 -6.74197e+09 -7.09304e+09 -9.43738e+09 -9.22672e+09 -1.05707e+10 -1.14518e+10 -1.17021e+10 -1.45077e+10 -1.31216e+10 -1.7832e+10 -1.56073e+10 -1.90023e+10 -2.16297e+10 -2.20816e+10 -2.46346e+10 -2.68805e+10 -2.82713e+10 -2.94664e+10 -2.9405e+10 -3.27409e+10 -3.26953e+10 -3.00101e+10 -3.14945e+10 -3.23775e+10 -3.3618e+10 -3.46948e+10 -3.59037e+10 -3.53365e+10 -3.08459e+10 -3.03671e+10 -2.89594e+10 -2.79176e+10 -2.57925e+10 -2.41939e+10 -2.25589e+10 -1.90697e+10 -1.58995e+10 -1.26666e+10 -1.08914e+10 -8.98596e+09 -7.39889e+09 -5.53547e+09 -4.31332e+09 -3.37067e+09 -2.66823e+09 -1.83562e+09 -1.34108e+09 -1.05319e+09 -8.33612e+08 -5.48433e+08 -4.83352e+08 -5.0187e+08 -3.24108e+08 -4.41518e+08 -3.46655e+08 -4.00383e+08 -3.05605e+08 -2.53538e+08 -3.68415e+08 -3.23127e+08 -3.17956e+08 -2.86567e+08 -3.30208e+08 -2.96359e+08 -3.27282e+08 -3.20483e+08 -3.1228e+08 -3.27115e+08 -3.16281e+08 -3.36534e+08 -3.03014e+08 -2.95873e+08 -3.38064e+08 -2.86792e+08 -3.46131e+08 -2.82118e+08 -4.44075e+08 -3.21118e+08 -3.54396e+08 -3.05252e+08 -2.73892e+08 -2.95389e+08 -2.74264e+08 -2.32115e+08 -2.82014e+08 -2.19497e+08 -2.76514e+08 -2.51812e+08 -2.8138e+08 -2.12438e+08 -2.47206e+08 -2.7343e+08 -3.89421e+08 -3.26446e+08 -2.56094e+08 -2.62929e+08 -3.43972e+08 -1.56948e+08 
-1.63989e+09 -4.80466e+09 -6.00376e+09 -8.62801e+09 -7.75058e+09 -1.05013e+10 -9.02022e+09 -1.24613e+10 -1.1341e+10 -1.43756e+10 -1.38106e+10 -1.59073e+10 -1.79842e+10 -1.76846e+10 -2.23653e+10 -2.2284e+10 -2.46755e+10 -2.75681e+10 -2.67266e+10 -3.09751e+10 -2.92167e+10 -2.95903e+10 -3.31563e+10 -3.15846e+10 -3.18402e+10 -3.20013e+10 -3.44918e+10 -3.49664e+10 -3.4935e+10 -3.47333e+10 -3.06612e+10 -3.08918e+10 -2.8854e+10 -2.81601e+10 -2.64857e+10 -2.36011e+10 -2.17472e+10 -1.9646e+10 -1.63095e+10 -1.3156e+10 -1.05782e+10 -8.74606e+09 -7.22001e+09 -5.43916e+09 -4.34105e+09 -3.44024e+09 -2.83086e+09 -1.76136e+09 -1.3972e+09 -1.09995e+09 -8.14837e+08 -6.55752e+08 -5.3753e+08 -3.19571e+08 -4.53993e+08 -3.7944e+08 -2.89259e+08 -4.21878e+08 -3.07573e+08 -3.33298e+08 -3.11507e+08 -2.47278e+08 -3.23218e+08 -2.94426e+08 -3.57683e+08 -2.51515e+08 -3.25407e+08 -2.97947e+08 -3.03158e+08 -3.13751e+08 -3.04877e+08 -3.21357e+08 -3.05551e+08 -3.23766e+08 -3.29815e+08 -3.13655e+08 -3.28045e+08 -3.15735e+08 -2.89517e+08 -3.07279e+08 -3.78057e+08 -3.56018e+08 -3.22115e+08 -3.97944e+08 -2.68489e+08 -2.70698e+08 -3.08179e+08 -2.68696e+08 -2.44179e+08 -2.8488e+08 -2.1291e+08 -2.90839e+08 -2.55141e+08 -2.53379e+08 -2.16786e+08 -2.68382e+08 -3.10314e+08 -3.93961e+08 -2.51939e+08 -1.7357e+08 
-2.16083e+09 -4.5295e+09 -6.44004e+09 -8.03068e+09 -7.93181e+09 -9.76285e+09 -1.02726e+10 -1.09378e+10 -1.32373e+10 -1.27042e+10 -1.50362e+10 -1.44788e+10 -1.90641e+10 -1.83256e+10 -2.07813e+10 -2.46376e+10 -2.3765e+10 -2.78376e+10 -2.68566e+10 -2.79654e+10 -2.97167e+10 -3.06082e+10 -3.16912e+10 -3.36448e+10 -3.1979e+10 -3.21293e+10 -3.41082e+10 -3.5864e+10 -3.49628e+10 -3.251e+10 -3.09697e+10 -3.08688e+10 -2.98934e+10 -2.82203e+10 -2.62973e+10 -2.42326e+10 -2.13868e+10 -1.88635e+10 -1.65809e+10 -1.3635e+10 -1.07899e+10 -8.75962e+09 -6.77819e+09 -5.59852e+09 -4.25897e+09 -3.26245e+09 -2.87578e+09 -2.00696e+09 -1.31622e+09 -1.07687e+09 -8.18915e+08 -7.13055e+08 -4.64146e+08 -6.01947e+08 -2.70468e+08 -3.41599e+08 -3.78259e+08 -3.31099e+08 -2.69978e+08 -4.20279e+08 -2.787e+08 -2.72287e+08 -2.98202e+08 -2.95809e+08 -2.77373e+08 -2.84394e+08 -2.8835e+08 -3.39524e+08 -2.56977e+08 -3.28433e+08 -2.80596e+08 -3.07102e+08 -2.99628e+08 -3.12885e+08 -3.06856e+08 -2.96763e+08 -3.55341e+08 -3.31897e+08 -2.99076e+08 -3.36359e+08 -2.86269e+08 -3.24736e+08 -2.78449e+08 -4.36113e+08 -3.13434e+08 -3.11138e+08 -3.91395e+08 -2.73949e+08 -3.05012e+08 -3.02582e+08 -2.50009e+08 -2.67803e+08 -2.32502e+08 -2.55348e+08 -3.06237e+08 -2.28628e+08 -2.25928e+08 -2.67841e+08 -2.36231e+08 -1.28996e+08 
-1.40388e+09 -4.14601e+09 -6.8624e+09 -7.20987e+09 -8.81799e+09 -8.80157e+09 -1.13492e+10 -1.04592e+10 -1.29291e+10 -1.29751e+10 -1.4791e+10 -1.5688e+10 -1.73927e+10 -2.01936e+10 -2.00781e+10 -2.47086e+10 -2.52101e+10 -2.57597e+10 -2.7714e+10 -2.67564e+10 -2.8388e+10 -3.1836e+10 -3.18357e+10 -3.376e+10 -3.27937e+10 -3.18532e+10 -3.47104e+10 -3.60932e+10 -3.31233e+10 -3.22437e+10 -3.25928e+10 -3.01093e+10 -2.94918e+10 -2.84763e+10 -2.60973e+10 -2.49846e+10 -2.14597e+10 -1.84933e+10 -1.6317e+10 -1.3575e+10 -1.10561e+10 -9.01169e+09 -6.63564e+09 -5.6358e+09 -4.33259e+09 -3.0672e+09 -2.70708e+09 -2.0655e+09 -1.47519e+09 -1.04617e+09 -8.42218e+08 -6.08758e+08 -5.9123e+08 -4.28535e+08 -4.84785e+08 -4.08194e+08 -2.5606e+08 -3.21405e+08 -3.14733e+08 -3.23945e+08 -2.6376e+08 -4.13334e+08 -2.40978e+08 -2.69845e+08 -2.69867e+08 -2.85919e+08 -2.83895e+08 -2.83417e+08 -2.55778e+08 -3.36966e+08 -2.87324e+08 -2.72653e+08 -3.20742e+08 -2.927e+08 -2.8268e+08 -2.91939e+08 -3.53227e+08 -2.83515e+08 -2.8234e+08 -3.6546e+08 -3.1873e+08 -3.13963e+08 -3.37289e+08 -2.78124e+08 -3.2257e+08 -3.32594e+08 -3.78449e+08 -3.18034e+08 -3.59863e+08 -3.42174e+08 -2.87821e+08 -3.30457e+08 -2.6905e+08 -2.55687e+08 -2.83113e+08 -2.07549e+08 -2.879e+08 -2.8446e+08 -2.36749e+08 -7.16541e+07 
-1.53822e+09 -3.97686e+09 -6.84488e+09 -7.61869e+09 -8.24149e+09 -9.63962e+09 -1.02921e+10 -1.21132e+10 -1.10551e+10 -1.38649e+10 -1.51245e+10 -1.64973e+10 -1.592e+10 -2.11111e+10 -2.08412e+10 -2.31375e+10 -2.64343e+10 -2.45471e+10 -2.742e+10 -2.78832e+10 -2.71974e+10 -3.04427e+10 -3.39312e+10 -3.3236e+10 -3.20137e+10 -3.37783e+10 -3.45641e+10 -3.45228e+10 -3.25384e+10 -3.47801e+10 -3.20317e+10 -2.94563e+10 -2.92816e+10 -2.82455e+10 -2.67781e+10 -2.44895e+10 -2.17643e+10 -1.8976e+10 -1.60602e+10 -1.32685e+10 -1.10823e+10 -8.912e+09 -7.13348e+09 -5.52991e+09 -4.33399e+09 -3.25063e+09 -2.36354e+09 -1.89618e+09 -1.549e+09 -1.21877e+09 -7.78157e+08 -6.58143e+08 -5.49957e+08 -3.58747e+08 -5.66966e+08 -2.99874e+08 -4.54441e+08 -3.21564e+08 -2.79953e+08 -3.07719e+08 -2.65979e+08 -3.18741e+08 -2.70253e+08 -3.41414e+08 -2.93151e+08 -2.42991e+08 -2.54962e+08 -2.6044e+08 -2.98149e+08 -3.06739e+08 -2.34608e+08 -2.63286e+08 -3.54667e+08 -2.47903e+08 -3.25473e+08 -2.66296e+08 -3.38621e+08 -2.7014e+08 -2.76005e+08 -3.45922e+08 -2.61315e+08 -3.28765e+08 -3.43151e+08 -3.1289e+08 -3.3517e+08 -3.13568e+08 -2.99875e+08 -3.25823e+08 -3.81117e+08 -3.28404e+08 -3.08139e+08 -4.04135e+08 -3.10439e+08 -2.86897e+08 -3.29473e+08 -2.69562e+08 -2.62431e+08 -2.45052e+08 -2.47054e+08 -1.25038e+08 
-1.39538e+09 -4.486e+09 -6.5524e+09 -7.84811e+09 -8.14531e+09 -1.00749e+10 -9.44191e+09 -1.25694e+10 -1.17122e+10 -1.34879e+10 -1.51683e+10 -1.65712e+10 -1.69502e+10 -1.9647e+10 -2.24714e+10 -2.1798e+10 -2.46735e+10 -2.68977e+10 -2.65904e+10 -2.77522e+10 -2.8035e+10 -2.96927e+10 -3.28864e+10 -3.44714e+10 -3.14363e+10 -3.42475e+10 -3.37424e+10 -3.42129e+10 -3.44476e+10 -3.58913e+10 -3.05218e+10 -2.94073e+10 -2.907e+10 -2.81559e+10 -2.73172e+10 -2.36602e+10 -2.22445e+10 -1.90631e+10 -1.61869e+10 -1.32159e+10 -1.09951e+10 -8.79814e+09 -7.4539e+09 -5.47532e+09 -4.38364e+09 -3.35264e+09 -2.26078e+09 -1.73024e+09 -1.48295e+09 -1.16916e+09 -9.05212e+08 -6.36616e+08 -5.56224e+08 -5.0834e+08 -3.39953e+08 -3.92891e+08 -4.58938e+08 -2.7048e+08 -4.02937e+08 -3.07218e+08 -2.72886e+08 -3.14392e+08 -2.71064e+08 -2.64017e+08 -2.93126e+08 -2.82613e+08 -3.66966e+08 -1.8486e+08 -2.65383e+08 -2.46881e+08 -2.71208e+08 -3.1683e+08 -2.67544e+08 -2.43588e+08 -2.8793e+08 -3.16752e+08 -2.74752e+08 -3.37826e+08 -2.63431e+08 -2.85301e+08 -2.88661e+08 -2.96149e+08 -3.10266e+08 -2.66611e+08 -3.5778e+08 -3.25084e+08 -3.25546e+08 -3.43121e+08 -2.99551e+08 -3.39168e+08 -3.25124e+08 -3.59542e+08 -3.5107e+08 -2.98422e+08 -3.92257e+08 -3.16242e+08 -2.95006e+08 -2.8286e+08 -2.73859e+08 -1.54608e+08 
-1.36661e+09 -4.226e+09 -6.43281e+09 -8.09181e+09 -8.21058e+09 -9.64553e+09 -1.05603e+10 -1.10973e+10 -1.35747e+10 -1.2663e+10 -1.48388e+10 -1.71972e+10 -1.78678e+10 -1.8351e+10 -2.19375e+10 -2.25006e+10 -2.32596e+10 -2.74345e+10 -2.67179e+10 -2.82147e+10 -2.85144e+10 -3.02826e+10 -3.09982e+10 -3.49031e+10 -3.24034e+10 -3.15818e+10 -3.43101e+10 -3.58793e+10 -3.50316e+10 -3.42058e+10 -3.12117e+10 -2.92931e+10 -2.88734e+10 -2.84804e+10 -2.66673e+10 -2.4416e+10 -2.19714e+10 -1.87735e+10 -1.63204e+10 -1.35761e+10 -1.0893e+10 -9.16409e+09 -7.14129e+09 -5.48263e+09 -4.55013e+09 -3.09378e+09 -2.43577e+09 -1.67532e+09 -1.47786e+09 -1.00308e+09 -9.14386e+08 -6.54727e+08 -6.20928e+08 -4.52412e+08 -4.32202e+08 -4.59631e+08 -2.55666e+08 -4.00182e+08 -3.72423e+08 -2.74763e+08 -3.46105e+08 -3.61187e+08 -2.10636e+08 -3.13894e+08 -3.43776e+08 -2.0314e+08 -3.01223e+08 -2.59318e+08 -3.41646e+08 -2.37375e+08 -2.28466e+08 -2.6075e+08 -2.44594e+08 -2.83928e+08 -3.24709e+08 -2.3652e+08 -2.58356e+08 -3.23992e+08 -2.71065e+08 -3.05887e+08 -2.93492e+08 -2.8958e+08 -2.51401e+08 -2.91621e+08 -3.28252e+08 -2.83202e+08 -2.9047e+08 -3.53876e+08 -3.29151e+08 -3.33344e+08 -3.46914e+08 -2.95869e+08 -3.68699e+08 -3.50659e+08 -2.98232e+08 -3.64475e+08 -3.28736e+08 -3.43891e+08 -3.04057e+08 -1.34306e+08 
-1.29264e+09 -3.9303e+09 -7.2153e+09 -7.29421e+09 -9.1004e+09 -8.84864e+09 -1.15999e+10 -1.06096e+10 -1.33392e+10 -1.37687e+10 -1.43001e+10 -1.66315e+10 -1.90831e+10 -1.78144e+10 -1.97595e+10 -2.41028e+10 -2.30309e+10 -2.71404e+10 -2.74072e+10 -2.93542e+10 -2.81281e+10 -2.93694e+10 -3.22718e+10 -3.30994e+10 -3.22671e+10 -3.14511e+10 -3.58714e+10 -3.46672e+10 -3.48231e+10 -3.40588e+10 -3.18725e+10 -3.01063e+10 -2.86016e+10 -2.81677e+10 -2.62911e+10 -2.49665e+10 -2.13289e+10 -1.91625e+10 -1.61945e+10 -1.33355e+10 -1.17777e+10 -8.98093e+09 -7.05314e+09 -5.43246e+09 -4.61876e+09 -2.92331e+09 -2.47832e+09 -1.7004e+09 -1.50926e+09 -1.06438e+09 -6.82681e+08 -7.28268e+08 -5.15329e+08 -5.0886e+08 -4.98137e+08 -3.75906e+08 -3.79309e+08 -4.13831e+08 -2.69611e+08 -3.65622e+08 -3.05706e+08 -3.10439e+08 -3.14017e+08 -3.33964e+08 -2.30964e+08 -2.93044e+08 -3.61253e+08 -2.40639e+08 -2.56695e+08 -2.81988e+08 -2.74522e+08 -3.11349e+08 -1.86545e+08 -2.57211e+08 -2.63491e+08 -2.44452e+08 -3.19266e+08 -2.9747e+08 -2.51189e+08 -2.50335e+08 -3.03208e+08 -2.6612e+08 -3.35147e+08 -2.53797e+08 -2.98391e+08 -2.68371e+08 -2.71234e+08 -3.4875e+08 -2.77925e+08 -3.37858e+08 -3.19844e+08 -3.31734e+08 -3.47036e+08 -3.31351e+08 -3.53355e+08 -3.27412e+08 -3.58024e+08 -3.00107e+08 -3.14252e+08 -1.18142e+08 
-1.61156e+09 -4.42421e+09 -6.93683e+09 -7.41354e+09 -9.17424e+09 -9.44419e+09 -1.06163e+10 -1.19928e+10 -1.19286e+10 -1.50534e+10 -1.45432e+10 -1.52206e+10 -1.87471e+10 -1.92602e+10 -1.83176e+10 -2.36146e+10 -2.41188e+10 -2.71351e+10 -2.76382e+10 -2.84174e+10 -2.9132e+10 -2.96181e+10 -3.22364e+10 -3.21572e+10 -3.21432e+10 -3.28747e+10 -3.53787e+10 -3.38343e+10 -3.44727e+10 -3.40809e+10 -3.23915e+10 -3.06017e+10 -2.86559e+10 -2.84651e+10 -2.6367e+10 -2.42477e+10 -2.16632e+10 -1.91585e+10 -1.60146e+10 -1.38195e+10 -1.1714e+10 -8.96502e+09 -7.14969e+09 -5.50689e+09 -4.35597e+09 -3.04258e+09 -2.57549e+09 -1.6039e+09 -1.42394e+09 -1.12717e+09 -8.26444e+08 -5.45668e+08 -5.35103e+08 -4.90275e+08 -3.86352e+08 -4.26441e+08 -4.4557e+08 -3.51953e+08 -3.39288e+08 -3.67268e+08 -3.2687e+08 -3.05597e+08 -3.16815e+08 -2.76974e+08 -2.98706e+08 -3.12868e+08 -3.10075e+08 -2.22005e+08 -3.3367e+08 -3.42478e+08 -2.21022e+08 -2.99707e+08 -2.33502e+08 -2.93988e+08 -2.30733e+08 -2.31878e+08 -2.60613e+08 -2.78715e+08 -2.57068e+08 -3.08513e+08 -2.69464e+08 -2.48668e+08 -2.84544e+08 -2.56377e+08 -3.19327e+08 -2.91239e+08 -2.58452e+08 -2.87323e+08 -3.08588e+08 -2.74335e+08 -3.28527e+08 -2.98437e+08 -3.6499e+08 -2.94054e+08 -3.41813e+08 -3.27965e+08 -3.48443e+08 -3.78768e+08 -3.19101e+08 -1.81116e+08 
-1.53658e+09 -4.92078e+09 -6.1875e+09 -8.68805e+09 -8.01588e+09 -1.06194e+10 -1.00747e+10 -1.20258e+10 -1.26792e+10 -1.40003e+10 -1.52184e+10 -1.51952e+10 -1.61014e+10 -2.11129e+10 -1.95692e+10 -2.14825e+10 -2.63006e+10 -2.59397e+10 -2.78623e+10 -2.78137e+10 -2.96414e+10 -2.98302e+10 -3.20033e+10 -3.37442e+10 -3.24904e+10 -3.15413e+10 -3.34401e+10 -3.50585e+10 -3.41698e+10 -3.41938e+10 -3.23288e+10 -2.96156e+10 -2.94495e+10 -2.87973e+10 -2.68745e+10 -2.34903e+10 -2.21443e+10 -1.88296e+10 -1.63632e+10 -1.40765e+10 -1.10272e+10 -9.24037e+09 -7.27953e+09 -5.43521e+09 -4.34642e+09 -3.13405e+09 -2.61692e+09 -1.69311e+09 -1.20936e+09 -1.09474e+09 -8.33883e+08 -6.72871e+08 -5.42856e+08 -3.73335e+08 -5.22087e+08 -2.7717e+08 -3.56496e+08 -3.72387e+08 -4.17578e+08 -3.42033e+08 -3.42617e+08 -2.93232e+08 -3.88329e+08 -2.63782e+08 -3.76381e+08 -1.82968e+08 -3.14617e+08 -3.33944e+08 -2.67525e+08 -2.60847e+08 -3.10128e+08 -3.56114e+08 -2.60985e+08 -2.75561e+08 -2.5444e+08 -2.5405e+08 -2.49389e+08 -2.22801e+08 -2.72743e+08 -2.66797e+08 -2.43593e+08 -2.86737e+08 -2.78977e+08 -2.9736e+08 -2.31288e+08 -2.84964e+08 -2.41815e+08 -3.61037e+08 -2.56388e+08 -2.79625e+08 -2.69816e+08 -3.33913e+08 -2.91325e+08 -3.15152e+08 -3.47483e+08 -3.07585e+08 -2.95677e+08 -3.52873e+08 -3.24131e+08 -1.46434e+08 
-2.00948e+09 -4.44006e+09 -6.68344e+09 -8.02519e+09 -9.01636e+09 -9.71791e+09 -1.09618e+10 -1.1747e+10 -1.30682e+10 -1.30593e+10 -1.46979e+10 -1.62353e+10 -1.52539e+10 -1.95784e+10 -2.30983e+10 -2.05967e+10 -2.58057e+10 -2.54353e+10 -2.85523e+10 -2.79322e+10 -2.86077e+10 -2.94936e+10 -3.4359e+10 -3.40238e+10 -3.13352e+10 -3.14134e+10 -3.36899e+10 -3.50244e+10 -3.31406e+10 -3.48463e+10 -3.21941e+10 -2.9525e+10 -2.94331e+10 -2.81745e+10 -2.7286e+10 -2.44469e+10 -2.17625e+10 -1.90809e+10 -1.64303e+10 -1.38202e+10 -1.10141e+10 -9.24078e+09 -7.14503e+09 -5.42963e+09 -4.40594e+09 -3.43159e+09 -2.42129e+09 -1.92212e+09 -1.19233e+09 -9.0748e+08 -8.20884e+08 -6.16282e+08 -6.0209e+08 -4.79936e+08 -4.00185e+08 -3.5048e+08 -4.47487e+08 -2.21786e+08 -3.1682e+08 -3.47385e+08 -3.59504e+08 -3.3662e+08 -3.59879e+08 -2.7947e+08 -3.52998e+08 -2.98436e+08 -3.61225e+08 -2.37256e+08 -2.36221e+08 -3.30428e+08 -2.85995e+08 -2.88755e+08 -2.75887e+08 -3.24066e+08 -3.41062e+08 -2.68176e+08 -2.8133e+08 -2.25616e+08 -2.5679e+08 -2.08066e+08 -2.47285e+08 -2.46765e+08 -3.08516e+08 -2.31085e+08 -2.98805e+08 -2.49328e+08 -3.1058e+08 -2.47475e+08 -2.73463e+08 -2.85605e+08 -3.00365e+08 -2.8179e+08 -2.79697e+08 -3.09693e+08 -2.90576e+08 -3.12853e+08 -3.2299e+08 -3.67269e+08 -2.67622e+08 -1.17837e+08 
-1.54778e+09 -4.12929e+09 -7.25463e+09 -7.74851e+09 -9.30852e+09 -9.88e+09 -1.09564e+10 -1.16054e+10 -1.22508e+10 -1.36892e+10 -1.36388e+10 -1.6177e+10 -1.81755e+10 -1.62605e+10 -2.42222e+10 -2.16396e+10 -2.49905e+10 -2.61403e+10 -2.80771e+10 -2.71973e+10 -2.8539e+10 -3.15999e+10 -3.35639e+10 -3.35929e+10 -3.08689e+10 -3.25818e+10 -3.38955e+10 -3.36691e+10 -3.31321e+10 -3.48048e+10 -3.19923e+10 -3.01915e+10 -2.84064e+10 -2.8023e+10 -2.71603e+10 -2.52843e+10 -2.18231e+10 -1.95396e+10 -1.6209e+10 -1.34981e+10 -1.11716e+10 -9.30999e+09 -6.80596e+09 -5.6099e+09 -4.46865e+09 -3.46044e+09 -2.50998e+09 -1.90294e+09 -1.3175e+09 -8.54039e+08 -7.7067e+08 -6.12971e+08 -4.7654e+08 -5.04118e+08 -4.22566e+08 -4.22035e+08 -3.59843e+08 -3.20429e+08 -3.96293e+08 -2.3565e+08 -2.43621e+08 -3.7122e+08 -2.75312e+08 -3.52381e+08 -3.26209e+08 -3.47703e+08 -2.53612e+08 -3.66843e+08 -3.09396e+08 -3.34307e+08 -1.76536e+08 -3.11761e+08 -3.17813e+08 -2.42473e+08 -3.20461e+08 -3.07037e+08 -3.26298e+08 -3.14226e+08 -3.01376e+08 -2.27513e+08 -2.35214e+08 -1.97496e+08 -2.15433e+08 -3.02582e+08 -2.39937e+08 -2.85062e+08 -2.4735e+08 -2.92285e+08 -2.95139e+08 -2.73141e+08 -2.62977e+08 -2.43262e+08 -3.62809e+08 -2.4063e+08 -2.88438e+08 -2.71872e+08 -3.58837e+08 -2.60905e+08 -3.34206e+08 -1.51966e+08 
-1.65582e+09 -4.84676e+09 -6.66765e+09 -8.40808e+09 -8.78542e+09 -1.0705e+10 -9.96298e+09 -1.1786e+10 -1.17718e+10 -1.31837e+10 -1.55644e+10 -1.43562e+10 -1.97755e+10 -1.6534e+10 -2.15415e+10 -2.39792e+10 -2.47619e+10 -2.63317e+10 -2.68812e+10 -2.78378e+10 -2.89869e+10 -3.23264e+10 -3.2668e+10 -3.35276e+10 -3.12508e+10 -3.26882e+10 -3.36219e+10 -3.28007e+10 -3.36801e+10 -3.55756e+10 -3.1117e+10 -2.92226e+10 -2.85662e+10 -2.89341e+10 -2.66832e+10 -2.5259e+10 -2.22821e+10 -1.91966e+10 -1.65775e+10 -1.34363e+10 -1.11536e+10 -9.12983e+09 -6.84751e+09 -5.84121e+09 -4.44247e+09 -3.41761e+09 -2.48773e+09 -1.80688e+09 -1.61301e+09 -7.97908e+08 -7.3265e+08 -6.19534e+08 -5.16619e+08 -4.03083e+08 -3.67991e+08 -4.44101e+08 -3.36319e+08 -3.70533e+08 -3.60503e+08 -2.97306e+08 -3.45451e+08 -2.83675e+08 -2.06906e+08 -3.52091e+08 -2.64188e+08 -3.09694e+08 -2.99883e+08 -3.65295e+08 -2.93107e+08 -3.02006e+08 -3.21115e+08 -3.4598e+08 -2.5142e+08 -2.22994e+08 -3.47424e+08 -2.63466e+08 -2.69613e+08 -3.35894e+08 -3.41591e+08 -3.01759e+08 -3.11778e+08 -2.60614e+08 -2.05388e+08 -2.34516e+08 -1.77556e+08 -2.62754e+08 -2.77375e+08 -2.86916e+08 -2.626e+08 -2.75605e+08 -2.47033e+08 -3.56329e+08 -2.57427e+08 -2.62908e+08 -2.34604e+08 -3.5555e+08 -2.29023e+08 -3.10953e+08 -3.14442e+08 -1.41357e+08 
-1.81508e+09 -4.4009e+09 -7.02786e+09 -8.31833e+09 -9.11171e+09 -9.60627e+09 -1.04286e+10 -1.09735e+10 -1.29316e+10 -1.22363e+10 -1.65949e+10 -1.45672e+10 -1.83355e+10 -1.95888e+10 -1.80533e+10 -2.51985e+10 -2.51332e+10 -2.66292e+10 -2.6447e+10 -2.95767e+10 -2.7112e+10 -3.1319e+10 -3.47542e+10 -3.28355e+10 -3.15435e+10 -3.28616e+10 -3.39865e+10 -3.25573e+10 -3.51083e+10 -3.46992e+10 -3.06034e+10 -2.8642e+10 -2.86854e+10 -2.89742e+10 -2.75386e+10 -2.48683e+10 -2.18458e+10 -1.92068e+10 -1.65181e+10 -1.40592e+10 -1.10931e+10 -8.69585e+09 -7.2731e+09 -5.87493e+09 -4.38183e+09 -3.45005e+09 -2.49965e+09 -1.65704e+09 -1.53656e+09 -1.16351e+09 -5.67544e+08 -6.52948e+08 -5.12753e+08 -4.43351e+08 -4.02379e+08 -3.12487e+08 -3.18777e+08 -3.9834e+08 -2.89471e+08 -3.16002e+08 -3.93767e+08 -2.87687e+08 -2.92916e+08 -3.12587e+08 -2.25544e+08 -3.10348e+08 -2.89982e+08 -2.41917e+08 -3.12771e+08 -2.95053e+08 -3.71889e+08 -2.5745e+08 -3.44266e+08 -3.0577e+08 -3.17302e+08 -2.21697e+08 -2.9581e+08 -3.24688e+08 -2.4856e+08 -3.56732e+08 -2.86914e+08 -3.09383e+08 -3.2486e+08 -2.96832e+08 -2.14625e+08 -2.29167e+08 -1.89974e+08 -1.97656e+08 -3.39735e+08 -2.35693e+08 -3.00758e+08 -2.62233e+08 -2.97711e+08 -2.60863e+08 -3.1061e+08 -2.73279e+08 -2.3905e+08 -3.14007e+08 -2.83119e+08 -9.35328e+07 
-1.3642e+09 -4.53798e+09 -7.45224e+09 -7.4674e+09 -9.2779e+09 -9.02306e+09 -1.11966e+10 -1.03602e+10 -1.32296e+10 -1.34416e+10 -1.4701e+10 -1.7393e+10 -1.51132e+10 -2.14467e+10 -1.85193e+10 -2.34648e+10 -2.49194e+10 -2.86605e+10 -2.63781e+10 -2.7901e+10 -2.85267e+10 -3.02366e+10 -3.50531e+10 -3.27831e+10 -3.13314e+10 -3.28097e+10 -3.47185e+10 -3.35753e+10 -3.59609e+10 -3.33528e+10 -3.07024e+10 -2.80557e+10 -2.87124e+10 -2.8219e+10 -2.82146e+10 -2.5099e+10 -2.13005e+10 -1.92859e+10 -1.63928e+10 -1.41839e+10 -1.13119e+10 -8.79598e+09 -7.41816e+09 -5.88319e+09 -4.32507e+09 -3.40357e+09 -2.51632e+09 -1.80334e+09 -1.28278e+09 -1.14157e+09 -8.08479e+08 -5.16696e+08 -6.19911e+08 -4.13467e+08 -4.20725e+08 -3.45101e+08 -3.62459e+08 -2.82035e+08 -2.61185e+08 -3.7612e+08 -2.71873e+08 -2.82635e+08 -3.61275e+08 -3.3907e+08 -2.5982e+08 -2.95139e+08 -2.63787e+08 -2.80467e+08 -3.11678e+08 -2.32502e+08 -2.79712e+08 -2.74477e+08 -3.10167e+08 -3.75618e+08 -2.54621e+08 -3.22865e+08 -3.28602e+08 -2.56359e+08 -2.80281e+08 -3.37485e+08 -2.61053e+08 -2.84267e+08 -3.42896e+08 -3.15992e+08 -2.66678e+08 -3.41644e+08 -2.4566e+08 -2.06708e+08 -2.47288e+08 -1.77997e+08 -2.69386e+08 -3.02959e+08 -2.85131e+08 -2.65213e+08 -2.53169e+08 -2.91814e+08 -3.11264e+08 -2.84098e+08 -2.9202e+08 -9.31646e+07 
-1.7579e+09 -4.67927e+09 -6.72675e+09 -7.61847e+09 -8.76201e+09 -9.7119e+09 -1.02696e+10 -1.23146e+10 -1.16885e+10 -1.49787e+10 -1.3243e+10 -1.80138e+10 -1.53066e+10 -2.04345e+10 -2.06238e+10 -2.23706e+10 -2.46189e+10 -2.80812e+10 -2.74335e+10 -2.6617e+10 -3.01273e+10 -2.95666e+10 -3.35289e+10 -3.34519e+10 -3.13083e+10 -3.2573e+10 -3.53322e+10 -3.47548e+10 -3.58286e+10 -3.27881e+10 -3.03969e+10 -2.8153e+10 -2.89677e+10 -2.80767e+10 -2.71096e+10 -2.48616e+10 -2.20418e+10 -1.91401e+10 -1.61577e+10 -1.38048e+10 -1.17432e+10 -9.36633e+09 -7.21699e+09 -5.80571e+09 -4.38605e+09 -3.56561e+09 -2.23172e+09 -1.96791e+09 -1.29193e+09 -9.53471e+08 -8.80883e+08 -5.87151e+08 -5.18203e+08 -5.32393e+08 -4.61965e+08 -3.463e+08 -3.57852e+08 -3.08473e+08 -3.36405e+08 -2.79346e+08 -2.22063e+08 -3.35809e+08 -2.84439e+08 -2.59824e+08 -3.10445e+08 -3.73395e+08 -2.70509e+08 -2.69439e+08 -2.70976e+08 -2.87156e+08 -3.19882e+08 -2.55518e+08 -2.34097e+08 -2.76744e+08 -2.72135e+08 -3.26834e+08 -3.33184e+08 -3.03857e+08 -2.8184e+08 -3.4684e+08 -2.45715e+08 -3.12414e+08 -3.18376e+08 -2.22338e+08 -3.86205e+08 -2.80105e+08 -2.94211e+08 -3.01281e+08 -3.22451e+08 -2.11544e+08 -2.32114e+08 -2.19144e+08 -2.13169e+08 -3.2707e+08 -2.3827e+08 -3.05923e+08 -2.62746e+08 -2.87216e+08 -2.79018e+08 -1.86025e+08 
-1.68789e+09 -4.47313e+09 -6.23272e+09 -8.32148e+09 -8.00778e+09 -1.05213e+10 -1.01417e+10 -1.25248e+10 -1.14975e+10 -1.45807e+10 -1.41341e+10 -1.6909e+10 -1.74795e+10 -1.83807e+10 -2.16235e+10 -2.28628e+10 -2.48889e+10 -2.49274e+10 -3.00586e+10 -2.70259e+10 -2.81938e+10 -3.02697e+10 -3.3338e+10 -3.29803e+10 -3.17804e+10 -3.28327e+10 -3.53964e+10 -3.5241e+10 -3.57592e+10 -3.32338e+10 -2.94094e+10 -2.93734e+10 -2.84687e+10 -2.7731e+10 -2.64428e+10 -2.40963e+10 -2.28053e+10 -1.88311e+10 -1.64362e+10 -1.36813e+10 -1.17809e+10 -9.60157e+09 -7.44104e+09 -5.64864e+09 -4.49017e+09 -3.52724e+09 -2.26392e+09 -1.81578e+09 -1.4848e+09 -9.35303e+08 -7.35984e+08 -6.70241e+08 -5.18948e+08 -4.20783e+08 -4.5832e+08 -5.00338e+08 -3.72055e+08 -3.26119e+08 -3.22915e+08 -2.94166e+08 -3.1025e+08 -2.9556e+08 -2.31783e+08 -2.51356e+08 -3.00213e+08 -2.65148e+08 -2.74519e+08 -3.42273e+08 -3.34073e+08 -2.31526e+08 -2.79631e+08 -2.73924e+08 -3.4039e+08 -2.74536e+08 -2.34008e+08 -2.60253e+08 -2.59628e+08 -2.6874e+08 -3.5454e+08 -3.26972e+08 -2.95931e+08 -2.84319e+08 -2.89616e+08 -2.9601e+08 -3.06046e+08 -3.03236e+08 -2.79037e+08 -3.51165e+08 -3.13791e+08 -2.52045e+08 -3.44811e+08 -2.54611e+08 -2.16013e+08 -2.38951e+08 -2.07591e+08 -2.87207e+08 -2.83109e+08 -2.86663e+08 -2.71353e+08 -1.63431e+08 
-1.55538e+09 -4.1856e+09 -6.53791e+09 -7.82352e+09 -8.91513e+09 -9.90426e+09 -1.07643e+10 -1.14908e+10 -1.28884e+10 -1.33557e+10 -1.53396e+10 -1.56967e+10 -1.85381e+10 -1.81036e+10 -2.27356e+10 -2.14467e+10 -2.61823e+10 -2.42486e+10 -2.84974e+10 -2.85343e+10 -2.7243e+10 -3.01732e+10 -3.32756e+10 -3.34559e+10 -3.16614e+10 -3.31713e+10 -3.57292e+10 -3.47132e+10 -3.57131e+10 -3.42618e+10 -2.91211e+10 -2.90574e+10 -2.79523e+10 -2.80919e+10 -2.59126e+10 -2.41897e+10 -2.2123e+10 -1.89644e+10 -1.65054e+10 -1.41617e+10 -1.14646e+10 -9.4024e+09 -7.59683e+09 -5.94089e+09 -4.46373e+09 -3.34258e+09 -2.47902e+09 -1.77221e+09 -1.387e+09 -1.02e+09 -7.60706e+08 -6.06881e+08 -5.22562e+08 -4.75159e+08 -3.89186e+08 -3.73401e+08 -4.42089e+08 -4.23689e+08 -3.48941e+08 -3.376e+08 -2.80298e+08 -2.9272e+08 -3.02578e+08 -2.99237e+08 -2.6818e+08 -2.03898e+08 -2.67979e+08 -2.84001e+08 -2.62454e+08 -2.97516e+08 -3.3944e+08 -2.8154e+08 -2.40038e+08 -2.7711e+08 -3.39465e+08 -3.11717e+08 -2.38368e+08 -2.45927e+08 -2.55456e+08 -2.63703e+08 -2.952e+08 -3.40482e+08 -3.27333e+08 -2.50552e+08 -3.13142e+08 -2.7104e+08 -3.22554e+08 -2.9248e+08 -3.11932e+08 -3.39183e+08 -3.32067e+08 -2.73226e+08 -2.90945e+08 -2.96854e+08 -2.2596e+08 -2.30505e+08 -2.35952e+08 -2.47265e+08 -3.36643e+08 -1.3888e+08 
-1.36667e+09 -3.971e+09 -6.99484e+09 -7.3815e+09 -9.39756e+09 -9.76731e+09 -1.03354e+10 -1.18342e+10 -1.29987e+10 -1.3661e+10 -1.53119e+10 -1.48294e+10 -1.96773e+10 -1.75819e+10 -2.38091e+10 -2.06457e+10 -2.60883e+10 -2.60838e+10 -2.49347e+10 -2.90241e+10 -2.84058e+10 -2.93999e+10 -3.22961e+10 -3.49961e+10 -3.18263e+10 -3.29958e+10 -3.54886e+10 -3.48546e+10 -3.50653e+10 -3.46046e+10 -3.00853e+10 -2.88188e+10 -2.77715e+10 -2.82371e+10 -2.57558e+10 -2.44552e+10 -2.12974e+10 -1.90685e+10 -1.65187e+10 -1.40814e+10 -1.14223e+10 -9.40257e+09 -7.48771e+09 -6.11147e+09 -4.51744e+09 -3.25263e+09 -2.5543e+09 -1.87542e+09 -1.33401e+09 -9.70175e+08 -7.76508e+08 -6.83023e+08 -4.95947e+08 -4.50758e+08 -4.52308e+08 -3.46351e+08 -3.53847e+08 -3.44358e+08 -4.17258e+08 -3.63394e+08 -3.49037e+08 -3.21108e+08 -3.02308e+08 -2.70386e+08 -3.06489e+08 -2.80605e+08 -3.12061e+08 -2.20878e+08 -2.31593e+08 -2.5005e+08 -2.92432e+08 -2.678e+08 -3.05218e+08 -3.15531e+08 -2.4654e+08 -2.68175e+08 -2.96444e+08 -3.63224e+08 -2.51166e+08 -2.65026e+08 -2.57979e+08 -2.44601e+08 -2.48229e+08 -3.09287e+08 -3.37112e+08 -3.06433e+08 -2.62451e+08 -2.88702e+08 -3.2638e+08 -2.93007e+08 -3.32177e+08 -3.09823e+08 -3.31117e+08 -3.39319e+08 -2.54413e+08 -2.8474e+08 -2.63403e+08 -2.1288e+08 -2.6913e+08 -8.38769e+07 
-1.2752e+09 -4.52959e+09 -6.50878e+09 -8.33465e+09 -8.07854e+09 -1.0403e+10 -1.00363e+10 -1.23091e+10 -1.29838e+10 -1.33031e+10 -1.61407e+10 -1.39853e+10 -2.03489e+10 -1.78736e+10 -2.22584e+10 -2.40914e+10 -2.2595e+10 -2.69069e+10 -2.54065e+10 -2.73921e+10 -2.89472e+10 -2.99057e+10 -3.18604e+10 -3.54289e+10 -3.20453e+10 -3.31369e+10 -3.51382e+10 -3.50905e+10 -3.4475e+10 -3.47771e+10 -3.06403e+10 -2.95074e+10 -2.82128e+10 -2.76225e+10 -2.6139e+10 -2.39996e+10 -2.10175e+10 -1.92457e+10 -1.6218e+10 -1.40135e+10 -1.11658e+10 -9.536e+09 -7.51265e+09 -5.95131e+09 -4.58127e+09 -3.41588e+09 -2.48202e+09 -1.91642e+09 -1.34373e+09 -1.01419e+09 -7.32705e+08 -6.15428e+08 -6.13962e+08 -4.479e+08 -4.38709e+08 -3.59897e+08 -4.07148e+08 -2.85211e+08 -3.49526e+08 -3.22238e+08 -3.79974e+08 -3.47534e+08 -3.33586e+08 -2.77705e+08 -3.44808e+08 -2.68353e+08 -2.99165e+08 -2.99779e+08 -2.89983e+08 -2.88419e+08 -2.06352e+08 -2.1789e+08 -2.92703e+08 -2.81983e+08 -2.69793e+08 -3.08021e+08 -2.73662e+08 -2.65183e+08 -2.76952e+08 -3.55658e+08 -3.12143e+08 -2.31159e+08 -2.70747e+08 -2.4033e+08 -2.52599e+08 -2.65612e+08 -3.15047e+08 -3.37549e+08 -2.57663e+08 -3.17042e+08 -3.05833e+08 -3.12318e+08 -2.56917e+08 -4.01345e+08 -2.91641e+08 -3.36709e+08 -2.92006e+08 -2.73346e+08 -2.48036e+08 -1.38852e+08 
-1.8834e+09 -4.2066e+09 -6.77213e+09 -7.44412e+09 -9.01928e+09 -9.4199e+09 -1.15139e+10 -1.07874e+10 -1.44221e+10 -1.1832e+10 -1.689e+10 -1.56003e+10 -1.71953e+10 -2.23349e+10 -1.85884e+10 -2.52861e+10 -2.22517e+10 -2.55108e+10 -2.78959e+10 -2.71016e+10 -2.73921e+10 -3.03991e+10 -3.25738e+10 -3.45867e+10 -3.20668e+10 -3.30741e+10 -3.47806e+10 -3.52562e+10 -3.41554e+10 -3.53565e+10 -3.08003e+10 -2.92005e+10 -2.93463e+10 -2.72705e+10 -2.63454e+10 -2.39737e+10 -2.1182e+10 -1.87698e+10 -1.60448e+10 -1.37522e+10 -1.12422e+10 -9.31787e+09 -7.62485e+09 -5.85621e+09 -4.44763e+09 -3.5768e+09 -2.50544e+09 -1.89769e+09 -1.36936e+09 -1.0438e+09 -7.57375e+08 -5.948e+08 -5.3211e+08 -5.06119e+08 -4.64668e+08 -3.99688e+08 -3.79651e+08 -3.25909e+08 -3.66952e+08 -2.76005e+08 -3.21045e+08 -3.28201e+08 -3.40586e+08 -3.49697e+08 -2.90213e+08 -2.84506e+08 -3.12527e+08 -3.42338e+08 -2.51794e+08 -3.33275e+08 -2.61749e+08 -3.27242e+08 -2.43044e+08 -2.10996e+08 -2.27693e+08 -3.18747e+08 -2.61465e+08 -2.66978e+08 -2.96722e+08 -2.74734e+08 -3.08966e+08 -2.74903e+08 -3.49378e+08 -2.41245e+08 -2.68509e+08 -2.74615e+08 -2.37809e+08 -2.48694e+08 -2.95667e+08 -3.24534e+08 -3.22832e+08 -2.45565e+08 -3.00953e+08 -3.62686e+08 -2.85836e+08 -2.89578e+08 -3.58931e+08 -2.92451e+08 -3.59726e+08 -1.3374e+08 
-1.20913e+09 -4.26062e+09 -6.98982e+09 -7.13358e+09 -9.57821e+09 -8.73105e+09 -1.20817e+10 -1.02335e+10 -1.43449e+10 -1.3801e+10 -1.41485e+10 -1.90315e+10 -1.44524e+10 -2.31942e+10 -1.93029e+10 -2.1749e+10 -2.55795e+10 -2.50289e+10 -2.75054e+10 -2.86624e+10 -2.70401e+10 -2.93457e+10 -3.32273e+10 -3.42955e+10 -3.10423e+10 -3.29311e+10 -3.49521e+10 -3.52672e+10 -3.50697e+10 -3.47907e+10 -3.13697e+10 -2.93028e+10 -2.88055e+10 -2.79992e+10 -2.67728e+10 -2.41138e+10 -2.12138e+10 -1.84549e+10 -1.57999e+10 -1.34863e+10 -1.15252e+10 -9.03343e+09 -7.49832e+09 -5.83273e+09 -4.44059e+09 -3.44432e+09 -2.57336e+09 -2.03726e+09 -1.29908e+09 -1.04924e+09 -8.13371e+08 -6.42194e+08 -4.50876e+08 -5.11086e+08 -3.97926e+08 -4.65729e+08 -3.75195e+08 -3.61672e+08 -3.70149e+08 -3.04378e+08 -3.24385e+08 -2.97161e+08 -2.76675e+08 -3.42555e+08 -3.26534e+08 -3.58092e+08 -2.57758e+08 -3.04552e+08 -2.31122e+08 -3.73313e+08 -3.04542e+08 -2.85959e+08 -3.2275e+08 -2.70968e+08 -3.0709e+08 -2.31044e+08 -2.01318e+08 -2.92012e+08 -2.91725e+08 -2.50045e+08 -2.99166e+08 -2.65912e+08 -2.99567e+08 -2.94513e+08 -2.89264e+08 -2.98228e+08 -2.40304e+08 -2.99393e+08 -2.55061e+08 -2.853e+08 -2.62828e+08 -2.86731e+08 -3.25812e+08 -2.45732e+08 -3.18889e+08 -3.0387e+08 -3.30412e+08 -2.73971e+08 -3.55034e+08 -1.58609e+08 
-1.50078e+09 -4.6818e+09 -5.97114e+09 -8.34515e+09 -8.40201e+09 -1.00101e+10 -1.05989e+10 -1.23716e+10 -1.19912e+10 -1.60292e+10 -1.23784e+10 -1.94927e+10 -1.71537e+10 -1.81693e+10 -2.26645e+10 -2.03569e+10 -2.55154e+10 -2.68822e+10 -2.58999e+10 -2.85405e+10 -2.85885e+10 -2.94525e+10 -3.24769e+10 -3.39933e+10 -3.11207e+10 -3.16446e+10 -3.5139e+10 -3.53447e+10 -3.65663e+10 -3.46849e+10 -3.06235e+10 -2.9182e+10 -2.82611e+10 -2.9446e+10 -2.67659e+10 -2.416e+10 -2.1333e+10 -1.85379e+10 -1.561e+10 -1.33725e+10 -1.12711e+10 -9.16749e+09 -7.25485e+09 -5.70918e+09 -4.52048e+09 -3.31576e+09 -2.56586e+09 -1.96341e+09 -1.48759e+09 -9.33611e+08 -8.22394e+08 -6.45653e+08 -6.09435e+08 -3.98607e+08 -4.5963e+08 -3.92319e+08 -3.4521e+08 -4.31144e+08 -3.25994e+08 -3.23128e+08 -3.845e+08 -2.89553e+08 -2.87246e+08 -3.33372e+08 -2.4744e+08 -3.45966e+08 -3.26734e+08 -3.21176e+08 -3.05017e+08 -2.42809e+08 -2.87298e+08 -2.57721e+08 -3.80086e+08 -2.8798e+08 -3.27096e+08 -2.69673e+08 -3.19375e+08 -2.6834e+08 -2.26443e+08 -2.17399e+08 -3.47666e+08 -2.60584e+08 -2.33906e+08 -2.8395e+08 -2.81e+08 -3.39045e+08 -2.49816e+08 -3.01443e+08 -2.56733e+08 -2.95061e+08 -3.14877e+08 -2.47404e+08 -2.76115e+08 -2.65663e+08 -2.94955e+08 -3.14754e+08 -2.15062e+08 -3.38351e+08 -3.19636e+08 -1.6515e+08 
-1.52586e+09 -4.08647e+09 -6.37332e+09 -8.17693e+09 -8.23682e+09 -1.0616e+10 -9.91217e+09 -1.32009e+10 -1.1023e+10 -1.55343e+10 -1.59478e+10 -1.50547e+10 -2.0385e+10 -1.58263e+10 -2.17967e+10 -2.43856e+10 -2.24303e+10 -2.76655e+10 -2.67334e+10 -2.74207e+10 -2.86691e+10 -3.09637e+10 -3.2126e+10 -3.29592e+10 -3.12122e+10 -3.0986e+10 -3.54186e+10 -3.58196e+10 -3.62958e+10 -3.43479e+10 -3.03977e+10 -2.90271e+10 -2.89995e+10 -2.89195e+10 -2.67296e+10 -2.46186e+10 -2.15143e+10 -1.87887e+10 -1.55797e+10 -1.35528e+10 -1.06424e+10 -9.3939e+09 -7.11164e+09 -5.70203e+09 -4.31747e+09 -3.31614e+09 -2.59738e+09 -1.80353e+09 -1.41956e+09 -1.10192e+09 -7.65304e+08 -6.37627e+08 -5.81698e+08 -5.15855e+08 -4.66829e+08 -3.29875e+08 -4.49698e+08 -3.43396e+08 -2.95039e+08 -4.18251e+08 -2.80014e+08 -3.20358e+08 -3.46294e+08 -3.37385e+08 -2.58634e+08 -3.22137e+08 -2.64456e+08 -3.08393e+08 -3.39203e+08 -3.28679e+08 -3.08772e+08 -2.4483e+08 -2.62078e+08 -2.60907e+08 -3.2273e+08 -3.50472e+08 -3.02071e+08 -3.36794e+08 -2.47114e+08 -3.14202e+08 -2.62694e+08 -2.36773e+08 -2.90219e+08 -2.89932e+08 -2.38305e+08 -2.57103e+08 -2.64772e+08 -3.28261e+08 -3.20956e+08 -2.47364e+08 -3.06863e+08 -2.46943e+08 -3.28128e+08 -2.61782e+08 -2.95886e+08 -2.69491e+08 -2.78514e+08 -2.69893e+08 -2.69274e+08 -1.01227e+08 
-1.39935e+09 -4.00216e+09 -6.17629e+09 -8.37548e+09 -8.47925e+09 -1.01846e+10 -1.0623e+10 -1.19945e+10 -1.35844e+10 -1.29819e+10 -1.71376e+10 -1.42435e+10 -1.84897e+10 -2.11045e+10 -1.74057e+10 -2.51872e+10 -2.38407e+10 -2.57811e+10 -2.8151e+10 -2.71758e+10 -2.78909e+10 -3.15778e+10 -3.39273e+10 -3.07347e+10 -3.08305e+10 -3.22363e+10 -3.54e+10 -3.59893e+10 -3.53423e+10 -3.28106e+10 -3.11762e+10 -2.99562e+10 -2.96207e+10 -2.76841e+10 -2.67176e+10 -2.51806e+10 -2.1315e+10 -1.94988e+10 -1.54238e+10 -1.37911e+10 -1.05172e+10 -9.15653e+09 -7.15319e+09 -5.74158e+09 -4.1465e+09 -3.26087e+09 -2.51605e+09 -1.86018e+09 -1.22021e+09 -1.08112e+09 -8.37348e+08 -6.83551e+08 -5.33008e+08 -5.26859e+08 -4.59708e+08 -4.19235e+08 -4.16163e+08 -3.00657e+08 -4.29278e+08 -3.35433e+08 -2.94075e+08 -3.3198e+08 -3.20666e+08 -2.70962e+08 -3.43751e+08 -3.25573e+08 -3.07382e+08 -2.55502e+08 -3.33875e+08 -2.53337e+08 -3.71072e+08 -3.07295e+08 -3.16115e+08 -2.69589e+08 -2.20497e+08 -2.91082e+08 -2.60261e+08 -3.69816e+08 -3.087e+08 -3.22535e+08 -2.97713e+08 -3.12543e+08 -2.78244e+08 -2.56594e+08 -2.41898e+08 -3.34698e+08 -2.41911e+08 -2.144e+08 -2.98592e+08 -3.07994e+08 -3.50912e+08 -2.80452e+08 -2.24672e+08 -2.64545e+08 -2.97889e+08 -3.43706e+08 -2.66659e+08 -2.93078e+08 -2.61769e+08 -1.23909e+08 
-1.21372e+09 -3.8521e+09 -6.73847e+09 -7.97082e+09 -9.03813e+09 -9.67837e+09 -1.11075e+10 -1.21116e+10 -1.34903e+10 -1.29617e+10 -1.45392e+10 -1.90892e+10 -1.4319e+10 -2.23688e+10 -1.97542e+10 -2.11208e+10 -2.6647e+10 -2.48067e+10 -2.72004e+10 -2.7364e+10 -3.0629e+10 -3.09061e+10 -3.32209e+10 -3.04783e+10 -3.10476e+10 -3.30364e+10 -3.54489e+10 -3.52181e+10 -3.48636e+10 -3.27329e+10 -3.01993e+10 -2.9751e+10 -2.9983e+10 -2.93235e+10 -2.63258e+10 -2.47576e+10 -2.16013e+10 -1.93278e+10 -1.57891e+10 -1.3802e+10 -1.11003e+10 -8.80645e+09 -6.99125e+09 -5.74192e+09 -4.18264e+09 -3.24631e+09 -2.28396e+09 -1.88147e+09 -1.25779e+09 -9.22573e+08 -8.60506e+08 -6.29962e+08 -6.13477e+08 -5.28457e+08 -4.16528e+08 -4.51522e+08 -4.12913e+08 -3.70831e+08 -3.72724e+08 -3.1745e+08 -3.68152e+08 -3.75451e+08 -2.91292e+08 -2.61779e+08 -3.55573e+08 -2.5788e+08 -2.92632e+08 -3.46449e+08 -3.08861e+08 -2.91927e+08 -2.77911e+08 -3.04844e+08 -3.19936e+08 -3.33937e+08 -3.13474e+08 -2.84916e+08 -2.53209e+08 -2.24988e+08 -3.0434e+08 -2.91187e+08 -3.50951e+08 -3.25542e+08 -3.40287e+08 -2.5005e+08 -3.30469e+08 -2.56488e+08 -2.5811e+08 -3.00044e+08 -2.95451e+08 -2.57313e+08 -2.4641e+08 -2.87077e+08 -3.37703e+08 -3.09555e+08 -2.25406e+08 -2.70772e+08 -2.65583e+08 -3.31121e+08 -3.0236e+08 -1.38007e+08 
-1.21169e+09 -4.09887e+09 -7.1342e+09 -7.64776e+09 -9.31083e+09 -9.74556e+09 -1.13994e+10 -1.21606e+10 -1.17929e+10 -1.51932e+10 -1.23326e+10 -1.92138e+10 -1.80581e+10 -1.69446e+10 -2.41231e+10 -1.96776e+10 -2.47607e+10 -2.55951e+10 -2.73174e+10 -2.79377e+10 -3.21374e+10 -3.12775e+10 -3.17878e+10 -3.07019e+10 -3.09984e+10 -3.41635e+10 -3.46965e+10 -3.48671e+10 -3.46587e+10 -3.2614e+10 -2.87692e+10 -3.03009e+10 -2.94987e+10 -3.04466e+10 -2.68048e+10 -2.46022e+10 -2.15766e+10 -1.88018e+10 -1.64165e+10 -1.35484e+10 -1.14674e+10 -8.9798e+09 -7.01383e+09 -5.59332e+09 -4.09027e+09 -3.2505e+09 -2.20677e+09 -1.76517e+09 -1.37872e+09 -8.87643e+08 -7.49796e+08 -6.54694e+08 -5.5161e+08 -4.94257e+08 -4.81464e+08 -4.5403e+08 -3.748e+08 -3.99965e+08 -3.778e+08 -3.55941e+08 -3.2544e+08 -3.61111e+08 -2.99726e+08 -4.07172e+08 -2.98361e+08 -2.71263e+08 -2.99978e+08 -2.763e+08 -2.66984e+08 -3.39082e+08 -3.04086e+08 -3.26154e+08 -2.56702e+08 -3.26246e+08 -2.8876e+08 -3.68744e+08 -2.87325e+08 -3.23404e+08 -2.3312e+08 -2.49361e+08 -2.66193e+08 -3.04921e+08 -3.49226e+08 -3.15004e+08 -3.03359e+08 -3.18647e+08 -2.94855e+08 -2.75864e+08 -2.97285e+08 -3.03343e+08 -3.22918e+08 -2.51827e+08 -2.101e+08 -2.90229e+08 -3.00936e+08 -3.50391e+08 -2.70465e+08 -2.13696e+08 -2.66118e+08 -1.53769e+08 
-1.59322e+09 -4.49227e+09 -6.56861e+09 -8.36098e+09 -9.5696e+09 -9.84753e+09 -1.02505e+10 -1.23238e+10 -1.22265e+10 -1.41127e+10 -1.62103e+10 -1.40987e+10 -2.08109e+10 -1.6759e+10 -2.14552e+10 -2.27258e+10 -2.28865e+10 -2.57661e+10 -2.79874e+10 -2.86153e+10 -3.16151e+10 -3.37256e+10 -2.9685e+10 -2.98883e+10 -3.18612e+10 -3.42845e+10 -3.41984e+10 -3.60189e+10 -3.33014e+10 -3.09836e+10 -2.93963e+10 -3.08157e+10 -2.99894e+10 -2.93539e+10 -2.74297e+10 -2.50513e+10 -2.13969e+10 -1.89578e+10 -1.60196e+10 -1.36675e+10 -1.14009e+10 -9.3257e+09 -7.28497e+09 -5.4579e+09 -3.97727e+09 -3.14815e+09 -2.26229e+09 -1.73049e+09 -1.28054e+09 -1.00281e+09 -7.12162e+08 -6.23134e+08 -4.93117e+08 -5.34827e+08 -3.84771e+08 -4.37323e+08 -4.07722e+08 -4.09858e+08 -3.38482e+08 -3.94376e+08 -3.28762e+08 -3.67946e+08 -3.07262e+08 -3.2241e+08 -3.57548e+08 -3.42943e+08 -3.25212e+08 -3.09115e+08 -2.34499e+08 -3.41452e+08 -2.28603e+08 -2.90752e+08 -3.56206e+08 -2.55795e+08 -3.55995e+08 -2.52299e+08 -3.32372e+08 -3.36351e+08 -3.25646e+08 -2.81702e+08 -3.03082e+08 -2.24437e+08 -2.76009e+08 -3.06994e+08 -2.93526e+08 -3.32623e+08 -3.04331e+08 -3.06692e+08 -3.04058e+08 -3.47495e+08 -3.01032e+08 -2.61893e+08 -3.21745e+08 -2.65807e+08 -2.55636e+08 -2.51003e+08 -3.02123e+08 -3.13723e+08 -3.23216e+08 -1.33098e+08 
-1.70081e+09 -4.40022e+09 -7.25987e+09 -8.06352e+09 -9.52586e+09 -9.62328e+09 -1.02923e+10 -1.14029e+10 -1.44654e+10 -1.22713e+10 -1.75902e+10 -1.40136e+10 -1.7221e+10 -2.08794e+10 -1.83664e+10 -2.39705e+10 -2.35292e+10 -2.52013e+10 -2.76275e+10 -3.15196e+10 -3.0432e+10 -3.26874e+10 -2.91615e+10 -3.14381e+10 -3.09689e+10 -3.39991e+10 -3.50107e+10 -3.55712e+10 -3.3005e+10 -3.06388e+10 -2.99175e+10 -2.9321e+10 -3.0795e+10 -2.96263e+10 -2.72135e+10 -2.47516e+10 -2.18658e+10 -1.91901e+10 -1.58866e+10 -1.35512e+10 -1.12774e+10 -9.55156e+09 -7.30119e+09 -5.69065e+09 -3.986e+09 -3.09091e+09 -2.13791e+09 -1.78504e+09 -1.27249e+09 -9.66085e+08 -7.4485e+08 -6.06232e+08 -5.6972e+08 -4.04283e+08 -4.17756e+08 -4.31434e+08 -3.29485e+08 -3.7577e+08 -3.76977e+08 -3.68022e+08 -3.28192e+08 -3.78997e+08 -3.13504e+08 -3.45992e+08 -3.30018e+08 -2.99602e+08 -3.62447e+08 -3.23246e+08 -3.41096e+08 -2.84082e+08 -3.15214e+08 -2.58548e+08 -2.76297e+08 -2.67124e+08 -3.17546e+08 -3.23179e+08 -2.60326e+08 -3.56045e+08 -2.8368e+08 -3.3419e+08 -3.49591e+08 -2.59105e+08 -3.41523e+08 -2.38873e+08 -2.46142e+08 -3.04198e+08 -3.07592e+08 -3.12508e+08 -3.23207e+08 -3.28922e+08 -2.91277e+08 -3.05971e+08 -3.14379e+08 -3.11373e+08 -2.7877e+08 -3.17892e+08 -2.70397e+08 -2.39778e+08 -3.01903e+08 -1.10137e+08 
-1.66208e+09 -5.32797e+09 -6.35172e+09 -8.62523e+09 -8.94885e+09 -9.35634e+09 -1.13476e+10 -1.08304e+10 -1.41757e+10 -1.42961e+10 -1.38064e+10 -1.79301e+10 -1.3905e+10 -2.08953e+10 -1.996e+10 -2.24169e+10 -2.44686e+10 -2.68622e+10 -2.69177e+10 -3.27899e+10 -2.92898e+10 -3.07889e+10 -3.07239e+10 -3.1401e+10 -3.23341e+10 -3.38763e+10 -3.42882e+10 -3.42151e+10 -3.38718e+10 -3.07773e+10 -3.10695e+10 -2.91478e+10 -2.92685e+10 -2.92827e+10 -2.78355e+10 -2.45944e+10 -2.20552e+10 -1.90871e+10 -1.61635e+10 -1.36728e+10 -1.12026e+10 -9.27094e+09 -7.4156e+09 -5.65142e+09 -4.27912e+09 -3.05557e+09 -2.26361e+09 -1.62458e+09 -1.39099e+09 -9.23349e+08 -7.28596e+08 -5.83197e+08 -5.47354e+08 -4.78347e+08 -4.052e+08 -3.58229e+08 -3.49422e+08 -3.73166e+08 -3.04351e+08 -3.31613e+08 -3.56528e+08 -3.19525e+08 -3.74286e+08 -2.82798e+08 -3.66898e+08 -3.09056e+08 -3.34038e+08 -3.31157e+08 -2.9364e+08 -3.70617e+08 -3.2519e+08 -2.94765e+08 -2.88543e+08 -2.98071e+08 -2.95418e+08 -2.38652e+08 -2.94426e+08 -3.2453e+08 -2.90236e+08 -2.98138e+08 -3.29849e+08 -3.29601e+08 -3.40349e+08 -3.4363e+08 -2.33759e+08 -3.19053e+08 -2.15924e+08 -2.83096e+08 -3.76929e+08 -3.01188e+08 -3.30052e+08 -2.78792e+08 -3.00079e+08 -2.49893e+08 -3.79726e+08 -3.00951e+08 -3.16769e+08 -2.89155e+08 -2.77592e+08 -1.16598e+08 
-1.89855e+09 -4.22861e+09 -7.0806e+09 -7.56761e+09 -9.53507e+09 -1.03336e+10 -1.02356e+10 -1.26019e+10 -1.14302e+10 -1.61395e+10 -1.27006e+10 -1.69597e+10 -1.64696e+10 -1.79475e+10 -2.16492e+10 -2.27562e+10 -2.35506e+10 -2.96171e+10 -2.62782e+10 -2.96134e+10 -3.15541e+10 -3.07602e+10 -3.06651e+10 -2.99374e+10 -3.42291e+10 -3.35126e+10 -3.40952e+10 -3.43346e+10 -3.34983e+10 -3.07403e+10 -3.12221e+10 -3.05033e+10 -2.91697e+10 -2.73882e+10 -2.78466e+10 -2.5007e+10 -2.22135e+10 -1.86202e+10 -1.6574e+10 -1.37373e+10 -1.1379e+10 -8.94245e+09 -7.30347e+09 -5.78565e+09 -4.17801e+09 -3.22189e+09 -2.48767e+09 -1.68171e+09 -1.28251e+09 -9.73051e+08 -7.26179e+08 -6.02246e+08 -4.53572e+08 -4.79929e+08 -4.07223e+08 -4.34393e+08 -3.28064e+08 -3.1999e+08 -3.12869e+08 -3.45091e+08 -2.57882e+08 -3.33652e+08 -3.12621e+08 -3.206e+08 -3.3414e+08 -2.87799e+08 -3.64798e+08 -2.99891e+08 -3.26994e+08 -3.30504e+08 -3.21321e+08 -3.3201e+08 -3.43087e+08 -2.93121e+08 -2.6862e+08 -3.25991e+08 -2.68989e+08 -3.14562e+08 -2.37623e+08 -3.14761e+08 -3.07466e+08 -2.60751e+08 -3.6216e+08 -3.28609e+08 -3.64035e+08 -3.00204e+08 -3.03425e+08 -2.54726e+08 -3.00181e+08 -2.68844e+08 -3.39063e+08 -3.45091e+08 -2.65452e+08 -3.07756e+08 -3.06085e+08 -2.89277e+08 -2.54641e+08 -3.61415e+08 -3.51857e+08 -1.43054e+08 
-1.51251e+09 -4.8227e+09 -6.51087e+09 -8.56419e+09 -8.98589e+09 -1.08795e+10 -9.88473e+09 -1.27853e+10 -1.13226e+10 -1.40347e+10 -1.53498e+10 -1.46006e+10 -1.84587e+10 -1.77735e+10 -1.99706e+10 -2.56106e+10 -2.30792e+10 -2.78048e+10 -2.91689e+10 -2.76196e+10 -3.24018e+10 -2.93142e+10 -3.11078e+10 -3.01341e+10 -3.3112e+10 -3.35279e+10 -3.54309e+10 -3.55021e+10 -3.21517e+10 -3.07049e+10 -3.04868e+10 -3.01852e+10 -3.11002e+10 -2.79875e+10 -2.63505e+10 -2.38436e+10 -2.25333e+10 -1.91551e+10 -1.65753e+10 -1.3624e+10 -1.15914e+10 -8.92526e+09 -7.21255e+09 -5.64417e+09 -4.38941e+09 -3.1169e+09 -2.57958e+09 -1.94051e+09 -1.29362e+09 -9.38778e+08 -7.4686e+08 -5.81616e+08 -5.33274e+08 -3.62099e+08 -4.26259e+08 -3.7719e+08 -3.30912e+08 -3.99574e+08 -3.06349e+08 -2.91843e+08 -2.94992e+08 -3.29135e+08 -2.33072e+08 -3.22282e+08 -2.81209e+08 -3.16397e+08 -2.77923e+08 -3.75437e+08 -2.42369e+08 -3.71278e+08 -2.97581e+08 -3.25871e+08 -3.40926e+08 -3.07449e+08 -3.58584e+08 -3.0493e+08 -2.80509e+08 -2.55635e+08 -3.37467e+08 -2.78277e+08 -2.81983e+08 -2.97345e+08 -2.83837e+08 -3.19708e+08 -2.69613e+08 -3.79765e+08 -3.39937e+08 -3.56181e+08 -3.0293e+08 -2.93348e+08 -2.86114e+08 -2.30404e+08 -2.84979e+08 -4.22323e+08 -2.60537e+08 -3.18532e+08 -2.64779e+08 -3.43317e+08 -2.29709e+08 -1.07732e+08 
-1.7461e+09 -4.61025e+09 -7.03327e+09 -8.33193e+09 -9.05071e+09 -1.0574e+10 -1.05867e+10 -1.09789e+10 -1.38818e+10 -1.09272e+10 -1.64952e+10 -1.59933e+10 -1.65255e+10 -2.05162e+10 -1.88137e+10 -2.46496e+10 -2.64919e+10 -2.31612e+10 -3.1717e+10 -2.76033e+10 -3.07311e+10 -3.01125e+10 -3.09897e+10 -2.9368e+10 -3.20178e+10 -3.50303e+10 -3.61214e+10 -3.52169e+10 -3.2669e+10 -2.97695e+10 -2.96356e+10 -3.05121e+10 -3.09968e+10 -2.95642e+10 -2.6184e+10 -2.29524e+10 -2.1646e+10 -1.97526e+10 -1.63785e+10 -1.37161e+10 -1.16125e+10 -9.06239e+09 -7.25375e+09 -5.42216e+09 -4.6626e+09 -3.06969e+09 -2.49722e+09 -2.00955e+09 -1.49214e+09 -9.54078e+08 -7.39712e+08 -6.20533e+08 -4.70319e+08 -4.72366e+08 -3.67541e+08 -3.09683e+08 -3.83272e+08 -3.22699e+08 -3.0788e+08 -3.50072e+08 -2.93602e+08 -3.04863e+08 -2.71065e+08 -2.77291e+08 -2.9074e+08 -2.40199e+08 -3.19577e+08 -2.64522e+08 -3.15673e+08 -2.80542e+08 -3.25347e+08 -3.00516e+08 -3.26333e+08 -3.14485e+08 -3.19963e+08 -3.57407e+08 -3.04489e+08 -3.38419e+08 -2.88163e+08 -2.71518e+08 -2.62992e+08 -3.19197e+08 -3.06872e+08 -2.84154e+08 -3.26485e+08 -2.715e+08 -2.94249e+08 -3.25419e+08 -3.78264e+08 -3.97316e+08 -2.89533e+08 -2.90696e+08 -2.53857e+08 -2.86232e+08 -2.62175e+08 -3.4108e+08 -4.04978e+08 -2.34211e+08 -3.19161e+08 -1.56129e+08 
-1.47363e+09 -4.53936e+09 -7.22416e+09 -7.66908e+09 -9.87441e+09 -9.35334e+09 -1.17678e+10 -9.99868e+09 -1.3447e+10 -1.30909e+10 -1.39012e+10 -1.79005e+10 -1.65195e+10 -1.9648e+10 -2.31327e+10 -1.86938e+10 -2.9386e+10 -2.34005e+10 -2.79148e+10 -3.13062e+10 -3.07768e+10 -2.91074e+10 -2.8612e+10 -3.1246e+10 -3.21038e+10 -3.54352e+10 -3.66104e+10 -3.48468e+10 -3.19794e+10 -2.97637e+10 -3.07367e+10 -3.16191e+10 -2.97252e+10 -2.85693e+10 -2.66068e+10 -2.46233e+10 -2.07618e+10 -1.87749e+10 -1.63541e+10 -1.40787e+10 -1.14171e+10 -9.10803e+09 -7.60703e+09 -5.46124e+09 -4.41492e+09 -3.31539e+09 -2.49382e+09 -2.01841e+09 -1.33695e+09 -1.15884e+09 -7.47485e+08 -6.23126e+08 -5.49002e+08 -4.23845e+08 -4.04804e+08 -3.67479e+08 -3.1324e+08 -2.90976e+08 -3.50292e+08 -2.80238e+08 -3.2514e+08 -2.802e+08 -2.99772e+08 -2.90008e+08 -2.85811e+08 -2.52163e+08 -3.08027e+08 -1.94773e+08 -3.34795e+08 -2.55029e+08 -2.86636e+08 -2.7254e+08 -3.27683e+08 -2.62588e+08 -3.40775e+08 -3.16365e+08 -3.33514e+08 -3.11185e+08 -3.50492e+08 -3.24008e+08 -2.96266e+08 -2.62066e+08 -2.80264e+08 -2.98488e+08 -2.96967e+08 -3.23496e+08 -3.1792e+08 -3.03503e+08 -2.79055e+08 -3.16995e+08 -3.63056e+08 -3.47218e+08 -3.79441e+08 -2.49517e+08 -3.0328e+08 -2.70951e+08 -2.44042e+08 -3.40435e+08 -3.8172e+08 -2.37201e+08 
-1.67061e+09 -4.37205e+09 -6.91035e+09 -7.96199e+09 -9.36607e+09 -9.5325e+09 -1.07296e+10 -1.22908e+10 -1.12391e+10 -1.50448e+10 -1.33659e+10 -1.63441e+10 -2.10316e+10 -1.53817e+10 -2.49597e+10 -1.97846e+10 -2.44109e+10 -2.92226e+10 -2.43606e+10 -3.201e+10 -3.0032e+10 -3.01047e+10 -2.81612e+10 -3.16892e+10 -3.23484e+10 -3.52551e+10 -3.65325e+10 -3.40182e+10 -3.08891e+10 -3.16292e+10 -3.16141e+10 -3.17235e+10 -2.93638e+10 -2.73732e+10 -2.6285e+10 -2.54753e+10 -2.12501e+10 -1.83059e+10 -1.60242e+10 -1.35909e+10 -1.15799e+10 -9.41498e+09 -7.6337e+09 -5.71581e+09 -4.24676e+09 -3.39724e+09 -2.5699e+09 -1.93702e+09 -1.3924e+09 -9.13049e+08 -9.34585e+08 -6.94602e+08 -5.3065e+08 -4.80536e+08 -4.50515e+08 -3.5634e+08 -3.55764e+08 -3.08379e+08 -3.12193e+08 -2.57855e+08 -3.33462e+08 -2.6164e+08 -3.23612e+08 -2.32556e+08 -3.1129e+08 -2.69357e+08 -3.16371e+08 -2.37327e+08 -2.57624e+08 -2.7675e+08 -2.27627e+08 -3.23622e+08 -2.36442e+08 -3.08329e+08 -2.3227e+08 -3.48272e+08 -2.65396e+08 -3.25958e+08 -3.38773e+08 -3.22078e+08 -3.33448e+08 -3.22152e+08 -3.14459e+08 -2.75716e+08 -2.79775e+08 -2.99656e+08 -2.76616e+08 -3.19682e+08 -3.33789e+08 -3.5663e+08 -2.58642e+08 -2.80872e+08 -3.36471e+08 -3.711e+08 -3.45067e+08 -3.47306e+08 -2.27437e+08 -3.23908e+08 -2.91174e+08 -7.13399e+07 
-1.25607e+09 -4.45133e+09 -6.7575e+09 -7.94049e+09 -8.54545e+09 -1.10281e+10 -9.30389e+09 -1.30872e+10 -1.27264e+10 -1.19888e+10 -1.77338e+10 -1.35289e+10 -2.06121e+10 -1.87727e+10 -1.95945e+10 -2.58406e+10 -1.92839e+10 -2.95586e+10 -2.73072e+10 -2.84438e+10 -2.85026e+10 -3.2858e+10 -2.98699e+10 -3.01353e+10 -3.41055e+10 -3.4609e+10 -3.46154e+10 -3.38389e+10 -3.24997e+10 -3.17099e+10 -3.19823e+10 -3.10629e+10 -2.95685e+10 -2.76861e+10 -2.63241e+10 -2.36671e+10 -2.21875e+10 -1.88279e+10 -1.56816e+10 -1.30175e+10 -1.18177e+10 -9.44761e+09 -7.5497e+09 -5.99713e+09 -4.38073e+09 -3.34871e+09 -2.45274e+09 -1.90986e+09 -1.36538e+09 -1.06413e+09 -6.95282e+08 -7.52759e+08 -6.17942e+08 -5.2701e+08 -4.52064e+08 -4.20911e+08 -4.07362e+08 -3.34518e+08 -3.28222e+08 -2.63996e+08 -3.28852e+08 -2.33176e+08 -3.23908e+08 -2.59535e+08 -2.92797e+08 -2.40221e+08 -3.03649e+08 -2.41461e+08 -2.97312e+08 -2.80568e+08 -2.33172e+08 -2.90634e+08 -2.04436e+08 -3.2008e+08 -2.58423e+08 -2.43385e+08 -2.97063e+08 -2.59402e+08 -3.05617e+08 -3.10117e+08 -3.01294e+08 -3.50857e+08 -3.18782e+08 -3.51464e+08 -3.11349e+08 -2.88878e+08 -2.75873e+08 -3.17296e+08 -2.91138e+08 -2.639e+08 -3.22581e+08 -3.54364e+08 -3.2269e+08 -2.63287e+08 -3.07949e+08 -3.65306e+08 -3.33014e+08 -3.57221e+08 -2.95509e+08 -1.16927e+08 
-1.7684e+09 -4.6165e+09 -6.00139e+09 -8.44648e+09 -8.44534e+09 -1.01164e+10 -1.22764e+10 -9.62961e+09 -1.50431e+10 -1.25632e+10 -1.6263e+10 -1.65075e+10 -1.62603e+10 -2.28501e+10 -1.66121e+10 -2.40087e+10 -2.48455e+10 -2.33119e+10 -2.95488e+10 -2.75637e+10 -3.04464e+10 -2.92191e+10 -3.24509e+10 -3.18389e+10 -3.37688e+10 -3.33051e+10 -3.46345e+10 -3.3985e+10 -3.30821e+10 -3.15083e+10 -3.17909e+10 -3.08985e+10 -3.0564e+10 -2.79781e+10 -2.58447e+10 -2.31597e+10 -2.1443e+10 -1.90966e+10 -1.58615e+10 -1.34371e+10 -1.1504e+10 -9.31504e+09 -7.50855e+09 -6.23772e+09 -4.33479e+09 -3.46249e+09 -2.42207e+09 -1.74582e+09 -1.37994e+09 -1.04084e+09 -8.6077e+08 -5.83502e+08 -5.86701e+08 -5.77901e+08 -4.34583e+08 -4.8769e+08 -4.14455e+08 -3.70715e+08 -4.22285e+08 -3.091e+08 -3.3357e+08 -2.44681e+08 -2.95987e+08 -2.76494e+08 -2.7021e+08 -2.96271e+08 -2.41641e+08 -2.888e+08 -2.324e+08 -2.70761e+08 -2.56685e+08 -3.23954e+08 -2.26764e+08 -2.38276e+08 -2.98978e+08 -2.10533e+08 -3.27306e+08 -2.21499e+08 -2.88752e+08 -2.3502e+08 -3.02138e+08 -2.89939e+08 -3.11349e+08 -3.36696e+08 -3.21645e+08 -3.47564e+08 -3.50857e+08 -3.21303e+08 -2.5346e+08 -2.62288e+08 -3.1752e+08 -3.11461e+08 -2.36465e+08 -3.39591e+08 -3.82019e+08 -2.69106e+08 -2.81173e+08 -3.44019e+08 -3.76974e+08 -1.50593e+08 
-1.22198e+09 -3.82803e+09 -7.4156e+09 -6.92346e+09 -1.05466e+10 -8.13776e+09 -1.30328e+10 -1.09445e+10 -1.33095e+10 -1.57739e+10 -1.34414e+10 -1.85672e+10 -1.51758e+10 -1.9125e+10 -2.35363e+10 -1.74745e+10 -2.81305e+10 -2.14721e+10 -2.84714e+10 -2.87609e+10 -3.18422e+10 -2.81501e+10 -3.1836e+10 -3.25278e+10 -3.40612e+10 -3.32968e+10 -3.5778e+10 -3.45418e+10 -3.07529e+10 -3.11081e+10 -3.26535e+10 -3.24176e+10 -2.98552e+10 -2.7652e+10 -2.58183e+10 -2.37372e+10 -2.05468e+10 -1.82305e+10 -1.67568e+10 -1.39823e+10 -1.09854e+10 -9.53456e+09 -7.38585e+09 -6.03993e+09 -4.61348e+09 -3.2765e+09 -2.50852e+09 -1.78781e+09 -1.23438e+09 -1.06876e+09 -8.15714e+08 -7.20769e+08 -5.3659e+08 -4.617e+08 -4.52821e+08 -4.97431e+08 -3.57324e+08 -4.1819e+08 -4.60345e+08 -3.05686e+08 -4.46607e+08 -2.98053e+08 -3.44547e+08 -2.55588e+08 -2.42638e+08 -3.34323e+08 -2.39059e+08 -2.82487e+08 -2.43796e+08 -2.95592e+08 -2.20962e+08 -2.9851e+08 -2.09009e+08 -2.82747e+08 -3.04486e+08 -2.09602e+08 -2.77398e+08 -2.38984e+08 -2.91422e+08 -2.68287e+08 -2.17633e+08 -3.12383e+08 -2.12101e+08 -3.01992e+08 -3.27573e+08 -2.82852e+08 -4.11521e+08 -3.13928e+08 -3.38104e+08 -3.09969e+08 -2.92085e+08 -2.58939e+08 -2.75481e+08 -3.20175e+08 -2.8261e+08 -2.49227e+08 -3.68197e+08 -3.58127e+08 -2.79605e+08 -1.30885e+08 
-1.2192e+09 -5.13465e+09 -6.36946e+09 -8.63687e+09 -7.98171e+09 -1.14371e+10 -1.00903e+10 -1.37451e+10 -1.2317e+10 -1.49964e+10 -1.60441e+10 -1.46335e+10 -2.00203e+10 -1.43342e+10 -2.42033e+10 -1.92232e+10 -2.27082e+10 -2.72946e+10 -2.57411e+10 -2.9969e+10 -3.00558e+10 -3.14399e+10 -2.8849e+10 -3.21681e+10 -3.44218e+10 -3.61147e+10 -3.47293e+10 -3.27033e+10 -3.18419e+10 -3.11099e+10 -3.20656e+10 -3.27665e+10 -2.98724e+10 -2.79099e+10 -2.57719e+10 -2.31853e+10 -2.0779e+10 -1.8309e+10 -1.6153e+10 -1.43626e+10 -1.1259e+10 -9.59125e+09 -7.19129e+09 -5.88197e+09 -4.62062e+09 -3.23528e+09 -2.42163e+09 -1.92077e+09 -1.3254e+09 -9.44996e+08 -8.40973e+08 -6.27181e+08 -6.49172e+08 -4.10399e+08 -4.86168e+08 -4.01322e+08 -3.62041e+08 -4.28039e+08 -3.48014e+08 -3.32942e+08 -4.88224e+08 -3.21701e+08 -3.88041e+08 -3.56011e+08 -3.20081e+08 -2.97958e+08 -2.30879e+08 -3.05719e+08 -2.78584e+08 -2.61657e+08 -2.64538e+08 -2.52013e+08 -2.70457e+08 -2.46133e+08 -2.45252e+08 -2.3664e+08 -3.00621e+08 -2.60771e+08 -2.07514e+08 -3.10945e+08 -2.16727e+08 -3.19731e+08 -2.22383e+08 -2.59796e+08 -2.62824e+08 -2.64955e+08 -3.31453e+08 -3.37903e+08 -2.86794e+08 -3.59262e+08 -3.26293e+08 -3.34395e+08 -2.9334e+08 -2.56366e+08 -2.66445e+08 -2.88357e+08 -3.28596e+08 -2.44081e+08 -3.18644e+08 -1.59857e+08 
-2.13688e+09 -4.89971e+09 -5.63055e+09 -9.75853e+09 -7.7313e+09 -1.1585e+10 -1.13869e+10 -1.14313e+10 -1.47165e+10 -1.2872e+10 -1.72449e+10 -1.41717e+10 -1.87638e+10 -1.87371e+10 -1.64512e+10 -2.54126e+10 -1.8384e+10 -2.86346e+10 -2.67081e+10 -2.99467e+10 -2.89071e+10 -3.1033e+10 -2.88731e+10 -3.27352e+10 -3.419e+10 -3.76141e+10 -3.31389e+10 -3.31373e+10 -3.3036e+10 -3.10905e+10 -3.17441e+10 -3.11175e+10 -3.06426e+10 -2.86393e+10 -2.53945e+10 -2.3068e+10 -2.12376e+10 -1.86671e+10 -1.55653e+10 -1.40587e+10 -1.1889e+10 -9.45724e+09 -7.0253e+09 -5.9516e+09 -4.42893e+09 -3.24407e+09 -2.3568e+09 -1.92887e+09 -1.34152e+09 -1.12943e+09 -7.1508e+08 -6.70565e+08 -4.96126e+08 -5.21297e+08 -4.69662e+08 -3.46264e+08 -4.25125e+08 -3.7311e+08 -3.24338e+08 -3.51849e+08 -3.78014e+08 -2.90995e+08 -4.00572e+08 -4.00973e+08 -3.30885e+08 -4.11126e+08 -2.98905e+08 -3.24104e+08 -2.718e+08 -2.43266e+08 -3.3193e+08 -2.56022e+08 -2.53953e+08 -2.42719e+08 -2.9459e+08 -2.25772e+08 -2.91595e+08 -1.94489e+08 -2.44629e+08 -3.13496e+08 -2.24079e+08 -2.46017e+08 -2.77489e+08 -2.70614e+08 -2.56609e+08 -2.45809e+08 -3.34334e+08 -2.32275e+08 -2.78164e+08 -3.0953e+08 -3.24334e+08 -3.46508e+08 -3.02579e+08 -3.31305e+08 -2.85891e+08 -2.87128e+08 -2.63599e+08 -2.67896e+08 -3.28751e+08 -1.385e+08 
-1.41996e+09 -3.29282e+09 -8.41574e+09 -7.38306e+09 -1.15579e+10 -7.81961e+09 -1.3101e+10 -1.125e+10 -1.39907e+10 -1.37407e+10 -1.52984e+10 -1.8217e+10 -1.33346e+10 -2.21463e+10 -1.4983e+10 -2.3354e+10 -2.39876e+10 -2.38153e+10 -2.80602e+10 -2.92553e+10 -2.92862e+10 -3.03135e+10 -3.03187e+10 -3.20911e+10 -3.47867e+10 -3.47726e+10 -3.50115e+10 -3.47991e+10 -3.25723e+10 -3.1051e+10 -3.09523e+10 -3.15471e+10 -3.04448e+10 -2.83897e+10 -2.57567e+10 -2.40645e+10 -2.1005e+10 -1.85562e+10 -1.56136e+10 -1.39401e+10 -1.16322e+10 -9.36852e+09 -7.45161e+09 -5.69753e+09 -4.17766e+09 -3.30304e+09 -2.37577e+09 -1.98014e+09 -1.30862e+09 -1.05401e+09 -9.05245e+08 -5.87669e+08 -5.67292e+08 -4.10538e+08 -4.17362e+08 -4.43806e+08 -3.60254e+08 -3.24721e+08 -3.74154e+08 -3.67254e+08 -3.44774e+08 -2.68959e+08 -3.59719e+08 -3.08582e+08 -3.35426e+08 -3.92705e+08 -3.5455e+08 -3.72905e+08 -3.55991e+08 -3.20912e+08 -2.92737e+08 -2.63715e+08 -2.95167e+08 -3.08688e+08 -2.50881e+08 -2.42913e+08 -2.68237e+08 -2.59773e+08 -2.58585e+08 -2.32351e+08 -2.18473e+08 -2.70823e+08 -2.8122e+08 -1.98482e+08 -3.00996e+08 -2.5933e+08 -3.27527e+08 -2.31477e+08 -2.55577e+08 -2.87807e+08 -2.626e+08 -2.84652e+08 -3.39753e+08 -2.79928e+08 -3.36575e+08 -2.84416e+08 -3.52824e+08 -2.64608e+08 -2.86657e+08 -9.49902e+07 
-1.56209e+09 -5.60161e+09 -7.03941e+09 -9.58475e+09 -8.25863e+09 -1.12159e+10 -1.00499e+10 -1.35652e+10 -1.17288e+10 -1.62463e+10 -1.22727e+10 -1.85935e+10 -1.46424e+10 -1.84809e+10 -2.25384e+10 -1.74131e+10 -2.63122e+10 -2.31032e+10 -2.69159e+10 -2.87416e+10 -3.13642e+10 -2.97912e+10 -3.06524e+10 -3.17204e+10 -3.45164e+10 -3.38691e+10 -3.59595e+10 -3.56897e+10 -3.16543e+10 -3.09376e+10 -3.12672e+10 -3.31279e+10 -2.89896e+10 -2.75605e+10 -2.66811e+10 -2.4859e+10 -2.11893e+10 -1.86712e+10 -1.59631e+10 -1.35335e+10 -1.10216e+10 -9.40712e+09 -7.65849e+09 -5.61934e+09 -4.01788e+09 -3.33777e+09 -2.53054e+09 -1.85404e+09 -1.39168e+09 -9.63399e+08 -8.45073e+08 -7.22541e+08 -5.43009e+08 -4.90336e+08 -3.733e+08 -3.50565e+08 -3.61871e+08 -3.74515e+08 -3.45887e+08 -2.69708e+08 -3.72556e+08 -3.3696e+08 -3.62993e+08 -2.36176e+08 -3.24867e+08 -3.35414e+08 -2.96738e+08 -3.67497e+08 -3.51912e+08 -3.6268e+08 -3.84649e+08 -3.02761e+08 -3.24798e+08 -2.96077e+08 -2.80648e+08 -3.09942e+08 -2.83214e+08 -2.50767e+08 -2.29177e+08 -3.08934e+08 -2.21314e+08 -2.86876e+08 -1.92414e+08 -2.33253e+08 -2.81356e+08 -2.77704e+08 -2.20353e+08 -3.30463e+08 -2.55491e+08 -2.5915e+08 -2.63705e+08 -2.87242e+08 -2.55437e+08 -2.78449e+08 -2.65909e+08 -3.40632e+08 -3.02204e+08 -2.90159e+08 -3.10394e+08 -1.78017e+08 
-2.1814e+09 -4.96144e+09 -6.78239e+09 -9.62824e+09 -8.55212e+09 -1.12128e+10 -9.68294e+09 -1.33386e+10 -1.22926e+10 -1.47707e+10 -1.38828e+10 -1.46682e+10 -2.10827e+10 -1.36633e+10 -2.30281e+10 -2.08015e+10 -2.20435e+10 -2.62159e+10 -2.58652e+10 -2.84212e+10 -3.11964e+10 -3.0198e+10 -3.01947e+10 -3.12987e+10 -3.4253e+10 -3.53908e+10 -3.4587e+10 -3.45082e+10 -3.24843e+10 -3.14121e+10 -3.15559e+10 -3.19286e+10 -3.02457e+10 -2.82695e+10 -2.58535e+10 -2.42711e+10 -2.21961e+10 -1.93133e+10 -1.60406e+10 -1.29835e+10 -1.07083e+10 -9.46797e+09 -7.20342e+09 -5.74581e+09 -4.31654e+09 -3.15386e+09 -2.61974e+09 -1.76407e+09 -1.44818e+09 -9.71839e+08 -7.6161e+08 -6.91346e+08 -5.65586e+08 -5.32233e+08 -4.30656e+08 -4.15619e+08 -3.03117e+08 -3.15877e+08 -3.37921e+08 -3.06236e+08 -3.48687e+08 -2.36906e+08 -3.66685e+08 -3.01816e+08 -3.49785e+08 -2.96422e+08 -2.70063e+08 -3.09422e+08 -3.1849e+08 -3.30935e+08 -3.37904e+08 -3.45095e+08 -3.73906e+08 -3.512e+08 -3.12179e+08 -3.05386e+08 -3.23114e+08 -2.98128e+08 -2.92968e+08 -2.74638e+08 -2.47036e+08 -2.59891e+08 -2.67158e+08 -2.61004e+08 -2.35894e+08 -2.53166e+08 -2.27018e+08 -2.99015e+08 -2.24453e+08 -2.59654e+08 -3.17491e+08 -2.75582e+08 -2.23084e+08 -2.69747e+08 -2.71089e+08 -2.75897e+08 -2.68293e+08 -3.19423e+08 -2.94331e+08 -1.72482e+08 
-1.86711e+09 -4.24439e+09 -7.89218e+09 -8.4079e+09 -1.02586e+10 -8.99241e+09 -1.2122e+10 -1.09718e+10 -1.3714e+10 -1.20644e+10 -1.79423e+10 -1.16475e+10 -1.96393e+10 -1.97547e+10 -1.65545e+10 -2.3695e+10 -2.22982e+10 -2.55866e+10 -2.74723e+10 -2.88439e+10 -2.91673e+10 -2.98472e+10 -3.03125e+10 -3.07881e+10 -3.47095e+10 -3.59136e+10 -3.40734e+10 -3.3563e+10 -3.25456e+10 -3.19629e+10 -3.11208e+10 -3.15164e+10 -3.1708e+10 -2.88143e+10 -2.57248e+10 -2.37076e+10 -2.25092e+10 -1.92566e+10 -1.60462e+10 -1.34429e+10 -1.09338e+10 -8.60508e+09 -7.00159e+09 -5.78401e+09 -4.62658e+09 -3.25676e+09 -2.53539e+09 -1.63947e+09 -1.50302e+09 -9.66232e+08 -7.69809e+08 -6.24943e+08 -5.71992e+08 -4.62925e+08 -4.83278e+08 -4.2089e+08 -3.90767e+08 -3.68704e+08 -2.74792e+08 -2.98274e+08 -3.25252e+08 -2.51083e+08 -3.31594e+08 -2.53582e+08 -3.2514e+08 -3.11374e+08 -3.03062e+08 -3.42432e+08 -2.31112e+08 -3.16559e+08 -3.07579e+08 -3.21637e+08 -3.56725e+08 -2.94987e+08 -3.49478e+08 -3.83876e+08 -2.96566e+08 -3.3569e+08 -3.0703e+08 -3.46764e+08 -2.96572e+08 -2.79796e+08 -2.60993e+08 -2.4756e+08 -3.12387e+08 -2.45489e+08 -2.86339e+08 -2.06147e+08 -2.55681e+08 -2.36387e+08 -2.97165e+08 -2.01959e+08 -3.15678e+08 -2.5528e+08 -2.65159e+08 -2.35295e+08 -2.90788e+08 -2.8616e+08 -2.8858e+08 -1.2872e+08 
-1.41848e+09 -4.92681e+09 -7.94479e+09 -8.10378e+09 -9.65844e+09 -1.02955e+10 -1.10991e+10 -1.07579e+10 -1.377e+10 -1.26481e+10 -1.59453e+10 -1.76342e+10 -1.20476e+10 -2.17048e+10 -1.91977e+10 -2.06538e+10 -2.48678e+10 -2.51701e+10 -2.88062e+10 -2.76922e+10 -2.87502e+10 -2.95203e+10 -2.98722e+10 -3.19223e+10 -3.34171e+10 -3.49564e+10 -3.50549e+10 -3.42836e+10 -3.18625e+10 -3.01283e+10 -3.17208e+10 -3.33927e+10 -3.06954e+10 -2.88446e+10 -2.74578e+10 -2.40518e+10 -2.17375e+10 -1.87377e+10 -1.60074e+10 -1.40819e+10 -1.12415e+10 -8.18138e+09 -6.76909e+09 -5.84644e+09 -4.63977e+09 -3.41214e+09 -2.55304e+09 -1.51285e+09 -1.50166e+09 -9.80514e+08 -7.31898e+08 -6.48864e+08 -5.42732e+08 -4.51874e+08 -4.2698e+08 -4.06818e+08 -4.07865e+08 -3.6264e+08 -3.71658e+08 -3.56899e+08 -2.69616e+08 -2.73841e+08 -3.18096e+08 -2.33651e+08 -2.89361e+08 -2.97778e+08 -2.45315e+08 -3.4655e+08 -2.81823e+08 -3.02278e+08 -3.07089e+08 -2.70615e+08 -2.91079e+08 -3.30147e+08 -3.22394e+08 -3.41694e+08 -2.89075e+08 -3.53399e+08 -3.68324e+08 -2.81151e+08 -3.30469e+08 -3.47392e+08 -3.50742e+08 -2.66889e+08 -3.07381e+08 -2.89511e+08 -2.65666e+08 -2.5362e+08 -2.69124e+08 -2.50195e+08 -2.84382e+08 -1.99315e+08 -2.45077e+08 -2.54072e+08 -2.2456e+08 -3.21387e+08 -2.62045e+08 -2.39858e+08 -3.07421e+08 -1.26496e+08 
-1.96058e+09 -5.21996e+09 -6.93598e+09 -8.8685e+09 -9.49559e+09 -9.94661e+09 -1.08232e+10 -1.16892e+10 -1.23667e+10 -1.62293e+10 -1.14055e+10 -1.85751e+10 -1.53425e+10 -1.57151e+10 -2.2715e+10 -2.08998e+10 -2.49763e+10 -2.58269e+10 -2.72991e+10 -2.90955e+10 -2.83288e+10 -2.97822e+10 -2.95371e+10 -3.18549e+10 -3.31025e+10 -3.36541e+10 -3.55692e+10 -3.43839e+10 -3.16626e+10 -2.97596e+10 -3.27169e+10 -3.27896e+10 -3.04854e+10 -2.86788e+10 -2.75306e+10 -2.51049e+10 -2.15373e+10 -1.8369e+10 -1.61548e+10 -1.38572e+10 -1.10587e+10 -9.0603e+09 -6.95918e+09 -5.43397e+09 -4.46762e+09 -3.41286e+09 -2.70291e+09 -1.56634e+09 -1.33504e+09 -1.04204e+09 -7.04109e+08 -5.92219e+08 -5.78726e+08 -4.60307e+08 -4.28123e+08 -3.54254e+08 -3.58627e+08 -3.83157e+08 -3.68021e+08 -3.14579e+08 -3.48815e+08 -3.64241e+08 -2.70728e+08 -2.64123e+08 -3.04386e+08 -2.6591e+08 -2.43121e+08 -2.67752e+08 -2.5614e+08 -3.39717e+08 -2.73621e+08 -2.8628e+08 -3.11786e+08 -2.47447e+08 -3.31615e+08 -2.82514e+08 -3.38218e+08 -3.31087e+08 -3.03315e+08 -3.22943e+08 -3.09646e+08 -3.42756e+08 -3.10277e+08 -3.30582e+08 -4.12862e+08 -3.40733e+08 -2.4961e+08 -2.91454e+08 -2.77657e+08 -3.11169e+08 -2.33943e+08 -2.97253e+08 -2.06076e+08 -2.68834e+08 -1.9777e+08 -2.57369e+08 -2.27602e+08 -3.00744e+08 -2.76271e+08 -1.55593e+08 
-1.79434e+09 -4.751e+09 -7.35101e+09 -8.66961e+09 -9.11394e+09 -1.02569e+10 -1.03206e+10 -1.33747e+10 -1.16472e+10 -1.42007e+10 -1.50512e+10 -1.31048e+10 -2.08567e+10 -1.32899e+10 -2.0888e+10 -2.39026e+10 -2.42576e+10 -2.62037e+10 -2.64881e+10 -2.96359e+10 -2.89003e+10 -3.04613e+10 -2.8732e+10 -3.06253e+10 -3.37492e+10 -3.40555e+10 -3.3876e+10 -3.34886e+10 -3.33081e+10 -3.19376e+10 -3.12277e+10 -3.11895e+10 -3.17447e+10 -2.82192e+10 -2.68183e+10 -2.51695e+10 -2.22147e+10 -1.90257e+10 -1.60794e+10 -1.31062e+10 -1.11825e+10 -9.47588e+09 -7.64509e+09 -5.31871e+09 -4.14308e+09 -3.35714e+09 -2.59197e+09 -1.81554e+09 -1.23181e+09 -1.0167e+09 -7.34555e+08 -5.71999e+08 -4.88655e+08 -5.02706e+08 -4.12291e+08 -4.05187e+08 -3.56106e+08 -3.04214e+08 -3.15854e+08 -3.66175e+08 -3.52698e+08 -2.71125e+08 -3.59766e+08 -3.23681e+08 -2.91486e+08 -2.79857e+08 -2.8377e+08 -2.87459e+08 -2.22028e+08 -2.493e+08 -2.71436e+08 -2.74126e+08 -3.19608e+08 -2.65857e+08 -2.75133e+08 -3.16286e+08 -2.65467e+08 -3.05958e+08 -3.20487e+08 -3.23059e+08 -3.25682e+08 -2.98139e+08 -3.17269e+08 -3.25397e+08 -3.08023e+08 -3.57669e+08 -3.45686e+08 -3.93662e+08 -2.90809e+08 -2.94244e+08 -3.26482e+08 -2.86357e+08 -2.53143e+08 -2.2337e+08 -2.75043e+08 -2.7765e+08 -2.08336e+08 -2.25144e+08 -2.80147e+08 -8.32769e+07 
-1.74849e+09 -5.01657e+09 -7.36898e+09 -8.0308e+09 -8.96915e+09 -1.08755e+10 -1.12918e+10 -1.15612e+10 -1.37234e+10 -1.07474e+10 -1.82593e+10 -1.15875e+10 -1.80659e+10 -2.05413e+10 -1.68457e+10 -2.27471e+10 -2.45271e+10 -2.7032e+10 -2.71756e+10 -2.85256e+10 -3.05534e+10 -2.94143e+10 -2.99248e+10 -2.84701e+10 -3.34743e+10 -3.51363e+10 -3.26889e+10 -3.34592e+10 -3.38444e+10 -3.14431e+10 -3.11546e+10 -3.19083e+10 -3.04424e+10 -2.82839e+10 -2.69007e+10 -2.4191e+10 -2.27711e+10 -1.96153e+10 -1.5962e+10 -1.31935e+10 -1.14291e+10 -9.52422e+09 -7.65223e+09 -5.78432e+09 -4.14621e+09 -3.17913e+09 -2.38358e+09 -1.89595e+09 -1.42653e+09 -8.39827e+08 -7.48822e+08 -5.98131e+08 -5.16542e+08 -3.85376e+08 -4.26753e+08 -4.11964e+08 -3.41454e+08 -3.757e+08 -3.09971e+08 -2.89611e+08 -2.81596e+08 -3.48367e+08 -3.36608e+08 -2.88391e+08 -3.24431e+08 -2.71225e+08 -3.36707e+08 -2.78615e+08 -2.73419e+08 -3.06664e+08 -2.31036e+08 -2.45753e+08 -2.24712e+08 -2.75356e+08 -3.39355e+08 -2.49156e+08 -2.7813e+08 -2.66219e+08 -2.9646e+08 -3.17162e+08 -2.84502e+08 -3.41452e+08 -3.10723e+08 -3.34323e+08 -3.30565e+08 -2.68401e+08 -3.18264e+08 -3.03236e+08 -3.3603e+08 -4.10334e+08 -4.02748e+08 -2.64142e+08 -2.94413e+08 -3.12562e+08 -2.83536e+08 -2.17142e+08 -2.90192e+08 -2.54849e+08 -2.85602e+08 -1.25425e+08 
-1.67994e+09 -4.70563e+09 -6.8736e+09 -8.44151e+09 -9.97774e+09 -9.33954e+09 -1.29092e+10 -9.59683e+09 -1.4398e+10 -1.19914e+10 -1.42754e+10 -1.90378e+10 -1.24857e+10 -2.06827e+10 -1.95475e+10 -2.07979e+10 -2.41309e+10 -2.69554e+10 -2.87105e+10 -2.92375e+10 -3.08102e+10 -2.71223e+10 -3.1138e+10 -2.93082e+10 -3.12942e+10 -3.42614e+10 -3.53667e+10 -3.43652e+10 -3.25563e+10 -3.07542e+10 -3.1179e+10 -3.1937e+10 -2.99448e+10 -2.85877e+10 -2.66672e+10 -2.44894e+10 -2.18635e+10 -1.95582e+10 -1.61249e+10 -1.39828e+10 -1.18656e+10 -9.39297e+09 -7.48072e+09 -6.00373e+09 -4.32163e+09 -3.18251e+09 -2.33447e+09 -1.85346e+09 -1.32301e+09 -1.03651e+09 -6.54429e+08 -5.65836e+08 -4.94845e+08 -5.06412e+08 -3.349e+08 -3.63505e+08 -3.68024e+08 -3.43585e+08 -3.07663e+08 -3.60198e+08 -2.79541e+08 -2.96609e+08 -2.68463e+08 -2.98504e+08 -3.31974e+08 -3.18225e+08 -2.53971e+08 -3.11939e+08 -3.04393e+08 -2.78191e+08 -3.133e+08 -2.66868e+08 -2.81569e+08 -2.28479e+08 -2.35044e+08 -2.52022e+08 -2.88835e+08 -2.95669e+08 -2.54733e+08 -2.69614e+08 -2.924e+08 -2.85256e+08 -3.17929e+08 -3.28161e+08 -3.26537e+08 -3.10528e+08 -3.39799e+08 -3.07628e+08 -2.27983e+08 -3.24918e+08 -3.66065e+08 -3.43672e+08 -4.06687e+08 -3.32648e+08 -2.6263e+08 -3.10092e+08 -3.25311e+08 -2.92758e+08 -2.26724e+08 -1.75513e+08 
-1.61574e+09 -4.82257e+09 -7.29246e+09 -8.41826e+09 -9.75197e+09 -9.58703e+09 -1.11436e+10 -1.24806e+10 -1.14309e+10 -1.6662e+10 -1.04483e+10 -1.84635e+10 -1.69528e+10 -1.54745e+10 -2.12796e+10 -2.15912e+10 -2.40479e+10 -2.60277e+10 -2.96357e+10 -2.85054e+10 -3.142e+10 -2.89672e+10 -2.84708e+10 -2.93397e+10 -3.16246e+10 -3.41229e+10 -3.64292e+10 -3.55003e+10 -3.16422e+10 -3.00013e+10 -3.04822e+10 -3.1342e+10 -3.09143e+10 -2.79371e+10 -2.60775e+10 -2.50966e+10 -2.14259e+10 -1.87462e+10 -1.66866e+10 -1.45172e+10 -1.19e+10 -9.61916e+09 -7.65776e+09 -5.6993e+09 -4.61192e+09 -3.23731e+09 -2.37681e+09 -1.85923e+09 -1.26331e+09 -9.9375e+08 -7.75564e+08 -5.54735e+08 -4.19423e+08 -4.61188e+08 -3.96847e+08 -3.9401e+08 -3.06093e+08 -3.27949e+08 -3.30088e+08 -3.03711e+08 -2.77714e+08 -3.51281e+08 -2.87515e+08 -2.6616e+08 -2.83221e+08 -2.56256e+08 -3.4228e+08 -3.07129e+08 -2.52211e+08 -3.35023e+08 -2.15525e+08 -3.2853e+08 -2.81564e+08 -3.02159e+08 -2.87778e+08 -2.32851e+08 -2.69282e+08 -2.05841e+08 -2.75079e+08 -3.10146e+08 -2.28031e+08 -2.80714e+08 -2.67562e+08 -3.20417e+08 -3.23995e+08 -2.9166e+08 -3.27084e+08 -3.25188e+08 -2.75571e+08 -3.92035e+08 -2.49415e+08 -2.74066e+08 -3.06543e+08 -3.51905e+08 -3.58157e+08 -3.68269e+08 -3.1212e+08 -3.06793e+08 -3.35247e+08 -1.80811e+08 
-1.92933e+09 -4.88915e+09 -6.92948e+09 -8.72278e+09 -8.51848e+09 -1.12568e+10 -9.06382e+09 -1.47849e+10 -1.0667e+10 -1.53083e+10 -1.55117e+10 -1.17989e+10 -1.94194e+10 -1.65992e+10 -2.00082e+10 -2.20912e+10 -2.52376e+10 -2.48351e+10 -2.82897e+10 -2.97785e+10 -3.03297e+10 -3.11734e+10 -2.71744e+10 -2.93155e+10 -3.15733e+10 -3.57644e+10 -3.50727e+10 -3.55369e+10 -3.28651e+10 -2.93058e+10 -2.96413e+10 -3.11944e+10 -3.04849e+10 -2.8249e+10 -2.60415e+10 -2.42542e+10 -2.19169e+10 -1.88957e+10 -1.69753e+10 -1.43386e+10 -1.18866e+10 -9.712e+09 -7.87335e+09 -5.78348e+09 -4.68638e+09 -3.33971e+09 -2.40703e+09 -1.83441e+09 -1.38995e+09 -9.25857e+08 -7.35825e+08 -5.763e+08 -5.70941e+08 -3.20262e+08 -3.96527e+08 -3.56526e+08 -3.54256e+08 -3.45272e+08 -2.93801e+08 -2.98859e+08 -3.12749e+08 -2.69518e+08 -2.6851e+08 -3.26526e+08 -3.06068e+08 -2.47251e+08 -2.88629e+08 -2.56315e+08 -3.1879e+08 -2.84541e+08 -3.0328e+08 -2.47963e+08 -2.95533e+08 -2.52549e+08 -2.94237e+08 -3.27475e+08 -2.62078e+08 -2.83078e+08 -2.44908e+08 -2.40299e+08 -2.41595e+08 -2.84778e+08 -2.88457e+08 -2.37728e+08 -2.87279e+08 -2.79986e+08 -3.14132e+08 -2.85007e+08 -3.4511e+08 -3.1199e+08 -3.14533e+08 -3.3521e+08 -3.44392e+08 -1.99725e+08 -2.68193e+08 -3.64733e+08 -3.08508e+08 -3.96068e+08 -3.38697e+08 -1.67585e+08 
-1.62771e+09 -4.44379e+09 -6.39003e+09 -9.17825e+09 -8.16802e+09 -1.11781e+10 -1.07393e+10 -1.20177e+10 -1.52337e+10 -1.05631e+10 -1.67984e+10 -1.33214e+10 -1.65575e+10 -1.93262e+10 -2.02805e+10 -2.10649e+10 -2.54797e+10 -2.50075e+10 -2.65013e+10 -3.1849e+10 -2.78907e+10 -3.05695e+10 -2.98267e+10 -3.12467e+10 -3.10377e+10 -3.48337e+10 -3.49772e+10 -3.45795e+10 -3.3365e+10 -3.0869e+10 -2.9584e+10 -2.98117e+10 -2.95425e+10 -2.89384e+10 -2.63665e+10 -2.30923e+10 -2.19577e+10 -1.99237e+10 -1.68122e+10 -1.38776e+10 -1.18574e+10 -9.78524e+09 -7.91904e+09 -6.03304e+09 -4.60925e+09 -3.62918e+09 -2.4415e+09 -1.83191e+09 -1.23023e+09 -1.16613e+09 -7.08021e+08 -5.86313e+08 -4.6808e+08 -4.8959e+08 -3.97125e+08 -3.004e+08 -3.32844e+08 -3.17994e+08 -3.1503e+08 -3.2981e+08 -2.94395e+08 -2.67003e+08 -3.15744e+08 -2.37829e+08 -2.75509e+08 -2.72595e+08 -3.37117e+08 -2.57884e+08 -2.63873e+08 -2.89113e+08 -2.62111e+08 -3.11123e+08 -2.82485e+08 -2.53945e+08 -3.20226e+08 -1.97087e+08 -3.01663e+08 -2.92014e+08 -3.15851e+08 -2.64209e+08 -2.50849e+08 -2.9763e+08 -2.22554e+08 -2.7243e+08 -2.85934e+08 -2.24477e+08 -2.82673e+08 -2.51544e+08 -3.07122e+08 -3.39487e+08 -2.73459e+08 -3.72617e+08 -3.1766e+08 -2.59205e+08 -3.58817e+08 -2.67273e+08 -2.5895e+08 -2.64299e+08 -4.09389e+08 -1.1443e+08 
-1.45484e+09 -3.84392e+09 -7.06773e+09 -7.91093e+09 -1.02947e+10 -9.44828e+09 -1.32578e+10 -9.33404e+09 -1.50319e+10 -1.23612e+10 -1.38626e+10 -1.71745e+10 -1.52051e+10 -1.94492e+10 -2.0093e+10 -2.26572e+10 -2.24319e+10 -2.75132e+10 -2.49833e+10 -2.94031e+10 -2.91519e+10 -3.18733e+10 -3.03629e+10 -3.15682e+10 -3.30366e+10 -3.30373e+10 -3.36302e+10 -3.51208e+10 -3.2476e+10 -3.23255e+10 -2.9621e+10 -2.9181e+10 -2.93141e+10 -2.87069e+10 -2.59933e+10 -2.43426e+10 -2.11561e+10 -2.00853e+10 -1.65126e+10 -1.41817e+10 -1.17014e+10 -9.40616e+09 -8.08225e+09 -6.11923e+09 -4.6075e+09 -3.79484e+09 -2.49346e+09 -1.92116e+09 -1.29467e+09 -8.87317e+08 -9.79129e+08 -6.36406e+08 -4.58848e+08 -5.0268e+08 -3.3239e+08 -4.38414e+08 -3.24146e+08 -3.13294e+08 -2.79113e+08 -3.00847e+08 -2.76264e+08 -3.22704e+08 -3.04825e+08 -2.53963e+08 -3.07233e+08 -2.42096e+08 -2.50841e+08 -2.49646e+08 -3.38544e+08 -2.71555e+08 -2.52478e+08 -2.93e+08 -2.78362e+08 -2.9352e+08 -2.50835e+08 -3.01787e+08 -2.48979e+08 -2.75619e+08 -2.28343e+08 -2.9583e+08 -3.23681e+08 -2.73848e+08 -2.80143e+08 -2.61276e+08 -2.8817e+08 -2.4888e+08 -2.60938e+08 -2.48784e+08 -2.36551e+08 -2.95306e+08 -2.46748e+08 -3.54252e+08 -3.0798e+08 -3.14877e+08 -3.05204e+08 -3.33532e+08 -2.5822e+08 -3.5238e+08 -2.47973e+08 -1.7509e+08 
-1.29766e+09 -3.95469e+09 -7.81539e+09 -7.44105e+09 -1.10057e+10 -9.57862e+09 -1.14169e+10 -1.19948e+10 -1.05876e+10 -1.63636e+10 -1.21884e+10 -1.835e+10 -1.54779e+10 -1.97989e+10 -1.84869e+10 -2.46778e+10 -2.12604e+10 -2.66552e+10 -2.54788e+10 -2.75468e+10 -3.16634e+10 -3.21511e+10 -3.06808e+10 -3.09847e+10 -3.41368e+10 -3.32066e+10 -3.25219e+10 -3.52572e+10 -3.2766e+10 -3.04853e+10 -2.99983e+10 -3.10809e+10 -2.90795e+10 -2.79319e+10 -2.56419e+10 -2.51381e+10 -2.16154e+10 -1.8695e+10 -1.63882e+10 -1.44611e+10 -1.16361e+10 -9.33464e+09 -7.90948e+09 -6.2571e+09 -4.56313e+09 -3.64671e+09 -2.75402e+09 -1.83115e+09 -1.5265e+09 -9.57385e+08 -7.16317e+08 -7.69361e+08 -5.76508e+08 -4.71029e+08 -3.94655e+08 -4.36639e+08 -2.83119e+08 -3.7263e+08 -3.24867e+08 -3.07449e+08 -2.57707e+08 -2.71498e+08 -2.79435e+08 -3.03656e+08 -2.86991e+08 -2.81137e+08 -2.81239e+08 -2.69751e+08 -2.1596e+08 -2.82736e+08 -2.65027e+08 -3.07992e+08 -2.53387e+08 -2.87403e+08 -2.8094e+08 -2.80847e+08 -2.75231e+08 -2.60993e+08 -2.62616e+08 -2.93631e+08 -2.14047e+08 -2.8507e+08 -2.94768e+08 -3.14156e+08 -2.65191e+08 -2.58826e+08 -3.01444e+08 -2.48637e+08 -2.89041e+08 -2.3767e+08 -2.22431e+08 -2.84941e+08 -2.84575e+08 -2.70748e+08 -3.4408e+08 -2.84186e+08 -3.29079e+08 -3.09117e+08 -2.89482e+08 -1.82893e+08 
-1.32269e+09 -5.31e+09 -6.62807e+09 -9.57296e+09 -8.4527e+09 -1.16925e+10 -8.32622e+09 -1.41698e+10 -9.156e+09 -1.65201e+10 -1.48289e+10 -1.62492e+10 -1.72055e+10 -1.87116e+10 -1.93366e+10 -2.30029e+10 -2.32819e+10 -2.3359e+10 -2.77356e+10 -2.7866e+10 -3.16392e+10 -2.99847e+10 -3.31744e+10 -3.10064e+10 -3.24097e+10 -3.49494e+10 -3.30607e+10 -3.38549e+10 -3.32024e+10 -3.0481e+10 -2.95173e+10 -3.07434e+10 -2.90722e+10 -2.88978e+10 -2.6401e+10 -2.39024e+10 -2.20126e+10 -1.82584e+10 -1.61135e+10 -1.4291e+10 -1.15351e+10 -9.65477e+09 -7.68195e+09 -6.20432e+09 -4.6094e+09 -3.48148e+09 -2.62043e+09 -2.12699e+09 -1.43713e+09 -1.1059e+09 -8.1285e+08 -6.17263e+08 -5.64691e+08 -6.07499e+08 -3.93419e+08 -4.15693e+08 -3.64001e+08 -4.09137e+08 -2.6403e+08 -3.18014e+08 -3.23078e+08 -3.14973e+08 -2.5367e+08 -2.52858e+08 -2.88438e+08 -2.71854e+08 -2.75165e+08 -3.2609e+08 -2.30985e+08 -3.024e+08 -2.32208e+08 -2.58614e+08 -2.28714e+08 -3.28351e+08 -2.56305e+08 -2.62819e+08 -3.08604e+08 -2.74282e+08 -2.76069e+08 -2.35582e+08 -3.1501e+08 -2.47273e+08 -2.50265e+08 -2.45496e+08 -2.85607e+08 -3.18501e+08 -2.66691e+08 -2.62272e+08 -2.77266e+08 -2.97437e+08 -2.78732e+08 -2.59447e+08 -2.31124e+08 -2.41559e+08 -2.91937e+08 -2.5072e+08 -3.32023e+08 -2.97485e+08 -3.17687e+08 -1.4717e+08 
-2.09277e+09 -5.11309e+09 -6.7236e+09 -9.21559e+09 -7.5824e+09 -1.13835e+10 -8.96171e+09 -1.28857e+10 -1.38572e+10 -1.14357e+10 -1.78365e+10 -1.46362e+10 -1.88968e+10 -1.78872e+10 -2.10493e+10 -2.00786e+10 -2.43133e+10 -2.33785e+10 -2.97919e+10 -2.67865e+10 -3.00601e+10 -3.05662e+10 -3.27969e+10 -3.23997e+10 -3.15152e+10 -3.43216e+10 -3.53002e+10 -3.2219e+10 -3.24233e+10 -3.29796e+10 -2.94013e+10 -2.81399e+10 -3.01391e+10 -2.87859e+10 -2.74524e+10 -2.37643e+10 -2.06212e+10 -1.92481e+10 -1.59125e+10 -1.35332e+10 -1.19378e+10 -9.35206e+09 -7.7782e+09 -6.10737e+09 -4.58706e+09 -3.50203e+09 -2.45647e+09 -2.13733e+09 -1.51329e+09 -1.11311e+09 -8.47856e+08 -6.89162e+08 -6.03736e+08 -4.69967e+08 -4.64738e+08 -4.62287e+08 -3.55402e+08 -3.76386e+08 -3.5886e+08 -3.79802e+08 -2.74653e+08 -2.93304e+08 -3.13565e+08 -2.857e+08 -3.09569e+08 -2.28922e+08 -2.67776e+08 -2.75532e+08 -2.70689e+08 -3.13181e+08 -2.49799e+08 -3.01808e+08 -2.47715e+08 -2.29859e+08 -2.75405e+08 -2.58594e+08 -2.68074e+08 -2.63206e+08 -3.16614e+08 -2.79878e+08 -2.93731e+08 -2.5133e+08 -2.55857e+08 -2.67321e+08 -2.84202e+08 -2.12319e+08 -2.70089e+08 -2.88008e+08 -3.0309e+08 -2.5381e+08 -2.65522e+08 -3.05486e+08 -2.87387e+08 -2.97866e+08 -2.14341e+08 -2.23396e+08 -2.87058e+08 -2.88983e+08 -2.59786e+08 -1.55647e+08 
-1.69917e+09 -4.02735e+09 -7.31177e+09 -7.52093e+09 -9.01696e+09 -9.1282e+09 -1.32219e+10 -9.28669e+09 -1.64787e+10 -1.05004e+10 -1.6791e+10 -1.60483e+10 -1.81569e+10 -1.8546e+10 -2.13316e+10 -1.94989e+10 -2.48602e+10 -2.54948e+10 -2.78049e+10 -2.62293e+10 -2.84124e+10 -3.32408e+10 -3.19235e+10 -3.16157e+10 -3.20589e+10 -3.452e+10 -3.44405e+10 -3.28558e+10 -3.39577e+10 -3.18994e+10 -3.03774e+10 -2.83551e+10 -2.87741e+10 -2.90951e+10 -2.67714e+10 -2.44171e+10 -2.10715e+10 -1.84518e+10 -1.64863e+10 -1.37193e+10 -1.13205e+10 -9.42568e+09 -7.7711e+09 -5.78272e+09 -4.74263e+09 -3.33604e+09 -2.67005e+09 -1.9537e+09 -1.52335e+09 -1.1157e+09 -8.75939e+08 -6.82721e+08 -5.88361e+08 -5.4842e+08 -4.80171e+08 -3.9054e+08 -4.07993e+08 -3.87567e+08 -3.46494e+08 -3.21367e+08 -3.75159e+08 -3.45554e+08 -3.20845e+08 -2.76567e+08 -2.85881e+08 -2.81666e+08 -3.26527e+08 -2.35212e+08 -2.67195e+08 -2.78182e+08 -2.62746e+08 -2.70418e+08 -3.16952e+08 -2.38684e+08 -2.91106e+08 -2.42851e+08 -2.81878e+08 -2.04265e+08 -2.96485e+08 -2.64477e+08 -2.98341e+08 -3.12725e+08 -2.67108e+08 -2.67977e+08 -2.44239e+08 -2.90402e+08 -2.39597e+08 -2.36215e+08 -2.74548e+08 -2.54448e+08 -2.96279e+08 -2.64089e+08 -2.67259e+08 -2.86511e+08 -3.08769e+08 -3.07756e+08 -2.57072e+08 -2.1296e+08 -2.53566e+08 -1.26897e+08 
-1.36876e+09 -3.62583e+09 -7.68414e+09 -6.74007e+09 -1.02003e+10 -8.75311e+09 -1.33965e+10 -9.96688e+09 -1.46226e+10 -1.46114e+10 -1.27e+10 -1.74295e+10 -1.78669e+10 -1.84927e+10 -2.12946e+10 -2.21773e+10 -2.40932e+10 -2.57013e+10 -2.49852e+10 -2.88649e+10 -2.77186e+10 -3.16564e+10 -3.37163e+10 -3.0586e+10 -3.22795e+10 -3.31126e+10 -3.40804e+10 -3.49091e+10 -3.63381e+10 -2.99233e+10 -2.97848e+10 -2.96171e+10 -2.82283e+10 -2.86202e+10 -2.64609e+10 -2.41192e+10 -2.14977e+10 -1.86194e+10 -1.62355e+10 -1.41574e+10 -1.09775e+10 -9.4701e+09 -7.64608e+09 -5.5668e+09 -4.6229e+09 -3.42884e+09 -2.62426e+09 -2.04094e+09 -1.41963e+09 -1.13082e+09 -8.23709e+08 -7.51701e+08 -5.43677e+08 -5.08922e+08 -4.70195e+08 -4.92084e+08 -4.10134e+08 -3.40471e+08 -3.77915e+08 -3.55489e+08 -3.08034e+08 -3.24022e+08 -3.55088e+08 -3.30328e+08 -3.49821e+08 -2.83701e+08 -2.77931e+08 -2.86798e+08 -2.94341e+08 -2.94794e+08 -2.43643e+08 -2.73791e+08 -2.74386e+08 -2.46063e+08 -3.32345e+08 -2.34945e+08 -2.99678e+08 -2.47481e+08 -2.67427e+08 -2.65246e+08 -2.54301e+08 -2.35983e+08 -2.99248e+08 -3.37322e+08 -2.73321e+08 -2.58958e+08 -2.47942e+08 -2.66969e+08 -2.5528e+08 -2.6694e+08 -2.12308e+08 -2.80648e+08 -2.77288e+08 -2.58525e+08 -2.75438e+08 -2.71874e+08 -3.23241e+08 -2.87977e+08 -3.24511e+08 -1.2024e+08 
-1.22251e+09 -4.56721e+09 -6.86667e+09 -8.13555e+09 -8.69123e+09 -1.09673e+10 -1.07712e+10 -1.45761e+10 -9.94408e+09 -1.63653e+10 -1.378e+10 -1.52216e+10 -1.80716e+10 -1.9311e+10 -2.20256e+10 -2.33789e+10 -2.28603e+10 -2.53551e+10 -2.51259e+10 -2.81411e+10 -2.97435e+10 -2.9509e+10 -3.42011e+10 -3.04431e+10 -3.11898e+10 -3.16856e+10 -3.68021e+10 -3.60302e+10 -3.54951e+10 -3.25179e+10 -2.76614e+10 -2.8482e+10 -2.93685e+10 -2.79383e+10 -2.68657e+10 -2.40487e+10 -2.07986e+10 -1.90485e+10 -1.60848e+10 -1.39534e+10 -1.13451e+10 -9.47515e+09 -7.36694e+09 -5.66957e+09 -4.4551e+09 -3.26752e+09 -2.71373e+09 -2.0245e+09 -1.52635e+09 -9.6582e+08 -8.57024e+08 -6.41863e+08 -6.68252e+08 -4.65789e+08 -4.52938e+08 -4.38415e+08 -3.88192e+08 -4.34906e+08 -4.13099e+08 -3.04699e+08 -3.33913e+08 -3.8037e+08 -2.40212e+08 -3.62138e+08 -3.18895e+08 -3.19894e+08 -3.38462e+08 -3.20151e+08 -3.09458e+08 -2.54317e+08 -2.98185e+08 -2.92196e+08 -2.62755e+08 -2.87403e+08 -2.66607e+08 -2.70494e+08 -2.60127e+08 -2.99655e+08 -2.54954e+08 -2.95166e+08 -2.66907e+08 -2.86904e+08 -2.00179e+08 -2.84016e+08 -2.61586e+08 -3.2648e+08 -2.87073e+08 -2.84609e+08 -2.28049e+08 -2.62681e+08 -2.64581e+08 -2.3376e+08 -2.40478e+08 -2.8115e+08 -2.57747e+08 -2.82476e+08 -2.38446e+08 -2.82113e+08 -2.82037e+08 -2.03243e+08 
-1.93615e+09 -4.77452e+09 -5.96125e+09 -9.55083e+09 -7.54549e+09 -1.21371e+10 -1.0025e+10 -1.44757e+10 -1.13491e+10 -1.38135e+10 -1.62191e+10 -1.37504e+10 -1.77109e+10 -2.09245e+10 -2.17099e+10 -2.30096e+10 -2.30319e+10 -2.56301e+10 -2.68541e+10 -2.53188e+10 -2.99385e+10 -2.99629e+10 -3.3247e+10 -3.00833e+10 -3.04294e+10 -3.32773e+10 -3.69126e+10 -3.65665e+10 -3.39162e+10 -3.24121e+10 -2.993e+10 -2.85525e+10 -2.83041e+10 -2.80625e+10 -2.63394e+10 -2.4276e+10 -2.10903e+10 -1.88784e+10 -1.56265e+10 -1.37985e+10 -1.15657e+10 -9.51009e+09 -7.18385e+09 -5.90384e+09 -4.43473e+09 -3.14628e+09 -2.54977e+09 -2.15254e+09 -1.37332e+09 -1.05102e+09 -8.23091e+08 -6.56372e+08 -5.74931e+08 -4.47142e+08 -5.53421e+08 -3.95781e+08 -3.88346e+08 -4.01198e+08 -3.22437e+08 -4.17596e+08 -3.87815e+08 -3.06034e+08 -3.12066e+08 -3.50761e+08 -2.86762e+08 -2.93185e+08 -3.52254e+08 -3.12026e+08 -2.97191e+08 -3.49e+08 -3.25328e+08 -2.84385e+08 -2.68108e+08 -3.0492e+08 -2.6915e+08 -2.87634e+08 -2.77061e+08 -2.82368e+08 -2.50811e+08 -3.15429e+08 -2.38127e+08 -2.93328e+08 -2.58688e+08 -3.29362e+08 -2.11951e+08 -2.68816e+08 -2.17998e+08 -3.55121e+08 -2.94565e+08 -2.5621e+08 -2.61005e+08 -2.28035e+08 -2.81152e+08 -2.34608e+08 -2.5756e+08 -2.56649e+08 -2.89401e+08 -2.54263e+08 -2.37039e+08 -9.26836e+07 
-1.52965e+09 -3.75268e+09 -6.95301e+09 -8.35471e+09 -9.51368e+09 -9.96322e+09 -1.21078e+10 -1.18599e+10 -1.47705e+10 -1.07823e+10 -1.5973e+10 -1.67781e+10 -1.62916e+10 -2.12022e+10 -2.02902e+10 -2.28782e+10 -2.51346e+10 -2.52258e+10 -2.65994e+10 -2.60408e+10 -2.82693e+10 -3.08254e+10 -3.093e+10 -3.20572e+10 -3.05679e+10 -3.49352e+10 -3.42103e+10 -3.6672e+10 -3.44007e+10 -3.13715e+10 -3.05775e+10 -3.04535e+10 -2.81468e+10 -2.85171e+10 -2.52612e+10 -2.38681e+10 -2.16233e+10 -1.83895e+10 -1.59805e+10 -1.32943e+10 -1.13458e+10 -9.28297e+09 -7.59431e+09 -5.77894e+09 -4.61032e+09 -3.23655e+09 -2.4242e+09 -1.98966e+09 -1.39913e+09 -9.97286e+08 -7.89596e+08 -7.02518e+08 -5.96301e+08 -4.4997e+08 -4.64826e+08 -3.78251e+08 -4.80052e+08 -3.7442e+08 -3.44032e+08 -3.93263e+08 -2.85778e+08 -3.73423e+08 -3.55962e+08 -3.36132e+08 -3.15411e+08 -2.91685e+08 -3.59321e+08 -2.19957e+08 -3.72737e+08 -3.3527e+08 -2.68657e+08 -3.07283e+08 -3.4696e+08 -3.53327e+08 -2.5855e+08 -2.86357e+08 -2.95372e+08 -2.60424e+08 -3.27297e+08 -2.65836e+08 -2.91383e+08 -2.40325e+08 -2.82262e+08 -2.7642e+08 -2.85369e+08 -2.91817e+08 -2.81886e+08 -2.27071e+08 -2.63387e+08 -2.80974e+08 -3.15187e+08 -2.55593e+08 -2.75805e+08 -2.32506e+08 -2.6711e+08 -2.7052e+08 -2.37064e+08 -2.58342e+08 -3.03411e+08 -1.61927e+08 
-1.18767e+09 -3.92239e+09 -8.0119e+09 -7.34721e+09 -1.03688e+10 -8.79802e+09 -1.31402e+10 -1.10949e+10 -1.36755e+10 -1.36027e+10 -1.35038e+10 -1.89341e+10 -1.60331e+10 -1.93e+10 -2.13263e+10 -2.2343e+10 -2.53919e+10 -2.55074e+10 -2.56259e+10 -2.82725e+10 -2.70482e+10 -3.07958e+10 -2.96466e+10 -3.5129e+10 -3.02185e+10 -3.36698e+10 -3.44925e+10 -3.41574e+10 -3.47796e+10 -3.40523e+10 -2.89767e+10 -3.01267e+10 -2.9753e+10 -2.84004e+10 -2.62642e+10 -2.32011e+10 -2.05334e+10 -1.88045e+10 -1.6189e+10 -1.28718e+10 -1.10699e+10 -8.92615e+09 -7.97596e+09 -5.71021e+09 -4.57437e+09 -3.56535e+09 -2.48084e+09 -1.77451e+09 -1.26476e+09 -1.06515e+09 -7.59847e+08 -6.05216e+08 -6.13059e+08 -5.42336e+08 -4.35395e+08 -3.98972e+08 -4.0425e+08 -3.23886e+08 -4.50315e+08 -3.60612e+08 -3.26838e+08 -3.73596e+08 -2.93569e+08 -3.02079e+08 -3.46478e+08 -3.3576e+08 -3.20838e+08 -3.09647e+08 -3.13706e+08 -2.92826e+08 -2.81909e+08 -3.70497e+08 -3.14668e+08 -2.43866e+08 -3.26925e+08 -3.72505e+08 -3.26668e+08 -2.63046e+08 -3.18696e+08 -2.75037e+08 -2.82545e+08 -2.92182e+08 -2.98607e+08 -2.67619e+08 -2.6934e+08 -2.46429e+08 -2.94194e+08 -2.94683e+08 -3.24883e+08 -2.0006e+08 -2.92051e+08 -2.18176e+08 -3.61252e+08 -2.58506e+08 -2.36856e+08 -2.99766e+08 -2.31693e+08 -2.81172e+08 -2.28184e+08 -1.59208e+08 
-1.60806e+09 -5.06916e+09 -6.85034e+09 -8.51057e+09 -8.96783e+09 -1.06521e+10 -1.05002e+10 -1.3443e+10 -1.12436e+10 -1.62394e+10 -1.32883e+10 -1.65842e+10 -1.88657e+10 -1.68299e+10 -2.20354e+10 -2.23578e+10 -2.38652e+10 -2.66817e+10 -2.65485e+10 -2.80267e+10 -2.66901e+10 -3.17758e+10 -3.05632e+10 -3.36836e+10 -3.26496e+10 -3.17554e+10 -3.41468e+10 -3.39258e+10 -3.35609e+10 -3.40988e+10 -3.18657e+10 -2.9376e+10 -2.89153e+10 -2.8544e+10 -2.68885e+10 -2.35759e+10 -2.05611e+10 -1.83163e+10 -1.57649e+10 -1.29022e+10 -1.10512e+10 -8.97727e+09 -7.58982e+09 -5.81639e+09 -4.56341e+09 -3.65409e+09 -2.65447e+09 -1.725e+09 -1.23663e+09 -9.46154e+08 -8.22875e+08 -5.99679e+08 -5.26191e+08 -4.49605e+08 -5.34151e+08 -4.2114e+08 -3.87005e+08 -3.55984e+08 -3.94955e+08 -2.82931e+08 -4.1188e+08 -3.59789e+08 -3.37273e+08 -3.24723e+08 -3.30748e+08 -2.61446e+08 -3.38349e+08 -3.17228e+08 -2.87428e+08 -3.40071e+08 -2.98509e+08 -3.24797e+08 -2.73327e+08 -3.42e+08 -3.36303e+08 -2.93521e+08 -2.53677e+08 -3.49396e+08 -3.86867e+08 -3.10317e+08 -2.65617e+08 -3.0164e+08 -2.98186e+08 -2.76338e+08 -2.91379e+08 -3.12011e+08 -2.57087e+08 -2.59917e+08 -2.69942e+08 -2.86724e+08 -3.07153e+08 -2.78312e+08 -2.31975e+08 -2.84625e+08 -3.1082e+08 -2.89756e+08 -2.35253e+08 -2.80913e+08 -2.41626e+08 -1.35558e+08 
-1.75138e+09 -5.0452e+09 -6.36327e+09 -9.11913e+09 -8.25591e+09 -1.14535e+10 -8.98798e+09 -1.42678e+10 -1.25197e+10 -1.42519e+10 -1.60098e+10 -1.27664e+10 -2.04634e+10 -1.87124e+10 -1.89828e+10 -2.30567e+10 -2.3421e+10 -2.69655e+10 -2.67415e+10 -2.89597e+10 -2.75881e+10 -3.03699e+10 -3.3426e+10 -3.14044e+10 -3.3371e+10 -3.09579e+10 -3.39714e+10 -3.41012e+10 -3.38074e+10 -3.33057e+10 -3.32544e+10 -2.97808e+10 -2.85828e+10 -2.82673e+10 -2.63173e+10 -2.3912e+10 -2.17341e+10 -1.76734e+10 -1.50056e+10 -1.33233e+10 -1.10183e+10 -8.87673e+09 -7.31689e+09 -5.85456e+09 -4.63199e+09 -3.39065e+09 -2.8128e+09 -1.84345e+09 -1.23243e+09 -1.02466e+09 -7.18992e+08 -6.58581e+08 -4.51819e+08 -5.05431e+08 -3.45654e+08 -4.39077e+08 -4.38552e+08 -3.61806e+08 -3.63476e+08 -3.30175e+08 -3.83396e+08 -2.9144e+08 -3.68072e+08 -3.22121e+08 -3.79418e+08 -3.02992e+08 -3.34689e+08 -2.70991e+08 -2.82084e+08 -2.94354e+08 -3.42808e+08 -2.72807e+08 -3.30419e+08 -3.10321e+08 -3.07488e+08 -3.08151e+08 -3.52912e+08 -3.32343e+08 -2.68103e+08 -2.7258e+08 -3.71407e+08 -3.58394e+08 -3.02366e+08 -2.83313e+08 -3.10198e+08 -2.97731e+08 -2.49891e+08 -3.46168e+08 -2.71047e+08 -2.53905e+08 -2.56629e+08 -2.84265e+08 -2.85415e+08 -3.28316e+08 -2.5072e+08 -3.0932e+08 -2.56429e+08 -3.2619e+08 -2.29387e+08 -7.82e+07 
-2.05626e+09 -4.25219e+09 -7.1694e+09 -8.33266e+09 -8.99925e+09 -9.72591e+09 -1.2053e+10 -1.14374e+10 -1.4856e+10 -1.17684e+10 -1.66141e+10 -1.52512e+10 -1.64171e+10 -2.10256e+10 -1.78265e+10 -2.24752e+10 -2.40414e+10 -2.67821e+10 -2.72519e+10 -2.84874e+10 -3.0901e+10 -2.81279e+10 -3.49475e+10 -3.14705e+10 -3.16122e+10 -3.13437e+10 -3.45938e+10 -3.35849e+10 -3.42736e+10 -3.4247e+10 -3.18156e+10 -2.9605e+10 -3.01095e+10 -2.74563e+10 -2.64576e+10 -2.3853e+10 -2.07913e+10 -1.82751e+10 -1.5751e+10 -1.27166e+10 -1.11849e+10 -8.69475e+09 -7.03052e+09 -5.99146e+09 -4.62109e+09 -3.29318e+09 -2.61165e+09 -1.97269e+09 -1.38064e+09 -1.01281e+09 -8.24724e+08 -5.51677e+08 -5.95845e+08 -3.22954e+08 -4.58593e+08 -3.93083e+08 -2.7488e+08 -4.05889e+08 -3.84425e+08 -3.2495e+08 -3.50072e+08 -3.05304e+08 -3.56986e+08 -3.40649e+08 -3.13832e+08 -3.37833e+08 -3.5194e+08 -3.20041e+08 -3.03557e+08 -3.00976e+08 -2.65758e+08 -3.08462e+08 -2.69022e+08 -3.13246e+08 -3.0188e+08 -3.14214e+08 -3.32954e+08 -3.14499e+08 -3.50511e+08 -3.09319e+08 -3.18479e+08 -2.60417e+08 -3.04984e+08 -4.01671e+08 -3.13826e+08 -3.05762e+08 -2.92698e+08 -3.4288e+08 -2.50917e+08 -2.55613e+08 -3.48414e+08 -2.73555e+08 -2.30114e+08 -2.93146e+08 -2.97526e+08 -3.29432e+08 -2.79631e+08 -2.90131e+08 -2.74724e+08 -1.23999e+08 
-1.61779e+09 -4.357e+09 -7.66922e+09 -6.87034e+09 -1.06279e+10 -8.86289e+09 -1.28825e+10 -1.074e+10 -1.35955e+10 -1.40289e+10 -1.42532e+10 -1.8979e+10 -1.26229e+10 -1.93434e+10 -2.15617e+10 -2.07637e+10 -2.48383e+10 -2.60021e+10 -2.94653e+10 -2.58519e+10 -3.15497e+10 -2.96764e+10 -3.42926e+10 -3.2127e+10 -3.06849e+10 -3.16395e+10 -3.34525e+10 -3.49618e+10 -3.47935e+10 -3.41627e+10 -3.18374e+10 -2.88864e+10 -2.91114e+10 -2.82723e+10 -2.71045e+10 -2.35544e+10 -2.01023e+10 -1.86197e+10 -1.604e+10 -1.31925e+10 -1.05906e+10 -8.80122e+09 -7.16481e+09 -5.88982e+09 -4.30968e+09 -3.45875e+09 -2.40651e+09 -1.98987e+09 -1.42302e+09 -1.11575e+09 -8.19815e+08 -7.12452e+08 -4.11186e+08 -5.61927e+08 -3.22171e+08 -3.04554e+08 -4.25779e+08 -3.21532e+08 -2.55195e+08 -3.6698e+08 -3.52292e+08 -2.82128e+08 -3.3993e+08 -3.27018e+08 -3.06446e+08 -3.47887e+08 -3.3418e+08 -3.40944e+08 -2.61083e+08 -4.09256e+08 -2.66484e+08 -3.16332e+08 -2.64419e+08 -2.81989e+08 -2.79985e+08 -2.91331e+08 -2.99834e+08 -3.13796e+08 -3.22408e+08 -3.32063e+08 -3.36286e+08 -3.36135e+08 -2.95949e+08 -3.44705e+08 -2.62299e+08 -3.0774e+08 -3.76063e+08 -3.31378e+08 -2.92456e+08 -3.22503e+08 -3.12898e+08 -2.16566e+08 -3.22663e+08 -3.0489e+08 -3.05826e+08 -2.5442e+08 -2.92924e+08 -2.94428e+08 -3.23837e+08 -1.62943e+08 
-1.3694e+09 -4.35419e+09 -7.34843e+09 -7.86397e+09 -9.82279e+09 -1.08046e+10 -9.81809e+09 -1.32484e+10 -1.08324e+10 -1.6863e+10 -1.23611e+10 -1.7128e+10 -1.75181e+10 -1.45324e+10 -2.31055e+10 -2.15391e+10 -2.57551e+10 -2.48148e+10 -2.93002e+10 -2.65177e+10 -2.98402e+10 -3.26933e+10 -3.20204e+10 -3.33853e+10 -2.99234e+10 -3.22351e+10 -3.31623e+10 -3.46345e+10 -3.69313e+10 -3.2794e+10 -3.09275e+10 -2.93442e+10 -2.82341e+10 -2.88641e+10 -2.61272e+10 -2.38814e+10 -2.13678e+10 -1.81462e+10 -1.55219e+10 -1.36119e+10 -1.04653e+10 -9.02606e+09 -7.28158e+09 -5.72147e+09 -4.33903e+09 -3.22675e+09 -2.41024e+09 -1.96902e+09 -1.43933e+09 -1.04253e+09 -9.69425e+08 -6.5866e+08 -6.10945e+08 -4.11043e+08 -3.94907e+08 -4.42783e+08 -2.5649e+08 -2.95457e+08 -3.86721e+08 -2.83707e+08 -2.57721e+08 -3.26396e+08 -3.27915e+08 -2.83141e+08 -2.95865e+08 -3.25967e+08 -3.02374e+08 -3.28277e+08 -3.39645e+08 -3.46997e+08 -2.93255e+08 -3.18439e+08 -3.4796e+08 -2.5838e+08 -3.09677e+08 -2.67959e+08 -3.07076e+08 -2.40651e+08 -3.20293e+08 -2.71401e+08 -3.1385e+08 -3.35216e+08 -3.62724e+08 -3.47527e+08 -2.98773e+08 -3.04323e+08 -3.56759e+08 -2.61418e+08 -3.53568e+08 -2.90851e+08 -3.39984e+08 -3.19561e+08 -3.37311e+08 -2.74704e+08 -2.43919e+08 -3.62922e+08 -2.94827e+08 -2.59104e+08 -3.15414e+08 -1.23588e+08 
-1.51458e+09 -6.05185e+09 -5.86106e+09 -1.0344e+10 -7.14336e+09 -1.17662e+10 -9.457e+09 -1.3189e+10 -1.21555e+10 -1.35358e+10 -1.61326e+10 -1.26172e+10 -2.02543e+10 -1.56795e+10 -2.04524e+10 -2.35607e+10 -2.59392e+10 -2.56246e+10 -2.54421e+10 -3.07023e+10 -2.78644e+10 -3.37136e+10 -3.10367e+10 -3.1785e+10 -3.12772e+10 -3.26193e+10 -3.54587e+10 -3.37177e+10 -3.65316e+10 -3.31141e+10 -2.93646e+10 -2.94217e+10 -2.9611e+10 -2.77073e+10 -2.57714e+10 -2.43091e+10 -2.18036e+10 -1.85456e+10 -1.51521e+10 -1.31785e+10 -1.09713e+10 -9.12256e+09 -7.24295e+09 -5.47469e+09 -4.56361e+09 -3.27934e+09 -2.28331e+09 -1.84908e+09 -1.52501e+09 -1.07832e+09 -7.92059e+08 -8.09567e+08 -5.42575e+08 -5.27813e+08 -4.59994e+08 -3.38581e+08 -3.77852e+08 -3.66473e+08 -2.50195e+08 -2.83063e+08 -3.34529e+08 -2.80816e+08 -2.4998e+08 -3.12488e+08 -3.05405e+08 -2.80709e+08 -2.59363e+08 -3.15042e+08 -3.22349e+08 -3.07353e+08 -3.16589e+08 -3.58868e+08 -3.38635e+08 -2.33311e+08 -3.99487e+08 -2.78208e+08 -2.88072e+08 -2.91183e+08 -2.75734e+08 -2.63119e+08 -2.57711e+08 -3.16608e+08 -2.86312e+08 -3.16729e+08 -3.57282e+08 -3.78357e+08 -3.20692e+08 -2.91038e+08 -3.43018e+08 -3.30161e+08 -2.49583e+08 -3.40587e+08 -3.06062e+08 -3.49622e+08 -3.73248e+08 -3.03482e+08 -2.39846e+08 -2.81345e+08 -3.38249e+08 -1.46845e+08 
-2.05758e+09 -3.9957e+09 -7.73436e+09 -7.43196e+09 -9.77924e+09 -9.40504e+09 -1.20503e+10 -1.04022e+10 -1.4169e+10 -1.03651e+10 -1.84547e+10 -1.31359e+10 -1.64374e+10 -2.15872e+10 -1.78948e+10 -2.43693e+10 -2.3954e+10 -2.80912e+10 -2.39432e+10 -3.02664e+10 -2.93575e+10 -3.24407e+10 -3.26948e+10 -2.86269e+10 -3.20539e+10 -3.38203e+10 -3.63636e+10 -3.54548e+10 -3.41926e+10 -3.19325e+10 -3.02834e+10 -2.9393e+10 -2.93522e+10 -2.7843e+10 -2.65411e+10 -2.41218e+10 -2.10578e+10 -1.86053e+10 -1.60624e+10 -1.2696e+10 -1.13015e+10 -8.91102e+09 -7.07476e+09 -5.54949e+09 -4.51278e+09 -3.47372e+09 -2.40978e+09 -1.82672e+09 -1.28631e+09 -1.13513e+09 -8.82318e+08 -6.25482e+08 -6.56449e+08 -5.61927e+08 -3.71288e+08 -4.94315e+08 -3.73776e+08 -3.27045e+08 -3.37335e+08 -3.51546e+08 -2.36643e+08 -2.93537e+08 -2.86198e+08 -2.82899e+08 -2.36619e+08 -3.1513e+08 -2.82809e+08 -2.79475e+08 -2.47214e+08 -2.8906e+08 -3.15976e+08 -3.1362e+08 -3.25233e+08 -2.97982e+08 -3.82135e+08 -2.90568e+08 -3.00377e+08 -3.58111e+08 -2.53421e+08 -2.85914e+08 -2.67765e+08 -2.89245e+08 -2.47191e+08 -2.96503e+08 -3.10312e+08 -2.68535e+08 -3.47391e+08 -3.83907e+08 -3.63449e+08 -2.61518e+08 -3.08636e+08 -3.85508e+08 -2.90422e+08 -3.04821e+08 -2.99867e+08 -3.52318e+08 -3.44537e+08 -3.80019e+08 -2.48081e+08 -1.02237e+08 
-1.21673e+09 -4.08007e+09 -8.24361e+09 -6.69037e+09 -1.07066e+10 -8.8261e+09 -1.19175e+10 -9.43212e+09 -1.40819e+10 -1.29478e+10 -1.36062e+10 -1.91154e+10 -1.25153e+10 -2.18654e+10 -2.04386e+10 -2.28833e+10 -2.35442e+10 -2.71343e+10 -2.69287e+10 -2.70328e+10 -3.36805e+10 -2.90788e+10 -3.31404e+10 -2.80451e+10 -3.13304e+10 -3.47564e+10 -3.7646e+10 -3.74824e+10 -3.25929e+10 -2.98622e+10 -2.92583e+10 -2.96826e+10 -2.97956e+10 -2.94585e+10 -2.69643e+10 -2.28811e+10 -2.13509e+10 -1.83337e+10 -1.63344e+10 -1.35133e+10 -1.07064e+10 -8.64326e+09 -7.29255e+09 -5.62628e+09 -4.31473e+09 -3.47793e+09 -2.6604e+09 -1.91725e+09 -1.33383e+09 -9.99309e+08 -7.98218e+08 -7.25624e+08 -5.74236e+08 -5.03252e+08 -5.34049e+08 -4.04902e+08 -3.23082e+08 -4.53655e+08 -3.40952e+08 -3.58704e+08 -2.72582e+08 -3.47107e+08 -2.56628e+08 -3.03533e+08 -2.48643e+08 -2.81434e+08 -2.35178e+08 -2.9536e+08 -2.90036e+08 -2.64347e+08 -2.493e+08 -2.65889e+08 -2.95367e+08 -3.2647e+08 -3.10297e+08 -3.28214e+08 -3.19306e+08 -3.66919e+08 -2.38136e+08 -3.656e+08 -2.98467e+08 -2.30626e+08 -3.21247e+08 -2.64745e+08 -2.73251e+08 -2.41349e+08 -3.2636e+08 -2.97289e+08 -2.65744e+08 -3.711e+08 -3.81858e+08 -3.31257e+08 -2.6431e+08 -3.70797e+08 -3.8103e+08 -2.61267e+08 -3.16218e+08 -3.07037e+08 -3.43639e+08 -1.77789e+08 
-1.53808e+09 -5.65722e+09 -6.08239e+09 -9.61355e+09 -7.90048e+09 -1.00567e+10 -1.01443e+10 -1.19134e+10 -1.13383e+10 -1.65034e+10 -1.03438e+10 -1.85275e+10 -1.75425e+10 -1.74671e+10 -2.25247e+10 -2.17294e+10 -2.55829e+10 -2.28283e+10 -3.08433e+10 -2.64306e+10 -3.30453e+10 -3.02684e+10 -2.93116e+10 -3.01806e+10 -3.1435e+10 -3.50116e+10 -3.81717e+10 -3.7073e+10 -3.1951e+10 -2.98285e+10 -2.86131e+10 -2.90173e+10 -3.10796e+10 -3.02279e+10 -2.64294e+10 -2.31183e+10 -2.12237e+10 -1.84293e+10 -1.60915e+10 -1.37163e+10 -1.0516e+10 -8.80292e+09 -7.28396e+09 -5.66314e+09 -4.32921e+09 -3.43333e+09 -2.52905e+09 -2.13835e+09 -1.39608e+09 -1.04811e+09 -8.35911e+08 -6.00907e+08 -5.35603e+08 -5.56959e+08 -4.57363e+08 -4.49695e+08 -4.39543e+08 -3.55168e+08 -2.9047e+08 -4.14266e+08 -3.2106e+08 -3.78496e+08 -2.79329e+08 -2.7599e+08 -3.24968e+08 -2.81514e+08 -2.70216e+08 -2.46126e+08 -2.51812e+08 -2.535e+08 -3.29869e+08 -2.34094e+08 -2.63294e+08 -2.3885e+08 -2.96619e+08 -3.16426e+08 -3.15947e+08 -3.31469e+08 -2.75964e+08 -3.51843e+08 -3.13148e+08 -2.86751e+08 -3.44678e+08 -2.81878e+08 -2.39918e+08 -2.98953e+08 -2.76793e+08 -2.50803e+08 -2.70554e+08 -3.08276e+08 -2.90509e+08 -2.92746e+08 -4.18228e+08 -3.37332e+08 -3.17291e+08 -2.86613e+08 -4.3163e+08 -3.11095e+08 -2.91682e+08 -1.8099e+08 
-2.0371e+09 -4.29598e+09 -7.0904e+09 -7.72646e+09 -8.77131e+09 -9.76687e+09 -9.94946e+09 -1.31021e+10 -1.00043e+10 -1.50307e+10 -1.59266e+10 -1.24956e+10 -2.1329e+10 -1.56878e+10 -2.31882e+10 -2.129e+10 -2.57296e+10 -2.31362e+10 -2.96957e+10 -3.07052e+10 -2.77e+10 -3.24943e+10 -2.83304e+10 -3.11684e+10 -3.12586e+10 -3.61194e+10 -3.7198e+10 -3.53403e+10 -3.16879e+10 -2.95536e+10 -3.10493e+10 -3.08716e+10 -2.9951e+10 -2.80532e+10 -2.71129e+10 -2.46461e+10 -2.07546e+10 -1.87145e+10 -1.56947e+10 -1.31221e+10 -1.08758e+10 -9.06186e+09 -7.11498e+09 -5.77451e+09 -4.49016e+09 -3.27091e+09 -2.61165e+09 -1.97402e+09 -1.49435e+09 -1.13488e+09 -8.47443e+08 -7.25504e+08 -5.5333e+08 -4.10581e+08 -4.49464e+08 -4.47426e+08 -4.413e+08 -3.84281e+08 -3.81696e+08 -3.62545e+08 -2.67203e+08 -3.80823e+08 -3.04666e+08 -3.49604e+08 -3.51571e+08 -2.21223e+08 -3.29269e+08 -3.02268e+08 -2.96383e+08 -2.34896e+08 -2.35882e+08 -2.50941e+08 -3.19515e+08 -2.51801e+08 -2.49869e+08 -2.47416e+08 -2.87098e+08 -2.81919e+08 -3.15348e+08 -3.12706e+08 -3.28672e+08 -2.56241e+08 -3.96588e+08 -2.72601e+08 -3.35523e+08 -2.70485e+08 -2.82876e+08 -2.58892e+08 -2.75719e+08 -2.62006e+08 -2.57823e+08 -3.02061e+08 -2.98695e+08 -2.9677e+08 -3.55097e+08 -3.75381e+08 -3.41613e+08 -2.91896e+08 -3.29512e+08 -2.29073e+08 
-1.32028e+09 -4.18963e+09 -6.62003e+09 -7.68453e+09 -8.86724e+09 -9.74163e+09 -1.05617e+10 -1.08102e+10 -1.43287e+10 -1.07582e+10 -1.831e+10 -1.28236e+10 -1.78247e+10 -1.99559e+10 -2.08153e+10 -2.22756e+10 -2.3804e+10 -2.83793e+10 -2.53225e+10 -3.09988e+10 -2.72838e+10 -3.1246e+10 -3.05566e+10 -3.14691e+10 -3.27188e+10 -3.43741e+10 -3.59072e+10 -3.33702e+10 -3.15254e+10 -3.13005e+10 -3.3397e+10 -3.2267e+10 -2.83496e+10 -2.66704e+10 -2.7194e+10 -2.45832e+10 -2.15569e+10 -1.9165e+10 -1.50386e+10 -1.3043e+10 -1.12126e+10 -8.77728e+09 -7.20302e+09 -5.83481e+09 -4.5948e+09 -3.31766e+09 -2.60253e+09 -1.94186e+09 -1.38703e+09 -1.12727e+09 -9.39901e+08 -7.86786e+08 -5.26713e+08 -6.27139e+08 -4.03262e+08 -3.45335e+08 -4.14975e+08 -3.66743e+08 -4.31604e+08 -3.74002e+08 -3.18492e+08 -3.77658e+08 -2.77178e+08 -3.188e+08 -3.58724e+08 -2.49502e+08 -3.90922e+08 -2.97643e+08 -2.28736e+08 -3.46908e+08 -3.3056e+08 -2.29879e+08 -2.34589e+08 -2.55005e+08 -3.02847e+08 -2.83958e+08 -2.19217e+08 -2.58654e+08 -2.44908e+08 -2.98413e+08 -2.90901e+08 -3.10636e+08 -3.49711e+08 -2.79516e+08 -2.92476e+08 -3.56011e+08 -2.97842e+08 -3.14465e+08 -2.49155e+08 -2.57433e+08 -2.66995e+08 -2.95578e+08 -2.50023e+08 -2.73242e+08 -3.22909e+08 -2.99974e+08 -2.77592e+08 -4.234e+08 -3.15255e+08 -1.68914e+08 
-1.45106e+09 -4.10714e+09 -6.0912e+09 -8.4098e+09 -8.78247e+09 -9.25299e+09 -1.12053e+10 -1.02441e+10 -1.45989e+10 -1.19587e+10 -1.42861e+10 -1.81891e+10 -1.4164e+10 -2.11946e+10 -1.93363e+10 -2.51325e+10 -2.27547e+10 -2.80819e+10 -2.55637e+10 -2.71388e+10 -3.08324e+10 -2.89015e+10 -3.16408e+10 -3.24819e+10 -3.4272e+10 -3.21981e+10 -3.41047e+10 -3.23819e+10 -3.3243e+10 -3.44609e+10 -3.20786e+10 -3.0835e+10 -2.97493e+10 -2.79535e+10 -2.55392e+10 -2.38257e+10 -2.20043e+10 -1.86017e+10 -1.59688e+10 -1.3393e+10 -1.06946e+10 -8.64643e+09 -7.60281e+09 -5.54706e+09 -4.68078e+09 -3.30979e+09 -2.65033e+09 -1.99855e+09 -1.40924e+09 -1.07043e+09 -8.3367e+08 -7.60393e+08 -7.39081e+08 -5.03242e+08 -4.83731e+08 -5.40774e+08 -3.6626e+08 -3.19286e+08 -3.75522e+08 -3.34822e+08 -3.91485e+08 -3.9482e+08 -2.89343e+08 -3.40313e+08 -3.25529e+08 -2.69269e+08 -3.98634e+08 -2.19278e+08 -3.38894e+08 -3.62877e+08 -2.41493e+08 -2.94326e+08 -3.5647e+08 -2.89166e+08 -2.38649e+08 -2.3122e+08 -2.99008e+08 -2.81701e+08 -2.35729e+08 -2.29969e+08 -2.37443e+08 -2.95411e+08 -2.98225e+08 -3.13831e+08 -2.92035e+08 -3.64324e+08 -2.3905e+08 -3.38473e+08 -2.95117e+08 -3.20998e+08 -2.48315e+08 -2.91185e+08 -2.58432e+08 -2.60066e+08 -2.98352e+08 -2.52678e+08 -3.00014e+08 -2.91907e+08 -3.31591e+08 -7.67452e+07 
-1.30534e+09 -4.15479e+09 -6.73575e+09 -7.33583e+09 -9.5442e+09 -8.93087e+09 -1.09226e+10 -1.2314e+10 -1.09871e+10 -1.55816e+10 -1.10828e+10 -1.89185e+10 -1.6308e+10 -1.8844e+10 -2.06551e+10 -2.47542e+10 -2.39646e+10 -2.42776e+10 -2.87223e+10 -2.4353e+10 -3.17517e+10 -2.98069e+10 -3.12499e+10 -3.2569e+10 -3.35804e+10 -3.28395e+10 -3.26871e+10 -3.41717e+10 -3.40834e+10 -3.31225e+10 -3.18498e+10 -3.1233e+10 -3.06071e+10 -2.79909e+10 -2.58224e+10 -2.35382e+10 -2.10708e+10 -1.79589e+10 -1.70938e+10 -1.33751e+10 -1.09487e+10 -8.7782e+09 -7.38246e+09 -5.59403e+09 -4.44694e+09 -3.43439e+09 -2.62201e+09 -2.09145e+09 -1.46145e+09 -1.07134e+09 -8.58699e+08 -7.02475e+08 -5.64208e+08 -6.01802e+08 -5.65201e+08 -4.49586e+08 -4.28072e+08 -4.68795e+08 -3.85357e+08 -3.26668e+08 -3.39357e+08 -3.59563e+08 -2.76199e+08 -4.53725e+08 -2.8721e+08 -2.88621e+08 -3.35491e+08 -3.13083e+08 -3.31861e+08 -3.229e+08 -2.18106e+08 -3.52521e+08 -3.52472e+08 -2.44462e+08 -3.46181e+08 -3.33893e+08 -2.51281e+08 -2.17734e+08 -2.8392e+08 -3.22374e+08 -2.05351e+08 -2.30295e+08 -2.80602e+08 -2.40031e+08 -3.03059e+08 -3.03298e+08 -2.96716e+08 -3.44936e+08 -2.84746e+08 -2.51948e+08 -3.34839e+08 -3.08843e+08 -3.00468e+08 -2.25291e+08 -3.05417e+08 -2.60665e+08 -2.50476e+08 -2.8947e+08 -2.78562e+08 -1.24694e+08 
-1.6209e+09 -4.12718e+09 -6.17698e+09 -8.40689e+09 -7.95186e+09 -1.14378e+10 -8.72821e+09 -1.33182e+10 -1.01258e+10 -1.47668e+10 -1.48098e+10 -1.47363e+10 -1.87251e+10 -1.86145e+10 -2.18093e+10 -2.14086e+10 -2.61182e+10 -2.22237e+10 -2.89912e+10 -2.71606e+10 -2.82594e+10 -3.06643e+10 -3.18179e+10 -3.214e+10 -3.25627e+10 -3.25591e+10 -3.50828e+10 -3.63631e+10 -3.20933e+10 -3.23315e+10 -3.21774e+10 -3.18234e+10 -3.03064e+10 -2.80539e+10 -2.65071e+10 -2.3222e+10 -2.07756e+10 -1.84204e+10 -1.61353e+10 -1.3281e+10 -1.16103e+10 -9.24457e+09 -7.08285e+09 -5.64517e+09 -4.3285e+09 -3.37955e+09 -2.63682e+09 -2.03195e+09 -1.60865e+09 -1.0983e+09 -8.18482e+08 -7.11344e+08 -6.43687e+08 -4.54996e+08 -4.78935e+08 -4.94299e+08 -4.92052e+08 -4.31245e+08 -4.01581e+08 -4.05251e+08 -3.71023e+08 -3.81103e+08 -3.1289e+08 -3.58913e+08 -2.81591e+08 -3.58987e+08 -3.6937e+08 -2.66442e+08 -3.17726e+08 -3.28564e+08 -2.9211e+08 -3.94477e+08 -2.12747e+08 -3.18746e+08 -3.06207e+08 -3.40284e+08 -2.99306e+08 -3.27318e+08 -2.78428e+08 -2.66695e+08 -2.29723e+08 -3.40811e+08 -2.55517e+08 -2.21754e+08 -2.37137e+08 -2.58985e+08 -3.00876e+08 -2.68457e+08 -3.08877e+08 -2.79892e+08 -3.74395e+08 -2.42601e+08 -2.83788e+08 -3.08049e+08 -3.15874e+08 -2.56341e+08 -2.54322e+08 -2.99614e+08 -2.3998e+08 -9.59183e+07 
-1.53808e+09 -4.46377e+09 -5.8992e+09 -8.72428e+09 -8.32603e+09 -1.05178e+10 -9.39775e+09 -1.13835e+10 -1.34495e+10 -1.20032e+10 -1.67492e+10 -1.38913e+10 -1.87745e+10 -1.91813e+10 -2.11862e+10 -2.04911e+10 -2.48349e+10 -2.64479e+10 -2.47489e+10 -3.0141e+10 -2.7263e+10 -2.86267e+10 -3.26855e+10 -3.15317e+10 -3.30322e+10 -3.41315e+10 -3.56488e+10 -3.58674e+10 -3.26281e+10 -3.27176e+10 -3.27043e+10 -3.07241e+10 -2.93575e+10 -2.8815e+10 -2.59774e+10 -2.40021e+10 -2.12443e+10 -1.85926e+10 -1.51513e+10 -1.34516e+10 -1.13925e+10 -9.55018e+09 -7.47465e+09 -5.41038e+09 -4.43698e+09 -3.35901e+09 -2.53243e+09 -2.03737e+09 -1.535e+09 -1.25231e+09 -8.77221e+08 -6.18532e+08 -6.30656e+08 -5.21518e+08 -4.82015e+08 -4.0493e+08 -3.99394e+08 -4.18808e+08 -4.68877e+08 -3.7395e+08 -4.43285e+08 -3.42364e+08 -3.71785e+08 -3.71073e+08 -3.5138e+08 -3.39984e+08 -3.34483e+08 -2.76964e+08 -3.8268e+08 -2.98372e+08 -2.75891e+08 -3.23349e+08 -3.3595e+08 -3.44265e+08 -3.35256e+08 -2.27279e+08 -3.02421e+08 -3.14195e+08 -3.3498e+08 -3.13603e+08 -3.10463e+08 -2.65297e+08 -2.84043e+08 -2.88864e+08 -3.30306e+08 -1.74846e+08 -2.48051e+08 -2.67771e+08 -2.42005e+08 -3.03332e+08 -2.92858e+08 -2.84447e+08 -3.27122e+08 -3.21074e+08 -2.44833e+08 -2.88092e+08 -3.01387e+08 -2.94734e+08 -2.36757e+08 -1.68369e+08 
-1.47609e+09 -3.42046e+09 -7.78612e+09 -6.71669e+09 -9.78828e+09 -8.37454e+09 -1.21515e+10 -9.10226e+09 -1.44461e+10 -1.25817e+10 -1.5311e+10 -1.67609e+10 -1.62089e+10 -1.91411e+10 -2.02174e+10 -2.32359e+10 -2.13233e+10 -2.95535e+10 -2.43903e+10 -2.78105e+10 -3.05138e+10 -2.63957e+10 -3.0913e+10 -3.20048e+10 -3.49733e+10 -3.53811e+10 -3.49217e+10 -3.4272e+10 -3.45135e+10 -3.32487e+10 -3.29541e+10 -2.98017e+10 -2.89804e+10 -2.8045e+10 -2.63945e+10 -2.46044e+10 -2.20896e+10 -1.78789e+10 -1.55931e+10 -1.34238e+10 -1.128e+10 -9.16146e+09 -7.5559e+09 -5.62835e+09 -4.51206e+09 -3.52342e+09 -2.42725e+09 -2.03257e+09 -1.54233e+09 -1.05792e+09 -1.00428e+09 -7.51729e+08 -5.10551e+08 -5.08158e+08 -5.13102e+08 -3.96867e+08 -4.30821e+08 -3.95454e+08 -3.41804e+08 -3.85735e+08 -4.1589e+08 -3.42331e+08 -4.40272e+08 -3.50416e+08 -3.71787e+08 -3.16321e+08 -3.87677e+08 -3.51242e+08 -3.77639e+08 -2.79065e+08 -3.02046e+08 -3.51622e+08 -2.79554e+08 -3.21843e+08 -3.24409e+08 -3.30638e+08 -3.57689e+08 -2.65286e+08 -2.90418e+08 -2.40949e+08 -3.51452e+08 -3.76383e+08 -2.9066e+08 -2.70674e+08 -3.21096e+08 -2.80821e+08 -3.17029e+08 -2.25005e+08 -2.11142e+08 -2.60574e+08 -2.59876e+08 -3.03383e+08 -2.62502e+08 -3.20843e+08 -2.6031e+08 -3.56967e+08 -2.50761e+08 -2.76862e+08 -2.66554e+08 -1.29829e+08 
-1.21488e+09 -4.99461e+09 -6.43604e+09 -7.45136e+09 -9.07925e+09 -8.99345e+09 -1.11651e+10 -1.18104e+10 -1.12972e+10 -1.51051e+10 -1.39277e+10 -1.70961e+10 -1.5466e+10 -1.93256e+10 -1.92969e+10 -2.47088e+10 -2.22871e+10 -2.62177e+10 -2.88584e+10 -2.54394e+10 -2.77539e+10 -2.86751e+10 -2.89887e+10 -3.33666e+10 -3.6695e+10 -3.38905e+10 -3.64902e+10 -3.37379e+10 -3.38924e+10 -3.36814e+10 -3.33946e+10 -2.98991e+10 -2.86224e+10 -2.7116e+10 -2.73552e+10 -2.43497e+10 -2.18171e+10 -1.85685e+10 -1.62768e+10 -1.29343e+10 -1.13457e+10 -9.02487e+09 -7.33566e+09 -5.54226e+09 -4.60585e+09 -3.8233e+09 -2.49815e+09 -1.92121e+09 -1.53215e+09 -1.15117e+09 -7.56706e+08 -7.89149e+08 -6.78365e+08 -4.84329e+08 -4.00365e+08 -4.85175e+08 -4.18946e+08 -3.38533e+08 -4.05336e+08 -3.85292e+08 -3.3405e+08 -3.4854e+08 -3.48932e+08 -3.68303e+08 -3.55594e+08 -4.26169e+08 -3.22021e+08 -3.57747e+08 -3.38783e+08 -3.86173e+08 -3.48722e+08 -3.68458e+08 -2.81773e+08 -3.28444e+08 -2.97207e+08 -2.89448e+08 -3.31185e+08 -3.32636e+08 -3.50277e+08 -3.1314e+08 -2.77995e+08 -2.83855e+08 -2.77061e+08 -3.60612e+08 -3.643e+08 -2.7704e+08 -2.70422e+08 -3.30127e+08 -2.85367e+08 -3.07903e+08 -1.62763e+08 -2.67087e+08 -2.8122e+08 -2.6166e+08 -2.94716e+08 -2.81911e+08 -2.79746e+08 -3.10648e+08 -3.09477e+08 -1.30298e+08 
-1.64743e+09 -4.21326e+09 -6.35894e+09 -7.99639e+09 -7.7723e+09 -1.13276e+10 -8.97674e+09 -1.33497e+10 -1.07584e+10 -1.50065e+10 -1.39483e+10 -1.60252e+10 -1.62432e+10 -1.91955e+10 -2.0663e+10 -2.19567e+10 -2.59854e+10 -2.37576e+10 -2.67211e+10 -2.834e+10 -2.39629e+10 -3.14097e+10 -2.93323e+10 -3.28263e+10 -3.67185e+10 -3.46944e+10 -3.61026e+10 -3.43281e+10 -3.39559e+10 -3.22013e+10 -3.35697e+10 -3.05095e+10 -2.83395e+10 -2.80932e+10 -2.66561e+10 -2.38025e+10 -2.16518e+10 -1.95057e+10 -1.62589e+10 -1.30685e+10 -1.14654e+10 -8.77549e+09 -7.26775e+09 -5.50347e+09 -4.45646e+09 -3.88764e+09 -2.73075e+09 -1.95025e+09 -1.47256e+09 -1.13145e+09 -8.71735e+08 -6.19396e+08 -5.73098e+08 -6.11548e+08 -5.07784e+08 -3.91891e+08 -3.69086e+08 -4.40158e+08 -3.68895e+08 -3.26128e+08 -3.59291e+08 -3.76748e+08 -3.5435e+08 -3.30895e+08 -3.13117e+08 -3.41564e+08 -3.36596e+08 -4.11123e+08 -3.40123e+08 -3.54085e+08 -3.20255e+08 -3.9125e+08 -3.69252e+08 -3.86872e+08 -3.39122e+08 -2.85829e+08 -2.93231e+08 -2.84043e+08 -3.22145e+08 -3.34047e+08 -3.321e+08 -3.47722e+08 -3.11687e+08 -3.18652e+08 -2.39424e+08 -3.26322e+08 -3.72081e+08 -2.80221e+08 -2.63365e+08 -3.74061e+08 -2.86472e+08 -2.8903e+08 -2.41106e+08 -2.09492e+08 -2.70684e+08 -2.85238e+08 -3.07897e+08 -2.58049e+08 -3.11758e+08 -1.00722e+08 
-1.37684e+09 -4.75136e+09 -6.01202e+09 -7.93635e+09 -8.35699e+09 -1.0641e+10 -1.00758e+10 -1.18143e+10 -1.30317e+10 -1.20531e+10 -1.52321e+10 -1.48684e+10 -1.87311e+10 -1.77099e+10 -2.18376e+10 -2.15229e+10 -2.43462e+10 -2.57779e+10 -2.24842e+10 -2.92462e+10 -2.8124e+10 -2.83411e+10 -3.25662e+10 -3.04715e+10 -3.5612e+10 -3.73742e+10 -3.51136e+10 -3.38536e+10 -3.36859e+10 -3.30528e+10 -3.19764e+10 -3.08771e+10 -2.97267e+10 -2.82033e+10 -2.58994e+10 -2.38741e+10 -2.17601e+10 -1.91581e+10 -1.61914e+10 -1.3971e+10 -1.13663e+10 -8.64769e+09 -7.26061e+09 -5.72309e+09 -4.35405e+09 -3.47171e+09 -2.9514e+09 -1.97246e+09 -1.5552e+09 -1.13432e+09 -8.52001e+08 -6.70371e+08 -5.59769e+08 -4.69239e+08 -5.05649e+08 -4.48986e+08 -4.3968e+08 -3.62011e+08 -3.73459e+08 -3.76024e+08 -3.51022e+08 -3.41415e+08 -3.11809e+08 -3.51112e+08 -3.90123e+08 -3.23243e+08 -3.02825e+08 -3.12546e+08 -3.36751e+08 -3.29319e+08 -4.10624e+08 -3.00997e+08 -3.88706e+08 -3.33463e+08 -4.19048e+08 -3.50754e+08 -3.5563e+08 -3.25871e+08 -2.9189e+08 -2.74554e+08 -3.12881e+08 -3.39317e+08 -3.36643e+08 -3.48805e+08 -3.16495e+08 -3.45467e+08 -2.95335e+08 -2.52788e+08 -3.30346e+08 -3.60244e+08 -2.57329e+08 -2.56665e+08 -4.39102e+08 -2.39021e+08 -2.78911e+08 -1.93884e+08 -2.82506e+08 -2.91018e+08 -2.98204e+08 -1.70741e+08 
-1.40769e+09 -3.50549e+09 -6.9593e+09 -7.49398e+09 -9.05348e+09 -9.21195e+09 -1.19425e+10 -1.02921e+10 -1.34811e+10 -1.12817e+10 -1.55263e+10 -1.56186e+10 -1.81427e+10 -1.9678e+10 -1.9894e+10 -2.29816e+10 -2.10796e+10 -2.51317e+10 -2.65031e+10 -2.52569e+10 -3.30489e+10 -2.68653e+10 -3.05705e+10 -3.36976e+10 -3.42134e+10 -3.6137e+10 -3.65107e+10 -3.3949e+10 -3.19156e+10 -3.37138e+10 -3.28154e+10 -3.083e+10 -2.97959e+10 -2.7933e+10 -2.64426e+10 -2.41714e+10 -2.13578e+10 -1.86488e+10 -1.63644e+10 -1.39964e+10 -1.12446e+10 -9.44048e+09 -7.03114e+09 -5.79098e+09 -4.50846e+09 -3.19353e+09 -2.67819e+09 -2.21889e+09 -1.48147e+09 -1.16558e+09 -9.03394e+08 -6.7068e+08 -5.7244e+08 -4.7968e+08 -4.67954e+08 -3.90967e+08 -4.38156e+08 -3.74166e+08 -3.82419e+08 -3.5021e+08 -3.82343e+08 -3.28365e+08 -3.72511e+08 -3.05049e+08 -3.10312e+08 -3.3739e+08 -3.64999e+08 -3.50548e+08 -3.29116e+08 -2.8305e+08 -3.11967e+08 -3.19388e+08 -3.70891e+08 -3.7177e+08 -3.08515e+08 -3.75688e+08 -3.79259e+08 -3.85468e+08 -3.6092e+08 -3.33584e+08 -3.07667e+08 -3.17222e+08 -2.84219e+08 -3.28229e+08 -3.78934e+08 -2.87064e+08 -3.49818e+08 -3.13703e+08 -3.85371e+08 -2.40567e+08 -3.26866e+08 -2.81952e+08 -3.10169e+08 -2.79973e+08 -3.44126e+08 -3.48696e+08 -2.38711e+08 -2.72361e+08 -2.40969e+08 -1.38458e+08 
-1.50505e+09 -4.40225e+09 -7.19692e+09 -7.09122e+09 -9.09611e+09 -9.646e+09 -1.09964e+10 -1.04307e+10 -1.23271e+10 -1.38955e+10 -1.36605e+10 -1.76461e+10 -1.60894e+10 -2.1472e+10 -1.91662e+10 -2.03018e+10 -2.39233e+10 -2.15993e+10 -3.0131e+10 -2.58252e+10 -2.94871e+10 -3.1543e+10 -2.75018e+10 -3.58222e+10 -3.32519e+10 -3.48532e+10 -3.61761e+10 -3.48852e+10 -3.20528e+10 -3.3036e+10 -3.42022e+10 -3.09735e+10 -2.93315e+10 -2.77458e+10 -2.71286e+10 -2.42363e+10 -2.10954e+10 -1.87819e+10 -1.62208e+10 -1.33498e+10 -1.16171e+10 -9.76883e+09 -7.33794e+09 -5.71292e+09 -4.44856e+09 -3.33372e+09 -2.59786e+09 -1.95639e+09 -1.61825e+09 -1.03885e+09 -9.36612e+08 -7.49985e+08 -5.00772e+08 -5.78569e+08 -4.15053e+08 -4.02936e+08 -4.35674e+08 -3.54293e+08 -3.77575e+08 -3.55197e+08 -3.03346e+08 -3.66243e+08 -3.62215e+08 -3.35413e+08 -3.50633e+08 -3.09204e+08 -3.10726e+08 -3.39155e+08 -3.04337e+08 -3.80411e+08 -3.29464e+08 -3.0048e+08 -3.23903e+08 -3.13843e+08 -3.16762e+08 -3.62794e+08 -3.17372e+08 -3.39757e+08 -3.82391e+08 -4.21299e+08 -3.40563e+08 -3.63601e+08 -3.30444e+08 -3.09001e+08 -3.30684e+08 -3.15643e+08 -3.21845e+08 -3.44437e+08 -3.24975e+08 -3.0751e+08 -3.65029e+08 -3.48215e+08 -2.91471e+08 -2.67854e+08 -2.92866e+08 -2.71715e+08 -2.78911e+08 -4.43131e+08 -2.68414e+08 -7.98592e+07 
-1.74074e+09 -4.98893e+09 -6.03652e+09 -8.23984e+09 -8.0133e+09 -1.01446e+10 -9.62301e+09 -1.22547e+10 -1.06238e+10 -1.5991e+10 -1.31141e+10 -1.68976e+10 -1.79798e+10 -1.75506e+10 -2.21066e+10 -1.77978e+10 -2.54588e+10 -2.37118e+10 -2.55839e+10 -3.20123e+10 -2.50668e+10 -3.23742e+10 -2.95319e+10 -3.30322e+10 -3.53787e+10 -3.3952e+10 -3.41804e+10 -3.59459e+10 -3.36515e+10 -3.24379e+10 -3.33924e+10 -3.13233e+10 -2.98245e+10 -2.82173e+10 -2.61096e+10 -2.39913e+10 -2.18325e+10 -1.88466e+10 -1.57275e+10 -1.34778e+10 -1.16603e+10 -9.49412e+09 -7.75049e+09 -5.80155e+09 -4.48287e+09 -3.30302e+09 -2.7753e+09 -1.74809e+09 -1.52114e+09 -1.14427e+09 -7.68244e+08 -7.21416e+08 -6.56743e+08 -4.58627e+08 -4.63229e+08 -4.64688e+08 -3.79285e+08 -3.40281e+08 -4.25349e+08 -3.29019e+08 -3.4301e+08 -3.51347e+08 -2.69216e+08 -3.35279e+08 -3.43063e+08 -3.51627e+08 -3.40749e+08 -3.15072e+08 -3.05358e+08 -3.14324e+08 -3.55067e+08 -3.18051e+08 -3.46013e+08 -3.40554e+08 -2.95275e+08 -3.09845e+08 -3.19506e+08 -3.17682e+08 -3.33672e+08 -3.21361e+08 -3.71118e+08 -4.07569e+08 -4.06939e+08 -3.41809e+08 -3.52785e+08 -3.01873e+08 -3.32996e+08 -3.20309e+08 -3.54023e+08 -3.28241e+08 -2.8675e+08 -3.44891e+08 -3.40335e+08 -3.70263e+08 -3.07821e+08 -3.32359e+08 -2.24786e+08 -2.69324e+08 -3.08938e+08 -1.31543e+08 
-1.61141e+09 -4.33167e+09 -6.577e+09 -7.96783e+09 -7.74278e+09 -9.68337e+09 -9.50091e+09 -1.30234e+10 -1.17733e+10 -1.3882e+10 -1.63407e+10 -1.33677e+10 -1.983e+10 -1.50451e+10 -2.17998e+10 -2.24753e+10 -2.10951e+10 -2.76663e+10 -2.35908e+10 -2.97141e+10 -3.11862e+10 -2.70007e+10 -3.311e+10 -2.99434e+10 -3.63006e+10 -3.45474e+10 -3.43028e+10 -3.4478e+10 -3.51835e+10 -3.21647e+10 -3.22108e+10 -3.23975e+10 -3.04196e+10 -2.80781e+10 -2.56007e+10 -2.37283e+10 -2.24202e+10 -1.84445e+10 -1.62995e+10 -1.36417e+10 -1.1415e+10 -9.24527e+09 -7.73499e+09 -6.08318e+09 -4.72137e+09 -3.20055e+09 -2.68313e+09 -1.90099e+09 -1.40773e+09 -1.10389e+09 -7.93778e+08 -6.26761e+08 -5.5156e+08 -5.4541e+08 -5.28332e+08 -3.38958e+08 -4.42718e+08 -3.97997e+08 -3.68441e+08 -3.08919e+08 -4.07783e+08 -3.11194e+08 -3.50794e+08 -3.10081e+08 -2.87369e+08 -2.79761e+08 -3.45389e+08 -3.55836e+08 -3.15115e+08 -3.38391e+08 -2.89834e+08 -3.18613e+08 -3.73642e+08 -2.93386e+08 -3.61545e+08 -3.14503e+08 -2.97745e+08 -3.32268e+08 -3.1946e+08 -2.92236e+08 -3.33484e+08 -3.02777e+08 -3.89337e+08 -3.70872e+08 -4.30188e+08 -3.33115e+08 -3.59036e+08 -3.54915e+08 -2.72418e+08 -3.66105e+08 -3.42064e+08 -3.21783e+08 -3.49023e+08 -2.76298e+08 -3.26934e+08 -3.94082e+08 -3.34078e+08 -3.56714e+08 -2.56896e+08 -1.33299e+08 
-1.48577e+09 -4.13065e+09 -7.07178e+09 -6.85527e+09 -8.18758e+09 -9.26665e+09 -1.13366e+10 -1.11234e+10 -1.46019e+10 -1.08815e+10 -1.71728e+10 -1.34456e+10 -1.72718e+10 -2.01619e+10 -1.73518e+10 -2.47582e+10 -2.21449e+10 -2.38175e+10 -3.04239e+10 -2.34463e+10 -3.34607e+10 -2.7984e+10 -3.17641e+10 -3.0612e+10 -3.38938e+10 -3.48404e+10 -3.6541e+10 -3.41715e+10 -3.4135e+10 -3.21478e+10 -3.23054e+10 -3.34814e+10 -2.94487e+10 -2.76664e+10 -2.69569e+10 -2.34675e+10 -2.09848e+10 -1.92425e+10 -1.68005e+10 -1.35005e+10 -1.13974e+10 -9.28914e+09 -7.61709e+09 -6.04791e+09 -5.00426e+09 -3.22908e+09 -2.4606e+09 -1.97064e+09 -1.46457e+09 -1.13275e+09 -7.53564e+08 -5.86576e+08 -5.58951e+08 -4.69481e+08 -3.88751e+08 -4.99754e+08 -4.39438e+08 -3.00669e+08 -4.136e+08 -3.68622e+08 -3.33626e+08 -3.36902e+08 -3.7e+08 -3.0892e+08 -3.55278e+08 -2.85333e+08 -3.01819e+08 -2.69407e+08 -2.92668e+08 -3.5914e+08 -3.32785e+08 -2.97983e+08 -3.47611e+08 -3.07022e+08 -3.15735e+08 -3.94257e+08 -2.68414e+08 -3.28926e+08 -3.29517e+08 -2.96281e+08 -3.39819e+08 -3.27949e+08 -2.99078e+08 -3.25181e+08 -3.30192e+08 -3.90787e+08 -4.01795e+08 -3.67568e+08 -3.19351e+08 -3.61436e+08 -3.29404e+08 -3.07936e+08 -3.65333e+08 -3.71673e+08 -3.03903e+08 -3.18366e+08 -3.19107e+08 -3.19228e+08 -3.99339e+08 -1.32644e+08 
-1.24937e+09 -4.65872e+09 -6.09361e+09 -7.18498e+09 -9.04466e+09 -8.86253e+09 -1.24288e+10 -9.70184e+09 -1.4427e+10 -1.27279e+10 -1.33443e+10 -1.79378e+10 -1.40874e+10 -2.08579e+10 -1.97287e+10 -2.00169e+10 -2.74644e+10 -2.07391e+10 -3.03727e+10 -2.77232e+10 -2.7159e+10 -3.2371e+10 -2.84646e+10 -3.23089e+10 -3.30516e+10 -3.49448e+10 -3.62576e+10 -3.61216e+10 -3.18619e+10 -3.30219e+10 -3.27472e+10 -3.21685e+10 -3.07801e+10 -2.78123e+10 -2.62994e+10 -2.37632e+10 -2.08354e+10 -1.92723e+10 -1.65808e+10 -1.39458e+10 -1.14307e+10 -9.30372e+09 -7.82882e+09 -5.9111e+09 -4.80072e+09 -3.39108e+09 -2.61965e+09 -1.65831e+09 -1.65094e+09 -1.11983e+09 -8.3076e+08 -5.77269e+08 -4.59949e+08 -4.99724e+08 -3.93198e+08 -4.36069e+08 -2.99601e+08 -4.47533e+08 -3.90779e+08 -3.13871e+08 -3.4707e+08 -3.7939e+08 -2.90629e+08 -3.89174e+08 -2.79843e+08 -3.95792e+08 -2.62539e+08 -3.58629e+08 -2.58614e+08 -2.89482e+08 -2.84385e+08 -3.07834e+08 -3.7598e+08 -2.8575e+08 -3.1562e+08 -3.01083e+08 -3.57219e+08 -3.31216e+08 -3.32468e+08 -3.11588e+08 -3.09506e+08 -3.23533e+08 -3.30315e+08 -3.50654e+08 -3.10937e+08 -3.02379e+08 -3.01021e+08 -3.99791e+08 -3.81735e+08 -3.59647e+08 -3.21074e+08 -3.41351e+08 -3.69711e+08 -3.10836e+08 -3.47823e+08 -3.54889e+08 -3.69973e+08 -3.19084e+08 -3.07127e+08 -1.82081e+08 
-1.4804e+09 -3.68324e+09 -6.99773e+09 -7.394e+09 -9.05708e+09 -9.66999e+09 -1.04733e+10 -1.23775e+10 -1.08132e+10 -1.56493e+10 -1.11015e+10 -1.86695e+10 -1.70018e+10 -1.64111e+10 -2.26794e+10 -1.95e+10 -2.50485e+10 -2.80801e+10 -2.25486e+10 -3.13449e+10 -2.60456e+10 -3.20968e+10 -2.74391e+10 -3.32197e+10 -3.42083e+10 -3.53364e+10 -3.43083e+10 -3.5954e+10 -3.32079e+10 -3.22125e+10 -3.37459e+10 -3.20957e+10 -2.9523e+10 -2.85699e+10 -2.56462e+10 -2.37449e+10 -2.1761e+10 -1.90868e+10 -1.58821e+10 -1.4294e+10 -1.15694e+10 -9.437e+09 -7.89755e+09 -5.85255e+09 -4.61223e+09 -3.42349e+09 -2.86122e+09 -1.5784e+09 -1.52937e+09 -1.1915e+09 -8.18733e+08 -6.42505e+08 -5.42173e+08 -3.62188e+08 -4.25865e+08 -4.08325e+08 -3.28131e+08 -4.12903e+08 -2.5433e+08 -4.08924e+08 -3.28103e+08 -3.42228e+08 -3.14157e+08 -3.70822e+08 -2.8962e+08 -3.53143e+08 -3.19525e+08 -3.73289e+08 -2.53634e+08 -3.60811e+08 -2.76902e+08 -2.76435e+08 -3.1729e+08 -2.8655e+08 -3.14411e+08 -3.25494e+08 -2.78314e+08 -3.21157e+08 -3.04266e+08 -3.77759e+08 -3.53353e+08 -3.03853e+08 -3.05052e+08 -3.51265e+08 -2.96283e+08 -3.41929e+08 -3.69356e+08 -2.72045e+08 -3.27686e+08 -2.90179e+08 -4.25148e+08 -3.63716e+08 -3.45928e+08 -2.95579e+08 -3.34729e+08 -3.78556e+08 -3.20573e+08 -3.66239e+08 -3.79271e+08 -1.99413e+08 
-1.33382e+09 -5.38922e+09 -5.85244e+09 -9.04576e+09 -7.09755e+09 -1.14462e+10 -8.69401e+09 -1.34947e+10 -9.70631e+09 -1.50646e+10 -1.5252e+10 -1.44739e+10 -1.86635e+10 -1.77134e+10 -1.88295e+10 -2.53756e+10 -2.00337e+10 -2.94613e+10 -2.42701e+10 -2.75719e+10 -2.93117e+10 -2.88322e+10 -3.10575e+10 -3.09693e+10 -3.5595e+10 -3.53554e+10 -3.4224e+10 -3.42929e+10 -3.35718e+10 -3.28331e+10 -3.40998e+10 -3.23495e+10 -2.88067e+10 -2.76069e+10 -2.58777e+10 -2.49723e+10 -2.14906e+10 -1.89092e+10 -1.61796e+10 -1.40751e+10 -1.15423e+10 -9.81756e+09 -7.6284e+09 -5.89164e+09 -4.76536e+09 -3.22188e+09 -2.99085e+09 -1.73851e+09 -1.4208e+09 -1.06614e+09 -9.04965e+08 -6.39193e+08 -5.36648e+08 -4.87903e+08 -4.02071e+08 -3.19545e+08 -3.8562e+08 -3.62722e+08 -2.83896e+08 -4.14207e+08 -2.35034e+08 -3.55122e+08 -3.08982e+08 -3.08578e+08 -3.28054e+08 -3.49889e+08 -3.33251e+08 -2.65113e+08 -4.0396e+08 -2.71178e+08 -3.9113e+08 -2.02545e+08 -4.16832e+08 -2.39768e+08 -2.88266e+08 -3.09768e+08 -2.87739e+08 -3.28736e+08 -2.69428e+08 -2.90073e+08 -3.16486e+08 -3.7486e+08 -3.64604e+08 -3.15499e+08 -3.29702e+08 -3.07905e+08 -3.48635e+08 -2.97037e+08 -3.37698e+08 -3.43555e+08 -2.8303e+08 -3.30418e+08 -3.56754e+08 -3.99845e+08 -3.21327e+08 -2.931e+08 -3.39911e+08 -3.1589e+08 -3.82019e+08 -1.30256e+08 
-1.97828e+09 -3.87618e+09 -6.5039e+09 -8.44909e+09 -8.01234e+09 -9.89518e+09 -1.03959e+10 -1.06838e+10 -1.38861e+10 -1.25545e+10 -1.57981e+10 -1.54676e+10 -1.59319e+10 -2.0597e+10 -1.87093e+10 -2.276e+10 -2.39628e+10 -2.36973e+10 -2.93183e+10 -2.41585e+10 -3.17964e+10 -2.73637e+10 -3.19361e+10 -3.033e+10 -3.55685e+10 -3.43185e+10 -3.59989e+10 -3.43326e+10 -3.24754e+10 -3.27721e+10 -3.36773e+10 -3.25225e+10 -2.92771e+10 -2.77317e+10 -2.58852e+10 -2.49273e+10 -2.15101e+10 -1.87721e+10 -1.65622e+10 -1.40091e+10 -1.14676e+10 -9.60481e+09 -7.7061e+09 -6.03541e+09 -4.7792e+09 -3.17807e+09 -2.93316e+09 -1.99183e+09 -1.39397e+09 -1.00855e+09 -7.56112e+08 -7.47008e+08 -5.63038e+08 -4.47648e+08 -4.21381e+08 -4.35198e+08 -3.48189e+08 -3.01976e+08 -3.4398e+08 -3.56111e+08 -2.68984e+08 -3.47714e+08 -2.98689e+08 -2.77013e+08 -3.2577e+08 -2.52258e+08 -3.35047e+08 -3.38434e+08 -3.35156e+08 -2.86627e+08 -3.49143e+08 -3.25045e+08 -3.64022e+08 -2.75791e+08 -2.97032e+08 -3.23338e+08 -2.58274e+08 -3.31735e+08 -2.85871e+08 -2.73323e+08 -3.2423e+08 -2.64774e+08 -3.08766e+08 -3.36478e+08 -3.93365e+08 -3.52508e+08 -3.01928e+08 -3.06812e+08 -3.43174e+08 -3.08396e+08 -2.71852e+08 -4.1345e+08 -2.93914e+08 -3.40188e+08 -3.02471e+08 -3.99077e+08 -3.41101e+08 -3.18934e+08 -2.72247e+08 -1.58237e+08 
-1.37086e+09 -3.6977e+09 -7.94715e+09 -6.41526e+09 -1.03274e+10 -7.50209e+09 -1.20945e+10 -1.09905e+10 -1.3043e+10 -1.39938e+10 -1.3291e+10 -1.68303e+10 -1.65753e+10 -2.03841e+10 -2.01297e+10 -1.91433e+10 -2.64115e+10 -2.23816e+10 -2.81776e+10 -2.74491e+10 -3.06205e+10 -2.8792e+10 -3.01266e+10 -3.14094e+10 -3.46956e+10 -3.4833e+10 -3.52505e+10 -3.53716e+10 -3.24219e+10 -3.16388e+10 -3.3243e+10 -3.21331e+10 -2.94184e+10 -2.89877e+10 -2.66036e+10 -2.36374e+10 -2.19466e+10 -1.89268e+10 -1.66073e+10 -1.38407e+10 -1.17355e+10 -9.19915e+09 -7.79067e+09 -6.28311e+09 -4.61501e+09 -3.54678e+09 -2.6923e+09 -2.0147e+09 -1.54883e+09 -1.02843e+09 -7.06218e+08 -6.23413e+08 -5.39939e+08 -5.55441e+08 -4.20927e+08 -3.79393e+08 -3.62577e+08 -3.94574e+08 -3.36806e+08 -2.79909e+08 -3.36056e+08 -3.31311e+08 -2.89959e+08 -2.68865e+08 -3.54258e+08 -2.375e+08 -3.30983e+08 -2.44351e+08 -2.61037e+08 -3.44081e+08 -3.69292e+08 -3.02575e+08 -3.03304e+08 -3.88284e+08 -2.63843e+08 -4.01066e+08 -1.86227e+08 -3.7786e+08 -2.54534e+08 -2.99133e+08 -3.36201e+08 -2.92143e+08 -2.71679e+08 -3.02279e+08 -2.71315e+08 -3.28744e+08 -3.62537e+08 -3.76972e+08 -2.88171e+08 -3.34014e+08 -2.90632e+08 -3.84896e+08 -3.00903e+08 -2.62495e+08 -4.06046e+08 -2.91373e+08 -3.76135e+08 -3.27027e+08 -3.82308e+08 -1.80236e+08 
-1.33379e+09 -4.50413e+09 -7.11584e+09 -7.68165e+09 -8.55059e+09 -1.02577e+10 -1.00804e+10 -1.29856e+10 -1.10512e+10 -1.41709e+10 -1.44384e+10 -1.6289e+10 -1.7466e+10 -1.84145e+10 -2.09781e+10 -2.07655e+10 -2.29573e+10 -2.59955e+10 -2.47953e+10 -3.20023e+10 -2.91614e+10 -2.85891e+10 -2.95542e+10 -3.09931e+10 -3.41406e+10 -3.61016e+10 -3.4568e+10 -3.50164e+10 -3.24965e+10 -3.16337e+10 -3.18116e+10 -3.22271e+10 -3.06387e+10 -2.79859e+10 -2.70363e+10 -2.40985e+10 -2.22006e+10 -1.84628e+10 -1.69049e+10 -1.35826e+10 -1.17216e+10 -9.47423e+09 -7.69342e+09 -6.19036e+09 -4.68809e+09 -3.81575e+09 -2.73814e+09 -1.77091e+09 -1.59221e+09 -1.16744e+09 -7.3159e+08 -5.83755e+08 -5.19103e+08 -4.1383e+08 -5.34004e+08 -3.98937e+08 -3.75997e+08 -3.46839e+08 -3.22338e+08 -3.64019e+08 -3.13354e+08 -3.023e+08 -3.3076e+08 -3.01672e+08 -3.00234e+08 -2.79579e+08 -2.90575e+08 -2.8295e+08 -2.97605e+08 -2.70319e+08 -2.21601e+08 -3.08069e+08 -3.73581e+08 -3.44618e+08 -2.72956e+08 -3.51893e+08 -3.39579e+08 -3.11013e+08 -3.11476e+08 -2.26619e+08 -3.71951e+08 -2.65258e+08 -3.53443e+08 -3.03159e+08 -2.75072e+08 -3.07677e+08 -2.47784e+08 -2.81673e+08 -3.3425e+08 -3.63342e+08 -3.77368e+08 -2.78907e+08 -3.40566e+08 -3.23283e+08 -3.33832e+08 -2.76203e+08 -3.19693e+08 -3.69379e+08 -3.70464e+08 -2.11297e+08 
-1.72647e+09 -5.48286e+09 -5.7107e+09 -8.97735e+09 -8.44068e+09 -1.06117e+10 -9.97677e+09 -1.16399e+10 -1.28995e+10 -1.27939e+10 -1.62056e+10 -1.53015e+10 -1.69027e+10 -1.83951e+10 -1.97044e+10 -2.38886e+10 -1.98672e+10 -2.85835e+10 -2.5795e+10 -3.00008e+10 -2.97844e+10 -3.06011e+10 -2.73689e+10 -3.08868e+10 -3.45981e+10 -3.54865e+10 -3.50773e+10 -3.48784e+10 -3.25255e+10 -2.96503e+10 -3.20832e+10 -3.29233e+10 -3.13032e+10 -2.68972e+10 -2.71769e+10 -2.50022e+10 -2.23576e+10 -1.89026e+10 -1.60565e+10 -1.37419e+10 -1.17219e+10 -9.68916e+09 -7.63514e+09 -6.37812e+09 -4.73469e+09 -3.75762e+09 -2.82199e+09 -1.88619e+09 -1.40311e+09 -1.1333e+09 -8.85125e+08 -6.15973e+08 -4.81851e+08 -4.42209e+08 -4.55724e+08 -3.15819e+08 -4.88053e+08 -3.3957e+08 -3.37584e+08 -3.56867e+08 -2.81123e+08 -3.29088e+08 -3.20672e+08 -2.9357e+08 -3.2137e+08 -3.12686e+08 -3.03133e+08 -2.95088e+08 -2.55121e+08 -3.05171e+08 -2.58532e+08 -3.00629e+08 -2.39355e+08 -2.45176e+08 -3.34582e+08 -3.61161e+08 -3.19867e+08 -2.833e+08 -3.68607e+08 -2.91085e+08 -3.70717e+08 -2.43082e+08 -3.00682e+08 -3.13216e+08 -3.14828e+08 -3.72893e+08 -2.68518e+08 -2.34888e+08 -3.09719e+08 -2.3142e+08 -3.10394e+08 -3.72666e+08 -3.44901e+08 -3.49777e+08 -2.99667e+08 -3.06906e+08 -3.59552e+08 -3.2382e+08 -2.33663e+08 -1.9076e+08 
-1.72987e+09 -3.76125e+09 -7.55405e+09 -7.44782e+09 -1.04988e+10 -8.56768e+09 -1.09864e+10 -1.08649e+10 -1.37739e+10 -1.37714e+10 -1.41101e+10 -1.6369e+10 -1.57266e+10 -1.94494e+10 -1.79131e+10 -2.48346e+10 -2.26762e+10 -2.7013e+10 -2.69204e+10 -2.9669e+10 -2.78851e+10 -3.08292e+10 -2.99578e+10 -2.9857e+10 -3.32628e+10 -3.57555e+10 -3.553e+10 -3.33048e+10 -3.26536e+10 -2.96424e+10 -3.21163e+10 -3.21956e+10 -3.13369e+10 -2.8273e+10 -2.68264e+10 -2.4406e+10 -2.24326e+10 -1.94277e+10 -1.61431e+10 -1.36171e+10 -1.16349e+10 -9.56255e+09 -7.90597e+09 -6.5165e+09 -4.9785e+09 -3.54661e+09 -2.69696e+09 -2.12938e+09 -1.38276e+09 -1.13024e+09 -7.15978e+08 -7.40327e+08 -5.49104e+08 -4.6362e+08 -4.2299e+08 -3.53737e+08 -4.02543e+08 -2.9071e+08 -4.24713e+08 -3.40125e+08 -2.71431e+08 -3.91645e+08 -2.66471e+08 -2.91965e+08 -3.18307e+08 -2.90212e+08 -3.14046e+08 -3.4865e+08 -2.78433e+08 -2.98111e+08 -2.88377e+08 -2.57676e+08 -2.69605e+08 -3.13619e+08 -2.38047e+08 -2.29941e+08 -2.93767e+08 -3.23439e+08 -3.51529e+08 -3.11448e+08 -3.35943e+08 -3.35003e+08 -3.07477e+08 -3.40595e+08 -2.53732e+08 -3.35603e+08 -2.56502e+08 -3.6782e+08 -3.0407e+08 -2.77387e+08 -2.33951e+08 -3.08392e+08 -2.54882e+08 -3.39346e+08 -3.48405e+08 -3.41472e+08 -3.18267e+08 -3.42685e+08 -2.98028e+08 -2.45288e+08 
-1.17146e+09 -5.309e+09 -6.80048e+09 -8.35255e+09 -8.65258e+09 -9.99686e+09 -1.01457e+10 -1.28766e+10 -1.22444e+10 -1.4249e+10 -1.27306e+10 -1.66733e+10 -1.60491e+10 -1.92361e+10 -1.90899e+10 -2.3422e+10 -2.58819e+10 -2.52954e+10 -2.66949e+10 -3.01725e+10 -2.98631e+10 -2.8025e+10 -3.07463e+10 -2.99991e+10 -3.28952e+10 -3.48298e+10 -3.49539e+10 -3.37689e+10 -3.22672e+10 -3.09343e+10 -3.10365e+10 -3.12326e+10 -3.16214e+10 -2.89016e+10 -2.72112e+10 -2.39472e+10 -2.2083e+10 -1.89937e+10 -1.697e+10 -1.39937e+10 -1.1475e+10 -9.51107e+09 -7.85234e+09 -6.73222e+09 -5.05468e+09 -3.54544e+09 -2.72237e+09 -2.03877e+09 -1.43922e+09 -1.21109e+09 -8.01948e+08 -5.20159e+08 -5.94741e+08 -5.14176e+08 -4.62127e+08 -3.91655e+08 -3.71877e+08 -3.36244e+08 -3.61818e+08 -2.88053e+08 -3.68474e+08 -3.25447e+08 -2.76341e+08 -3.29992e+08 -3.3988e+08 -2.48279e+08 -2.96602e+08 -3.01173e+08 -2.95481e+08 -3.53922e+08 -3.0243e+08 -3.01204e+08 -3.16094e+08 -2.48894e+08 -2.72746e+08 -2.4104e+08 -2.97999e+08 -2.1851e+08 -2.61166e+08 -3.14428e+08 -3.17822e+08 -3.61897e+08 -3.30655e+08 -3.37e+08 -3.13437e+08 -3.42862e+08 -2.62324e+08 -2.69473e+08 -3.06211e+08 -2.98304e+08 -3.79618e+08 -2.73001e+08 -2.59161e+08 -2.7124e+08 -2.73828e+08 -2.75075e+08 -3.79965e+08 -3.21655e+08 -3.33735e+08 -1.169e+08 
-2.02631e+09 -4.71791e+09 -6.50598e+09 -8.02052e+09 -8.92337e+09 -1.04997e+10 -1.05985e+10 -1.20806e+10 -1.20109e+10 -1.36887e+10 -1.38585e+10 -1.486e+10 -1.76516e+10 -1.85458e+10 -2.3215e+10 -2.00649e+10 -2.57243e+10 -2.56023e+10 -2.86297e+10 -2.71179e+10 -3.31506e+10 -2.78347e+10 -2.90293e+10 -3.01242e+10 -3.30433e+10 -3.40429e+10 -3.31539e+10 -3.57739e+10 -3.29541e+10 -2.95105e+10 -2.9993e+10 -3.2748e+10 -3.11469e+10 -2.85401e+10 -2.67267e+10 -2.4791e+10 -2.15719e+10 -1.88936e+10 -1.7071e+10 -1.41475e+10 -1.20165e+10 -9.5984e+09 -7.8425e+09 -6.36192e+09 -5.15236e+09 -3.74368e+09 -2.758e+09 -2.04167e+09 -1.43538e+09 -1.08309e+09 -9.98231e+08 -6.22938e+08 -4.47116e+08 -4.37847e+08 -4.90043e+08 -4.26166e+08 -4.21688e+08 -3.58053e+08 -3.46156e+08 -3.27248e+08 -3.33716e+08 -3.00234e+08 -3.12802e+08 -3.10974e+08 -3.00925e+08 -2.86223e+08 -3.47333e+08 -2.78721e+08 -2.57809e+08 -2.88106e+08 -3.18874e+08 -3.10319e+08 -3.86964e+08 -2.64524e+08 -3.10881e+08 -2.87812e+08 -2.64039e+08 -2.01517e+08 -2.95896e+08 -2.454e+08 -2.46578e+08 -3.19351e+08 -2.86137e+08 -3.50128e+08 -3.72666e+08 -3.48196e+08 -2.57186e+08 -3.06067e+08 -3.28211e+08 -2.63589e+08 -3.01501e+08 -2.81762e+08 -3.52321e+08 -3.30713e+08 -2.74223e+08 -2.34513e+08 -3.05261e+08 -2.60446e+08 -3.32565e+08 -1.81383e+08 
-1.34709e+09 -4.17361e+09 -7.27746e+09 -7.28052e+09 -1.02064e+10 -9.53823e+09 -1.15814e+10 -1.06372e+10 -1.22256e+10 -1.32038e+10 -1.46737e+10 -1.46239e+10 -1.89337e+10 -1.84762e+10 -2.29912e+10 -2.12925e+10 -2.37273e+10 -2.58398e+10 -2.9975e+10 -2.87017e+10 -2.976e+10 -2.96204e+10 -2.92313e+10 -3.03829e+10 -3.05667e+10 -3.39914e+10 -3.427e+10 -3.4748e+10 -3.28981e+10 -3.09317e+10 -3.01421e+10 -3.15678e+10 -3.0386e+10 -2.96406e+10 -2.60942e+10 -2.39794e+10 -2.18983e+10 -1.95656e+10 -1.66609e+10 -1.40551e+10 -1.22026e+10 -1.01715e+10 -7.98991e+09 -5.92462e+09 -4.97525e+09 -3.89321e+09 -2.91857e+09 -2.00068e+09 -1.59573e+09 -1.04791e+09 -8.08859e+08 -8.15044e+08 -5.09032e+08 -4.94501e+08 -3.20124e+08 -4.20006e+08 -4.10009e+08 -3.65982e+08 -4.0445e+08 -3.44986e+08 -3.45438e+08 -2.90275e+08 -3.49084e+08 -2.94569e+08 -2.86696e+08 -3.13486e+08 -2.73093e+08 -2.84376e+08 -3.16773e+08 -3.31473e+08 -2.60877e+08 -2.7187e+08 -3.08231e+08 -3.32484e+08 -3.2117e+08 -3.26024e+08 -2.97982e+08 -3.01646e+08 -2.53441e+08 -2.60427e+08 -2.1045e+08 -3.0177e+08 -2.31346e+08 -3.20103e+08 -3.09643e+08 -2.6841e+08 -3.58995e+08 -3.72552e+08 -2.88771e+08 -2.60701e+08 -3.27338e+08 -2.98015e+08 -2.90978e+08 -2.95405e+08 -2.8311e+08 -3.69281e+08 -2.94555e+08 -2.93108e+08 -2.64399e+08 -1.42946e+08 
-1.68665e+09 -5.06705e+09 -6.10889e+09 -9.04393e+09 -8.89971e+09 -1.0282e+10 -9.97661e+09 -1.16352e+10 -1.19213e+10 -1.26714e+10 -1.55668e+10 -1.60948e+10 -1.81382e+10 -1.93616e+10 -2.06387e+10 -2.3793e+10 -2.31048e+10 -2.71783e+10 -2.71831e+10 -3.13338e+10 -2.76576e+10 -3.04358e+10 -2.96676e+10 -2.88495e+10 -3.09047e+10 -3.34778e+10 -3.4303e+10 -3.35496e+10 -3.35248e+10 -3.32828e+10 -2.97752e+10 -3.02377e+10 -3.00827e+10 -2.89748e+10 -2.65617e+10 -2.42978e+10 -2.14733e+10 -1.94358e+10 -1.69017e+10 -1.46164e+10 -1.17716e+10 -1.01898e+10 -8.18481e+09 -6.24093e+09 -4.69992e+09 -3.81448e+09 -2.93689e+09 -2.05049e+09 -1.6676e+09 -1.16523e+09 -8.24789e+08 -6.14322e+08 -6.72127e+08 -4.69881e+08 -4.20625e+08 -4.2732e+08 -2.99335e+08 -3.76153e+08 -4.00125e+08 -2.90527e+08 -3.81328e+08 -3.63609e+08 -3.37635e+08 -2.77649e+08 -3.67459e+08 -2.60655e+08 -2.99879e+08 -3.04415e+08 -2.42337e+08 -3.13434e+08 -2.95038e+08 -3.07398e+08 -3.35944e+08 -2.55322e+08 -2.73854e+08 -3.24863e+08 -3.28475e+08 -3.25255e+08 -2.83864e+08 -3.26268e+08 -2.70046e+08 -2.96236e+08 -1.99836e+08 -2.82883e+08 -2.56794e+08 -2.58473e+08 -3.24739e+08 -2.66558e+08 -2.97106e+08 -3.74823e+08 -3.71134e+08 -2.27169e+08 -2.98527e+08 -3.19172e+08 -2.7505e+08 -3.2149e+08 -2.73053e+08 -3.26896e+08 -3.3517e+08 -1.62276e+08 
-1.77144e+09 -4.10374e+09 -7.69492e+09 -7.65811e+09 -9.00459e+09 -9.61054e+09 -1.04373e+10 -1.13791e+10 -1.22053e+10 -1.34506e+10 -1.54907e+10 -1.70655e+10 -1.71278e+10 -1.98364e+10 -2.0325e+10 -2.39916e+10 -2.55539e+10 -2.56403e+10 -2.56158e+10 -2.92174e+10 -3.21845e+10 -2.968e+10 -2.81596e+10 -2.89444e+10 -3.16708e+10 -3.24004e+10 -3.37892e+10 -3.50888e+10 -3.36398e+10 -3.13147e+10 -3.08293e+10 -3.08391e+10 -2.96848e+10 -2.77187e+10 -2.66482e+10 -2.45838e+10 -2.18498e+10 -1.87006e+10 -1.7015e+10 -1.48669e+10 -1.2084e+10 -9.67364e+09 -8.075e+09 -6.48935e+09 -4.98459e+09 -3.69589e+09 -2.90504e+09 -2.06679e+09 -1.54426e+09 -1.27258e+09 -9.2041e+08 -6.63793e+08 -5.55385e+08 -5.07312e+08 -5.21831e+08 -3.45893e+08 -3.70799e+08 -4.31005e+08 -2.76183e+08 -3.49022e+08 -3.87344e+08 -2.56899e+08 -3.67609e+08 -3.52241e+08 -3.2501e+08 -3.09682e+08 -2.93635e+08 -3.35159e+08 -2.82449e+08 -2.81426e+08 -2.85473e+08 -2.34361e+08 -3.39452e+08 -3.1225e+08 -2.95948e+08 -3.14309e+08 -2.6083e+08 -2.7663e+08 -3.66174e+08 -3.03251e+08 -3.04826e+08 -3.13323e+08 -3.30163e+08 -2.62347e+08 -2.73493e+08 -1.96715e+08 -2.64121e+08 -2.32779e+08 -3.34019e+08 -2.90254e+08 -2.70869e+08 -3.35591e+08 -3.84989e+08 -3.03323e+08 -2.0935e+08 -3.2744e+08 -3.01594e+08 -3.12623e+08 -3.18338e+08 -1.17922e+08 
-1.70074e+09 -5.24505e+09 -6.37195e+09 -7.67492e+09 -8.90532e+09 -9.66067e+09 -1.06186e+10 -1.11203e+10 -1.33149e+10 -1.41776e+10 -1.45912e+10 -1.67651e+10 -1.76118e+10 -1.99578e+10 -2.21579e+10 -2.21731e+10 -2.60667e+10 -2.43402e+10 -2.82806e+10 -2.74956e+10 -3.03549e+10 -2.96851e+10 -3.00791e+10 -3.00665e+10 -3.04046e+10 -3.2258e+10 -3.3261e+10 -3.59246e+10 -3.36905e+10 -3.08294e+10 -3.14086e+10 -2.98238e+10 -2.96271e+10 -2.88182e+10 -2.60404e+10 -2.39808e+10 -2.22042e+10 -1.91386e+10 -1.65865e+10 -1.45623e+10 -1.19786e+10 -9.99127e+09 -7.8816e+09 -6.35897e+09 -5.14353e+09 -3.89623e+09 -2.96648e+09 -2.00926e+09 -1.46832e+09 -1.271e+09 -8.55349e+08 -8.0665e+08 -5.41764e+08 -5.86667e+08 -4.01143e+08 -4.4775e+08 -4.25904e+08 -3.19389e+08 -3.09393e+08 -4.45774e+08 -2.94009e+08 -2.96576e+08 -3.73248e+08 -2.97923e+08 -2.94556e+08 -3.32612e+08 -3.50935e+08 -3.30062e+08 -2.5347e+08 -3.73635e+08 -2.46894e+08 -3.13164e+08 -2.95778e+08 -2.38109e+08 -2.91703e+08 -3.23968e+08 -2.86321e+08 -3.05995e+08 -3.08545e+08 -2.66635e+08 -3.16259e+08 -3.6538e+08 -3.14178e+08 -3.06983e+08 -3.06136e+08 -2.74708e+08 -2.62874e+08 -2.30219e+08 -2.11641e+08 -2.78588e+08 -2.60318e+08 -3.64586e+08 -2.73858e+08 -2.6714e+08 -3.52007e+08 -3.59931e+08 -2.56775e+08 -2.51359e+08 -3.35634e+08 -1.26629e+08 
-1.47678e+09 -3.89008e+09 -6.7698e+09 -7.90339e+09 -8.54805e+09 -1.00395e+10 -1.03233e+10 -1.23916e+10 -1.30744e+10 -1.41902e+10 -1.46053e+10 -1.59134e+10 -1.90474e+10 -2.03754e+10 -2.17986e+10 -2.14421e+10 -2.48278e+10 -2.66521e+10 -2.73547e+10 -2.80406e+10 -2.63134e+10 -3.26539e+10 -2.99994e+10 -3.04538e+10 -3.05145e+10 -3.32473e+10 -3.26219e+10 -3.40332e+10 -3.50204e+10 -3.19085e+10 -2.88197e+10 -2.95815e+10 -3.07846e+10 -2.86676e+10 -2.64883e+10 -2.38773e+10 -2.18019e+10 -1.95475e+10 -1.61703e+10 -1.4493e+10 -1.17208e+10 -9.78114e+09 -8.07986e+09 -6.46867e+09 -4.95831e+09 -3.88262e+09 -3.24125e+09 -2.02489e+09 -1.54267e+09 -1.13571e+09 -9.14695e+08 -6.11784e+08 -6.79083e+08 -5.93568e+08 -3.781e+08 -5.37152e+08 -3.62188e+08 -4.00969e+08 -3.67358e+08 -3.3011e+08 -2.81109e+08 -3.93665e+08 -3.54097e+08 -2.69558e+08 -3.32321e+08 -3.31332e+08 -2.47194e+08 -3.58417e+08 -3.16679e+08 -3.41586e+08 -2.93343e+08 -2.86735e+08 -3.50499e+08 -2.74084e+08 -2.89338e+08 -2.77128e+08 -2.16263e+08 -3.49548e+08 -3.13534e+08 -2.59783e+08 -3.2987e+08 -3.11836e+08 -3.09882e+08 -3.81661e+08 -3.01665e+08 -2.76213e+08 -2.70719e+08 -3.26634e+08 -2.16953e+08 -2.88722e+08 -2.24176e+08 -2.34023e+08 -2.73998e+08 -3.42233e+08 -2.90174e+08 -2.89027e+08 -2.97589e+08 -3.49393e+08 -3.21593e+08 -1.15986e+08 
-1.50107e+09 -4.66089e+09 -6.55561e+09 -7.85889e+09 -8.66003e+09 -9.85771e+09 -1.18185e+10 -1.19062e+10 -1.27438e+10 -1.40174e+10 -1.49265e+10 -1.64136e+10 -1.90807e+10 -2.08401e+10 -2.03809e+10 -2.26016e+10 -2.35866e+10 -2.85954e+10 -2.39756e+10 -2.82439e+10 -2.80812e+10 -3.19943e+10 -3.02221e+10 -3.20327e+10 -3.06871e+10 -3.21985e+10 -3.35918e+10 -3.33898e+10 -3.38324e+10 -3.3086e+10 -2.95146e+10 -2.90078e+10 -2.88476e+10 -2.88719e+10 -2.74691e+10 -2.47869e+10 -2.14738e+10 -1.88359e+10 -1.63632e+10 -1.38565e+10 -1.17712e+10 -9.85261e+09 -7.87353e+09 -6.36052e+09 -5.24068e+09 -3.77168e+09 -3.07861e+09 -2.37055e+09 -1.53811e+09 -1.15379e+09 -8.97682e+08 -6.80503e+08 -5.03725e+08 -5.19421e+08 -5.01641e+08 -5.14321e+08 -3.06521e+08 -5.10508e+08 -3.35108e+08 -3.90665e+08 -3.28586e+08 -3.35093e+08 -2.91078e+08 -2.977e+08 -4.00329e+08 -3.2396e+08 -2.63398e+08 -3.26593e+08 -2.95179e+08 -2.86675e+08 -3.32686e+08 -3.22895e+08 -3.5958e+08 -2.54669e+08 -3.36455e+08 -2.89799e+08 -2.81534e+08 -2.82795e+08 -2.57437e+08 -2.6995e+08 -3.46747e+08 -2.95662e+08 -3.12175e+08 -3.54598e+08 -2.99677e+08 -3.06233e+08 -3.30467e+08 -2.98728e+08 -2.70004e+08 -2.59081e+08 -3.0507e+08 -2.43995e+08 -2.71202e+08 -2.14657e+08 -2.57968e+08 -2.94582e+08 -3.58316e+08 -2.97405e+08 -2.71283e+08 -1.576e+08 
-1.74912e+09 -4.21596e+09 -6.7229e+09 -7.87435e+09 -9.10678e+09 -1.0286e+10 -1.12065e+10 -1.20934e+10 -1.27872e+10 -1.40364e+10 -1.53581e+10 -1.79501e+10 -1.68863e+10 -2.05378e+10 -2.0053e+10 -2.52329e+10 -2.2239e+10 -2.50601e+10 -2.68162e+10 -2.71554e+10 -2.95423e+10 -2.95902e+10 -3.41455e+10 -3.0654e+10 -3.15441e+10 -3.12584e+10 -3.4147e+10 -3.32831e+10 -3.33022e+10 -3.25126e+10 -3.16676e+10 -2.85005e+10 -2.77069e+10 -2.85089e+10 -2.76055e+10 -2.51606e+10 -2.16671e+10 -1.88096e+10 -1.59702e+10 -1.36144e+10 -1.15999e+10 -1.00475e+10 -7.66407e+09 -6.09485e+09 -5.30344e+09 -3.93104e+09 -2.9392e+09 -2.44079e+09 -1.64907e+09 -1.13616e+09 -9.33969e+08 -7.29837e+08 -5.72645e+08 -4.31199e+08 -4.11376e+08 -4.57869e+08 -3.85181e+08 -4.75327e+08 -2.89099e+08 -4.52753e+08 -3.61165e+08 -3.73112e+08 -3.16617e+08 -3.00331e+08 -3.12719e+08 -2.97972e+08 -3.55462e+08 -3.52065e+08 -2.9534e+08 -2.79164e+08 -3.06965e+08 -2.8061e+08 -3.47468e+08 -3.22948e+08 -3.18042e+08 -3.18878e+08 -2.69198e+08 -3.12194e+08 -3.00344e+08 -2.70341e+08 -2.79603e+08 -2.50473e+08 -3.7751e+08 -3.41586e+08 -2.42397e+08 -3.29052e+08 -3.32944e+08 -3.13994e+08 -3.12033e+08 -3.08561e+08 -2.87323e+08 -2.47493e+08 -2.92791e+08 -2.42381e+08 -2.69892e+08 -2.58208e+08 -2.16064e+08 -3.26529e+08 -3.2178e+08 -1.83927e+08 
-1.25035e+09 -4.53032e+09 -7.15536e+09 -7.95275e+09 -9.54459e+09 -9.8645e+09 -1.09413e+10 -1.22474e+10 -1.29979e+10 -1.49033e+10 -1.51708e+10 -1.71349e+10 -1.65132e+10 -2.07607e+10 -2.12028e+10 -2.25022e+10 -2.50293e+10 -2.16781e+10 -2.94849e+10 -2.57138e+10 -3.00398e+10 -2.98731e+10 -3.43103e+10 -3.12184e+10 -3.16981e+10 -3.16132e+10 -3.41542e+10 -3.26717e+10 -3.36711e+10 -3.27845e+10 -3.04531e+10 -2.90823e+10 -2.92762e+10 -2.71886e+10 -2.67405e+10 -2.44479e+10 -2.22968e+10 -1.89507e+10 -1.59086e+10 -1.33992e+10 -1.17255e+10 -9.54903e+09 -7.73994e+09 -6.1668e+09 -4.84261e+09 -4.11099e+09 -3.075e+09 -2.27874e+09 -1.69062e+09 -1.27178e+09 -8.78344e+08 -7.53634e+08 -6.03023e+08 -5.47592e+08 -3.88805e+08 -3.51092e+08 -3.99407e+08 -3.92629e+08 -3.23555e+08 -4.07272e+08 -3.21098e+08 -3.71978e+08 -4.26356e+08 -3.1212e+08 -3.47936e+08 -2.93905e+08 -3.01778e+08 -3.28728e+08 -2.79878e+08 -3.70614e+08 -3.3997e+08 -2.61718e+08 -2.93803e+08 -3.24972e+08 -3.07174e+08 -3.15951e+08 -3.0651e+08 -3.49781e+08 -2.60328e+08 -3.2123e+08 -2.83219e+08 -2.96303e+08 -3.05856e+08 -2.7624e+08 -2.72391e+08 -3.60897e+08 -2.97919e+08 -2.7603e+08 -3.3912e+08 -3.39593e+08 -3.12899e+08 -2.97188e+08 -2.99794e+08 -2.94213e+08 -1.91525e+08 -3.27935e+08 -2.08589e+08 -3.10346e+08 -2.44909e+08 -9.59987e+07 
-1.66295e+09 -5.11915e+09 -6.72514e+09 -8.84367e+09 -8.78294e+09 -9.57982e+09 -1.16053e+10 -1.17792e+10 -1.44326e+10 -1.38418e+10 -1.47197e+10 -1.67524e+10 -1.81129e+10 -1.91134e+10 -2.27105e+10 -1.8845e+10 -2.71169e+10 -2.40234e+10 -2.58823e+10 -2.74789e+10 -2.92109e+10 -3.09353e+10 -3.35334e+10 -3.18713e+10 -3.21901e+10 -3.22771e+10 -3.23226e+10 -3.32783e+10 -3.42575e+10 -3.34273e+10 -3.01572e+10 -2.90222e+10 -2.91759e+10 -2.79571e+10 -2.6277e+10 -2.31027e+10 -2.22246e+10 -1.90608e+10 -1.64228e+10 -1.33156e+10 -1.15003e+10 -9.33352e+09 -7.7914e+09 -6.02534e+09 -4.81443e+09 -3.90248e+09 -3.07566e+09 -2.45279e+09 -1.49482e+09 -1.32503e+09 -9.52859e+08 -7.20541e+08 -6.5966e+08 -4.83843e+08 -5.18515e+08 -4.09415e+08 -3.52721e+08 -3.10046e+08 -3.72934e+08 -3.64251e+08 -2.93185e+08 -3.01564e+08 -4.20333e+08 -2.81184e+08 -4.19912e+08 -3.30348e+08 -3.48623e+08 -3.06e+08 -2.77418e+08 -3.15151e+08 -3.35728e+08 -2.94965e+08 -3.80107e+08 -3.12425e+08 -2.51006e+08 -3.13949e+08 -3.08471e+08 -3.24242e+08 -3.10339e+08 -2.83376e+08 -3.69585e+08 -2.7872e+08 -3.1626e+08 -3.22367e+08 -2.21023e+08 -3.02063e+08 -2.67636e+08 -3.40943e+08 -3.38137e+08 -2.64736e+08 -3.27067e+08 -3.50095e+08 -3.38917e+08 -2.85466e+08 -2.82753e+08 -3.034e+08 -2.66727e+08 -2.27671e+08 -2.83253e+08 -8.51707e+07 
-1.7313e+09 -4.41766e+09 -7.77317e+09 -7.68611e+09 -8.99863e+09 -1.01268e+10 -1.13689e+10 -1.26394e+10 -1.33096e+10 -1.35656e+10 -1.50303e+10 -1.65722e+10 -1.94216e+10 -1.69229e+10 -2.17285e+10 -2.19882e+10 -2.3493e+10 -2.78073e+10 -2.46446e+10 -2.81984e+10 -2.8146e+10 -3.17547e+10 -3.29797e+10 -3.17037e+10 -3.13421e+10 -3.26243e+10 -3.32253e+10 -3.36072e+10 -3.4564e+10 -3.37284e+10 -3.05138e+10 -2.86214e+10 -2.91763e+10 -2.81591e+10 -2.5616e+10 -2.376e+10 -2.1139e+10 -1.8699e+10 -1.68609e+10 -1.32165e+10 -1.15143e+10 -9.27401e+09 -7.6769e+09 -5.97708e+09 -4.76759e+09 -3.89359e+09 -2.92728e+09 -2.33777e+09 -1.72478e+09 -1.04793e+09 -1.09777e+09 -7.1405e+08 -6.56861e+08 -5.08747e+08 -5.07969e+08 -3.9861e+08 -4.36183e+08 -3.73701e+08 -3.17577e+08 -3.13526e+08 -3.34907e+08 -3.49568e+08 -2.89589e+08 -2.68744e+08 -3.72489e+08 -3.12617e+08 -3.38702e+08 -3.82774e+08 -3.30815e+08 -3.14328e+08 -2.92834e+08 -3.00259e+08 -3.44139e+08 -3.27179e+08 -3.07138e+08 -3.77994e+08 -2.58073e+08 -2.4325e+08 -3.49331e+08 -3.3467e+08 -3.03333e+08 -3.34537e+08 -3.16091e+08 -3.32788e+08 -2.9156e+08 -2.49346e+08 -3.15252e+08 -2.25163e+08 -3.03694e+08 -3.10241e+08 -3.52495e+08 -3.28144e+08 -2.77516e+08 -3.46099e+08 -3.3439e+08 -3.234e+08 -2.59682e+08 -3.1729e+08 -3.18332e+08 -1.44732e+08 
-1.61851e+09 -5.52044e+09 -6.17043e+09 -8.86848e+09 -8.95637e+09 -1.04809e+10 -1.14046e+10 -1.17893e+10 -1.24391e+10 -1.44414e+10 -1.60769e+10 -1.54132e+10 -1.82561e+10 -1.9106e+10 -1.78912e+10 -2.68677e+10 -2.12545e+10 -2.64918e+10 -2.78863e+10 -2.71445e+10 -2.88653e+10 -3.08624e+10 -3.28946e+10 -3.20467e+10 -2.94456e+10 -3.25605e+10 -3.52475e+10 -3.40893e+10 -3.55251e+10 -3.32134e+10 -2.9276e+10 -2.98826e+10 -2.91641e+10 -2.7636e+10 -2.58532e+10 -2.38851e+10 -2.11152e+10 -1.84562e+10 -1.62023e+10 -1.32034e+10 -1.16573e+10 -9.2816e+09 -7.37532e+09 -6.26026e+09 -4.72443e+09 -3.85645e+09 -2.71158e+09 -2.2546e+09 -1.68832e+09 -1.19707e+09 -8.6126e+08 -8.90052e+08 -5.84469e+08 -5.28348e+08 -4.69574e+08 -5.06296e+08 -3.91673e+08 -3.52079e+08 -3.74258e+08 -3.68704e+08 -2.87866e+08 -3.42518e+08 -3.01056e+08 -3.42846e+08 -2.902e+08 -2.6074e+08 -2.52805e+08 -4.13106e+08 -2.98286e+08 -3.57044e+08 -3.12387e+08 -3.68793e+08 -2.65331e+08 -3.1716e+08 -3.22751e+08 -3.69948e+08 -2.88355e+08 -3.25765e+08 -3.48424e+08 -2.2676e+08 -2.91398e+08 -3.99123e+08 -3.27804e+08 -3.14434e+08 -2.70809e+08 -3.45344e+08 -2.91104e+08 -2.7422e+08 -2.77036e+08 -2.55527e+08 -2.77383e+08 -3.22934e+08 -3.60445e+08 -3.06362e+08 -3.15963e+08 -3.11345e+08 -3.51085e+08 -3.46277e+08 -2.96407e+08 -1.0773e+08 
-1.62186e+09 -3.94671e+09 -7.4728e+09 -8.67591e+09 -9.35254e+09 -1.03452e+10 -1.03336e+10 -1.15847e+10 -1.31228e+10 -1.43937e+10 -1.63299e+10 -1.56113e+10 -1.49688e+10 -2.28478e+10 -1.77429e+10 -2.31579e+10 -2.63735e+10 -2.36668e+10 -2.8056e+10 -2.77688e+10 -2.90601e+10 -3.13e+10 -3.1456e+10 -3.10221e+10 -3.10439e+10 -3.20377e+10 -3.42931e+10 -3.71123e+10 -3.4722e+10 -3.2389e+10 -2.98662e+10 -2.8773e+10 -2.9244e+10 -2.892e+10 -2.59491e+10 -2.37389e+10 -2.13424e+10 -1.79008e+10 -1.57687e+10 -1.35021e+10 -1.10182e+10 -9.25343e+09 -7.63008e+09 -6.35683e+09 -4.63723e+09 -3.74566e+09 -2.73003e+09 -2.06812e+09 -1.63998e+09 -1.22294e+09 -9.37733e+08 -6.9671e+08 -7.06137e+08 -5.58139e+08 -3.86094e+08 -5.22813e+08 -3.55474e+08 -4.65931e+08 -3.6235e+08 -3.26957e+08 -3.35515e+08 -3.30446e+08 -3.07352e+08 -3.41592e+08 -2.95151e+08 -3.34048e+08 -2.8514e+08 -2.77937e+08 -2.52895e+08 -3.11343e+08 -3.61235e+08 -2.95011e+08 -3.41325e+08 -3.36761e+08 -3.51402e+08 -2.71279e+08 -3.057e+08 -3.5631e+08 -3.33434e+08 -2.83755e+08 -3.69064e+08 -3.36944e+08 -2.09444e+08 -3.77401e+08 -3.43511e+08 -2.91336e+08 -3.1896e+08 -2.81851e+08 -3.23903e+08 -2.98879e+08 -2.36194e+08 -3.17429e+08 -2.22713e+08 -3.12595e+08 -3.53339e+08 -3.35711e+08 -3.36718e+08 -3.18806e+08 -3.40369e+08 -1.42112e+08 
-1.36714e+09 -5.02462e+09 -7.40594e+09 -8.61969e+09 -9.28584e+09 -9.24209e+09 -1.04468e+10 -1.19866e+10 -1.3479e+10 -1.46004e+10 -1.40792e+10 -1.7736e+10 -1.51614e+10 -1.95253e+10 -2.37012e+10 -1.88568e+10 -2.63688e+10 -2.58565e+10 -2.60582e+10 -2.87099e+10 -2.90248e+10 -3.21814e+10 -3.13025e+10 -3.04332e+10 -3.06437e+10 -3.3273e+10 -3.45507e+10 -3.63719e+10 -3.53255e+10 -3.1942e+10 -2.94761e+10 -2.88613e+10 -2.98129e+10 -2.89391e+10 -2.69535e+10 -2.36289e+10 -2.10526e+10 -1.7707e+10 -1.5546e+10 -1.32842e+10 -1.09139e+10 -9.05904e+09 -7.61162e+09 -6.22217e+09 -4.71247e+09 -3.76692e+09 -2.74231e+09 -2.11515e+09 -1.43113e+09 -1.1604e+09 -9.48924e+08 -7.67529e+08 -6.06792e+08 -5.59104e+08 -4.91417e+08 -4.54271e+08 -3.19047e+08 -4.89313e+08 -3.37583e+08 -3.84216e+08 -3.70729e+08 -3.12505e+08 -3.37413e+08 -2.65843e+08 -3.3597e+08 -3.05546e+08 -3.41412e+08 -3.04373e+08 -3.10003e+08 -2.68406e+08 -2.72978e+08 -2.19464e+08 -3.80077e+08 -3.45396e+08 -3.04872e+08 -2.892e+08 -3.76029e+08 -2.9339e+08 -2.83899e+08 -3.27623e+08 -3.99606e+08 -3.22267e+08 -3.04018e+08 -3.41283e+08 -3.09556e+08 -2.02587e+08 -4.35664e+08 -2.85955e+08 -2.99705e+08 -2.97673e+08 -3.35871e+08 -2.89085e+08 -2.81549e+08 -2.57018e+08 -2.46185e+08 -2.8069e+08 -3.35683e+08 -4.00204e+08 -3.03858e+08 -1.87315e+08 
-1.39182e+09 -4.51123e+09 -7.44588e+09 -8.32844e+09 -8.66794e+09 -9.38049e+09 -1.11569e+10 -1.24341e+10 -1.19532e+10 -1.50001e+10 -1.38473e+10 -1.696e+10 -1.96125e+10 -1.47977e+10 -2.40497e+10 -2.29784e+10 -2.10721e+10 -2.79241e+10 -2.58798e+10 -2.8754e+10 -3.01389e+10 -3.15902e+10 -3.20833e+10 -3.07313e+10 -2.98683e+10 -3.37583e+10 -3.53507e+10 -3.47234e+10 -3.46985e+10 -3.10848e+10 -3.0227e+10 -3.00748e+10 -2.98104e+10 -2.89258e+10 -2.76191e+10 -2.36351e+10 -2.07064e+10 -1.8378e+10 -1.51812e+10 -1.28155e+10 -1.11655e+10 -9.08181e+09 -7.15042e+09 -5.8377e+09 -4.84947e+09 -3.8502e+09 -2.69827e+09 -2.29567e+09 -1.33633e+09 -1.12563e+09 -8.58561e+08 -7.26061e+08 -6.11805e+08 -6.28746e+08 -4.17458e+08 -4.81597e+08 -3.70074e+08 -4.28572e+08 -3.02092e+08 -4.21257e+08 -3.96798e+08 -2.67309e+08 -4.06391e+08 -2.9299e+08 -3.29006e+08 -2.90368e+08 -2.8307e+08 -3.04417e+08 -3.46502e+08 -3.1972e+08 -3.04402e+08 -2.62306e+08 -2.9121e+08 -2.7074e+08 -2.75165e+08 -3.68386e+08 -2.87826e+08 -3.29037e+08 -2.44942e+08 -4.13859e+08 -2.9416e+08 -2.97768e+08 -3.93242e+08 -3.41482e+08 -2.98858e+08 -3.08367e+08 -3.21867e+08 -2.81244e+08 -2.94753e+08 -3.82516e+08 -2.70106e+08 -3.40429e+08 -2.89246e+08 -3.32114e+08 -2.72587e+08 -2.18785e+08 -3.2518e+08 -2.1073e+08 -3.44995e+08 -1.47797e+08 
-1.92626e+09 -4.72544e+09 -7.08159e+09 -7.75239e+09 -8.89384e+09 -1.05376e+10 -1.01876e+10 -1.24979e+10 -1.17592e+10 -1.39259e+10 -1.70474e+10 -1.42518e+10 -1.94051e+10 -1.98562e+10 -1.71106e+10 -2.55425e+10 -2.20237e+10 -2.54858e+10 -2.7613e+10 -2.8133e+10 -3.19896e+10 -3.22015e+10 -2.99785e+10 -3.09501e+10 -3.22655e+10 -3.23453e+10 -3.49117e+10 -3.46105e+10 -3.33627e+10 -3.11885e+10 -3.12173e+10 -2.9902e+10 -2.97704e+10 -2.99032e+10 -2.70046e+10 -2.42643e+10 -2.11413e+10 -1.79258e+10 -1.5775e+10 -1.26073e+10 -1.1041e+10 -8.78946e+09 -7.28149e+09 -5.46831e+09 -4.66068e+09 -3.77005e+09 -2.77298e+09 -2.32984e+09 -1.59233e+09 -9.76128e+08 -8.52962e+08 -6.73537e+08 -5.86088e+08 -4.88692e+08 -5.37341e+08 -4.89785e+08 -3.65938e+08 -4.23405e+08 -2.99748e+08 -3.951e+08 -3.38272e+08 -3.53554e+08 -4.22408e+08 -2.25965e+08 -4.06088e+08 -2.71457e+08 -3.30349e+08 -3.30802e+08 -2.27303e+08 -3.06869e+08 -3.36036e+08 -3.3317e+08 -3.00651e+08 -3.06015e+08 -2.57522e+08 -3.1468e+08 -2.31171e+08 -3.29438e+08 -3.42653e+08 -2.76984e+08 -3.14336e+08 -3.05785e+08 -3.77075e+08 -3.04793e+08 -3.00805e+08 -4.0152e+08 -2.80935e+08 -3.05647e+08 -3.05834e+08 -3.39496e+08 -2.64514e+08 -3.91827e+08 -2.99788e+08 -2.71727e+08 -3.3825e+08 -3.17543e+08 -2.89856e+08 -2.77997e+08 -2.49835e+08 -1.76876e+08 
-1.73879e+09 -4.61499e+09 -6.38178e+09 -8.75218e+09 -9.12504e+09 -9.98409e+09 -1.03285e+10 -1.11985e+10 -1.38931e+10 -1.31435e+10 -1.59567e+10 -1.77379e+10 -1.55725e+10 -2.13657e+10 -1.81593e+10 -2.02552e+10 -2.65477e+10 -2.40014e+10 -2.77522e+10 -2.97643e+10 -3.10664e+10 -3.25467e+10 -3.06929e+10 -2.9365e+10 -3.28308e+10 -3.35107e+10 -3.36217e+10 -3.41037e+10 -3.4258e+10 -3.146e+10 -2.88896e+10 -3.05955e+10 -3.14062e+10 -2.90817e+10 -2.73397e+10 -2.4572e+10 -2.12826e+10 -1.81878e+10 -1.60895e+10 -1.27648e+10 -1.05219e+10 -8.71303e+09 -7.28185e+09 -5.45629e+09 -4.42762e+09 -3.47321e+09 -2.87096e+09 -2.28478e+09 -1.7871e+09 -1.0349e+09 -8.20115e+08 -6.3859e+08 -5.68106e+08 -5.02176e+08 -4.01615e+08 -4.28297e+08 -4.74759e+08 -4.22139e+08 -3.34004e+08 -4.01357e+08 -2.76809e+08 -3.27118e+08 -3.89846e+08 -2.97071e+08 -3.91391e+08 -3.12071e+08 -2.88832e+08 -3.49062e+08 -2.67161e+08 -3.46642e+08 -2.90232e+08 -2.4781e+08 -2.97884e+08 -3.61711e+08 -3.29906e+08 -2.97322e+08 -2.58875e+08 -2.9028e+08 -3.0514e+08 -2.49653e+08 -3.79802e+08 -2.94417e+08 -3.10886e+08 -2.45798e+08 -3.59079e+08 -3.29283e+08 -3.04929e+08 -3.36494e+08 -3.68834e+08 -2.59552e+08 -3.38188e+08 -2.87168e+08 -3.71134e+08 -2.85611e+08 -3.54929e+08 -2.68563e+08 -3.20874e+08 -3.18248e+08 -3.61715e+08 -1.16453e+08 
-1.36601e+09 -4.17861e+09 -7.82572e+09 -7.84921e+09 -9.569e+09 -8.98821e+09 -1.08591e+10 -1.1537e+10 -1.36159e+10 -1.4278e+10 -1.47409e+10 -1.81338e+10 -1.67258e+10 -1.64726e+10 -2.33712e+10 -1.80514e+10 -2.44891e+10 -2.68878e+10 -2.70939e+10 -3.15584e+10 -3.1273e+10 -2.961e+10 -3.14413e+10 -3.04387e+10 -3.1873e+10 -3.3562e+10 -3.40731e+10 -3.45878e+10 -3.32289e+10 -3.111e+10 -3.03404e+10 -3.02467e+10 -2.98067e+10 -2.96375e+10 -2.77524e+10 -2.46929e+10 -2.16659e+10 -1.89856e+10 -1.56978e+10 -1.27208e+10 -1.08943e+10 -8.53041e+09 -7.12922e+09 -5.4908e+09 -4.27047e+09 -3.396e+09 -2.78203e+09 -2.27047e+09 -1.55429e+09 -1.33835e+09 -8.51469e+08 -6.64385e+08 -5.1723e+08 -4.93452e+08 -4.21523e+08 -4.05711e+08 -3.36979e+08 -3.9318e+08 -3.97685e+08 -4.11295e+08 -2.97373e+08 -4.15757e+08 -2.73854e+08 -2.48196e+08 -3.98705e+08 -3.22744e+08 -3.39163e+08 -3.40403e+08 -2.59838e+08 -3.65742e+08 -2.57099e+08 -3.03461e+08 -3.53565e+08 -2.39955e+08 -2.91738e+08 -3.38945e+08 -3.27345e+08 -3.13252e+08 -2.96917e+08 -2.15938e+08 -3.75778e+08 -2.82921e+08 -3.09514e+08 -3.29659e+08 -2.66828e+08 -2.95652e+08 -2.36121e+08 -3.728e+08 -3.52542e+08 -2.81967e+08 -3.63043e+08 -3.32036e+08 -2.79894e+08 -3.20434e+08 -3.08138e+08 -3.55349e+08 -3.33078e+08 -3.11998e+08 -2.71547e+08 -1.57395e+08 
-1.70721e+09 -5.09571e+09 -7.14569e+09 -7.64375e+09 -8.93587e+09 -9.85662e+09 -1.05651e+10 -1.28413e+10 -1.28263e+10 -1.40403e+10 -1.62497e+10 -1.39631e+10 -2.03496e+10 -1.54841e+10 -2.07956e+10 -2.29833e+10 -2.11604e+10 -2.81852e+10 -2.86681e+10 -2.85235e+10 -3.24628e+10 -2.97171e+10 -2.98717e+10 -3.1031e+10 -3.2148e+10 -3.31924e+10 -3.46273e+10 -3.51691e+10 -3.26069e+10 -3.09486e+10 -3.075e+10 -3.05092e+10 -2.92478e+10 -2.92828e+10 -2.71707e+10 -2.50367e+10 -2.25376e+10 -1.89267e+10 -1.57018e+10 -1.2931e+10 -1.09539e+10 -8.87068e+09 -6.88907e+09 -5.34734e+09 -4.28031e+09 -3.56225e+09 -2.67945e+09 -2.04842e+09 -1.55583e+09 -1.23031e+09 -9.1138e+08 -7.78907e+08 -5.79513e+08 -4.74479e+08 -3.96671e+08 -4.07848e+08 -3.6266e+08 -3.52809e+08 -3.12263e+08 -3.69928e+08 -3.15285e+08 -4.16609e+08 -2.92084e+08 -3.86169e+08 -3.02645e+08 -2.43377e+08 -3.05962e+08 -3.96365e+08 -3.02483e+08 -3.13246e+08 -3.12178e+08 -2.94989e+08 -3.29412e+08 -2.5309e+08 -3.32285e+08 -3.30479e+08 -2.5538e+08 -2.85005e+08 -3.59178e+08 -3.03289e+08 -3.18039e+08 -2.91743e+08 -2.56947e+08 -3.65134e+08 -2.75078e+08 -3.17512e+08 -2.68957e+08 -2.79378e+08 -2.82736e+08 -2.72637e+08 -3.49347e+08 -3.89642e+08 -2.86315e+08 -3.36493e+08 -2.91847e+08 -2.96277e+08 -3.12293e+08 -3.87624e+08 -3.33838e+08 -1.74502e+08 
-1.76645e+09 -4.65727e+09 -6.65428e+09 -7.89376e+09 -8.73749e+09 -1.06256e+10 -1.12349e+10 -1.13767e+10 -1.46075e+10 -1.20123e+10 -1.66302e+10 -1.42783e+10 -1.82684e+10 -2.04656e+10 -1.65255e+10 -2.37443e+10 -2.47467e+10 -2.47499e+10 -2.98725e+10 -2.81176e+10 -3.07177e+10 -3.10671e+10 -2.92121e+10 -2.96675e+10 -3.30161e+10 -3.49188e+10 -3.42644e+10 -3.49817e+10 -3.30989e+10 -3.08256e+10 -2.91587e+10 -3.12723e+10 -3.12676e+10 -2.75666e+10 -2.62662e+10 -2.51769e+10 -2.25599e+10 -1.91707e+10 -1.62869e+10 -1.31935e+10 -1.09628e+10 -8.92741e+09 -6.93332e+09 -5.37113e+09 -4.38469e+09 -3.52466e+09 -2.78773e+09 -1.84253e+09 -1.54784e+09 -1.04809e+09 -9.90242e+08 -6.5329e+08 -6.53967e+08 -5.75364e+08 -4.69653e+08 -3.60003e+08 -3.68862e+08 -3.55671e+08 -3.23663e+08 -3.32943e+08 -2.9235e+08 -3.5266e+08 -2.77128e+08 -3.75359e+08 -3.18302e+08 -3.21376e+08 -3.50587e+08 -2.69451e+08 -2.48734e+08 -3.67058e+08 -3.39802e+08 -3.05235e+08 -2.76553e+08 -3.105e+08 -3.32271e+08 -2.96183e+08 -2.72317e+08 -3.3036e+08 -2.89523e+08 -3.04416e+08 -3.24253e+08 -3.2374e+08 -3.0685e+08 -2.92613e+08 -2.42184e+08 -3.39172e+08 -3.33353e+08 -2.88082e+08 -3.02468e+08 -2.41715e+08 -2.9201e+08 -2.90588e+08 -3.04725e+08 -3.56263e+08 -3.38609e+08 -2.95094e+08 -3.22953e+08 -3.08151e+08 -3.16942e+08 -1.57645e+08 
-1.55839e+09 -4.55516e+09 -6.72406e+09 -7.55218e+09 -1.00623e+10 -9.93919e+09 -1.20183e+10 -1.06131e+10 -1.35236e+10 -1.32959e+10 -1.44101e+10 -1.883e+10 -1.40107e+10 -2.10228e+10 -2.02566e+10 -2.0904e+10 -2.61173e+10 -2.42161e+10 -2.80425e+10 -3.17076e+10 -2.79874e+10 -2.89806e+10 -3.00088e+10 -2.96178e+10 -3.29234e+10 -3.57406e+10 -3.4636e+10 -3.54179e+10 -3.24086e+10 -3.02614e+10 -3.11814e+10 -3.01241e+10 -3.0277e+10 -2.88205e+10 -2.6589e+10 -2.40488e+10 -2.18173e+10 -1.96472e+10 -1.68267e+10 -1.35161e+10 -1.09858e+10 -8.90805e+09 -7.28592e+09 -5.45381e+09 -4.50569e+09 -3.53525e+09 -2.70461e+09 -1.97466e+09 -1.36154e+09 -1.06321e+09 -8.42875e+08 -7.56327e+08 -5.31397e+08 -4.9533e+08 -5.78412e+08 -4.23972e+08 -4.43813e+08 -3.07549e+08 -3.47136e+08 -3.46886e+08 -2.9364e+08 -3.10496e+08 -2.92638e+08 -3.21167e+08 -3.03895e+08 -2.9049e+08 -3.4335e+08 -2.76202e+08 -3.69817e+08 -2.83155e+08 -2.7669e+08 -2.82617e+08 -3.71647e+08 -3.10983e+08 -2.76753e+08 -2.90213e+08 -3.34694e+08 -3.128e+08 -2.67596e+08 -3.0126e+08 -3.4349e+08 -3.05311e+08 -2.96269e+08 -3.37487e+08 -2.77577e+08 -2.6778e+08 -3.20939e+08 -2.22581e+08 -3.88906e+08 -3.27569e+08 -2.93413e+08 -2.68077e+08 -2.49022e+08 -3.13161e+08 -2.71081e+08 -2.88493e+08 -4.23546e+08 -2.97932e+08 -2.93455e+08 -1.22334e+08 
