100 107.951 117.025 127.661 138.066 146.558 155.404 160.329 162.2 164.469 168.68 174.27 179.062 183.283 184.279 182.726 178.753 170.552 157.211 141.283 125.623 111.993 99.2541 85.5885 69.8833 54.1607 38.4158 22.9093 9.5086 -1.51269 -11.3294 -24.3023 -40.5954 -54.0854 -68.6891 -89.2657 -113.127 -134.709 -156.213 -177.717 -197.903 -218.256 -236.838 -256.969 -278.473 -301.292 -325.718 -345.087 -350.683 -349.773 -343.175 -333.615 -323.691 -316.07 -311.835 -311.077 -311.982 -307.175 -296.069 -281.995 -268.972 -258.542 -244.983 -231.6 -215.12 -198.668 -181.141 -164.048 -155.444 -150.121 -142.951 -128.183 -115.291 -104.655 -95.6473 -85.337 -72.7093 -57.6377 -43.7259 -23.0601 -3.12567 14.7395 31.2196 47.3479 61.9621 76.1097 89.668 103.128 115.886 131.307 141.997 154.178 164.33 169.122 172.31 179.151 186.147 190.94 195.733 199 
100 111.383 122.554 137.712 155.251 170.167 184.142 194.647 202.894 212.482 217.809 220.936 224.984 229.842 231.537 230.611 227.172 220.216 210.326 194.392 179.926 166.729 151.603 135.104 116.208 100.927 82.8018 67.6678 52.1137 38.8023 31.4479 22.1918 12.7754 3.03204 -8.28212 -25.9928 -49.4764 -75.8665 -100.096 -122.653 -145.275 -171.356 -193.845 -215.887 -238.972 -259.31 -277.585 -294.175 -301.772 -309.343 -309.917 -305.29 -295.627 -286.1 -278.49 -274.422 -270.561 -258.933 -243.998 -232.032 -222.214 -211.912 -203.581 -191.527 -177.434 -161.748 -141.203 -121.553 -108.287 -99.9761 -94.537 -87.0833 -84.6726 -79.4793 -67.424 -59.8183 -48.6758 -37.7047 -26.7198 -13.7675 0.484678 11.4951 30.2205 48.8482 64.8244 80.5248 95.8279 111.956 126.197 144.789 157.117 168.288 175.102 179.794 184.441 189.174 191.146 190.775 195.375 199 
100 107.152 114.593 123.99 133.155 140.485 147.931 151.714 152.345 151.617 154.785 158.98 162.532 165.723 165.807 163.199 157.986 148.525 133.935 116.221 99.3204 84.2499 70.2712 56.3186 39.7468 23.5545 6.42797 -10.0876 -27.2373 -42.1237 -56.1024 -71.8827 -89.4413 -104.857 -121.102 -143.093 -167.659 -191.435 -214.179 -236.924 -257.455 -278.062 -297.884 -318.915 -341.659 -365.898 -391.564 -412.154 -420.098 -420.25 -414.414 -406.463 -398.263 -392.051 -389.231 -390.002 -392.205 -388.923 -378.359 -365.342 -353.464 -344.611 -333.205 -321.163 -305.923 -289.611 -273.663 -258.222 -250.112 -246.196 -239.242 -223.42 -208.91 -196.592 -185.72 -173.928 -158.633 -142.362 -124.342 -100.551 -76.2259 -53.1587 -32.0749 -11.2484 8.10359 25.5002 41.1072 56.2701 71.1191 87.7258 101.508 117.979 131.89 141.103 148.95 160.953 172.167 181.563 190.96 199 
100 110.302 119.833 134.13 150.117 163.448 176.152 185.268 191.877 199.474 203.162 204.485 206.36 209.798 210.18 207.802 202.724 194.49 182.956 165.739 149.66 134.31 117.544 99.5547 79.924 62.2188 42.4189 25.0727 8.36739 -6.66071 -16.1094 -26.7205 -37.6659 -49.4698 -63.1731 -82.8607 -107.26 -135.738 -161.6 -186.481 -211.562 -238.882 -262.621 -286.288 -311.107 -333.008 -352.99 -371.25 -379.892 -389.329 -392.18 -389.407 -380.458 -372.738 -366.962 -364.816 -362.199 -351.704 -338.321 -327.857 -319.245 -311.038 -304.429 -293.709 -281.256 -265.826 -247.533 -227.95 -213.054 -203.403 -196.764 -188.449 -185.306 -178.534 -166.332 -156.652 -142.495 -128.596 -113.255 -96.3016 -77.7026 -60.9588 -38.3446 -15.7196 4.60214 24.3467 43.3266 63.9067 82.421 105.128 121.246 136.621 146.323 154.837 163.962 173.455 179.224 183.067 191.614 199 
100 107.93 115.014 122.099 128.86 133.911 138.924 140.579 138.898 135.418 135.437 137.147 138.451 142.48 143.5 141.694 137.091 128.144 114.093 96.5919 80.3012 65.1987 51.8299 38.6375 20.1476 5.36196 -11.1613 -26.3099 -42.4501 -56.4641 -69.8329 -84.255 -101.147 -116.458 -133.148 -154.252 -177.47 -201.582 -223.716 -245.435 -264.288 -283.878 -303.09 -323.166 -345.301 -369.104 -394.161 -414.154 -422.351 -421.951 -415.049 -406.87 -398.561 -391.937 -388.719 -389.156 -390.724 -387.079 -377.289 -363.613 -351.041 -341.68 -330.886 -318.437 -302.587 -286.587 -270.408 -254.749 -245.486 -241.237 -233.924 -218.885 -203.883 -190.955 -178.982 -166.821 -150.294 -133.907 -115.76 -93.1748 -68.4319 -44.0034 -22.3097 -0.754941 19.3081 37.1197 54.0483 69.7207 85.7098 103.47 117.256 133.963 147.727 157.04 164.978 174.984 181.253 186.021 193.105 199 
100 105.266 109.628 119.283 130.123 138.296 146.141 150.466 151.906 154.043 152.962 151.858 151.009 152.437 152.612 151.103 146.7 139.412 128.372 112.431 97.0417 81.8531 65.7619 49.1975 32.2552 17.1874 1.28432 -14.8241 -31.0402 -45.149 -54.7935 -64.3992 -74.7437 -86.2011 -100.302 -119.315 -142.15 -170.34 -195.493 -220.35 -244.984 -271.602 -294.331 -317.192 -341.405 -362.604 -382.022 -398.278 -402.92 -409.188 -411.905 -408.166 -397.969 -389.853 -383.632 -380.95 -377.237 -365.742 -351.611 -340.317 -330.561 -322.019 -314.736 -303.165 -289.735 -272.789 -254.533 -233.887 -218.124 -207.869 -200.518 -189.7 -183.122 -175.566 -164.246 -152.939 -138.03 -124.664 -108.519 -91.1253 -71.6156 -52.5093 -29.5618 -6.47612 14.603 34.8097 54.4846 74.7253 91.1813 111.809 125.259 138.353 144.649 150.892 161.095 171.301 177.825 182.187 191.07 199 
100 99.6082 98.2691 96.93 95.1553 91.7729 88.2914 81.7992 71.6944 59.6416 50.3654 43.4655 36.5046 33.8754 29.7281 24.4539 17.3427 5.69336 -11.1635 -31.4019 -50.0884 -68.4484 -84.3969 -101.279 -124.576 -142.145 -160.279 -177.894 -195.845 -212.598 -228.547 -244.721 -264.192 -282.401 -302.731 -326.155 -350.985 -378.6 -403.314 -426.92 -447.361 -469.334 -491.127 -513.437 -538.151 -564.701 -591.462 -611.156 -619.879 -619.337 -611.911 -603.779 -595.684 -588.893 -585.579 -585.677 -586.794 -584.493 -578.825 -568.062 -553.574 -539.483 -523.827 -506.616 -487.557 -468.949 -449.835 -431.179 -418.256 -410.766 -399.848 -383.236 -364.963 -348.77 -333.717 -317.869 -298.128 -278.984 -257.824 -234.102 -206.231 -177.812 -152.851 -127.732 -101.417 -76.7713 -50.039 -25.0973 0.358101 24.7445 44.6269 66.8831 86.4079 101.769 118.818 137.932 153.414 167.489 183.682 199 
100 99.2299 97.4808 101.292 106.019 108.052 109.982 107.943 103.272 99.0559 91.4631 83.7153 76.3444 71.6735 65.9049 58.5749 48.2323 35.3889 20.8154 2.65332 -16.121 -35.0084 -54.2887 -73.1767 -92.9725 -111.714 -130.405 -149.731 -169.312 -186.465 -200.149 -212.562 -226.275 -241.251 -259.489 -281.691 -306.676 -335.595 -360.95 -386.074 -411.534 -440.142 -465.642 -491.441 -518.885 -543.298 -566.055 -584.603 -592.361 -601.817 -605.234 -600.869 -590.93 -583.366 -577.677 -575.261 -572.155 -560.738 -547.234 -535.656 -526.018 -515.002 -500.92 -482.796 -462.829 -439.997 -416.724 -393.982 -378.24 -366.486 -356.44 -343.938 -334.816 -324.597 -312.506 -297.488 -279.893 -264.957 -246.056 -226.282 -203.769 -180.481 -154.968 -129.45 -105.697 -82.8738 -58.4706 -32.0055 -6.87304 19.5396 38.631 56.9556 68.0486 82.6463 104.272 125.898 143.93 159.712 179.491 199 
100 99.4645 97.9298 96.3952 94.2977 90.6731 86.9735 80.5545 70.2542 57.8999 47.9867 40.6973 33.6584 31.6079 27.5333 22.1592 15.0555 3.77856 -12.2378 -29.6315 -48.6228 -67.8609 -84.0324 -100.872 -123.346 -141.318 -158.563 -176.338 -193.784 -210.881 -227.025 -242.496 -265.451 -287.108 -311.327 -337.66 -364.625 -393.335 -418.273 -441.395 -462.154 -484.122 -506.11 -528.27 -553.179 -580.082 -606.018 -625.978 -635.783 -635.371 -628.141 -620.593 -613.29 -606.848 -604.013 -603.243 -601.445 -595.574 -585.815 -573.61 -558.864 -545.151 -530.45 -514.147 -495.228 -477.091 -456.673 -434.982 -419.022 -408.698 -397.937 -384.322 -369.243 -356.168 -342.398 -326.323 -306.927 -288.315 -267.569 -246.225 -218.503 -190.37 -165.064 -140.162 -114.811 -90.4554 -63.2456 -38.316 -14.5358 9.61324 29.5244 50.7819 69.8835 85.2358 104.435 126.275 144.547 161.542 180.46 199 
100 97.277 93.7652 95.3741 98.0964 98.0832 98.1078 94.3262 87.6735 81.3509 71.7664 61.048 51.4735 44.7055 37.1367 28.1453 16.0277 2.19297 -14.5549 -33.8102 -55.1611 -76.5136 -97.7756 -117.702 -139.169 -160.364 -180.614 -201.965 -223.686 -242.778 -259.265 -273.077 -289.088 -306.311 -327.223 -351.407 -377.492 -407.167 -431.487 -455.671 -480.658 -507.533 -531.717 -556.206 -582.723 -606.276 -626.219 -640.15 -646.682 -655.534 -659.042 -652.69 -641.812 -633.717 -627.388 -624.025 -620.423 -608.215 -594.177 -579.943 -566.492 -554.639 -542.28 -523.496 -501.699 -477.869 -453.752 -429.659 -412.852 -401.054 -390.025 -377.485 -367.357 -356.403 -344.288 -324.941 -303.501 -285.78 -265.875 -245.629 -221.718 -196.143 -169.522 -143.206 -118.561 -94.1635 -68.9452 -41.819 -15.5852 11.0341 31.5941 50.2743 61.8315 77.3449 99.911 122.477 141.487 158.21 178.393 199 
100 95.9962 90.9863 85.9763 80.2687 73.0874 65.9389 56.5035 42.7279 26.8335 13.5988 2.74508 -7.79682 -13.5797 -20.8394 -29.6523 -40.0208 -54.238 -73.8472 -94.336 -117.077 -139.618 -159.969 -180.01 -204.927 -226.587 -246.209 -267.408 -287.699 -308.405 -328.025 -346.398 -372.443 -397.727 -426.095 -455.754 -483.791 -512.605 -538.676 -561.694 -583.046 -605.362 -627.904 -650.269 -675.732 -703.335 -728.915 -748.073 -756.39 -756.152 -749.475 -743.038 -736.185 -728.064 -723.177 -720.903 -716.467 -704.795 -690.995 -673.229 -655.927 -639.732 -622.939 -605.657 -584.527 -564.162 -541.281 -516.909 -498.319 -485.577 -472.379 -457.704 -440.649 -425.206 -408.715 -389.855 -368.659 -347.964 -325.388 -302.806 -273.145 -242.744 -214.521 -184.65 -155.021 -125.34 -95.287 -67.7847 -41.6118 -14.9727 7.54248 30.793 51.6351 69.5999 91.8847 116.094 136.747 156.292 177.579 199 
100 95.6294 90.5563 90.1848 91.2308 89.4848 87.8266 82.8201 74.1995 66.171 54.7521 41.5509 30.3414 21.6805 13.0466 2.73972 -10.798 -25.2205 -43.0176 -63.0345 -86.5311 -109.986 -130.545 -150.791 -173.607 -196.515 -218.31 -241.354 -263.01 -283.795 -302.693 -318.339 -335.84 -354.991 -378.194 -404.013 -430.955 -461.118 -486.949 -512.768 -539.753 -566.994 -592.813 -618.622 -647.188 -673.071 -692.2 -704.241 -709.634 -717.213 -719.771 -711.314 -699.148 -690.31 -683.028 -678.365 -673.184 -661.565 -648.139 -633.015 -618.354 -605.076 -591.415 -571.414 -547.561 -522.675 -497.366 -471.723 -453.37 -441.162 -428.8 -415.624 -404.199 -392.033 -378.919 -359.836 -337.19 -318.522 -297.989 -276.281 -250.406 -222.253 -194.11 -166.51 -140.694 -114.02 -87.1196 -56.249 -28.5853 -0.783111 21.5633 40.8705 53.3843 70.2175 94.0705 117.923 138.014 156.023 176.953 199 
100 93.6253 86.1944 78.7634 70.4954 60.7795 51.2805 39.8025 23.6868 5.37305 -10.1926 -23.4672 -35.5651 -44.0515 -53.4194 -64.6722 -76.2423 -89.4526 -108.264 -127.839 -150.097 -172.137 -191.294 -210.524 -233.907 -255.278 -273.695 -294.327 -313.757 -331.74 -347.937 -366.299 -392.172 -419.844 -451.155 -482.125 -509.959 -537.545 -563.642 -585.682 -606.489 -628.189 -650.131 -671.646 -696.212 -722.789 -747.752 -766.193 -772.854 -771.873 -764.694 -758.507 -751.215 -743.353 -738.315 -735.709 -731.095 -718.003 -701.811 -682.847 -665.093 -648.329 -631.614 -614.758 -593.582 -572.777 -549.302 -524.179 -504.889 -491.655 -477.75 -462.883 -446.474 -429.764 -412.531 -393.332 -372.489 -351.524 -329.298 -307.015 -277.496 -246.479 -216.966 -185.495 -156.434 -126.07 -95.5168 -67.608 -40.9032 -13.3732 10.068 33.2068 52.1029 68.5323 89.116 113.779 134.554 154.766 176.554 199 
100 93.6062 86.2496 83.2926 82.1135 78.0712 74.0713 67.1745 56.1793 45.9713 32.1856 15.9397 2.5626 -8.43871 -18.6196 -30.7751 -46.2567 -61.8414 -81.2153 -102.108 -125.325 -148.486 -168.982 -188.202 -210.008 -231.992 -253.057 -275.42 -296.217 -316.358 -334.725 -350.18 -366.871 -385.585 -408.431 -433.495 -459.622 -487.483 -512.548 -537.612 -564.092 -589.539 -614.291 -639.188 -666.862 -693.004 -711.538 -722.646 -727.435 -734.253 -736.007 -726.122 -713.203 -704.283 -696.614 -691.113 -682.869 -670.692 -656.414 -640.826 -626.176 -611.989 -597.723 -576.189 -551.582 -526.413 -500.44 -473.721 -454.467 -441.781 -428.713 -417.019 -407.81 -397.812 -386.652 -370.278 -347.384 -327.953 -307.364 -284.772 -257.1 -227.132 -197.684 -169.677 -142.954 -114.915 -87.9312 -56.9609 -28.6227 -1.92501 18.7215 36.4659 49.4939 66.5446 91.1385 115.43 136.14 154.904 176.05 199 
100 93.6851 86.1449 78.6047 70.0869 60.6128 50.619 39.2238 23.2022 4.87435 -10.5234 -23.9073 -35.2279 -44.1315 -53.2728 -64.704 -75.8735 -88.7174 -107.502 -126.797 -148.9 -170.402 -189.629 -208.857 -231.348 -252.781 -270.589 -291.251 -310.53 -328.52 -344.826 -363.77 -389.317 -416.884 -448.579 -479.385 -507.98 -534.622 -561.006 -583.155 -603.936 -625.95 -647.573 -668.925 -693.768 -719.948 -745.02 -762.986 -771.224 -770.525 -763.456 -757.88 -750.961 -743.958 -739.414 -736.898 -731.974 -719.24 -703.209 -683.619 -666.081 -649.405 -633.386 -617.551 -597.054 -576.32 -552.867 -528.282 -508.794 -495.759 -481.879 -467.195 -452.109 -434.879 -417.334 -398.396 -377.404 -354.023 -329.531 -305.504 -276.699 -245.703 -214.566 -183.18 -154.424 -124.955 -94.5107 -67.0944 -40.866 -13.2541 10.6364 32.8022 51.5155 68.7173 89.4602 113.469 134.205 154.458 176.136 199 
100 93.9137 86.6305 83.3115 82.3106 78.4164 74.3089 67.9225 55.1539 42.3232 25.6693 7.0378 -6.92804 -17.7645 -27.0299 -38.6168 -53.6157 -68.459 -87.4297 -107.552 -130.317 -153.672 -174.596 -193.566 -214.911 -236.148 -256.916 -279.114 -299.593 -319.559 -337.717 -353.871 -373.399 -395.072 -420.787 -448.523 -477.427 -505.367 -530.181 -554.996 -581.084 -605.56 -629.634 -651.82 -676.486 -701.127 -719.672 -732.673 -737.37 -743.906 -745.02 -734.329 -721.159 -712.66 -705.264 -699.323 -691.005 -678.804 -663.448 -647.691 -633.721 -619.111 -604.551 -582.04 -557.098 -532.47 -506.332 -478.99 -459.012 -446.234 -433.133 -421.109 -411.76 -402.255 -389.857 -374.596 -352.557 -332.638 -312.085 -289.162 -260.109 -228.815 -198.567 -170.683 -142.948 -114.779 -87.6899 -57.5746 -29.2878 -2.55229 18.9485 36.0299 49.1616 66.6268 90.7668 114.751 135.772 154.785 175.815 199 
100 93.5422 85.9074 78.2726 69.5216 60.4282 51.3097 42.9236 29.8809 14.4065 1.29044 -12.1531 -22.7097 -32.0353 -40.9135 -52.5529 -63.3771 -76.7859 -95.9948 -114.91 -136.369 -157.299 -176.621 -195.943 -215.126 -235.872 -253.182 -273.829 -292.803 -309.387 -325.787 -345.252 -370.71 -397.983 -429.911 -460.54 -489.686 -515.225 -542.007 -564.251 -584.902 -607.146 -628.494 -650.002 -675.1 -701.018 -726.07 -743.122 -753.153 -752.539 -745.654 -740.531 -734.059 -727.902 -723.849 -721.405 -716.077 -703.293 -687.022 -667.069 -649.79 -633.233 -617.419 -601.679 -582.884 -562.302 -538.862 -514.764 -494.973 -482.296 -468.251 -453.607 -439.261 -422.61 -404.137 -385.435 -366.269 -346.3 -325.193 -303.031 -274.878 -243.912 -211.613 -180.325 -151.798 -123.352 -93.002 -66.0329 -40.256 -13.0756 11.2588 32.4098 50.9739 68.817 89.8024 113.147 133.839 154.126 175.943 199 
100 90.3214 79.4772 71.93 66.9187 59.1958 51.1088 41.4509 25.2801 8.97733 -11.4408 -33.461 -51.8788 -66.2737 -78.397 -93.2288 -111.548 -129.961 -152.493 -175.326 -201.335 -228.673 -253.809 -276.341 -300.868 -325.303 -349.563 -375.364 -399.145 -422.835 -444.555 -464.272 -487.726 -513.073 -541.024 -569.399 -596.065 -620.499 -643.03 -662.981 -683.373 -705.229 -726.595 -746.11 -768.642 -791.42 -808.465 -819.396 -822.062 -826.261 -824.05 -810.969 -795.517 -785.364 -776.39 -768.377 -760.881 -749.278 -732.3 -713.744 -698.451 -681.367 -664.271 -638.834 -611.795 -586.111 -557.767 -527.727 -505.025 -490.088 -474.884 -460.473 -448.441 -436.595 -421.796 -404.731 -382.125 -360.249 -340.699 -318.148 -288.773 -256.393 -224.023 -194.246 -163.553 -133.272 -104.148 -72.6587 -42.4078 -13.7638 10.5337 28.9587 44.3224 64.0348 88.0633 110.828 131.249 150.586 173.781 199 
100 89.9018 78.6732 67.4446 54.9673 42.6149 30.0931 18.289 1.81891 -17.324 -34.1003 -50.252 -64.4025 -77.6618 -89.7551 -104.814 -119.189 -136.66 -159.576 -181.517 -205.761 -229.648 -252.564 -275.216 -296.1 -320.176 -340.792 -364.694 -387.34 -409.754 -432.67 -458.121 -489.3 -518.993 -551.57 -582.605 -612.22 -637.824 -664.489 -684.483 -702.694 -722.565 -741.42 -760.802 -783.718 -807.189 -826.519 -837.751 -845.429 -844.949 -836.028 -829.041 -820.584 -813.329 -807.026 -802.307 -794.013 -778.815 -760.766 -738.125 -718.891 -700.168 -682.207 -664.216 -645.286 -622.207 -596.445 -570.484 -548.103 -533.615 -516.972 -499.963 -482.854 -464.845 -443.909 -422.997 -402.234 -380.507 -357.407 -333.314 -303.174 -270.357 -235.07 -201.565 -170.963 -141.225 -109.013 -79.7292 -52.0477 -23.0188 4.05375 26.4633 47.2411 65.1839 85.895 107.978 128.025 149.119 173.564 199 
100 88.817 76.5318 66.9095 59.979 50.6658 40.9085 30.0258 12.6934 -4.92171 -27.4666 -50.7191 -71.4528 -87.0786 -100.031 -115.989 -135.5 -155.396 -179.369 -202.497 -229.621 -258.794 -285.688 -309.96 -335.482 -361.003 -386.961 -413.848 -438.755 -464.147 -486.993 -507.595 -532.943 -559.062 -586.607 -613.501 -638.219 -661.129 -685.102 -706.254 -727.832 -751.071 -773.46 -794.081 -818.054 -842.621 -862.118 -874.761 -879.171 -883.377 -880.907 -869.632 -855.62 -847.813 -840.841 -834.243 -828.372 -817.967 -802.254 -784.69 -771.669 -755.909 -738.648 -713.807 -686.016 -662.913 -635.791 -607.034 -585.062 -568.736 -552.264 -536.246 -522.401 -509.064 -492.77 -473.933 -451.953 -428.693 -407.748 -383.117 -350.041 -312.458 -275.88 -241.744 -206.432 -171.969 -139.151 -104.503 -71.0359 -38.3503 -9.18905 12.6938 34.6768 55.7464 81.1848 104.832 126.75 147.967 172.549 199 
100 88.8263 76.5712 64.3161 51.1796 38.3148 24.9986 12.0949 -4.97069 -25.1118 -43.2179 -59.5355 -74.7125 -89.3458 -102.065 -117.836 -133.439 -152.111 -176.054 -198.539 -222.915 -247.235 -271.178 -294.421 -314.747 -339.383 -361.07 -385.353 -408.987 -432.425 -456.367 -482.283 -514.223 -543.921 -577.391 -609.199 -639.516 -665.33 -692.366 -713.387 -733.392 -756.858 -779.381 -798.826 -822.768 -847.232 -868.136 -879.722 -889.359 -889.73 -881.987 -876.438 -869.239 -864.102 -858.826 -854.64 -844.649 -830.383 -812.599 -790.661 -772.523 -754.635 -734.761 -714.875 -695.865 -673.455 -648.656 -623.631 -601.746 -588.891 -571.452 -552.41 -532.631 -513.175 -487.183 -461.453 -437.532 -414.487 -389.631 -364.937 -336.16 -302.817 -265.475 -230.14 -197.859 -166.325 -133.67 -102.54 -72.9764 -42.0221 -12.6225 11.0567 34.0436 53.8035 76.8561 100.227 122.175 144.844 171.55 199 
100 89.0255 76.9829 66.7851 59.8344 50.6658 40.9175 30.3429 13.7585 -3.45161 -26.3962 -49.1644 -69.9726 -85.3599 -97.659 -113.061 -132.07 -151.235 -174.965 -196.884 -223.303 -252.384 -279.036 -303.634 -328.922 -356.299 -384.019 -410.239 -434.531 -460.021 -482.361 -502.124 -527.452 -554.152 -582.537 -609.189 -633.286 -656.001 -678.958 -699.766 -720.85 -743.662 -765.398 -785.599 -809.33 -834.048 -854.168 -866.817 -871.482 -874.35 -870.913 -862.731 -850.332 -842.998 -836.389 -829.518 -822.854 -811.915 -795.94 -777.746 -764.504 -749.056 -729.96 -705.946 -678.866 -655.846 -629.303 -600.636 -578.358 -562.254 -545.859 -529.451 -515.305 -505.022 -490.774 -471.261 -450.921 -427.549 -406.37 -380.495 -346.391 -308.304 -271.712 -236.854 -201.564 -167.292 -135.654 -103.924 -72.0744 -39.4949 -9.72189 11.5056 34.1841 54.886 80.5097 103.783 125.937 147.793 172.552 199 
100 86.4852 71.9082 57.3312 42.3023 27.6473 12.2433 -3.21278 -22.1084 -43.7206 -65.1887 -83.009 -100.508 -117.812 -132.433 -150.213 -168.436 -188.212 -211.555 -233.337 -259.564 -288.106 -314.972 -339.85 -362.454 -388.927 -412.907 -435.597 -455.688 -478.191 -499.443 -521.384 -549.414 -577.338 -610.051 -641.018 -670.072 -695.29 -720.215 -740.839 -759.578 -782.072 -803.761 -822.993 -846.335 -870.331 -890.942 -901.534 -910.927 -910.988 -902.891 -897.015 -889.372 -884.358 -878.481 -873.376 -863.132 -851.251 -832.167 -809.306 -790.697 -772.266 -751.562 -731.303 -712.438 -689.582 -664.131 -638.391 -615.557 -601.739 -584.101 -564.303 -543.358 -524.476 -498.603 -472.274 -447.995 -424.941 -399.55 -374.295 -345.244 -311.836 -273.752 -237.913 -205.293 -173.241 -141.409 -109.747 -79.5447 -47.9206 -17.6606 6.08976 29.977 50.2447 74.3246 97.732 120.261 143.191 170.845 199 
100 86.9086 72.7526 59.6213 50.1119 38.7844 26.6899 13.857 -4.12695 -23.4705 -49.124 -73.7339 -96.6557 -114.345 -128.501 -145.531 -166.106 -187.539 -213.383 -236.708 -265.036 -296.002 -324.798 -351.737 -378.903 -407.545 -437.808 -465.706 -488.709 -513.617 -535.123 -553.498 -578.135 -604.83 -632.8 -659.401 -682.408 -704.435 -725.6 -745.6 -765.6 -787.648 -808.176 -827.36 -850.282 -874.625 -894.76 -907.006 -910.327 -912.316 -907.167 -897.972 -885.863 -878.338 -871.557 -863.847 -855.806 -843.848 -826.622 -807.098 -793.097 -777.301 -755.906 -732.172 -705.263 -681.435 -655.033 -625.781 -599.59 -581.219 -564.356 -546.974 -530.847 -520.826 -505.323 -484.435 -464.381 -440.913 -417.092 -387.588 -353.251 -316.987 -281.925 -245.852 -210.036 -175.477 -143.763 -111.513 -79.2673 -46.2148 -15.641 5.83044 29.7688 50.631 76.6419 100.47 123.402 146.452 171.981 199 
100 83.7594 66.4432 49.1271 32.4074 14.9958 -2.91619 -21.4804 -42.5983 -64.1681 -85.924 -103.24 -120.556 -137.873 -152.418 -169.338 -187.736 -206.625 -229.785 -251.667 -276.971 -305.174 -332.32 -356.474 -378.76 -404.207 -427.973 -450.428 -470.722 -492.844 -514.097 -535.406 -562.255 -588.991 -620.104 -651.152 -679.024 -704.259 -727.441 -748.122 -766.07 -788.478 -809.713 -829.155 -852.315 -876.425 -896.316 -907.212 -916.245 -916.827 -909.02 -902.961 -895.353 -890.766 -884.708 -880.14 -870.916 -858.84 -839.297 -815.906 -797.299 -778.727 -757.745 -737.492 -718.5 -696.171 -670.494 -644.458 -621.551 -606.632 -589.481 -569.327 -548.258 -529.744 -504.695 -478.183 -453.86 -430.608 -405.79 -380.462 -351.538 -317.9 -279.941 -244.127 -211.628 -179.6 -148.455 -113.752 -81.3963 -49.485 -19.2875 4.54719 28.902 49.2463 73.3914 96.9815 119.651 142.41 170.57 199 
100 82.4609 63.8928 46.3214 31.0317 15.2784 -1.4556 -18.8453 -40.4872 -64.233 -93.1719 -118.976 -143.172 -162.623 -178.269 -196.214 -217.29 -240.584 -267.657 -292.474 -321.519 -353.816 -384.373 -413.096 -441.387 -470.642 -502.684 -531.377 -554.608 -580.764 -601.087 -617.699 -640.901 -665.869 -693.36 -720.694 -745.015 -768.664 -790.289 -811.779 -833.269 -856.785 -875.974 -893.491 -914.981 -938.356 -959.62 -973.863 -978.064 -980.555 -975.655 -964.52 -952.193 -943.769 -935.455 -926.279 -916.233 -902.717 -883.597 -862.199 -846.772 -829.704 -805.775 -781.575 -754.26 -729 -702.162 -672.254 -644.891 -625.732 -607.793 -588.798 -570.758 -559.577 -541.669 -519.33 -498.614 -472.073 -443.573 -412.329 -375.808 -337.875 -301.639 -263.982 -227.201 -191.622 -159.227 -126.587 -93.2611 -59.098 -27.3795 -4.76723 21.0151 42.633 69.4021 94.6622 118.972 143.823 170.773 199 
100 81.4795 61.9745 42.4694 24.6159 5.05768 -14.8183 -35.9643 -58.3995 -81.6625 -105.662 -125.167 -144.672 -164.177 -181.245 -199.896 -220.639 -241.082 -266.43 -290.901 -317.524 -347.754 -377.606 -403.562 -427.847 -454.531 -480.513 -504.712 -527.967 -552.06 -575.688 -599.087 -626.339 -654.698 -687.918 -721.512 -750.463 -778.071 -801.885 -824.988 -844.575 -869.082 -890.144 -911.025 -933.524 -957.347 -975.205 -986.665 -994.839 -995.462 -987.344 -980.553 -972.479 -967.652 -960.568 -952.312 -942.7 -929.471 -909.368 -888.102 -871.073 -851.654 -830.149 -809.28 -789.567 -767.125 -740.699 -713.946 -690.592 -673.98 -657.864 -639.709 -621.128 -604.793 -579.978 -552.733 -527.867 -503.731 -476.858 -448.054 -415.766 -378.585 -337.241 -298.275 -262.684 -226.916 -192.3 -154.492 -118.5 -82.7834 -49.3373 -21.8624 6.41438 30.2645 57.9583 85.2032 111.462 135.785 166.837 199 
100 81.9471 62.9513 44.9025 28.3243 11.5388 -5.84323 -23.8021 -45.0916 -69.2216 -98.3025 -124.22 -148.443 -168.874 -187.628 -205.533 -225.919 -250.193 -277.379 -302.671 -331.268 -363.827 -395.033 -424.537 -452.782 -481.563 -514.172 -542.039 -564.914 -591.303 -612.871 -629.92 -653.316 -678.451 -707.343 -734.96 -759.784 -784.006 -805.027 -826.901 -848.819 -872.615 -892.194 -910.399 -932.316 -956.607 -978.525 -993.206 -998.814 -1002.6 -1001.06 -992.98 -982.019 -975.034 -967.65 -958.868 -948.679 -936.102 -916.888 -895.779 -880.533 -863.55 -839.474 -816.442 -790.795 -765.963 -740.351 -712.004 -685.381 -667.264 -650.082 -631.02 -613.766 -602.663 -585.187 -563.277 -543.823 -519.008 -490.726 -461.534 -423.892 -383.126 -344.147 -304.767 -265.759 -224.881 -188.354 -154.586 -119.326 -82.8062 -49.1115 -23.9547 4.45747 27.8202 56.4132 84.1674 110.892 138.583 168.486 199 
100 80.6275 60.3512 40.0749 22.502 2.21014 -18.2219 -40.4523 -61.9586 -86.2948 -112.436 -132.713 -152.909 -170.264 -187.618 -206.565 -228.305 -248.98 -275.1 -301.784 -331.18 -362.012 -393.199 -419.702 -444.515 -470.917 -497.755 -522.287 -547.117 -571.744 -596.33 -620.416 -648.19 -679.821 -713.835 -748.605 -774.242 -799.472 -820.403 -841.161 -861.438 -886.568 -908.87 -929.318 -952.516 -977.198 -995.052 -1008.48 -1017.49 -1019.55 -1015.52 -1010.36 -1003.45 -999.677 -992.863 -985.344 -977.343 -964.557 -942.629 -919.262 -900.365 -881.63 -860.435 -840.851 -823.443 -805.214 -780.607 -752.867 -727.701 -711.348 -695.795 -678.205 -661.514 -645.528 -622.124 -596.234 -569.545 -542.211 -511.927 -478.295 -443.013 -404.672 -364.41 -326.838 -292.557 -255.241 -218.011 -179.686 -141.684 -103.522 -68.4366 -38.2331 -7.79635 18.2667 47.7685 77.164 105.481 131.955 164.625 199 
100 81.4141 61.9599 43.3822 26.2742 7.59457 -10.4548 -29.0089 -50.1081 -74.6181 -103.808 -130.895 -155.112 -176.045 -195.279 -213.159 -232.89 -257.351 -284.504 -310.193 -338.357 -371.203 -403.033 -433.448 -461.919 -493.159 -527.988 -556.766 -580.578 -607.18 -628.894 -646.401 -670.125 -695.612 -725.448 -753.333 -779.099 -804.046 -825.17 -846.765 -869.191 -893.123 -913.203 -932.049 -954.425 -979.678 -1002.05 -1016.91 -1024.45 -1031.57 -1031.56 -1023.63 -1014.63 -1008.79 -1001.95 -993.486 -983.721 -971.844 -952.246 -933.458 -917.968 -901.079 -877.074 -855.024 -830.608 -806.234 -781.462 -754.839 -729.039 -711.959 -695.303 -675.672 -660.142 -648.539 -631.787 -610.335 -591.645 -568.795 -540.885 -512.186 -474.467 -433.662 -394.879 -356.62 -318.356 -277.079 -238.095 -202.285 -165.55 -126.811 -91.2539 -63.6205 -32.3039 -3.98072 29.0089 62.1484 94.4059 127.545 163.287 199 
100 79.632 58.4057 37.1794 19.6928 -1.38989 -22.6162 -45.8666 -67.1093 -92.6795 -119.592 -140.818 -161.927 -180.232 -198.536 -218.061 -240.689 -263.168 -290.238 -317.992 -347.478 -379.51 -412.246 -439.829 -465.626 -491.757 -519.618 -545.016 -571.659 -596.934 -622.654 -646.942 -675.165 -707.376 -742.3 -775.741 -798.875 -822.001 -842.541 -863.722 -885.108 -910.825 -933.916 -954.624 -976.988 -999.958 -1015.07 -1026.83 -1037.9 -1043.93 -1044.13 -1041.95 -1039.21 -1036.16 -1029.8 -1023.2 -1017.01 -1004.96 -984.294 -961.951 -943.495 -925.738 -905.579 -887.612 -871.17 -854.301 -830.553 -803.492 -779.665 -763.773 -749.181 -732.015 -714.345 -696.032 -674.79 -650.7 -625.625 -598.191 -568.094 -532.792 -495.581 -455.537 -413.83 -374.714 -339.04 -300.199 -260.299 -220.791 -180.651 -140.518 -103.662 -71.694 -39.338 -10.0764 23.9151 58.2044 91.2948 122.662 159.691 199 
100 80.6032 60.3553 40.8942 23.3385 2.04061 -16.9962 -36.475 -57.8724 -83.1137 -112.679 -141.254 -165.744 -187.502 -207.434 -225.948 -245.672 -269.98 -297.496 -323.807 -351.862 -385.324 -418.055 -449.476 -478.49 -509.274 -544.298 -574.808 -601.632 -631.118 -654.383 -672.735 -696.884 -723.244 -754.177 -782.912 -809.439 -834.651 -856.865 -878.529 -901.965 -926.08 -946.601 -967.057 -990.237 -1016.33 -1039.95 -1056.23 -1064.84 -1072.7 -1073.64 -1066.12 -1059.47 -1054.94 -1048.9 -1041.36 -1032.39 -1021.45 -1001.93 -983.769 -968.396 -951.923 -928.366 -907.637 -884.767 -861.187 -837.602 -812.929 -788.223 -772.175 -756.489 -736.931 -720.857 -706.129 -687.52 -663.939 -642.989 -617.341 -587.589 -556.316 -516.359 -472.96 -430.092 -387.305 -347.307 -304.677 -263.565 -225.737 -187.517 -147.101 -110.056 -80.1631 -46.9764 -16.7859 17.1986 52.4663 86.9988 123.059 161.249 199 
100 79.9785 59.1105 38.4853 22.1234 1.77396 -19.094 -40.6988 -61.6884 -87.263 -114.4 -138.19 -161.838 -182.706 -203.574 -223.584 -246.001 -268.765 -295.477 -323.016 -351.237 -383.128 -415.684 -443.738 -469.582 -493.891 -521.165 -546.303 -572.723 -599.987 -628.447 -654.523 -684.55 -718.794 -754.083 -782.083 -804.12 -826.818 -847.087 -867.376 -888.61 -913.503 -935.79 -956.185 -979.986 -1005.25 -1020.52 -1032.22 -1042.82 -1049.03 -1049.22 -1045.81 -1042.99 -1039.28 -1032.1 -1025.54 -1019.79 -1007.35 -986.665 -963.791 -944.51 -926.448 -906.072 -888.379 -873.916 -859.722 -836.212 -809.22 -785.238 -768.479 -753.562 -736.427 -718.624 -699.61 -678.328 -654.45 -629.872 -601.047 -571.2 -535.895 -498.326 -458.166 -416.847 -377.841 -342.426 -303.362 -262.871 -223.641 -182.971 -142.48 -105.541 -73.4759 -40.8802 -11.6647 22.7038 57.3514 90.6487 122.374 159.166 199 
100 78.5659 56.2872 34.6868 15.3299 -8.85528 -30.8922 -52.5263 -75.4326 -102.658 -133.772 -164.817 -191.628 -215.434 -237.187 -257.646 -278.631 -303.958 -333.14 -361.209 -390.384 -425.693 -460.501 -493.894 -525.119 -557.025 -592.807 -624.48 -652.483 -683.095 -708.291 -731.513 -760.145 -791.421 -826.714 -858.193 -886.559 -913.61 -938.04 -961.029 -983.874 -1005.79 -1025.15 -1046.27 -1068.56 -1093.76 -1117.01 -1134.23 -1142.29 -1149.23 -1147.66 -1140.34 -1133.75 -1128.79 -1121.85 -1113.79 -1103.93 -1092.06 -1071.16 -1051.67 -1034.69 -1016.93 -992.194 -971.102 -947.568 -923.096 -899.024 -874.075 -848.803 -831.988 -815.674 -795.277 -778.429 -761.82 -742.477 -718.005 -696.322 -670.035 -640.368 -605.403 -564.634 -518.503 -473.808 -428.605 -385.302 -340.948 -298.95 -260.383 -218.89 -175.098 -134.922 -101.138 -64.456 -31.0277 4.1085 43.1891 81.6108 120.691 159.772 199 
100 76.1529 51.4598 27.5333 7.5244 -15.9443 -40.627 -64.7347 -89.6183 -119.221 -149.815 -177.43 -204.892 -229.585 -254.278 -277.911 -303.993 -331.508 -362.044 -393.576 -424.784 -460.565 -496.945 -529.987 -560.149 -587.019 -617.525 -646.749 -676.684 -707.367 -739.82 -769.533 -802.614 -840.556 -879.144 -908.876 -934.405 -960.852 -985.023 -1008.6 -1033.84 -1062.06 -1086.86 -1110.74 -1135.44 -1162.48 -1178.98 -1191.73 -1201.43 -1205.43 -1206.47 -1203.23 -1198.25 -1193.72 -1186.99 -1181.74 -1177.22 -1166.22 -1146.8 -1124.75 -1105.87 -1088.68 -1069.37 -1053.26 -1039.97 -1026.68 -1004.38 -978.738 -951.874 -929.656 -909.854 -888.661 -865.571 -841.625 -815.592 -787.424 -758.257 -723.991 -689.403 -649.621 -607.062 -562.867 -516.832 -473.393 -433.691 -390.41 -348.128 -304.518 -258.301 -209.947 -165.507 -125.822 -85.6781 -50.1307 -10.5597 29.0284 67.3505 106.939 151.157 199 
100 76.6215 52.3921 28.7151 7.40752 -18.7757 -44.3824 -68.083 -92.3697 -121.276 -153.986 -186.981 -216.505 -242.265 -265.647 -287.594 -310.146 -336.391 -367.233 -396.883 -427.433 -464.159 -500.904 -535.841 -569.543 -602.487 -638.787 -671.37 -700.646 -732.393 -759.519 -784.658 -814.745 -847.872 -884.833 -919.183 -949.16 -978.025 -1004.47 -1028.72 -1054.32 -1076.57 -1097.88 -1122.2 -1146.43 -1173.58 -1199.28 -1218.17 -1228.27 -1236.74 -1237.06 -1232.5 -1228.44 -1225.84 -1220.85 -1215.11 -1207.2 -1197.24 -1177.84 -1160.08 -1144.12 -1124.68 -1101.48 -1083.05 -1061.53 -1039.01 -1016.75 -990.942 -965.296 -947.661 -928.899 -904.844 -884.179 -862.711 -839.521 -811.381 -785.59 -755.751 -723.331 -686.845 -645.42 -598.223 -549.796 -501.094 -454.292 -406.711 -361.272 -318.565 -277.648 -233.373 -189.852 -151.288 -107.893 -68.1829 -27.9051 17.9904 62.2475 106.684 152.58 199 
100 73.2122 45.565 19.1535 -3.67577 -29.6529 -55.8248 -82.9971 -110.86 -143.311 -176.859 -207.429 -237.85 -265.497 -293.144 -320.016 -348.764 -380.181 -413.672 -448.346 -482.114 -520.38 -559.715 -595.791 -625.918 -652.105 -681.985 -713.472 -746.156 -780.536 -816.098 -848.651 -883.904 -924.593 -965.371 -998.362 -1026.55 -1055.87 -1083.27 -1109.35 -1137.4 -1167.75 -1194.44 -1221.03 -1248.91 -1279.13 -1299.22 -1314.85 -1327.12 -1334.24 -1337.94 -1337.84 -1335.41 -1332.32 -1325.21 -1320.39 -1315.89 -1305.82 -1286.74 -1264.86 -1245.71 -1228.34 -1209.09 -1190.96 -1174.78 -1158.6 -1133.62 -1105.21 -1075.33 -1049.71 -1025.3 -999.147 -970.011 -942.606 -913.829 -882.221 -847.94 -808.384 -771.033 -728.827 -680.67 -631.719 -582.512 -534.469 -489.069 -443.072 -397.883 -350.935 -301.828 -251.009 -203.807 -161.329 -118.809 -80.2684 -37.7907 6.93855 50.5853 95.7717 145.298 199 
100 74.2542 47.6364 21.431 -2.265 -28.5092 -54.8215 -81.0149 -107.161 -137.847 -172.743 -208.127 -240.117 -268.251 -293.593 -317.378 -342.129 -372.773 -408.645 -440.483 -473.017 -511.412 -550.47 -587.365 -624.005 -658.397 -695.846 -728.519 -760.156 -793.566 -824.026 -851.503 -883.459 -918.965 -957.763 -995.463 -1027.35 -1058.51 -1087.49 -1113.65 -1141.85 -1165.04 -1188.53 -1215.81 -1243 -1272.51 -1301.09 -1322.01 -1334.56 -1344.42 -1347.64 -1345.83 -1344.87 -1345 -1342.4 -1337.94 -1329.49 -1318.97 -1296.62 -1275.17 -1254.2 -1231.38 -1207.65 -1189.33 -1167.4 -1144.35 -1120.44 -1092.84 -1066.25 -1045.33 -1023.28 -996.45 -972.423 -947.14 -920.435 -889.051 -859.561 -826.596 -790.538 -749.953 -705.411 -654.238 -602.605 -551.414 -501.184 -450.239 -401.811 -355.44 -312.368 -265.514 -219.198 -177.578 -130.939 -88.4018 -44.5654 4.78548 52.2596 99.3578 148.709 199 
100 73.191 45.6963 19.8864 -1.76457 -27.1052 -51.8856 -79.0033 -106.958 -138.594 -172.232 -202.748 -233.039 -260.533 -288.028 -315.036 -343.539 -375.369 -408.432 -443.161 -476.5 -513.932 -553.114 -590.024 -619.725 -646.18 -675.624 -707.449 -739.939 -773.002 -808.524 -840.882 -875.194 -915.727 -955.907 -987.413 -1015.2 -1044.27 -1073.43 -1101.89 -1132.19 -1162.35 -1187.45 -1212.99 -1241.45 -1271.2 -1291.56 -1307.92 -1319.59 -1326.78 -1330.07 -1329.7 -1326.57 -1323.53 -1316.01 -1311.36 -1306.72 -1296.3 -1277.29 -1255.5 -1235.92 -1218.72 -1202.92 -1185.46 -1169.13 -1152.79 -1127.96 -1099.58 -1067.47 -1038.77 -1011.37 -985.768 -958.363 -933.516 -907.611 -879.037 -848.613 -811.014 -773.654 -731.571 -683.521 -635.613 -586.886 -540.137 -494.585 -448.581 -402.968 -355.587 -306.338 -255.879 -209.15 -166.608 -124.392 -85.6827 -42.9636 2.58852 46.1299 92.5519 144.984 199 
100 74.0634 47.6175 21.474 -2.05003 -27.551 -54.1731 -80.286 -105.962 -135.558 -170.022 -205.234 -237.15 -265.083 -289.726 -312.801 -337.287 -367.355 -402.026 -433.495 -465.784 -502.94 -541.556 -577.968 -615 -649.021 -684.599 -715.986 -747.395 -780.194 -811.305 -838.545 -869.783 -905.01 -942.697 -980.841 -1012.36 -1043.26 -1071.49 -1094.07 -1119.44 -1140.94 -1163.68 -1190.9 -1219.09 -1248.38 -1277.27 -1297.4 -1309.73 -1318.56 -1322.26 -1320.61 -1319.9 -1320.05 -1317.6 -1312.83 -1304.21 -1295.27 -1276.21 -1257.26 -1235.26 -1212.05 -1188.23 -1169.29 -1146.97 -1123.75 -1100.37 -1072.71 -1046.79 -1025.91 -1003.91 -977.619 -953.53 -927.688 -900.641 -869.2 -839.407 -806.489 -770.21 -729.453 -684.612 -633.273 -582.384 -531.256 -480.956 -429.592 -381.472 -334.871 -292.472 -246.964 -202.534 -161.175 -114.682 -72.4973 -29.8832 16.7178 61.1647 104.844 151.393 199 
100 73.035 45.7271 20.5501 -0.914015 -25.5486 -50.3123 -77.328 -105.382 -135.803 -169.339 -200.242 -230.381 -257.689 -284.997 -311.987 -340.211 -372.546 -404.965 -439.73 -472.882 -509.423 -548.418 -586.1 -615.534 -641.429 -669.004 -701.134 -733.367 -765.407 -800.517 -832.718 -866.052 -906.083 -943.162 -974.422 -1001.81 -1030.59 -1059.56 -1087.42 -1117.01 -1146.05 -1169.69 -1195.03 -1223.95 -1252.99 -1273.72 -1291.04 -1302.01 -1309.27 -1312.18 -1311.19 -1307.57 -1304.32 -1296.97 -1292.14 -1287.31 -1275.75 -1256.61 -1235.07 -1215.06 -1197.33 -1182.15 -1165.79 -1149.27 -1132.8 -1108.27 -1079.71 -1046.73 -1018.07 -990.766 -965.48 -937.703 -912.51 -886.484 -857.883 -827.25 -789.65 -752.268 -710.334 -662.337 -615.606 -565.909 -518.581 -472.842 -426.725 -380.721 -332.822 -282.993 -232.894 -186.736 -144.421 -102.46 -63.6747 -23.009 19.8082 60.3187 103.763 150.584 199 
100 72.6381 45.0895 19.0586 -5.56812 -31.5642 -59.6718 -86.9657 -113.415 -143.164 -178.414 -214.728 -247.865 -277.606 -302.735 -326.396 -351.892 -382.634 -417.223 -449.688 -483.081 -520.887 -559.819 -597.48 -636.182 -671.493 -706.268 -737.077 -769.504 -803.111 -835.719 -864.418 -896.191 -932.329 -970.097 -1009.01 -1041.87 -1073.76 -1103.7 -1129.8 -1158.81 -1184.51 -1210.68 -1240.95 -1271.28 -1301.61 -1332.05 -1352.38 -1364.75 -1374.68 -1379.82 -1380.01 -1380.7 -1381.95 -1379.8 -1373.01 -1362.57 -1352.07 -1334.89 -1316.75 -1294.72 -1272.57 -1250 -1231.37 -1208 -1183.25 -1158.75 -1129.17 -1101.32 -1078.87 -1055.78 -1027.81 -1001.98 -973.954 -944.808 -911.59 -879.776 -845.167 -807.849 -765.273 -718.281 -665.409 -613.707 -560.797 -508.854 -455.686 -406.238 -357.818 -314.055 -268.168 -224.671 -184.403 -138.512 -94.2899 -49.6608 0.00932723 48.8839 97.304 147.956 199 
100 68.349 36.6567 7.8913 -17.9573 -46.4249 -75.7196 -107.191 -139.862 -173.895 -211.824 -247.768 -282.245 -313.937 -345.629 -377.047 -409.563 -446.95 -483.25 -522.635 -560.189 -600.642 -644.022 -683.731 -715.13 -742.367 -770.239 -803.299 -837.015 -869.718 -906.507 -942.838 -976.845 -1017.57 -1054.19 -1086.7 -1115.38 -1145.52 -1175.87 -1204.72 -1235.1 -1265.12 -1288.64 -1315.75 -1346.68 -1376.64 -1399.48 -1416.75 -1422.7 -1428.36 -1432.6 -1432.54 -1430.1 -1428.39 -1422.86 -1419.49 -1415.35 -1404.85 -1387.21 -1367.58 -1348.97 -1332.38 -1318.53 -1302.6 -1284.62 -1267 -1240.81 -1207.18 -1169.1 -1136.31 -1105.52 -1075.83 -1043.62 -1013.94 -983.563 -950.82 -915.273 -873.044 -831.471 -787.069 -737.958 -690.715 -641.378 -591.88 -539.754 -487.817 -437.306 -384.492 -329.852 -275.952 -226.301 -179.475 -133.455 -90.134 -44.4984 2.69985 47.2601 95.0899 146.323 199 
100 69.0994 38.1988 8.27466 -19.7041 -48.472 -80.1432 -110.66 -140.296 -172.87 -211.098 -250.764 -287.386 -320.321 -348.3 -374.821 -403.576 -437.215 -476.338 -515.218 -555.012 -598.494 -642.44 -683.565 -726.153 -765.613 -798.803 -827.595 -860.34 -894.436 -927.417 -957.434 -989.046 -1025.34 -1061.02 -1096.76 -1127.09 -1156.38 -1184.84 -1210.85 -1238.98 -1266.12 -1292.08 -1322.55 -1354.95 -1385.53 -1416 -1436.28 -1447.77 -1458 -1463.81 -1465.35 -1466.63 -1468.31 -1467.05 -1460.42 -1450.55 -1440.4 -1427.19 -1411.09 -1386.52 -1361.99 -1337.05 -1315.14 -1291.6 -1267.3 -1240.27 -1205.39 -1171.73 -1144.32 -1115.67 -1082.29 -1050.86 -1019.62 -987.606 -951.955 -917.571 -880.507 -841.466 -796.398 -746.449 -691.609 -639.01 -586.586 -535.322 -482.582 -433.681 -382.769 -336.576 -289.811 -244.873 -201.87 -155.102 -108.194 -60.9592 -8.92214 42.0942 93.0061 145.611 199 
100 69.7011 39.4022 11.511 -15.8661 -45.4884 -76.2202 -109.274 -143.646 -178.68 -218.065 -256.268 -292.41 -328.046 -361.267 -394.126 -428.076 -466.717 -504.892 -546.234 -585.659 -626.474 -671.382 -716.169 -752.53 -781.604 -810.1 -843.617 -878.681 -912.478 -950.413 -988.198 -1023.02 -1064.14 -1100.86 -1134.61 -1164.41 -1195.96 -1227.67 -1257.53 -1288.64 -1319.99 -1343.37 -1372.24 -1405.16 -1436.07 -1460.6 -1476.14 -1479.49 -1483.71 -1486.49 -1484.54 -1480.34 -1477.42 -1470.36 -1465.6 -1459.32 -1446.97 -1427.78 -1406.35 -1386.5 -1368.26 -1353.21 -1337.13 -1318.27 -1299.34 -1272.14 -1237.14 -1197.04 -1163.06 -1131.03 -1099.65 -1066.39 -1035.26 -1003.49 -969.666 -931.966 -888.325 -845.575 -799.603 -749.657 -701.917 -653.032 -602.503 -549.029 -495.632 -443.85 -388.672 -333.134 -281.373 -234.148 -187.582 -140.377 -95.7176 -48.2024 0.304598 45.9744 93.7127 145.103 199 
100 65.6036 31.2071 -3.18932 -37.5858 -72.3996 -110.342 -147.061 -182.994 -221.41 -265.625 -311.709 -355.741 -394.779 -429.175 -461.686 -496.725 -534.022 -575.19 -617.845 -661.328 -707.493 -754.548 -793.684 -833.924 -871.562 -903.082 -930.774 -963.952 -998.665 -1032.09 -1063.78 -1095.59 -1132.14 -1167.78 -1203.47 -1234.18 -1263.92 -1292.87 -1318.92 -1346.56 -1375.17 -1401.06 -1431.74 -1464.81 -1496.28 -1526.85 -1547.88 -1558.28 -1565.78 -1569.57 -1569.56 -1568.52 -1567.85 -1564.56 -1555.89 -1543.84 -1531.28 -1516 -1497.31 -1470.84 -1444.14 -1416.11 -1392.02 -1366.28 -1340.21 -1311.11 -1270.73 -1232.14 -1200.7 -1167.99 -1129.34 -1092.42 -1058.22 -1023.38 -985.454 -949.523 -911.083 -870.43 -823.014 -770.574 -714.049 -660.329 -605.635 -552.518 -497.243 -446.503 -393.244 -344.843 -297.015 -250.676 -205.15 -157.91 -108.477 -58.8656 -5.88842 44.4495 94.7874 146.386 199 
100 64.8886 29.7772 -2.83226 -35.0218 -69.1635 -104.464 -142.365 -181.653 -221.088 -265.123 -308.925 -349.88 -387.794 -422.905 -457.612 -493.171 -532.776 -572.004 -615.506 -656.083 -694.883 -738.62 -783.769 -825.175 -858.62 -891.671 -924.903 -958.683 -991.091 -1027.6 -1064.11 -1097.48 -1135.88 -1170.08 -1202.61 -1231.09 -1261.49 -1291.92 -1320.18 -1349.87 -1378.49 -1399.57 -1427.56 -1459.75 -1489.09 -1513.9 -1527.12 -1527.92 -1532.59 -1537.23 -1536.59 -1533.82 -1532.02 -1523.92 -1518.12 -1510.15 -1495.93 -1475.22 -1452.84 -1432.05 -1412.71 -1396.59 -1377.11 -1356.71 -1336.73 -1307.63 -1272.14 -1231.13 -1196.17 -1163.46 -1131.15 -1097.12 -1064.97 -1032.13 -997.625 -958.195 -913.331 -869.666 -822.453 -772.475 -724.556 -676.247 -624.997 -570.746 -516.22 -463.675 -406.339 -350.282 -298.279 -248.363 -197.52 -148.495 -102.61 -53.9199 -3.14235 46.4806 96.1036 147.223 199 
100 66.0126 32.0252 -1.96227 -35.9497 -69.9908 -107.22 -144.006 -182.284 -220.124 -263.431 -309.105 -352.916 -390.878 -424.865 -456.835 -490.914 -527.301 -567.214 -609.719 -652.953 -698.163 -743.913 -783.072 -822.903 -860.311 -890.679 -916.282 -948.881 -982.907 -1016.25 -1048.2 -1079.32 -1114.75 -1149.33 -1184.04 -1214.38 -1243.59 -1271.98 -1297.2 -1323.75 -1352.49 -1377.85 -1408.54 -1441.13 -1472.47 -1500.74 -1518.55 -1528.82 -1535.27 -1538.8 -1539.36 -1538.12 -1537.04 -1533.51 -1525.28 -1512.93 -1499.91 -1484.54 -1465.28 -1438.79 -1411.98 -1384.18 -1359.79 -1333.84 -1307.97 -1277.04 -1239.56 -1204.12 -1176.48 -1147.39 -1111.37 -1076.73 -1044.45 -1008.74 -970.598 -934.454 -895.937 -854.366 -806.541 -753.704 -697.894 -644.599 -589.641 -536.109 -483.883 -435.596 -384.849 -339.407 -295.259 -251.823 -206.2 -159.888 -109.881 -59.9139 -6.95102 43.7959 94.5428 146.233 199 
100 64.7061 29.4122 -3.37 -35.742 -69.7773 -104.935 -143.03 -182.078 -221.619 -265.381 -309.441 -351.333 -389.291 -424.585 -459.478 -494.491 -533.937 -572.904 -616.738 -658.051 -696.644 -738.31 -780.254 -819.949 -852.328 -882.306 -911.565 -944.181 -976.553 -1012.69 -1049.25 -1082.18 -1118.44 -1151.75 -1184.8 -1213.79 -1244.23 -1274.52 -1302.76 -1331.65 -1358.77 -1379.74 -1408.22 -1440.6 -1469.8 -1494.79 -1507.01 -1509.27 -1513.28 -1517.54 -1517.21 -1514.11 -1511.61 -1503.5 -1497.89 -1489.53 -1474.61 -1452.72 -1426.15 -1399.88 -1377.28 -1358.86 -1342.11 -1323.63 -1303.53 -1273.81 -1238.16 -1197.91 -1163.1 -1130.63 -1098.66 -1065.18 -1033.28 -1001.89 -970.386 -933.889 -892.503 -849.059 -801.791 -752.81 -706.78 -659.575 -608.76 -556.938 -505.913 -456.151 -401.462 -346.398 -295.398 -245.59 -194.865 -146.828 -100.988 -52.4702 -2.47419 46.9663 96.4067 147.687 199 
100 65.7649 31.5297 -2.70542 -36.9406 -70.9921 -108 -145.034 -183.343 -221.63 -264.244 -310.166 -354.435 -391.899 -426.135 -458.286 -491.85 -528.19 -567.544 -610.101 -653.707 -698.484 -743.19 -782.881 -822.96 -860.737 -891.243 -916.294 -948.243 -982.478 -1016.28 -1048.72 -1080.35 -1115.02 -1149.36 -1183.85 -1213.96 -1243.47 -1271.93 -1297.4 -1323.2 -1352.09 -1378.42 -1409.71 -1439.48 -1468.27 -1492.9 -1508.71 -1519.74 -1526.37 -1530.22 -1532.08 -1531.37 -1530.54 -1525.79 -1519.01 -1506.95 -1494.13 -1479.35 -1460.26 -1434.65 -1407.95 -1382.57 -1358.47 -1333.01 -1307.63 -1277.88 -1241.04 -1206.62 -1180.51 -1152.07 -1116.39 -1078.9 -1043.42 -1007.5 -969.63 -934.045 -896.127 -854.88 -807.313 -754.573 -700.397 -647.25 -593.384 -539.929 -488.635 -440.996 -388.278 -340.359 -295.332 -252.557 -207.488 -162.068 -112.224 -62.6401 -10.3834 40.1158 90.615 143.866 199 
100 63.1824 26.3648 -8.01616 -41.9119 -77.4182 -113.694 -153.301 -193.409 -234.653 -279.461 -324.757 -369.028 -408.44 -445.258 -481.627 -517.594 -558.119 -598.607 -643.407 -686.862 -726.639 -770.143 -813.156 -853.599 -887.835 -919.239 -949.368 -982.192 -1016.09 -1052.96 -1091.14 -1124.08 -1159.51 -1194.3 -1228.53 -1258.52 -1290.36 -1321.78 -1351.46 -1380.83 -1408.34 -1430.58 -1460.73 -1494.62 -1524.93 -1551.42 -1564.09 -1569.05 -1573.73 -1579.02 -1580.47 -1578.36 -1576.46 -1569.81 -1565.42 -1558.4 -1543.87 -1523.11 -1497 -1469.59 -1445.41 -1422.82 -1402.16 -1380.54 -1358.08 -1327.61 -1290.39 -1249.46 -1213.26 -1177.77 -1141.54 -1103.96 -1068.77 -1036.01 -1002.69 -965.05 -922.559 -877.562 -828.636 -778.792 -732.714 -685.049 -633.028 -580.094 -528.32 -476.388 -420.34 -363.723 -312.188 -261.111 -209.522 -160.247 -112.927 -63.1344 -11.4285 39.4101 90.2487 143.7 199 
100 61.5816 25.6622 -9.83432 -45.3308 -80.5084 -118.146 -156.418 -195.725 -235.49 -278.924 -325.511 -370.713 -409.184 -444.681 -478.097 -512.556 -549.661 -589.877 -632.999 -677.954 -723.878 -772.167 -814.062 -855.402 -894.204 -926.137 -951.991 -983.823 -1019.32 -1055.88 -1092.68 -1128.81 -1166.42 -1201.87 -1237.4 -1267.77 -1298.78 -1328.27 -1355 -1381.46 -1411.37 -1439.86 -1472.39 -1503.21 -1533.22 -1557.98 -1575.45 -1588.14 -1596.2 -1600.99 -1604.69 -1605 -1605.31 -1604.74 -1602.73 -1591.9 -1580.33 -1567.08 -1549.2 -1525.36 -1498.13 -1472.1 -1446.41 -1419.55 -1392.78 -1359.07 -1317.95 -1279.85 -1250.15 -1217.65 -1177.64 -1135.47 -1094.72 -1054.95 -1015.55 -978.729 -938.238 -892.075 -839.792 -785.648 -730.871 -675.963 -621.391 -566.086 -512.884 -463.646 -409.388 -360.14 -314.201 -269.848 -220.845 -171.676 -120.395 -69.3674 -15.9414 36.2183 88.378 142.566 199 
100 60.9449 24.1518 -10.3643 -44.2355 -79.6355 -115.402 -154.949 -194.533 -236.013 -280.513 -325.164 -370.485 -413.029 -451.988 -488.235 -523.836 -564.33 -604.832 -648.883 -692.743 -730.533 -771.028 -813.581 -853.243 -887.831 -918.748 -950.333 -981.322 -1015.19 -1051.31 -1089.09 -1120.98 -1154.56 -1189.4 -1223.49 -1253.55 -1285.21 -1316.16 -1345.71 -1374.24 -1400.4 -1422.59 -1452.42 -1486.29 -1516.23 -1543.04 -1557.94 -1566.72 -1573.97 -1577.98 -1579.12 -1577.88 -1575.83 -1569.1 -1564.35 -1556.58 -1541.58 -1520.52 -1493.73 -1466.65 -1442.62 -1419.64 -1399.22 -1377.27 -1353.84 -1324.39 -1286.71 -1246.91 -1210.76 -1175.08 -1138.83 -1101.5 -1066.84 -1034.05 -1000.18 -962.979 -920.193 -875.117 -825.89 -776.704 -731.83 -684.743 -633.164 -580.523 -529.082 -476.271 -420.191 -363.891 -313.219 -261.611 -210.595 -161.34 -113.972 -64.1887 -12.3169 38.5462 89.4094 144.062 199 
100 58.3969 18.1614 -22.0741 -62.3096 -102.065 -143.651 -186.615 -230.35 -275.088 -320.098 -367.839 -415.392 -455.691 -493.004 -528.309 -564.348 -602.84 -644.435 -688.63 -735.454 -782.756 -832.162 -876.096 -919.253 -959.131 -992.879 -1021.13 -1052.96 -1090.27 -1128.29 -1167 -1205.22 -1243.58 -1280.6 -1317.42 -1349.62 -1382.62 -1413.67 -1442.22 -1471.92 -1506.26 -1540.36 -1577.28 -1611.11 -1643.04 -1668.6 -1688.22 -1702.99 -1713.11 -1717.29 -1720.41 -1720.38 -1719.39 -1718.12 -1715.7 -1703.66 -1690.99 -1676.82 -1657.86 -1633.43 -1605.13 -1577.72 -1551.05 -1523.4 -1495.6 -1460.02 -1418.15 -1379.87 -1349.8 -1316.81 -1276.06 -1231.56 -1188.82 -1148.22 -1108.13 -1070.42 -1028.54 -981.081 -927.836 -870.73 -812.984 -753.954 -696.403 -636.869 -579.462 -526.197 -468.243 -415.95 -365.31 -314.223 -258.957 -204.215 -146.188 -87.9617 -31.0318 25.1545 81.3409 138.951 199 
100 54.0985 10.3201 -31.4207 -72.2773 -114.82 -157.005 -203.478 -249.514 -298.316 -347.121 -395.281 -444.42 -491.121 -534.049 -574.211 -613.694 -657.999 -702.511 -749.863 -798.279 -840.232 -884.363 -932.479 -978.399 -1020.38 -1057.38 -1095.02 -1128.72 -1166.46 -1205.26 -1243.54 -1275.62 -1308.87 -1343.79 -1376.11 -1407.26 -1439.45 -1471.54 -1502.08 -1530.26 -1557.08 -1580.41 -1610.83 -1645.84 -1676.88 -1704.63 -1720.15 -1729.87 -1735.75 -1736.83 -1735.91 -1732.63 -1728.48 -1720.34 -1713.57 -1703.27 -1686.07 -1663.19 -1634.15 -1605.72 -1580.23 -1555 -1532.91 -1508.36 -1482.67 -1451.67 -1413.19 -1375.87 -1340.8 -1304.37 -1266.33 -1227.75 -1191.18 -1156.68 -1120.44 -1081.77 -1037.01 -989.489 -935.965 -882.75 -833.872 -782.455 -726.801 -669.808 -614.223 -555.792 -495.172 -435.331 -380.116 -323.553 -265.969 -209.172 -154.217 -96.2629 -37.3059 21.1813 79.6684 139.797 199 
100 55.92 13.3484 -29.2232 -71.7948 -113.694 -157.342 -201.718 -244.448 -288.905 -333.366 -379.805 -427.282 -469.932 -512.504 -553.205 -593.987 -635.512 -680.993 -726.743 -775.915 -825.097 -876.133 -922.55 -968.043 -1009.22 -1044.99 -1076.34 -1110.03 -1148.97 -1189.29 -1226.99 -1264.56 -1301.5 -1337.13 -1370.23 -1402.24 -1434.69 -1464.87 -1492.83 -1521.39 -1554.78 -1588.59 -1624.82 -1657.74 -1688.83 -1712.28 -1730.12 -1745.91 -1756.77 -1759.73 -1762.83 -1762.83 -1761.07 -1759.73 -1756.86 -1744.51 -1731.27 -1716.92 -1699.29 -1677.83 -1652.67 -1628.12 -1603.87 -1577.07 -1548.28 -1511.96 -1470.08 -1429.71 -1396.31 -1362.67 -1322.34 -1277.47 -1233.85 -1192.68 -1152.75 -1114.44 -1071.59 -1023.47 -970.414 -913.448 -856.885 -797.191 -739.681 -679.856 -621.854 -567.737 -509.66 -454.802 -400.548 -345.747 -287.79 -230.963 -169.609 -107.604 -47.7223 11.9717 72.3972 135.907 199 
100 51.9228 5.82568 -38.5516 -81.7269 -125.927 -169.857 -218.488 -266.28 -317.476 -367.527 -417.348 -468.559 -517.578 -562.858 -606.033 -647.607 -693.388 -739.807 -788.826 -840 -884.417 -930.396 -980.697 -1028.26 -1073 -1111.49 -1151.7 -1187.51 -1226.53 -1267.18 -1306.19 -1341.24 -1375.46 -1410.6 -1441.88 -1474.58 -1508.06 -1542.47 -1574.06 -1600.3 -1626.45 -1649.32 -1678.17 -1709.38 -1736.22 -1762.28 -1777.73 -1787.11 -1793.01 -1792.22 -1791.15 -1786.8 -1781.96 -1773.73 -1766.26 -1754.59 -1736.4 -1714.5 -1685.17 -1659.04 -1633.39 -1606.99 -1584.01 -1557.98 -1531.23 -1499.52 -1461.2 -1424.63 -1388.96 -1353.23 -1317.51 -1279.93 -1240.26 -1202.26 -1165.11 -1125.69 -1077.4 -1027.73 -977.13 -927.465 -881.272 -830.024 -774.498 -717.285 -658.709 -596.573 -533.987 -473.097 -414.444 -354.413 -293.686 -233.484 -175.106 -113.252 -51.2402 10.772 72.7842 136.763 199 
100 53.7899 9.23169 -35.3265 -79.8847 -123.863 -168.94 -215.422 -259.861 -306.418 -353.195 -400.854 -450.564 -495.584 -540.142 -583.035 -625.076 -667.831 -714.434 -761.915 -812.483 -863.185 -915.408 -963.839 -1011.32 -1053.55 -1091.03 -1124.51 -1159.95 -1199.82 -1242.27 -1281.42 -1321.11 -1359.17 -1391.08 -1421.67 -1452.9 -1483.71 -1513.12 -1540.14 -1567.21 -1598.97 -1631.84 -1666.85 -1698.29 -1727.74 -1749.88 -1766.66 -1781.36 -1791.5 -1792.72 -1795.98 -1798.43 -1798.47 -1798.12 -1793.94 -1781.54 -1767.44 -1752.77 -1732.11 -1708.88 -1683.63 -1657.88 -1633.56 -1607.66 -1576.9 -1540.27 -1497.8 -1458.12 -1423.79 -1390.14 -1349.28 -1304.83 -1260.01 -1217.92 -1175.39 -1133.22 -1088.45 -1039.86 -989.175 -932.402 -875.206 -814.577 -756.335 -697.799 -642.039 -589.271 -534.363 -479.266 -424.202 -368.171 -309.959 -252.968 -191.52 -126.146 -62.5945 0.956656 64.9062 132.527 199 
100 51.849 5.53391 -39.4528 -82.8461 -126.732 -170.792 -218.885 -266.774 -317.385 -367.582 -417.086 -469.022 -518.53 -562.801 -603.273 -642.564 -685.704 -731.868 -781.105 -832.235 -877.154 -922.838 -973.183 -1020.35 -1065.78 -1104.27 -1144.63 -1180.42 -1219.3 -1259.45 -1297.14 -1333.27 -1366.91 -1398.69 -1427.02 -1458.53 -1490.79 -1525.42 -1557.04 -1582.59 -1608.18 -1631.68 -1660.29 -1691.83 -1718.74 -1744.57 -1760.79 -1770.73 -1777.07 -1776.1 -1774.93 -1771.29 -1766.74 -1759.32 -1751.98 -1739.54 -1721.66 -1700.05 -1670.94 -1645.1 -1620.15 -1593.57 -1571.35 -1545.37 -1518.4 -1486.49 -1449.54 -1413.99 -1378.66 -1342.87 -1307.37 -1269.96 -1230.02 -1191.36 -1154.62 -1116.32 -1067.24 -1018.65 -968.935 -920.782 -875.344 -824.541 -769.949 -713.369 -656.619 -600.633 -542.782 -485.287 -429.149 -369.592 -309.539 -249.716 -190.687 -126.565 -61.8485 2.86757 67.5836 134.284 199 
100 51.8485 6.17565 -39.4972 -85.17 -133.16 -179.011 -226.807 -272.496 -319.816 -368.336 -416.931 -466.64 -513.192 -558.864 -602.965 -644.654 -688.335 -735.1 -783.695 -834.287 -885.804 -938.253 -989.712 -1039.97 -1082.57 -1121.23 -1155.48 -1191.73 -1233.06 -1276.58 -1316.36 -1357.28 -1395.7 -1430.71 -1465.3 -1498.09 -1529.22 -1559.83 -1587.97 -1616.11 -1647.73 -1681.72 -1717.61 -1750.7 -1780.48 -1803.45 -1820.71 -1836.82 -1848.01 -1850.3 -1854.02 -1857.91 -1858.89 -1859.08 -1855.82 -1845.47 -1832.75 -1819.54 -1799.45 -1778 -1751.18 -1720.82 -1694.33 -1666.71 -1632.63 -1593.57 -1552.06 -1513.16 -1477.02 -1442.33 -1399.93 -1355.3 -1308.46 -1264.44 -1220.6 -1176.49 -1129.37 -1079.23 -1027.11 -969.578 -908.279 -842.92 -780.172 -720.087 -662.8 -607.64 -552.911 -496.964 -440.29 -382.083 -322.894 -264.374 -201.84 -134.677 -69.3187 -3.96034 61.4538 130.72 199 
100 47.5 -1.28068 -48.2956 -93.2604 -138.839 -184.541 -233.373 -282.886 -334.2 -386.061 -437.119 -489.787 -540.808 -587.199 -629.241 -670.603 -715.265 -762.62 -813.428 -865.038 -912.54 -959.239 -1010.71 -1059.21 -1106.28 -1143.66 -1182.18 -1219.66 -1260.46 -1301.31 -1339.2 -1377.49 -1412.56 -1444.17 -1473.36 -1506.06 -1539.49 -1575.29 -1608.24 -1637.95 -1666.93 -1695.36 -1727.09 -1760.23 -1788.58 -1815.72 -1833.99 -1845.9 -1853.75 -1854.39 -1854.32 -1852.89 -1850.05 -1844.8 -1838.43 -1826.87 -1811.15 -1791.1 -1763.73 -1739.74 -1717.53 -1692.2 -1667.33 -1639.92 -1612.73 -1579.36 -1541.42 -1505.38 -1468.39 -1431.31 -1394.31 -1355.33 -1313.94 -1272.99 -1235.12 -1195.86 -1145.01 -1096.67 -1045.7 -996.706 -947.576 -892.666 -833.743 -772.56 -711.792 -651.203 -590.66 -528.736 -469.058 -405.362 -341.746 -277.851 -214.569 -147.672 -78.6832 -9.6949 59.2934 130.012 199 
100 51.5183 5.44697 -40.6244 -86.6957 -135.237 -181.327 -228.905 -275.205 -322.442 -371.942 -420.935 -470.088 -517.481 -563.552 -608.078 -648.789 -692.441 -738.572 -787.565 -836.741 -888.656 -940.474 -991.885 -1042.24 -1085.09 -1124.09 -1158.35 -1195.2 -1237.28 -1280.85 -1320.72 -1362.11 -1398.94 -1430.78 -1462.85 -1494.31 -1525.25 -1555.99 -1584.53 -1613.07 -1642.3 -1673.77 -1707.99 -1741.46 -1770.82 -1793.97 -1811.99 -1831.68 -1845.89 -1851.56 -1856.22 -1862.78 -1866.89 -1867.46 -1864.78 -1855.66 -1843.6 -1831.07 -1813.76 -1796.76 -1773.77 -1744.99 -1718.94 -1691.38 -1656.45 -1617.79 -1578.5 -1545.41 -1512.59 -1481.41 -1440.74 -1395.64 -1349.06 -1304.96 -1262.46 -1218.66 -1173.91 -1127.2 -1074.99 -1018.51 -958.464 -893.504 -831.399 -769.729 -710.225 -651.85 -596.389 -538.748 -479.822 -418.726 -356.174 -292.505 -224.847 -155.725 -85.6049 -14.8013 56.0023 128.196 199 
100 47.3625 -1.89185 -49.6982 -94.9401 -140.871 -186.913 -235.115 -284.961 -335.62 -387.828 -439.096 -491.811 -543.117 -590.305 -632.626 -675.085 -719.603 -766.83 -817.873 -868.5 -917.332 -963.807 -1015.08 -1063.68 -1111.17 -1149.24 -1188.94 -1227.59 -1269.01 -1309.16 -1345.46 -1381.3 -1414.37 -1443.44 -1469.65 -1498.35 -1527.16 -1556.85 -1587.48 -1617.87 -1645.84 -1675.04 -1705.99 -1739.44 -1767.94 -1795.28 -1814.16 -1826.89 -1834.24 -1835.39 -1835.01 -1834.65 -1832 -1827.93 -1821.36 -1809.35 -1794.49 -1775.31 -1748.57 -1725.75 -1703.55 -1678.42 -1652.44 -1625.27 -1598.05 -1565.28 -1528.58 -1493.73 -1456 -1419.26 -1381.92 -1343.38 -1303.64 -1263.37 -1226.01 -1185.13 -1135.6 -1089.66 -1040.75 -991.514 -940.355 -882.963 -823.607 -762.429 -702.257 -641.143 -581.9 -520.451 -462.56 -402.494 -342.667 -282.215 -221.416 -154.67 -83.0373 -11.4042 60.2288 130.289 199 
100 51.6814 5.7278 -40.2258 -86.1794 -134.468 -180.422 -227.341 -273.753 -320.317 -370.225 -419.1 -467.519 -515.255 -561.208 -605.573 -644.817 -688.029 -733.182 -781.81 -829.608 -880.784 -931.397 -982.142 -1032.9 -1078.68 -1118.72 -1152.16 -1189 -1231.29 -1274.37 -1314.28 -1355.19 -1391.54 -1422.77 -1454.76 -1485.01 -1515.06 -1546.16 -1574.58 -1603.01 -1630.76 -1662.03 -1694.86 -1728.19 -1756.85 -1779.83 -1797.61 -1817.27 -1830.78 -1836.5 -1840.28 -1847.13 -1850.61 -1849.84 -1847.06 -1838.29 -1826.23 -1813.67 -1795.47 -1779.7 -1757.02 -1728.03 -1704.33 -1679.19 -1644.03 -1605.25 -1567.48 -1535.46 -1502.52 -1471.32 -1431.64 -1386.83 -1340.39 -1295.76 -1253.3 -1209.3 -1164.68 -1116.84 -1064.11 -1007.94 -948.832 -883.954 -821.798 -760.306 -701.015 -641.707 -586.619 -530.041 -471.43 -410.003 -347.891 -284.467 -218.696 -153.885 -86.0291 -15.1078 56.1546 128.079 199 
100 47.9499 -1.01498 -48.7234 -93.7153 -139.225 -184.867 -231.968 -281.42 -330.634 -382.433 -433.128 -485.103 -535.763 -583.248 -625.113 -667.715 -712.03 -758.694 -808.872 -859.002 -907.25 -952.895 -1003.12 -1051.09 -1098.34 -1136.34 -1174.65 -1212.57 -1253.85 -1292.23 -1327.25 -1362.62 -1395.84 -1425.08 -1453.15 -1483.06 -1511.34 -1540.02 -1570.19 -1600.37 -1627.16 -1657.04 -1689.59 -1725.48 -1757.1 -1787.04 -1808.46 -1822.3 -1829.12 -1830.08 -1829.06 -1832.06 -1831.71 -1830.84 -1825.56 -1812.41 -1797.25 -1778.76 -1752.26 -1729.76 -1706.72 -1681.02 -1656.15 -1631.42 -1605.06 -1572.2 -1536.17 -1501.54 -1462.56 -1425.42 -1387.04 -1348.22 -1307.56 -1266.92 -1229.36 -1188.42 -1139.5 -1093.25 -1044.42 -995.289 -944.318 -886.774 -826.317 -764.631 -704.231 -641.949 -582.504 -521.328 -463.82 -404.093 -344.316 -283.348 -221.596 -156.242 -84.1537 -12.0653 60.023 129.834 199 
100 49.9198 2.18299 -45.5539 -93.2907 -143.071 -190.808 -239.565 -287.879 -335.725 -387.566 -438.537 -488.137 -538.125 -585.862 -631.787 -671.51 -716.405 -762.579 -812.58 -861.734 -913.829 -965.067 -1016.84 -1069.33 -1117.07 -1158.75 -1193.15 -1231.75 -1276.13 -1320.95 -1362.89 -1404.37 -1442.45 -1474.87 -1509.79 -1542.4 -1573.3 -1606.52 -1636.73 -1664.13 -1689.77 -1719.39 -1750.57 -1782.64 -1809.85 -1832.66 -1851.75 -1873.07 -1887.57 -1895.44 -1898.03 -1903.51 -1902.87 -1897.18 -1890.61 -1877.68 -1862.13 -1845.56 -1823.3 -1807.53 -1784.12 -1752.8 -1724.58 -1695.43 -1659.47 -1619.55 -1582.47 -1550.14 -1516.31 -1483.96 -1447.12 -1403.15 -1356.14 -1310.05 -1266.61 -1221.46 -1175.85 -1125.97 -1071.93 -1015.28 -956.209 -890.447 -827.153 -765.036 -704.664 -643.446 -587.883 -531.219 -473.407 -413.886 -354.265 -290.192 -223.221 -158.798 -90.5753 -18.5154 54.6069 126.94 199 
100 44.9557 -7.25783 -58.0837 -106.652 -155.417 -204.221 -254.765 -307.399 -358.887 -413.723 -467.471 -522.224 -575.673 -626.499 -672.167 -717.842 -766.09 -815.697 -868.581 -922.029 -974.329 -1022.65 -1075.42 -1126.35 -1176.8 -1218.47 -1258.89 -1299.57 -1344.26 -1384.79 -1422.42 -1460.38 -1497.44 -1528.59 -1556.61 -1585.95 -1613.58 -1641.76 -1672.13 -1702.5 -1729.41 -1758.82 -1790.79 -1826.72 -1859.25 -1887.55 -1906.1 -1919.07 -1927.01 -1928.48 -1928.49 -1929.43 -1929.1 -1929.1 -1920.79 -1904.42 -1886.69 -1865.32 -1837.01 -1812.53 -1785.93 -1756.8 -1728.52 -1700.83 -1672 -1636.79 -1599.52 -1562.49 -1520.08 -1480.28 -1439.06 -1397.11 -1353.31 -1310.1 -1270.18 -1226.95 -1176.28 -1126.07 -1074.84 -1024.88 -971.472 -911.393 -847.448 -783.345 -720.217 -654.831 -592.657 -529.759 -470.44 -411.148 -351.035 -289.648 -228.731 -165.045 -93.1527 -19.4903 55.2144 127.107 199 
100 48.6503 -0.352885 -49.3561 -98.3592 -148.985 -197.988 -248.497 -297.986 -346.957 -400.072 -452.692 -502.976 -554.699 -603.703 -649.355 -690.245 -736.223 -782.893 -833.749 -883.77 -936.854 -988.099 -1040.41 -1093.96 -1142.72 -1183.42 -1218.13 -1257.85 -1303.79 -1349.87 -1393.33 -1434.67 -1473.44 -1507.81 -1543.09 -1576.29 -1607.83 -1641.85 -1673.41 -1701.96 -1728.42 -1758.42 -1790.72 -1823.44 -1851.75 -1875.52 -1892.75 -1911.61 -1923.62 -1929.69 -1931.32 -1935.12 -1935.88 -1930.96 -1925.4 -1914.02 -1900.28 -1884.69 -1863.79 -1849.88 -1826.28 -1793.51 -1763.19 -1732.38 -1695.19 -1653.73 -1616.63 -1583.44 -1548.36 -1514.26 -1476.43 -1431.45 -1383.42 -1335.43 -1290.84 -1243.74 -1196.5 -1143.96 -1086.94 -1028.5 -968.473 -901.327 -836.473 -773.122 -711.094 -648.045 -591.027 -533.492 -473.994 -413.564 -353.928 -291.926 -227.456 -165.221 -97.2172 -23.5017 51.5689 125.284 199 
100 45.2708 -6.83409 -57.4558 -106.228 -155.213 -203.849 -254.453 -306.579 -357.173 -411.59 -462.612 -513.846 -563.91 -611.61 -657.624 -703.002 -751.815 -801.176 -853.444 -906.955 -960.769 -1010.18 -1062.45 -1112.7 -1162.56 -1204.65 -1243.86 -1283.83 -1328.59 -1368.1 -1405.11 -1442.27 -1479.99 -1510.63 -1537.19 -1565.25 -1592.92 -1619.58 -1649.75 -1679.92 -1706.91 -1735.67 -1767.07 -1802.17 -1835.24 -1863.99 -1884.56 -1899.48 -1909.92 -1914.8 -1917.75 -1918.09 -1917.39 -1917.31 -1908.43 -1891.85 -1873.94 -1852.99 -1825.49 -1801.63 -1774 -1743.74 -1714.82 -1686.65 -1657.93 -1623.03 -1586.19 -1548.36 -1505.92 -1465.97 -1423.97 -1381.44 -1337.04 -1293.77 -1254.37 -1211.17 -1161.59 -1110.22 -1059.33 -1010.51 -956.847 -896.742 -831.93 -767.864 -704.467 -639.046 -577.889 -518.949 -462.935 -407.381 -347.93 -285.881 -225.046 -161.214 -92.7974 -19.3015 54.8061 126.903 199 
100 44.9717 -7.63296 -60.2376 -112.842 -167.018 -219.623 -274.13 -326.898 -379.296 -435.961 -492.512 -546.061 -601.588 -654.452 -702.103 -746.478 -795.704 -845.699 -896.938 -947.393 -1000.12 -1051.41 -1103.37 -1157.21 -1206.89 -1248.41 -1283.12 -1323.12 -1369.88 -1416.64 -1460.91 -1502.01 -1541.1 -1576.9 -1612.2 -1644.47 -1676.62 -1709.94 -1742.56 -1771.79 -1798.16 -1827.98 -1861.11 -1893.09 -1922.37 -1946.07 -1963.61 -1982.35 -1993.74 -2000.74 -2003.85 -2007.56 -2009.01 -2004.44 -1999.08 -1988.77 -1976.23 -1960.94 -1940.78 -1927.86 -1905.6 -1874 -1841.49 -1808.27 -1769.59 -1726.51 -1687.87 -1653.52 -1617 -1580.42 -1540.22 -1494.04 -1444.47 -1394.16 -1346.15 -1293.57 -1240.96 -1183.39 -1123.14 -1063.4 -1001.9 -932.851 -865.976 -800.625 -736.354 -671.043 -611.965 -552.574 -490.803 -429.26 -367.829 -304.047 -238.602 -174.332 -105.336 -29.3783 47.0843 123.042 199 
100 42.8734 -13.1665 -69.2064 -123.895 -178.869 -232.947 -289.17 -346.739 -402.079 -461.494 -517.863 -574.068 -629.358 -682.476 -734.589 -785.244 -840.175 -894.891 -952.316 -1011.57 -1070.8 -1123.7 -1177.76 -1230.14 -1282.13 -1327.32 -1368.31 -1410.23 -1454.44 -1491.34 -1527.58 -1564.7 -1603.21 -1634.15 -1662.35 -1691.39 -1721.72 -1749.85 -1782.15 -1814.81 -1845.09 -1874.83 -1903.53 -1934.61 -1964.99 -1991.21 -2010.12 -2023.67 -2033.12 -2038.13 -2041.57 -2041.02 -2039.94 -2039.62 -2029.91 -2012.9 -1994.72 -1974.4 -1947.9 -1926.78 -1901.95 -1871.9 -1841.94 -1813.25 -1783.6 -1746.45 -1705.14 -1660.65 -1614.51 -1570.92 -1524.45 -1475.3 -1427.2 -1380.82 -1338.55 -1292.35 -1240.68 -1185.98 -1132.48 -1081.64 -1024.52 -960.747 -891.928 -824.867 -757.673 -689.605 -625.515 -563.96 -505.886 -447.338 -384.688 -317.16 -250.33 -180.082 -106.126 -28.4981 48.1111 123.556 199 
100 40.0042 -17.4761 -74.9565 -131.938 -191.339 -248.819 -308.502 -366.48 -423.765 -482.816 -541.595 -596.759 -654.162 -709.428 -757.427 -803.588 -854.721 -909.236 -965.334 -1019.73 -1073.01 -1125.9 -1178.75 -1234.91 -1289.47 -1335.59 -1370.49 -1409.25 -1455.05 -1500.84 -1544.18 -1583.88 -1621.77 -1657.11 -1690.78 -1720.44 -1751.38 -1783.33 -1814.67 -1841.52 -1863.58 -1888.19 -1916.76 -1945.1 -1973.62 -1995.47 -2012.04 -2026.98 -2035.16 -2041.45 -2044.15 -2046.14 -2046.52 -2040.81 -2033.82 -2023.02 -2009.98 -1991.23 -1967.2 -1950.18 -1928.45 -1900.08 -1868.93 -1835.77 -1797.35 -1754.36 -1715 -1680.96 -1644.21 -1606.23 -1564.52 -1518.08 -1468.3 -1417.11 -1367.08 -1313.53 -1259.31 -1200.38 -1138.07 -1075.46 -1013.48 -943.942 -876.342 -810.19 -744.891 -678.763 -619.368 -559.254 -496.662 -435.383 -373.912 -308.616 -242.381 -177.143 -108.345 -31.4192 45.1483 122.074 199 
100 40.1682 -18.663 -77.4943 -135.556 -193.787 -250.67 -309.866 -370.411 -427.796 -486.278 -542.475 -598.384 -653.09 -706.077 -758.736 -809.067 -864.228 -918.533 -975.266 -1034.72 -1093.73 -1147 -1200.22 -1252.39 -1303.88 -1349.41 -1389.53 -1430.93 -1474.55 -1513.69 -1552.47 -1592.68 -1633.76 -1666.2 -1693.38 -1721.11 -1751.29 -1778.44 -1810 -1842.53 -1872.94 -1902.29 -1932.99 -1964.37 -1994.52 -2015.64 -2032.26 -2044.82 -2054.06 -2059.2 -2063.28 -2062.7 -2061.42 -2060.71 -2050.93 -2033.79 -2015.78 -1996.42 -1970.39 -1948.29 -1923.4 -1891.24 -1860.64 -1831.6 -1802.51 -1766.19 -1725.51 -1681.1 -1634.9 -1590.63 -1543.96 -1494.42 -1446.65 -1400.42 -1358.52 -1312.67 -1260.54 -1206.88 -1154.51 -1104.01 -1049.53 -988.099 -921.822 -855.1 -787.412 -720.433 -656.576 -593.618 -533.825 -473.428 -407.317 -337.683 -267.344 -193.8 -117.428 -36.7668 42.0063 120.503 199 
100 39.7194 -17.9665 -75.6525 -132.27 -192.201 -249.887 -310.07 -368.547 -426.142 -484.781 -543.975 -599.371 -656.884 -712.781 -759.404 -805.552 -856.461 -910.75 -967.104 -1022.13 -1074.98 -1126.94 -1178.9 -1234.89 -1289.65 -1336.41 -1371.61 -1413.01 -1461.93 -1509.18 -1551.07 -1590.75 -1628.55 -1663.61 -1696.58 -1727.15 -1758.01 -1789.42 -1820.92 -1847.81 -1869.65 -1893.17 -1922.15 -1950.78 -1979.06 -2000.39 -2017.17 -2032.03 -2039.71 -2046.44 -2049.65 -2051.82 -2051.39 -2045.52 -2038.27 -2028.31 -2014.73 -1992.97 -1966.78 -1946.49 -1924.43 -1897.41 -1866.37 -1832.9 -1795.85 -1754.2 -1715.22 -1682.67 -1646.79 -1607.89 -1566.21 -1520.81 -1471.85 -1421.11 -1368.25 -1314.9 -1260.31 -1202.51 -1141.8 -1081.2 -1019.73 -951.476 -883.986 -818.718 -753.327 -688.884 -629.705 -572.783 -513.615 -454.904 -393.799 -327.452 -260.22 -192.171 -118.334 -38.8749 39.7157 119.358 199 
100 40.464 -18.1434 -75.6422 -130.994 -186.388 -242.073 -301.187 -361.685 -418.661 -475.981 -531.94 -587.626 -642.377 -695.141 -747.905 -798.096 -852.596 -906.866 -963.458 -1023.01 -1081.76 -1134.64 -1187.6 -1239.54 -1290.46 -1336.01 -1375.44 -1416.14 -1461.81 -1503.59 -1544.64 -1587.77 -1631.3 -1664.87 -1691.62 -1718.1 -1748.59 -1776.5 -1806.77 -1839.08 -1869.5 -1897.75 -1927.96 -1958.8 -1988.72 -2010.68 -2027.1 -2041.39 -2050.26 -2055.25 -2059.36 -2059.45 -2057.86 -2056.44 -2045.94 -2029.4 -2011.57 -1993.11 -1967.1 -1943.91 -1917.47 -1884.75 -1853.42 -1823.87 -1795.09 -1759.57 -1718.76 -1676.86 -1633.44 -1590 -1543.04 -1493.28 -1445.58 -1399.42 -1357.81 -1312.35 -1259.92 -1207.37 -1155.96 -1105.51 -1050.43 -988.228 -921.293 -854.827 -786.642 -720.996 -657.279 -595.176 -536.088 -474.868 -408.578 -338.566 -267.521 -193.417 -117.348 -37.162 41.5587 120.279 199 
100 36.7704 -23.8001 -82.5637 -138.801 -198.365 -256.327 -316.865 -378.476 -439.068 -499.849 -562.069 -620.482 -681.052 -739.326 -788.209 -837.092 -890.233 -946.901 -1007.05 -1065.56 -1120.69 -1173.98 -1228.11 -1286.14 -1340.86 -1389.81 -1427.28 -1471.21 -1523.02 -1573.4 -1614.1 -1653.55 -1691.03 -1725.65 -1758.33 -1787.63 -1818.18 -1849.53 -1880.45 -1907.18 -1930.55 -1956.1 -1986.24 -2011.95 -2037.16 -2057.81 -2074.55 -2089.66 -2097.77 -2107.35 -2111.67 -2113.8 -2112.41 -2106.62 -2098.82 -2089.26 -2076.71 -2058.22 -2035.45 -2017.21 -1995.01 -1968.35 -1938.6 -1904.82 -1868.65 -1828.01 -1787.97 -1756.18 -1720.45 -1680.26 -1638.29 -1593.74 -1543.18 -1489.4 -1433.07 -1376.77 -1318.06 -1255.64 -1190.93 -1126.32 -1059.31 -987.899 -917.354 -849.776 -781.533 -715.388 -653.405 -593.837 -531.608 -470.65 -407.13 -341.25 -274.711 -205.896 -129.629 -47.8136 33.7973 116.399 199 
100 35.5579 -28.0136 -90.0043 -151.158 -211.876 -271.98 -333.182 -395.949 -454.827 -513.024 -571.04 -629.046 -685.884 -740.69 -795.496 -848.335 -904.236 -960.518 -1019.7 -1081.6 -1142.33 -1197 -1251.83 -1305.84 -1359.27 -1407.08 -1448.18 -1490.97 -1538.45 -1580.32 -1620.15 -1662.53 -1704.6 -1738.54 -1767.34 -1793.34 -1822.14 -1849.28 -1877.64 -1909.07 -1939.03 -1965.33 -1994.54 -2024.13 -2052.87 -2077.17 -2095.6 -2111.54 -2121.95 -2128.87 -2132.88 -2133.04 -2132.04 -2131.43 -2123.02 -2108.6 -2091.07 -2075.43 -2051.99 -2029.57 -2002.69 -1971.43 -1938.66 -1908.29 -1878.63 -1843.37 -1801.24 -1759.89 -1718.6 -1677.06 -1631.98 -1584.48 -1537.06 -1487.44 -1442.41 -1390.89 -1333.9 -1278.68 -1221.74 -1164.31 -1102.22 -1034.87 -963.788 -895.419 -825.796 -757.299 -690.168 -625.716 -563.619 -499.204 -429.387 -355.564 -281.206 -205.799 -127.834 -47.1286 33.9556 116.478 199 
100 34.013 -29.6216 -90.635 -149.294 -208.444 -266.984 -327.832 -389.79 -450.776 -510.704 -571.022 -626.913 -684.703 -739.743 -788.768 -837.793 -890.585 -946.437 -1007.67 -1066.74 -1121.63 -1173.36 -1226.87 -1284.09 -1338.95 -1387.9 -1425.24 -1469.03 -1520.97 -1571.55 -1611.79 -1650.32 -1684.74 -1715.98 -1747.44 -1775.7 -1806.55 -1838.04 -1869.64 -1896.42 -1919.65 -1944.64 -1974.46 -2000.35 -2025.38 -2047.39 -2064.27 -2079.85 -2086.74 -2096.43 -2100.66 -2102.25 -2100.62 -2095.29 -2087.89 -2078.47 -2065.99 -2048.34 -2026.21 -2007.76 -1986.19 -1960.31 -1932.02 -1898.41 -1863.08 -1823.66 -1783.64 -1751.55 -1716.06 -1675.89 -1633.76 -1590.19 -1540.64 -1486.52 -1430.65 -1374.48 -1314.94 -1250.47 -1185.36 -1119.32 -1050.3 -979.524 -909.078 -842.319 -774.754 -709.763 -648.042 -589.299 -527.788 -466.255 -403.659 -338.471 -272.725 -204.875 -128.767 -47.477 34.082 116.541 199 
100 36.4443 -26.7417 -87.9479 -148.952 -207.222 -264.564 -324.428 -385.522 -443.897 -500.349 -558.022 -615.825 -675.783 -733.125 -790.468 -845.265 -900.258 -955.775 -1015.08 -1074.13 -1131.48 -1184.85 -1238.95 -1292.65 -1344.53 -1392.42 -1434.59 -1476.83 -1523.64 -1565.65 -1604.84 -1646.56 -1687.41 -1722.7 -1753.77 -1781.2 -1811.33 -1838.92 -1866.98 -1898.03 -1928.04 -1952.78 -1981.07 -2010.18 -2038.31 -2062.67 -2081.36 -2096.6 -2107.77 -2116.31 -2120.74 -2124.35 -2122.62 -2120.28 -2111.56 -2097.68 -2080.79 -2065.09 -2041.82 -2017.33 -1988.69 -1956.75 -1923 -1892.35 -1862.64 -1827.65 -1786.39 -1748.59 -1712.84 -1676.63 -1634.2 -1586.63 -1538.72 -1489.29 -1443.96 -1392.78 -1335.01 -1281.4 -1224.99 -1166.99 -1104.52 -1036.7 -964.961 -896.637 -827.184 -759.371 -692.219 -628.746 -566.683 -502.828 -433.527 -359.612 -284.391 -208.096 -128.707 -47.8981 33.1847 116.092 199 
100 31.1129 -34.4483 -97.4357 -156.677 -212.166 -269.365 -329.921 -394.366 -456.623 -515.037 -573.993 -629.31 -686.509 -739.928 -788.362 -836.796 -888.429 -942.584 -1004.51 -1062.8 -1117.1 -1167.02 -1218.73 -1272.94 -1324.01 -1370.63 -1407.38 -1450.21 -1501.27 -1551.2 -1590.53 -1628.35 -1661.29 -1693.26 -1728.11 -1759.37 -1792.08 -1825.91 -1860.54 -1886.91 -1909.3 -1933.12 -1961.48 -1986.97 -2011.09 -2032.05 -2048.35 -2063.19 -2068.51 -2077.59 -2082.92 -2086.13 -2086.01 -2083.81 -2076.1 -2066.24 -2053.6 -2035.31 -2013.06 -1995.34 -1977.45 -1954.31 -1928.79 -1898.14 -1865.2 -1825.6 -1785.17 -1752.17 -1714.97 -1674.29 -1631.65 -1588.25 -1538.77 -1484.38 -1427.85 -1371.1 -1311.08 -1247.08 -1185.18 -1122.85 -1057.04 -988.671 -919.629 -852.772 -785.547 -720.763 -658.892 -596.985 -532.93 -469.007 -406.36 -341.159 -275.398 -206.957 -130.739 -49.3683 32.8993 115.95 199 
100 36.2836 -26.9184 -87.8084 -149.023 -208.944 -266.303 -325.859 -387.137 -445.916 -501.303 -558.66 -616.533 -676.813 -734.415 -791.773 -847.241 -901.64 -956.627 -1016.4 -1075.48 -1132.75 -1186.38 -1239.25 -1292.66 -1344.01 -1392.12 -1433.61 -1475.9 -1522.01 -1561.78 -1598.35 -1636.9 -1674.15 -1706.7 -1737.69 -1764.65 -1793.19 -1820.76 -1849.39 -1880.45 -1910.94 -1934.6 -1962.41 -1991.74 -2019.74 -2044.04 -2063.83 -2078.85 -2089.52 -2097.78 -2102.31 -2106.78 -2104.79 -2101.31 -2093.06 -2077.58 -2059.56 -2040.95 -2016.12 -1989.72 -1962.34 -1933.51 -1901.5 -1873.94 -1847.75 -1814.33 -1774.03 -1735.97 -1700.31 -1664.03 -1621.86 -1574.64 -1526.48 -1478.04 -1432.51 -1382.11 -1324.49 -1272.12 -1216.84 -1159.39 -1097.04 -1028.8 -957.322 -889.04 -821.148 -753.736 -687.473 -624.659 -563.471 -501.402 -435.274 -364.541 -292.055 -217.68 -138.319 -56.2825 27.3728 113.186 199 
100 32.6795 -33.4986 -97.3061 -157.442 -213.553 -272.108 -333.817 -399.727 -463.597 -522.305 -581.878 -638.501 -697.056 -751.001 -800.79 -850.579 -902.917 -955.843 -1017.01 -1073.84 -1128.91 -1179.63 -1231.12 -1286.82 -1336.64 -1382.72 -1421.03 -1464.85 -1516.79 -1567.96 -1608.85 -1648.89 -1683.05 -1715.55 -1750.83 -1782.99 -1816.55 -1851.73 -1888.64 -1916.98 -1940.52 -1965.19 -1993.97 -2020.26 -2045.77 -2065.73 -2083.38 -2099.23 -2105.09 -2115.31 -2121.9 -2125.76 -2126.62 -2125.58 -2115.58 -2101.2 -2084.73 -2064.61 -2044.16 -2027.6 -2012.09 -1990.44 -1968.52 -1943.63 -1913.46 -1875.23 -1836.47 -1804.11 -1761.2 -1716.18 -1669.16 -1623.13 -1572.76 -1517.35 -1459.26 -1400.95 -1341.65 -1279.71 -1221.04 -1161.38 -1097.53 -1029.3 -959.29 -891.095 -823.928 -757.859 -695.048 -631.064 -566.562 -500.881 -436.717 -370.723 -301.327 -228.484 -148.401 -62.9753 23.9223 111.461 199 
100 34.4941 -29.1915 -90.7822 -153.461 -216.824 -275.493 -335.985 -398.767 -459.238 -514.798 -573.089 -632.302 -693.893 -753.274 -811.943 -869.263 -924.281 -979.91 -1040.99 -1100.88 -1159.54 -1215.14 -1268.59 -1322.31 -1374.32 -1423.31 -1465.32 -1508.89 -1555.53 -1597.39 -1635.62 -1675.41 -1714.12 -1747.41 -1779.41 -1806.65 -1835.82 -1864.73 -1895.19 -1927.57 -1959.55 -1983.57 -2012.12 -2042.91 -2071.8 -2097.55 -2116.47 -2130.23 -2139.07 -2147.94 -2153.74 -2159.81 -2159.27 -2156.52 -2149.98 -2135.9 -2121.19 -2103.8 -2080.38 -2053.43 -2027.37 -2000.01 -1968.19 -1942.12 -1918.81 -1886.67 -1848.18 -1811.73 -1776.28 -1738.33 -1694.73 -1646.23 -1596.18 -1546.8 -1499.5 -1448.22 -1389.75 -1336.42 -1280.68 -1222.16 -1159.9 -1092.41 -1022.01 -950.776 -880.016 -808.379 -738.817 -672.079 -607.604 -542.756 -472.914 -397.899 -320.472 -240.349 -156.161 -69.6095 18.3065 108.653 199 
100 31.7393 -32.4379 -93.7837 -151.312 -208.368 -267.863 -330.213 -397.19 -462.034 -520.579 -580.447 -637.917 -697.412 -753.005 -806.656 -860.307 -915.559 -972.119 -1034.36 -1092.64 -1148.34 -1199.43 -1251.26 -1307.24 -1357.72 -1405.28 -1444.97 -1489.24 -1541.61 -1593.7 -1635.07 -1675.61 -1710.62 -1743.36 -1777.47 -1807.9 -1840.77 -1876.89 -1915.19 -1945.35 -1969.78 -1994.86 -2023.21 -2050.91 -2080.27 -2103.34 -2121.93 -2138.25 -2144.73 -2154.73 -2162.17 -2166.21 -2167.77 -2168.06 -2159.76 -2145.93 -2131.46 -2112.09 -2092.97 -2077.23 -2063.36 -2042.89 -2021.01 -1998.76 -1969.47 -1932.17 -1894.68 -1863.44 -1823.07 -1782.16 -1737.2 -1689.65 -1638.18 -1582.42 -1525.38 -1468.36 -1409.33 -1346.23 -1287.46 -1226.36 -1162.47 -1093.29 -1021.89 -952.596 -882.649 -812.015 -744.894 -676.175 -606.935 -536.683 -467.616 -396.21 -321.766 -243.755 -161.403 -74.709 14.3349 106.558 199 
100 34.9819 -27.7308 -90.4434 -154.355 -220.426 -280.548 -341.897 -406.151 -467.705 -523.674 -582.421 -642.732 -705.445 -766.33 -826.121 -884.591 -939.987 -996.413 -1057.98 -1118.24 -1178.04 -1235.62 -1290.23 -1343.75 -1396.26 -1445.89 -1488.12 -1532.57 -1579.92 -1623.78 -1663.12 -1704.36 -1744.28 -1778.07 -1810.83 -1838.63 -1868.81 -1898.94 -1931.02 -1964.51 -1996.67 -2021.87 -2050.96 -2082.92 -2112.36 -2139.23 -2160.15 -2172.76 -2179.75 -2188.21 -2194.96 -2202.16 -2204.75 -2203.62 -2198.57 -2185.63 -2173.93 -2157.48 -2135.02 -2110.91 -2088.89 -2065.42 -2036.9 -2015.08 -1996.88 -1968.93 -1933.29 -1901 -1868.53 -1830.41 -1785.54 -1738.66 -1689.1 -1638.67 -1589.44 -1537.17 -1477.89 -1423.67 -1366.95 -1304.02 -1237.16 -1162.28 -1085.34 -1010.63 -937.491 -864.422 -794.205 -726.898 -659.61 -591.669 -517.434 -438.744 -355.672 -266.926 -175.17 -83.5689 8.86296 103.931 199 
100 28.9266 -37.9439 -101.683 -160.825 -220.654 -282.962 -348.034 -417.967 -485.561 -546.621 -607.994 -668.082 -730.301 -788.403 -844.867 -901.331 -958.412 -1017.7 -1082.5 -1144.23 -1202.25 -1255.79 -1310.14 -1367.83 -1419.12 -1466.66 -1509.55 -1556.36 -1608.13 -1659.81 -1701.05 -1739.6 -1772.91 -1804.76 -1837.17 -1867.18 -1899.8 -1935.89 -1974.38 -2005.27 -2029.6 -2054 -2081 -2109.14 -2138 -2161.45 -2179.93 -2195.55 -2201.77 -2211.15 -2218.06 -2221.56 -2222.78 -2223.28 -2215.47 -2201.53 -2187.69 -2168.19 -2149.32 -2133.43 -2119.77 -2099.63 -2077.8 -2054.76 -2025.21 -1988.08 -1950.83 -1919.51 -1878.18 -1837.36 -1791.97 -1743.54 -1690.38 -1634.99 -1578.06 -1521.02 -1461.85 -1400.28 -1341.85 -1280.66 -1214.27 -1140.98 -1067.12 -996.247 -923.448 -850.179 -780.136 -711.192 -641.749 -569.81 -497.313 -420.406 -340.265 -258.149 -172.596 -84.0984 8.15874 103.527 199 
100 30.8523 -35.954 -102.76 -170.831 -240.965 -306.88 -372.137 -440.776 -506.211 -566.028 -627.86 -692.163 -758.969 -824.234 -888.119 -950.401 -1009.62 -1069.49 -1134.3 -1198.03 -1261.92 -1324.35 -1382.97 -1439.28 -1495.29 -1548.49 -1593 -1635.54 -1680.92 -1724 -1761.6 -1801.45 -1839.55 -1871.4 -1901.94 -1927.36 -1955.83 -1984.48 -2015.16 -2046.9 -2076.25 -2099.97 -2126.91 -2157 -2184.16 -2209.28 -2229.44 -2240.88 -2246.11 -2252.36 -2257.68 -2263.12 -2265.01 -2263.67 -2259.02 -2244.57 -2232.05 -2214.19 -2189.6 -2163.77 -2139.9 -2113.47 -2082.26 -2058.92 -2040.05 -2011.3 -1973.86 -1940.49 -1906.07 -1866.41 -1820.31 -1772.49 -1720.67 -1668.74 -1617.7 -1563.75 -1504.39 -1449.59 -1392.38 -1328.23 -1260.98 -1183.27 -1105.2 -1030.97 -956.318 -881.923 -810.511 -742.952 -674.394 -605.431 -529.645 -450.092 -365.022 -274.768 -181.415 -88.6858 5.3627 102.181 199 
100 29.5186 -38.308 -103.709 -164.227 -226.298 -290.936 -358.102 -430.454 -500.282 -563.434 -625.664 -687.788 -752.052 -812.562 -871.356 -930.149 -988.836 -1050.57 -1116.85 -1181.63 -1241.16 -1297.03 -1353.41 -1412.42 -1466.54 -1516.18 -1558.97 -1604.61 -1655 -1705.3 -1746.42 -1786.99 -1823.31 -1855.95 -1886.36 -1915.39 -1947.64 -1983.36 -2021.44 -2052.18 -2078.84 -2105.49 -2130.77 -2157.73 -2185.54 -2208.97 -2227.07 -2241.42 -2246.91 -2255.65 -2261.6 -2264.24 -2264.26 -2264.52 -2256.5 -2242.97 -2228.29 -2208.21 -2189.04 -2172.59 -2158.34 -2138.17 -2113.32 -2088.24 -2059.25 -2023.92 -1989.49 -1957.14 -1915.52 -1874.97 -1831.75 -1785.96 -1729.79 -1670.9 -1607.87 -1544.16 -1478.69 -1411.99 -1347.93 -1282.67 -1215.12 -1144.13 -1071.33 -1001.98 -928.171 -854.764 -784.208 -716.061 -646.364 -574.174 -501.164 -423.9 -343.789 -260.505 -174.264 -86.2601 6.86918 102.935 199 
100 27.3184 -42.7596 -112.838 -184.198 -257.492 -328.184 -396.43 -468.402 -539.634 -605.381 -672.339 -738.737 -805.894 -871.697 -935.932 -998.353 -1057.63 -1117.85 -1182.11 -1248.38 -1315.53 -1379.17 -1438.18 -1493.35 -1546.25 -1599.49 -1643.76 -1686.41 -1731.82 -1775.56 -1814.25 -1854.83 -1892.54 -1925.07 -1955.67 -1983.84 -2015.78 -2048.2 -2081.64 -2113.74 -2143.08 -2167.33 -2193.72 -2224.04 -2251.06 -2276.54 -2298.1 -2310.56 -2316 -2322.05 -2327.96 -2333.76 -2336 -2334.89 -2330.95 -2315.99 -2300.96 -2282.74 -2258.11 -2232.8 -2208.94 -2181.86 -2150.52 -2128.1 -2110.19 -2083.62 -2046.58 -2014.19 -1981.76 -1943.99 -1899.19 -1851.84 -1799.98 -1748.48 -1697.77 -1644.27 -1586.32 -1532.68 -1476.54 -1414.32 -1347.82 -1266.43 -1185.98 -1108.67 -1028.71 -949.304 -873.139 -801.673 -728.234 -652.587 -571.645 -487.421 -396.02 -301.254 -202.665 -105.109 -5.62517 96.6874 199 
100 22.7386 -51.6323 -122.691 -189.569 -258.315 -327.225 -397.896 -474.168 -547.756 -614.763 -678.277 -741.045 -806.651 -871.231 -932.672 -992.433 -1051.33 -1114.48 -1180.41 -1246.62 -1306.58 -1363.42 -1420.45 -1479.51 -1535.23 -1585.36 -1629.6 -1675.55 -1726.18 -1776.82 -1819.46 -1860.85 -1897.87 -1928.39 -1956.02 -1982.97 -2016.36 -2053.34 -2091.74 -2123.48 -2150.15 -2174.85 -2197.11 -2224.92 -2253.28 -2275.02 -2291.45 -2303.5 -2306.9 -2313.57 -2318.2 -2321.56 -2321.65 -2322.65 -2314.32 -2303.36 -2289.2 -2270.28 -2252.15 -2236.78 -2223.5 -2204.66 -2180.64 -2156.75 -2129.11 -2093.09 -2060.24 -2026.52 -1982.96 -1940.46 -1895.75 -1849.55 -1794.6 -1736.55 -1674.92 -1611.96 -1547.25 -1482.87 -1419.24 -1353.25 -1283.44 -1210.94 -1136.84 -1067.14 -991.164 -916.313 -844.744 -776 -703.777 -627.099 -549.226 -465.676 -378.868 -287.185 -193.43 -101.151 -2.8831 98.0585 199 
100 22.2873 -52.7266 -127.517 -203.559 -279.299 -353.029 -422.876 -496.449 -568.86 -633.508 -700.326 -767.807 -836.727 -904.407 -970.432 -1034.51 -1095.99 -1157.52 -1221.72 -1289.31 -1358.26 -1424.08 -1484.79 -1540.47 -1595.14 -1648.84 -1694.77 -1738.58 -1785.73 -1830.83 -1872.37 -1914.5 -1953.57 -1988.22 -2019.55 -2049.07 -2085.51 -2118.18 -2151.7 -2182.72 -2210.61 -2233.86 -2258.39 -2287.22 -2312.68 -2337.03 -2358.02 -2370.29 -2374.36 -2378.92 -2383.87 -2388.53 -2389.35 -2387.76 -2382.78 -2367.33 -2351.13 -2331.67 -2305.57 -2281.95 -2259.55 -2233.36 -2200.89 -2174.83 -2153.09 -2125.25 -2086.88 -2050.64 -2014.85 -1971.32 -1923.05 -1871.28 -1815.81 -1762.93 -1711.13 -1656.67 -1598.33 -1544.47 -1487.61 -1425.95 -1357.25 -1274.99 -1194.91 -1117.76 -1037.02 -956.947 -880.847 -809.503 -736.997 -660.94 -578.701 -493.67 -400.852 -305.863 -207.002 -108.52 -7.88702 95.5565 199 
100 24.191 -48.9109 -117.843 -186.315 -256.524 -326.792 -398.977 -476.471 -551.549 -620.391 -684.675 -748.27 -815.339 -881.856 -944.268 -1005.68 -1066.05 -1130.52 -1199.5 -1267.77 -1329.33 -1387.83 -1446.32 -1506.6 -1567.8 -1619.34 -1665.7 -1712.27 -1764.27 -1815.24 -1860.14 -1902.55 -1940.87 -1973.03 -2001.45 -2029.58 -2064.63 -2103.51 -2141.81 -2172.53 -2197.73 -2221.1 -2243.98 -2273.36 -2302.94 -2326.67 -2344.27 -2354.67 -2356.81 -2362.04 -2365.21 -2367.05 -2364.56 -2364.01 -2356.22 -2345.06 -2329.08 -2309.04 -2289.71 -2273.17 -2258.62 -2239.21 -2214.09 -2188.76 -2161.11 -2121.28 -2084.99 -2049 -2006.26 -1962.08 -1916.46 -1870.19 -1817.96 -1758.18 -1695.8 -1631.57 -1565.07 -1500.93 -1436.76 -1370.71 -1299.38 -1226.63 -1152.69 -1081.66 -1004.87 -928.954 -857.88 -788.53 -715.452 -637.69 -558.321 -472.979 -385.902 -292.702 -198.329 -104.573 -5.42117 96.7894 199 
100 22.0638 -55.8724 -133.809 -212.91 -291.972 -369.51 -442.677 -518.895 -594.43 -662.392 -731.534 -801.388 -873.109 -943.913 -1013.08 -1080.25 -1145.46 -1209.27 -1274.45 -1345.03 -1417.1 -1486.27 -1549.95 -1607.25 -1664.53 -1719.84 -1769.05 -1815.2 -1865.69 -1912.7 -1954.68 -1996.61 -2035.98 -2070.64 -2100.8 -2130.59 -2166.89 -2199.93 -2234.13 -2266.27 -2293.83 -2314.83 -2338.9 -2367.08 -2392.8 -2414.47 -2433.29 -2444.35 -2447.83 -2452.8 -2458.06 -2462.95 -2463.97 -2463.08 -2459.06 -2445.08 -2426.04 -2403.69 -2374.72 -2348.53 -2323.11 -2295.54 -2262.79 -2235.53 -2213.19 -2186.82 -2149.78 -2110.84 -2073.14 -2027.39 -1977.89 -1923.79 -1866.06 -1809.96 -1755.55 -1698.25 -1638.78 -1582.27 -1523.08 -1460.04 -1387.09 -1303.02 -1222.6 -1142.75 -1060.61 -977.842 -901.263 -828.406 -753.289 -675.322 -590.736 -506.46 -414.937 -317.742 -217.679 -116.707 -13.2837 92.8581 199 
100 17.6094 -62.1425 -136.967 -211.977 -288.576 -365.191 -443.808 -527.385 -608.842 -684.836 -754.954 -824.332 -897.666 -971.213 -1039.65 -1107.71 -1174.59 -1245.06 -1319.35 -1394.48 -1462.69 -1527.83 -1592.97 -1659.56 -1727.39 -1786.65 -1843.02 -1895.29 -1953.46 -2006.77 -2056.06 -2101.94 -2145.25 -2181.15 -2213.02 -2245.87 -2284.16 -2327.15 -2368.44 -2401.81 -2427.68 -2451.68 -2474.84 -2504.4 -2534.67 -2559.62 -2577.84 -2588.01 -2591.69 -2597.36 -2601.2 -2602.91 -2600.95 -2600.53 -2595.1 -2582.29 -2563.55 -2541.51 -2520.12 -2501.72 -2485.05 -2464.08 -2436.32 -2408.08 -2378.74 -2336.17 -2296.49 -2255 -2210.74 -2164 -2116.73 -2069.15 -2014.84 -1949.97 -1883.15 -1813.59 -1737.28 -1663.05 -1589.07 -1508.14 -1425.92 -1342.67 -1262.42 -1183.09 -1099.09 -1015.22 -938.755 -861.766 -781.12 -695.586 -608.08 -514.248 -418.787 -317.594 -217.747 -118.746 -15.4961 91.7519 199 
100 18.7639 -62.4722 -143.708 -225.968 -308.657 -389.31 -466.278 -545.16 -623.695 -695.81 -767.844 -839.701 -914.629 -988.606 -1061.08 -1131.56 -1200.53 -1266.61 -1333.56 -1406.61 -1481.76 -1554.23 -1621.09 -1681.06 -1742.38 -1802.29 -1857.59 -1909.34 -1962.93 -2013.08 -2059.22 -2103.89 -2147.14 -2184.28 -2217.44 -2250.78 -2289.23 -2325.99 -2363.7 -2399.95 -2427.83 -2450.28 -2474.2 -2502.1 -2528.65 -2551.12 -2570.89 -2580.86 -2581.19 -2583.53 -2588.39 -2593.66 -2595.5 -2598 -2598.46 -2587.51 -2568.6 -2546.39 -2517.91 -2492.23 -2466.9 -2438.83 -2406.45 -2377.6 -2352.11 -2324.59 -2289.61 -2251.04 -2212.55 -2166.58 -2118.97 -2063.27 -2000.52 -1938.66 -1878.94 -1815.82 -1752.93 -1692.18 -1630.02 -1559.04 -1477.84 -1388.62 -1305.33 -1220.02 -1133.8 -1045.56 -966.189 -888.927 -807.744 -721.918 -629.365 -536.37 -439.963 -337.352 -233.287 -127.057 -18.3714 90.3143 199 
100 16.8306 -63.5585 -138.634 -214.202 -291.194 -368.238 -447.277 -530.877 -610.632 -688.06 -758.639 -827.949 -902.21 -976.666 -1045.57 -1114.36 -1181.87 -1252.26 -1326.92 -1402.46 -1471.45 -1537.32 -1603.19 -1670.34 -1738.58 -1798.86 -1856.39 -1908.83 -1965.99 -2019.11 -2069.07 -2116.26 -2160.7 -2197.99 -2229.94 -2263.93 -2301.72 -2342.52 -2381.63 -2415.07 -2441.6 -2466.14 -2489.49 -2519.26 -2552.58 -2581.66 -2602.76 -2613.16 -2618.24 -2624.1 -2628.58 -2630.43 -2629.4 -2631.72 -2631.56 -2622.83 -2605.7 -2584.47 -2564.1 -2546.45 -2530.28 -2510.66 -2483.18 -2454.9 -2426.97 -2384.76 -2346.36 -2305.35 -2260.69 -2211.46 -2162.45 -2113.28 -2058.2 -1991.6 -1921.76 -1846.45 -1767.6 -1692.06 -1618.2 -1540.39 -1457.54 -1371.26 -1287.68 -1204.21 -1118.89 -1032.86 -957.819 -882.613 -803.331 -718.502 -631.646 -538.025 -442.264 -335.998 -231.758 -127.436 -19.8829 89.5586 199 
100 14.6431 -70.7137 -156.071 -242.252 -329.402 -413.733 -495.171 -577.4 -659.774 -734.984 -808.026 -880.827 -957.112 -1033.7 -1110.29 -1184.99 -1258.66 -1330.65 -1402.89 -1479.19 -1558.2 -1634.79 -1704.78 -1765.38 -1827.15 -1889.03 -1948.27 -2001.8 -2056.02 -2106.76 -2154.46 -2199.75 -2243.95 -2282.14 -2316.16 -2350.89 -2389.08 -2427.8 -2466.9 -2505.01 -2533.84 -2558.74 -2583.32 -2611.8 -2638.39 -2659.7 -2677.85 -2686.92 -2686.47 -2690.47 -2699.32 -2705.63 -2707.8 -2711.56 -2714.43 -2704.42 -2687.93 -2666.7 -2639.77 -2615.32 -2590.92 -2563.22 -2529.64 -2499.15 -2471.34 -2442.76 -2405.45 -2363.3 -2320.32 -2270.83 -2219.83 -2159.57 -2095.1 -2031.56 -1970.82 -1908.27 -1844.67 -1780.37 -1714.93 -1640.16 -1553.38 -1458.09 -1368.33 -1275.45 -1184.61 -1092.56 -1009.98 -925.98 -840.049 -752.512 -659.388 -564.509 -465.311 -358.705 -251.663 -140.992 -27.6612 85.6694 199 
100 12.5729 -71.4876 -150.701 -230.131 -310.869 -391.647 -474.383 -561.234 -644.948 -726.284 -800.684 -873.825 -952.297 -1030.37 -1103.92 -1176.81 -1248.33 -1321.93 -1400.6 -1479.62 -1552.97 -1622.93 -1692.89 -1763.94 -1836.29 -1899.83 -1961.65 -2017.89 -2075.01 -2128.41 -2179.27 -2228.42 -2274.23 -2312.97 -2345.82 -2381.38 -2419.22 -2460.7 -2500.2 -2534.68 -2562.54 -2588.05 -2612.08 -2643.22 -2677.8 -2708.76 -2729.42 -2740.67 -2747.02 -2753.48 -2759.56 -2762.23 -2762.74 -2766.32 -2766.37 -2758.72 -2741.12 -2718.12 -2696.26 -2676.88 -2657.99 -2634.07 -2601.95 -2569.36 -2539.62 -2496.73 -2456.63 -2413.9 -2367.43 -2319.78 -2266.12 -2212.74 -2153.94 -2084.16 -2009.67 -1928.89 -1846.86 -1768.29 -1691.21 -1609.57 -1522.66 -1433.51 -1345.94 -1257.78 -1168.73 -1079.45 -1001.79 -921.53 -837.935 -748.734 -657.387 -559.452 -459.855 -351.873 -246.524 -140.252 -29.2298 84.8851 199 
100 12.3474 -75.3053 -162.958 -251.47 -341.267 -427.197 -511.116 -594.73 -679.143 -757.818 -832.96 -907.722 -986.38 -1065.27 -1142.21 -1216.45 -1289.09 -1362.49 -1436.26 -1513.44 -1594.45 -1673.33 -1745.58 -1807.94 -1871.24 -1934.48 -1994.9 -2048.73 -2104.54 -2157.85 -2207.7 -2254.74 -2300.63 -2341.13 -2377.09 -2414.22 -2452.75 -2492.55 -2531.22 -2569.2 -2600.58 -2628.95 -2655.49 -2686.4 -2715.59 -2740.42 -2760.87 -2772.12 -2774.38 -2780.66 -2790.88 -2795.87 -2797.34 -2800.72 -2803.66 -2792.29 -2775.97 -2754.46 -2727.51 -2702.45 -2677.2 -2648.62 -2614.39 -2583.01 -2553.99 -2524.71 -2486.03 -2443.03 -2399.41 -2351.32 -2301.06 -2239.94 -2172.4 -2105.53 -2041.24 -1975 -1909.42 -1842.2 -1774.04 -1694.45 -1603.71 -1506.73 -1413.81 -1317.38 -1223.76 -1130.88 -1047.23 -959.869 -871.329 -781.862 -686.657 -588.375 -485.246 -375.257 -265.66 -151.636 -34.7571 82.1215 199 
100 11.6914 -73.0935 -153.248 -233.447 -314.645 -395.822 -478.888 -565.573 -649.977 -731.82 -806.772 -880.565 -959.887 -1038.53 -1113.53 -1187.23 -1259.52 -1333.59 -1412.65 -1491.88 -1566.16 -1636.94 -1707.72 -1779.37 -1852.17 -1916.61 -1978.61 -2035.98 -2092.15 -2143.21 -2190.93 -2238.46 -2282.32 -2322.17 -2355.93 -2392.03 -2429.91 -2471.75 -2510.9 -2546.51 -2575.28 -2601.4 -2625.73 -2658.13 -2693.01 -2725.25 -2744.78 -2756.81 -2764.15 -2771.04 -2777.95 -2778.77 -2778.51 -2783.58 -2787.72 -2783.42 -2766.2 -2744.01 -2723.22 -2704.67 -2686.3 -2663.39 -2632.32 -2599.29 -2570.27 -2529.83 -2492.75 -2453.36 -2410.57 -2366.57 -2314.58 -2259.94 -2199.8 -2129.88 -2053.24 -1970.56 -1887.02 -1808.7 -1730.57 -1647.69 -1559.34 -1469.6 -1380.43 -1290.38 -1200 -1111.64 -1032.71 -949.752 -866.166 -775.85 -678.899 -576.66 -471.397 -362.014 -254.557 -145.989 -33.4452 82.7774 199 
100 12.6376 -74.7248 -162.087 -249.891 -339.751 -424.446 -508.086 -590.737 -673.961 -751.522 -829.099 -906.385 -987.669 -1067.09 -1143.98 -1218.17 -1289.86 -1362.59 -1435.34 -1511.68 -1591.18 -1669.78 -1741.61 -1803.2 -1865.39 -1927.91 -1985.29 -2038.08 -2092.85 -2146.54 -2195.6 -2241.85 -2284.28 -2323.1 -2358.11 -2392.06 -2428.27 -2470.95 -2509.59 -2547.28 -2578.87 -2607.16 -2633.79 -2664.42 -2693.77 -2720.45 -2741.08 -2751.45 -2754.16 -2760.29 -2770.06 -2773.86 -2775.04 -2778.59 -2781.3 -2769.73 -2753.77 -2732.38 -2705.82 -2680.49 -2654.75 -2625.65 -2591.22 -2559.05 -2529.54 -2500.43 -2464.49 -2423.73 -2380.22 -2330.93 -2280.05 -2219.24 -2151.8 -2084.99 -2020.42 -1954.37 -1892.71 -1826.36 -1757.66 -1676.15 -1585.66 -1489.61 -1396.89 -1300.93 -1207.14 -1117.91 -1035.53 -947.578 -859.312 -770.098 -677.745 -582.433 -481.369 -374.879 -266.641 -152.394 -35.3375 81.8312 199 
100 11.8513 -72.9846 -153.187 -232.784 -313.469 -394.014 -476.347 -559.891 -643.633 -726.009 -801.118 -875.109 -954.222 -1032.48 -1108.01 -1181.55 -1253.55 -1324.17 -1399.71 -1476.09 -1546.53 -1617.15 -1687.77 -1759.03 -1830.85 -1895.66 -1956.53 -2014.41 -2069.41 -2120.3 -2166.78 -2213.41 -2258.99 -2298.51 -2332.33 -2367.97 -2404.78 -2445.67 -2483.56 -2519.11 -2548.04 -2573.8 -2597.41 -2629.91 -2664.08 -2696.1 -2720.82 -2737.98 -2749.91 -2756.75 -2763.35 -2764.91 -2765.21 -2770.22 -2774.53 -2768.84 -2751.62 -2729.58 -2708.86 -2690.17 -2671.32 -2648.38 -2617.5 -2583.25 -2553.95 -2514.95 -2478.49 -2438.79 -2396.19 -2352.11 -2300.92 -2246.46 -2186.22 -2117.81 -2041.69 -1958.94 -1876.81 -1800.44 -1722.04 -1640.68 -1553.82 -1464.63 -1375.73 -1286.28 -1196.19 -1111.28 -1031.95 -948.24 -865.041 -775.644 -678.162 -576.795 -471.275 -362.641 -255.025 -146.125 -33.7649 82.6175 199 
100 12.6026 -74.7948 -162.192 -249.59 -339.812 -423.359 -506.905 -589.072 -671.089 -748.585 -826.159 -903.353 -984.58 -1064.7 -1141.84 -1216.38 -1287.39 -1359.4 -1431.94 -1505.85 -1582.42 -1661.06 -1732.33 -1793.94 -1855.63 -1917.4 -1971.81 -2024.24 -2078.84 -2133.14 -2181.79 -2227.59 -2269.35 -2307.24 -2342.72 -2376.73 -2412.13 -2456.39 -2495.17 -2532.89 -2564.99 -2593.52 -2620.77 -2650.99 -2680.94 -2709.03 -2729.22 -2739.41 -2743.79 -2749.75 -2758.14 -2761.07 -2762.11 -2766.02 -2767.62 -2756.78 -2741.33 -2720.46 -2694.98 -2671.76 -2645.9 -2616.64 -2582.74 -2550.34 -2522.75 -2494.04 -2457.71 -2416.88 -2373.31 -2325.78 -2275.19 -2215.48 -2148.23 -2081.94 -2016.99 -1950.19 -1887.32 -1820.85 -1751.45 -1668.94 -1579.58 -1484.6 -1392.03 -1297.39 -1204.32 -1118.68 -1036.34 -951.882 -866.341 -775.371 -680.755 -582.676 -479.86 -374.402 -266.337 -152.125 -35.2676 81.8662 199 
100 11.8405 -75.2855 -158.704 -241.02 -322.022 -402.051 -484.367 -566.681 -650.254 -733.059 -808.757 -882.338 -961.328 -1039.4 -1115.67 -1189.22 -1261.4 -1332.04 -1407.11 -1482.83 -1552.81 -1623.44 -1694.07 -1765.09 -1836.72 -1901.17 -1961.02 -2019.1 -2073.27 -2124.85 -2170.21 -2216.41 -2263.69 -2303.17 -2336.54 -2372.1 -2407.89 -2447.79 -2484.81 -2520.38 -2550.2 -2575.76 -2599.13 -2631.44 -2665.03 -2696.41 -2720.32 -2736.89 -2749.11 -2756.17 -2762.14 -2764.61 -2765.57 -2770.53 -2775.15 -2771.41 -2757.25 -2736.45 -2715.97 -2697.29 -2677.93 -2654.97 -2625.11 -2589.83 -2558.96 -2518.68 -2479.67 -2436.55 -2393.48 -2346.32 -2295.09 -2241.08 -2180.19 -2112.58 -2037.25 -1955.06 -1874.78 -1800.51 -1722.12 -1642.33 -1557.96 -1468.95 -1379.4 -1287.81 -1195.52 -1110.68 -1029.83 -945.595 -863.142 -775.005 -676.816 -575.721 -470.307 -362.647 -255.041 -145.998 -33.7433 82.6284 199 
100 9.59799 -80.804 -171.206 -261.608 -354.397 -440.376 -526.906 -611.078 -694.851 -775.229 -855.711 -932.563 -1013.49 -1094.26 -1171.66 -1246.67 -1317 -1388.08 -1460.46 -1534.23 -1610.02 -1688.4 -1759.07 -1820.84 -1882.39 -1942.84 -1994.63 -2046.69 -2101.03 -2155.75 -2204.25 -2249.87 -2294.09 -2334.68 -2370.57 -2404.88 -2439.33 -2483.16 -2522.18 -2559.99 -2592.6 -2621.41 -2649.38 -2678.93 -2709.03 -2738.14 -2758.29 -2769.17 -2775.55 -2781.98 -2789.95 -2792.96 -2794.14 -2797.65 -2796.83 -2786.32 -2771.26 -2750.53 -2725.86 -2703.43 -2679.87 -2654.32 -2624.28 -2591.24 -2559.43 -2525.47 -2488.98 -2447.48 -2403.71 -2354.44 -2302.13 -2243.51 -2176.95 -2110.82 -2045.24 -1978.73 -1914.7 -1845.76 -1772.26 -1686.43 -1598.05 -1504.12 -1411.71 -1317.62 -1225.09 -1142.12 -1059.98 -976.504 -891.799 -801.366 -707.445 -607.382 -499.946 -389.2 -277.55 -160.499 -40.9459 79.0271 199 
100 4.49027 -90.0716 -181.196 -270.862 -360.339 -447.14 -536.806 -623.69 -711.455 -795.449 -874.074 -949.13 -1028.94 -1108.34 -1186.32 -1261.95 -1335.71 -1407.66 -1483.82 -1560.28 -1629.69 -1697.95 -1767.16 -1836.1 -1903.16 -1964.61 -2023.39 -2082.64 -2137.53 -2191.55 -2237.62 -2284.7 -2334.72 -2374.94 -2406.64 -2440.79 -2474.22 -2511.78 -2547.06 -2581.21 -2610.5 -2634.2 -2656.4 -2686.69 -2718.49 -2747.78 -2769.07 -2784.38 -2794.8 -2800.65 -2804.84 -2806.77 -2807.23 -2810.41 -2813.85 -2808.37 -2792.73 -2770.77 -2749.09 -2729 -2707.66 -2683.26 -2652.57 -2614.74 -2582.51 -2541.72 -2500.71 -2455.8 -2410.83 -2361.87 -2310.64 -2255.38 -2193.7 -2126.97 -2055.71 -1978.85 -1901.08 -1826.47 -1747.09 -1668.18 -1584.01 -1493.89 -1404.23 -1314.88 -1224.51 -1140.72 -1058.15 -976.128 -894.827 -806.534 -707.38 -605.138 -496.562 -384.619 -272.676 -159.163 -42.4179 78.291 199 
100 3.68154 -92.6369 -188.955 -285.274 -381.573 -470.395 -559.514 -645.256 -734.048 -819.057 -902.423 -982.742 -1065.85 -1150.07 -1230.64 -1308.67 -1381.62 -1454.56 -1529.56 -1605.98 -1684.77 -1764.56 -1837.73 -1902.73 -1967.8 -2029.35 -2082.45 -2136.55 -2193.41 -2251.45 -2300.66 -2344.99 -2392.46 -2434.51 -2470.75 -2505.27 -2539.38 -2582.42 -2621.66 -2659.54 -2692.6 -2721.67 -2750.7 -2778.96 -2808.94 -2838.83 -2859.45 -2871.84 -2879.62 -2885.67 -2890.1 -2890.73 -2889.88 -2889.82 -2884.83 -2871.84 -2853.74 -2830.17 -2803.79 -2778.67 -2752.81 -2725.23 -2694.42 -2660.45 -2628.93 -2594.5 -2560.31 -2522.53 -2479.28 -2428.57 -2372.82 -2312.31 -2243.58 -2174.73 -2105.55 -2038.51 -1976.05 -1904.77 -1826.35 -1738.58 -1647.45 -1551.81 -1457.17 -1360.64 -1266.51 -1182.83 -1097.99 -1010.51 -920.904 -825.212 -728.686 -626.791 -517.185 -403.39 -288.825 -168.925 -46.6442 76.1779 199 
100 3.25345 -92.765 -185.551 -276.454 -366.006 -453.986 -544.315 -630.983 -719.163 -803.171 -884.314 -963.529 -1044.38 -1124.87 -1204.09 -1281.76 -1355.27 -1428 -1504.99 -1581.7 -1652.94 -1721.18 -1791.63 -1861.68 -1929.86 -1994.47 -2056.94 -2119.31 -2180.21 -2241.84 -2294.11 -2344.35 -2396.72 -2438.54 -2470.9 -2504.45 -2537.04 -2574.64 -2610.8 -2645.78 -2674.24 -2693.4 -2714.44 -2742.46 -2774.9 -2803.95 -2827.65 -2847.67 -2861.03 -2869.09 -2876.56 -2876.89 -2877.42 -2877.26 -2876.01 -2865.65 -2845.26 -2820.38 -2797.2 -2774.76 -2751.71 -2725.74 -2691.1 -2648.56 -2612.7 -2571.1 -2529.35 -2486.83 -2440.95 -2391.28 -2339 -2284.27 -2222.73 -2155.59 -2083.49 -2006.85 -1929.88 -1853.49 -1773.19 -1694.22 -1610.51 -1519.16 -1429.04 -1337.81 -1247.82 -1163.65 -1079.24 -996 -912.85 -820.876 -720.571 -616.213 -507.127 -393.552 -279.924 -164.618 -45.788 76.606 199 
100 0.803549 -95.6627 -192.129 -288.595 -383.794 -472.209 -560.533 -644.993 -733.465 -818.574 -901.796 -984.331 -1068.38 -1153.08 -1233.93 -1311.65 -1384.89 -1456.49 -1531.16 -1607.26 -1686.19 -1764.17 -1837.32 -1903 -1968.36 -2028.7 -2080.8 -2133.49 -2189.97 -2248.4 -2298.08 -2341.59 -2389.18 -2428.24 -2462.76 -2497.51 -2531.3 -2573.58 -2610.82 -2645.64 -2676.38 -2702.72 -2732.35 -2758.75 -2788.51 -2819.28 -2840.37 -2854.05 -2862.43 -2869.01 -2873.04 -2874.33 -2875.26 -2877.22 -2871.65 -2859.3 -2841.09 -2817.76 -2792.64 -2767.68 -2742.66 -2715.83 -2685.67 -2651.82 -2620.59 -2584.08 -2547.11 -2508.8 -2466.37 -2416.73 -2361.2 -2301.2 -2233.77 -2165.26 -2095.44 -2030.56 -1967.89 -1896.83 -1816.41 -1729.79 -1638.85 -1544.66 -1451.3 -1355.11 -1263.53 -1180.59 -1096.09 -1008.87 -918.257 -822.86 -726.482 -625.328 -516.741 -402.833 -288.137 -168.384 -46.3487 76.3257 199 
100 -4.18015 -107.982 -208.689 -307.025 -400.943 -493.435 -587.594 -677.504 -769.864 -857.059 -943.821 -1027.55 -1112.16 -1197.04 -1280.77 -1363.75 -1441.65 -1519.54 -1603.7 -1684.3 -1760.72 -1832.76 -1907.15 -1981.93 -2051.6 -2114.09 -2175.35 -2234.76 -2293.68 -2353.64 -2405.73 -2456.83 -2511.14 -2555.18 -2588.59 -2623.31 -2657.44 -2695.48 -2732.86 -2769.25 -2799.87 -2821.56 -2844.19 -2873.21 -2906.02 -2934.21 -2955.85 -2975.12 -2985.86 -2993.21 -2999.73 -2999.56 -3000.18 -2999.13 -2995.97 -2984.52 -2962.49 -2936.12 -2909.36 -2881.99 -2854.68 -2823.47 -2787.41 -2746.94 -2712.49 -2675.31 -2635.26 -2594.97 -2547.63 -2497.69 -2444.63 -2388.38 -2326.35 -2257.63 -2182.06 -2103.34 -2023.71 -1942.76 -1859.9 -1777.66 -1690.91 -1596.15 -1502.99 -1408.1 -1315.59 -1224.65 -1133.07 -1042.8 -953.535 -858.41 -754.474 -645.696 -533.035 -415.546 -297.663 -178.019 -54.2958 72.3521 199 
100 -7.48009 -112.421 -217.362 -322.303 -425.215 -522.364 -618.039 -710.208 -806.026 -898.583 -987.039 -1074.92 -1163.6 -1253.93 -1340.57 -1422.74 -1501.38 -1577.24 -1657.41 -1739.06 -1822.96 -1905.47 -1983.02 -2053 -2120.83 -2182.73 -2236.42 -2289.93 -2348.34 -2409.94 -2464.86 -2510.07 -2560.13 -2601.26 -2638.04 -2675.64 -2711.96 -2755.91 -2795.43 -2832.59 -2866.16 -2895.26 -2925.29 -2950.97 -2979.77 -3010.81 -3031.89 -3046.46 -3055.26 -3061.76 -3065.15 -3066.7 -3068.39 -3068.37 -3061.83 -3049.51 -3030.64 -3007.14 -2981.32 -2953.14 -2925.58 -2895.45 -2862.17 -2824.71 -2790.82 -2750.9 -2710.49 -2669.11 -2623.86 -2572.04 -2513.73 -2450.85 -2381.34 -2309.35 -2234.88 -2165.05 -2093.14 -2014.82 -1927.83 -1835.35 -1737.84 -1638.96 -1540.71 -1439.64 -1343.66 -1254.56 -1163.74 -1069.74 -972.442 -871.226 -768.714 -662.402 -548.1 -428.057 -306.747 -180.861 -54.9736 70.9133 199 
100 -9.45661 -118.913 -225.537 -329.15 -427.952 -525.721 -624.424 -719.183 -815.608 -906.665 -997.197 -1084.08 -1169.78 -1255.86 -1341.94 -1428.02 -1508.78 -1588.96 -1675.24 -1757.73 -1836.25 -1911.27 -1986.71 -2063.65 -2134.92 -2199.48 -2262.56 -2323 -2383.38 -2445.12 -2500.1 -2552.86 -2609.85 -2654.84 -2689.97 -2726.62 -2763.21 -2803.92 -2846.2 -2885.67 -2918.95 -2944.09 -2968.9 -2999.67 -3033.53 -3063.07 -3086.59 -3107.44 -3120.41 -3130.57 -3139.11 -3139.65 -3140.63 -3139.9 -3135.1 -3122.9 -3097.07 -3064.28 -3033.44 -3001.93 -2971.13 -2935.41 -2895.96 -2852.84 -2814.65 -2774.55 -2731.32 -2688.22 -2636 -2583.71 -2527.63 -2467.77 -2403.04 -2332.37 -2255.13 -2174.43 -2092.38 -2007.74 -1923.44 -1838.23 -1748.77 -1651.89 -1556.21 -1457.91 -1361.29 -1267.79 -1172.72 -1079.17 -986.625 -888.877 -782.478 -670.874 -554.656 -433.981 -312.609 -189.356 -61.2741 68.8629 199 
100 -10.0486 -117.658 -225.268 -332.877 -437.332 -537.789 -634.151 -729.311 -826.074 -920.421 -1011.2 -1101.55 -1191.69 -1284.69 -1374.63 -1458.23 -1539.38 -1617.05 -1699.42 -1783.64 -1869.56 -1953.74 -2032.97 -2109.1 -2182.36 -2249.32 -2310.45 -2369.84 -2431.95 -2495.17 -2552.23 -2600.44 -2652.57 -2695.65 -2734.43 -2775.06 -2814.12 -2858.67 -2898.06 -2934.7 -2968.16 -2997.05 -3026.7 -3054.05 -3084.88 -3118.09 -3143.2 -3161.79 -3173.54 -3182.61 -3186.08 -3185.95 -3185.03 -3180.75 -3170.45 -3154.99 -3133.45 -3107.31 -3079.42 -3048.08 -3017.91 -2984.42 -2948.12 -2907.9 -2870.64 -2827.49 -2783.78 -2738.88 -2691.03 -2637.32 -2578.46 -2514.23 -2442.37 -2366.87 -2291.1 -2217.89 -2145.6 -2065.09 -1975.03 -1879.24 -1779.4 -1682.6 -1584.14 -1483.61 -1389.34 -1300.35 -1207.67 -1109.8 -1009.16 -902.409 -793.8 -684.688 -567.748 -444.53 -319.369 -190.306 -61.244 67.8183 199 
100 -13.0299 -126.06 -236.865 -344.627 -444.315 -542.256 -640.826 -736.393 -832.107 -925.229 -1019.69 -1111.05 -1198.98 -1288.24 -1375.99 -1462.73 -1545.34 -1626.23 -1712.57 -1797.45 -1879.19 -1958.48 -2036.45 -2115.99 -2190.42 -2258.13 -2324.25 -2386.28 -2445.1 -2506.32 -2562.52 -2616.06 -2673.15 -2720.17 -2758.13 -2795.19 -2832.56 -2871.95 -2914.86 -2954.72 -2988.88 -3015.73 -3041.06 -3072.06 -3105 -3136.69 -3164.36 -3187.15 -3203.62 -3216.85 -3226.5 -3229.21 -3231.19 -3228.97 -3222.46 -3207.29 -3177.31 -3142.25 -3109.76 -3075.36 -3042.3 -3003.29 -2961.35 -2917.52 -2876.79 -2835.14 -2789.95 -2744.26 -2689.92 -2635.98 -2578.21 -2515.63 -2449.02 -2376.54 -2300.22 -2217.98 -2135.82 -2049.06 -1963.18 -1875.77 -1784.65 -1687.86 -1589.88 -1490.54 -1393.25 -1298.1 -1200.75 -1105.24 -1011.13 -911.464 -804.381 -691.067 -572.75 -450.067 -325.568 -197.083 -65.815 66.5925 199 
100 -12.9633 -123.495 -234.026 -344.558 -450.945 -553.529 -651.058 -749.265 -847.295 -943.731 -1036.95 -1129.96 -1222.39 -1317.47 -1410.01 -1496.12 -1579.69 -1660.1 -1744.42 -1831.13 -1919.08 -2006.23 -2089.13 -2167.52 -2243.73 -2311.47 -2371.51 -2430.24 -2491.97 -2553.85 -2607.48 -2656.05 -2706.65 -2751.5 -2792.97 -2836.41 -2878.45 -2922.39 -2962.63 -2999.04 -3032.62 -3061.42 -3090.79 -3120.05 -3151.54 -3183.63 -3210.23 -3229.57 -3241.68 -3252.04 -3258.78 -3262.97 -3263.61 -3258.45 -3250.27 -3236.2 -3213.95 -3185.04 -3157.99 -3126.65 -3096.68 -3063.37 -3026.97 -2987.27 -2949.91 -2906.87 -2862.79 -2817.56 -2773.19 -2722.8 -2667.43 -2604.89 -2533.34 -2454.78 -2374.76 -2292.18 -2211.92 -2121.75 -2025.82 -1926.17 -1823.79 -1726.4 -1624.89 -1523.49 -1426.8 -1334.95 -1239.13 -1137.87 -1033.84 -927.372 -817.833 -706.758 -585.808 -459.999 -331.055 -199.071 -67.0866 64.8975 199 
100 -14.4408 -128.882 -241.804 -351.598 -453.037 -550.954 -647.863 -739.954 -830.113 -918.706 -1008.7 -1097.12 -1183.99 -1273.68 -1361.95 -1447.17 -1529.43 -1608.81 -1695.12 -1781.33 -1863.28 -1944.67 -2024.05 -2103.08 -2180.57 -2250.9 -2317.88 -2381.4 -2439.82 -2501.57 -2559.67 -2614.69 -2671.84 -2721.96 -2765.16 -2806.5 -2845.41 -2884.59 -2928.82 -2969.86 -3005.54 -3034.83 -3061.4 -3093.7 -3125.51 -3157.71 -3187.24 -3210.16 -3227.78 -3242.85 -3253.87 -3259.38 -3261.45 -3261.27 -3256.6 -3245.14 -3219.17 -3186.11 -3155.39 -3122.12 -3089.4 -3050.14 -3008.78 -2968.47 -2928.98 -2889.58 -2845.94 -2801.21 -2750.21 -2696.14 -2636.87 -2574.09 -2509.1 -2439.05 -2364.22 -2282.24 -2198.83 -2111.03 -2023.87 -1935.08 -1840.73 -1741.52 -1639.19 -1538.11 -1436.7 -1337.87 -1236.09 -1136.52 -1038.45 -935.395 -826.974 -710.995 -591.395 -467.418 -341.942 -210.8 -74.6808 62.1596 199 
100 -15.0879 -126.827 -238.565 -350.304 -456.894 -559.121 -657.702 -756.636 -854.923 -951.373 -1044.65 -1138.51 -1231.78 -1326.7 -1419.57 -1506.91 -1591.38 -1673 -1757.2 -1844.49 -1932.44 -2020.8 -2105.51 -2183.97 -2258.72 -2324.53 -2383.71 -2441.96 -2500.38 -2558.62 -2611.44 -2662.03 -2710.43 -2756.73 -2799.8 -2844.08 -2886.89 -2930.8 -2973.23 -3010.63 -3045.38 -3075.31 -3105.57 -3136.2 -3168.39 -3200.47 -3229.86 -3251.1 -3264.81 -3276.73 -3285.05 -3290.42 -3291.66 -3288.51 -3281.6 -3268.97 -3245.93 -3218.32 -3192.85 -3163.04 -3134.53 -3103.07 -3067.49 -3029.65 -2993.44 -2951.76 -2908.46 -2864.48 -2822.66 -2771.71 -2715.45 -2653.75 -2582.92 -2503.39 -2424.73 -2339.95 -2258.34 -2165.66 -2067.4 -1965.21 -1862.38 -1764.67 -1661.72 -1561.1 -1462.91 -1369.25 -1271.57 -1168.65 -1062.48 -954.517 -844.411 -731.598 -607.771 -480.71 -347.482 -210.862 -74.2411 62.3794 199 
100 -18.2153 -136.431 -251.593 -362.882 -465.452 -563.586 -661.348 -753.698 -844.229 -933.305 -1023.94 -1113.08 -1200.4 -1289.23 -1378.92 -1465 -1549.18 -1629.41 -1715.06 -1801.92 -1884.13 -1967.03 -2047.26 -2125.37 -2203.24 -2274.91 -2345.29 -2411.08 -2467.93 -2526.16 -2582.86 -2635.79 -2689.55 -2737.09 -2779.95 -2821.83 -2860.74 -2899.97 -2944.51 -2986.18 -3022.73 -3052.99 -3077.3 -3107.04 -3134.85 -3166.57 -3195.61 -3218.56 -3236.9 -3253.06 -3264.89 -3271.63 -3273.72 -3274.69 -3271.84 -3260.81 -3235.96 -3204.35 -3174.66 -3142.27 -3109.18 -3070.52 -3029.57 -2992.44 -2953.62 -2915.95 -2872.88 -2828.56 -2780.77 -2727.87 -2666.49 -2602.13 -2535.14 -2465.03 -2389.76 -2307.4 -2223.42 -2137.07 -2050.75 -1962.81 -1869.15 -1768.79 -1664.99 -1563.89 -1461.11 -1360.53 -1256.68 -1155.28 -1055.42 -951.644 -842.876 -724.571 -603.185 -477.307 -350.085 -217.513 -78.8193 60.0903 199 
100 -15.3683 -128.024 -240.68 -353.03 -459.659 -561.246 -660.57 -759.529 -858.117 -953.593 -1046.91 -1141.3 -1235.29 -1329.6 -1422.72 -1510.98 -1596 -1678.58 -1762.16 -1849.92 -1937.38 -2026.66 -2112.39 -2191.73 -2266.52 -2333.21 -2393.36 -2451.56 -2509.36 -2566.84 -2620.94 -2673.2 -2721.62 -2769.16 -2813.5 -2858.26 -2901.53 -2945.3 -2989.4 -3027.55 -3062.95 -3093.79 -3124.41 -3156.13 -3188.5 -3220.24 -3252.31 -3274.68 -3290.33 -3303.47 -3313 -3319.22 -3320.94 -3319.62 -3313.22 -3301.75 -3277.96 -3251.44 -3226.75 -3198.63 -3171.04 -3141.34 -3105.98 -3069.98 -3034.59 -2994.03 -2951.23 -2908.56 -2868.48 -2818.76 -2760.81 -2696.9 -2623.14 -2544.07 -2464 -2377.61 -2292.89 -2198.51 -2097.95 -1993.12 -1891.02 -1791.38 -1687.34 -1586.79 -1486.9 -1391.29 -1291.44 -1186.25 -1078.9 -972.107 -861.863 -746.309 -620.037 -491.517 -355.502 -216.876 -78.2509 60.3745 199 
100 -17.9645 -135.929 -252.343 -364.205 -466.737 -563.963 -661.475 -752.342 -842.815 -931.858 -1021.68 -1110.56 -1197.31 -1285.61 -1375.8 -1461.63 -1546.53 -1626.51 -1710.17 -1796.96 -1878.1 -1960.9 -2041.24 -2118.8 -2194.03 -2265.24 -2335.24 -2400.32 -2457.27 -2513.65 -2570.49 -2623.96 -2674.44 -2720.38 -2763.09 -2803.99 -2842.22 -2880.28 -2924.05 -2965.27 -3001.47 -3032.08 -3055.9 -3084.81 -3110.67 -3141.52 -3172.77 -3199.02 -3220.02 -3239.83 -3257.22 -3268.95 -3272 -3273.07 -3271.03 -3258.62 -3236.69 -3206.63 -3177.07 -3144.45 -3109.46 -3070.8 -3031.14 -2994.96 -2955.63 -2918.51 -2874.98 -2830.26 -2783.93 -2730.75 -2669.46 -2605.04 -2535.02 -2462.1 -2381.68 -2296.18 -2213.05 -2128.34 -2041.78 -1953.57 -1862.03 -1761.71 -1660.03 -1559.24 -1456.95 -1356.65 -1252.55 -1151 -1051.27 -949.98 -843.282 -724.457 -602.828 -477.14 -349.667 -218.481 -79.3209 59.8396 199 
100 -16.7991 -129.401 -241.963 -353.243 -459.508 -559.762 -658.418 -756.37 -854.039 -948.474 -1040.75 -1134.59 -1228.19 -1322.15 -1414.61 -1502.72 -1587.24 -1669.8 -1751.55 -1838.78 -1924.84 -2013.72 -2099.25 -2179.32 -2252.45 -2318.91 -2379.33 -2436.34 -2492.41 -2548.19 -2601.57 -2653.84 -2702.09 -2749.04 -2793.6 -2837.79 -2880.3 -2923.31 -2968.08 -3006 -3040.9 -3071.5 -3101.27 -3133.1 -3164.59 -3196.12 -3228.76 -3251.83 -3268.3 -3281.8 -3291.43 -3296.79 -3298.42 -3298.37 -3291.37 -3279.91 -3257.74 -3233.81 -3211.7 -3185.53 -3157.84 -3128.25 -3093.37 -3060.63 -3027.01 -2986.85 -2946.65 -2904.41 -2864.06 -2813.32 -2753.57 -2689.1 -2615.17 -2537.93 -2458.17 -2372.21 -2286.23 -2191.62 -2091.39 -1986.39 -1886.71 -1787.05 -1684.9 -1584.55 -1484.79 -1389.5 -1289.24 -1183.94 -1076.81 -971.183 -861.187 -744.88 -620.005 -492.005 -355.879 -217.159 -78.4394 60.2803 199 
100 -17.6835 -135.367 -251.75 -364.57 -464.863 -561.957 -658.049 -748.307 -838.767 -927.685 -1016.43 -1105.03 -1191.25 -1279.39 -1370.03 -1455.72 -1540.29 -1619.99 -1701.42 -1787.78 -1868.89 -1950.98 -2031.6 -2108.51 -2180.96 -2251.9 -2321.38 -2385.3 -2441.11 -2495.97 -2551.98 -2605.2 -2655.27 -2699.52 -2742.34 -2782.15 -2819.82 -2860.39 -2906.42 -2949.99 -2985.72 -3016.02 -3039.39 -3068.64 -3096.22 -3129.25 -3162.53 -3191.21 -3212.85 -3232.33 -3249.4 -3260.24 -3264.42 -3263.8 -3258.7 -3243.68 -3221.68 -3191.21 -3161.17 -3129.06 -3092.15 -3053.53 -3014.98 -2980.2 -2941.46 -2904.64 -2860.86 -2816.32 -2770.9 -2717.61 -2656.44 -2592.49 -2522.63 -2451.72 -2371.79 -2287.8 -2205.93 -2122.63 -2036.13 -1948.25 -1857.34 -1756.87 -1656.37 -1555.23 -1453.67 -1353.46 -1249.21 -1147.59 -1048.06 -947.857 -841.648 -723.738 -604.75 -479.301 -351.547 -219.324 -79.8828 59.5586 199 
100 -19.2775 -134.931 -250.195 -363.618 -471.645 -574.393 -674.672 -775.326 -874.348 -969.969 -1064.1 -1159.95 -1255.87 -1352.14 -1447.32 -1538.05 -1624.83 -1710.2 -1792.92 -1882.11 -1970.34 -2061 -2147.08 -2229.04 -2303.4 -2372.45 -2435.89 -2494.52 -2552.36 -2609.07 -2664 -2718.91 -2769.99 -2819.03 -2866.6 -2912.94 -2957.17 -3002.47 -3048.28 -3086.3 -3120.81 -3150.63 -3179.51 -3211.3 -3242.02 -3273.24 -3306.46 -3329.81 -3347.34 -3361.14 -3371.71 -3378.66 -3379.89 -3380.16 -3373.73 -3361.36 -3338.72 -3314.46 -3291.69 -3266.58 -3238.67 -3208.81 -3174.32 -3141.94 -3107.84 -3067.53 -3025.8 -2980.16 -2936.54 -2882.57 -2820.81 -2753.22 -2677.77 -2598.17 -2517.94 -2431.67 -2345.44 -2249.33 -2143.48 -2034.02 -1929.45 -1823.81 -1721.59 -1621.31 -1522.06 -1426.73 -1324.5 -1216.3 -1106.53 -999.028 -886.22 -765.569 -638.161 -507.691 -368.447 -226.585 -84.7235 57.1383 199 
100 -20.8068 -141.614 -261.314 -377.864 -482.012 -582.366 -680.464 -774.07 -867.51 -959.891 -1051.48 -1142.46 -1231.63 -1322.98 -1417.19 -1506.46 -1594.23 -1677.05 -1760.12 -1848.67 -1933.72 -2018.46 -2102.46 -2182.36 -2256.86 -2329.74 -2401.95 -2466.56 -2522.69 -2576.42 -2634.26 -2690.83 -2743.84 -2789.78 -2835.86 -2876.83 -2914.25 -2955 -3000.76 -3044.26 -3081.59 -3111.47 -3131.93 -3158.63 -3185.77 -3217.79 -3251.39 -3279.81 -3301.82 -3322.02 -3339.44 -3347.93 -3350.24 -3346.81 -3339.86 -3325.32 -3306 -3278.71 -3251.51 -3222.92 -3188.03 -3152.05 -3114.9 -3078.72 -3037.56 -2997.96 -2951.88 -2907.17 -2861.66 -2808.5 -2747.92 -2684.81 -2616.96 -2544.77 -2461.75 -2377.08 -2294.33 -2208.17 -2119.6 -2030.21 -1937.26 -1834.78 -1732.13 -1628.59 -1525.22 -1422.47 -1315.88 -1209.96 -1105.27 -1000.62 -888.808 -763.618 -638.987 -508.496 -375.1 -236.251 -91.1674 53.9163 199 
100 -27.55 -152.069 -275.77 -397.104 -512.267 -623.53 -731.137 -840.229 -945.866 -1048.71 -1149.78 -1249.62 -1350.59 -1451.82 -1552.54 -1648.67 -1740.5 -1831.52 -1918.78 -2009.01 -2099.53 -2191.77 -2280.8 -2365.77 -2442.26 -2513.2 -2579.51 -2639.53 -2696.4 -2750.81 -2803.88 -2858.57 -2909.5 -2956.57 -3004.68 -3050.46 -3093.35 -3138.12 -3184.21 -3222.44 -3256.07 -3285.02 -3312.65 -3344.37 -3374.57 -3404.11 -3436.67 -3460.03 -3478.24 -3492.68 -3505.57 -3510.31 -3511.94 -3510.78 -3503.66 -3489.68 -3466.91 -3442.36 -3418.06 -3389.78 -3359.14 -3325.81 -3288.81 -3253.84 -3216.29 -3172.83 -3126.94 -3077.7 -3030.15 -2972.72 -2906.29 -2832.67 -2753.84 -2671.69 -2588.22 -2500.69 -2414.34 -2321.59 -2219.11 -2114.54 -2008.74 -1901.34 -1796.03 -1692.79 -1591.26 -1492.8 -1387.5 -1275.98 -1164.02 -1053.97 -935.382 -807.77 -674.409 -538.063 -393.134 -245.1 -97.0668 50.9666 199 
100 -30.5145 -161.029 -290.569 -417.162 -531.965 -642.026 -748.863 -852.493 -954.934 -1057.76 -1159.06 -1258.68 -1357.52 -1458.58 -1562.34 -1662.44 -1759.04 -1848.65 -1938.26 -2029.79 -2119.68 -2207.77 -2295.76 -2379.52 -2457.24 -2532.35 -2607.59 -2673.91 -2730.55 -2783.45 -2840.94 -2898.64 -2952.28 -2997.89 -3044.53 -3085.31 -3123.67 -3165.33 -3209.83 -3250.92 -3283.87 -3309.16 -3325.8 -3350.41 -3375 -3403.93 -3435.83 -3461.56 -3482.14 -3499.95 -3517.49 -3526.01 -3528.11 -3521.94 -3514.46 -3499.06 -3477.84 -3449.21 -3419.83 -3388.67 -3348.21 -3307.93 -3267.55 -3227.9 -3182.86 -3137.86 -3087.26 -3038.25 -2987.66 -2929.82 -2864.93 -2797.54 -2727.08 -2651.2 -2566.67 -2481.72 -2395.05 -2304.11 -2211.69 -2118.45 -2020.62 -1914.53 -1806.95 -1699.01 -1591.59 -1484.08 -1373.21 -1262.25 -1154.28 -1044.77 -928.38 -798.599 -669.066 -534.201 -395.903 -250.956 -100.971 49.0145 199 
100 -31.1869 -159.943 -287.383 -412.05 -532.561 -648.131 -758.53 -871.173 -978.426 -1083.76 -1188.76 -1291.08 -1395.24 -1499.45 -1603.87 -1703.7 -1799 -1893.93 -1984.32 -2075.4 -2169.6 -2264.82 -2357.95 -2446.4 -2526.54 -2601.02 -2671.32 -2734.6 -2794.04 -2850.06 -2905.45 -2963.8 -3018.81 -3066.34 -3116.02 -3162.02 -3202.22 -3244.53 -3288.91 -3325.53 -3356.47 -3383.59 -3408.1 -3437.91 -3465.79 -3492.66 -3522.44 -3544.51 -3560.82 -3573.47 -3584.55 -3585.29 -3585.27 -3582.97 -3573.73 -3557.87 -3535.29 -3508.74 -3481.5 -3450.92 -3416.06 -3377.03 -3337.55 -3301.22 -3261.26 -3216 -3167.28 -3115.34 -3064.1 -3004.49 -2937.06 -2862.47 -2783.47 -2700.13 -2614.24 -2527.22 -2442.04 -2350.02 -2251.06 -2146.25 -2037.68 -1929.69 -1822.62 -1717.54 -1614.45 -1513.36 -1406.72 -1293.21 -1180.82 -1068.67 -947.449 -818.984 -685.96 -547.672 -401.552 -251.414 -101.276 48.862 199 
100 -34.3186 -168.637 -302.052 -431.921 -552.972 -666.837 -777.193 -884.37 -989.827 -1097 -1202.19 -1304.49 -1406.8 -1511.56 -1618.81 -1724.05 -1823.87 -1917.36 -2010.62 -2104.81 -2198.63 -2290.59 -2382.5 -2469.83 -2549.45 -2624.87 -2699.37 -2766.84 -2824.14 -2876.98 -2937 -2996.37 -3050.5 -3096.44 -3143 -3183.6 -3222.98 -3265.6 -3309.88 -3350.57 -3382.12 -3407.68 -3425.4 -3448.09 -3470.17 -3496.26 -3526.04 -3546.75 -3565.58 -3580.76 -3596.9 -3602.41 -3602.81 -3594.8 -3585.99 -3570.12 -3546.58 -3516.41 -3484.89 -3451.32 -3408.84 -3366.54 -3325.34 -3285.5 -3239.68 -3192.13 -3140.3 -3089.54 -3036.44 -2976.48 -2910.62 -2845.87 -2775.15 -2698.25 -2613.5 -2527.85 -2439.63 -2347.26 -2255.5 -2159.65 -2057.69 -1947.06 -1835.41 -1725.98 -1617.49 -1508.06 -1395.83 -1283.34 -1174.43 -1062.9 -944.096 -813.288 -681.716 -545.787 -405.181 -257.075 -105.05 46.975 199 
100 -35.365 -168.894 -300.164 -428.102 -551.865 -671.156 -783.238 -896.218 -1003.52 -1108.76 -1214.25 -1316.18 -1420.94 -1525.87 -1631.48 -1732.42 -1829.01 -1925.44 -2016.43 -2106.62 -2202 -2298.3 -2393.08 -2481.42 -2560.35 -2634.88 -2705.27 -2769.95 -2829.25 -2885.15 -2940.45 -2999.44 -3056.42 -3104.55 -3155.37 -3205.32 -3250.66 -3297.32 -3346.2 -3385.38 -3419.54 -3450.28 -3474.74 -3502.78 -3528.54 -3553.81 -3581.38 -3602.32 -3617.17 -3628.34 -3637.61 -3635.57 -3634.34 -3630.97 -3620.1 -3602.38 -3578.27 -3549.92 -3520.28 -3488.09 -3452.06 -3411.19 -3368.73 -3329.39 -3287.29 -3240.8 -3190.36 -3135.7 -3081.38 -3020.09 -2951.9 -2881.21 -2806.62 -2726.43 -2645.27 -2562.09 -2480.96 -2389.47 -2291.16 -2181.47 -2069.67 -1957.17 -1846.06 -1738.12 -1634.57 -1531.28 -1423.98 -1309.37 -1196.72 -1082.94 -959.494 -829.437 -694.361 -554.42 -407.825 -256.29 -104.527 47.2365 199 
100 -40.8354 -181.671 -321.61 -457.415 -587.176 -707.558 -824.475 -937.696 -1047.67 -1155.79 -1261.34 -1365.16 -1469.91 -1578.05 -1688.52 -1799.33 -1904.93 -2005.04 -2104.47 -2202.8 -2302.93 -2399.01 -2492.58 -2579.89 -2660.48 -2736.64 -2809.59 -2877.77 -2935.71 -2991.21 -3053.09 -3115.73 -3172.41 -3219.12 -3266.44 -3306.61 -3346.95 -3387.84 -3428.53 -3467.11 -3496.56 -3519.16 -3535.47 -3555.39 -3573.47 -3594.26 -3618.72 -3633.81 -3648.08 -3660.54 -3674.38 -3677.26 -3675.5 -3666.01 -3655.47 -3638.85 -3615.3 -3585.7 -3551.94 -3515.12 -3471.2 -3427.45 -3384.28 -3344.24 -3297.64 -3247.42 -3194.34 -3141.46 -3085.75 -3023.12 -2955.73 -2888.53 -2815.37 -2736.71 -2652.31 -2565.31 -2478.27 -2386.83 -2295.33 -2196.26 -2093.64 -1980.28 -1866.98 -1755.9 -1646.3 -1534.83 -1421.09 -1307.78 -1196.9 -1083.02 -961.226 -829.678 -695.857 -558.589 -414.972 -263.822 -109.548 44.7261 199 
100 -43.0731 -185.696 -324.976 -460.409 -590.716 -715.497 -831.51 -946.157 -1057.42 -1166.32 -1276.64 -1383.48 -1490.35 -1600.58 -1711.71 -1818.04 -1920.21 -2022.38 -2119.58 -2213.04 -2313.26 -2411.85 -2509.64 -2599.34 -2681.9 -2759.22 -2831.09 -2900.51 -2964.43 -3026.91 -3086.08 -3148.65 -3206.14 -3255.58 -3309.29 -3363.09 -3412.86 -3464.05 -3513.36 -3552.6 -3585.91 -3613.19 -3635.21 -3662.33 -3686.94 -3713.07 -3739.37 -3761.76 -3778.6 -3789.54 -3798.28 -3795.16 -3793.33 -3787.08 -3772.44 -3753.32 -3726.18 -3693.64 -3660.81 -3625.45 -3586.45 -3542.98 -3498.12 -3457.39 -3414.71 -3365.67 -3312.23 -3253.75 -3194.95 -3130.21 -3059.18 -2987.35 -2910.12 -2823.98 -2734.81 -2645.25 -2557.79 -2460.91 -2354.74 -2236.99 -2122.72 -2007.05 -1893.21 -1782.43 -1676.21 -1569.1 -1459.55 -1343.64 -1228.11 -1111.14 -983.826 -850.877 -712.207 -568.967 -420.035 -265.874 -110.916 44.0419 199 
100 -41.6983 -183.397 -324.457 -463.233 -596.852 -721.331 -840.04 -954.265 -1064.6 -1173.31 -1278.48 -1382.73 -1486.82 -1595.51 -1706.39 -1818.58 -1924.25 -2025.25 -2125.14 -2222.08 -2324.65 -2422.18 -2517.34 -2607.75 -2690.96 -2768.04 -2839.45 -2908.65 -2967.53 -3024.74 -3085.54 -3148.57 -3205.55 -3253.52 -3300.29 -3341.49 -3381.98 -3424.05 -3463.78 -3502.32 -3533.47 -3556.19 -3574.08 -3593.56 -3613.05 -3634.6 -3659.97 -3675.47 -3690.22 -3705.4 -3722.59 -3726.08 -3725.36 -3715.56 -3703.39 -3686.37 -3660.3 -3629.85 -3595.93 -3559.66 -3515.6 -3470.66 -3425.74 -3385.04 -3338.75 -3289.43 -3238.59 -3185.61 -3127.59 -3062.49 -2995 -2927.06 -2853.33 -2772.28 -2688.57 -2600.5 -2511.47 -2422.64 -2331.15 -2230.91 -2126.9 -2010.84 -1895.82 -1784.09 -1672.81 -1559.56 -1444.56 -1330.9 -1217.69 -1101.67 -976.884 -844.582 -709.084 -570.527 -423.738 -269.999 -113.666 42.6671 199 
100 -42.9081 -185.816 -327.964 -465.203 -597.335 -722.946 -839.528 -953.449 -1063.25 -1167.67 -1275.15 -1380.66 -1485.88 -1595.59 -1706.8 -1815.73 -1920.66 -2023.84 -2121.82 -2213.91 -2313.34 -2411.67 -2508.95 -2597.85 -2683.96 -2766.78 -2843.7 -2912.26 -2975.38 -3038.07 -3093.81 -3154.23 -3213.7 -3262.97 -3315.54 -3368.73 -3417.88 -3469.3 -3518.6 -3557.74 -3589.81 -3613.78 -3632.65 -3658.25 -3680.47 -3707.29 -3732.22 -3755.03 -3771.53 -3782.4 -3790.9 -3788.7 -3789.99 -3786.02 -3770.45 -3750.8 -3723.71 -3689.98 -3657.04 -3621.6 -3582.13 -3540.32 -3495.97 -3455.22 -3409.16 -3356.96 -3300.27 -3238.63 -3178.18 -3113 -3044.85 -2976.3 -2902.47 -2820.12 -2731.68 -2642.59 -2553.69 -2458.29 -2353.65 -2237.54 -2123.43 -2007.61 -1894.02 -1783.95 -1677.86 -1569.93 -1461.02 -1346.42 -1231.12 -1113.28 -985.797 -853.196 -713.997 -568.907 -419.628 -266.369 -111.246 43.877 199 
100 -41.5219 -183.044 -324.237 -462.837 -596.896 -722.118 -840.979 -955.317 -1068.29 -1180.07 -1286.82 -1389.14 -1491.57 -1599.6 -1709.78 -1822.08 -1926.94 -2027.76 -2127.04 -2222.36 -2322.69 -2420.65 -2515.32 -2604.91 -2685.64 -2762.03 -2831.79 -2900.29 -2960.06 -3017.63 -3076.29 -3138.38 -3194.96 -3243.09 -3288.23 -3329.77 -3369.37 -3411.08 -3449.5 -3487.09 -3518.16 -3540.18 -3558.14 -3576.57 -3596.68 -3618 -3642.79 -3658.2 -3672.41 -3686.61 -3702.49 -3705.74 -3704.89 -3695.07 -3683.08 -3666.97 -3640.82 -3610.73 -3576.83 -3540.19 -3495.69 -3451.9 -3407.2 -3366.96 -3321.9 -3272.76 -3222.59 -3172.34 -3116.48 -3053.73 -2991.93 -2927.94 -2854.41 -2773.82 -2691.38 -2604.8 -2515.2 -2428.35 -2335.98 -2237.29 -2132.9 -2015.91 -1901.23 -1790.23 -1679.99 -1567.32 -1452.82 -1340.23 -1226.13 -1105.59 -978.016 -846.307 -711.394 -572.774 -425.137 -270.528 -114.018 42.4908 199 
100 -42.206 -184.412 -326.016 -464.985 -595.453 -720.166 -839.473 -954.965 -1065.92 -1171.88 -1281.19 -1387.27 -1491.04 -1596.62 -1704.15 -1811.29 -1915.84 -2018.32 -2116.63 -2207.52 -2304.72 -2400.15 -2493.45 -2581.31 -2667.79 -2749.6 -2825.05 -2893.27 -2955.53 -3016.84 -3070.51 -3127.87 -3186.98 -3238.76 -3293.1 -3345.45 -3393.36 -3444.41 -3492.51 -3533.76 -3567.58 -3592.5 -3610.52 -3633.89 -3654.96 -3681.52 -3707.86 -3733.19 -3751.97 -3765.01 -3773.42 -3770.7 -3771.6 -3766.29 -3749.23 -3728.4 -3700.56 -3665.41 -3631.83 -3595.35 -3555.38 -3514.28 -3471.15 -3430.1 -3383.1 -3330.22 -3272.99 -3211.34 -3149.54 -3086.11 -3022.82 -2957.16 -2885.56 -2806.35 -2720.39 -2634.3 -2549.25 -2456.93 -2355.74 -2243.59 -2131.99 -2016.18 -1902.31 -1792.47 -1685.96 -1577.76 -1468.83 -1354.57 -1239.02 -1119.42 -990.325 -857.073 -716.852 -571.165 -421.184 -268.476 -112.65 43.1748 199 
100 -43.2227 -186.445 -329.668 -472.891 -609.476 -736.721 -857.144 -973.371 -1089.16 -1205.41 -1315.22 -1417.25 -1520.97 -1628.93 -1740.22 -1854.07 -1960.88 -2063.42 -2163.96 -2259.73 -2359.28 -2458.9 -2555.5 -2646.2 -2729.29 -2807.1 -2877.11 -2946.65 -3009.3 -3068.28 -3127.39 -3189.04 -3247.79 -3297.9 -3344.61 -3388.28 -3429.06 -3472.15 -3513.06 -3554.77 -3589.86 -3613.2 -3629.59 -3646.35 -3665.71 -3686.26 -3706.74 -3718.34 -3727.74 -3737.22 -3748.67 -3752.61 -3750.47 -3738.81 -3722.6 -3702.87 -3673.58 -3639.64 -3602.81 -3564.35 -3518.72 -3475.21 -3429.99 -3388.51 -3345.23 -3298.26 -3247.75 -3196.12 -3138.62 -3075.33 -3014.19 -2951.02 -2875.94 -2795.64 -2712.79 -2626.79 -2536.84 -2449.51 -2356.36 -2256.89 -2150.52 -2032.29 -1916.65 -1805.47 -1695.39 -1582.85 -1468.27 -1354.93 -1239.24 -1116.89 -988.099 -855.635 -720.18 -579.91 -430.597 -274.191 -116.461 41.2696 199 
100 -44.1296 -188.259 -331.99 -473.197 -604.532 -730.863 -852.318 -969.065 -1080.77 -1187.95 -1298.17 -1405.33 -1509.66 -1614.67 -1723.74 -1833.11 -1939.95 -2044.45 -2145.5 -2238.91 -2335.33 -2432.47 -2527.24 -2616.73 -2705.44 -2788.65 -2866.84 -2937.13 -3001.15 -3062.98 -3118.5 -3174.27 -3234.31 -3288.4 -3344.75 -3396.2 -3442.6 -3493.52 -3542.47 -3586.1 -3621.35 -3648.71 -3666.08 -3686.79 -3706.41 -3732.57 -3757.53 -3781.86 -3799.61 -3811.47 -3818.69 -3815.49 -3815.63 -3809.14 -3791.97 -3769.56 -3740.32 -3703.58 -3668.89 -3630.78 -3591.16 -3549.79 -3507.65 -3465.71 -3417.48 -3367.17 -3315.03 -3259.82 -3199.97 -3140.46 -3078.65 -3013.49 -2943.62 -2869.24 -2785.47 -2701.15 -2615.05 -2522.48 -2422.52 -2310.44 -2198.17 -2081.55 -1967.18 -1854.95 -1741.16 -1626.56 -1513.03 -1395.98 -1277.03 -1152.57 -1020.49 -883.018 -739.099 -589.588 -435.686 -280.236 -120.491 39.2547 199 
100 -43.6418 -187.284 -330.925 -474.309 -609.087 -734.524 -853.492 -968.944 -1081.64 -1196.59 -1308.05 -1409.47 -1512.03 -1618.8 -1730.3 -1843.56 -1951.35 -2055.27 -2155.78 -2251.34 -2348.08 -2447.05 -2544.51 -2635.37 -2719.8 -2797.23 -2866.65 -2935.91 -3000.27 -3059.51 -3118.14 -3177.68 -3237.08 -3288.33 -3336.2 -3380.92 -3422.33 -3465.31 -3506.07 -3547.26 -3582.47 -3606.14 -3622.3 -3639.23 -3659.26 -3680.91 -3700.86 -3713.05 -3721.68 -3729.77 -3737.9 -3740.81 -3739.86 -3731.4 -3718.46 -3702.48 -3677 -3643.87 -3606.58 -3567.79 -3523.66 -3481.02 -3436.89 -3395.9 -3353.46 -3307.99 -3258.29 -3206.68 -3149.85 -3089.23 -3028.8 -2966.69 -2895.06 -2819.41 -2739.44 -2656.66 -2567.97 -2480.84 -2390.52 -2294.29 -2188.29 -2070.89 -1954.41 -1841.81 -1729.75 -1615.12 -1499.1 -1383.9 -1265.03 -1139.81 -1008.71 -874.202 -736.829 -593.229 -441.053 -281.699 -121.466 38.7668 199 
100 -45.8244 -191.649 -337.317 -480.209 -612.618 -740.335 -862.374 -977.577 -1088.76 -1196.76 -1307.42 -1416.57 -1519.57 -1625.19 -1735.61 -1846.53 -1955.43 -2060.65 -2163.78 -2261.41 -2357.24 -2456.48 -2555.55 -2649.98 -2741.64 -2826.04 -2906.93 -2978.66 -3044.13 -3106.16 -3162.76 -3217.96 -3278.5 -3335.13 -3392.7 -3444.07 -3491.5 -3543.94 -3591.18 -3633.92 -3669.66 -3698.96 -3719.53 -3739.57 -3760.87 -3788.8 -3815.69 -3841.55 -3860.7 -3873.94 -3882.96 -3881.87 -3880.65 -3872.65 -3855.65 -3831.66 -3800.27 -3762.48 -3724.41 -3680.01 -3634.58 -3587.78 -3542.4 -3498.15 -3448.85 -3396.54 -3340.52 -3282.83 -3218.01 -3156.72 -3093.43 -3027.39 -2957.15 -2883.12 -2796.64 -2711.52 -2625.13 -2532.24 -2432.59 -2319.71 -2206.57 -2088.96 -1974.75 -1862.35 -1748.65 -1635.56 -1521.23 -1403.4 -1280.41 -1151.42 -1019.17 -881.852 -739.987 -592.249 -439.517 -283.917 -122.945 38.0276 199 
100 -48.1703 -196.341 -344.511 -492.607 -630.998 -758.791 -879.097 -995.921 -1109.6 -1225.28 -1339.58 -1441.84 -1543.97 -1651.83 -1763.92 -1877.15 -1987.34 -2093.86 -2196.49 -2293.16 -2388.95 -2487.43 -2587.16 -2680.49 -2767.87 -2845.57 -2915.71 -2986.16 -3050.16 -3109.16 -3168.69 -3227.36 -3288.15 -3344.13 -3394.42 -3440.72 -3483.13 -3527.26 -3569.17 -3610.7 -3647.65 -3673.35 -3691.81 -3711.88 -3733.32 -3757.22 -3778.17 -3792.27 -3801.28 -3810.15 -3819.36 -3823.15 -3822.67 -3812.53 -3798.22 -3781.23 -3754.68 -3717.43 -3675.65 -3631.52 -3583.78 -3537.87 -3495.43 -3456.54 -3416.05 -3370.9 -3317.01 -3258.41 -3195.37 -3132.49 -3065.53 -2999.69 -2924.26 -2845.01 -2761.61 -2676.78 -2585.18 -2495.31 -2403.05 -2305.39 -2197.16 -2079.15 -1962.73 -1849.68 -1737.5 -1622.89 -1505.78 -1390.09 -1268.17 -1141.69 -1012.77 -877.888 -739.678 -596.131 -445.075 -285.645 -124.097 37.4516 199 
100 -53.5395 -207.079 -357.98 -505.208 -642.487 -774.695 -901.468 -1021.43 -1136.94 -1248.7 -1361.34 -1472.56 -1574.83 -1681.64 -1792.58 -1905.18 -2015.64 -2122.43 -2227.72 -2325.59 -2418.95 -2514.76 -2612.78 -2706.56 -2797.43 -2883.58 -2966.1 -3036.34 -3100.48 -3160.46 -3215.03 -3267.08 -3324.91 -3381.48 -3436.77 -3486.51 -3532.37 -3582.94 -3628.72 -3671.11 -3704.94 -3732.65 -3751.49 -3768.45 -3788.27 -3814.99 -3841.08 -3866.6 -3884.17 -3895.91 -3906.23 -3908.21 -3909.34 -3903.61 -3886.63 -3861.25 -3827.97 -3789.28 -3749.93 -3706.04 -3660.61 -3613.5 -3568 -3521.02 -3469.38 -3417.71 -3361.04 -3302.57 -3238.31 -3174.87 -3108.37 -3041.16 -2970.9 -2895.7 -2810.55 -2726.16 -2639.31 -2547.08 -2447.08 -2333.31 -2219.45 -2101.09 -1987.34 -1875.01 -1761.06 -1647.4 -1531.54 -1414.86 -1290.73 -1160.82 -1027.76 -889.223 -746.603 -597.815 -443.837 -286.724 -125.046 36.9771 199 
100 -53.4421 -206.884 -360.326 -513.769 -658.249 -791.627 -917.246 -1039.33 -1157.71 -1277.53 -1396.88 -1504.35 -1610.79 -1719.28 -1832.35 -1946.25 -2058.79 -2169.12 -2273.99 -2373.35 -2470.22 -2568.93 -2671.39 -2765.46 -2853.36 -2929.45 -2998.07 -3067.43 -3131.42 -3190.48 -3245.52 -3298.53 -3357.58 -3414.04 -3464.74 -3510.4 -3552.25 -3594.79 -3635.88 -3675.25 -3711.16 -3734.81 -3749.92 -3766.91 -3787.35 -3811.29 -3831.35 -3845.18 -3852.53 -3858.81 -3863.83 -3862.44 -3858.37 -3843.71 -3829.07 -3811.22 -3784.59 -3747.39 -3704.89 -3659.35 -3607.75 -3556.51 -3510.53 -3468.65 -3426.33 -3384.79 -3332.89 -3275.61 -3216.6 -3153.18 -3086.05 -3020.27 -2947.39 -2867.25 -2785.68 -2700.53 -2607.72 -2512.5 -2413.21 -2311.6 -2201.49 -2083.9 -1967.82 -1855.15 -1743.11 -1630.04 -1512.46 -1396.81 -1272.52 -1146.44 -1016.67 -881.354 -742.893 -599.582 -447.225 -287.361 -125.241 36.8797 199 
100 -54.096 -208.192 -359.57 -506.778 -645.135 -777.445 -904.814 -1026.2 -1141.4 -1252.89 -1365.15 -1476.99 -1579.42 -1684.36 -1794.63 -1907.36 -2017.79 -2125.14 -2231.09 -2329.54 -2422.66 -2516.41 -2614.95 -2709.77 -2800.87 -2887.85 -2971.2 -3041.69 -3106.05 -3166.13 -3219.98 -3271.11 -3327.65 -3385.38 -3439.49 -3489.71 -3535.83 -3585.88 -3634.79 -3679.66 -3711.74 -3737.82 -3756.47 -3773.85 -3793.33 -3820.37 -3850.2 -3878.63 -3896.39 -3907.92 -3919.98 -3923.38 -3925.43 -3920.99 -3906.9 -3884.72 -3851.36 -3811.89 -3770.01 -3724.91 -3677.7 -3628.9 -3580.65 -3534.21 -3484.64 -3437.15 -3381.01 -3323.29 -3262.74 -3199.51 -3133.26 -3067.14 -2997.93 -2920.25 -2835.93 -2750.04 -2661.93 -2567.21 -2465.77 -2353.06 -2240.16 -2122.71 -2009.34 -1895.54 -1780.17 -1664.68 -1545.84 -1427.63 -1301.69 -1170.44 -1034.6 -896.513 -757.406 -609.659 -453.477 -293.47 -129.777 34.6117 199 
100 -56.9393 -213.879 -370.818 -527.553 -676.646 -814.794 -946.659 -1071.74 -1193.62 -1315.63 -1437.69 -1548.9 -1658.51 -1767.93 -1883.91 -2000.16 -2116.2 -2230.59 -2339.45 -2442.82 -2542.91 -2646.16 -2751.05 -2848.88 -2941.11 -3020.42 -3091.43 -3163.92 -3231.7 -3295.32 -3355.27 -3410.74 -3471.99 -3532.7 -3587.77 -3636.93 -3682.67 -3730.93 -3776.4 -3814.71 -3850.06 -3874.84 -3890.65 -3907.91 -3928.29 -3953.4 -3973.84 -3986.87 -3994.79 -4000.47 -4005.29 -4003.78 -4000.8 -3985.43 -3971.27 -3950.85 -3922.08 -3883.3 -3838.34 -3793.76 -3745.39 -3694.68 -3648.87 -3608.07 -3566.33 -3526.43 -3474.46 -3417.24 -3360.93 -3296.85 -3226.02 -3153.8 -3073.26 -2987.68 -2902.14 -2813.21 -2718.66 -2617.43 -2512.28 -2405.33 -2288.53 -2166.2 -2046.16 -1928.71 -1811.76 -1696.75 -1577.1 -1459.11 -1329.12 -1195.74 -1059.2 -918.166 -774.818 -626.83 -467.775 -303.166 -135.778 31.6112 199 
100 -58.9879 -217.976 -374.235 -525.853 -668.84 -805.383 -937.806 -1064.67 -1183.81 -1299.23 -1416.08 -1531.98 -1639.28 -1747.46 -1861.63 -1977.22 -2092.92 -2203.27 -2310.57 -2411.4 -2507.28 -2604.07 -2705.96 -2805.64 -2900.75 -2993.44 -3081.18 -3156.89 -3225.76 -3290.29 -3348.43 -3400.49 -3456.96 -3517.01 -3571.39 -3623.23 -3668.63 -3715.66 -3760.48 -3801.49 -3831.59 -3855.83 -3872.93 -3889.57 -3907.1 -3933.05 -3962.29 -3990.76 -4006.94 -4016.83 -4028.45 -4032.29 -4034.5 -4029.06 -4014.59 -3990.61 -3956.58 -3916.32 -3873.38 -3828.27 -3779.95 -3731.41 -3681.61 -3634.33 -3585.07 -3539.11 -3482.68 -3426.84 -3367.72 -3304.33 -3235.65 -3167.3 -3095.09 -3011.99 -2925.07 -2836.45 -2745.88 -2646.8 -2542.4 -2426.77 -2310.2 -2188.72 -2073.33 -1956.54 -1837.66 -1718.43 -1592.2 -1467.58 -1338.98 -1204.92 -1064.85 -922.89 -780.186 -628.938 -469.206 -304.81 -137.524 30.738 199 
100 -61.1089 -222.218 -383.327 -543.894 -698.415 -841.075 -977.695 -1108.69 -1237.46 -1363.51 -1490.09 -1608.72 -1725.07 -1841.31 -1959.78 -2079.28 -2201.63 -2321.64 -2433.57 -2539.08 -2639.49 -2745.06 -2855.19 -2960.3 -3057.99 -3144.2 -3218.58 -3292.34 -3361.69 -3426.37 -3486.67 -3542.59 -3603.1 -3665.94 -3722.62 -3773.83 -3821.25 -3869.85 -3916.43 -3957.28 -3993.51 -4020.34 -4037.7 -4056.11 -4077.12 -4104.38 -4125.37 -4138.52 -4147.7 -4155.34 -4163.07 -4165.46 -4166.86 -4155.44 -4145 -4125.61 -4098.23 -4061.34 -4017.56 -3975.41 -3929.1 -3878.72 -3830.88 -3790.11 -3747.13 -3705.9 -3652.27 -3594.29 -3537.63 -3471.64 -3399.7 -3325.89 -3242.87 -3152.72 -3062.16 -2970.56 -2873.81 -2767.48 -2658.42 -2545.78 -2420.43 -2290.9 -2164.77 -2040.71 -1916.05 -1794.29 -1667.37 -1541.5 -1404.12 -1263.78 -1119.54 -970.933 -820.406 -664.688 -497.34 -325.355 -150.813 24.0933 199 
100 -61.762 -223.524 -382.618 -538.444 -685.169 -823.85 -958.871 -1088.58 -1209.88 -1328.78 -1446.74 -1564.5 -1678.05 -1791.22 -1906.2 -2023.2 -2141.61 -2258.17 -2367.62 -2471.56 -2569.91 -2667.46 -2770.41 -2872.81 -2967.88 -3061.82 -3152.8 -3231.31 -3302.53 -3369.35 -3428.91 -3483.44 -3540.23 -3604.15 -3662.58 -3717.77 -3763.29 -3809.02 -3853.19 -3891.09 -3923.49 -3949.61 -3969.18 -3988.82 -4006.43 -4032.2 -4061.46 -4089.58 -4105.92 -4115.41 -4126.72 -4134.9 -4140.07 -4137.61 -4126 -4104.19 -4071.6 -4030.74 -3989.37 -3947.84 -3902.11 -3857.31 -3807.96 -3760.75 -3712.76 -3668.1 -3614.57 -3564.05 -3508.64 -3447.72 -3380.78 -3316.89 -3247.99 -3165.46 -3079.8 -2992.99 -2900.78 -2798.17 -2689.25 -2569.6 -2447.2 -2320.09 -2200.28 -2078.6 -1953.98 -1829.17 -1694.3 -1560.8 -1426.49 -1284.85 -1135.57 -984.69 -832.902 -673.471 -505.141 -331.34 -155.351 21.8246 199 
100 -63.9958 -227.992 -391.987 -555.983 -715.294 -861.13 -1000.98 -1134.08 -1266.18 -1395.12 -1522.5 -1642.91 -1761.78 -1881.04 -2000.77 -2122.3 -2245.73 -2368.56 -2482.54 -2591.02 -2694.1 -2800.28 -2911.96 -3019.98 -3120.25 -3209.42 -3285.37 -3361.47 -3434.06 -3501.43 -3563.33 -3622.02 -3682.9 -3751.05 -3813.88 -3868.79 -3919.86 -3970.36 -4020.54 -4066.96 -4104.8 -4134.6 -4154.98 -4176.17 -4200.02 -4230.45 -4253.82 -4268.92 -4280.98 -4291.35 -4300.63 -4305.85 -4309.5 -4301.69 -4293.56 -4276.86 -4252.43 -4218.87 -4177.91 -4139.69 -4097.53 -4049.46 -4001.35 -3960.72 -3920.62 -3878.54 -3824.64 -3768.17 -3711.95 -3644.56 -3574.46 -3502.27 -3420.31 -3330.19 -3235.56 -3140.7 -3039.71 -2930.15 -2816.37 -2697.41 -2565.19 -2430.53 -2299.83 -2170.88 -2038.38 -1908.25 -1773.01 -1637 -1492.86 -1343.53 -1190.31 -1032.9 -873.855 -708.943 -532.064 -351.278 -168.414 15.2928 199 
100 -66.2966 -232.593 -396.35 -556.753 -707.731 -851.201 -990.745 -1123.63 -1250.12 -1374.32 -1495.08 -1616.03 -1734.79 -1852.54 -1971.15 -2091.48 -2212.12 -2333.83 -2447.27 -2555.77 -2661.87 -2763.96 -2869.85 -2976.11 -3074.66 -3173.67 -3267.83 -3351.21 -3426.52 -3497.36 -3560.05 -3619.35 -3677.96 -3742.33 -3803.86 -3862.76 -3913.15 -3961.87 -4008.7 -4050.46 -4086.58 -4116.32 -4140.21 -4164.2 -4186.48 -4216.68 -4249.14 -4281.12 -4299.74 -4313.21 -4329.61 -4343.8 -4353.81 -4355.36 -4349.14 -4331.25 -4303.84 -4265.98 -4226.57 -4186.88 -4141.77 -4096.29 -4046.03 -3997.84 -3949.85 -3903.68 -3850.05 -3799.7 -3741.65 -3673.53 -3599.93 -3529.17 -3451.23 -3358 -3263.55 -3168.11 -3065.62 -2956.21 -2839.1 -2715.5 -2589.07 -2456.37 -2330.29 -2202.64 -2071.22 -1939.17 -1797.07 -1656.54 -1514.77 -1363.4 -1204.4 -1043.12 -878.24 -709.042 -534.07 -352.664 -169.657 14.6717 199 
100 -71.2795 -242.559 -413.838 -585.118 -752.056 -905.471 -1052.86 -1192.43 -1332.11 -1468.33 -1600.61 -1724.61 -1847.42 -1971.11 -2094.73 -2218.92 -2344.23 -2471.24 -2588.82 -2701.08 -2808.85 -2917.93 -3032.41 -3143.86 -3247.94 -3341.5 -3421.14 -3501.17 -3578.36 -3648.81 -3712.52 -3775.33 -3838.24 -3909.36 -3974.67 -4031.22 -4084.02 -4134.71 -4186.55 -4233.55 -4272.47 -4302.82 -4325.36 -4347.88 -4373.66 -4405.43 -4429.6 -4446.05 -4459.55 -4471.29 -4478.44 -4482.22 -4483.53 -4475.19 -4465.1 -4446.75 -4420.82 -4385.38 -4342.83 -4300.42 -4254.87 -4202.57 -4150.21 -4105.19 -4062.06 -4016.89 -3957.14 -3894.1 -3830.46 -3756.32 -3683.27 -3609.89 -3527.16 -3434.01 -3334.3 -3234.2 -3126.65 -3013.18 -2890.99 -2761.09 -2626.9 -2492.93 -2361.27 -2229.75 -2092.82 -1957.99 -1818.9 -1677.19 -1530.66 -1375.3 -1217.54 -1055.72 -892.508 -724.48 -545.563 -363.296 -177.222 10.889 199 
100 -74.8458 -249.692 -422.191 -591.268 -753.017 -907.039 -1055.28 -1195.4 -1330.88 -1464.25 -1590.73 -1716.36 -1840.65 -1964.04 -2087.78 -2212.06 -2336.47 -2463.29 -2582.47 -2696.75 -2807.8 -2915.61 -3024 -3131.69 -3231.87 -3333.67 -3430.28 -3517.15 -3594.44 -3667.67 -3732.11 -3793.98 -3853.57 -3918.4 -3978.56 -4033.68 -4082.26 -4130.76 -4179.07 -4223.09 -4260.79 -4289.93 -4313.77 -4337.36 -4359.41 -4389.18 -4419.68 -4447.46 -4463.55 -4476.63 -4492.64 -4508.13 -4517.73 -4515.24 -4506.72 -4484.17 -4452.93 -4411.4 -4369.39 -4325.62 -4275.08 -4224.85 -4172.39 -4122.8 -4073.6 -4023.55 -3965.4 -3909.7 -3849 -3778.18 -3702.99 -3629.02 -3548.75 -3451.27 -3351.07 -3244.09 -3132.77 -3019.98 -2900.08 -2773.3 -2641.89 -2511.44 -2383.7 -2253.26 -2119.15 -1981.81 -1835.73 -1689.95 -1544.14 -1390.18 -1228.42 -1064.33 -896.321 -724.893 -547.11 -362.655 -175.933 11.5334 199 
100 -76.1306 -252.261 -428.392 -604.523 -775.879 -935.545 -1090.55 -1237.66 -1384.53 -1525.6 -1661.87 -1789.65 -1915.95 -2044.48 -2172.29 -2300.47 -2428.41 -2554.55 -2670.32 -2779.06 -2883.27 -2988.7 -3096.45 -3205.83 -3308.36 -3400.36 -3479.26 -3557.7 -3634.3 -3703.62 -3765.36 -3826.39 -3887.19 -3955.21 -4020.24 -4076.17 -4128.15 -4180.03 -4232.4 -4278.43 -4315.95 -4345.05 -4368.99 -4390.39 -4415.03 -4446.08 -4469.24 -4484.63 -4497.14 -4508 -4512.75 -4512.81 -4508.97 -4497.17 -4483.98 -4464.5 -4437.47 -4400.02 -4358.76 -4315.19 -4269.5 -4216.5 -4163.66 -4117.69 -4074.91 -4028.01 -3970.78 -3910.75 -3845.88 -3772.26 -3700.01 -3625.97 -3542.9 -3450.31 -3351.27 -3250.93 -3142.14 -3028.73 -2906.34 -2778.12 -2644.85 -2511.41 -2378.84 -2246.36 -2108.44 -1972.43 -1833.09 -1690.08 -1542.35 -1385.39 -1226.54 -1063.74 -899.703 -729.011 -548.559 -365.299 -179.207 9.89637 199 
100 -79.9314 -259.863 -437.703 -611.302 -778.002 -936.915 -1090.45 -1234.49 -1376.36 -1518.26 -1653.59 -1784.17 -1913.04 -2041.5 -2169.51 -2296.03 -2421.05 -2546.95 -2669.45 -2785.37 -2898.02 -3008.17 -3113.84 -3219.19 -3317.69 -3418.73 -3514.77 -3601.6 -3680.79 -3755.71 -3821.84 -3882.5 -3940.21 -4001.51 -4060.26 -4113.86 -4162.14 -4209.29 -4255.32 -4297.88 -4331.24 -4358.91 -4382.35 -4405 -4426.1 -4454.97 -4485.02 -4510.74 -4525.5 -4537.89 -4552.32 -4564.51 -4571.06 -4567.15 -4558.05 -4535.77 -4503.91 -4461.68 -4419.56 -4374.9 -4324.5 -4273.48 -4221.41 -4173.79 -4126.58 -4078.93 -4021.29 -3965.54 -3905.41 -3834.81 -3758.66 -3681.12 -3597.18 -3499.16 -3400.63 -3295.19 -3181.22 -3064.14 -2940.81 -2811.37 -2676.22 -2541.11 -2408.73 -2274.94 -2137.9 -1999.45 -1853.15 -1708.03 -1559.23 -1402.22 -1237.18 -1069.41 -899.165 -727.506 -549.162 -365.504 -177.449 10.7753 199 
100 -80.7643 -261.529 -442.293 -621.203 -793.868 -956.369 -1112.78 -1264.32 -1415.61 -1561.26 -1701.47 -1832.28 -1961.77 -2094.81 -2226.44 -2359.2 -2489.4 -2618.38 -2741.55 -2857.18 -2969.14 -3081.94 -3191.61 -3301.62 -3404.38 -3497.72 -3579.05 -3657.82 -3736.45 -3807.02 -3869.88 -3931.66 -3993.41 -4060.89 -4128.36 -4186.06 -4239.99 -4292.94 -4344.57 -4389.19 -4425.26 -4455.02 -4481.07 -4504.05 -4530.16 -4563.4 -4588.26 -4605.31 -4619.53 -4632.28 -4638.13 -4640.75 -4637.85 -4627.92 -4617.23 -4599.33 -4573.64 -4534.2 -4493.45 -4448.58 -4402.39 -4348.62 -4295.14 -4248.35 -4205 -4154.12 -4094.18 -4030.48 -3961.33 -3886.11 -3810.35 -3733.12 -3646.3 -3553.07 -3451.17 -3346.78 -3230.76 -3110.97 -2984.34 -2851.91 -2713.97 -2577.9 -2441.42 -2304.58 -2162.88 -2022.51 -1879.64 -1732.62 -1579.58 -1418.63 -1255.63 -1088.69 -920.488 -743.995 -557.433 -370.041 -181.627 8.68633 199 
100 -85.6892 -271.378 -455.29 -634.786 -807.14 -971.637 -1129.36 -1276.21 -1420.58 -1565.36 -1704.42 -1836.98 -1968.54 -2099.79 -2230.14 -2360 -2487.01 -2612.12 -2737.31 -2853.33 -2965.19 -3076.25 -3183.25 -3292.01 -3394.13 -3497.7 -3597.04 -3686.22 -3767.91 -3844.31 -3913.62 -3976.71 -4036.67 -4098.76 -4159.86 -4215.2 -4267.25 -4316.58 -4364.35 -4408.34 -4439.46 -4467.13 -4490.6 -4512.99 -4533.66 -4562.38 -4592.59 -4616.79 -4632.89 -4645.3 -4658.15 -4668.6 -4672.92 -4670.82 -4662.17 -4640.78 -4607.12 -4562.97 -4519.12 -4474.05 -4423.75 -4372.73 -4320.25 -4269.66 -4219.34 -4169.82 -4110.18 -4051.61 -3989.89 -3918.01 -3840.25 -3759.96 -3670.95 -3571.55 -3468.98 -3359.96 -3243.05 -3122.56 -2996.36 -2863.45 -2725.75 -2591.34 -2457.14 -2320.14 -2180.98 -2039.96 -1891.74 -1745.1 -1592.93 -1434.4 -1267.21 -1096.43 -923.634 -748.974 -568.116 -380.966 -189.309 4.84557 199 
100 -87.9605 -275.921 -463.881 -649.806 -829.38 -999.606 -1160.06 -1315.88 -1470.85 -1620.26 -1763.8 -1897.64 -2030.9 -2167.76 -2303.13 -2439.83 -2571.83 -2698.97 -2825.8 -2945.32 -3061.11 -3178.88 -3291.03 -3399.69 -3506.03 -3603.29 -3689.58 -3771.62 -3854.41 -3928.28 -3995.29 -4057.94 -4120.56 -4188.59 -4261.9 -4325.87 -4384.49 -4441.1 -4496.52 -4545.41 -4582.74 -4613.04 -4640.16 -4664.5 -4691.63 -4726.71 -4754.71 -4772.43 -4788 -4802.17 -4809.41 -4814.23 -4811.95 -4801.71 -4788.68 -4766.37 -4735.43 -4691.89 -4646.33 -4599.95 -4551.21 -4496.26 -4441.79 -4393.48 -4349.04 -4297.24 -4235.53 -4167.83 -4094.43 -4016.33 -3937.51 -3856.91 -3766.05 -3672.09 -3566.52 -3457.16 -3334.85 -3208.08 -3077.38 -2942.24 -2802.23 -2662.83 -2522.21 -2380.57 -2234.92 -2090.03 -1943.41 -1791.9 -1632.86 -1467.96 -1300.5 -1129.07 -955.911 -773.514 -583.052 -391.169 -196.454 1.2731 199 
100 -89.367 -278.734 -466.69 -650.18 -826.109 -994.139 -1154.19 -1305.04 -1452.68 -1601.14 -1744.72 -1880.6 -2015.33 -2150.22 -2284.07 -2417.75 -2548.68 -2674.8 -2801.37 -2921.01 -3035.96 -3151.24 -3261.71 -3371.01 -3476.91 -3583.34 -3686.71 -3779.02 -3863.87 -3941.41 -4011.84 -4077.87 -4141.04 -4205.46 -4269.51 -4327.62 -4384.39 -4436.67 -4487.13 -4534.05 -4565.77 -4592.93 -4616.32 -4639.11 -4660.02 -4687.51 -4715.53 -4742.12 -4761.94 -4778.77 -4795.89 -4811.16 -4818.26 -4820.45 -4814.8 -4794.42 -4759.31 -4713.78 -4667.62 -4619.84 -4567.16 -4514.15 -4460.07 -4407.5 -4355.26 -4303.57 -4241.28 -4180.83 -4119.42 -4046.84 -3970.51 -3887.33 -3796.14 -3698.95 -3594.79 -3483.32 -3363.98 -3240.76 -3108.03 -2970.89 -2828.67 -2690.05 -2550.88 -2408.48 -2265.16 -2119.1 -1968.85 -1817.23 -1656.52 -1489.42 -1315 -1136.21 -955.892 -774.181 -588.676 -395.77 -199.45 -0.24229 199 
100 -89.2585 -278.517 -467.776 -654.808 -835.331 -1007.58 -1170.02 -1327.13 -1482.47 -1632.67 -1776.18 -1911.3 -2044.04 -2181.6 -2318.26 -2455.24 -2587.66 -2714.46 -2836.79 -2954.98 -3069.18 -3187.31 -3298.88 -3403.44 -3510.54 -3609.06 -3697.29 -3779.6 -3863.34 -3937.45 -4005.48 -4070.28 -4136.56 -4207.56 -4285.12 -4352.26 -4412.64 -4469.69 -4524.97 -4576.53 -4615.7 -4645.46 -4674.91 -4700.43 -4728.43 -4765.81 -4794.63 -4812.82 -4828.27 -4841.62 -4850.74 -4857.5 -4854.92 -4846.88 -4836.33 -4815.86 -4786.27 -4744.49 -4697.36 -4649.39 -4598.56 -4542.38 -4486.95 -4436.95 -4391.64 -4338.73 -4276.46 -4207.88 -4134.01 -4054.87 -3976.09 -3896.38 -3804.82 -3709 -3603.42 -3489.29 -3366.59 -3239.32 -3106.7 -2970.86 -2830.74 -2690.58 -2548.81 -2405.37 -2258.62 -2112.28 -1965.02 -1811.47 -1650.15 -1484.14 -1314.8 -1141.75 -966.333 -780.933 -589.476 -395.969 -199.655 -0.350731 199 
100 -89.617 -279.234 -467.852 -652.082 -828.159 -996.295 -1155.25 -1306.82 -1454.49 -1602.96 -1748.28 -1887.64 -2021 -2156.3 -2290.4 -2424.27 -2555.45 -2682.12 -2804.69 -2924.82 -3039.7 -3155.2 -3265.94 -3372.84 -3475.93 -3578.66 -3679.31 -3769.57 -3853.85 -3930.86 -4000.39 -4064.25 -4127.19 -4191.9 -4254.77 -4311.08 -4366.6 -4414.97 -4464.69 -4511.1 -4542.74 -4572.28 -4597.06 -4619.62 -4640.13 -4667.85 -4695.2 -4721.06 -4742.74 -4763.43 -4783.8 -4799.82 -4806.02 -4808.49 -4803.01 -4782.06 -4746.47 -4700.62 -4654.31 -4606.11 -4554.05 -4501.55 -4448.34 -4396.19 -4344.67 -4290.49 -4228.78 -4168.27 -4106.98 -4034.03 -3958.44 -3874.38 -3783.54 -3687.43 -3584.47 -3474.06 -3354.79 -3230.99 -3099.35 -2963.09 -2820.29 -2679.73 -2540.18 -2398.23 -2255.77 -2110.42 -1963.34 -1811.86 -1652 -1485.87 -1312.25 -1133.82 -954.257 -772.796 -587.915 -394.587 -198.516 0.0077494 199 
100 -89.0902 -278.18 -467.271 -653.683 -833.92 -1006.47 -1169.81 -1326.76 -1481.37 -1630.19 -1771.95 -1907.06 -2037.97 -2174.52 -2311.02 -2446.52 -2578.03 -2705.43 -2827.49 -2947.66 -3063.88 -3181.2 -3292.55 -3394.5 -3501.95 -3600.65 -3689.3 -3770.54 -3852.16 -3926.44 -3994.07 -4058.01 -4123.61 -4196.2 -4274.54 -4341.93 -4402.66 -4458.74 -4512.89 -4564.92 -4604.14 -4632.25 -4661.97 -4687.46 -4715.09 -4752 -4780.13 -4797.85 -4813.75 -4827.34 -4836.48 -4844.3 -4841.3 -4833.98 -4824.15 -4804.8 -4777.45 -4739.02 -4692.03 -4644.31 -4592.92 -4536.98 -4482.11 -4431.95 -4388.2 -4335.21 -4273.64 -4205.19 -4132.91 -4054.73 -3976.87 -3897.37 -3804.7 -3706.02 -3602.45 -3487.47 -3364.18 -3237.53 -3104.91 -2969.46 -2830.99 -2691.46 -2550.12 -2406.96 -2260.49 -2115.15 -1967.74 -1813.54 -1651.37 -1485.67 -1315.81 -1142.59 -965.656 -779.333 -589.158 -396.111 -199.513 -0.519044 199 
100 -91.2495 -282.499 -473.198 -659.714 -840.131 -1012.06 -1172.26 -1326.11 -1475.77 -1622.58 -1767.49 -1908.88 -2042.77 -2179.05 -2314.78 -2450.15 -2582.97 -2711.98 -2833.12 -2953.68 -3070.07 -3186.01 -3298.86 -3406.3 -3508.72 -3611.96 -3713.73 -3805.64 -3888.49 -3967.87 -4039.47 -4104.89 -4167.21 -4230.82 -4289.96 -4344.49 -4398.87 -4447.66 -4499.35 -4546.03 -4579.26 -4608.16 -4632.56 -4653.22 -4672.15 -4698.02 -4723.17 -4746.71 -4767.33 -4787.34 -4806.91 -4821.68 -4825.71 -4826.14 -4820.61 -4796.76 -4757.23 -4710.76 -4662.12 -4612.82 -4559.45 -4506.23 -4452.4 -4399.21 -4347.48 -4291.83 -4229.71 -4169.19 -4108 -4035.25 -3957.59 -3871.62 -3780.55 -3683.16 -3581.05 -3472.54 -3355.21 -3229.5 -3097.64 -2961.63 -2819.67 -2677.83 -2537.21 -2394.58 -2251.52 -2106.62 -1960.03 -1807.33 -1651.19 -1490.44 -1320.13 -1141.98 -961.651 -778.901 -593.323 -398.054 -200.695 -1.28165 199 
100 -92.3029 -284.606 -476.909 -665.932 -849.422 -1027.14 -1195.1 -1355.26 -1512.49 -1661.07 -1805.58 -1944.05 -2077.91 -2215.12 -2354.83 -2491.8 -2626.09 -2755.94 -2880 -3000.9 -3120.49 -3240.16 -3353.98 -3458.8 -3566.3 -3670.29 -3762.46 -3846.72 -3929.03 -4009.87 -4080.7 -4147.41 -4215.41 -4288.52 -4363.54 -4428.19 -4488.98 -4545.22 -4598.88 -4651.67 -4691.54 -4718.66 -4749.84 -4775.92 -4803.81 -4840 -4867.98 -4885.65 -4902.7 -4917.01 -4926.69 -4935.66 -4933.38 -4926.96 -4917.89 -4900.42 -4872.98 -4834.87 -4788.22 -4738.49 -4684.19 -4626.24 -4569.18 -4516.49 -4471.62 -4416.4 -4352.46 -4280.81 -4205.79 -4123.53 -4040.57 -3955.94 -3862.19 -3760.25 -3655.02 -3536.77 -3411.14 -3282.52 -3147.74 -3010.87 -2871.83 -2730.05 -2586.82 -2442.51 -2297.01 -2153.66 -2003.62 -1846.23 -1680.75 -1511.96 -1338.61 -1162.75 -981.182 -792.083 -599.501 -403.576 -204.348 -3.15013 199 
100 -94.2079 -288.416 -482.551 -672.832 -856.133 -1028.19 -1190.07 -1346.65 -1498.92 -1647.61 -1794.68 -1939 -2075.76 -2213.11 -2351.87 -2490.56 -2625.78 -2758.44 -2881.99 -3002.93 -3122.18 -3239.64 -3355.83 -3465.98 -3568.13 -3672.59 -3776.75 -3872.19 -3958.8 -4044.01 -4119.46 -4188.54 -4253.41 -4319.24 -4379.42 -4436.57 -4489.75 -4539.19 -4592.56 -4641.04 -4675.74 -4703.73 -4728.07 -4750.99 -4769.56 -4794.82 -4819.17 -4841.65 -4862.48 -4883.05 -4902.2 -4915.14 -4919.19 -4918.94 -4913.37 -4886.93 -4844.78 -4799.05 -4749.38 -4699.98 -4643.74 -4588.25 -4532.02 -4476.27 -4422.78 -4363.64 -4298.62 -4237.3 -4174.06 -4099.39 -4017.78 -3928.97 -3837.04 -3736.66 -3631.21 -3519.98 -3400.06 -3270.28 -3136.67 -2999.57 -2857.24 -2712.51 -2569.2 -2424.43 -2281.69 -2138.8 -1993.14 -1838.4 -1679.86 -1516.81 -1344.94 -1164.53 -981.813 -796.194 -605.417 -406.35 -206.105 -4.16697 199 
100 -97.0175 -294.035 -491.052 -684.193 -872.445 -1059.59 -1233.38 -1399.13 -1560.16 -1711.64 -1860.95 -2003.73 -2142.31 -2281.1 -2425.53 -2566.55 -2703.98 -2837.98 -2968.87 -3097.1 -3223.26 -3347.68 -3465.39 -3574.75 -3683.96 -3790.45 -3887.28 -3976.5 -4061.45 -4147.12 -4222.51 -4293.48 -4365.58 -4443.15 -4520.95 -4590.65 -4655.22 -4715.81 -4772.28 -4827.08 -4870.81 -4903.26 -4935.68 -4963.32 -4992.94 -5029.94 -5058.93 -5078.1 -5097.85 -5113.92 -5123.11 -5129.92 -5124.28 -5113.95 -5101.36 -5081.04 -5049.16 -5006.9 -4955.31 -4902.17 -4843.58 -4779.12 -4715.5 -4656.17 -4606.64 -4548.05 -4477.97 -4399.64 -4321.88 -4235.5 -4145.67 -4055.46 -3958.43 -3852.19 -3743.18 -3620.79 -3493.12 -3364.05 -3228.42 -3088.94 -2948 -2802.52 -2656.14 -2508.37 -2359.93 -2209.91 -2053.56 -1891.5 -1724.1 -1552 -1373.8 -1193.21 -1006.2 -812.948 -615.574 -415.359 -212.08 -7.20117 199 
100 -98.4234 -296.847 -495.27 -690.738 -878.537 -1052.38 -1218.03 -1379.43 -1535.63 -1688.02 -1838.96 -1986.95 -2127.78 -2267.33 -2409.82 -2552.73 -2691.89 -2829.16 -2956.74 -3081.22 -3203.66 -3324.01 -3444.37 -3558.46 -3663.22 -3766.77 -3868.13 -3966.67 -4056.26 -4144.87 -4224.64 -4297.91 -4367.76 -4437.91 -4500.98 -4563.19 -4615.69 -4667.03 -4721.1 -4770.51 -4809.49 -4841.86 -4870.46 -4897.07 -4922.51 -4953.86 -4985 -5010.41 -5035.57 -5059.91 -5079.46 -5088.69 -5088.38 -5083.04 -5071.62 -5043.02 -4999.47 -4952.41 -4899.81 -4848.86 -4791.11 -4734.42 -4677.18 -4621.01 -4566.29 -4502.58 -4433.03 -4367.1 -4300.24 -4221.17 -4134.26 -4041.53 -3946.22 -3840.38 -3730.27 -3614.9 -3490.44 -3355.53 -3219.6 -3079.65 -2934.88 -2785.6 -2638.61 -2489.45 -2344.51 -2197.21 -2047.41 -1888.72 -1725.98 -1558.53 -1383.98 -1199.5 -1012.23 -822.582 -628.004 -424.499 -219.704 -11.6389 199 
100 -98.1752 -296.35 -493.7 -686.246 -875.656 -1064.63 -1241.24 -1408.96 -1570.08 -1722.06 -1871.37 -2016.24 -2155.98 -2294 -2436.86 -2577.57 -2714.45 -2849.11 -2980.94 -3110.73 -3236.14 -3360.97 -3478.36 -3588.91 -3698.45 -3802.48 -3899.95 -3990.5 -4075.61 -4161.48 -4237.91 -4306.44 -4376.26 -4453.89 -4530.73 -4602.06 -4666.45 -4727.7 -4784.64 -4840.76 -4885.65 -4919.1 -4953.89 -4985.47 -5019.05 -5058.88 -5091.02 -5114.35 -5138.4 -5156.49 -5167.17 -5176.1 -5172.25 -5163.25 -5152.36 -5131.26 -5098.11 -5056.61 -5008.27 -4958.01 -4900.29 -4837.64 -4775.61 -4718.3 -4669.98 -4612.8 -4541.48 -4460.86 -4383.27 -4298.9 -4208.32 -4116.32 -4017.43 -3906.51 -3792.14 -3667.25 -3538.28 -3408.74 -3272.17 -3132.5 -2990.7 -2843.79 -2697.21 -2547.84 -2400.24 -2248.79 -2090.77 -1926.28 -1757.05 -1582.12 -1402 -1218.76 -1028.79 -833.035 -633.835 -430.317 -222.352 -13.092 199 
100 -98.5317 -297.063 -495.595 -691.236 -878.063 -1051.47 -1216.96 -1379.08 -1535.33 -1687.91 -1837.75 -1985.22 -2125.97 -2264.93 -2405.47 -2548.49 -2687.12 -2823.61 -2952.08 -3076.09 -3198.34 -3317.94 -3437.49 -3551.25 -3654.34 -3754.98 -3854.68 -3952.51 -4039.8 -4123.7 -4202.24 -4275.6 -4346.5 -4415.69 -4478.2 -4541.63 -4592.53 -4643.37 -4698.1 -4746.89 -4786.27 -4818.86 -4847.51 -4873.55 -4898.98 -4929.41 -4960.22 -4985.61 -5010.52 -5034.95 -5054.82 -5062.48 -5061.95 -5056.18 -5044.12 -5020.68 -4980.92 -4936.6 -4883.63 -4831.53 -4771.14 -4712.36 -4655.75 -4600.18 -4545.64 -4482.7 -4416.79 -4352.86 -4286.78 -4209.28 -4121.22 -4029.65 -3935.84 -3833.25 -3721.45 -3603.34 -3476.8 -3341.81 -3207.27 -3071.51 -2929.97 -2781.65 -2635.57 -2487.36 -2343.24 -2198.73 -2052.37 -1895.88 -1733.17 -1566.29 -1393.07 -1209.71 -1022.55 -833.509 -638.862 -432.635 -225.027 -14.4525 199 
100 -100.02 -300.041 -499.364 -693.709 -884.964 -1075.43 -1256.3 -1425.7 -1585.18 -1735.6 -1884.83 -2030.67 -2171.76 -2310.68 -2453.25 -2595.74 -2733.84 -2868.71 -3002.29 -3134.31 -3261.78 -3386.02 -3504.42 -3617.26 -3728.13 -3831.02 -3928.66 -4020.63 -4107.78 -4193.92 -4273.31 -4345.88 -4415.14 -4490.19 -4564.34 -4637.19 -4700.76 -4759.38 -4815.9 -4872.99 -4920.26 -4956.04 -4991.81 -5025.38 -5060.21 -5100.38 -5133.26 -5159.25 -5184.35 -5205.32 -5218.24 -5229.46 -5228.61 -5221.65 -5211.87 -5186.8 -5151.21 -5108.19 -5060.6 -5013.55 -4957.24 -4896.66 -4833.71 -4775.67 -4726.12 -4668.86 -4597.39 -4516 -4438.44 -4353.52 -4262.22 -4170.67 -4071.67 -3961.43 -3845.21 -3721.02 -3591.57 -3463.01 -3325.85 -3186.72 -3044.14 -2894.25 -2744.64 -2592.89 -2442.97 -2287.25 -2125.15 -1958.2 -1787.14 -1607.3 -1423 -1234.83 -1039.73 -840.986 -640.709 -435.011 -225.969 -15.8653 199 
100 -104.833 -309.665 -514.498 -716.486 -905.25 -1082.2 -1251.15 -1417.02 -1576.98 -1732.69 -1884.93 -2034.23 -2178.43 -2320.55 -2463 -2608.63 -2750.84 -2888.63 -3021.63 -3148.35 -3274.63 -3396.55 -3518.94 -3635.22 -3741.16 -3843.23 -3942.95 -4042.71 -4134.31 -4220.3 -4302.57 -4379.29 -4454.18 -4526.11 -4591.41 -4658.14 -4710.66 -4760.74 -4816.36 -4865.11 -4908.18 -4944.03 -4974.86 -5001.2 -5026.4 -5056.27 -5086.66 -5112.25 -5137.14 -5162.04 -5181.95 -5188.86 -5188.54 -5181.37 -5168.64 -5146.25 -5105.13 -5056.59 -5002.17 -4948.17 -4885.55 -4825.38 -4766.41 -4709 -4652.16 -4589.54 -4524.53 -4458.73 -4391.31 -4312.38 -4222.5 -4130.45 -4033.82 -3928.62 -3812.93 -3691.59 -3560.62 -3425.28 -3288.97 -3152.74 -3009.28 -2862.03 -2714.08 -2563.66 -2414.16 -2263.89 -2111.95 -1951.22 -1782.77 -1610.4 -1432.93 -1245.13 -1052.59 -858.631 -659.899 -448.517 -235.522 -19.8391 199 
100 -104.668 -309.335 -513.439 -712.417 -908.319 -1102.97 -1290.56 -1463.86 -1624.77 -1777.87 -1928.81 -2074.46 -2216.12 -2356.93 -2500.6 -2643.13 -2782.38 -2917.26 -3052.59 -3185.68 -3316.04 -3438.61 -3558.77 -3673.8 -3786.34 -3889.32 -3985.93 -4076.52 -4165.47 -4252.34 -4332.81 -4406.47 -4477.16 -4551.76 -4626.46 -4699.26 -4761.07 -4815.13 -4869.12 -4923.38 -4970.18 -5006.62 -5039.33 -5070.56 -5103.3 -5140.79 -5171.53 -5197.12 -5220.35 -5241.49 -5253.42 -5263.5 -5262.57 -5254.64 -5244.32 -5218.22 -5182.12 -5136.86 -5087.86 -5040.94 -4983.76 -4925.76 -4864.4 -4805.66 -4754.8 -4694.58 -4619.69 -4538.89 -4460.93 -4374.71 -4283.93 -4193.48 -4094.22 -3986.47 -3868.71 -3743.93 -3614 -3486.99 -3349.49 -3210.34 -3066.97 -2917.79 -2767.54 -2615.05 -2463.67 -2307.39 -2143.77 -1975.36 -1803.69 -1621.9 -1435.67 -1245.88 -1048.52 -847.902 -646.251 -438.441 -228.202 -17.0579 199 
100 -105.137 -310.274 -515.411 -717.658 -907.514 -1088.13 -1260.72 -1430.2 -1595.97 -1757.55 -1910.57 -2056.98 -2200.81 -2343.28 -2485.38 -2629.65 -2772.33 -2908.74 -3042.86 -3169.14 -3296.18 -3417.65 -3539.42 -3655.19 -3760.98 -3861.66 -3958.93 -4057.01 -4148.73 -4234.13 -4316.44 -4393.48 -4469.14 -4540.97 -4606.36 -4672.92 -4727.14 -4776.36 -4831.55 -4880.98 -4925.52 -4963.77 -4996.39 -5022.85 -5047.49 -5077.27 -5106.38 -5132.33 -5157.47 -5182.75 -5201.47 -5208.44 -5208.27 -5199.13 -5186.39 -5166.79 -5127.48 -5077.96 -5024.77 -4971.81 -4909.78 -4850.4 -4791.77 -4735.31 -4679.12 -4618.34 -4551.38 -4483.94 -4414.55 -4333.16 -4243.98 -4154.41 -4057.93 -3952.91 -3836.25 -3713.74 -3585.23 -3451.52 -3317.02 -3182.77 -3039.94 -2893.36 -2741.93 -2590.21 -2440.27 -2288.53 -2133.51 -1971.31 -1799.58 -1624.82 -1445.09 -1256.59 -1061.43 -865.292 -663.996 -451.55 -235.937 -19.5349 199 
100 -111.417 -322.834 -533.826 -739.571 -941.82 -1139.87 -1332.39 -1509.81 -1676.87 -1833.5 -1988.57 -2138.95 -2282.6 -2427.29 -2574.18 -2719.08 -2861.02 -2999.39 -3137.52 -3273.54 -3408.84 -3532.52 -3655.63 -3773.91 -3889.7 -3995.52 -4094.11 -4185.94 -4278.67 -4370.13 -4453.52 -4530.3 -4601.77 -4671.55 -4743.9 -4814.12 -4873.63 -4925.19 -4975.55 -5026.46 -5072.01 -5108.14 -5138.02 -5167.46 -5197.41 -5232.05 -5259.52 -5283.99 -5304.69 -5324.67 -5335.21 -5342.76 -5340.44 -5330.91 -5318.52 -5290.58 -5252.68 -5205.48 -5154.53 -5106.74 -5047.85 -4988.82 -4928.57 -4871.05 -4818.85 -4756.75 -4679.47 -4598.76 -4519.41 -4431.98 -4340.87 -4249.97 -4148.83 -4041 -3921.63 -3795.33 -3666.84 -3537.62 -3400.38 -3259.92 -3114.69 -2966.23 -2813.53 -2660.12 -2506.68 -2349.29 -2183.34 -2012.64 -1839.55 -1655.35 -1465.95 -1274.06 -1073.8 -870.538 -664.734 -451.821 -236.644 -20.6407 199 
100 -116.98 -333.96 -550.829 -764.111 -964.456 -1158.09 -1342.97 -1524.89 -1702.31 -1873.82 -2032.04 -2184.55 -2333.69 -2482.05 -2629.45 -2779.23 -2926.71 -3068.68 -3208.17 -3337.72 -3468.05 -3593.41 -3716.75 -3835.35 -3943.67 -4045.71 -4143.96 -4238.24 -4329.39 -4416.9 -4500.96 -4577.29 -4650.84 -4718.21 -4778.52 -4840.55 -4894.48 -4943.52 -4996.03 -5042.95 -5084.39 -5117.79 -5144.69 -5168.31 -5189.16 -5215.92 -5240.56 -5264.03 -5286.27 -5308.65 -5321.02 -5322.3 -5319.3 -5305.59 -5289.91 -5272.65 -5234.97 -5182.41 -5127.35 -5072.5 -5008.56 -4946.48 -4885.51 -4826.08 -4767.99 -4704.94 -4635.73 -4566.32 -4494.78 -4410.1 -4318.97 -4225.3 -4119.55 -4006.7 -3885.97 -3759.14 -3634.18 -3500.17 -3366.05 -3230.44 -3085.52 -2936.27 -2782.49 -2628.52 -2475.35 -2320.53 -2162.23 -1997.88 -1823.04 -1645.57 -1463.51 -1273.83 -1075.91 -877.404 -673.448 -459.783 -241.404 -22.3012 199 
100 -116.337 -332.675 -548.729 -759.45 -965.649 -1168.22 -1364.67 -1549.11 -1721.41 -1882.95 -2043.29 -2196.95 -2340.64 -2487.19 -2635.78 -2782.18 -2923.71 -3062.94 -3198.82 -3332.93 -3467.5 -3589.21 -3711.19 -3828.82 -3942.95 -4047.34 -4145.05 -4232.22 -4323.15 -4411.62 -4490.7 -4563.43 -4632.05 -4697.6 -4768.52 -4839.63 -4901.39 -4955.28 -5003.62 -5052.61 -5097.45 -5134.16 -5162.27 -5191.33 -5219.23 -5251.71 -5277.68 -5302.17 -5321.32 -5341.55 -5356.07 -5364.69 -5365.01 -5355.25 -5341 -5309.45 -5268.75 -5220.16 -5165.92 -5116.07 -5059.77 -5002.28 -4943.3 -4884.54 -4831.58 -4769.03 -4692.05 -4615.42 -4538.37 -4450.79 -4360.21 -4268.97 -4166.97 -4059.85 -3939.8 -3813.99 -3687.66 -3556.34 -3421.45 -3277.23 -3131.64 -2984.3 -2830.79 -2677.1 -2523.12 -2365.75 -2198.6 -2026.72 -1852.59 -1667.87 -1476.39 -1282.73 -1081.2 -876.792 -669.158 -455.183 -239.083 -22.1538 199 
100 -116.68 -333.36 -549.787 -761.506 -960.999 -1155.62 -1340.63 -1522.26 -1700.26 -1871.72 -2029 -2180.94 -2329.86 -2476.85 -2624.03 -2772.61 -2917.79 -3059.43 -3199.08 -3332.26 -3467.62 -3597.88 -3723.33 -3841.38 -3949.13 -4049.9 -4148.31 -4239.4 -4328.11 -4414.89 -4497.73 -4572.9 -4645.81 -4712.29 -4773.2 -4834.7 -4889.28 -4937.65 -4988.7 -5035.26 -5075.85 -5109.16 -5135.25 -5161.99 -5186.82 -5215.56 -5237 -5256.49 -5276.89 -5298.98 -5309.13 -5310.56 -5307.01 -5291.57 -5276.14 -5263.01 -5230.49 -5178.48 -5124.21 -5068.83 -5005.64 -4943.27 -4881.6 -4821.29 -4764.09 -4700.96 -4630.77 -4559.92 -4485.43 -4397.74 -4307.89 -4213.64 -4107.61 -3995.4 -3874.56 -3747.97 -3624.63 -3494.04 -3364.23 -3229.6 -3086.43 -2936.8 -2784.67 -2630.99 -2477.36 -2322.05 -2162.87 -1998.65 -1823.12 -1645.35 -1463.14 -1274.93 -1076.79 -878.331 -673.311 -460.686 -242.007 -22.6013 199 
100 -119.161 -338.322 -557.342 -769.665 -974.916 -1177.02 -1372.1 -1557.72 -1732.26 -1896.44 -2059.99 -2215.42 -2361.53 -2509.29 -2659.78 -2804.97 -2944.93 -3083.28 -3219.27 -3351.81 -3484.95 -3607.02 -3728.55 -3843.06 -3953.63 -4053.99 -4147.9 -4232.79 -4321.57 -4409.63 -4487.46 -4557.29 -4624.13 -4684.69 -4751.63 -4819.78 -4880.51 -4933.31 -4979.67 -5028.01 -5072.46 -5110.34 -5138.32 -5167.59 -5194.54 -5225.96 -5250.67 -5274.63 -5293.85 -5314.33 -5330.07 -5336.94 -5337.85 -5328.66 -5313.8 -5283.36 -5243.82 -5194.7 -5141.79 -5091.56 -5036.5 -4978.29 -4919.34 -4860.9 -4807.68 -4745.22 -4669.24 -4595.02 -4517.57 -4430.75 -4342.87 -4251.47 -4149.31 -4043.48 -3926.39 -3806.68 -3681.65 -3551.81 -3417.82 -3273.66 -3129.09 -2983.15 -2830 -2676.74 -2523.33 -2367 -2201.82 -2030.05 -1855.52 -1671.07 -1478.67 -1284.1 -1082.07 -877.56 -668.863 -454.68 -238.481 -21.3708 199 
100 -122.517 -345.034 -567.157 -780.513 -983.023 -1180.19 -1369.14 -1553.99 -1735.97 -1908.83 -2070.7 -2226.62 -2379.01 -2526.66 -2676.93 -2825.28 -2970.45 -3110.27 -3250.21 -3381.25 -3515.65 -3646.37 -3771.67 -3888.46 -3996.46 -4093.79 -4189.36 -4278.31 -4362.3 -4446.42 -4526.88 -4599.2 -4669.08 -4732.5 -4794.16 -4855.95 -4911.61 -4959.54 -5009.91 -5055.97 -5096.71 -5130.31 -5154.87 -5181.24 -5205.63 -5234.89 -5255.73 -5274.11 -5295.13 -5314.23 -5322.84 -5324.1 -5319.87 -5303.55 -5287.85 -5275.37 -5243.64 -5192.16 -5139.12 -5083.23 -5021.44 -4958.99 -4897.37 -4836.88 -4780.38 -4718.46 -4647.85 -4578.7 -4503.69 -4417.71 -4329.52 -4235.18 -4129.36 -4018.15 -3897.62 -3773.39 -3649.95 -3521.77 -3392.85 -3259.65 -3118.85 -2969.04 -2817.49 -2664.37 -2510.88 -2355.32 -2195.52 -2031.25 -1853.51 -1669.89 -1484.04 -1293.5 -1093.57 -892.419 -683.986 -469.038 -247.933 -25.5295 199 
100 -122.709 -345.418 -568.125 -781.23 -986.407 -1189.57 -1387.83 -1575.62 -1751.45 -1916.58 -2080.86 -2237.36 -2384.1 -2530.84 -2682.66 -2827.85 -2967.93 -3105.31 -3242.39 -3374.37 -3506.35 -3629.39 -3751.75 -3866.64 -3979.55 -4082.49 -4176.56 -4262.51 -4348.38 -4436.16 -4514.66 -4584.02 -4650.59 -4709.21 -4775.73 -4844.04 -4905.26 -4956.78 -5003.53 -5052.66 -5100.02 -5142.21 -5171.34 -5201.24 -5227.95 -5258.3 -5282.66 -5305.96 -5326.09 -5347.3 -5365.12 -5372.84 -5374.76 -5366.98 -5352.3 -5323.26 -5284.41 -5234.75 -5184.46 -5134.66 -5084.66 -5027.19 -4968.73 -4912.08 -4858.99 -4797.59 -4723.39 -4650.96 -4573.89 -4485.24 -4394 -4300.14 -4195.59 -4089.41 -3972.81 -3854.23 -3730.19 -3602.42 -3469.73 -3327.17 -3184.51 -3040.44 -2891.15 -2738.98 -2586.78 -2431.99 -2264.25 -2090.18 -1913.06 -1728.75 -1533.88 -1336.23 -1127.39 -914.123 -696.9 -474.501 -250.164 -25.8256 199 
100 -122.958 -345.401 -564.905 -777.242 -978.305 -1173.25 -1364.41 -1550 -1733.42 -1906.42 -2071.66 -2230.05 -2384.7 -2532.4 -2682.14 -2830.43 -2976.13 -3115.15 -3255.15 -3385.4 -3518.34 -3649.59 -3775.11 -3890.93 -3999.58 -4094.54 -4191.71 -4281.52 -4363.14 -4445.97 -4525.05 -4596.38 -4667.09 -4728.56 -4791.45 -4853.99 -4910.97 -4959.16 -5009.59 -5055.66 -5097.22 -5131.04 -5155.17 -5181.57 -5206.15 -5235.79 -5260.14 -5277.8 -5299.83 -5318.27 -5326.84 -5328.63 -5322.95 -5303.66 -5285.27 -5269.16 -5236.59 -5185.91 -5134.54 -5078.76 -5018.94 -4956.96 -4895.96 -4835.76 -4780.52 -4720.53 -4651.64 -4584.19 -4509.93 -4426.43 -4341.29 -4247.93 -4142.95 -4033.19 -3914.23 -3791.95 -3668.82 -3543.38 -3415.14 -3284.26 -3148.48 -3001.14 -2853.46 -2701.26 -2545.65 -2387.34 -2224.61 -2057.48 -1877.81 -1691.7 -1503.63 -1311.19 -1108.44 -904.8 -693.19 -475.88 -253.03 -28.0107 199 
100 -126.354 -352.709 -579.063 -795.702 -1004.53 -1210.82 -1412.93 -1604.4 -1784.7 -1953.89 -2121.81 -2280.58 -2430.96 -2581.35 -2735.26 -2883.69 -3027.02 -3167.96 -3307.78 -3443.7 -3575.64 -3702.73 -3828.58 -3947.02 -4063.11 -4169.11 -4267.02 -4356.99 -4443.73 -4533.45 -4615.35 -4688.02 -4757.07 -4816.82 -4885.94 -4957.19 -5021.77 -5073.49 -5123.22 -5174.57 -5222.39 -5263.27 -5293.73 -5324.21 -5350.34 -5380.7 -5404.8 -5425.42 -5445.66 -5464.78 -5482.47 -5487.79 -5484.45 -5472.05 -5451.99 -5424.22 -5385.96 -5336.87 -5288.9 -5238.93 -5188.3 -5127.76 -5066.95 -5009.31 -4954.88 -4892 -4815.91 -4739.52 -4661.69 -4576.46 -4483.96 -4387.54 -4281.29 -4174.57 -4056.06 -3934.32 -3803.12 -3672.02 -3538.14 -3396.62 -3252.98 -3107.33 -2955.83 -2799.47 -2642.58 -2484.03 -2311.24 -2132.14 -1950.84 -1764.32 -1567 -1366.46 -1156.44 -939.618 -716.942 -489.374 -259.916 -30.4579 199 
100 -127.438 -354.09 -577.933 -794.012 -999.995 -1199.34 -1395.25 -1585.83 -1773.95 -1951.27 -2121.1 -2282.76 -2441.1 -2593.85 -2746.13 -2898.15 -3048.37 -3191.91 -3334.78 -3466.83 -3598.72 -3731.14 -3858.19 -3977.04 -4089.81 -4188.29 -4289.01 -4383.62 -4468.23 -4552.95 -4638.91 -4717.34 -4792.03 -4857.27 -4925.34 -4992.67 -5054.35 -5107.61 -5162.55 -5215.33 -5258.13 -5293.58 -5319.13 -5346.65 -5371.2 -5399.35 -5422.96 -5437.53 -5458.71 -5474.67 -5481.28 -5482.1 -5473.96 -5452.59 -5432.68 -5414.6 -5381.79 -5330.77 -5278.94 -5222.61 -5162.59 -5099.37 -5036.78 -4975.42 -4919.37 -4859.64 -4793.51 -4725.17 -4649.22 -4563.77 -4475.87 -4379.14 -4272.32 -4160.89 -4037.06 -3912.03 -3785.69 -3658.13 -3528.33 -3396.94 -3259.11 -3105.84 -2950.72 -2791.71 -2629.39 -2463.29 -2293.35 -2118.22 -1933.04 -1742.65 -1550.54 -1352.4 -1141.7 -927.931 -709.935 -488.271 -261.795 -32.2965 199 
100 -129.367 -358.735 -588.102 -807.853 -1019.69 -1227.04 -1429.41 -1620.24 -1803.61 -1978.98 -2152.79 -2313.26 -2466.91 -2620.31 -2775.47 -2926.13 -3072.4 -3216.57 -3358.29 -3497.07 -3631.41 -3761.81 -3890.14 -4009.93 -4125.31 -4228.61 -4323.21 -4412.33 -4498.75 -4585.61 -4665.9 -4738.9 -4805.52 -4863.17 -4931.38 -5002.35 -5064.93 -5116.77 -5166.07 -5216.55 -5261.19 -5301.32 -5332.39 -5362.77 -5387.9 -5417.57 -5440.95 -5459.79 -5480.45 -5497.63 -5514.15 -5517.38 -5511.38 -5497.73 -5478.2 -5451.49 -5412.41 -5363.47 -5316.96 -5267.04 -5217.44 -5158.43 -5099.16 -5042.23 -4987.36 -4925.3 -4849.19 -4770.77 -4695.97 -4608.75 -4516.8 -4420.39 -4315.45 -4210.6 -4095.21 -3974.87 -3845.35 -3715.91 -3583.12 -3440.84 -3295.41 -3147.87 -2994.11 -2835.94 -2676.86 -2516.19 -2341.57 -2159.68 -1975.36 -1785.36 -1585.21 -1381.22 -1169.46 -949.206 -723.275 -495.526 -265.577 -33.2887 199 
100 -130.216 -359.432 -585.93 -804.842 -1014.09 -1216.1 -1414.18 -1608.86 -1797.39 -1975.34 -2147.98 -2311.38 -2471.73 -2627.77 -2782.37 -2934.9 -3087.54 -3233.97 -3378.73 -3511.82 -3645.35 -3780.48 -3907.56 -4027.2 -4143 -4243.77 -4345.68 -4440.56 -4525.08 -4607.53 -4691.53 -4770.06 -4843.27 -4908.69 -4976.52 -5044.5 -5105.76 -5161.16 -5217.72 -5269.86 -5311.75 -5347.08 -5372.61 -5397.67 -5420.14 -5447.86 -5472.15 -5488.4 -5512.07 -5530.07 -5538.99 -5542.74 -5536.11 -5514.01 -5493.83 -5475.04 -5442.84 -5393.41 -5343.3 -5288.06 -5228.94 -5165.59 -5102.46 -5040.79 -4985.02 -4928.44 -4864.46 -4794.71 -4715.75 -4629.34 -4540.52 -4441.69 -4333.58 -4220.6 -4093.81 -3966.38 -3839.19 -3712.07 -3582.93 -3452.83 -3312.06 -3157.06 -2998.67 -2837.11 -2672.37 -2502.79 -2329.78 -2150.87 -1963.15 -1769.69 -1574.76 -1373.25 -1159.57 -942.742 -722.133 -497.147 -268.175 -35.3618 199 
100 -130.2 -360.399 -590.599 -814.258 -1028.96 -1239.88 -1445.4 -1637.11 -1821.36 -1997.89 -2171.77 -2332.38 -2487.05 -2641.28 -2796.44 -2946.56 -3092.98 -3238.24 -3380.79 -3519.01 -3652.54 -3783.71 -3912.26 -4032.28 -4147.7 -4252.15 -4348.8 -4441.67 -4529.4 -4612.42 -4690.8 -4762.89 -4824.46 -4882.34 -4952.23 -5023.2 -5084.48 -5135.53 -5182.06 -5231.01 -5273.12 -5311.38 -5343.3 -5374.87 -5399.88 -5429.76 -5452.82 -5471.86 -5492.96 -5511.12 -5528.17 -5534.27 -5529.29 -5517.07 -5499.14 -5473.91 -5434.53 -5386.67 -5341.42 -5292.75 -5244.73 -5186.04 -5127.77 -5071.46 -5014.29 -4950.48 -4874.79 -4795.3 -4722.23 -4636.02 -4545.35 -4448.24 -4344.91 -4237.69 -4123.08 -4001.66 -3873.39 -3741.75 -3608.63 -3465.48 -3317.97 -3169.34 -3013.99 -2854.75 -2694.51 -2532.39 -2356.78 -2172.76 -1986.06 -1793.46 -1591.09 -1384.61 -1171.97 -951.52 -725.916 -499.277 -269.75 -35.3785 199 
100 -130.441 -359.727 -586.332 -805.764 -1018.67 -1224.19 -1425.41 -1624.47 -1813.53 -1989.51 -2159.56 -2320.88 -2480.49 -2637.19 -2791.63 -2942.77 -3094.24 -3240.96 -3385.52 -3516.22 -3645.77 -3777.85 -3903.52 -4021.03 -4135.22 -4236.12 -4335.5 -4430.9 -4516.1 -4597.89 -4679.93 -4758.47 -4830.61 -4896.41 -4964.08 -5032.63 -5093.89 -5148.01 -5200.88 -5252.22 -5294.43 -5329.27 -5355.46 -5380.46 -5403.59 -5431.15 -5455.93 -5472.35 -5494.18 -5512.35 -5522.3 -5526.13 -5518.97 -5496.78 -5476.61 -5457.54 -5425.46 -5378.41 -5329.05 -5275.15 -5217.08 -5154.32 -5091.01 -5029.52 -4974.53 -4918.4 -4856.49 -4785.77 -4711.82 -4624.07 -4532.82 -4432.29 -4325.15 -4212.67 -4086.3 -3960.29 -3836.13 -3710.18 -3581.71 -3453.36 -3311.56 -3158.07 -2999.91 -2839.52 -2675.5 -2505.89 -2332.72 -2153.57 -1967.22 -1773.99 -1579.51 -1377.79 -1164.58 -947.971 -728.026 -501.214 -269.273 -35.1365 199 
100 -130.163 -360.327 -590.49 -816.349 -1033.22 -1241.96 -1443.24 -1634.64 -1818.89 -1996.03 -2168.92 -2328.92 -2483.41 -2637.6 -2792.08 -2942.36 -3088.19 -3235.99 -3378.59 -3517.89 -3649.16 -3779.89 -3907.69 -4027.79 -4141 -4245.96 -4341.25 -4434.01 -4522.71 -4604.96 -4681.44 -4751.43 -4811.55 -4869.32 -4937.84 -5006.39 -5062.99 -5111.18 -5153.3 -5199.74 -5238.9 -5273.28 -5305.35 -5336.48 -5361.09 -5390.27 -5412.03 -5431.14 -5450.42 -5471.75 -5489.09 -5496.84 -5490.84 -5476.9 -5459.87 -5434.79 -5398.25 -5354.37 -5309.34 -5260.93 -5212.46 -5153.96 -5095.79 -5039.86 -4983.11 -4919.89 -4846.82 -4769.77 -4695.5 -4609.16 -4519.14 -4422.95 -4322.63 -4216.03 -4103.15 -3984.02 -3857.79 -3727.33 -3594.27 -3452.59 -3305.68 -3157.24 -3002.56 -2844.86 -2685.11 -2523.09 -2350.2 -2166.16 -1979.05 -1786.02 -1583.74 -1380.19 -1171.75 -951.825 -726.176 -499.587 -269.554 -35.4147 199 
100 -130.497 -359.744 -586.296 -806.05 -1019.88 -1226.44 -1427.71 -1627.81 -1815.53 -1989.28 -2156.15 -2317.02 -2475.58 -2632.7 -2787.32 -2938.02 -3086.85 -3233.62 -3378.18 -3510.03 -3637.06 -3768.03 -3892.78 -4009.98 -4123.68 -4226.13 -4323.06 -4418.42 -4503.99 -4586.07 -4666.17 -4743.15 -4814.08 -4879.9 -4947.59 -5016.03 -5079.4 -5137.8 -5188.85 -5239.29 -5282.35 -5315.6 -5342.09 -5367.57 -5391.26 -5418.47 -5443.55 -5460.13 -5479.12 -5497.9 -5507.69 -5511.03 -5502.94 -5480.96 -5460.88 -5440.64 -5409.36 -5363.51 -5314.66 -5261.61 -5203.78 -5141.54 -5077.87 -5016.53 -4962.5 -4907.57 -4847.32 -4777.69 -4705.06 -4617.64 -4527.12 -4429.54 -4323.63 -4211.72 -4085.57 -3962.84 -3839.62 -3715.44 -3586.86 -3459.38 -3318.02 -3162.58 -3002.17 -2840.95 -2677.06 -2507.4 -2333.37 -2153.66 -1966.79 -1773.87 -1579.63 -1376.84 -1164.8 -948.248 -728.379 -501.313 -269.163 -35.0814 199 
100 -131.362 -362.724 -594.087 -822.555 -1042.57 -1254.41 -1458.68 -1654.36 -1839.83 -2018.51 -2191.25 -2352.26 -2507.64 -2663.04 -2818.26 -2970.17 -3115.15 -3263.05 -3407.15 -3547.47 -3677.1 -3807.98 -3936.1 -4057.3 -4166.22 -4267.31 -4361.48 -4451.39 -4539.37 -4620.53 -4696.51 -4765.67 -4825.52 -4883.85 -4951.9 -5020.01 -5076.24 -5123.21 -5166.14 -5212.74 -5253.13 -5287.99 -5321.6 -5353.01 -5378.73 -5408.41 -5430.25 -5450.67 -5469.17 -5492.7 -5511.26 -5521.44 -5516.97 -5504.09 -5490.3 -5464.81 -5429.7 -5387.36 -5341.5 -5291.76 -5238.48 -5178.92 -5119.13 -5061.54 -5003.92 -4939.11 -4867.27 -4794.07 -4719.14 -4630.66 -4539.66 -4443.53 -4342.95 -4236.95 -4122.52 -4005.52 -3878.71 -3748.01 -3613.26 -3474.17 -3329.79 -3182.05 -3027.68 -2868.29 -2707.25 -2543.39 -2371.67 -2185.91 -1996.62 -1801.6 -1597.6 -1392.44 -1183.5 -960.623 -733.251 -505.019 -272.741 -37.1377 199 
100 -134.758 -369.516 -603.154 -830.564 -1050.25 -1261.93 -1468.21 -1672.8 -1866.66 -2045.56 -2216.11 -2381.04 -2542.71 -2704.37 -2863.26 -3017.65 -3168.78 -3312.14 -3455.9 -3590.29 -3716.71 -3848.04 -3973.53 -4093.44 -4210.56 -4316.16 -4413.18 -4508.96 -4596.5 -4680.16 -4759.72 -4834.64 -4902.14 -4965.86 -5031.65 -5098.95 -5162.31 -5220.72 -5271.19 -5318.74 -5360.43 -5392.53 -5420.91 -5448.51 -5473.26 -5501.82 -5528.46 -5546.47 -5564.03 -5584.43 -5595.41 -5599.93 -5591.49 -5571.53 -5550.4 -5527.16 -5494.46 -5448.77 -5398.87 -5344.75 -5287.08 -5226.27 -5162.38 -5099.43 -5044.84 -4988.55 -4925.93 -4858.05 -4783.87 -4695.46 -4605.17 -4507.8 -4402.31 -4289.87 -4163.25 -4042.67 -3918.41 -3793.77 -3663.93 -3535.4 -3393.59 -3237.14 -3075.48 -2910.79 -2742.04 -2568.44 -2388.98 -2203.38 -2011.66 -1814.87 -1616.31 -1407.86 -1192.55 -971.5 -746.759 -515.077 -278.171 -39.5857 199 
100 -134.465 -368.931 -603.396 -834.967 -1057.56 -1270.65 -1477.72 -1678.06 -1869.58 -2054.57 -2230.79 -2397.15 -2555.34 -2713.84 -2871.62 -3026.99 -3173.66 -3318.48 -3462.49 -3601.54 -3730.83 -3859.96 -3987.52 -4108.22 -4213.92 -4314.69 -4409.16 -4498.8 -4587.92 -4668.63 -4742.97 -4808.09 -4864.13 -4921.86 -4988.8 -5057.19 -5112.99 -5160.01 -5202.95 -5249.94 -5290.74 -5325.34 -5359.57 -5390.46 -5415.9 -5445.02 -5466.09 -5486.79 -5503.41 -5527.82 -5542.66 -5550.75 -5548.13 -5535.47 -5523.51 -5497.87 -5463.27 -5421.59 -5375.74 -5325.88 -5272.16 -5214.02 -5154.51 -5096 -5036.77 -4968.88 -4896.87 -4827.42 -4753.66 -4665.42 -4577.22 -4481.18 -4381.35 -4274.27 -4159.09 -4041.13 -3915.5 -3785.65 -3650.96 -3514.04 -3371.07 -3222.98 -3066.74 -2901.88 -2732.7 -2560.11 -2383.93 -2195.95 -2003.82 -1805.93 -1599.19 -1391.49 -1181.78 -958.583 -731.392 -503.413 -270.754 -37.7198 199 
100 -139.434 -378.868 -617.103 -849.867 -1074.23 -1291.15 -1503.17 -1711.46 -1907.66 -2090.87 -2267.03 -2436.48 -2601.64 -2768.02 -2931.5 -3089.89 -3246.03 -3389.54 -3533.96 -3671.33 -3798.98 -3929.87 -4059.55 -4180.38 -4299.09 -4407.77 -4505.31 -4601.62 -4691.56 -4777.55 -4857.69 -4933.2 -5003.62 -5067.6 -5133.08 -5202.25 -5268.08 -5328.46 -5378.96 -5428.81 -5472.87 -5505.01 -5535.56 -5565.92 -5591.89 -5624.2 -5655.5 -5676.92 -5694.5 -5714.61 -5723.81 -5726.23 -5716.38 -5696.2 -5674.1 -5648.35 -5611.16 -5563.26 -5510.12 -5454.45 -5396.73 -5334.61 -5269.75 -5205.76 -5151.06 -5092.44 -5025.43 -4956.04 -4881.11 -4792.68 -4703.62 -4603.33 -4496.54 -4379 -4252.29 -4128.65 -4001.8 -3873.07 -3740.39 -3608.47 -3463.62 -3304.8 -3142.16 -2973.72 -2801.01 -2623.83 -2439.49 -2247.92 -2051.99 -1851.91 -1648.98 -1435.8 -1217.64 -992.499 -762.757 -527.207 -286.35 -43.675 199 
100 -141.95 -383.9 -625.85 -864.679 -1094.12 -1312.96 -1527.48 -1734.89 -1934 -2126.14 -2309.19 -2483.39 -2648.76 -2814.74 -2979.37 -3142.53 -3294.24 -3442.1 -3588.3 -3732.07 -3867.35 -3999.07 -4129.91 -4253.97 -4365.37 -4472.31 -4573.64 -4664.63 -4755.46 -4837.9 -4910.37 -4972.21 -5027.74 -5085.74 -5153.08 -5223.34 -5282.61 -5333.21 -5381.1 -5431.82 -5477.5 -5516.12 -5554.96 -5589.32 -5622.36 -5658.15 -5684.26 -5709.53 -5729.14 -5751.13 -5764.64 -5774.82 -5774.11 -5763 -5750.88 -5724.09 -5688.66 -5645.92 -5598.5 -5547.07 -5491.18 -5432.99 -5369.43 -5306.79 -5243.77 -5169.24 -5091.31 -5021.18 -4943.84 -4852.91 -4761.91 -4659.72 -4554.65 -4441.64 -4323.18 -4198.75 -4068.15 -3931.01 -3790.39 -3648.89 -3498.73 -3343.31 -3179.25 -3007.27 -2831.4 -2651.65 -2468.32 -2274.9 -2075.65 -1870.1 -1656.78 -1442.23 -1224.74 -994.632 -760.317 -525.066 -284.906 -44.7471 199 
100 -141.962 -383.924 -624.625 -860.783 -1087.68 -1307.73 -1523.31 -1734.21 -1933.17 -2119.22 -2298.84 -2470.65 -2637.16 -2806.05 -2971.88 -3132.04 -3290.59 -3436.33 -3581.61 -3720.51 -3846.06 -3969.73 -4094.47 -4218.94 -4342.84 -4453.37 -4553.11 -4651.5 -4743.62 -4831.87 -4912.16 -4988.22 -5060.83 -5124.92 -5193.23 -5265.17 -5333.95 -5396.79 -5447.75 -5496.92 -5542.42 -5575.69 -5608.3 -5641 -5670.58 -5704.98 -5739.59 -5766.6 -5788.45 -5810.09 -5817.38 -5816.97 -5806.71 -5784.39 -5757.99 -5727.67 -5686.99 -5640.14 -5587.9 -5531.83 -5475 -5412.22 -5347.2 -5283.1 -5227.21 -5166.3 -5097.32 -5025.97 -4947.25 -4858.99 -4766.76 -4665.25 -4558.03 -4438.44 -4311.92 -4186.5 -4058.19 -3926.08 -3792.29 -3660.56 -3516.02 -3357.64 -3192.11 -3021.13 -2845.25 -2664.7 -2476.83 -2283.75 -2084.51 -1881.9 -1674.87 -1458.31 -1238.06 -1009.32 -775.52 -536.977 -292.982 -46.9909 199 
100 -141.818 -383.636 -625.454 -863.842 -1091.93 -1310.38 -1527.54 -1737.67 -1939.67 -2129.11 -2310.52 -2485.17 -2648.8 -2811.29 -2974.21 -3138.28 -3292.92 -3442.4 -3587.53 -3728.88 -3862.76 -3990.81 -4118.54 -4240.31 -4351.54 -4456.99 -4558.33 -4649.61 -4739.68 -4822.14 -4892.95 -4952.31 -5007.5 -5063.17 -5126.64 -5193.8 -5253.06 -5306 -5356.81 -5406.56 -5452.36 -5490.62 -5528.87 -5562.82 -5595.67 -5630.86 -5656.97 -5680.1 -5699.98 -5720.55 -5733.7 -5743.64 -5743.14 -5731.47 -5719.21 -5694.18 -5658.34 -5615.7 -5569.67 -5518.03 -5461.49 -5403.71 -5343.14 -5282.6 -5219.41 -5145.48 -5068.32 -5000.51 -4923.25 -4834.88 -4743.71 -4642.98 -4539.38 -4431.31 -4314.57 -4187.57 -4057.59 -3921.56 -3785.86 -3648.39 -3500.68 -3346.24 -3181.38 -3009.59 -2833.58 -2654.18 -2470.6 -2277.03 -2077.27 -1871.23 -1658.65 -1444.31 -1225.69 -995.859 -761.411 -525.479 -285.188 -44.8969 199 
100 -144.197 -388.395 -631.289 -870.375 -1099.44 -1322.34 -1540.24 -1754.31 -1955.6 -2145.73 -2328.11 -2501.79 -2670.58 -2840.67 -3008.03 -3169.85 -3328.59 -3477.73 -3624.1 -3762.76 -3892.27 -4019.43 -4146.04 -4273.09 -4399.36 -4511.27 -4613 -4710.58 -4801.52 -4889.32 -4966.16 -5039.77 -5111.52 -5172.93 -5239.27 -5309.94 -5378.72 -5438.16 -5485.63 -5529.35 -5569.42 -5598.79 -5629.14 -5660.87 -5690.28 -5723.88 -5757.36 -5783.66 -5803.97 -5823.42 -5830.34 -5831.65 -5821.18 -5795.89 -5765.79 -5731.15 -5689.25 -5642.92 -5591.45 -5534.69 -5478.59 -5415.58 -5350.28 -5286.14 -5229.54 -5169.16 -5101.5 -5030.04 -4952.02 -4865.85 -4772.48 -4673.07 -4567.25 -4450.64 -4323.23 -4198.85 -4070.53 -3938.43 -3807.34 -3674.3 -3528.32 -3367.44 -3202.01 -3031.41 -2855.01 -2673.15 -2484.94 -2290.42 -2090.66 -1888.13 -1679.64 -1462.43 -1241.82 -1012.62 -777.634 -538.822 -294.355 -47.6775 199 
100 -144.332 -388.665 -632.997 -873.734 -1102.59 -1323.55 -1543.1 -1755.53 -1961.62 -2153.47 -2336.9 -2514.93 -2681.98 -2845.94 -3011.38 -3177.51 -3334.84 -3486.77 -3632.16 -3774.55 -3909.59 -4037.87 -4162.42 -4281.72 -4391.78 -4495.53 -4596.44 -4688.27 -4776.64 -4859.41 -4928.34 -4984.85 -5039.95 -5094.46 -5155.12 -5219.95 -5277.43 -5328.25 -5375 -5420.79 -5467.11 -5508.56 -5547.51 -5580.75 -5611.39 -5643.16 -5666.2 -5685.7 -5702.49 -5720.43 -5733.24 -5742.45 -5741.91 -5731.39 -5717.13 -5692.33 -5656.6 -5614.06 -5567.6 -5515.33 -5457.87 -5400.13 -5339.9 -5279.62 -5215.16 -5143.13 -5068.77 -5004.01 -4928.82 -4840.6 -4748.86 -4650.45 -4546.54 -4438.61 -4323.05 -4198.62 -4068.39 -3931.99 -3799.14 -3660.74 -3512.05 -3357.02 -3191.69 -3019.91 -2843.49 -2664.19 -2477.09 -2284.23 -2086.55 -1879.95 -1668.05 -1452.52 -1229.29 -998.589 -763.734 -526.832 -286.134 -45.4349 199 
100 -146.535 -392.68 -634.969 -873.434 -1105.63 -1334.37 -1555.79 -1774.56 -1981.08 -2176.03 -2363.6 -2542.23 -2716.44 -2890.53 -3062.31 -3226.42 -3389.54 -3545.18 -3692.37 -3830.07 -3959.01 -4084.42 -4210.52 -4335.42 -4457.32 -4565.86 -4663.73 -4756.84 -4845.04 -4928.39 -5001.92 -5073.63 -5144.06 -5202.92 -5262.91 -5329.06 -5394.3 -5452.81 -5502.72 -5546.73 -5586.42 -5614.84 -5643.96 -5673.89 -5703.14 -5735.99 -5768.59 -5793.68 -5809.84 -5824.41 -5831.2 -5831.71 -5820.65 -5795.75 -5761.89 -5723.47 -5679.98 -5633.36 -5581.94 -5521.68 -5464.5 -5401.7 -5336.7 -5272.65 -5215.19 -5157.02 -5090.16 -5016.79 -4939.43 -4854.72 -4760.73 -4664.42 -4560.72 -4443.62 -4320.22 -4198.68 -4073.35 -3941.96 -3813.33 -3679.81 -3534.74 -3373.89 -3208.82 -3038.93 -2862.12 -2678.9 -2489.93 -2293.55 -2093.04 -1890.67 -1681.36 -1466.19 -1244.41 -1014.79 -779.218 -540.324 -295.523 -48.2613 199 
100 -146.609 -393.217 -637.053 -875.709 -1101.88 -1322.19 -1540.4 -1752.3 -1957.44 -2150.97 -2335.92 -2517.07 -2687.37 -2852.43 -3020.15 -3187.76 -3350.27 -3504.95 -3650.99 -3794.39 -3931.8 -4062.38 -4185.08 -4302.14 -4412.91 -4518.55 -4620.35 -4713.14 -4800.59 -4881.57 -4948.15 -5004.2 -5057.89 -5111.53 -5168.74 -5230.49 -5286.99 -5336.94 -5385.08 -5432.79 -5481.1 -5525.4 -5562.96 -5595.62 -5625.89 -5655.96 -5678.05 -5696.62 -5712.65 -5729.29 -5740.8 -5748.86 -5747.64 -5738.3 -5721.44 -5696.41 -5660.25 -5617.78 -5569.27 -5515.99 -5457.35 -5399.6 -5339.76 -5278.46 -5213.14 -5145.85 -5075.98 -5010.61 -4936.66 -4848.32 -4756.42 -4660.2 -4554.17 -4440.9 -4324.68 -4200.64 -4069.9 -3934.29 -3803.03 -3663.32 -3515.47 -3362.77 -3199.72 -3029.37 -2852.44 -2673.02 -2485.28 -2292.25 -2093.42 -1885.44 -1674.04 -1457.94 -1233.22 -1002.08 -767.122 -529.01 -287.666 -46.2705 199 
100 -148.428 -396.434 -637.971 -876.031 -1108.79 -1339.32 -1562.09 -1783.61 -1992.06 -2188.27 -2378.45 -2559.03 -2735.38 -2910.29 -3082.67 -3248.11 -3412.66 -3569.07 -3715.5 -3856.01 -3990.53 -4120.04 -4248.26 -4374.52 -4491.62 -4598.43 -4697.18 -4791.12 -4882.41 -4967.23 -5040.61 -5109.95 -5174.5 -5232.81 -5292.23 -5358.87 -5425.97 -5485.61 -5537.28 -5582.9 -5623.45 -5653.38 -5684.06 -5714.63 -5746.15 -5777.45 -5808.71 -5835.21 -5854.81 -5873.43 -5884.27 -5886.79 -5877.02 -5852.23 -5815.93 -5773.46 -5726.63 -5676.97 -5626.94 -5565.65 -5508.75 -5444.16 -5375.87 -5308.9 -5246.83 -5183.71 -5113.65 -5034.62 -4954.43 -4869.81 -4778.15 -4683.22 -4578.94 -4460.32 -4338.68 -4215.76 -4089.95 -3960.3 -3831.66 -3697.17 -3551.6 -3391.94 -3226.07 -3055.79 -2878.14 -2693.1 -2502.38 -2304.95 -2103.41 -1900.7 -1689.69 -1473.62 -1250.28 -1019.08 -782.478 -542.961 -297.581 -49.2905 199 
100 -148.405 -395.913 -641.396 -881.471 -1109.21 -1331.32 -1550.86 -1764.54 -1971.4 -2166.13 -2352.6 -2536.15 -2709.48 -2876.07 -3045.02 -3213.33 -3378.29 -3534.32 -3681.96 -3824.91 -3964.65 -4095.71 -4217.97 -4336.99 -4449.46 -4556.16 -4658.42 -4753.33 -4842.19 -4922.77 -4991.61 -5048.86 -5102.81 -5158.28 -5215.39 -5275.34 -5333.72 -5385.18 -5434.24 -5483.65 -5532.95 -5579.07 -5618.22 -5652.75 -5685.15 -5715.34 -5738.98 -5759.56 -5777.28 -5795.56 -5804.71 -5811.74 -5808.92 -5799.63 -5780.32 -5753.56 -5717.22 -5674.46 -5623.4 -5568.54 -5508.44 -5450.05 -5389.17 -5324.93 -5259.06 -5194.2 -5122.84 -5053.67 -4980.7 -4891.66 -4800.47 -4704.15 -4596.29 -4477.92 -4359.24 -4232.46 -4098.25 -3965.09 -3833.18 -3691.91 -3542.94 -3390.91 -3226.29 -3054.11 -2876.2 -2695.73 -2507.31 -2313.37 -2113.05 -1903.3 -1691.95 -1474.58 -1247.42 -1015.04 -779.667 -539.872 -296.107 -50.3749 199 
100 -148.582 -395.057 -633.571 -869.367 -1102.1 -1333.15 -1556.8 -1778.85 -1989.21 -2188.12 -2381.05 -2562.04 -2738.89 -2913.68 -3084.75 -3249.53 -3413.77 -3569.92 -3717.4 -3856.53 -3991.33 -4119.11 -4243.46 -4365.61 -4480.16 -4583.41 -4678.45 -4771.35 -4863.91 -4945.5 -5017.72 -5083.85 -5146.35 -5203.53 -5262.01 -5326.44 -5393.67 -5452.52 -5503.86 -5548.93 -5587.71 -5617.55 -5648.35 -5677.81 -5709.5 -5740.92 -5772.02 -5798.15 -5818.11 -5837.14 -5847.26 -5850.33 -5840.29 -5817.17 -5782.44 -5740.42 -5691.28 -5640.22 -5589.45 -5529.51 -5474.27 -5410.84 -5343.04 -5277.53 -5218.24 -5162.82 -5098.36 -5024.43 -4951.14 -4871.37 -4785.91 -4692.87 -4588.83 -4471.6 -4351.92 -4225.98 -4098.25 -3971.79 -3843.55 -3709.03 -3564.14 -3406.98 -3241.28 -3071.85 -2894.53 -2708.85 -2520.55 -2326.66 -2126.96 -1924.63 -1713.13 -1493.85 -1268.02 -1034.84 -795.472 -553.272 -305.872 -54.931 199 
100 -149.539 -399.078 -645.841 -886.289 -1115.54 -1338.78 -1559.01 -1773.8 -1980.76 -2176.6 -2364.04 -2549.01 -2725 -2892.73 -3062.15 -3227.73 -3391.24 -3548.28 -3696.94 -3839.67 -3979.71 -4111.03 -4232.83 -4350.81 -4464.85 -4571.23 -4673.7 -4769.8 -4859.29 -4939.69 -5009.43 -5067.79 -5121.7 -5177.98 -5234.8 -5292.06 -5351.83 -5407.15 -5460.22 -5512.37 -5564.61 -5614.78 -5657.93 -5693.99 -5727.7 -5757.45 -5781.78 -5803.73 -5822.89 -5842.27 -5851.92 -5859.46 -5856.3 -5847.37 -5828.77 -5802.21 -5767.29 -5727.31 -5675.55 -5615.28 -5556.54 -5499.28 -5441.08 -5377.36 -5314.53 -5250.11 -5176.65 -5104.97 -5031.88 -4943.41 -4855.97 -4760.9 -4653.52 -4534.83 -4414.26 -4286.45 -4153.26 -4020.07 -3886.84 -3743.36 -3592.73 -3441.5 -3277.59 -3104.7 -2925.17 -2740.86 -2547.62 -2348.09 -2142.05 -1929.93 -1717.46 -1497.87 -1267.85 -1030.73 -792.095 -550.191 -305.675 -55.2227 199 
100 -150.571 -397.93 -638.473 -875.859 -1110.48 -1343.52 -1570.13 -1794.15 -2005.76 -2206.66 -2400.51 -2582.54 -2761.81 -2937.94 -3109.66 -3276.19 -3441.76 -3599.58 -3749.76 -3891.69 -4027.1 -4157.35 -4282.75 -4404.56 -4521.84 -4625.48 -4721.54 -4814.84 -4909.58 -4992.99 -5066.11 -5133.41 -5196.18 -5258.1 -5322.77 -5389.86 -5457.86 -5518.11 -5570.73 -5616.57 -5657.82 -5692.49 -5727.78 -5761.27 -5797.89 -5834.04 -5870.17 -5900.93 -5923.33 -5943.88 -5954.96 -5960.39 -5951.16 -5928.23 -5893.71 -5851.81 -5802.19 -5751.69 -5700.94 -5642.46 -5584.54 -5517.6 -5446.39 -5377.61 -5317.07 -5261.31 -5193.97 -5117.89 -5043.19 -4959.73 -4874.09 -4778.7 -4671 -4553.16 -4430.63 -4301 -4171.7 -4042.43 -3910.49 -3773.32 -3627.99 -3471.67 -3304.18 -3133.82 -2949.71 -2756.93 -2563.37 -2365.99 -2164.03 -1957.61 -1742.88 -1519.2 -1288.54 -1052.75 -809.526 -563.65 -312.92 -58.4456 199 
100 -152.899 -405.799 -656.946 -900.353 -1133.2 -1359.8 -1582.96 -1801.11 -2010.79 -2210.02 -2401.26 -2589.88 -2770.23 -2941.81 -3114.03 -3282.51 -3449.48 -3609.6 -3761.12 -3907.29 -4048.84 -4183.06 -4306.86 -4425.38 -4543.02 -4651.54 -4757.18 -4856.27 -4947.9 -5031.48 -5103.59 -5163.23 -5217.46 -5273.82 -5330.75 -5388.02 -5447.02 -5501.4 -5548.91 -5595.42 -5645.83 -5695.59 -5739.47 -5776.39 -5810.53 -5839.1 -5863.72 -5886.24 -5907.01 -5926.8 -5936.56 -5943.25 -5937.76 -5928.43 -5911.92 -5887.65 -5853.58 -5813.8 -5758.27 -5695.99 -5635.45 -5575.71 -5515.78 -5449.26 -5384.27 -5315.47 -5239.68 -5165.39 -5090.28 -5001.93 -4913.07 -4814.72 -4705.55 -4586.3 -4462.58 -4333.08 -4202.09 -4066.5 -3930.59 -3784.48 -3631.54 -3477.68 -3311.64 -3136.45 -2954.54 -2768.32 -2572.69 -2370.99 -2162.19 -1947.59 -1732.99 -1510.2 -1277.48 -1037.75 -796.131 -551.739 -304.998 -55.0016 199 
100 -149.822 -395.966 -635.416 -873.145 -1109.53 -1344.34 -1573.55 -1799.27 -2012.26 -2214.54 -2410.59 -2594.63 -2776.18 -2952.93 -3125.37 -3293.39 -3460.67 -3620.04 -3772.53 -3917.28 -4053.7 -4185.62 -4311.76 -4432.7 -4552.17 -4658.62 -4758.5 -4855.4 -4951.78 -5037.12 -5112.86 -5184.24 -5247.37 -5309.9 -5372.27 -5436.57 -5501.27 -5560.33 -5612.53 -5659.82 -5701.3 -5737.21 -5773.63 -5810.64 -5846.72 -5881.1 -5915.87 -5943.61 -5965.58 -5984.32 -5993.96 -6000.14 -5994.46 -5976.28 -5947.65 -5910.18 -5863.9 -5812.88 -5761.34 -5705.04 -5646.28 -5578.92 -5507.06 -5438.13 -5379.5 -5325.14 -5255.4 -5177.02 -5099.63 -5014.38 -4925.88 -4831 -4722.37 -4605.89 -4483.22 -4353.62 -4225.67 -4095.24 -3962.35 -3824.18 -3678.19 -3522.21 -3353.39 -3179.45 -2991.4 -2796.69 -2601.86 -2399.56 -2193.16 -1982.64 -1765.09 -1539.65 -1307.01 -1068.8 -822.218 -572.533 -318.204 -59.9892 199 
100 -154.833 -409.667 -663.732 -909.034 -1143.85 -1372.38 -1597.09 -1817.17 -2028.21 -2229.41 -2425.37 -2618.84 -2804.97 -2980.67 -3153.9 -3324.57 -3493.41 -3655.09 -3808.05 -3956.48 -4099.49 -4233.75 -4358.1 -4476.15 -4595.29 -4706 -4813.07 -4913.15 -5005.51 -5091.47 -5164.11 -5225.14 -5282.34 -5339.63 -5396.49 -5455.49 -5514.89 -5573.61 -5625.32 -5673.11 -5724.63 -5774.97 -5820.84 -5860.25 -5896.84 -5925.47 -5948.64 -5970.01 -5990.19 -6007.72 -6019.4 -6027.6 -6024.93 -6016.47 -6001.03 -5975.54 -5942.11 -5901.48 -5846.5 -5786.76 -5728.91 -5671.1 -5612.48 -5547.79 -5488.03 -5418.04 -5342.12 -5267.63 -5190.57 -5103.92 -5014.7 -4914.96 -4804.64 -4689.55 -4564.66 -4437.37 -4308.1 -4171.4 -4031.79 -3882.05 -3723.2 -3561.9 -3389.44 -3211.25 -3025.46 -2835.06 -2637.3 -2434.17 -2221.42 -2002.91 -1784.4 -1557.49 -1318.82 -1072.24 -823.343 -572.104 -318.531 -62.1233 199 
100 -152.959 -403.36 -647.476 -889.504 -1130.28 -1367.32 -1598.56 -1825.56 -2039.41 -2242.66 -2440.22 -2626.07 -2809.56 -2986.49 -3159.13 -3328.85 -3496.32 -3659.47 -3815.99 -3965.21 -4104.08 -4236.92 -4361.16 -4479.11 -4596.2 -4705.19 -4807.84 -4907.99 -5007.75 -5098.23 -5171.73 -5241.96 -5303.14 -5364.3 -5426.49 -5490.3 -5554.53 -5614.63 -5667.99 -5716.12 -5758.53 -5795.04 -5833.17 -5871.42 -5908.78 -5944.52 -5979.47 -6005.96 -6029.69 -6049.34 -6059.2 -6065.48 -6065.01 -6050.71 -6026.66 -5990.64 -5948.69 -5899.26 -5849.1 -5797.05 -5740.49 -5674.39 -5601.53 -5533.34 -5476.39 -5421.9 -5348.05 -5268.19 -5187.61 -5101.08 -5010.53 -4911.32 -4801.23 -4685.76 -4562.67 -4435.24 -4305.92 -4173.95 -4041.97 -3905.29 -3758.01 -3600.19 -3427.59 -3248.98 -3056.59 -2857.41 -2657.36 -2450.03 -2239.12 -2023.54 -1801.88 -1570.9 -1333.74 -1091.21 -839.912 -585.172 -326.796 -64.4562 199 
100 -164.605 -429.21 -691.407 -943.433 -1185.54 -1420.93 -1652.13 -1879.07 -2096.46 -2304.42 -2507.58 -2707.9 -2901.71 -3084.74 -3262.69 -3437.53 -3610.05 -3775.97 -3932.34 -4085.03 -4231.84 -4370.51 -4499.92 -4622.84 -4745.51 -4862.94 -4975.37 -5077.19 -5169.4 -5259.12 -5336.78 -5401.97 -5463.35 -5520.87 -5577.14 -5636.59 -5696.27 -5754.9 -5807.21 -5855.94 -5906.52 -5956.62 -6003.34 -6045.4 -6084.03 -6113.87 -6137.11 -6159.35 -6181.82 -6200.8 -6214.38 -6221.67 -6218.4 -6206.82 -6188.4 -6161.42 -6128 -6084.29 -6026 -5965.1 -5905.54 -5845.82 -5784.6 -5718.77 -5658.56 -5585.44 -5505.44 -5426.06 -5345.27 -5255.04 -5161.01 -5053.74 -4936.88 -4822.06 -4694.53 -4569.42 -4436.64 -4295.11 -4150 -3999.17 -3842.02 -3677.87 -3500.67 -3317.72 -3127.1 -2931.29 -2730.13 -2519.55 -2298.99 -2072.72 -1846.45 -1612.64 -1366.03 -1111.71 -854.665 -595.491 -334.158 -70.2419 199 
100 -158.937 -416.329 -667.838 -916.813 -1164.71 -1408.79 -1647.46 -1880.95 -2101.39 -2308.32 -2509.91 -2702.17 -2892.71 -3080.6 -3263.02 -3441.61 -3612.59 -3779.48 -3939.92 -4096 -4241.54 -4378 -4504.53 -4625.47 -4744.86 -4856.24 -4958.7 -5058.83 -5158.82 -5250.53 -5328.52 -5401.92 -5469.51 -5536.38 -5601.18 -5665.52 -5729.87 -5789.7 -5843.83 -5892.94 -5937.39 -5976.95 -6019.82 -6060.5 -6098.72 -6135.41 -6170.04 -6194.55 -6219.28 -6237.13 -6242.75 -6242.78 -6238.41 -6221.66 -6197.06 -6159.03 -6119.31 -6068.31 -6016.33 -5964.77 -5904.61 -5834.49 -5760.39 -5693.31 -5637.25 -5581.53 -5504.77 -5423.56 -5343.52 -5256.84 -5162.6 -5059.18 -4946.53 -4827.48 -4701.46 -4573.65 -4438.48 -4301.77 -4162.91 -4018.52 -3864.32 -3704.2 -3528.49 -3345.07 -3147.69 -2944.13 -2738.43 -2528.86 -2315.44 -2091.87 -1862.35 -1623.17 -1378.35 -1128.26 -869.466 -607.113 -341.777 -72.1184 199 
100 -164.918 -429.836 -692.305 -945.395 -1188.24 -1423.51 -1655.15 -1882.43 -2100.39 -2308.33 -2512.39 -2713.03 -2907.26 -3091.13 -3269.91 -3444.77 -3617.19 -3782.12 -3938.83 -4091.67 -4239.09 -4377.65 -4504.75 -4627.23 -4747.84 -4865.26 -4977.59 -5077.33 -5167.09 -5254.42 -5332.45 -5396.73 -5458.97 -5517.05 -5570.79 -5628.87 -5688.09 -5745.09 -5797.47 -5846.56 -5895.23 -5943.99 -5990.78 -6033.31 -6071.18 -6101.73 -6124.23 -6145.74 -6167.16 -6184.24 -6193.37 -6198.49 -6198.82 -6189.95 -6173.83 -6148.2 -6117.38 -6071.95 -6013.66 -5952.1 -5889.91 -5827.35 -5763.28 -5701.16 -5642.87 -5572.83 -5494.33 -5415.42 -5336.78 -5249.89 -5159.02 -5052.89 -4940.01 -4825.63 -4698.58 -4573.19 -4439.59 -4298.37 -4153.4 -4003.58 -3841.54 -3673.41 -3495.78 -3313.24 -3122.96 -2928.4 -2726.52 -2516.68 -2295.83 -2070.42 -1844.47 -1611.63 -1365.02 -1111.02 -853.968 -594.902 -333.882 -70.3516 199 
100 -158.793 -416.334 -668.379 -917.372 -1165.56 -1409.65 -1648.62 -1881.02 -2101.27 -2307.78 -2509.26 -2701.73 -2891.8 -3079.44 -3261.76 -3438.43 -3608.13 -3774.96 -3935.28 -4092.98 -4240.81 -4377.85 -4504.19 -4623.86 -4742.39 -4853.37 -4958.03 -5060.03 -5161.62 -5253.65 -5332.82 -5405.99 -5473.22 -5539.81 -5602.42 -5664.57 -5728.21 -5786.13 -5839.8 -5891.66 -5937.98 -5977.61 -6021.32 -6061.97 -6099.9 -6136.34 -6168.86 -6190.97 -6215.16 -6233.33 -6238.83 -6237.25 -6233.57 -6217.34 -6193.72 -6154.59 -6120.87 -6072.93 -6021.56 -5971.55 -5912.45 -5840.71 -5765.07 -5701.87 -5646.09 -5589.73 -5513.25 -5433.09 -5355.37 -5268.99 -5178.35 -5077.82 -4970.27 -4852.1 -4730.36 -4603.62 -4468.18 -4331.49 -4193.02 -4047.65 -3893.77 -3733.61 -3557.99 -3374.93 -3176.59 -2973.38 -2766.88 -2558.22 -2343.52 -2117.61 -1884.72 -1642.37 -1394.65 -1141.69 -880.013 -614.756 -347.25 -75.0233 199 
100 -159.22 -418.44 -675.264 -924.289 -1164.68 -1396.74 -1625.78 -1850.32 -2065.77 -2270.63 -2471.12 -2666.21 -2858.21 -3042.53 -3224.16 -3402.43 -3577.32 -3744.44 -3903.85 -4056.38 -4204.6 -4346.2 -4469.46 -4589.36 -4710.59 -4826.23 -4937.32 -5035.06 -5124.42 -5212.24 -5293.38 -5360.11 -5425.43 -5487.3 -5542.96 -5603.09 -5662.04 -5716.96 -5769.27 -5818.6 -5865.08 -5912.36 -5958.37 -6001.18 -6038.13 -6071.55 -6096.58 -6120.75 -6148.06 -6169.96 -6180.87 -6185.56 -6186 -6177.78 -6161.87 -6137.85 -6110.54 -6063.16 -6005.76 -5944.98 -5882.93 -5820.05 -5757.21 -5699.28 -5640.71 -5574.28 -5497.36 -5419.3 -5342.95 -5259.75 -5171.87 -5064.05 -4954.14 -4842.09 -4722.49 -4598.65 -4465.92 -4325.06 -4180.42 -4031.61 -3870.88 -3701.46 -3524.75 -3342.48 -3152.38 -2957.88 -2755.25 -2545.3 -2323.5 -2096.09 -1867.36 -1632.42 -1382.71 -1125.95 -865.874 -603.803 -340.007 -73.5611 199 
100 -156.152 -411.08 -661.746 -910.83 -1159.46 -1403.55 -1642.7 -1873.94 -2093.43 -2299.68 -2500.8 -2693.83 -2884.44 -3072.16 -3252.32 -3425.77 -3594.7 -3761.64 -3921.94 -4079.47 -4228.36 -4366.01 -4492.34 -4606.62 -4724.38 -4834.95 -4939.48 -5041.06 -5140.71 -5232.46 -5312.84 -5386.04 -5452.68 -5518.51 -5578.88 -5638.79 -5702.45 -5762.06 -5813.79 -5863.02 -5906.74 -5945.72 -5989.87 -6030.85 -6068.63 -6104.88 -6135.4 -6156.06 -6179.25 -6197.94 -6203.23 -6200.73 -6196.79 -6180.17 -6156.67 -6117.15 -6086.24 -6041.32 -5993.82 -5947.68 -5891.95 -5823.97 -5750.68 -5690.39 -5635.23 -5577.56 -5500.4 -5419.58 -5340.42 -5254.3 -5164.17 -5066.02 -4960.44 -4844.47 -4726.81 -4598.08 -4459.54 -4320.01 -4179.14 -4031.49 -3878.24 -3717.53 -3544.1 -3363.78 -3168.16 -2967.87 -2761.97 -2554.3 -2340.07 -2115.25 -1881.6 -1641.14 -1396.43 -1145.42 -883.787 -618.621 -351.824 -77.8537 199 
100 -160.256 -420.513 -678.516 -929.465 -1170.7 -1403.89 -1634.19 -1859.8 -2077.72 -2286.26 -2490.64 -2689.79 -2882.57 -3068.3 -3250.68 -3430.31 -3605.24 -3772.23 -3932.79 -4085.97 -4235.78 -4377.64 -4501.76 -4619.6 -4742.43 -4857 -4966.22 -5064.15 -5153.66 -5242.59 -5324.49 -5391.72 -5458.23 -5521.88 -5577.51 -5638 -5697.46 -5752.49 -5804.91 -5854.81 -5900.52 -5947.3 -5992.66 -6036.37 -6074.05 -6108.23 -6134.31 -6159.42 -6187.23 -6210.39 -6222.2 -6227.26 -6227.15 -6223.18 -6209.2 -6186.75 -6161.13 -6112.15 -6054 -5992.16 -5925.81 -5858.35 -5794.03 -5735.25 -5672.15 -5603.09 -5525.81 -5447.89 -5370.64 -5286.27 -5195.06 -5085.36 -4974.98 -4863.31 -4744.64 -4618.65 -4483.94 -4341.45 -4195.24 -4044.33 -3883.46 -3710.93 -3532.81 -3348.94 -3159.12 -2962.8 -2759.34 -2549.52 -2331.76 -2108.97 -1882.96 -1649.8 -1400.85 -1142.21 -880.085 -615.88 -350.199 -78.3685 199 
100 -159.536 -417.531 -672.902 -927.976 -1180.2 -1427.17 -1668.73 -1902.25 -2123.76 -2332.7 -2536.41 -2732.97 -2926.69 -3117.82 -3297.82 -3470.8 -3641.07 -3808.53 -3968.88 -4127.2 -4276.58 -4418.27 -4548.64 -4664.87 -4782.49 -4896.81 -5003.01 -5106.89 -5207.49 -5302.29 -5387 -5463.2 -5532.06 -5600.12 -5661.35 -5725.75 -5793.99 -5859.55 -5912.82 -5962.33 -6005.9 -6044.22 -6088.28 -6129.54 -6169.01 -6205.1 -6231.36 -6248.55 -6267.3 -6285.71 -6290.73 -6287.7 -6280.68 -6260.54 -6229.79 -6189.46 -6160.2 -6120.03 -6076.45 -6032.18 -5973.93 -5903.88 -5833.11 -5770.91 -5713.79 -5651.97 -5574.17 -5494.29 -5413.54 -5326.48 -5234.73 -5135.03 -5026.67 -4913.59 -4798.15 -4666.98 -4525.41 -4383.11 -4239.93 -4085.62 -3926.81 -3762.15 -3587.46 -3404.11 -3205.79 -3001.85 -2792.93 -2582.99 -2367.18 -2140.5 -1902.58 -1659.4 -1412.37 -1157.76 -893.641 -625.699 -356.664 -80.6296 199 
100 -161.986 -423.972 -683.935 -938.174 -1180.85 -1416.45 -1648.71 -1875.65 -2096.07 -2306.09 -2509.24 -2709.32 -2903.77 -3091.7 -3275.54 -3457.29 -3633.13 -3801.11 -3963.56 -4118.04 -4268.21 -4411.51 -4538.3 -4657.59 -4779.41 -4895.1 -4998.45 -5094.06 -5181.97 -5271.57 -5354.98 -5423.39 -5491.66 -5558.13 -5614.83 -5676.67 -5735.83 -5789.03 -5839.1 -5887.52 -5929.86 -5968.82 -6006.86 -6047.33 -6086.06 -6122.01 -6150.15 -6173.4 -6199.41 -6221.08 -6231.58 -6235.1 -6232.53 -6227.17 -6211.65 -6188.98 -6162.5 -6116.12 -6064.06 -6006.63 -5942.65 -5875.21 -5812.57 -5754.24 -5690.42 -5621.93 -5545.21 -5465.9 -5388.25 -5303.51 -5209.07 -5099.54 -4989.36 -4879.4 -4761.34 -4633.86 -4497.83 -4354.39 -4208.72 -4059.25 -3900.79 -3725.98 -3549.75 -3367.62 -3177.85 -2978.99 -2774.27 -2562.38 -2344.58 -2121.14 -1894.03 -1659.34 -1409.61 -1149.8 -886.39 -620.73 -353.78 -79.5605 199 
100 -160.341 -418.703 -674.816 -930.04 -1182.56 -1427.26 -1664.56 -1895.56 -2115.65 -2324.59 -2528.21 -2725.59 -2919.68 -3111 -3291.39 -3464.06 -3634.5 -3803.7 -3967.24 -4126.2 -4276.65 -4418.16 -4548.6 -4664.43 -4774.98 -4888.67 -4989.75 -5090.21 -5187.9 -5282.9 -5366.08 -5441.23 -5509.64 -5576.6 -5636.73 -5697.75 -5762.71 -5827.42 -5880.34 -5930.31 -5974.23 -6013.38 -6059.24 -6105.24 -6146.2 -6181.79 -6207.01 -6223.57 -6241.09 -6260.15 -6265.68 -6262.53 -6257.32 -6243.34 -6216.48 -6177.71 -6148.67 -6108.45 -6062.94 -6017.33 -5956.51 -5885.31 -5814.51 -5750.64 -5690.71 -5623.86 -5545.84 -5465.56 -5385.95 -5300.73 -5211.07 -5113.68 -5006.84 -4899.64 -4789.26 -4659.58 -4518.16 -4376.22 -4233.67 -4078.59 -3920.23 -3755.81 -3583.69 -3399.93 -3202.76 -2998.53 -2788.99 -2576.93 -2362.91 -2137.06 -1898.55 -1655.98 -1409.73 -1154.51 -890.853 -623.438 -355.338 -80.2621 199 
100 -164.806 -429.612 -692.709 -951.163 -1196.35 -1435.54 -1670.34 -1900.09 -2124 -2336.97 -2542.98 -2745.25 -2942.43 -3133.73 -3318.01 -3500.02 -3676.08 -3845.59 -4011.26 -4168.46 -4319.73 -4466.75 -4600.23 -4724.87 -4846.75 -4965.42 -5066.17 -5162.84 -5253.58 -5345.71 -5430.54 -5502.35 -5576.92 -5651.17 -5709.34 -5771.36 -5837.24 -5895.4 -5949.03 -6000.24 -6044.23 -6084.27 -6122.75 -6165.43 -6207.2 -6245.63 -6278.05 -6303.95 -6332.32 -6353.84 -6364.15 -6366.8 -6364.76 -6359.87 -6344.06 -6322.03 -6291.91 -6242.49 -6188.56 -6131.87 -6068.57 -6002.21 -5942 -5884.84 -5819.94 -5749.5 -5671.7 -5589.51 -5509.62 -5422.37 -5322.38 -5211.32 -5100.34 -4989.25 -4868.92 -4738.04 -4598.51 -4452.51 -4302.56 -4148.83 -3988.74 -3809.54 -3628.13 -3439.75 -3244.57 -3038.38 -2824.66 -2603.19 -2378.75 -2149.99 -1919.59 -1681.54 -1429.47 -1166.64 -900.209 -631.252 -360.752 -82.5846 199 
100 -163.615 -424.704 -683.983 -941.64 -1196.76 -1444.08 -1682.5 -1915.31 -2138.26 -2349.61 -2555.43 -2755.97 -2952.77 -3146.18 -3330.32 -3505.66 -3679.1 -3848.02 -4014.02 -4175.45 -4329.01 -4471.39 -4601.32 -4717.06 -4825.22 -4938.04 -5037.91 -5137.8 -5237.16 -5331.03 -5415.02 -5491.79 -5562.8 -5631.58 -5693.68 -5755.25 -5822.47 -5887.87 -5941.43 -5991.21 -6034.57 -6073.39 -6120.33 -6170.56 -6214.21 -6250.22 -6275.89 -6295.28 -6314.61 -6336.31 -6344.65 -6343.49 -6340.2 -6330.42 -6307.39 -6270.96 -6241.53 -6205.21 -6159.61 -6114.21 -6053.16 -5984.09 -5914.91 -5851.49 -5790.92 -5723.64 -5643.4 -5559.28 -5477.69 -5390.16 -5299.55 -5202.42 -5093.03 -4984.16 -4871.68 -4739.75 -4595.02 -4449.97 -4303.96 -4145.79 -3982.34 -3812.29 -3636.01 -3445.62 -3245.15 -3037.38 -2824.6 -2609.43 -2393.09 -2164.27 -1921.81 -1676.57 -1427.58 -1168.83 -901.988 -631.734 -361.042 -83.3604 199 
100 -165.693 -431.387 -695.765 -955.71 -1198.52 -1435.67 -1670.05 -1900.7 -2126.11 -2340.21 -2547.23 -2749.68 -2947.61 -3140.43 -3325.47 -3508.68 -3685.37 -3853.94 -4020.38 -4177.7 -4327.81 -4473.83 -4608.04 -4730.23 -4848.06 -4960.59 -5056.15 -5149.19 -5239.04 -5327.76 -5408.33 -5478.16 -5546.61 -5616.18 -5675.57 -5736.94 -5805.14 -5866.7 -5922.93 -5977.33 -6022.73 -6060 -6096.48 -6139.4 -6181.6 -6221.17 -6254.77 -6284.37 -6315.85 -6341.78 -6355.7 -6358.82 -6359.25 -6357.98 -6345.77 -6328.5 -6297.25 -6249.19 -6197.28 -6145.2 -6083.95 -6023.52 -5968.36 -5916.37 -5858.89 -5794.35 -5724.75 -5646.2 -5568.44 -5481.56 -5382.09 -5272.35 -5160.34 -5048.21 -4926.53 -4792.97 -4650.83 -4503.04 -4351.65 -4197.18 -4033.96 -3850.86 -3665.06 -3472.12 -3274.75 -3066.54 -2851.17 -2627.11 -2400.66 -2170.84 -1937.67 -1697.71 -1443.47 -1178.62 -910.232 -638.961 -365.947 -84.619 199 
100 -165.158 -427.647 -688.572 -947.099 -1202.75 -1451.76 -1692.6 -1925.03 -2146.61 -2358.91 -2565.63 -2767.72 -2965.67 -3159.53 -3345.21 -3521.28 -3695.52 -3863.04 -4025.88 -4185.85 -4340.97 -4484.93 -4615.69 -4733.21 -4841.13 -4953.71 -5055.3 -5153.97 -5253.65 -5346.37 -5432.68 -5511.78 -5580.43 -5648.38 -5710.71 -5771.17 -5839.02 -5905.45 -5960.2 -6010.6 -6054.44 -6094.5 -6140.71 -6193.49 -6236.58 -6272.02 -6297.96 -6319.22 -6338.84 -6361.75 -6371.31 -6368.08 -6363.75 -6356.47 -6335.99 -6301.56 -6273.21 -6237.88 -6192.4 -6146.12 -6086.49 -6020.1 -5950.25 -5886.58 -5824.67 -5755.61 -5673.71 -5589.44 -5510.27 -5424.39 -5336.73 -5241.66 -5129.22 -5019.39 -4906.01 -4774.06 -4627.4 -4480.57 -4332.34 -4172.63 -4006.34 -3832.25 -3654.81 -3462.14 -3260.47 -3050.18 -2835.68 -2618.73 -2401.16 -2169.72 -1925.87 -1679.47 -1429.07 -1167.98 -899.253 -629.708 -360.163 -84.3484 199 
100 -170.13 -440.259 -709.539 -974.369 -1222.18 -1463.56 -1703.45 -1938.55 -2169.34 -2388.11 -2599.74 -2805.84 -3008.02 -3205.92 -3395.38 -3582.36 -3759.89 -3926.61 -4091.85 -4249.99 -4399.94 -4548.01 -4684.4 -4805.8 -4922.86 -5035.81 -5130.24 -5221.69 -5314.09 -5402.19 -5482.15 -5553.56 -5621.96 -5693.94 -5760.61 -5825.23 -5894.3 -5957.28 -6013.89 -6065.08 -6105.67 -6143.36 -6182.22 -6226.82 -6267.2 -6305.42 -6336.43 -6359.09 -6382.34 -6404.99 -6412.57 -6408.09 -6406.99 -6404.04 -6389.02 -6369.81 -6336.56 -6287.26 -6234.83 -6181.78 -6119.57 -6061.67 -6004.96 -5954.18 -5895.83 -5830.89 -5759.48 -5679.89 -5601.58 -5511.85 -5412.63 -5305.08 -5192.86 -5076.31 -4953.33 -4817.66 -4673.84 -4524.92 -4372.73 -4218.24 -4054.03 -3871.88 -3685.01 -3490.83 -3291.79 -3082.11 -2865.48 -2639.94 -2412 -2181.77 -1947.32 -1705.82 -1450.25 -1186.21 -917.437 -644.915 -370.07 -86.0264 199 
100 -169.566 -437.198 -703.076 -965.755 -1225.07 -1475.29 -1717.76 -1953.24 -2181.35 -2400.79 -2613.41 -2820.27 -3022.63 -3220.19 -3410.44 -3590.52 -3768.74 -3940.67 -4105.57 -4270 -4432.82 -4581.91 -4714.99 -4833.99 -4942.94 -5055.41 -5159.03 -5257.23 -5355.78 -5448.14 -5537.36 -5621.9 -5693.79 -5764.8 -5828.64 -5889.16 -5957.85 -6025.42 -6086.63 -6137.87 -6182.35 -6221.57 -6264.87 -6316.63 -6357.7 -6391.69 -6415.3 -6435.34 -6453.06 -6473.94 -6483.56 -6478.85 -6472.54 -6465.05 -6446.48 -6414.7 -6387.89 -6354.44 -6309.79 -6261.84 -6201.75 -6140.37 -6071.97 -6008.57 -5945.31 -5872.86 -5788.15 -5699.09 -5616.77 -5530.62 -5442.83 -5349.06 -5237.43 -5125.93 -5013.36 -4883.58 -4737.42 -4586.92 -4433.91 -4269.59 -4097.6 -3916.93 -3732.5 -3532.26 -3323.99 -3107.18 -2888.4 -2667.09 -2445.45 -2208.18 -1960.18 -1709.65 -1455.76 -1189.32 -916.083 -642.18 -368.18 -88.7269 199 
100 -171.33 -442.66 -712.246 -978.569 -1231.78 -1474.21 -1716.32 -1952.24 -2184.83 -2405.11 -2618.15 -2824.6 -3027.77 -3226.9 -3418.24 -3606.41 -3783.98 -3952.31 -4116.83 -4280.33 -4436.2 -4589.68 -4728.07 -4850.39 -4967.48 -5080.43 -5173.62 -5265.02 -5357.67 -5444.82 -5523.97 -5596.05 -5664.47 -5736.82 -5806.6 -5871.47 -5940.7 -6007.41 -6066.65 -6120.04 -6161.39 -6199.51 -6239.16 -6283.09 -6323.98 -6362.06 -6393.09 -6414.45 -6435.32 -6456.67 -6462.51 -6455.9 -6452.91 -6450.25 -6436.36 -6418.7 -6388.83 -6341.04 -6288.15 -6233.04 -6169.73 -6113.39 -6054.36 -6003.65 -5944.39 -5879.16 -5808.28 -5725.79 -5646.06 -5557.2 -5460.65 -5359.17 -5250.47 -5136 -5016.48 -4883.85 -4740.92 -4593.47 -4442.79 -4285.91 -4117.59 -3932.56 -3738.23 -3536.76 -3332.94 -3124.62 -2909.05 -2681.71 -2451.85 -2220.62 -1984.8 -1738.75 -1479.16 -1210.5 -937.596 -660.67 -380.258 -90.67 199 
100 -172.033 -442.203 -711.132 -976.049 -1236.1 -1486.63 -1730.51 -1968.82 -2199.33 -2421.09 -2636.21 -2845.72 -3050.69 -3251.02 -3445.54 -3627.74 -3808.03 -3980.54 -4143.54 -4307.2 -4470.3 -4620.91 -4755.14 -4876.52 -4988.42 -5101.58 -5209.1 -5308.05 -5405.1 -5498.16 -5589.02 -5673.62 -5747.77 -5820.1 -5886.96 -5948.56 -6018.33 -6085.66 -6148.64 -6203.45 -6252.99 -6295.3 -6340.71 -6393.52 -6438.86 -6479.62 -6508.78 -6531.28 -6551.7 -6573.89 -6585.17 -6583.78 -6579.56 -6575.86 -6561.17 -6532.9 -6504.04 -6468.4 -6421.83 -6370.09 -6308.21 -6246.33 -6180.48 -6119.35 -6058.84 -5987.76 -5905.19 -5812.39 -5726.81 -5637.54 -5547.2 -5452.49 -5342.73 -5230.04 -5114.27 -4981.48 -4832.89 -4678.54 -4522.6 -4353.96 -4179.09 -3994.26 -3803.78 -3598.26 -3387.16 -3166.38 -2944.32 -2719.63 -2493.29 -2252.85 -2000.98 -1747.05 -1487.55 -1216.59 -938.08 -657.879 -377.311 -92.3405 199 
100 -173.184 -446.369 -717.726 -985.458 -1242.98 -1488.14 -1732.1 -1971.55 -2206.11 -2429.12 -2644.25 -2851.66 -3056.43 -3257.54 -3451.41 -3641.04 -3819.36 -3990.1 -4156.33 -4319.61 -4476.62 -4631.25 -4771.51 -4895.73 -5013.83 -5125.15 -5221.8 -5313.53 -5405.68 -5494.17 -5572.16 -5644.94 -5711.36 -5781.63 -5851.93 -5915.39 -5984.45 -6052.98 -6108.67 -6158.05 -6198.24 -6234.42 -6272.95 -6315.22 -6358.05 -6398.17 -6432.94 -6452.98 -6472.34 -6492.7 -6499.95 -6495.14 -6494.29 -6492.65 -6480.04 -6460.89 -6431.72 -6382.63 -6329.16 -6270.36 -6203.99 -6146.18 -6085.82 -6034.59 -5976.62 -5914.26 -5846.49 -5766.43 -5684.41 -5595.8 -5500.4 -5399.36 -5291.7 -5176.79 -5055.27 -4922.38 -4775.82 -4624.67 -4472.29 -4314.87 -4147.05 -3961.96 -3767.54 -3565.29 -3359.86 -3150.38 -2933.52 -2704.8 -2470.68 -2235.45 -1996.66 -1747.44 -1487.29 -1217.58 -944.16 -665.754 -382.474 -91.7372 199 
100 -171.374 -440.981 -709.434 -973.891 -1231.67 -1480.18 -1723.39 -1960.22 -2190.19 -2411.2 -2625.42 -2834.49 -3039.06 -3238.12 -3432.64 -3616.77 -3798.96 -3973.53 -4138.32 -4301.87 -4464.6 -4617.37 -4756.65 -4883.3 -5000.35 -5113.79 -5221.57 -5318.83 -5411.41 -5502.15 -5591.95 -5675.21 -5749 -5818.72 -5885.28 -5944.88 -6012.65 -6079.45 -6142.51 -6196.48 -6245.68 -6287.34 -6331.66 -6381.86 -6426.21 -6466.13 -6495.22 -6517.14 -6538.62 -6561.72 -6574.2 -6576 -6576.43 -6575.81 -6562.47 -6536.05 -6509.97 -6480.32 -6438.67 -6387.75 -6326.8 -6265.34 -6200.51 -6139.35 -6075.57 -6000.4 -5916.14 -5819.82 -5731.39 -5641.31 -5549 -5452.77 -5345.69 -5235.78 -5122.16 -4990.35 -4844.14 -4691.95 -4537.74 -4368.48 -4193.8 -4005.25 -3812.61 -3606.11 -3393.44 -3172.86 -2950.24 -2724.9 -2495.38 -2254.84 -2002.09 -1747.53 -1488.18 -1216.32 -937.331 -656.471 -375.611 -92.9041 199 
100 -173.535 -446.567 -715.243 -979.82 -1236.34 -1479.64 -1721.04 -1961.44 -2194.75 -2418.18 -2633.58 -2840.77 -3045.61 -3247.28 -3442.45 -3631.65 -3809.42 -3981.36 -4147.44 -4309.68 -4465.83 -4620 -4760.74 -4884.91 -5002.45 -5110.73 -5208.74 -5300.38 -5390.59 -5478.02 -5556.22 -5629.47 -5696.03 -5764.69 -5836.34 -5900.35 -5968.43 -6035.34 -6088.98 -6134.76 -6172.81 -6206.8 -6245.28 -6285.62 -6328.62 -6369.54 -6405.48 -6426.66 -6445.72 -6466.95 -6473.99 -6469.76 -6469.31 -6469.09 -6460.04 -6440.23 -6412.94 -6364.22 -6312.11 -6253.9 -6189.21 -6132.63 -6073.17 -6022.61 -5966.77 -5906.48 -5840.4 -5763.09 -5681.51 -5594.28 -5500.79 -5402.41 -5296.31 -5182.03 -5059.31 -4927.39 -4781.46 -4629.11 -4474.64 -4312.29 -4143.21 -3959.28 -3769.12 -3570.04 -3364.45 -3154.62 -2935.45 -2708.61 -2474.47 -2239.6 -1999.17 -1744.54 -1482.01 -1212.88 -940.421 -661.932 -378.148 -90.6829 199 
100 -173.54 -445.434 -716.051 -982.574 -1241.33 -1490.61 -1735.82 -1973.95 -2206.3 -2431.27 -2647.85 -2859.38 -3065.94 -3266.9 -3464.21 -3650.12 -3834.16 -4010.93 -4177.35 -4343.93 -4506.88 -4661.44 -4803.47 -4932.63 -5053.39 -5167.98 -5276.24 -5369.99 -5454.57 -5540.36 -5624.68 -5706.43 -5783.18 -5852.2 -5921.31 -5983.36 -6052.29 -6121.12 -6185.8 -6242.63 -6293.79 -6338.94 -6384.85 -6435.85 -6481.1 -6524 -6554.11 -6575.63 -6593.03 -6608.38 -6616.1 -6614.76 -6612.17 -6607.96 -6593.04 -6567.34 -6540.47 -6507.9 -6463.2 -6410.35 -6350.89 -6289.08 -6225.67 -6165.3 -6101.8 -6027.9 -5945.44 -5849.97 -5762.1 -5670.26 -5573.21 -5472.71 -5364.49 -5254.63 -5140.22 -5009.01 -4861.74 -4710.21 -4554.52 -4384.87 -4210.06 -4020.73 -3826.97 -3620.49 -3406.11 -3185.67 -2962.42 -2735.95 -2503.51 -2261.91 -2010.92 -1755.91 -1495.91 -1221.7 -942.173 -660.557 -378.94 -94.0512 199 
100 -175.208 -450.2 -720.416 -986.177 -1245.56 -1491.7 -1734.76 -1977.65 -2212.23 -2436.76 -2655.28 -2864.1 -3070.31 -3273.94 -3471.77 -3661.83 -3844.2 -4018.58 -4182.8 -4343.24 -4496.18 -4648.74 -4789.93 -4915.9 -5032.6 -5136.61 -5233.47 -5324.65 -5412.04 -5499.46 -5577.44 -5652.11 -5720.48 -5788.57 -5862.3 -5929.49 -5997.77 -6065.45 -6119.99 -6168.34 -6208.23 -6244.3 -6283.59 -6323.88 -6366.76 -6405.24 -6437.51 -6458.93 -6476.71 -6496.94 -6502.57 -6499.97 -6498.3 -6496.45 -6487.91 -6466.95 -6442.6 -6394.82 -6341.13 -6281.96 -6215.65 -6154.01 -6095 -6042.97 -5987.89 -5927.22 -5861.76 -5787.37 -5705.12 -5618.84 -5526.85 -5429.69 -5322.56 -5203.4 -5078.22 -4944.86 -4798.73 -4647.61 -4492.36 -4330.61 -4160.32 -3975.32 -3784.55 -3586.6 -3380.02 -3169.26 -2949.73 -2722.85 -2487.71 -2251.59 -2010.91 -1753.88 -1489.89 -1219.8 -946.537 -666.22 -380.257 -91.5427 199 
100 -175.355 -449.209 -721.642 -989.969 -1248.72 -1499.01 -1745.75 -1984.83 -2219.11 -2447.36 -2665.24 -2878.9 -3087.13 -3289.98 -3488.86 -3678.21 -3863.81 -4042.17 -4213.2 -4381.61 -4545.13 -4701.03 -4845.22 -4976.62 -5100.81 -5213.89 -5321.76 -5414.57 -5494.81 -5577.4 -5659.93 -5741.42 -5820.51 -5888.66 -5958.31 -6021.87 -6091.52 -6163.7 -6230.02 -6289.44 -6342.05 -6387.07 -6431.39 -6479.35 -6521.89 -6562.13 -6587.91 -6608.2 -6622.89 -6635.66 -6642.74 -6642.95 -6640.25 -6634.64 -6619.82 -6594.79 -6567.21 -6533.82 -6488.03 -6434.04 -6375.09 -6311.84 -6250.04 -6189.12 -6123.29 -6048.25 -5966.66 -5871.67 -5785.18 -5693.74 -5597.73 -5497.64 -5388.52 -5277.52 -5158.92 -5024.96 -4873.5 -4716.53 -4555.03 -4385.42 -4209.73 -4022.59 -3830.24 -3625.84 -3412.85 -3195.15 -2973.79 -2745.2 -2513.17 -2272.97 -2022.91 -1766.46 -1502.19 -1227.68 -947.483 -664.759 -382.036 -95.4107 199 
100 -177.629 -455.259 -727.919 -995.721 -1258.69 -1508.45 -1753.94 -1999.14 -2236.75 -2463.8 -2683.85 -2894.7 -3103.02 -3309.34 -3510.23 -3701.39 -3882.98 -4057.48 -4222.3 -4384.38 -4539.34 -4692.7 -4835.05 -4963.69 -5084.47 -5190.47 -5290.02 -5384.88 -5473.87 -5561.37 -5640.28 -5719.22 -5791.83 -5860.17 -5936.02 -6006.58 -6077.37 -6146.63 -6200.04 -6246.79 -6286.49 -6324.53 -6364.45 -6405.7 -6448.02 -6486.81 -6519.16 -6541.95 -6559.15 -6578.48 -6581.41 -6577.88 -6575.22 -6572.05 -6563.24 -6541.03 -6516.16 -6468.04 -6413.81 -6354.97 -6291.45 -6228.86 -6171.42 -6118.23 -6066.78 -6010.17 -5946.13 -5876.63 -5797.71 -5712.74 -5617.58 -5518.8 -5410.47 -5287.55 -5157.69 -5020.95 -4872.43 -4717.78 -4557.79 -4394.46 -4221.99 -4033.77 -3839.36 -3638.43 -3428.05 -3212.74 -2989.65 -2759.86 -2522.23 -2282.69 -2038.07 -1778.38 -1510.76 -1237.56 -961.15 -676.114 -386.721 -94.5852 199 
100 -178.907 -456.479 -732.464 -1004.32 -1264.67 -1517.97 -1767.82 -2009.62 -2247.55 -2480.01 -2701.64 -2916.25 -3124.99 -3330.85 -3533.6 -3726.77 -3915.19 -4096.91 -4270.4 -4441.89 -4608.76 -4766.63 -4914.4 -5049.74 -5177.39 -5294.13 -5402.21 -5495.53 -5573.96 -5651.96 -5731.13 -5811.86 -5889.73 -5955.96 -6024.35 -6088.5 -6157.94 -6229.49 -6294.9 -6355.5 -6408.72 -6456.95 -6502.49 -6548.94 -6591.33 -6633.4 -6659.56 -6680.6 -6694.53 -6706.53 -6713.36 -6714.69 -6713.61 -6708.11 -6695.03 -6671.65 -6644.99 -6611.83 -6567 -6512.89 -6455.81 -6393.05 -6334.53 -6274.21 -6210.06 -6142.04 -6067.53 -5981.38 -5899.96 -5811.11 -5715.13 -5612.23 -5498.09 -5382.72 -5258.09 -5117.78 -4961.12 -4796.07 -4628.81 -4454.55 -4275.94 -4087.01 -3891.69 -3683.23 -3462.52 -3237.63 -3008.13 -2773.11 -2535.04 -2289.45 -2035.26 -1778.06 -1511.85 -1238.34 -959.683 -677.28 -392.265 -100.625 199 
100 -184.952 -469.903 -749.64 -1023.15 -1294.1 -1550.37 -1800.25 -2048.47 -2287.35 -2515.92 -2736.86 -2949.65 -3159.11 -3368.05 -3573.61 -3770.7 -3957.19 -4136.93 -4306.18 -4472.99 -4636.29 -4795.3 -4940.19 -5073.82 -5196.03 -5302.63 -5404.51 -5501.48 -5592.16 -5677.49 -5755.17 -5831.43 -5902.38 -5967.67 -6040.79 -6112.52 -6184.99 -6255.07 -6309.75 -6357.5 -6399.13 -6438.65 -6478.53 -6520.21 -6563.44 -6604.19 -6637.66 -6663.65 -6682.38 -6702.67 -6708.99 -6710.42 -6710.14 -6708.12 -6697.39 -6673.86 -6647.05 -6601.07 -6548.33 -6489.29 -6428.58 -6365.09 -6308.37 -6252.98 -6199.57 -6140.14 -6068.59 -5991.24 -5908.74 -5818.12 -5720.24 -5618.11 -5507.24 -5379.71 -5241.75 -5094.04 -4936.3 -4774.37 -4611.16 -4444.35 -4269.35 -4079.7 -3886.49 -3687.24 -3475.34 -3258.14 -3033.79 -2800.22 -2556.49 -2309.81 -2059.67 -1796.13 -1525.92 -1251.31 -974.253 -688.614 -395.089 -98.5873 199 
100 -182.73 -464.309 -744.117 -1019.44 -1280.16 -1533.82 -1784.88 -2027.75 -2266.66 -2499.74 -2721.72 -2937.25 -3147.12 -3353.88 -3557.34 -3751 -3939.44 -4120.36 -4294.35 -4466.12 -4633.39 -4792.18 -4938.13 -5074.74 -5202.39 -5319.79 -5426.13 -5517.28 -5595.34 -5672.41 -5750.98 -5831.76 -5910.67 -5977.17 -6045.01 -6111.73 -6180.54 -6250.19 -6316.51 -6378.35 -6432.45 -6481.86 -6528.19 -6573.15 -6617.16 -6663.61 -6693.27 -6718.04 -6733.22 -6748.33 -6756.31 -6758.5 -6758.13 -6753.68 -6739.87 -6718.47 -6693 -6660.19 -6615.43 -6561.4 -6501.13 -6434.59 -6376.13 -6314.1 -6248.42 -6178.48 -6102.48 -6019.94 -5941.46 -5854.07 -5760.02 -5658.88 -5544.69 -5425.71 -5296.77 -5152.02 -4994.03 -4828.45 -4659.65 -4483.57 -4303.68 -4116.28 -3922.83 -3714.78 -3495.04 -3268.76 -3036.61 -2799.55 -2558.49 -2310.15 -2053.89 -1793.81 -1526.28 -1250.87 -971.171 -686.775 -399.667 -102.645 199 
100 -184.551 -469.102 -748.141 -1021 -1291.88 -1548.15 -1797.64 -2044.52 -2283.24 -2511.32 -2731.49 -2944.8 -3153.52 -3362.11 -3567.74 -3765.29 -3952.56 -4132.98 -4304.26 -4472.96 -4638.86 -4799.42 -4941.7 -5075.48 -5198.49 -5309.67 -5416.64 -5515.85 -5606.27 -5689.69 -5764.69 -5839.06 -5908.96 -5973.63 -6043.95 -6115.6 -6186.91 -6259.14 -6317.85 -6370.86 -6417.36 -6456.48 -6496.72 -6540.05 -6585.18 -6628.33 -6663.88 -6692.97 -6715.13 -6734.56 -6740.92 -6742.97 -6741.87 -6739.83 -6729.02 -6708.09 -6683.85 -6639.33 -6586.03 -6523.99 -6465.45 -6403.16 -6345.02 -6289.17 -6237.6 -6181.44 -6113.75 -6040.1 -5959.58 -5868.31 -5773.74 -5674.9 -5569.53 -5443.11 -5304.51 -5155.54 -4996.69 -4836.65 -4673.02 -4503.49 -4326.04 -4134.81 -3938.21 -3734.74 -3519.28 -3297.78 -3070.33 -2834.02 -2587.89 -2338.99 -2085.98 -1819.71 -1546.18 -1268.49 -986.796 -698.367 -401.394 -101.57 199 
100 -186.128 -471.302 -754.508 -1032.8 -1295.84 -1552.75 -1807.5 -2053.88 -2296.17 -2532.79 -2758.11 -2977.04 -3190.58 -3400.74 -3607.08 -3803.91 -3994.9 -4177.43 -4354.58 -4528.54 -4698.52 -4861.07 -5008.62 -5148.23 -5278.27 -5399.74 -5510.62 -5607.3 -5690.19 -5769.39 -5850.58 -5933.07 -6014.87 -6084.87 -6153.03 -6222.02 -6289.82 -6360.53 -6428.23 -6492.45 -6549.37 -6601.5 -6651.15 -6696.71 -6743.01 -6792.66 -6826.81 -6858.12 -6877.56 -6891.31 -6895.68 -6894.94 -6891.9 -6887.4 -6874.45 -6857.84 -6835.48 -6805.82 -6761.37 -6705.87 -6644.12 -6579.04 -6518.28 -6454.43 -6386.99 -6317.4 -6240.3 -6158.51 -6076.9 -5984.35 -5885.91 -5780.58 -5662.89 -5542.04 -5410.77 -5267.62 -5108.99 -4943.21 -4769 -4587.71 -4402.61 -4210.57 -4009.58 -3796.43 -3572.43 -3341.18 -3103.27 -2860.44 -2613.54 -2359 -2097.35 -1831.02 -1558.1 -1278.19 -993.788 -704.322 -411.125 -108.013 199 
100 -188.863 -477.725 -760.691 -1037.87 -1313.04 -1575.33 -1827.29 -2074.67 -2315.09 -2544.95 -2769.5 -2988.04 -3203.86 -3416.97 -3627.39 -3830.26 -4023.91 -4209.07 -4385.22 -4557.56 -4728.1 -4892.04 -5039.38 -5176.36 -5303.04 -5420.25 -5531.61 -5638.03 -5735.83 -5823.12 -5901.42 -5981.04 -6057.33 -6128.54 -6200.48 -6276.76 -6351.31 -6426.34 -6485.69 -6537.87 -6584.12 -6623.97 -6665.08 -6708.84 -6754.7 -6798.57 -6836.38 -6867.36 -6891.03 -6911.54 -6920.2 -6924.07 -6922.01 -6915.87 -6900.83 -6875.24 -6848.29 -6801.65 -6743.08 -6675.93 -6610.99 -6543.48 -6480.34 -6421.08 -6367 -6308.84 -6238.94 -6162.42 -6079.9 -5984.09 -5886.13 -5784.36 -5676.88 -5546.85 -5403.86 -5249.13 -5086.29 -4923.36 -4755.6 -4582.2 -4401.02 -4205.69 -4004.66 -3794.74 -3574.85 -3349.82 -3120.47 -2880.14 -2630.53 -2378.19 -2121.16 -1850.89 -1573.13 -1291.42 -1003.92 -711.326 -409.992 -105.714 199 
100 -189.51 -478.276 -764.864 -1047.69 -1316.52 -1579.73 -1839.61 -2088.7 -2334.38 -2573.45 -2803.32 -3026.07 -3242.79 -3456.33 -3665.09 -3865.22 -4057.97 -4243.4 -4423.81 -4599.52 -4770.34 -4934.02 -5084.41 -5225.04 -5357.22 -5479.29 -5593.04 -5692.04 -5780.48 -5866.07 -5952.04 -6039.18 -6125.84 -6201 -6266.66 -6337.11 -6407.2 -6479.12 -6545.37 -6607.92 -6663.29 -6715.05 -6764.48 -6808.27 -6853.76 -6903.35 -6938.35 -6969.37 -6989.19 -7002.78 -7006 -7005.62 -7002.16 -6998.43 -6985.32 -6970.5 -6945.97 -6913.13 -6866.25 -6808.37 -6745.42 -6680.4 -6617.13 -6551.94 -6480.22 -6406.42 -6325.74 -6244.01 -6161.39 -6068.39 -5966.71 -5860.91 -5740.74 -5615.05 -5476.79 -5328.39 -5170.06 -5002.17 -4824.57 -4640.93 -4453.55 -4259.87 -4053.65 -3838.3 -3612.63 -3378.76 -3138.19 -2892.48 -2642.64 -2384.7 -2119.62 -1848.13 -1572.66 -1291.21 -1003.99 -713.312 -416.898 -110.474 199 
100 -190.269 -480.446 -764.693 -1043.27 -1320.36 -1586.45 -1840.59 -2088.81 -2331.43 -2564.53 -2792 -3012.25 -3230.17 -3444.84 -3657.09 -3861.88 -4057.55 -4245.35 -4425.29 -4601.59 -4776.94 -4944 -5089.65 -5221.34 -5344.71 -5459.68 -5568.31 -5675.83 -5778.39 -5869.62 -5951.42 -6030.63 -6107.51 -6179.79 -6251.13 -6329.08 -6404.31 -6480.25 -6539.07 -6589.24 -6635.77 -6676.9 -6719.12 -6763.24 -6809.38 -6855.19 -6898 -6934.17 -6963.12 -6985.98 -6996.05 -7001.51 -7002.02 -6997.28 -6984.05 -6960.02 -6934.49 -6890.66 -6833.01 -6766.81 -6701.04 -6633.22 -6567.96 -6508.5 -6454.78 -6397.69 -6328.63 -6252.88 -6169.44 -6073.13 -5974.32 -5874.48 -5770.57 -5642.66 -5498.38 -5340.56 -5178.85 -5012.84 -4840.57 -4663.6 -4478.23 -4279.32 -4073.28 -3858.19 -3634.15 -3404.61 -3169.41 -2921.75 -2668.7 -2412.58 -2151.73 -1877.53 -1598.87 -1313.16 -1021.05 -724.228 -418.59 -109.875 199 
100 -192.893 -485.259 -775.23 -1060.63 -1334.35 -1603.87 -1868.64 -2117.73 -2363.87 -2603.64 -2836.82 -3063.57 -3283.53 -3500.46 -3711.53 -3914.2 -4111.19 -4302.94 -4489.63 -4669.33 -4841.08 -5008.88 -5162.59 -5305.17 -5436.14 -5558.3 -5673.26 -5771.7 -5860.6 -5947.49 -6034.45 -6119.61 -6205.25 -6280.56 -6348.31 -6421.38 -6491.87 -6560.59 -6624.29 -6680.86 -6731.2 -6780.1 -6829.2 -6874.1 -6922.58 -6971.53 -7008.18 -7038.85 -7059.09 -7072.68 -7077.4 -7077.11 -7072.47 -7069.45 -7056.22 -7043.19 -7018.53 -6986.14 -6940.23 -6883.31 -6822.03 -6760.09 -6696.26 -6631.15 -6560.7 -6488.42 -6410.25 -6333.43 -6251.87 -6161.05 -6061.68 -5956.42 -5839.41 -5715.39 -5577.29 -5430.5 -5274.29 -5107.09 -4929.47 -4745.93 -4559.21 -4364.04 -4150.59 -3930.3 -3699.1 -3459.8 -3214.56 -2963.05 -2706.18 -2442.04 -2170.77 -1891.61 -1607.43 -1319.05 -1026.12 -731.188 -428.293 -115.857 199 
100 -192.229 -484.145 -769.966 -1051.06 -1330.25 -1599.28 -1859.09 -2111.73 -2360.55 -2597.9 -2829.47 -3054.72 -3278.37 -3498.04 -3715.53 -3925.58 -4126.93 -4316.4 -4499.06 -4677.34 -4854.67 -5025.84 -5177.68 -5311.19 -5434.33 -5551.03 -5658.48 -5761.5 -5861.08 -5950.64 -6032.15 -6107.29 -6183.06 -6253.04 -6323.29 -6398.82 -6472.66 -6546.35 -6605.28 -6657.13 -6706.22 -6749.43 -6793.44 -6838.57 -6883.32 -6927.51 -6968.82 -7004.61 -7034.02 -7056.71 -7066.14 -7070.36 -7071.33 -7065.76 -7051.48 -7027.02 -7000.58 -6958.13 -6902.05 -6839.98 -6776.77 -6708.63 -6642.12 -6582.89 -6529.18 -6470.96 -6400.74 -6323.34 -6237 -6140.59 -6041.86 -5942.38 -5838.67 -5711.39 -5565.64 -5408.46 -5246.45 -5080.56 -4907.21 -4729.96 -4541.78 -4340.15 -4129.7 -3911.88 -3686.15 -3456.61 -3219.02 -2967.75 -2710.62 -2450.61 -2186.74 -1911.27 -1630.05 -1338.14 -1038.8 -734.963 -426.199 -113.599 199 
100 -193.215 -486.125 -774.745 -1059.33 -1336.89 -1610.77 -1877.83 -2128.84 -2378.22 -2621.08 -2857.33 -3087.89 -3312.56 -3532.8 -3746.45 -3953.45 -4156.74 -4351.84 -4539.73 -4718.67 -4889.62 -5055.91 -5203.89 -5340.8 -5468.41 -5588.9 -5703.77 -5801.12 -5890.02 -5978.02 -6065.88 -6149.63 -6233.12 -6307.42 -6375.03 -6446.9 -6517 -6587.6 -6654.63 -6713.71 -6767.54 -6818.89 -6867.3 -6910.65 -6960.28 -7007.47 -7046.62 -7076.56 -7096.74 -7110.72 -7115.05 -7116.91 -7114.54 -7114.97 -7101.78 -7087.25 -7059.56 -7022.41 -6973.97 -6916.48 -6855.44 -6791.75 -6727.72 -6664.17 -6595.08 -6524.8 -6451.7 -6378.86 -6298.89 -6209.63 -6111.58 -6004.99 -5885.85 -5756.37 -5613.35 -5463.91 -5308.42 -5141.66 -4964.77 -4782.5 -4595.21 -4395.95 -4179.04 -3956.54 -3725.46 -3485.44 -3238.1 -2984.52 -2724.88 -2460.6 -2186.27 -1905.15 -1617.95 -1327.42 -1032.51 -734.57 -429.031 -115.535 199 
100 -193.308 -486.082 -772.23 -1055.22 -1335.61 -1608.09 -1871.65 -2127.5 -2378.2 -2616.44 -2848.38 -3075.12 -3300.59 -3521.43 -3740.31 -3951.94 -4155 -4345.35 -4529.63 -4709.13 -4886.81 -5058.44 -5211.29 -5345.16 -5469.41 -5584.23 -5693.14 -5799.98 -5903.95 -5997.06 -6082.57 -6157.24 -6232.52 -6302.19 -6373.26 -6448.73 -6523.4 -6596.24 -6655.54 -6708.53 -6758.33 -6803.21 -6847.98 -6893.43 -6939.47 -6983.82 -7029.02 -7068.89 -7102.83 -7127.98 -7139.41 -7144.08 -7144.81 -7136.74 -7123.6 -7104.15 -7081.32 -7044.76 -6993.15 -6937.15 -6876.73 -6809.47 -6743.54 -6684.2 -6629.72 -6572.86 -6501.68 -6423.25 -6335.99 -6240.71 -6146.49 -6048.2 -5940.32 -5808.73 -5662.31 -5503.04 -5339.97 -5170.52 -4992.75 -4811.09 -4618.99 -4413.73 -4198.29 -3975.66 -3744.53 -3511.06 -3268.51 -3012.5 -2753.29 -2491.44 -2225.72 -1948.09 -1663.1 -1366.83 -1061.15 -749.634 -435.727 -118.363 199 
100 -194.464 -486.699 -775.319 -1060.92 -1339.86 -1614.26 -1879.76 -2132.34 -2382.52 -2627.05 -2864.3 -3096.59 -3322.55 -3540.84 -3752.31 -3957 -4158.83 -4352.27 -4538.45 -4715.04 -4884.94 -5053.79 -5202.71 -5339.9 -5468.26 -5587.66 -5702.78 -5801.65 -5888.58 -5975.46 -6062.72 -6146.97 -6229.27 -6304.88 -6373.63 -6446.88 -6516.53 -6587.58 -6654.9 -6714.04 -6769.56 -6821.74 -6870.11 -6914.19 -6965.68 -7011.89 -7053.62 -7084.85 -7105.59 -7121.1 -7125.5 -7127.57 -7122.32 -7117.45 -7101.15 -7084.58 -7053.57 -7021.1 -6976.66 -6923.19 -6867.06 -6804.69 -6739.73 -6674.87 -6609.02 -6540.88 -6471.78 -6398.88 -6320.84 -6230.68 -6132.51 -6023.09 -5903.6 -5774.21 -5631.35 -5480.55 -5325.29 -5157.32 -4978.28 -4794.82 -4606.33 -4403.77 -4184.99 -3960.5 -3727.78 -3488.63 -3245.47 -2996.05 -2737.8 -2475.86 -2202.67 -1921.26 -1630.96 -1336.01 -1038.94 -739.203 -432.595 -117.208 199 
100 -193.349 -485.813 -771.438 -1055.29 -1335.56 -1612.22 -1875.54 -2132.58 -2382.18 -2619.9 -2848.97 -3075.1 -3298.32 -3519.25 -3734.04 -3940.87 -4141.8 -4332.08 -4518.81 -4698.47 -4872.32 -5040.56 -5190.12 -5321.17 -5444.49 -5560.62 -5668.74 -5774.65 -5878.98 -5971.45 -6056.54 -6130.47 -6203 -6275.33 -6347.51 -6422.16 -6496.6 -6567.37 -6625.85 -6678.76 -6728.23 -6774.11 -6818.83 -6864.05 -6910.26 -6953.87 -6996.49 -7033.78 -7064.97 -7089.91 -7102.06 -7105.82 -7104.29 -7096.13 -7082.69 -7065.06 -7042.37 -7008.01 -6958.5 -6904.65 -6847.29 -6783.37 -6720.95 -6662.88 -6610.18 -6558.64 -6493.53 -6415.37 -6329.44 -6234.27 -6140.49 -6043.24 -5935.38 -5804.17 -5658.99 -5502.5 -5340.57 -5172.14 -4993.5 -4812.18 -4620.9 -4416.28 -4200.84 -3978.17 -3746.55 -3513.68 -3267.83 -3011.87 -2753.15 -2491.35 -2226.62 -1948.9 -1662.62 -1367.2 -1060.76 -749.281 -435.645 -118.322 199 
100 -195.422 -489.164 -779.073 -1065.42 -1345.52 -1621.17 -1884.8 -2138.81 -2387.08 -2629.91 -2866.29 -3099.94 -3326.94 -3544.95 -3757.01 -3962.2 -4164.99 -4359.46 -4546.23 -4723.78 -4893.92 -5065.64 -5220.79 -5359.87 -5490.76 -5613.71 -5730.8 -5833.39 -5922.08 -6010.34 -6098.61 -6183.42 -6264.08 -6340.85 -6413.01 -6489.05 -6563.87 -6639.78 -6709.73 -6773.13 -6832.53 -6885.04 -6934.05 -6978.69 -7031.03 -7076.47 -7120.4 -7155.34 -7178.36 -7194.47 -7200.37 -7202.09 -7198.03 -7190.75 -7171.47 -7153.33 -7121.86 -7087.83 -7041.1 -6985.05 -6926.04 -6861.72 -6797.28 -6731.33 -6666.42 -6598.51 -6530.83 -6459.22 -6382.62 -6292.61 -6194.62 -6082.44 -5961.73 -5834.35 -5687.94 -5535.89 -5380.52 -5212.95 -5030.85 -4842.56 -4650.38 -4441.51 -4218.35 -3988.5 -3751.17 -3509.59 -3264.47 -3014 -2754.25 -2489.68 -2216.78 -1934.6 -1641.59 -1344.88 -1046.84 -744.78 -436.403 -119.171 199 
100 -196.852 -492.25 -777.975 -1063.14 -1343.88 -1621.64 -1889.24 -2150.97 -2403.67 -2644.62 -2877.19 -3107.62 -3334.35 -3558.7 -3773.77 -3978.18 -4176.74 -4370.69 -4560.69 -4744.92 -4922.41 -5092.13 -5245.29 -5380.43 -5507.77 -5626.88 -5737.82 -5846.14 -5953.92 -6054.07 -6146.45 -6223.29 -6297.15 -6372.67 -6447.13 -6524.69 -6597.74 -6667.31 -6724.86 -6778.32 -6830.91 -6880.89 -6929.24 -6974.82 -7021.33 -7064.61 -7107.06 -7145.71 -7178.29 -7202.86 -7212.22 -7210.89 -7209.2 -7201.5 -7187.97 -7169.64 -7145.26 -7110.02 -7059.57 -7003.73 -6944.57 -6879.74 -6815.66 -6756.49 -6702.15 -6651.75 -6584.4 -6506.04 -6421.32 -6324.5 -6228.15 -6129.84 -6021 -5890.27 -5742.16 -5584.27 -5419.78 -5250.06 -5068.45 -4884.02 -4687.66 -4477.74 -4259.74 -4036.07 -3804.6 -3569.11 -3322.74 -3067.36 -2806.61 -2542.84 -2273.83 -1988.89 -1693.89 -1393.67 -1081.56 -764.819 -446.171 -123.586 199 
100 -198.556 -495.839 -788.551 -1077.83 -1361.37 -1639.36 -1903.66 -2161.23 -2412.74 -2658.71 -2898.68 -3135.36 -3364.64 -3585.36 -3800.36 -4011.81 -4219.93 -4416.79 -4606.52 -4787.14 -4960.35 -5134.89 -5293.13 -5434.61 -5568.11 -5693.71 -5810.65 -5918.43 -6011.84 -6106.15 -6200.76 -6290.89 -6373.61 -6452.61 -6527.27 -6605.29 -6678.03 -6753.66 -6822.53 -6885.44 -6945.66 -6997.88 -7046.57 -7091.3 -7143.21 -7190.62 -7237.99 -7278.1 -7304.18 -7320.74 -7325.82 -7323.97 -7319.01 -7309.44 -7288.5 -7267.87 -7235.76 -7199.27 -7149.61 -7091.64 -7030.61 -6966.16 -6904.27 -6837.67 -6774 -6706 -6635.25 -6562.12 -6482.38 -6387.7 -6285.4 -6169.04 -6049.07 -5918.97 -5769.99 -5613.62 -5452.42 -5280.84 -5095.83 -4904.28 -4709.95 -4496.6 -4272.14 -4042.54 -3805.58 -3564.39 -3319.48 -3069.86 -2810.28 -2541.17 -2262.06 -1973.75 -1674.51 -1372.42 -1069.07 -761.232 -446.984 -124.803 199 
100 -203.858 -506.798 -799.097 -1091.27 -1381.61 -1669.54 -1947.13 -2217.07 -2476.33 -2722.77 -2960.04 -3195.29 -3426.1 -3654.09 -3873.72 -4081.83 -4281.46 -4478.17 -4672.23 -4861.69 -5042.65 -5214.7 -5372.09 -5512.23 -5646.38 -5772.91 -5889.82 -5999.54 -6108.19 -6209.53 -6305.21 -6384.91 -6461.98 -6540.62 -6618.14 -6698.46 -6774.5 -6846.52 -6907.07 -6963.62 -7019.8 -7074.64 -7127.56 -7176.92 -7227.61 -7272.13 -7314.58 -7356.48 -7389.09 -7413.27 -7424.45 -7421.64 -7418.91 -7412.03 -7395.74 -7377.16 -7352.31 -7315.91 -7265.49 -7206.47 -7142.59 -7074.27 -7006.54 -6943.74 -6887.73 -6835.4 -6763.44 -6681.13 -6592.33 -6490.82 -6386.94 -6282.49 -6170.39 -6037.15 -5887.24 -5726.44 -5556.96 -5383.27 -5196.79 -5008.47 -4807.39 -4592.44 -4369.51 -4141.44 -3905.39 -3665.55 -3414.78 -3154.36 -2886.19 -2615.16 -2338.89 -2046.69 -1740.8 -1431.14 -1111.71 -787.363 -461.378 -131.189 199 
100 -204.092 -504.554 -799.88 -1094.33 -1384.69 -1669.19 -1940.68 -2206.78 -2467.28 -2718.05 -2960.96 -3200.78 -3431.49 -3655.01 -3872.35 -4086.64 -4297.25 -4497.17 -4688.89 -4870.23 -5042.98 -5217.21 -5377.13 -5522.36 -5659.19 -5787.79 -5906.47 -6019.43 -6118.5 -6217.12 -6314.54 -6406.91 -6491.07 -6570.88 -6647.99 -6728.13 -6801.36 -6879.17 -6949.89 -7014.5 -7078.19 -7132.93 -7183.06 -7230.73 -7285.1 -7334.71 -7384.37 -7426.49 -7455.42 -7472.33 -7477.11 -7474.51 -7469.54 -7461.94 -7442.92 -7425.02 -7395.97 -7358.54 -7313.7 -7259.69 -7200.69 -7137.8 -7076.03 -7008.75 -6944.95 -6876.54 -6802.69 -6728.63 -6646.42 -6550.35 -6446.12 -6327.68 -6205.72 -6073.01 -5921.39 -5763.44 -5598.38 -5423.72 -5236 -5040.63 -4842.96 -4625.32 -4397.44 -4165.01 -3925.02 -3680.89 -3432.74 -3180.19 -2916.4 -2638.79 -2350 -2051.89 -1743.04 -1425 -1106.73 -784.965 -460.552 -130.954 199 
100 -201.459 -502.302 -795.479 -1088.17 -1378.8 -1667.53 -1947.42 -2217.98 -2477.48 -2723.36 -2960.77 -3194.12 -3422.7 -3647.78 -3864.82 -4073.17 -4273.21 -4472.41 -4668.93 -4860.12 -5042.3 -5213.5 -5371.03 -5512.79 -5647.52 -5773.5 -5890.69 -6002.48 -6113.97 -6218.14 -6316.33 -6397.38 -6474.31 -6552.26 -6627.46 -6704.1 -6777.01 -6844.4 -6901.84 -6957.24 -7013.57 -7069.05 -7123.55 -7172.28 -7221.19 -7262.07 -7300.51 -7340.01 -7369.25 -7392.44 -7404.73 -7403.17 -7401.16 -7394.83 -7378.22 -7361.44 -7337.22 -7298.9 -7246.16 -7187.98 -7123.9 -7057.86 -6992.05 -6930.81 -6879.13 -6828.15 -6757.68 -6671.67 -6580.52 -6478.84 -6372.96 -6269.6 -6155.27 -6022.73 -5874.25 -5714.36 -5544.96 -5371.21 -5186.44 -4998.68 -4797.92 -4583.89 -4361.17 -4133.77 -3898.57 -3658.28 -3408.05 -3147.93 -2880.32 -2610.11 -2334.03 -2042.8 -1737.3 -1428.86 -1108.76 -785.516 -460.279 -130.665 199 
100 -203.962 -506.849 -804.967 -1101.32 -1392.38 -1674.18 -1944.99 -2210.96 -2471.2 -2722.1 -2965.6 -3205.28 -3435.12 -3658.54 -3875.67 -4090.08 -4300.17 -4499.32 -4691.45 -4873.46 -5045.94 -5219.83 -5379.47 -5522.92 -5655.7 -5783.24 -5900.91 -6013.64 -6112.58 -6210.05 -6307.4 -6399.19 -6482.9 -6560.94 -6637.12 -6716.19 -6788.23 -6865.09 -6934.82 -6998.03 -7061.85 -7116.22 -7165.62 -7213.2 -7266.98 -7316.61 -7365.08 -7409.01 -7438.91 -7458.66 -7466.37 -7464.35 -7461.75 -7457.7 -7439.86 -7421.86 -7395.59 -7357.72 -7313.22 -7256.54 -7194.21 -7130.73 -7065.76 -6996.84 -6934.05 -6864.5 -6789.57 -6714.4 -6635.17 -6544.72 -6444.63 -6330.11 -6210.8 -6080.9 -5931.82 -5771.62 -5603.45 -5428.93 -5241.15 -5045.47 -4847.66 -4630.36 -4402.99 -4169.69 -3928.62 -3682.51 -3434.24 -3181.5 -2917.58 -2640.62 -2350.85 -2052.28 -1743.33 -1427.28 -1108.89 -785.638 -460.905 -131.085 199 
100 -209.842 -518.718 -820.979 -1122.06 -1418.23 -1712.75 -1999.45 -2275.17 -2539.56 -2790.91 -3034.75 -3274.21 -3508.31 -3736.19 -3955.48 -4167.13 -4369.6 -4571.32 -4770.13 -4967 -5157.27 -5330.36 -5490.09 -5634.76 -5768.86 -5894.65 -6011.43 -6121.68 -6231.7 -6334.7 -6431.48 -6510.66 -6587.12 -6663.98 -6738.6 -6812.76 -6887.08 -6951.45 -7005.88 -7056.74 -7109.54 -7161.74 -7214.58 -7264 -7316.04 -7359.18 -7398.03 -7435.74 -7464.11 -7483.14 -7493.05 -7488.01 -7479.22 -7469.32 -7452.08 -7435.6 -7413.18 -7375.09 -7320.83 -7263 -7198.57 -7134.79 -7070.16 -7010.5 -6960.51 -6906.29 -6833.99 -6743.94 -6649.74 -6547.02 -6441.57 -6338.52 -6223.81 -6092.38 -5944.83 -5786.22 -5614.75 -5435.13 -5245.41 -5051.04 -4847.75 -4630.12 -4403.65 -4172.22 -3934.68 -3690.1 -3438.16 -3179.17 -2911.34 -2639.88 -2359.95 -2065.86 -1756.87 -1444.52 -1120.83 -795.145 -466.704 -133.971 199 
100 -213.725 -526.152 -834.371 -1139.99 -1438.73 -1723.94 -2001.65 -2277.39 -2548.12 -2811.05 -3064.53 -3312.03 -3549.04 -3779.67 -4006.47 -4228.01 -4443.64 -4649.47 -4849.38 -5040.94 -5223.18 -5404.84 -5569.33 -5716.11 -5851.64 -5982.6 -6102.48 -6217.07 -6319.89 -6420.66 -6524.28 -6617.77 -6702.37 -6779.76 -6855.31 -6931.49 -7003.11 -7076.55 -7149.59 -7212.37 -7273.97 -7325.99 -7373.06 -7418.75 -7469.89 -7517.56 -7566.64 -7611.49 -7639.16 -7653.82 -7656.9 -7651.57 -7645.39 -7636.23 -7613 -7589.99 -7561.17 -7519.17 -7469.12 -7405.85 -7336.6 -7270.92 -7203.07 -7133.14 -7070.16 -6999.21 -6924.51 -6846.66 -6762.51 -6667.02 -6559.72 -6438.56 -6311.31 -6174.15 -6026.88 -5866.72 -5696.01 -5519.69 -5330.04 -5130.2 -4926.43 -4706.11 -4477.25 -4242.48 -3999.44 -3749.72 -3496.19 -3238.36 -2969.63 -2689.03 -2393.78 -2089.99 -1776.1 -1457.57 -1133.94 -803.545 -470.862 -135.931 199 
100 -218.404 -535.34 -847.097 -1156.73 -1461.96 -1764.28 -2057.05 -2338.95 -2608.6 -2865.56 -3114.98 -3361.57 -3599.44 -3829.85 -4053.64 -4271.35 -4479.63 -4687 -4894.37 -5100.05 -5298.04 -5478.48 -5647.46 -5799.5 -5936.83 -6065.55 -6188.36 -6303.22 -6416.17 -6520.46 -6619.78 -6700.99 -6779.83 -6859.2 -6935.77 -7010.17 -7087.96 -7152.69 -7210.13 -7262.74 -7318.18 -7373.03 -7428.91 -7479.21 -7528.34 -7570.5 -7605.68 -7640.3 -7665.23 -7680.32 -7688.22 -7680.99 -7668.32 -7654.88 -7632.94 -7610.84 -7583.43 -7541.48 -7482.95 -7422.66 -7355.99 -7290.19 -7223.27 -7160.68 -7106.67 -7046 -6968.35 -6875.24 -6780.43 -6677.51 -6567.63 -6456.42 -6331.81 -6190.9 -6038.59 -5877.54 -5702.26 -5519 -5327.45 -5128.53 -4922.61 -4701.98 -4469.35 -4231.75 -3989.14 -3737.26 -3479.23 -3215.76 -2944.59 -2670.55 -2386.89 -2089.87 -1777.62 -1460.62 -1134.34 -804.981 -472.776 -137.096 199 
100 -217.98 -534.293 -847.258 -1156.67 -1459.11 -1747.59 -2029.56 -2305.61 -2573.76 -2835.85 -3088.23 -3335.23 -3573.32 -3805.17 -4033.19 -4256.38 -4471.85 -4678.92 -4880.37 -5074.36 -5260.86 -5444.55 -5613.65 -5762.82 -5899.62 -6031.41 -6152.4 -6267.51 -6370.46 -6467.92 -6569.85 -6658.85 -6743.9 -6821.19 -6896.05 -6971.47 -7043.24 -7113.59 -7184.11 -7243.79 -7303.31 -7353.18 -7400.38 -7447.88 -7498.79 -7548.12 -7597.07 -7644.62 -7673.8 -7687.22 -7689.48 -7684.37 -7678.68 -7667 -7642.62 -7617.77 -7588.93 -7546.45 -7494.3 -7432.89 -7366.95 -7304.71 -7236.86 -7170.51 -7106.89 -7036.72 -6961.89 -6882.09 -6796.43 -6700.56 -6590.83 -6469.03 -6339.99 -6202.88 -6057.97 -5898.72 -5725.65 -5548.3 -5358.05 -5158.21 -4951.4 -4729.8 -4499.83 -4263.94 -4019.32 -3768.27 -3512.53 -3252.68 -2982.44 -2701.02 -2404.1 -2098.35 -1782.88 -1464.83 -1139.3 -808.486 -474.041 -137.52 199 
100 -220.16 -538.372 -852.871 -1164.26 -1471.69 -1776.08 -2069.92 -2352.86 -2624.67 -2883.21 -3134.44 -3383.57 -3624.05 -3856.06 -4081.81 -4301.32 -4511.95 -4721.08 -4930.21 -5137.59 -5337.16 -5520.56 -5691.24 -5845.07 -5983.93 -6113.37 -6237.49 -6353.74 -6468.05 -6571.83 -6671.35 -6756.92 -6837.78 -6918.82 -6995.89 -7070.3 -7149.58 -7214.62 -7274.57 -7327.57 -7383.89 -7440.36 -7498.13 -7550.67 -7601.22 -7644.08 -7678.47 -7711.29 -7733.78 -7747.44 -7755.32 -7746.86 -7732.44 -7718.42 -7697.65 -7674.7 -7647.63 -7605.79 -7544.61 -7483.76 -7416.74 -7351.6 -7283.7 -7220.36 -7161.49 -7094.09 -7008.29 -6914.8 -6821.88 -6723.39 -6618.76 -6506.42 -6380.06 -6239.44 -6089.17 -5929.79 -5756.3 -5574.7 -5385.24 -5184.99 -4978.27 -4756.72 -4522.55 -4283.58 -4040.72 -3786.51 -3527.18 -3262.95 -2988 -2709.91 -2421.23 -2120.3 -1804.23 -1481.55 -1151.72 -817.732 -480.783 -141.184 199 
100 -219.607 -537.209 -851.85 -1162.69 -1465.56 -1755.92 -2039.54 -2316.97 -2586.25 -2850.27 -3104.3 -3352.15 -3591.68 -3823.32 -4049.94 -4272.15 -4486.21 -4694.88 -4898.29 -5094.57 -5282.94 -5468.01 -5638.52 -5789 -5927.69 -6060.3 -6183.09 -6299.08 -6403.75 -6502.16 -6604.48 -6694.81 -6780.27 -6858.1 -6932.08 -7006.9 -7079.05 -7149.56 -7220.35 -7280.48 -7340.09 -7390.98 -7439.45 -7488.94 -7539.83 -7590.72 -7636.48 -7680.43 -7705.91 -7715.91 -7719.94 -7715.56 -7710.85 -7697.15 -7672.45 -7645.92 -7617.6 -7574.7 -7521.02 -7459.13 -7394.67 -7335.62 -7268.18 -7204.31 -7140.97 -7071.31 -6998.69 -6920.28 -6836.91 -6741.22 -6630.55 -6508.24 -6377.68 -6241.26 -6096.36 -5940.26 -5768.79 -5590.22 -5398.42 -5198.4 -4989.01 -4765.62 -4534.88 -4298.16 -4054.8 -3805.76 -3551.07 -3292.49 -3021.38 -2735.78 -2435.31 -2124.94 -1805.51 -1484.46 -1155.11 -821.29 -482.473 -141.736 199 
100 -219.84 -537.282 -852.478 -1163.32 -1471.06 -1775.84 -2071.94 -2355.7 -2629.51 -2890.83 -3143.74 -3392.31 -3634.18 -3865.4 -4091.09 -4309.93 -4521.26 -4730.07 -4938.88 -5145.95 -5344.57 -5526.17 -5696.47 -5849.49 -5988.69 -6116.94 -6240.61 -6358.84 -6472.17 -6572.8 -6668.59 -6754.33 -6834.74 -6915.52 -6991.59 -7066.36 -7146.47 -7213.04 -7275.14 -7329.85 -7385.64 -7441.68 -7498.57 -7551.53 -7603.33 -7645.38 -7679.28 -7712.47 -7733.5 -7738.53 -7742.04 -7731.27 -7713.66 -7695.34 -7668.31 -7639.18 -7610.85 -7570.14 -7512.84 -7455.95 -7390 -7324.61 -7258.38 -7196.54 -7137.76 -7070.73 -6986.02 -6896.27 -6806 -6713.26 -6614.22 -6503.63 -6381.63 -6246.51 -6102.54 -5945.68 -5772.22 -5590.37 -5400.44 -5200.78 -4991.76 -4769.57 -4534.88 -4295.28 -4053.05 -3794.93 -3533.32 -3269.15 -2994.28 -2715.53 -2425.4 -2124.08 -1807.7 -1483.66 -1153.86 -818.852 -481.27 -141.504 199 
100 -220.125 -537.943 -852.888 -1164.25 -1466.6 -1757.69 -2040.03 -2313.32 -2581.65 -2846.15 -3100.69 -3349.55 -3590.69 -3822.67 -4049.71 -4272.23 -4486.04 -4695.25 -4899.63 -5096.69 -5286.31 -5471.39 -5641.58 -5793.09 -5932.45 -6061.98 -6182.38 -6296.31 -6401.38 -6499.57 -6600.96 -6692.92 -6778.26 -6856.01 -6927.97 -7000.5 -7072.86 -7142.28 -7211.33 -7271.34 -7329.19 -7380.33 -7429.13 -7479.18 -7529.04 -7580.48 -7626.37 -7670.53 -7696.24 -7706.25 -7711.25 -7706.8 -7702.94 -7689.51 -7668.87 -7645.4 -7621.9 -7583.03 -7531.69 -7471.26 -7410.16 -7353.81 -7289.63 -7228.64 -7167.31 -7099.53 -7029.16 -6951.12 -6869.39 -6774.01 -6668.46 -6551.55 -6422.22 -6286.79 -6142.91 -5988.53 -5816.96 -5640.78 -5450.93 -5252.33 -5041.86 -4816.73 -4584.14 -4343.28 -4094.81 -3840.45 -3579.93 -3317.58 -3042.27 -2754.23 -2452.03 -2138.93 -1817.42 -1494.73 -1163.67 -827.985 -487.28 -144.14 199 
100 -219.539 -536.267 -852.884 -1169 -1478.6 -1783.27 -2079.72 -2363.35 -2637.57 -2898.85 -3152.78 -3400.47 -3643.44 -3874.58 -4100.26 -4318.51 -4530.56 -4739.07 -4947.57 -5154.42 -5351.46 -5533.46 -5704.48 -5856.9 -5996.6 -6123.63 -6246.99 -6364.92 -6477.27 -6574.61 -6669.3 -6754.73 -6835 -6915.21 -6990.22 -7063.92 -7141.03 -7206.53 -7267.83 -7320.78 -7375.46 -7430.23 -7486.16 -7539.57 -7590.39 -7632.18 -7667.28 -7700.7 -7720 -7728.7 -7735.64 -7729.49 -7715.27 -7700.02 -7677.14 -7650.4 -7626.82 -7585.07 -7527.46 -7470.42 -7406.93 -7341.9 -7277.68 -7217.06 -7158.58 -7091.35 -7007.35 -6920.26 -6833.6 -6746.09 -6650.34 -6537.58 -6413.23 -6275.52 -6131.72 -5972.62 -5796.32 -5614.22 -5426.27 -5230.08 -5023.26 -4804.18 -4571.63 -4330.87 -4085.35 -3824.09 -3559.26 -3292.4 -3014.69 -2732.22 -2439.25 -2137.53 -1820.57 -1494.81 -1164.72 -828.383 -487.578 -144.727 199 
100 -222.688 -545.375 -862.91 -1176.83 -1481.73 -1777.75 -2065.24 -2343.83 -2616.66 -2884.4 -3141.57 -3392.07 -3635.3 -3870.09 -4099.6 -4323.88 -4540.06 -4751.93 -4959.42 -5159.17 -5352.3 -5539.1 -5711.29 -5865.93 -6007.89 -6139.22 -6261.62 -6378.39 -6483.63 -6582.06 -6684.69 -6778.42 -6864.08 -6944.73 -7017.76 -7089.64 -7161.57 -7232.17 -7301.22 -7363.41 -7420.91 -7474.65 -7525.82 -7578.37 -7629.27 -7682.86 -7729.12 -7777.84 -7808.75 -7824.7 -7831.73 -7824.12 -7815.17 -7800.45 -7780.59 -7758.56 -7737.74 -7701.17 -7650.15 -7591.04 -7530.92 -7475.38 -7413.53 -7354.47 -7292.32 -7222.46 -7148.01 -7065.14 -6977.58 -6875.58 -6768 -6647.78 -6516.89 -6380.08 -6235.82 -6076.51 -5900.4 -5716.44 -5520.97 -5317.63 -5101.55 -4871.89 -4636.57 -4392.13 -4140.67 -3882.82 -3617.79 -3349.21 -3067.84 -2773.75 -2469.18 -2152.12 -1827.52 -1501.55 -1168.64 -830.186 -487.999 -144.5 199 
100 -222.668 -542.672 -862.676 -1181.8 -1495.29 -1803.83 -2104.11 -2393.16 -2668.33 -2930.79 -3187.2 -3437.64 -3685.03 -3920.03 -4149.41 -4370.8 -4587.22 -4799.11 -5011.01 -5221.37 -5420.09 -5605.58 -5778.14 -5933.59 -6077.33 -6207.99 -6332.71 -6454.03 -6568.69 -6667.92 -6765.52 -6856.71 -6943.12 -7028.77 -7107.97 -7184.29 -7261.1 -7329.52 -7393.94 -7449.14 -7505.98 -7563.35 -7621.97 -7678.2 -7728.79 -7771.26 -7808.37 -7840.81 -7858.14 -7869.23 -7878.17 -7873.2 -7859.78 -7845.49 -7824.16 -7797.98 -7775.87 -7734.64 -7675.96 -7617.48 -7557.6 -7490.85 -7427.43 -7367.67 -7307.04 -7237.59 -7151.82 -7063.6 -6976.23 -6887.71 -6789.75 -6675.5 -6547.02 -6406.6 -6261.57 -6100.73 -5919.96 -5732.2 -5538.76 -5336.27 -5124.09 -4901.73 -4666.66 -4419.8 -4168.78 -3902.26 -3632.05 -3359.66 -3077.25 -2787.36 -2487.31 -2179.82 -1857.23 -1528.4 -1193.91 -848.315 -499.21 -150.105 199 
100 -223.781 -547.298 -865.554 -1180.57 -1486.67 -1784.12 -2072.4 -2352.4 -2624.47 -2889.03 -3144.28 -3389.07 -3628.52 -3864.06 -4094.58 -4319.16 -4536.25 -4749.36 -4958.17 -5156.84 -5349.1 -5533.17 -5704.06 -5860.46 -6003.44 -6135.34 -6259.02 -6377.09 -6484.36 -6586.27 -6689.03 -6784.02 -6868.4 -6949.03 -7022.98 -7095.43 -7166.48 -7237.14 -7305.48 -7368.07 -7423.96 -7477.87 -7530.48 -7583.99 -7634.45 -7685.64 -7733.27 -7782.4 -7813.43 -7831.96 -7841.84 -7838.79 -7830.25 -7812.59 -7791.54 -7767.74 -7744.9 -7707.59 -7657.25 -7603.9 -7550.56 -7497.63 -7439.45 -7382.33 -7319.49 -7252.63 -7179.93 -7100.16 -7014.32 -6912.47 -6807.74 -6689.49 -6558.54 -6420.48 -6274.16 -6114 -5937.01 -5751.27 -5554.4 -5346.22 -5124.79 -4892.64 -4655.9 -4412.37 -4159.62 -3899.49 -3632.7 -3362.35 -3082.03 -2788.69 -2485.18 -2166.13 -1839.38 -1511.5 -1177.54 -838.439 -495.047 -149.25 199 
100 -222.869 -543.391 -863.912 -1183.2 -1497.65 -1807.06 -2108.15 -2396.8 -2673.11 -2936.95 -3194.72 -3445.12 -3693.39 -3930.22 -4160.17 -4382.19 -4599.33 -4812.47 -5024.88 -5235.57 -5432.82 -5615.98 -5785.03 -5936.69 -6079.83 -6211.23 -6336.25 -6458.09 -6571.71 -6670.01 -6765.82 -6856.4 -6942.21 -7028.25 -7107.33 -7181.23 -7250.91 -7317.32 -7384.58 -7439.2 -7495.11 -7548.6 -7603.93 -7658.07 -7708.72 -7751.5 -7790.32 -7822.71 -7841.13 -7858.13 -7869.35 -7865.7 -7852.8 -7839.56 -7816.89 -7791.65 -7770.63 -7727.63 -7669.77 -7614.05 -7555.6 -7490.58 -7432.36 -7374.97 -7312.52 -7243.5 -7159.16 -7072.82 -6987.01 -6896.18 -6796.66 -6681.87 -6550.64 -6410.46 -6266.74 -6104.41 -5923.11 -5735.22 -5542.58 -5339.54 -5127.98 -4906.43 -4672.9 -4426.43 -4174.29 -3905.54 -3632.92 -3357.64 -3074.52 -2784.21 -2484.51 -2177.06 -1854.14 -1526.01 -1192.24 -846.762 -498.175 -149.587 199 
100 -226.535 -552.409 -873.295 -1191.06 -1498.24 -1795.83 -2086.68 -2369.63 -2643.22 -2908.92 -3165.02 -3408.62 -3647.77 -3883.71 -4113.97 -4337.33 -4554.35 -4767.51 -4976.41 -5175.56 -5366.19 -5546.87 -5715.25 -5868.48 -6010.94 -6143.7 -6270.29 -6389.16 -6496.38 -6598.22 -6699.2 -6795.05 -6879.79 -6958.95 -7032.17 -7101.29 -7170.8 -7239.67 -7306.45 -7366.64 -7420.56 -7472.74 -7525.53 -7578.65 -7628.6 -7678.38 -7726.37 -7773.84 -7806.75 -7829.01 -7837.8 -7835.1 -7825.24 -7807.39 -7786.65 -7761.66 -7739.41 -7703.48 -7656.16 -7607.87 -7556.05 -7504.13 -7449.33 -7393.68 -7330.72 -7265.49 -7194.25 -7115.15 -7029.83 -6927.57 -6823.97 -6707.4 -6577.05 -6437.98 -6288.71 -6123.57 -5943.3 -5757.37 -5560.75 -5351.33 -5128.99 -4897.33 -4660.53 -4416.71 -4163.9 -3902.83 -3636.22 -3365.8 -3085.64 -2794.98 -2494.5 -2177.02 -1849.87 -1521.36 -1188.36 -847.677 -501.915 -152.34 199 
100 -228.047 -554.007 -878.992 -1200.49 -1517.68 -1829.94 -2132.81 -2419.73 -2696.38 -2961.61 -3219.97 -3472.88 -3723.38 -3964.47 -4194.23 -4416.08 -4632.99 -4846.41 -5058.42 -5268.29 -5464.21 -5646.76 -5814.92 -5965.2 -6107.97 -6239.44 -6363.68 -6485.11 -6596.3 -6693.62 -6784.15 -6870.82 -6951.33 -7034.74 -7112.79 -7186.03 -7251.98 -7316.27 -7382.38 -7435.48 -7490.62 -7542.48 -7596.37 -7650.04 -7699.81 -7743.27 -7783.05 -7814.87 -7829.39 -7845.29 -7855.98 -7848.53 -7834.66 -7821.12 -7797.94 -7776.16 -7757.17 -7712.26 -7655.51 -7599.32 -7542 -7480.94 -7427.02 -7373.04 -7313.18 -7245.69 -7163.16 -7077.7 -6994.16 -6905.82 -6810.41 -6702.01 -6574.5 -6434.57 -6290.54 -6130.91 -5950.98 -5762.69 -5569.78 -5364.11 -5149.26 -4924.54 -4690.74 -4444.07 -4191.16 -3922.46 -3649.44 -3373.28 -3090.36 -2801.72 -2504.25 -2197.67 -1874.08 -1542.72 -1205.61 -856.743 -504.829 -152.914 199 
100 -229.052 -557.139 -880.396 -1200.74 -1510.94 -1811.18 -2105.63 -2394.07 -2672.05 -2940.82 -3198.09 -3443.31 -3684.87 -3923.84 -4156.01 -4381.4 -4600.71 -4813.75 -5022.54 -5219.63 -5406.41 -5584.35 -5752.34 -5905.06 -6046.96 -6176.57 -6299.86 -6416.65 -6522.29 -6624.16 -6724.46 -6819.85 -6902.03 -6978.92 -7051.68 -7120.65 -7192.77 -7264.7 -7332.97 -7393.18 -7446.11 -7496.76 -7549.32 -7601.73 -7650.92 -7699.7 -7747.63 -7793.13 -7826.24 -7847.35 -7854.43 -7851.88 -7840.47 -7822.35 -7801.63 -7775.88 -7753.47 -7720.09 -7676.97 -7634.12 -7583.68 -7531 -7475.7 -7417.92 -7353.01 -7284.62 -7209.3 -7129.86 -7045.67 -6943.31 -6840.91 -6724.74 -6594.81 -6454.78 -6305.64 -6137.65 -5956.06 -5769.29 -5573.51 -5361.9 -5138.5 -4907.6 -4670.58 -4426.19 -4171.01 -3907.84 -3640.83 -3370.27 -3088.96 -2797.89 -2496.73 -2178.19 -1850.47 -1521.16 -1188.84 -848.711 -503.336 -152.744 199 
100 -228.84 -557.68 -885.44 -1209.56 -1526.79 -1836.55 -2137.22 -2423.48 -2701.22 -2967.17 -3225.85 -3476.32 -3723.37 -3965.6 -4195.62 -4417.74 -4634.78 -4848.76 -5060.73 -5270.17 -5464.31 -5643.83 -5807.21 -5953.05 -6093.09 -6222.13 -6343.84 -6464.78 -6574.2 -6673.03 -6764.31 -6852.66 -6933.83 -7016.02 -7094.02 -7167.12 -7232.45 -7298.4 -7363.89 -7417.38 -7469.22 -7517.41 -7570.09 -7623.58 -7672.81 -7715.57 -7755.47 -7787.83 -7804.21 -7821.96 -7837.31 -7832.02 -7821.2 -7807.13 -7783.84 -7763.75 -7743.77 -7697.75 -7642.72 -7589.31 -7532.54 -7472.65 -7419.5 -7365.61 -7306.49 -7239.34 -7158.19 -7073.68 -6991.39 -6902.59 -6808.67 -6700.31 -6576.34 -6437.55 -6291.7 -6132.97 -5954.63 -5765.89 -5570.67 -5364.91 -5149.97 -4925.07 -4692.3 -4446.51 -4193.17 -3924.91 -3651.59 -3375.18 -3092.63 -2804.8 -2506.94 -2199.91 -1874.59 -1543.09 -1205.4 -856.869 -504.913 -152.956 199 
100 -229.285 -557.236 -880.677 -1204.12 -1516.78 -1817.82 -2111.93 -2400.54 -2677.38 -2945.23 -3201.9 -3447.09 -3688.83 -3928.49 -4162.37 -4390.54 -4610.42 -4824.02 -5033.38 -5232.21 -5418.68 -5595.48 -5758.96 -5907.87 -6048.21 -6177.35 -6300.84 -6416.72 -6522.42 -6625.25 -6725.38 -6820.06 -6899.93 -6975.65 -7048.71 -7117.37 -7189.63 -7260.02 -7329.04 -7386.4 -7437.82 -7487.55 -7540.59 -7592.57 -7639.49 -7685.28 -7729.75 -7770.87 -7802.21 -7822.89 -7829.11 -7826.85 -7815.07 -7797.91 -7776.52 -7753.55 -7733.92 -7700.95 -7660.66 -7617.27 -7566.95 -7515.73 -7462.52 -7408.45 -7349.03 -7282.89 -7208.2 -7130.39 -7046.63 -6947.93 -6846.72 -6733.62 -6608.05 -6469.53 -6320.56 -6150.14 -5968.8 -5781.79 -5587.53 -5373.97 -5150.67 -4920.08 -4682.52 -4435.32 -4177.81 -3913.43 -3645.55 -3374.47 -3092.64 -2799.75 -2495.35 -2175.3 -1847.61 -1518.18 -1186.6 -848 -503.195 -152.512 199 
100 -229.004 -558.008 -885.884 -1209.96 -1527.41 -1837.26 -2138.85 -2425.46 -2702.56 -2970.16 -3229.17 -3480.19 -3727.39 -3970.46 -4201.46 -4424.11 -4641.48 -4856.14 -5068.27 -5276.92 -5470.01 -5648.43 -5810.82 -5955.69 -6094.55 -6224.64 -6346.87 -6466.56 -6574.12 -6673.38 -6762.78 -6849.58 -6931.33 -7011.15 -7090.17 -7162.34 -7227.92 -7290.75 -7350.69 -7404.4 -7458.18 -7509.68 -7562.04 -7615.24 -7664.21 -7707.07 -7746.51 -7779.17 -7799.06 -7816.97 -7832.24 -7824.13 -7810.87 -7794.89 -7771.65 -7752.92 -7731.53 -7688.38 -7638.69 -7591.43 -7537.81 -7479.08 -7424.55 -7371.04 -7312.86 -7245.51 -7161.6 -7075.72 -6991.8 -6904.39 -6813.85 -6706.01 -6585.66 -6446.67 -6299.44 -6141.01 -5964.22 -5775.15 -5580.63 -5374.92 -5160.05 -4935.26 -4703.59 -4458.6 -4205.96 -3938.38 -3665.48 -3386.59 -3101.62 -2811.11 -2511.03 -2200.7 -1873.84 -1542.5 -1203.64 -856.378 -504.586 -152.793 199 
100 -229.713 -557.891 -881.761 -1205.63 -1519.27 -1821.46 -2115.5 -2404.26 -2680.69 -2947.79 -3203.64 -3448.65 -3687.88 -3927.02 -4160.99 -4389.22 -4609.01 -4819.03 -5023.61 -5219.01 -5400.7 -5575.29 -5740.05 -5890.08 -6030.34 -6159.64 -6283.7 -6400.02 -6506.11 -6609.99 -6710.05 -6804.33 -6884.47 -6959.55 -7032.24 -7100.74 -7171.63 -7238.95 -7304.67 -7358.62 -7409.47 -7459.4 -7512.51 -7563.89 -7610.85 -7657.32 -7701.13 -7740.65 -7773.53 -7793.67 -7800.13 -7798.54 -7786.38 -7770.4 -7748.45 -7726.81 -7707.14 -7675.43 -7639.28 -7598.69 -7547.4 -7498.16 -7446.29 -7393.01 -7335.79 -7272.79 -7198.97 -7122.73 -7039.96 -6943.15 -6842.66 -6728.57 -6603.1 -6462.31 -6310.67 -6135.22 -5950.7 -5761.49 -5565.7 -5352.21 -5132.67 -4905.49 -4671.34 -4427.36 -4172.03 -3910.75 -3643.17 -3371.22 -3086.2 -2795.34 -2490.24 -2170.84 -1843.95 -1514.67 -1183.81 -846.866 -502.133 -152.083 199 
100 -231.912 -563.824 -894.618 -1221.45 -1541.72 -1854.29 -2158.8 -2448.9 -2728.05 -2996.67 -3256.72 -3508.11 -3755.29 -3998.77 -4230.59 -4454.54 -4674.95 -4889.98 -5102.12 -5310.93 -5502.28 -5676.08 -5835.69 -5982.22 -6122.81 -6255.75 -6378.39 -6497.51 -6603.33 -6702.57 -6790.21 -6875.92 -6959.39 -7038 -7115.22 -7183.47 -7245.01 -7305.35 -7362.27 -7417.05 -7468.89 -7518.17 -7566.28 -7616.04 -7664.69 -7707.35 -7746.29 -7777.83 -7798.01 -7812.02 -7821.03 -7811.08 -7795.18 -7776.79 -7753.93 -7735.53 -7712.93 -7670.66 -7623.87 -7579.06 -7525.47 -7468.53 -7415.48 -7362.61 -7304.92 -7236.98 -7153.19 -7068.79 -6986.03 -6899.67 -6808.43 -6700.71 -6579.15 -6437.36 -6287.63 -6129.71 -5954.38 -5765.43 -5570.75 -5365.04 -5150.18 -4925.72 -4695.18 -4453.29 -4203.33 -3939.85 -3666.94 -3387.95 -3102.41 -2812.26 -2512.85 -2201.87 -1874.22 -1542.76 -1202.6 -855.821 -504.613 -152.806 199 
100 -233.655 -565.789 -893.601 -1221.41 -1539.45 -1846.47 -2144 -2435.99 -2714.56 -2981.5 -3238.93 -3486.4 -3726.69 -3966.84 -4200.42 -4426.39 -4645.7 -4857.26 -5063.58 -5262.32 -5444.31 -5620.17 -5788.29 -5941.12 -6081.4 -6209.94 -6334.94 -6455.2 -6565.98 -6673.86 -6774.63 -6868.31 -6950.04 -7025.95 -7097.05 -7166.68 -7237.71 -7303.13 -7366.81 -7420.34 -7470.97 -7522.05 -7575.24 -7626.83 -7675.09 -7722.64 -7766.98 -7808.15 -7845.53 -7866.85 -7875.05 -7876.04 -7862.72 -7845.39 -7821.79 -7799.62 -7775.54 -7743.74 -7712.66 -7673.99 -7623.65 -7572.21 -7516.48 -7459.55 -7401.87 -7337.69 -7263.12 -7184.49 -7100.59 -7003.79 -6901.33 -6786.06 -6660.52 -6517.86 -6367.02 -6190.09 -6002.89 -5812.09 -5614.59 -5398.61 -5177.67 -4948.66 -4714.03 -4468.29 -4213.06 -3952.55 -3686.01 -3411.77 -3121.66 -2826.98 -2518.21 -2197.17 -1868.65 -1537.26 -1202.44 -861.649 -511.445 -156.907 199 
100 -235.804 -571.608 -906.36 -1237 -1561.07 -1877.09 -2185.68 -2481.42 -2765.24 -3040.61 -3307.17 -3564.83 -3813.99 -4058.47 -4292.3 -4519.21 -4743.28 -4962.21 -5175.44 -5382.78 -5572.96 -5746.52 -5909.98 -6059.17 -6200.58 -6334.15 -6458.12 -6580.05 -6689.1 -6789.15 -6877.37 -6962.23 -7047.3 -7125.97 -7202.72 -7271.08 -7332.49 -7393.01 -7448.62 -7502.6 -7554.25 -7605.18 -7652.8 -7702.88 -7753.13 -7796.51 -7836.02 -7866.36 -7884.59 -7898.12 -7905.87 -7896.5 -7878.1 -7858.37 -7834.16 -7813.84 -7788.22 -7746.94 -7701.12 -7655.56 -7600.06 -7542.87 -7489.57 -7435.16 -7374.85 -7304.44 -7220.46 -7135.03 -7052.22 -6964.08 -6870.43 -6760.61 -6637.47 -6499.84 -6353.32 -6199.41 -6029.84 -5843.67 -5648.29 -5440.94 -5222.55 -4996.81 -4764.28 -4521.26 -4268.5 -4003.24 -3728.37 -3447.14 -3159.56 -2867.44 -2566.03 -2252.52 -1920.48 -1581.92 -1232.76 -878.353 -520.204 -160.602 199 
100 -238.486 -575.684 -906.089 -1235.81 -1556.13 -1865.47 -2165.12 -2458.24 -2738.52 -3006.71 -3265.09 -3517.59 -3762.79 -4007.77 -4244.65 -4472.19 -4695.08 -4912.74 -5124.68 -5329.89 -5518.64 -5698.84 -5868.07 -6020.79 -6160.99 -6289.61 -6415.77 -6534.37 -6645.04 -6751.84 -6851.21 -6941.95 -7022.9 -7097.04 -7162.09 -7227.92 -7294.11 -7355.36 -7413.71 -7465.88 -7514.05 -7564.12 -7614.71 -7664.73 -7712.56 -7759.11 -7802.01 -7841.29 -7875.57 -7892.29 -7899.6 -7900.29 -7885.51 -7866.78 -7842.04 -7819.93 -7794.56 -7760.74 -7730.16 -7690.8 -7640.11 -7587.16 -7530.47 -7474.11 -7419.09 -7354.65 -7279.97 -7199.72 -7116.52 -7018.67 -6915.74 -6800.83 -6676.96 -6535.93 -6386.39 -6214.75 -6033.21 -5845.32 -5648.64 -5434.74 -5216.22 -4986.7 -4751.59 -4505.08 -4248.17 -3986.59 -3719 -3442.99 -3152.46 -2857.9 -2548.22 -2225.52 -1893.23 -1557.17 -1217.78 -873.92 -519.063 -160.841 199 
100 -240 -579.999 -919.071 -1253.89 -1582.06 -1901.6 -2214.29 -2518.96 -2809.15 -3087.96 -3358.96 -3620.66 -3874.57 -4123.07 -4362.19 -4593.63 -4821.67 -5044.79 -5262.35 -5471.03 -5661.6 -5835.55 -5999.67 -6149.57 -6290.91 -6423.29 -6550.02 -6673.61 -6783.53 -6884.64 -6973.49 -7057.75 -7144.51 -7223.51 -7299.75 -7368.59 -7429.54 -7489.67 -7545.8 -7595.84 -7644.85 -7694.11 -7739.04 -7786.5 -7835.12 -7877.32 -7914.44 -7941.41 -7955.4 -7964.45 -7970.49 -7963.34 -7943.42 -7922.96 -7897.26 -7876.14 -7847.54 -7809 -7763.69 -7717.51 -7662.46 -7604.19 -7550.43 -7494.93 -7432.26 -7360.32 -7277.55 -7191.54 -7108.9 -7018.09 -6922.99 -6812.14 -6690.01 -6557.39 -6408.09 -6248.19 -6074.78 -5885.5 -5688.51 -5479.01 -5258.72 -5031.49 -4797.1 -4553.37 -4299.2 -4031.86 -3756.19 -3473.18 -3183.97 -2890.05 -2585.24 -2265.14 -1927.46 -1584.4 -1233.49 -880.448 -523.5 -162.25 199 
100 -241.894 -582.84 -916.11 -1249.24 -1573.23 -1886.06 -2189.84 -2486.09 -2767.74 -3036.21 -3297.39 -3553.55 -3802.27 -4050.66 -4290.45 -4521.52 -4747.12 -4969.09 -5185.77 -5395.32 -5590.42 -5777.26 -5947.27 -6102.1 -6244.99 -6376.64 -6501.15 -6618.63 -6732.83 -6842.78 -6945.15 -7037.36 -7121.27 -7197.9 -7262.57 -7327.79 -7392.64 -7452.73 -7510.23 -7561.98 -7606.68 -7654.11 -7702.91 -7752.09 -7800.76 -7846.97 -7886.81 -7923.43 -7956.24 -7971.97 -7979.73 -7981.01 -7966.76 -7947.73 -7919.85 -7897.48 -7869.72 -7833.38 -7799.1 -7755.32 -7704.98 -7649.09 -7590.03 -7531.44 -7474.07 -7408.51 -7333.21 -7250.36 -7165.9 -7065.76 -6960.96 -6847.61 -6726.15 -6586.18 -6433.51 -6259.61 -6075.59 -5884.77 -5686.85 -5472.28 -5251.86 -5020.15 -4782.48 -4534.14 -4274.13 -4010.03 -3739.88 -3460.34 -3168.32 -2870.8 -2558.2 -2233.61 -1898.96 -1562.21 -1223.3 -880.027 -524.552 -163.278 199 
100 -246.072 -592.145 -937.468 -1278.4 -1612.56 -1934.63 -2252.82 -2564.01 -2860.42 -3142.39 -3416.69 -3681.47 -3939.03 -4190.32 -4431.87 -4664.17 -4895.14 -5121.42 -5342.17 -5551.16 -5744.07 -5922.65 -6090.53 -6243.89 -6389.92 -6525.71 -6654.84 -6781.04 -6894.38 -6998.01 -7092.97 -7181.82 -7274.61 -7354.26 -7427.24 -7493.38 -7552.32 -7612.44 -7668.1 -7715.19 -7762.88 -7811.93 -7856.56 -7901.74 -7947.37 -7987.98 -8023.56 -8046.76 -8061.48 -8070.58 -8076.43 -8068.36 -8047.61 -8025.96 -7998.36 -7975.31 -7943.28 -7907.04 -7860.1 -7811.29 -7755.55 -7695.05 -7639.66 -7581.92 -7516.25 -7442.37 -7358.89 -7271.88 -7184.3 -7086.94 -6987.59 -6879.42 -6756.27 -6622.54 -6473.31 -6312.84 -6136.05 -5943.72 -5743.76 -5529.58 -5306.1 -5076.37 -4838.95 -4593.46 -4335.04 -4065.18 -3788.05 -3502.4 -3210.59 -2913.73 -2607.43 -2285.03 -1944.29 -1597.67 -1243.49 -887.079 -528.688 -164.943 199 
100 -250.521 -600.595 -945.712 -1290.39 -1626.08 -1949.6 -2259.92 -2561.42 -2849.16 -3122.28 -3385.76 -3644.84 -3896.58 -4147.43 -4389.78 -4622.9 -4850.7 -5075.81 -5296.48 -5509.37 -5707.15 -5896.3 -6070.4 -6228.71 -6372.79 -6507.12 -6631.95 -6750.23 -6867.9 -6980.21 -7085.21 -7177.18 -7260.65 -7334.92 -7399.23 -7462.46 -7526.78 -7587.2 -7643.74 -7691.44 -7733.33 -7780.33 -7828.76 -7876.75 -7924.71 -7968.2 -8004.98 -8035.88 -8064.21 -8078.38 -8085.78 -8086.69 -8073.84 -8052.94 -8021.6 -7997.64 -7971.35 -7938.72 -7903.61 -7856.56 -7804.45 -7745.06 -7683.72 -7622.51 -7561.77 -7495.5 -7419.31 -7337.42 -7252.38 -7152.58 -7047.81 -6934.94 -6814.4 -6672.2 -6512.81 -6332.81 -6143.48 -5948.61 -5746.84 -5529.95 -5306.93 -5072.4 -4831.6 -4579.58 -4317.17 -4049.88 -3776.05 -3492.74 -3197.06 -2897.54 -2583.35 -2255.97 -1918.46 -1578.14 -1236.18 -888.667 -531.306 -166.338 199 
100 -251.525 -600.44 -948.522 -1292.09 -1626.83 -1949.95 -2269.03 -2579.58 -2879.29 -3163.44 -3440.33 -3707.66 -3968.17 -4221.44 -4465.76 -4701.25 -4934.66 -5161.12 -5381.45 -5588.96 -5780.8 -5961.35 -6133.22 -6288.13 -6437.28 -6578.43 -6711.75 -6837.79 -6953.85 -7059.75 -7156.31 -7249.01 -7346.97 -7430.93 -7507.77 -7578.25 -7639.49 -7699.31 -7755.77 -7803.16 -7851.41 -7902.44 -7949.13 -7995.84 -8043.07 -8085.71 -8119.15 -8142.36 -8163.21 -8176.89 -8184.98 -8179.2 -8158.35 -8135.82 -8107.13 -8083.15 -8048.38 -8014.32 -7970.69 -7922.7 -7867.67 -7807.13 -7751.9 -7694.51 -7624.67 -7547.53 -7465.77 -7380.48 -7291.46 -7193.51 -7093.36 -6985.17 -6859.93 -6721.75 -6569.04 -6406.44 -6225.6 -6029.91 -5826.2 -5609.13 -5381.91 -5149.1 -4908.73 -4660.83 -4397.13 -4124.05 -3845.36 -3557.01 -3259.37 -2953.28 -2636.7 -2307.74 -1963.63 -1613.76 -1255.97 -895.605 -534.194 -168.256 199 
100 -251.141 -601.527 -947.442 -1292.74 -1629.89 -1953.78 -2264.71 -2567.1 -2856.26 -3129.76 -3393.55 -3653.22 -3906.01 -4156.91 -4398.57 -4628.64 -4854.14 -5077.63 -5299.83 -5513.18 -5710.59 -5899.92 -6075.43 -6233.28 -6377.48 -6511.97 -6636.29 -6752.23 -6870.75 -6985.29 -7091.54 -7183.54 -7266.82 -7340.23 -7404.41 -7467.24 -7531.98 -7593.55 -7649.97 -7697.02 -7738.59 -7785.82 -7834.4 -7884.29 -7935.49 -7981.3 -8022.65 -8053.25 -8081.69 -8095.84 -8103.44 -8105.32 -8093.45 -8072.77 -8042.49 -8020.39 -7997.37 -7968.78 -7933.96 -7884.67 -7830.84 -7769.68 -7710.74 -7653.94 -7593.71 -7530.01 -7454.92 -7373.91 -7288.96 -7190.47 -7085.11 -6971.39 -6847.67 -6704.02 -6541.73 -6358.71 -6168.16 -5971.03 -5766.34 -5550.73 -5328.27 -5094.51 -4854.3 -4601.73 -4339.95 -4070.19 -3793.2 -3506.04 -3209.11 -2907.3 -2592.47 -2262.71 -1923.28 -1580.15 -1235.88 -886.448 -529.889 -165.719 199 
100 -252.466 -602.158 -951.702 -1299.29 -1638.57 -1965.9 -2290.62 -2604.51 -2905.2 -3186.95 -3461.81 -3727.29 -3986.25 -4239.63 -4484.99 -4722.15 -4956.4 -5183.61 -5404.78 -5611.85 -5805.8 -5988.21 -6163.82 -6324.19 -6477.71 -6621.52 -6757.56 -6879.98 -6993.62 -7098.07 -7195.01 -7288.24 -7386.5 -7469.73 -7543.31 -7614.11 -7675.04 -7734.44 -7790.14 -7837.93 -7885.25 -7936.52 -7983.6 -8029.84 -8077.66 -8120.99 -8154.35 -8178.16 -8200.51 -8215.25 -8223.17 -8219.12 -8198.93 -8177.42 -8150.7 -8128.34 -8098.4 -8070.66 -8032.66 -7986.59 -7938.33 -7881.93 -7825.18 -7766.7 -7695.51 -7619.37 -7539.62 -7452.79 -7357.87 -7257.15 -7154.86 -7044.85 -6914.52 -6770.25 -6611.15 -6443.05 -6259.71 -6062.4 -5858.37 -5640.71 -5411.44 -5176.93 -4935.34 -4685.36 -4418.45 -4143.72 -3864.8 -3575.2 -3275.95 -2967.77 -2648.57 -2316.56 -1970.81 -1619.16 -1258.99 -896.05 -532.657 -167.315 199 
100 -254.315 -607.752 -956.989 -1305.46 -1646.12 -1974.42 -2286.76 -2592.47 -2886.89 -3166.71 -3436.49 -3699.2 -3955.66 -4209.2 -4453.81 -4686.19 -4914.86 -5141.66 -5367.42 -5585.63 -5784.39 -5973.2 -6150.45 -6310.4 -6459.19 -6599.18 -6727.02 -6843.28 -6960.67 -7074.2 -7179.2 -7271.52 -7353.62 -7426.88 -7490.4 -7553.8 -7621.06 -7683.85 -7738.4 -7782.63 -7823.23 -7870.32 -7918.41 -7964.24 -8015.33 -8061.97 -8104.08 -8134.1 -8161.8 -8176.25 -8183.48 -8185.61 -8174.64 -8155.23 -8129.24 -8108.62 -8088.62 -8066.18 -8036.92 -7985.6 -7928.46 -7865.28 -7804.39 -7745.54 -7682.1 -7615.96 -7539.69 -7457.43 -7372.5 -7273.23 -7166.58 -7053.81 -6926.39 -6781.59 -6616.92 -6430.55 -6238.38 -6038.39 -5830.7 -5612.82 -5385.59 -5146.29 -4900.27 -4642.02 -4378 -4105.71 -3824.6 -3533.92 -3235.22 -2930.75 -2614.92 -2282.13 -1940.55 -1594.25 -1247.2 -894.274 -534.659 -168.388 199 
100 -257.906 -612.906 -967.89 -1321.13 -1665.16 -2000.5 -2332.89 -2651.77 -2956.37 -3240.28 -3517.52 -3785.71 -4047.12 -4301.49 -4549.41 -4790.27 -5026.5 -5256.44 -5479.9 -5688.31 -5881.23 -6061.3 -6232.58 -6389.33 -6539.81 -6680.62 -6814.85 -6935.97 -7047.53 -7152.01 -7248.4 -7340.69 -7437.5 -7519.24 -7592.37 -7663.28 -7722.89 -7779.91 -7834.12 -7878.67 -7920.07 -7967.56 -8013.05 -8057 -8103.74 -8146.32 -8178.41 -8202.1 -8224.35 -8239.34 -8245.67 -8241.46 -8221.24 -8199.19 -8173.47 -8150.86 -8123.28 -8097.34 -8060.51 -8012.81 -7964.1 -7906.07 -7849.46 -7791.3 -7720.1 -7643.14 -7566.02 -7481.16 -7384.99 -7283.71 -7181 -7069.69 -6938.57 -6793.24 -6633.28 -6464 -6279.34 -6082.9 -5878.34 -5660.19 -5430.45 -5196.34 -4956.61 -4707.1 -4442.6 -4170.71 -3895.85 -3609.59 -3313.23 -3005.68 -2685.45 -2352.07 -2003.25 -1645.52 -1281.64 -914.18 -544.54 -173.563 199 
100 -257.702 -614.585 -967.321 -1319.18 -1663.3 -1995.47 -2308.69 -2614.17 -2910 -3189.91 -3462.35 -3723.09 -3977.65 -4228.24 -4472.58 -4704.47 -4933.61 -5161.03 -5387.25 -5607.4 -5808.71 -5999.97 -6178.44 -6336.28 -6482.39 -6619.72 -6744.38 -6860.01 -6975.05 -7087.74 -7191.84 -7284.6 -7365.53 -7438.38 -7502.47 -7565.43 -7630.35 -7693.46 -7748.4 -7793.09 -7833.35 -7880.9 -7928.5 -7974.2 -8024.44 -8071.68 -8115.01 -8145.1 -8172.24 -8187.07 -8193.51 -8195.86 -8186.24 -8164.23 -8142.31 -8124.76 -8107.77 -8087.86 -8055.38 -8000.72 -7942.11 -7879.66 -7819.22 -7759.5 -7694.24 -7626.73 -7551.16 -7468.88 -7385.06 -7285.95 -7182.79 -7068.43 -6938.31 -6792.62 -6625.94 -6439.81 -6248.58 -6049.46 -5841.91 -5624.76 -5401.13 -5164.11 -4917.6 -4660.48 -4398.67 -4128.75 -3846.51 -3555.9 -3258.54 -2954.56 -2641.8 -2312.68 -1974.51 -1622.47 -1269.78 -910.547 -544.909 -173.767 199 
100 -261.499 -620.154 -978.809 -1335.98 -1683.03 -2022.29 -2357.69 -2679.36 -2987.3 -3275.26 -3556.27 -3830.2 -4097.91 -4357.29 -4612.81 -4861.74 -5100.1 -5330.63 -5554.7 -5766.32 -5962.65 -6144 -6315.78 -6474.78 -6628.71 -6773.99 -6908.92 -7027.26 -7136.84 -7238.79 -7331.55 -7418.39 -7508.89 -7586.35 -7660.03 -7731.62 -7790.43 -7846.16 -7899.99 -7944.69 -7984.34 -8032.13 -8077.15 -8121.2 -8166.81 -8207.21 -8239.56 -8263.49 -8286.6 -8303.01 -8309.13 -8305.34 -8284.75 -8260.09 -8233.1 -8209.7 -8179.14 -8149.65 -8111.16 -8056.81 -8003.36 -7941.8 -7882.62 -7822.01 -7750.69 -7674.65 -7596.99 -7512.06 -7414.57 -7310.9 -7202.14 -7083.22 -6944.36 -6792.98 -6629.33 -6456.61 -6268.95 -6070.89 -5864.08 -5646 -5416.88 -5183.51 -4947.07 -4700.54 -4436.76 -4165.25 -3888.43 -3601.2 -3303.51 -2995.63 -2678.77 -2347.76 -2003.17 -1649.5 -1289.39 -920.116 -548.303 -175.735 199 
100 -261.221 -621.867 -978.198 -1333.57 -1681.23 -2016.87 -2334.97 -2646.05 -2949.69 -3236.88 -3515.69 -3779.77 -4038.43 -4292.12 -4541.36 -4781.36 -5016.94 -5249.46 -5479.2 -5701.11 -5903.48 -6093.67 -6272 -6430.97 -6577.17 -6714.46 -6838.78 -6954.85 -7068.76 -7180.38 -7284.21 -7378.03 -7459.29 -7531.64 -7597.52 -7660.41 -7725.05 -7788.39 -7844.41 -7889.59 -7929.35 -7977.39 -8024.51 -8071.16 -8119.43 -8167.89 -8211.25 -8241.63 -8268.29 -8284.05 -8291.51 -8292.35 -8280.37 -8252.4 -8228.09 -8207.4 -8188.21 -8167.88 -8136.48 -8081.43 -8021.24 -7954.45 -7892.6 -7831.85 -7764.2 -7695.4 -7617.16 -7531.63 -7446.27 -7344.54 -7239.42 -7121.42 -6990.13 -6846.42 -6680.05 -6494.06 -6300.5 -6099.93 -5889.57 -5670.27 -5445.17 -5206.11 -4956.32 -4696.45 -4432.01 -4160.54 -3874.71 -3581.47 -3282.45 -2976.34 -2660.46 -2330.66 -1990.07 -1635.8 -1280.41 -917.795 -549.124 -176.092 199 
100 -263.506 -624.225 -984.945 -1343.22 -1689.89 -2031.41 -2367.83 -2690.77 -2999.64 -3290.95 -3572.54 -3845.5 -4112.05 -4368.76 -4623.37 -4872.62 -5113.19 -5345.41 -5570.97 -5784.84 -5984.62 -6168.46 -6342.25 -6502.61 -6658.31 -6806.38 -6943.49 -7061.26 -7169.23 -7268.62 -7361.73 -7447.59 -7535.98 -7610.79 -7684.05 -7754.46 -7811.14 -7863.8 -7915 -7958.66 -7995.82 -8041.2 -8084.53 -8127.03 -8169.47 -8209.07 -8240.75 -8262.65 -8285.5 -8301.66 -8307.17 -8307.39 -8294.29 -8274.65 -8252.28 -8233.51 -8205.82 -8179.61 -8142.42 -8085.92 -8030.5 -7969.87 -7908.39 -7843.58 -7771.04 -7698.42 -7624.34 -7543.72 -7451.67 -7348.49 -7238.74 -7118.7 -6979.52 -6823.51 -6655.44 -6477.98 -6286.49 -6084.59 -5873.88 -5653.34 -5423.31 -5189.05 -4950.49 -4703.65 -4440.66 -4167.93 -3890.37 -3603.42 -3305.79 -2997.26 -2678.87 -2346.03 -2001.16 -1649.83 -1291.47 -922.148 -549.477 -176.593 199 
100 -264.246 -628.492 -990.04 -1348.44 -1702.2 -2044.44 -2370.03 -2686.75 -2997.86 -3290.21 -3572 -3838.86 -4101.16 -4357.5 -4610.11 -4855.21 -5093.82 -5329.13 -5561.89 -5787.82 -5993.63 -6185.31 -6365.79 -6528.2 -6677.41 -6817.42 -6946.73 -7068.66 -7183.64 -7297.22 -7402.8 -7500.36 -7583.24 -7651.85 -7715.93 -7778.44 -7842.48 -7907.12 -7965.53 -8013.92 -8053.22 -8098.69 -8142.31 -8188.41 -8234.07 -8282.48 -8323.96 -8357.02 -8387.39 -8408.12 -8414.57 -8412.83 -8396.72 -8365.17 -8338.97 -8318.86 -8299.44 -8278.46 -8247.53 -8189.92 -8126.74 -8058.24 -7994.58 -7932.43 -7863.56 -7792.6 -7712.42 -7623.19 -7534.79 -7431.32 -7323.72 -7201.84 -7067.81 -6921.65 -6751.69 -6563.51 -6367 -6164.61 -5950.96 -5728.6 -5501.29 -5259.96 -5006.6 -4744.5 -4476.97 -4201.23 -3912.63 -3616.53 -3315 -3006.23 -2686.95 -2354.58 -2010.83 -1654.09 -1292.61 -926.67 -554.412 -178.91 199 
100 -266.65 -630.532 -994.415 -1355.67 -1706.21 -2050.43 -2387.19 -2710.04 -3021.42 -3317.07 -3601.84 -3877.72 -4144.46 -4400.35 -4655.21 -4906.62 -5150.96 -5387.33 -5615.06 -5832.78 -6036.87 -6224.55 -6398.08 -6555.3 -6711.4 -6862.98 -7003.66 -7127.66 -7241.28 -7343.52 -7439.66 -7528.96 -7618.6 -7693.66 -7766.75 -7837.93 -7896.67 -7950.14 -8002.78 -8046.77 -8083.46 -8126.54 -8169.35 -8211.41 -8251.12 -8288.85 -8322.37 -8347.38 -8373.06 -8391.23 -8394.08 -8390.69 -8375.82 -8353.12 -8331.85 -8313.83 -8288.55 -8262.09 -8227.1 -8166.54 -8106.03 -8042.32 -7977.4 -7909.49 -7835.66 -7761.74 -7687.2 -7607.42 -7517.78 -7412.2 -7299.84 -7176.76 -7037.04 -6879.21 -6707.56 -6527.22 -6333.01 -6127.71 -5914.14 -5691.52 -5458.57 -5221.58 -4979.18 -4729.91 -4465.42 -4189.67 -3909.42 -3620.86 -3321.5 -3013.64 -2694.68 -2361.27 -2015.31 -1661.37 -1300.84 -929.339 -554.347 -178.995 199 
100 -265.697 -631.394 -993.437 -1353.29 -1708.3 -2048.74 -2375.73 -2694.07 -3007.19 -3304.44 -3593.54 -3865.37 -4132.19 -4390.36 -4643.57 -4891.05 -5131.11 -5367.63 -5601.45 -5829.58 -6037.21 -6228.7 -6407.13 -6571.17 -6722.56 -6865.73 -6996.39 -7118.86 -7233.4 -7346 -7452.03 -7551.07 -7632.05 -7698.67 -7758.43 -7816.51 -7878.67 -7941.58 -7997.19 -8043.93 -8079.46 -8121.03 -8162.57 -8205.16 -8244.16 -8290.07 -8331.23 -8365.5 -8394.81 -8413.46 -8418.34 -8415.83 -8396.6 -8361.15 -8335.67 -8317.78 -8300.81 -8276.48 -8245.73 -8188.92 -8128.22 -8062.11 -8000.59 -7935.12 -7862.58 -7788.16 -7707.14 -7615.52 -7524.97 -7421.5 -7311.64 -7185.63 -7049.88 -6902.4 -6730.55 -6546.79 -6354.38 -6151.67 -5936.26 -5715.7 -5489.94 -5250.71 -4998.77 -4738.68 -4469.44 -4190.73 -3903.35 -3608.82 -3308.02 -2998.56 -2677.41 -2346.45 -2006.72 -1654.1 -1293.38 -928.318 -556.984 -180.381 199 
100 -268.82 -634.855 -1000.89 -1363.76 -1717.1 -2063.66 -2401.82 -2726.99 -3039.62 -3338.9 -3626 -3903.66 -4171.07 -4429 -4686.05 -4939.86 -5186.92 -5424.58 -5653.53 -5871.71 -6078.71 -6267.34 -6439.65 -6599.41 -6757.69 -6910.45 -7049.71 -7175.35 -7290.26 -7394.23 -7493.58 -7584.06 -7671.64 -7745.36 -7817.01 -7888.6 -7949.07 -8003.13 -8055.94 -8101.59 -8140.58 -8183.97 -8228.38 -8271.79 -8312.96 -8352.06 -8388.03 -8415.18 -8442.8 -8465.82 -8474.43 -8474.73 -8463.82 -8444.5 -8432.71 -8419.95 -8399.28 -8372.79 -8340.89 -8283.44 -8224.79 -8160.06 -8095.8 -8029.44 -7955.18 -7881.81 -7807.68 -7728 -7635.76 -7526.24 -7410.62 -7282.3 -7141.03 -6979.6 -6802.81 -6615.68 -6417.57 -6207.88 -5990.3 -5764.66 -5527.91 -5287 -5039.92 -4787.13 -4519.34 -4240.06 -3955.98 -3664.32 -3360.02 -3047.23 -2723.32 -2386.03 -2035.76 -1678.16 -1314.22 -939.62 -561.299 -182.255 199 
100 -267.504 -635.009 -997.944 -1357.08 -1712.94 -2055.22 -2385.18 -2706.27 -3025.17 -3331.03 -3627.38 -3903.96 -4176.04 -4437.59 -4693.89 -4946.62 -5191.88 -5432.89 -5670.94 -5902.68 -6112.88 -6304.96 -6484.81 -6651.05 -6804.77 -6951.32 -7083.83 -7207.79 -7323.66 -7435.7 -7544.16 -7643.09 -7726.37 -7796.71 -7859.25 -7918.85 -7983.01 -8047.13 -8102.77 -8151.01 -8187.7 -8229.66 -8272.82 -8316.28 -8355.32 -8402.33 -8442.29 -8475.37 -8501.83 -8519.56 -8525.77 -8524.69 -8502.84 -8468.89 -8447.44 -8431.49 -8417.09 -8392.24 -8356.47 -8296.68 -8234.95 -8168.85 -8107.69 -8045.26 -7975.21 -7900.29 -7819.07 -7726.16 -7633.4 -7530.2 -7419.51 -7292.67 -7155.26 -7006.6 -6833 -6648.69 -6453.66 -6246.06 -6027.21 -5803 -5572.29 -5330.8 -5078.02 -4814.43 -4539.8 -4255.38 -3963.58 -3664.9 -3360.31 -3045 -2719.49 -2383.57 -2036.41 -1678.12 -1310.16 -940.313 -564.852 -184.417 199 
100 -270.192 -637.539 -1004.89 -1368.17 -1722.92 -2071.44 -2410.2 -2736.86 -3049.77 -3352.21 -3640.95 -3919.03 -4186.12 -4445.36 -4703.81 -4959.25 -5208.39 -5446.48 -5675.06 -5894.89 -6103.59 -6297.03 -6471.8 -6634 -6793.6 -6946.76 -7084.64 -7209.13 -7323.04 -7431.35 -7536.64 -7633.01 -7722.95 -7800.58 -7874.97 -7947.47 -8009.26 -8063.04 -8113.17 -8155.84 -8193.59 -8234.76 -8276.56 -8315.54 -8351.42 -8389.04 -8424.13 -8450.06 -8475.63 -8495.06 -8501.74 -8499.91 -8491.02 -8475.53 -8466.79 -8455.3 -8436.99 -8411.4 -8382.73 -8328.14 -8269.63 -8203.31 -8137.56 -8069.39 -7994.87 -7920.94 -7846.32 -7765.11 -7673.96 -7562.61 -7442.38 -7309.26 -7163.49 -7001.89 -6822.37 -6635.16 -6435.25 -6223.22 -6003.6 -5776.86 -5540.37 -5300.93 -5054.14 -4802.18 -4535.61 -4253.53 -3967.59 -3677.21 -3375.77 -3062.79 -2736.23 -2396.81 -2044.84 -1686.01 -1320.45 -943.736 -564.153 -183.501 199 
100 -268.769 -637.081 -1000.88 -1361.8 -1718.58 -2062.19 -2394.34 -2717.45 -3037.63 -3346.69 -3645.82 -3927.25 -4204.05 -4470.45 -4728.67 -4983.04 -5229.81 -5472.29 -5711.03 -5943.5 -6155.98 -6348.4 -6529.82 -6697.8 -6853.21 -7001.19 -7136.46 -7261.46 -7378.92 -7491.5 -7601.33 -7700.23 -7783.17 -7853.88 -7917.37 -7977.72 -8043.36 -8107.95 -8163.69 -8212.6 -8248.84 -8290.77 -8331.52 -8372.35 -8408.91 -8452.55 -8489.67 -8521.13 -8543.88 -8560.18 -8565.48 -8562.78 -8538.48 -8507.21 -8487.55 -8473.42 -8457.82 -8431.51 -8393.67 -8334.7 -8270.77 -8204.31 -8142.49 -8077.87 -8004.28 -7926.28 -7844.46 -7749.28 -7654.01 -7549.73 -7438.78 -7310.4 -7170.74 -7022.31 -6848.85 -6663.53 -6464.08 -6255.23 -6038.39 -5815.85 -5583.75 -5342.52 -5092.92 -4831.29 -4558.02 -4273.31 -3982.16 -3684.87 -3379.88 -3062.74 -2734.97 -2398.62 -2049.03 -1687.59 -1317.73 -945.563 -568.251 -186.074 199 
100 -270.414 -637.925 -1005.42 -1367.98 -1723.08 -2071.67 -2410.67 -2737.14 -3049.65 -3353.92 -3643.45 -3920.99 -4186.58 -4445.96 -4704.68 -4960.16 -5210.21 -5448.12 -5675.39 -5895.77 -6104.77 -6299.38 -6473.05 -6635.91 -6795.2 -6948.15 -7084.88 -7208.18 -7321.85 -7428.54 -7534.41 -7631.48 -7717.94 -7795.57 -7870.22 -7941.5 -8006.1 -8061.58 -8113.57 -8155.36 -8193.84 -8233.15 -8273.53 -8311.39 -8347.51 -8384.43 -8420.35 -8446.86 -8470.86 -8489.83 -8496.53 -8493.67 -8481.87 -8466.28 -8455.61 -8444.39 -8425.41 -8403.44 -8377.79 -8324.35 -8264.35 -8198.36 -8132.05 -8063.95 -7989.61 -7916.26 -7842.99 -7761.92 -7671.65 -7566.51 -7446.27 -7313.36 -7167.45 -7006.87 -6826.79 -6640.6 -6441.36 -6228.67 -6008.62 -5781.55 -5545.02 -5305.96 -5058.43 -4804.76 -4535.3 -4250.23 -3960.88 -3667.82 -3364.31 -3050.03 -2720.28 -2380.57 -2031.05 -1676.11 -1312.74 -939.069 -562.879 -183.067 199 
100 -268.986 -636.848 -1000.75 -1362.42 -1719.16 -2062.93 -2393.96 -2717.99 -3038.22 -3346.68 -3641.97 -3921.6 -4196.11 -4460.32 -4716.15 -4970.85 -5218.35 -5461.3 -5699.63 -5931.62 -6144.65 -6336.34 -6518.02 -6684.27 -6840.01 -6988.17 -7125.6 -7250.88 -7368.58 -7480.57 -7590.73 -7689.09 -7769.2 -7843.25 -7909.28 -7968.79 -8034.7 -8098.55 -8153.69 -8199.08 -8232.16 -8270.92 -8308.09 -8345.86 -8382.51 -8422.8 -8459.85 -8491.07 -8515.55 -8534.4 -8541.34 -8539.79 -8518.21 -8490.83 -8470.66 -8457.1 -8441.06 -8412.57 -8370.64 -8311.25 -8249.31 -8184.1 -8122.86 -8059.86 -7987.48 -7910.01 -7829.08 -7733.93 -7638.78 -7538.39 -7432.19 -7308.5 -7171.3 -7022.84 -6849.36 -6664.35 -6464.31 -6258.84 -6045.7 -5826.6 -5597.12 -5356.68 -5108.56 -4848.64 -4575.12 -4289.03 -3997.61 -3700.93 -3396.86 -3080.93 -2754.69 -2415.7 -2063.34 -1700.87 -1329.79 -954.347 -573.744 -188.779 199 
100 -272.572 -642.373 -1009.91 -1370.77 -1726.02 -2076.72 -2418.27 -2746.57 -3060.83 -3368.32 -3660.7 -3940.17 -4206.7 -4468.24 -4729.27 -4987.89 -5243.47 -5486.22 -5717.6 -5943.51 -6155.81 -6353.15 -6527.44 -6692.56 -6853.64 -7008.65 -7146.37 -7270.91 -7384.74 -7493.54 -7604.42 -7705.7 -7791.52 -7871.02 -7947.38 -8020.28 -8086.26 -8140.81 -8191.45 -8233.52 -8274.87 -8313.22 -8351.54 -8387.18 -8423.07 -8458.02 -8492.94 -8519.59 -8540.73 -8558.6 -8564.86 -8560.24 -8545.89 -8528.87 -8518.53 -8504.86 -8483.66 -8463.32 -8435.77 -8382.05 -8319.64 -8253.12 -8185.64 -8119.03 -8050.21 -7979.53 -7908.69 -7826.35 -7732.66 -7625.44 -7500.61 -7366.31 -7219.19 -7053.96 -6869.87 -6680.98 -6481.14 -6267.14 -6046.26 -5817.66 -5580.52 -5341.01 -5094.51 -4842.59 -4574.17 -4288.35 -3997.46 -3703.42 -3399.34 -3085.46 -2755.85 -2414.68 -2062.22 -1703.13 -1335.27 -957.772 -576.282 -189.464 199 
100 -271.687 -641.707 -1008.16 -1372.81 -1732.35 -2076.29 -2407.74 -2732.47 -3051.98 -3362.75 -3659.29 -3939.72 -4217.06 -4486.43 -4744.3 -5001.53 -5252.57 -5498.46 -5738.82 -5972.76 -6188.6 -6382.45 -6567.41 -6736.72 -6895.51 -7046.3 -7187.77 -7316.09 -7436.78 -7551.29 -7663.94 -7766.12 -7849.65 -7925.74 -7993.23 -8055.48 -8123.51 -8190.62 -8248.06 -8293.49 -8325.5 -8361.17 -8396.55 -8433.09 -8467.02 -8503.78 -8541.37 -8572.76 -8596.09 -8614.99 -8623.21 -8619.67 -8598.33 -8572.7 -8557.13 -8547.25 -8533.12 -8508.27 -8468.08 -8411.21 -8353.17 -8290.17 -8229.04 -8167.22 -8095.17 -8018.05 -7936.83 -7841.45 -7745.49 -7645.38 -7540.98 -7416.67 -7278.55 -7131 -6958.1 -6773.22 -6572.77 -6367.02 -6154.25 -5934.11 -5705 -5464.02 -5215.79 -4955.9 -4678.54 -4386.66 -4089.23 -3786.77 -3476.35 -3154.06 -2821.78 -2476.32 -2117.84 -1747.11 -1367.24 -982.359 -591.878 -197.765 199 
100 -273.907 -645.21 -1014.46 -1374.87 -1728.78 -2077.62 -2417.75 -2747.52 -3062.85 -3372.7 -3667.18 -3948.57 -4216.93 -4479.8 -4742.36 -5002.32 -5258.79 -5502.2 -5734.73 -5962.37 -6175.52 -6374.51 -6550.45 -6716.9 -6879.23 -7035.47 -7175.93 -7299.6 -7414.72 -7525.01 -7633 -7732.38 -7815.8 -7893.45 -7969.29 -8043.02 -8106.38 -8158.54 -8203.38 -8239.96 -8279.37 -8317.78 -8356.46 -8392.08 -8426.13 -8459.1 -8491.7 -8520.59 -8541.01 -8559.86 -8567.95 -8563.61 -8550.35 -8535.46 -8527.22 -8515.66 -8497.72 -8480.84 -8453.9 -8399.88 -8338.01 -8272.74 -8206.24 -8140.45 -8073.35 -8004.86 -7935.51 -7855.47 -7763.12 -7658.2 -7534.93 -7403 -7256.94 -7093.66 -6913.33 -6725.83 -6527.53 -6315.03 -6097.53 -5870.2 -5634.79 -5396.08 -5149.85 -4897.35 -4628.67 -4341.65 -4048.59 -3749.84 -3443.64 -3126.4 -2792.04 -2446.31 -2090.25 -1727.09 -1353.28 -971.417 -585.468 -193.844 199 
100 -274.584 -647.094 -1016.26 -1383.66 -1743.36 -2088.82 -2423.44 -2752.02 -3070.94 -3381.19 -3679.88 -3966.21 -4247.22 -4518.61 -4776.32 -5032.61 -5281.33 -5524.69 -5762.36 -5995.3 -6210.37 -6404.63 -6589.48 -6757.25 -6914.08 -7061.75 -7201.92 -7330.72 -7449.04 -7560.68 -7671.04 -7772.71 -7857.43 -7935.62 -8002.72 -8065.59 -8132.94 -8200.35 -8257.13 -8301.79 -8333.63 -8369.24 -8403.83 -8439.56 -8473.42 -8505.97 -8540.85 -8568.1 -8583.97 -8601.14 -8610.85 -8604.76 -8584.02 -8560.29 -8544.55 -8534.29 -8518.99 -8500.47 -8464.83 -8413.45 -8359.6 -8300.18 -8240.66 -8180.7 -8108.83 -8032.58 -7951.36 -7856.23 -7758.77 -7656.11 -7549.45 -7423.67 -7281.91 -7130.8 -6957.14 -6772.21 -6572.36 -6366.16 -6153.93 -5932.89 -5703.77 -5462.52 -5214.35 -4956.68 -4679.21 -4387.26 -4089.82 -3787.29 -3476.62 -3155.68 -2823.22 -2476.94 -2118.82 -1748.79 -1369.12 -983.861 -592.197 -197.791 199 
100 -276.76 -651.113 -1023.69 -1386.08 -1743.07 -2094.11 -2437.06 -2769.9 -3088.27 -3400.17 -3698.84 -3983.55 -4254.48 -4518.17 -4780.88 -5040.76 -5296.08 -5539.04 -5771.45 -5998.87 -6212.03 -6411.41 -6587.74 -6754.12 -6916.19 -7071.99 -7210.41 -7333.84 -7448.91 -7560.16 -7666.88 -7760.48 -7837.18 -7906.08 -7970.36 -8037.6 -8096.68 -8145.62 -8191.83 -8227.32 -8263.69 -8299.87 -8337.87 -8373.24 -8407.39 -8438.73 -8469.75 -8499.13 -8518.03 -8536.41 -8544.03 -8540.05 -8526.45 -8512 -8504.24 -8494.37 -8480.38 -8467.76 -8441.68 -8388.51 -8325.98 -8260.21 -8193.44 -8127.78 -8060.57 -7992.74 -7923.48 -7843.92 -7751.82 -7647.57 -7524.92 -7393.17 -7246.97 -7083.77 -6903.27 -6715.26 -6516.55 -6305.09 -6087.86 -5862.72 -5630.54 -5394.11 -5151.58 -4897.96 -4628.49 -4341.95 -4048.58 -3749.59 -3443.02 -3125.22 -2792.62 -2447.28 -2092.13 -1728.91 -1353.91 -972.004 -585.561 -193.868 199 
100 -273.68 -642.494 -1007.62 -1371.58 -1727.65 -2070.43 -2404.29 -2734.34 -3054.53 -3364.38 -3658.24 -3942.88 -4223.04 -4492.92 -4749.87 -5005.73 -5256.74 -5502.75 -5745.26 -5981.48 -6197.89 -6392.38 -6576.57 -6747.2 -6907.11 -7056.56 -7199.46 -7331.15 -7448.89 -7559.66 -7667.37 -7767.11 -7851.49 -7928.81 -7993.02 -8055.74 -8121.08 -8187.54 -8242.53 -8285.22 -8315.55 -8349.69 -8383.54 -8418.87 -8451.95 -8481 -8513.64 -8539.88 -8553.27 -8570.5 -8583.37 -8576.01 -8556.64 -8535.96 -8522.32 -8510.59 -8494 -8474.44 -8437.28 -8387.9 -8336.29 -8278.23 -8217.63 -8157.76 -8086.11 -8010.04 -7928 -7829.57 -7728.64 -7625.64 -7518.45 -7390.21 -7246.72 -7091.66 -6917.07 -6730.83 -6531.12 -6323.48 -6110.5 -5887.8 -5657.99 -5416.86 -5170.83 -4917.72 -4643.17 -4354.92 -4062.42 -3763.21 -3454.37 -3136.16 -2806.05 -2460.87 -2104.21 -1734.01 -1354.36 -972.862 -584.744 -194.91 199 
100 -278.428 -654.677 -1029.34 -1394.92 -1756.73 -2111.81 -2459.16 -2795.79 -3116.01 -3428.51 -3729.05 -4016.16 -4288.43 -4553.34 -4817.81 -5079.35 -5335.88 -5580.52 -5812.65 -6038.4 -6249.09 -6446.33 -6624.26 -6792.32 -6955.95 -7112.57 -7251.35 -7376.21 -7492.87 -7605.61 -7714.4 -7808.35 -7885.33 -7954.36 -8015.1 -8081.62 -8137.75 -8185.57 -8229.81 -8265.49 -8302.08 -8336.52 -8371.29 -8405.77 -8438.17 -8466.95 -8495.22 -8523.7 -8540.35 -8556.71 -8563.27 -8559.05 -8543.76 -8528.17 -8519.59 -8508.85 -8491.9 -8476.39 -8448.64 -8396.1 -8334.12 -8268.26 -8200.22 -8133.75 -8062.31 -7990.8 -7915.96 -7831.87 -7736.47 -7628.8 -7508.82 -7378.78 -7234.81 -7075.43 -6896.68 -6709.83 -6513.59 -6305.13 -6090.1 -5865.54 -5632.71 -5394.74 -5150.95 -4895.33 -4623.7 -4336.18 -4042.32 -3744.29 -3439.1 -3119.37 -2787.2 -2442.78 -2088.04 -1722.53 -1346.12 -962.862 -576.421 -189.318 199 
100 -276.095 -647.053 -1014.38 -1380.71 -1738.95 -2084.64 -2421.19 -2753.35 -3075.79 -3387.18 -3683.78 -3970.83 -4253.46 -4524.59 -4784.39 -5042.41 -5296.15 -5545.18 -5792.71 -6033.73 -6256.52 -6459.72 -6647.99 -6822.99 -6990.79 -7147.63 -7295.5 -7430.51 -7550.71 -7663.54 -7770.54 -7867.51 -7950.78 -8025.78 -8086.27 -8144.49 -8205.27 -8268.6 -8320.05 -8360.35 -8388.68 -8421.23 -8454.66 -8489.93 -8521.89 -8547.99 -8577.42 -8603.08 -8613.74 -8627.14 -8638.28 -8629.22 -8614.02 -8599.83 -8589.23 -8578.34 -8561.09 -8541.51 -8503.88 -8456.49 -8404.83 -8346.53 -8285.61 -8226.7 -8154.75 -8077.3 -7991.29 -7893.66 -7793.42 -7688.97 -7579.14 -7448.52 -7303.9 -7145.39 -6970.29 -6782.08 -6579.72 -6367.99 -6151.53 -5924.83 -5691.65 -5445.63 -5196.34 -4939.86 -4664.14 -4373.95 -4078.01 -3775.13 -3462.73 -3140.92 -2807.19 -2461.86 -2104.95 -1737.7 -1357.97 -973.588 -584.152 -193.358 199 
100 -280.857 -659.79 -1037.04 -1404.99 -1767.96 -2122.52 -2469.04 -2805.18 -3125.21 -3437.96 -3741.69 -4032.93 -4309.03 -4576.75 -4843.65 -5107.31 -5365.82 -5615.94 -5853.34 -6084.08 -6300.55 -6503.74 -6688.65 -6861.96 -7028.24 -7188.24 -7332.42 -7462.83 -7583.73 -7698.75 -7811.03 -7905.8 -7984.39 -8056.08 -8119.8 -8187.75 -8244.45 -8292.51 -8338.86 -8378.95 -8417.98 -8456.44 -8494.03 -8531.29 -8565.41 -8595.87 -8628.73 -8662.02 -8683.65 -8701.3 -8709.62 -8707.92 -8696.36 -8683.22 -8677.46 -8669.58 -8656.37 -8643.87 -8618.52 -8567.87 -8505.13 -8436.62 -8367.97 -8302.04 -8228.62 -8157.38 -8081.81 -7993.57 -7896.58 -7786.12 -7664.08 -7530.27 -7384.11 -7221.74 -7041.9 -6853.95 -6657.11 -6447.68 -6227.38 -5996.02 -5757.42 -5515.27 -5267.58 -5008.14 -4732.03 -4441.73 -4144.23 -3840.74 -3529.56 -3202.65 -2862.16 -2506.27 -2141.81 -1766.9 -1382.41 -989.672 -593.722 -197.361 199 
100 -280.697 -655.95 -1026.68 -1395.69 -1758.29 -2109.27 -2451.16 -2787.67 -3114.39 -3429.24 -3730.89 -4022.49 -4309.79 -4584.42 -4849.23 -5111.58 -5369.99 -5624.46 -5876.59 -6124.74 -6352.81 -6560.36 -6753.56 -6932.88 -7103.72 -7262.54 -7412.56 -7550.04 -7672.21 -7786.39 -7895.01 -7992.72 -8076.86 -8153.56 -8216.82 -8274.9 -8334.13 -8395.13 -8444.95 -8484.99 -8513.55 -8545.99 -8581.25 -8618.76 -8654.59 -8683.45 -8714.37 -8743.52 -8757.17 -8769.57 -8776.9 -8767.4 -8754.47 -8740.76 -8729.1 -8716.09 -8696.77 -8674.28 -8637.97 -8594.39 -8543.97 -8482.01 -8420.36 -8361.66 -8289.73 -8211.76 -8121.61 -8023.05 -7923.02 -7819.41 -7711.21 -7579.77 -7432.74 -7269.82 -7090.16 -6897.7 -6692.32 -6477.8 -6259.72 -6031.48 -5795.49 -5544.04 -5290.69 -5028.14 -4748.69 -4456.03 -4155.51 -3848.54 -3531.89 -3205.77 -2866.57 -2516.98 -2152.84 -1778.56 -1391.84 -998.616 -599.886 -200.443 199 
100 -284.345 -667.041 -1047.47 -1419.37 -1784.78 -2142.83 -2491.27 -2830.36 -3154.3 -3472.6 -3781.17 -4076.33 -4356.01 -4626.94 -4895.22 -5159.2 -5417.75 -5670.56 -5914.37 -6151.23 -6373.74 -6584.99 -6776.36 -6956.36 -7129 -7291.09 -7436.68 -7568.66 -7692.85 -7811.21 -7927.67 -8024.53 -8105.94 -8180.49 -8247.77 -8315.22 -8371.81 -8420.89 -8467.63 -8507.7 -8544.2 -8581.29 -8618.43 -8654.47 -8687.9 -8717.93 -8747.88 -8778.55 -8798.56 -8812.97 -8818.26 -8814.27 -8800.65 -8785.31 -8777.33 -8765.1 -8747.53 -8732.44 -8705.3 -8656.41 -8594.56 -8526.41 -8459.02 -8394.25 -8318.3 -8242.55 -8162.14 -8070.18 -7968.93 -7853.54 -7729.14 -7591.14 -7441.35 -7277.72 -7099.29 -6908.93 -6708.94 -6499.45 -6277.32 -6043.22 -5802.28 -5557.39 -5303.87 -5038.69 -4757.5 -4465.51 -4165.93 -3859.22 -3545.38 -3216.83 -2874.37 -2517.85 -2152.41 -1775.26 -1391.05 -997.058 -598.435 -199.717 199 
100 -285.576 -665.591 -1041.31 -1415.19 -1782.4 -2135.8 -2480.29 -2819.79 -3148 -3463.64 -3767.88 -4061.46 -4350.18 -4626 -4890.21 -5151.31 -5408.56 -5663.5 -5917.59 -6165.14 -6393.73 -6596.97 -6789.38 -6969.62 -7142.16 -7303.88 -7456.29 -7596.43 -7720.75 -7836.67 -7944.61 -8041.55 -8131.3 -8211.59 -8275.99 -8335.1 -8396.69 -8458.17 -8510.7 -8555.02 -8588.2 -8620.39 -8657.27 -8696.22 -8732.91 -8761.98 -8789.92 -8816.79 -8828.06 -8837.13 -8841.17 -8830.69 -8816.67 -8803.43 -8790.79 -8776.28 -8755.55 -8731.21 -8693.64 -8652.41 -8598.33 -8534 -8473.02 -8413.54 -8341.76 -8264.81 -8174.56 -8075.77 -7975.55 -7870.33 -7757.26 -7628.12 -7484.61 -7321.36 -7142.01 -6948.87 -6743.88 -6525.75 -6302.84 -6072.25 -5833.87 -5580.64 -5326.33 -5064.43 -4789.64 -4498.77 -4196.61 -3889.01 -3570.53 -3240.14 -2896.21 -2542.24 -2174.25 -1798.54 -1408.6 -1010.25 -607.66 -204.33 199 
100 -291.082 -680.808 -1067.62 -1446.55 -1814.89 -2176.42 -2528 -2868.18 -3196.31 -3515.36 -3823.4 -4117.24 -4394.93 -4663.55 -4930.02 -5192.65 -5449.33 -5704.15 -5949.17 -6186.07 -6408.62 -6622.31 -6815.07 -6996.28 -7169.85 -7331.21 -7478.69 -7613.3 -7738.13 -7857.19 -7975.02 -8072.85 -8154.82 -8229.54 -8299.38 -8366.12 -8423.75 -8473.73 -8521.51 -8561.74 -8597.42 -8635.03 -8672.74 -8709.62 -8742.72 -8772.97 -8802.93 -8834.75 -8857.8 -8871.25 -8877.32 -8874.32 -8861.88 -8848.07 -8840.71 -8829.8 -8814.22 -8799.87 -8773.66 -8727.69 -8664.07 -8592.45 -8521.67 -8451.11 -8373.2 -8296.27 -8214.76 -8122.2 -8022.48 -7910.04 -7786.38 -7649.98 -7502.91 -7340.23 -7163.62 -6973.67 -6773.85 -6566.95 -6346.06 -6110.54 -5867.57 -5620.65 -5365.91 -5097.6 -4814.69 -4522.42 -4221.29 -3911.76 -3595.06 -3263.66 -2916.76 -2554.04 -2181.59 -1800.29 -1411.05 -1012 -608.336 -204.668 199 
100 -289.152 -670.247 -1046.77 -1421.31 -1787.8 -2142.43 -2487.76 -2828.58 -3156.56 -3474.94 -3781.28 -4075.59 -4364.43 -4640.17 -4905.35 -5166.8 -5424.47 -5680.58 -5933.97 -6180.04 -6407.69 -6611.25 -6806.77 -6990.77 -7164.24 -7324.85 -7475.38 -7613.68 -7735.83 -7849.29 -7954.27 -8050.42 -8141.26 -8219.85 -8284.98 -8343.97 -8406.62 -8467.25 -8519.72 -8563.83 -8598.48 -8628.06 -8665.03 -8703.81 -8739.49 -8767.12 -8795.18 -8821.13 -8835.81 -8847.57 -8853.9 -8845.75 -8835.42 -8826.85 -8814.92 -8801.9 -8784.58 -8762.82 -8725.68 -8686.89 -8633.32 -8568.58 -8509.9 -8451.13 -8381.34 -8306.38 -8219.11 -8121.83 -8021.39 -7916.43 -7801.55 -7673.36 -7528.89 -7367.82 -7193.05 -7004.34 -6805.84 -6592.22 -6367.76 -6132.58 -5888.23 -5632.2 -5375.62 -5110.38 -4835.12 -4542.17 -4237.58 -3927.7 -3608.23 -3269.59 -2918.61 -2561.06 -2189.12 -1811.13 -1418.09 -1017.07 -612.195 -206.598 199 
100 -290.761 -680.472 -1066.68 -1445.71 -1813.39 -2174.22 -2524.69 -2865.51 -3193.74 -3512.05 -3820.48 -4114.96 -4391.63 -4660.29 -4926.71 -5189.16 -5445.51 -5701.2 -5946.52 -6182.9 -6405.29 -6619.75 -6812.86 -6994.44 -7166.9 -7327.46 -7474.82 -7608.61 -7732.71 -7851.11 -7968.52 -8063.49 -8141.84 -8214.15 -8285.06 -8349.91 -8407.47 -8457.71 -8504.52 -8542.83 -8577.8 -8612.26 -8648.51 -8685.63 -8717.34 -8746.06 -8771.94 -8799.53 -8819.36 -8829.55 -8837.47 -8836.55 -8827.07 -8815.72 -8807.53 -8797.31 -8782.42 -8766.45 -8737.28 -8694.03 -8632.71 -8562 -8492.13 -8420.68 -8343.39 -8267 -8184.18 -8089.42 -7992.31 -7881.86 -7757.07 -7620 -7473.72 -7311.16 -7135.46 -6944.77 -6747.44 -6544.35 -6326.17 -6091.69 -5848.64 -5602.57 -5352.53 -5086.84 -4805.85 -4516.69 -4218.74 -3910.97 -3595.47 -3266.93 -2921.15 -2555.58 -2182.89 -1802.08 -1412 -1012.97 -608.977 -204.988 199 
100 -292.468 -677.347 -1057.39 -1434.6 -1803.69 -2162.36 -2511 -2856.02 -3186.31 -3507.61 -3817.5 -4115.36 -4406.99 -4685.11 -4953.86 -5218.05 -5479.04 -5737.59 -5991.35 -6237.44 -6463.66 -6669 -6868.53 -7056.12 -7232.3 -7395.44 -7547.21 -7685.44 -7808.91 -7922.43 -8026.68 -8124.28 -8218.16 -8299.45 -8365.41 -8424.41 -8487.36 -8545.58 -8590.05 -8627.91 -8659.08 -8686.94 -8723.11 -8761.5 -8796.21 -8821.9 -8849.45 -8874 -8889.59 -8900.13 -8904.98 -8895.91 -8883.09 -8879.11 -8872.24 -8862.59 -8847.8 -8826.72 -8789.74 -8753.57 -8699.86 -8638.84 -8582.56 -8524.67 -8456.32 -8383.21 -8297.23 -8201.66 -8099.9 -7994.83 -7877.9 -7749.03 -7604.38 -7443.15 -7267.54 -7078.55 -6879.05 -6663.15 -6435.18 -6193.52 -5941.35 -5682.24 -5423.01 -5158.59 -4887.91 -4595.69 -4289.44 -3974.6 -3650.62 -3309.29 -2958.19 -2596.58 -2219.21 -1835.59 -1438.9 -1033.48 -623.094 -212.047 199 
100 -296.738 -690.046 -1079.33 -1461.55 -1832.43 -2196.38 -2552.42 -2900.38 -3236.88 -3563.78 -3882.11 -4184.09 -4465.93 -4741.64 -5014.58 -5283.34 -5545.91 -5808.1 -6062.06 -6305.35 -6534.1 -6754.63 -6957.33 -7147.72 -7325.06 -7490.15 -7638.65 -7772.18 -7896.7 -8015.03 -8132.07 -8227.95 -8308.82 -8384.34 -8459.42 -8526.6 -8590.84 -8646.24 -8691.52 -8731.7 -8769.82 -8803.11 -8837.74 -8875.88 -8907.48 -8934.61 -8957.91 -8983.63 -9003.74 -9014.38 -9023.7 -9019.97 -9008.75 -8995.16 -8982.89 -8973.15 -8958.62 -8942.99 -8912.32 -8869.49 -8805.51 -8733.75 -8660.1 -8583.57 -8504.58 -8426.56 -8341.39 -8243.83 -8145.23 -8033.52 -7908.46 -7768.84 -7619.68 -7456.37 -7278.85 -7086.03 -6885.92 -6677.71 -6457.19 -6219.91 -5971.59 -5720.58 -5464.91 -5192.48 -4905.04 -4610.57 -4307.14 -3994.3 -3671.42 -3336.9 -2986.51 -2613.69 -2232.68 -1843.26 -1444.84 -1038.17 -625.78 -213.39 199 
100 -296.813 -685.826 -1070.47 -1451.28 -1824.13 -2187.93 -2540.98 -2890.64 -3224.14 -3549.7 -3864.28 -4166.02 -4461.47 -4743.52 -5016.81 -5284.73 -5550.06 -5813.7 -6071.44 -6321.75 -6549.3 -6755.69 -6957.51 -7149.51 -7329.52 -7497.92 -7655.15 -7796.37 -7920.96 -8035.62 -8141.82 -8239.97 -8334.69 -8415.81 -8484.13 -8547.55 -8614.29 -8675.24 -8721.69 -8760.25 -8793.57 -8821.62 -8853.61 -8890.39 -8921.4 -8942.62 -8967.4 -8987.01 -9006.98 -9022.22 -9032.24 -9029.19 -9018.79 -9014.21 -9008.55 -9003.19 -8991.48 -8968.44 -8930.36 -8896.27 -8843.05 -8782.27 -8725.59 -8666.5 -8598.02 -8524.1 -8440.22 -8344.72 -8237.59 -8126.58 -8003.72 -7871.33 -7723.95 -7561.11 -7382.18 -7191.74 -6991.82 -6774.72 -6544.58 -6300.45 -6044.07 -5778.69 -5511.82 -5238.31 -4954.84 -4653 -4344.46 -4025.61 -3698.12 -3352.19 -2996.48 -2629.18 -2247.56 -1858.12 -1456.66 -1046.84 -631.936 -216.468 199 
100 -299.074 -694.891 -1086.13 -1469.79 -1843.31 -2209.28 -2566.68 -2916.04 -3252.45 -3578.21 -3896.41 -4201.06 -4484.59 -4763.19 -5038.58 -5309.54 -5574.21 -5838.19 -6096.29 -6341.1 -6572.15 -6794.95 -7000.2 -7192.91 -7371.26 -7538.44 -7690.16 -7825.05 -7951.32 -8073.53 -8194.45 -8291.79 -8371.65 -8446.31 -8520.53 -8586.37 -8650.33 -8704.91 -8747.76 -8785.04 -8822.1 -8853.09 -8884.27 -8922.23 -8954.39 -8980.87 -9005.08 -9028.27 -9047.2 -9056.96 -9065.66 -9062.11 -9049.5 -9035.82 -9020.05 -9008.18 -8992.85 -8976.28 -8946.04 -8904.46 -8846.6 -8785.22 -8719.76 -8645.43 -8570.1 -8491.92 -8405.59 -8306.68 -8207.5 -8097.74 -7979.28 -7843.45 -7696.02 -7534.67 -7356.32 -7163.91 -6962.06 -6752.65 -6531.53 -6292.05 -6040.07 -5785.8 -5526.08 -5249.59 -4958.51 -4660.19 -4352.18 -4036.92 -3708.59 -3368.97 -3015.88 -2640.04 -2255.15 -1861.52 -1459.28 -1049.08 -633.259 -217.129 199 
100 -299.202 -690.507 -1077.84 -1459.64 -1835.03 -2200.99 -2557.07 -2909.6 -3244.61 -3572.3 -3886.81 -4191 -4488 -4772.08 -5047.88 -5317.56 -5585.28 -5851.99 -6111.78 -6363.93 -6594.85 -6806.48 -7013.4 -7208.64 -7390.13 -7560.48 -7718.13 -7860.33 -7988.43 -8106.7 -8215.67 -8311.84 -8402.64 -8480.22 -8547.6 -8609.87 -8676.73 -8736.12 -8782.68 -8819.34 -8852.1 -8880.16 -8908.04 -8944.15 -8972.04 -8990.07 -9012.43 -9029.51 -9048.21 -9062.83 -9072.79 -9071.94 -9060.11 -9055.71 -9049.99 -9043.21 -9030.74 -9007.14 -8969.93 -8935.12 -8877.4 -8813.99 -8753.32 -8692.25 -8624.94 -8551.51 -8467.02 -8371.67 -8263.22 -8149.94 -8025.23 -7891.99 -7742.05 -7575.14 -7393.51 -7201.78 -6999.34 -6780.84 -6551.03 -6308.49 -6054.77 -5790.99 -5520.32 -5243.01 -4956.4 -4655.27 -4345.5 -4026.96 -3699.89 -3353.4 -2995.64 -2630.38 -2249.96 -1859.76 -1459.43 -1048.93 -633.001 -217.001 199 
100 -298.934 -695.252 -1086.07 -1469.02 -1842.8 -2206.95 -2560.35 -2908.2 -3245.65 -3571.37 -3888.34 -4193.21 -4480.06 -4759.37 -5035.04 -5305.8 -5570.45 -5833.97 -6093.25 -6338.19 -6566.63 -6789.18 -6994.8 -7186.82 -7364.9 -7532.1 -7684 -7818.11 -7943.97 -8066.18 -8185.68 -8286.46 -8370.62 -8446.22 -8519.44 -8581.76 -8645.9 -8700.34 -8743.98 -8779.53 -8815.77 -8846.05 -8874.22 -8912.03 -8944.21 -8970.04 -8993.27 -9014.09 -9031.94 -9041.43 -9049.12 -9047.02 -9036.01 -9023.2 -9007.46 -8998.85 -8988.94 -8973.94 -8945.24 -8907.92 -8849.5 -8789.36 -8724.46 -8650.77 -8577.06 -8500.67 -8412.47 -8315.78 -8217.14 -8109.72 -7992.08 -7857.47 -7709.15 -7549.71 -7371.54 -7180.33 -6977.69 -6767.56 -6547.02 -6309.13 -6057.17 -5801.73 -5539.89 -5263.1 -4971.13 -4672.4 -4362.81 -4044.82 -3711.03 -3370.2 -3017.04 -2640.84 -2255.55 -1861.44 -1459.1 -1049.23 -633.539 -217.269 199 
100 -300.707 -693.539 -1082.56 -1464.72 -1841.77 -2210.07 -2568.36 -2923.19 -3262.13 -3593.36 -3911.57 -4217.79 -4515.13 -4800.85 -5078.01 -5348.76 -5617.98 -5886.8 -6147.78 -6400.08 -6632.51 -6845.67 -7053.55 -7250.02 -7432.64 -7606.45 -7766.82 -7908.9 -8038.11 -8156.91 -8269.37 -8368.81 -8464.09 -8541.57 -8610.02 -8673.64 -8740.13 -8797.36 -8841.98 -8879.15 -8913.38 -8943.74 -8970.64 -9007.23 -9035.46 -9054.41 -9075.93 -9092.59 -9111.69 -9128.26 -9141.53 -9146.46 -9138.98 -9139.33 -9141.41 -9138.71 -9129.82 -9107.42 -9072.5 -9037.22 -8979.68 -8916.52 -8854 -8791.75 -8726.47 -8655.49 -8571.71 -8478.1 -8371 -8257.89 -8133.79 -7998.52 -7846.97 -7680.83 -7496.56 -7303.51 -7098.1 -6874.73 -6642.92 -6396.94 -6140.03 -5875.54 -5603.76 -5324.83 -5036.84 -4734 -4420.03 -4098.14 -3764.87 -3413.17 -3049.69 -2680.42 -2294.92 -1897.09 -1488.77 -1070.31 -647.524 -224.262 199 
100 -300.994 -699.847 -1092.64 -1477.09 -1853.34 -2221.8 -2579.47 -2932.52 -3274.05 -3601.94 -3919.9 -4226.39 -4517.29 -4801.41 -5083.07 -5358.79 -5626.34 -5891.6 -6153.21 -6401.69 -6631.73 -6853.71 -7061.19 -7255.11 -7434.28 -7603.53 -7756.84 -7892.54 -8018.64 -8139.36 -8256.35 -8356.52 -8444.28 -8521.43 -8595.87 -8662.81 -8728.33 -8784.91 -8830.29 -8865.65 -8903.14 -8934.6 -8960.12 -8996.43 -9029.18 -9053.64 -9075.38 -9094 -9111.24 -9120.71 -9125.32 -9122.85 -9109.8 -9096.48 -9083.14 -9077.5 -9070.26 -9056.78 -9028.64 -8992.92 -8932.71 -8874.48 -8810.01 -8739.61 -8670.04 -8597.31 -8510.57 -8415.45 -8318.56 -8214.8 -8099.35 -7964.01 -7814.49 -7655.45 -7474.39 -7283.55 -7079.69 -6870.92 -6650.88 -6413.35 -6160.48 -5900.99 -5635.4 -5354.67 -5058.18 -4755.22 -4438.07 -4113.17 -3775.47 -3427.59 -3067.4 -2684.89 -2292.72 -1891.37 -1484.66 -1068.98 -646.948 -223.974 199 
100 -303.841 -699.01 -1090.79 -1476.1 -1856.55 -2228.25 -2590.56 -2947.89 -3290.2 -3623.64 -3946.03 -4256.19 -4555.66 -4844.07 -5124.31 -5397.04 -5666.65 -5936.17 -6196.61 -6448.42 -6681.45 -6893.39 -7098.18 -7293.94 -7476.53 -7652.9 -7813.73 -7955.11 -8084.32 -8202.85 -8316.31 -8415.43 -8510.85 -8586.37 -8656.68 -8721.11 -8785.33 -8842.2 -8886.71 -8923.36 -8958.12 -8989.78 -9015.43 -9051.91 -9083.01 -9104.84 -9127.46 -9142.87 -9158.2 -9172.16 -9183.24 -9186.51 -9182.3 -9182.17 -9184.5 -9183.8 -9178.5 -9159.83 -9133.18 -9098.42 -9041.86 -8981.31 -8918.58 -8857.81 -8794.13 -8724.16 -8639.39 -8546.95 -8440.25 -8328.8 -8209.6 -8076.9 -7926.41 -7760.53 -7574.47 -7379.19 -7171.29 -6944.74 -6706.46 -6452.38 -6193.13 -5926.47 -5651.84 -5369.93 -5079.36 -4775.26 -4460.5 -4137.46 -3799.93 -3444.96 -3075.76 -2700.82 -2311.63 -1910.8 -1499.01 -1077.59 -652.583 -226.791 199 
100 -308.35 -714.901 -1115.54 -1506.58 -1890.84 -2266.79 -2631.29 -2992.02 -3342.07 -3672.27 -3990.37 -4297.7 -4590.12 -4872.83 -5155.54 -5432.85 -5701.12 -5967.58 -6229.87 -6480.76 -6712.37 -6934.08 -7143.15 -7337.7 -7519.4 -7690.26 -7844.31 -7981.32 -8109.31 -8231.16 -8347.66 -8449.27 -8540.53 -8618.67 -8693.07 -8762.81 -8830.67 -8886.26 -8929.49 -8964.1 -9001.75 -9033.89 -9062.63 -9098.62 -9128.28 -9150.61 -9170.69 -9187.57 -9204.56 -9213.69 -9219.84 -9219.01 -9208.42 -9192.61 -9178.25 -9172.38 -9164.32 -9148.72 -9120.37 -9084.18 -9023.86 -8966.39 -8901.55 -8831.32 -8762.17 -8689.6 -8600.4 -8502.24 -8403.56 -8299.35 -8183.01 -8046.28 -7895.09 -7736.26 -7554.33 -7358.79 -7150.63 -6934.47 -6706.23 -6462.71 -6205.79 -5941.9 -5672.29 -5389.99 -5091.29 -4784.71 -4465.83 -4135.69 -3793.72 -3442.01 -3077.37 -2694.24 -2301.41 -1900.63 -1496.06 -1080.51 -655.612 -228.306 199 
100 -307.363 -706.322 -1101.26 -1490.42 -1874.42 -2250.89 -2617.98 -2975.13 -3320.68 -3654.96 -3978.81 -4291.41 -4590.64 -4879.34 -5160.43 -5433.62 -5704.06 -5974.5 -6233.96 -6485.92 -6720.59 -6935.56 -7143.53 -7341.28 -7522.64 -7700.85 -7863.16 -8004.63 -8134.43 -8253.2 -8366.76 -8467.5 -8559.19 -8629.94 -8699.7 -8765.12 -8829.18 -8886.62 -8932.34 -8969.67 -9006.55 -9042.63 -9071.31 -9110.29 -9140.22 -9159.54 -9179.81 -9195.87 -9211.01 -9226.86 -9237.73 -9238.44 -9234.05 -9231.24 -9230.37 -9228.25 -9220.7 -9201.83 -9175.75 -9137.82 -9080.18 -9018.52 -8950.29 -8886.12 -8822.48 -8753.56 -8668.44 -8575.83 -8468.83 -8357.3 -8235.6 -8101.9 -7949.83 -7781.35 -7597.19 -7407.49 -7200.52 -6973.55 -6734.68 -6478 -6216.66 -5948.64 -5673.42 -5389.6 -5096.41 -4790.72 -4474.29 -4149.95 -3811.46 -3456.23 -3087.72 -2712.79 -2319.94 -1916.3 -1501.8 -1081 -656.121 -228.89 199 
100 -309.402 -717.342 -1118.63 -1508.34 -1891.1 -2266.31 -2629.99 -2992.2 -3343.89 -3674.41 -3993.32 -4299.96 -4593.56 -4877.32 -5161.08 -5439.58 -5708.8 -5976.03 -6240.19 -6493.88 -6726.6 -6950.32 -7160.78 -7355.85 -7539.8 -7712.06 -7866.38 -8004.22 -8136.04 -8261.24 -8376.86 -8480.13 -8574.51 -8653.73 -8727.26 -8797.2 -8863.48 -8921.28 -8965.28 -9002.52 -9040.55 -9074.45 -9106.37 -9146.51 -9181.38 -9205.83 -9226.25 -9238.82 -9252.27 -9262.24 -9269.09 -9267.81 -9258.21 -9242.87 -9230.63 -9227.6 -9221.07 -9205.43 -9176.46 -9138.29 -9079.01 -9021.45 -8954.96 -8887 -8820.58 -8751.14 -8662.44 -8562.78 -8461.3 -8352.42 -8234.72 -8097.66 -7947.28 -7786.5 -7601.2 -7400.5 -7192.01 -6973.57 -6742.62 -6498.07 -6239.74 -5974.09 -5702.52 -5417.8 -5116.03 -4803.92 -4483.52 -4149.48 -3804.92 -3454.38 -3089.63 -2705.22 -2311.4 -1908.65 -1502.51 -1084.9 -659.351 -230.176 199 
100 -310.109 -712.301 -1107.31 -1496.96 -1881.42 -2258.59 -2627.95 -2987.1 -3336.3 -3672.72 -3999.76 -4316.71 -4618.63 -4910.05 -5194.26 -5470.21 -5743.78 -6017.29 -6278.2 -6532.65 -6770.67 -6988.1 -7198.46 -7397.79 -7581.2 -7760.18 -7923.2 -8066.35 -8198.9 -8320.49 -8435.3 -8539.88 -8630.17 -8700.82 -8771.04 -8838.9 -8904.94 -8965.9 -9013.96 -9054.02 -9094.35 -9132.88 -9164.62 -9206.57 -9239.27 -9261.18 -9282.73 -9301.26 -9317.75 -9335.99 -9350.48 -9350.51 -9347.61 -9348.09 -9349.68 -9351.57 -9346.72 -9329.24 -9301.97 -9260.97 -9200.04 -9134.35 -9063.16 -8998.35 -8932.04 -8857.13 -8765.42 -8667 -8554.25 -8437.21 -8312.37 -8176.06 -8020.3 -7849.43 -7665.95 -7479.24 -7271.92 -7040.73 -6797.94 -6538.26 -6274.2 -6001.89 -5721.53 -5432.56 -5133.22 -4822.9 -4504.07 -4178.16 -3837.45 -3481.81 -3110.47 -2732.3 -2337.15 -1929.36 -1512.24 -1088.61 -660.917 -231.61 199 
100 -311.295 -721.449 -1124.37 -1519.59 -1907.23 -2287.69 -2656.04 -3023.5 -3380.24 -3714.87 -4038.84 -4349.45 -4648.71 -4937.72 -5226.3 -5509.69 -5783.65 -6055.42 -6324.83 -6584.15 -6823.1 -7052.39 -7269.88 -7470.59 -7662.24 -7839.8 -7998.1 -8138.78 -8272.47 -8398.91 -8514.52 -8620.21 -8715.71 -8795.71 -8871.29 -8941.59 -9007.42 -9067.89 -9113.79 -9151.93 -9190.47 -9224.5 -9257.97 -9297.78 -9333.13 -9356.63 -9376.06 -9387.83 -9403 -9415.11 -9423.51 -9425.65 -9419.41 -9406.39 -9395.42 -9391.93 -9384.95 -9365.52 -9333.92 -9291.44 -9231.35 -9170.41 -9101.68 -9029.83 -8959.65 -8889.02 -8801.13 -8700.39 -8594.36 -8480.89 -8360.26 -8220.03 -8065.15 -7900.48 -7708.52 -7500.86 -7285.95 -7060.19 -6824.77 -6576.76 -6314.47 -6044.88 -5766.99 -5476.52 -5171.85 -4854.93 -4530.69 -4190.66 -3842.12 -3488.61 -3119.17 -2730.88 -2334.14 -1927.39 -1517.26 -1095.71 -667.254 -234.127 199 
100 -314.707 -723.618 -1125.63 -1520.83 -1908.69 -2292.43 -2671.78 -3039.75 -3399.03 -3744.56 -4080.75 -4408.5 -4720.07 -5020.7 -5314.37 -5599.88 -5883.15 -6165.24 -6434.1 -6692.86 -6933.97 -7158.56 -7376.85 -7586.3 -7777.14 -7962.64 -8133.57 -8283.04 -8418.92 -8544.48 -8661.08 -8771.81 -8864.58 -8941.72 -9016.25 -9087.05 -9155.99 -9220.76 -9268.73 -9309.46 -9351.53 -9387.54 -9417.88 -9456.86 -9487.67 -9507.13 -9524.8 -9540.66 -9554.21 -9570.08 -9582.25 -9580.68 -9576.21 -9573.89 -9573.17 -9569.63 -9556.88 -9533.4 -9502.22 -9456.27 -9389.08 -9319.14 -9243.13 -9172.03 -9099.83 -9019.34 -8922.69 -8818.86 -8701.08 -8579.3 -8449.77 -8308.87 -8148.41 -7970.34 -7780.78 -7590.1 -7378.62 -7141.58 -6892.41 -6627.76 -6358.79 -6083.04 -5796.64 -5499.89 -5193.09 -4877.65 -4554.21 -4223.07 -3877.27 -3518.3 -3141.93 -2758.26 -2359.15 -1948.09 -1528.99 -1102.72 -670.134 -236.51 199 
100 -319.013 -733.516 -1141.97 -1543.59 -1937.45 -2326.02 -2706.21 -3085.52 -3454.77 -3800.71 -4136.94 -4458.55 -4770.46 -5069.94 -5366.45 -5655.15 -5938.04 -6217.25 -6492.62 -6759.52 -7006.13 -7242.36 -7466.03 -7673.76 -7875.17 -8060.99 -8227.6 -8376.73 -8516.82 -8648.44 -8768.28 -8880.44 -8981.14 -9066.7 -9147.15 -9218.96 -9286.04 -9349.07 -9395.81 -9433 -9470.65 -9503.83 -9535.28 -9570.94 -9605.03 -9625.83 -9642.06 -9648.64 -9660.99 -9670.38 -9675.31 -9674.99 -9665.7 -9650.28 -9637.58 -9631.64 -9622.09 -9601.14 -9570.35 -9523.97 -9464.54 -9394.51 -9321.07 -9246.49 -9174.87 -9101.77 -9009.64 -8902.96 -8789.34 -8666.7 -8539.25 -8392.25 -8228.68 -8057.41 -7861.6 -7649.09 -7428.37 -7195.52 -6952.76 -6698.69 -6431.24 -6155.89 -5872.65 -5577.38 -5267.77 -4944.36 -4614.31 -4266.5 -3912.42 -3553.83 -3178.79 -2784.35 -2382.7 -1969.8 -1550.88 -1120.72 -684.48 -242.74 199 
100 -317.496 -729.579 -1136.11 -1536.54 -1929.96 -2318.6 -2698.28 -3067.04 -3428.89 -3778.04 -4117.23 -4448.43 -4763.43 -5066.44 -5362.58 -5651.72 -5938.16 -6221.87 -6492.86 -6753.94 -6997.44 -7226.06 -7449.76 -7665.4 -7861.52 -8048.98 -8224.29 -8376.82 -8515.5 -8644.42 -8763.33 -8878.84 -8974.12 -9054.18 -9128.33 -9198.86 -9267.51 -9332.26 -9379 -9420.41 -9464.17 -9499.94 -9531.87 -9571.08 -9600.77 -9616.77 -9630.54 -9644.29 -9656.08 -9671.92 -9683.14 -9682.78 -9677.3 -9670.47 -9665.23 -9658.28 -9641.54 -9615.85 -9580.05 -9530.62 -9464.22 -9396.42 -9324.89 -9257.62 -9187.66 -9108.48 -9015.18 -8911.06 -8793.73 -8669.67 -8537.8 -8394.46 -8231.21 -8049.31 -7857.18 -7663.92 -7450.56 -7213.74 -6963.15 -6698.33 -6429.58 -6152.43 -5862.96 -5566.4 -5259.33 -4941.53 -4615.49 -4279.29 -3929.36 -3566.41 -3184.48 -2797.7 -2393.53 -1976.15 -1551.33 -1118.99 -680.81 -242.103 199 
100 -324.656 -744.587 -1158.29 -1563.78 -1960.7 -2351.77 -2734.93 -3117.02 -3489.7 -3837.97 -4177.22 -4501.02 -4816.51 -5118.98 -5418.49 -5710.07 -5995.74 -6277.86 -6554.27 -6820.42 -7065.73 -7299.71 -7522.55 -7728.89 -7927.72 -8111.41 -8275.05 -8424.92 -8563.92 -8691.71 -8809.63 -8921.22 -9020.47 -9105.66 -9184.44 -9253.8 -9316.89 -9376.87 -9422.91 -9459.23 -9495.67 -9527.56 -9558.77 -9592.85 -9628.06 -9648.95 -9664.73 -9671.77 -9683.87 -9694.57 -9698.39 -9698.74 -9689.3 -9673.75 -9662.24 -9656.01 -9646.4 -9626.33 -9593.95 -9543.32 -9484.97 -9413.96 -9340.36 -9267.67 -9196.21 -9122.99 -9031.81 -8928.11 -8818.87 -8698.67 -8573.15 -8426.56 -8256.5 -8081.36 -7887.02 -7674.47 -7453.8 -7221.93 -6978.74 -6723.63 -6458.6 -6185.32 -5900.8 -5605.3 -5297.31 -4973.56 -4643.15 -4294.19 -3938.56 -3576.55 -3199.27 -2801.83 -2398.57 -1984.85 -1562.54 -1129.32 -690.122 -245.805 199 
100 -322.883 -740.664 -1154.3 -1560.53 -1959.07 -2352.36 -2734.52 -3105.93 -3467.17 -3816.33 -4155.58 -4486.67 -4801.69 -5106.7 -5404.88 -5696.44 -5982.91 -6264.92 -6534.84 -6795.09 -7040.42 -7268.95 -7491.89 -7707.1 -7902.98 -8086.45 -8256.6 -8402.67 -8538.47 -8669.91 -8794.37 -8914.68 -9011.42 -9091.84 -9165.64 -9234.99 -9302.93 -9366.25 -9412.8 -9455.01 -9498.71 -9533.88 -9563.7 -9597.83 -9626.54 -9641.64 -9652.29 -9662.68 -9673.05 -9687.9 -9699.05 -9697.98 -9690.03 -9682.1 -9675.81 -9668.81 -9650.62 -9626.14 -9591.13 -9538.99 -9475.25 -9410.19 -9344.96 -9285.05 -9218.99 -9143.22 -9047.19 -8943.1 -8826.98 -8703 -8570.66 -8427.38 -8263.86 -8079.97 -7887.98 -7694.66 -7479.56 -7244.34 -6995.34 -6733.21 -6467.27 -6194.23 -5906.62 -5608.25 -5298.45 -4978.21 -4651.42 -4315.08 -3966.9 -3604.75 -3225.27 -2835.14 -2424.61 -2004.72 -1577.69 -1139.1 -694.95 -250.68 199 
100 -326.657 -748.534 -1163.87 -1571.21 -1970.91 -2363.8 -2749.2 -3133.42 -3508.07 -3858.85 -4199.25 -4525.01 -4843.33 -5151.28 -5454.8 -5748.87 -6036.67 -6321.12 -6599.25 -6868.77 -7118.53 -7355.11 -7579.39 -7786.18 -7982.18 -8163.9 -8325.82 -8478.27 -8618.22 -8744.53 -8863.42 -8975.79 -9075.63 -9162.25 -9241.09 -9310.89 -9372.69 -9430.77 -9477.46 -9511.36 -9542.93 -9572.72 -9603.02 -9635.23 -9669.76 -9690.77 -9705.85 -9711.9 -9721.58 -9729.45 -9731.85 -9731.08 -9725.91 -9716.27 -9709.09 -9705.19 -9700.44 -9686.43 -9657.12 -9606.93 -9551.36 -9478.98 -9404.75 -9333.03 -9260.64 -9185.72 -9094.8 -8989.97 -8879.35 -8758 -8631.5 -8485.25 -8314.61 -8138.38 -7944.84 -7732.16 -7512.41 -7284.67 -7039.87 -6783.65 -6518.5 -6243.81 -5958.16 -5663.9 -5358.26 -5035.62 -4702.98 -4350.2 -3990.83 -3623.99 -3242.92 -2841.97 -2433.75 -2017.85 -1589.83 -1148.87 -702.843 -252.438 199 
100 -326.889 -748.9 -1168.23 -1578.7 -1981.04 -2379.14 -2764.76 -3142.38 -3505.27 -3857.41 -4200.9 -4536.22 -4855.7 -5164.03 -5464.9 -5761.25 -6052.34 -6337.04 -6609.93 -6874.2 -7122.71 -7348.82 -7569.61 -7783.97 -7985.36 -8172.47 -8345.47 -8492 -8628.59 -8761.32 -8887.68 -9008.92 -9106.84 -9190.54 -9265.46 -9335.42 -9403.68 -9465.88 -9511.93 -9553.83 -9595.56 -9632.21 -9665.84 -9701.62 -9731.46 -9746.92 -9760.44 -9771.62 -9785.43 -9800.66 -9811.9 -9812.46 -9805.22 -9797.18 -9790.99 -9785.22 -9767.62 -9743.48 -9710.55 -9659.37 -9600.19 -9534.26 -9468.91 -9409.34 -9339.77 -9260.3 -9159.38 -9050.99 -8932.94 -8808.24 -8674.68 -8527.23 -8358.87 -8168.48 -7972.25 -7774.18 -7553.09 -7316.21 -7065.3 -6801.06 -6533.51 -6259.96 -5969.87 -5670.45 -5359.24 -5035.79 -4700.14 -4355.59 -4001.36 -3636.11 -3252.13 -2854 -2440.94 -2018.97 -1586.95 -1146.51 -701.042 -254.566 199 
100 -327.353 -750.637 -1169.49 -1580.59 -1985 -2382.05 -2771.59 -3159.94 -3537.97 -3891.99 -4236.11 -4566.78 -4889.71 -5202.03 -5509.19 -5807.99 -6099.9 -6388.76 -6669.85 -6943.24 -7196.03 -7434.59 -7660.31 -7869.8 -8067.08 -8249.94 -8412.75 -8565.84 -8707.69 -8835.32 -8955.13 -9066.89 -9165.93 -9253.97 -9331.1 -9401.8 -9461.25 -9520.1 -9567.86 -9602.31 -9633.91 -9662.93 -9694.26 -9727.12 -9762.08 -9785 -9800.81 -9807.75 -9817.6 -9825.61 -9828.71 -9829.25 -9825.08 -9817.66 -9812.05 -9809.98 -9806.64 -9794.72 -9770.84 -9727.11 -9676 -9601.95 -9527.17 -9456.91 -9382.74 -9306.04 -9213.43 -9104.75 -8989.48 -8866.57 -8735.94 -8585.23 -8410.85 -8229.22 -8033.38 -7820.28 -7599.32 -7370.92 -7125.71 -6865.25 -6595.42 -6315.35 -6023.98 -5726.09 -5415.67 -5088.63 -4749.71 -4393.21 -4029.25 -3657.79 -3274.74 -2872.77 -2460.85 -2040.79 -1609.34 -1163.17 -712.299 -257.077 199 
100 -326.246 -747.746 -1167.89 -1580.55 -1985.31 -2386.1 -2774.31 -3147.81 -3508.41 -3859.79 -4205.32 -4543.18 -4865.12 -5176.04 -5479 -5777.98 -6072.26 -6361.02 -6638.17 -6907.39 -7158.94 -7383.86 -7600.72 -7810.06 -8008.96 -8194.35 -8366.14 -8512.67 -8646.72 -8775.91 -8899.68 -9018.13 -9118.62 -9205.79 -9282.36 -9350.83 -9418 -9477.8 -9522.34 -9564.31 -9605.73 -9641.06 -9673.58 -9707.28 -9736.68 -9751.13 -9764.18 -9774.55 -9788.85 -9803.24 -9812.74 -9813.56 -9808.8 -9801.52 -9796.89 -9788.36 -9766.93 -9739.77 -9706.95 -9654.27 -9595.98 -9530.15 -9467.04 -9407.52 -9337.89 -9256.53 -9153.95 -9045.36 -8926.97 -8804.37 -8673.08 -8529.03 -8361.32 -8168.96 -7970.69 -7768.48 -7541.92 -7300.77 -7049.27 -6784.01 -6515.95 -6241.71 -5951.48 -5652.11 -5340.38 -5016.51 -4678.79 -4334.33 -3979.7 -3615.06 -3230.8 -2832.79 -2421.67 -2003.22 -1574.96 -1139.35 -696.511 -252.62 199 
100 -327.086 -748.014 -1163.97 -1572.27 -1974.61 -2371.61 -2761.26 -3149.27 -3527.83 -3885.45 -4232.19 -4563.89 -4889.33 -5204.76 -5511.61 -5812.18 -6105.06 -6392.2 -6669.77 -6941.36 -7193.06 -7429.64 -7657.81 -7869.51 -8066.42 -8248.28 -8411 -8564.12 -8709.06 -8840.45 -8962.73 -9072.23 -9169.83 -9259.45 -9334.88 -9403.77 -9461.63 -9519.97 -9567.37 -9601.53 -9632.04 -9660.12 -9690.84 -9726.37 -9764.39 -9788.94 -9804.57 -9808.77 -9815.3 -9820.15 -9820.08 -9817.39 -9810.87 -9803.03 -9797.4 -9796.61 -9793.51 -9782.04 -9758.46 -9717.96 -9669.15 -9595.73 -9522.83 -9450.02 -9373.56 -9294.42 -9202.14 -9095.14 -8980.04 -8857.36 -8727.02 -8575.97 -8403.42 -8220.6 -8026.32 -7815.18 -7594.82 -7366.45 -7122.58 -6861.65 -6594.73 -6316.23 -6027.32 -5729.97 -5418.54 -5091.32 -4751.45 -4396.84 -4033.65 -3664.23 -3281.55 -2878.94 -2464.79 -2042.8 -1609.63 -1162.9 -712.1 -256.891 199 
100 -329.449 -754.186 -1178.29 -1594.24 -2001.97 -2403.29 -2792.39 -3165.05 -3526.02 -3877.49 -4223.62 -4563.3 -4888.73 -5200.16 -5503.17 -5801.94 -6094.54 -6379.81 -6658.02 -6930.06 -7182.38 -7407.29 -7621.24 -7830.99 -8029.62 -8209.99 -8376.33 -8521.84 -8656.52 -8786.34 -8910.96 -9025.18 -9122.13 -9206.74 -9283.22 -9348.4 -9413.2 -9468.13 -9509.76 -9549.32 -9590.32 -9626.32 -9656.87 -9689.91 -9719.71 -9734.24 -9747.76 -9758.2 -9772.67 -9786.65 -9794.15 -9791.73 -9786.63 -9778.83 -9773.75 -9764.8 -9743.18 -9716.16 -9685.47 -9636.55 -9582.35 -9518.31 -9458.06 -9398.71 -9333.74 -9255.4 -9156.77 -9049.41 -8931.41 -8806.24 -8672.15 -8527.49 -8358.48 -8168.47 -7973.88 -7772.27 -7544.93 -7302.97 -7051.16 -6786.42 -6518.68 -6246.71 -5958.57 -5659.46 -5347.93 -5024.56 -4686.03 -4341.35 -3986.04 -3619.82 -3233.58 -2833.54 -2422.07 -2002.29 -1574.6 -1138.11 -695.052 -251.643 199 
100 -327.019 -748.196 -1164.24 -1573.02 -1974.66 -2369.65 -2761.51 -3149.08 -3526.79 -3885.42 -4231.93 -4564.94 -4890.95 -5206.89 -5510.78 -5808.15 -6101.36 -6388 -6666.37 -6938.86 -7193.92 -7431.11 -7659.83 -7872.99 -8069.7 -8248.4 -8412.07 -8565.42 -8708.65 -8841.7 -8967.18 -9077.63 -9173.49 -9263.35 -9337.73 -9403.46 -9461.23 -9518.48 -9567.58 -9604.41 -9636.7 -9667.49 -9696.04 -9728.47 -9763.71 -9788.67 -9804.12 -9808.77 -9814.79 -9818.74 -9818.05 -9810.5 -9803.68 -9797.4 -9793.17 -9795.8 -9793.19 -9784.91 -9766.85 -9733.82 -9686.5 -9614.4 -9543.27 -9471.32 -9397.79 -9321.43 -9232.56 -9130.43 -9018.31 -8894.97 -8764.04 -8612.53 -8441.5 -8257.36 -8064.27 -7851.83 -7630.3 -7399.11 -7154.45 -6893.73 -6624.22 -6341.38 -6049.08 -5746.97 -5431.17 -5101.58 -4759.1 -4406.09 -4043.7 -3674.2 -3291.8 -2890.48 -2477.15 -2056.15 -1621.6 -1171.55 -717.91 -259.491 199 
100 -329.405 -754.026 -1178.65 -1597.28 -2007.97 -2412.11 -2804.72 -3180.24 -3543.5 -3897.96 -4247.39 -4589.3 -4917.79 -5232.24 -5537.59 -5839.7 -6136.02 -6421.35 -6699.33 -6970.8 -7224.72 -7452.63 -7669.48 -7883.14 -8084.29 -8269.17 -8436.26 -8583.67 -8718.7 -8849.19 -8974.67 -9092.56 -9195.61 -9284.74 -9369.79 -9438.38 -9505.01 -9559.73 -9604.66 -9646.61 -9690.01 -9729.23 -9760.62 -9795.74 -9827.02 -9845.68 -9861.32 -9875.61 -9892.23 -9907.55 -9913.65 -9909.91 -9904.82 -9896.41 -9891.46 -9881.3 -9859.02 -9832.34 -9808.55 -9770.64 -9727.55 -9670.18 -9616.31 -9561.09 -9501.27 -9421.99 -9324.75 -9217.17 -9102.79 -8979.28 -8845.02 -8701.33 -8528.38 -8334.85 -8137.93 -7932.65 -7700.93 -7456.22 -7201.52 -6937.1 -6666.35 -6387.33 -6091.38 -5783.06 -5463.8 -5131.71 -4786.88 -4436.06 -4073.7 -3699.73 -3304.6 -2895.36 -2476.2 -2048.01 -1612.05 -1165.46 -713.627 -260.18 199 
100 -331.33 -757.195 -1178.31 -1593.96 -1999.57 -2395.98 -2789.16 -3177.48 -3556.24 -3920.32 -4270.89 -4611.59 -4945.47 -5266.04 -5574.51 -5876.38 -6174.26 -6464.72 -6748.34 -7026.05 -7284.75 -7526.99 -7760.41 -7978.89 -8180.77 -8363.47 -8534.83 -8695.44 -8846.56 -8987.43 -9120.41 -9235.29 -9334.35 -9424.58 -9499.08 -9563.03 -9621.6 -9678.47 -9729.47 -9766.33 -9798.78 -9831.08 -9860.32 -9893.88 -9930.98 -9957.61 -9973.08 -9978.15 -9982.14 -9984.57 -9982.44 -9973.55 -9965.51 -9959.52 -9952.76 -9954.61 -9947.9 -9935.67 -9914.01 -9877.82 -9828.32 -9756.94 -9685.44 -9613.06 -9539.02 -9461.48 -9371.27 -9271.26 -9157.39 -9034 -8901.37 -8748.54 -8574.38 -8384.64 -8187.77 -7973.03 -7749.15 -7513.05 -7264.98 -7001.2 -6727.74 -6441.8 -6144.44 -5837.98 -5518.05 -5185.52 -4838.58 -4482.11 -4115.13 -3737.44 -3347.93 -2938.4 -2518.42 -2090.87 -1649.12 -1191.89 -730.851 -266.542 199 
100 -331.408 -757.862 -1184.32 -1605.35 -2017.58 -2422.91 -2818.55 -3196.17 -3560.82 -3917.57 -4266.78 -4608.99 -4939.29 -5255.49 -5562.5 -5866.84 -6166.05 -6453.09 -6733.01 -7005.86 -7260.56 -7490.55 -7711.65 -7929.17 -8132.3 -8319.52 -8486.29 -8635.85 -8773.26 -8906.5 -9034.32 -9154.88 -9260.9 -9349.25 -9433.41 -9501.18 -9563.96 -9614.11 -9658.77 -9698.53 -9737.42 -9775.67 -9805.19 -9838.55 -9868.51 -9887.45 -9900.4 -9915.18 -9929.65 -9942.18 -9946.33 -9941.21 -9935.8 -9926.33 -9918.83 -9906.08 -9879.5 -9850.52 -9826.64 -9789.42 -9745.09 -9688.92 -9635.58 -9578.78 -9517.24 -9440.07 -9343.67 -9231.58 -9116.24 -8990.84 -8855.76 -8711.68 -8538.32 -8343.3 -8147.05 -7933.63 -7702.46 -7462.39 -7207.77 -6942.74 -6669.7 -6388.5 -6093.36 -5783.7 -5464.47 -5132.08 -4788.66 -4439.27 -4078.66 -3709.63 -3319.22 -2913.42 -2495.64 -2066.92 -1630.09 -1178.55 -722.8 -264.182 199 
100 -331.475 -757.913 -1181.22 -1600.54 -2008.49 -2405.23 -2798.54 -3185.7 -3560.88 -3923.24 -4272.18 -4613.47 -4948.24 -5269.44 -5578.27 -5880.38 -6178.68 -6466.29 -6747.05 -7021.95 -7276.8 -7520.66 -7757.2 -7976.08 -8179.52 -8362.29 -8533.79 -8695.04 -8844.72 -8983.37 -9113.24 -9223.6 -9322.02 -9410.91 -9484.26 -9546.95 -9603.28 -9659.18 -9710.57 -9745.63 -9777.49 -9810.53 -9839.41 -9872.88 -9910.68 -9937.13 -9951.87 -9958.56 -9962.84 -9964.53 -9961.67 -9953.03 -9945.1 -9942.33 -9937.27 -9941.71 -9938.32 -9926.99 -9904.81 -9872.03 -9825.13 -9755.64 -9685.2 -9614.74 -9541.11 -9463.88 -9374.84 -9274.79 -9162.55 -9040.33 -8907.16 -8754.77 -8581.47 -8390.37 -8190.52 -7975.5 -7751.48 -7515.51 -7267.42 -7005.69 -6734.21 -6450.07 -6152.22 -5845.58 -5526.58 -5195.76 -4851.96 -4497.56 -4134.44 -3758.35 -3369.24 -2954.45 -2530.31 -2100.92 -1658.54 -1198.78 -734.757 -269.071 199 
100 -331.273 -757.591 -1183.91 -1605.79 -2020.04 -2424.35 -2819.34 -3197.11 -3564.31 -3924.09 -4273.05 -4615.23 -4944.77 -5260.68 -5567.81 -5872.17 -6172.31 -6459.74 -6739.58 -7011.89 -7266.96 -7499.16 -7721.9 -7939.12 -8141.11 -8326.38 -8490.52 -8642.65 -8782.22 -8915.66 -9043.94 -9162.41 -9267.21 -9355.02 -9438.44 -9504.76 -9561.83 -9605.88 -9648.47 -9687.22 -9724.1 -9759.21 -9786.8 -9818.49 -9848.31 -9868.4 -9879.53 -9895.48 -9909.4 -9921.02 -9922.38 -9916.53 -9909.26 -9900.67 -9892.5 -9881.08 -9857.88 -9835.33 -9817.91 -9791.3 -9751.97 -9702.88 -9651.95 -9595.33 -9534.11 -9460.27 -9366.52 -9257.46 -9145.46 -9020.56 -8885.62 -8739.84 -8564.76 -8370.27 -8173.59 -7960.17 -7729.15 -7490.05 -7234.92 -6969.13 -6692.75 -6407.01 -6114.57 -5803.03 -5479.82 -5143.54 -4797.45 -4444.24 -4081.12 -3712.01 -3321.28 -2915.53 -2498.93 -2070.16 -1632.82 -1180.38 -723.655 -264.645 199 
100 -333.517 -762.464 -1187.94 -1609.66 -2019.7 -2419.02 -2814.84 -3203.13 -3579.7 -3944.65 -4296.29 -4639.92 -4977.47 -5300.82 -5611.83 -5915.97 -6216.28 -6505.75 -6788.88 -7065.51 -7322.52 -7565.52 -7799.96 -8016.77 -8218.42 -8403.18 -8575.8 -8739.1 -8891.08 -9032.28 -9163.17 -9273.6 -9373.42 -9464.41 -9540.37 -9603.48 -9660.25 -9717.58 -9769.76 -9805.45 -9838.56 -9873.97 -9905.09 -9939.44 -9979.3 -10008.8 -10027.9 -10039.5 -10049.2 -10052.9 -10050.7 -10042 -10032.7 -10029.5 -10025.9 -10031.9 -10031.7 -10027.3 -10010.3 -9980.55 -9933.65 -9865.64 -9794.7 -9724.59 -9651.17 -9576.12 -9490.23 -9390.68 -9277.95 -9155.29 -9020.53 -8864.44 -8687.01 -8493.72 -8287.69 -8068.58 -7840.14 -7600.51 -7351.17 -7089.04 -6813.32 -6524.59 -6222.05 -5911.18 -5589.72 -5252.51 -4902.26 -4541.63 -4172 -3789.34 -3395.82 -2978.23 -2550.68 -2117.52 -1672.46 -1209.11 -740.908 -272.122 199 
100 -335.055 -764.996 -1194.94 -1620.88 -2038.85 -2445.71 -2844.51 -3227.23 -3598.19 -3961.58 -4314.55 -4660.6 -4992.82 -5313.07 -5627.04 -5938.12 -6245.32 -6539.51 -6824.67 -7098.66 -7355.3 -7591.84 -7818.63 -8039.18 -8246.55 -8433.97 -8597.36 -8750.81 -8891.04 -9026.01 -9155.23 -9275.78 -9381.31 -9473.31 -9559.56 -9631.86 -9687.85 -9730.91 -9769.75 -9807.34 -9844.57 -9880.35 -9907.09 -9937.8 -9968.19 -9989.41 -10000.3 -10017.5 -10033.7 -10047.8 -10050.1 -10048.5 -10044.2 -10038.4 -10030.5 -10019.1 -9993.88 -9969.86 -9950.58 -9924.72 -9885.96 -9839.58 -9789.05 -9730.29 -9667.04 -9592.94 -9500.82 -9391.66 -9277.96 -9154.24 -9020.33 -8874.53 -8696.27 -8500.3 -8300.71 -8083.48 -7847.66 -7604.06 -7342.9 -7071.25 -6789.34 -6497.58 -6201.28 -5884.51 -5554.47 -5211.73 -4860.93 -4501.69 -4131.58 -3755.32 -3360.91 -2951.26 -2530.73 -2096.87 -1653.26 -1197.56 -734.591 -270.438 199 
100 -335.96 -767.848 -1195.76 -1620.29 -2033.03 -2437.08 -2834.54 -3224.9 -3603.25 -3970.05 -4324.72 -4671.1 -5011.62 -5337 -5649.81 -5956.3 -6258.23 -6550.43 -6836.12 -7111.25 -7368.41 -7610.93 -7844.32 -8062.42 -8266.37 -8454.28 -8627.11 -8789.54 -8941.1 -9079.06 -9205.64 -9314.12 -9409.5 -9497.21 -9567.23 -9627.93 -9681.08 -9736.92 -9789.53 -9828.47 -9858.58 -9889.1 -9913.4 -9940.29 -9974.41 -10001.2 -10016.2 -10025.9 -10037 -10043.3 -10044.7 -10036.3 -10026.5 -10023.8 -10019.5 -10024.3 -10022.2 -10021.6 -10006.2 -9981.22 -9937.35 -9871.66 -9801.62 -9731.65 -9658.45 -9582.41 -9497.25 -9397.7 -9284.89 -9164.01 -9028.9 -8873.06 -8697.32 -8507.74 -8304.19 -8088.39 -7858.61 -7618.64 -7365.84 -7102.22 -6826.11 -6535.69 -6231.84 -5918.46 -5596.71 -5257.87 -4903.66 -4542.32 -4169.62 -3785.12 -3390.33 -2973.02 -2545.5 -2112.04 -1668.09 -1207.95 -740.636 -271.452 199 
100 -335.01 -764.587 -1194.16 -1619.68 -2037.63 -2446.13 -2847.81 -3233.99 -3605.3 -3968.2 -4321.23 -4666.97 -4997.97 -5318.19 -5630.67 -5937.37 -6239.72 -6532.8 -6818.93 -7094.56 -7352.16 -7590.74 -7817.89 -8040.2 -8248.06 -8431.35 -8594.24 -8746.91 -8887.47 -9022.89 -9152 -9272.44 -9376.72 -9469.46 -9553.72 -9627.19 -9680.22 -9719.61 -9755.78 -9792.3 -9827.84 -9863.56 -9892.38 -9924.15 -9956.23 -9978.31 -9989.66 -10005.6 -10018.4 -10028.9 -10030.5 -10032.5 -10030.3 -10027.6 -10021.3 -10007.9 -9983.02 -9959.91 -9939.45 -9913.24 -9874.38 -9829.96 -9779.9 -9721.08 -9658.36 -9585.71 -9496.49 -9388.68 -9275.11 -9153.31 -9022.44 -8877.51 -8703.62 -8513.98 -8316.22 -8098.21 -7863.38 -7618.47 -7355.03 -7082.91 -6799.72 -6507.59 -6211.76 -5895.01 -5564.86 -5222.2 -4869.09 -4505.56 -4135.08 -3755.79 -3359.61 -2951.45 -2533.26 -2096.07 -1652.49 -1199.87 -736.29 -271.515 199 
100 -337.061 -770.514 -1199.44 -1624.59 -2040.39 -2448.23 -2845.97 -3237.11 -3615.43 -3982.97 -4339.27 -4686.47 -5028.34 -5353.92 -5669.48 -5978.48 -6281.89 -6575.73 -6862.46 -7137.83 -7396.34 -7639.75 -7872.28 -8087.57 -8289.92 -8477.87 -8652.22 -8815.02 -8967.95 -9107.32 -9234.1 -9342.25 -9438.26 -9526.03 -9592.17 -9651.33 -9702.53 -9754.72 -9806.86 -9845.97 -9877.78 -9909.03 -9933.92 -9961 -9995.55 -10024.6 -10040.3 -10050.8 -10062.3 -10070.2 -10073.4 -10065.1 -10053.9 -10057.4 -10057.2 -10062.7 -10060 -10062.4 -10048.6 -10022.5 -9979.22 -9920.14 -9856.07 -9792.66 -9729.16 -9660.54 -9578.57 -9480.29 -9369.15 -9248.84 -9115.38 -8961.04 -8786.54 -8597.99 -8392.58 -8175.19 -7943 -7701.2 -7447.09 -7182.64 -6902.04 -6605.48 -6295.68 -5977.75 -5652.01 -5308.29 -4949.45 -4583.63 -4207.58 -3822.08 -3424.78 -3004.92 -2573.05 -2134.58 -1685.75 -1221.01 -749.134 -275.204 199 
100 -336.449 -767.149 -1197.77 -1623.83 -2040.21 -2446 -2847.49 -3235.98 -3608.49 -3971.69 -4326.08 -4672.99 -5004.48 -5326.05 -5639.8 -5947.44 -6250.27 -6544.78 -6833.63 -7110.24 -7368.1 -7610.53 -7838.76 -8061.48 -8271.57 -8455.52 -8620.6 -8774.34 -8916.91 -9053.31 -9179.4 -9296.49 -9398.74 -9490.38 -9575.58 -9652.7 -9706.11 -9742.7 -9779.04 -9815.68 -9850.95 -9886.9 -9917.09 -9948.7 -9980.36 -10004.1 -10017.9 -10034.4 -10047.9 -10056.7 -10058.2 -10061.8 -10060.8 -10060.8 -10058.8 -10047.9 -10023.7 -10005.9 -9988.82 -9965.36 -9930.99 -9888.53 -9838.79 -9782.74 -9723.14 -9650.22 -9562.57 -9457.41 -9344.76 -9223.65 -9095.22 -8949.63 -8775.05 -8586.34 -8385.13 -8164.69 -7930.08 -7685.98 -7420.91 -7146.72 -6862.15 -6566.49 -6266.28 -5945.1 -5610.43 -5263.83 -4909.15 -4543.29 -4170.68 -3789.58 -3390.99 -2979.2 -2558.79 -2118.63 -1669.76 -1214.31 -747.15 -277.12 199 
100 -337.274 -770.18 -1196.31 -1619.5 -2035.24 -2444.39 -2841.52 -3232.36 -3609.09 -3976.91 -4333.85 -4680.83 -5022.83 -5347.73 -5664.77 -5974.21 -6278.03 -6572.65 -6858.64 -7134.21 -7393.59 -7636.57 -7867.41 -8081.12 -8284.72 -8475.39 -8653.31 -8817.5 -8970.17 -9110.33 -9234.44 -9341.43 -9437.32 -9523.18 -9585.19 -9641.36 -9692.15 -9739.39 -9787.2 -9824.66 -9859.79 -9891.58 -9916.23 -9945.19 -9981.16 -10014.1 -10028.1 -10032.8 -10038.5 -10043.7 -10049.2 -10044.8 -10035.7 -10039.8 -10040.1 -10045.1 -10041.1 -10045 -10032.1 -10004.2 -9963 -9909.97 -9849.01 -9787.62 -9723.51 -9652.96 -9568.32 -9468.52 -9357.7 -9236.92 -9103.93 -8948.85 -8774.75 -8586.79 -8381.77 -8164.61 -7931.95 -7690.53 -7437.92 -7171.82 -6889.21 -6591.83 -6281.81 -5964.18 -5638.91 -5296.06 -4937.48 -4571.62 -4194.83 -3810.75 -3415.2 -2999.18 -2571.41 -2133.67 -1684.32 -1219.79 -748.623 -274.812 199 
100 -334.415 -763.164 -1191.5 -1617.04 -2033.88 -2438.24 -2837.36 -3225.75 -3598.66 -3963.22 -4318.46 -4666.15 -4998.85 -5321.34 -5633.59 -5940.67 -6245.57 -6544.12 -6832.44 -7108.7 -7366.72 -7612.05 -7839.98 -8056.86 -8261.26 -8445.96 -8613.39 -8767.5 -8911.99 -9049.82 -9177.77 -9294.33 -9396.2 -9488.59 -9573.78 -9651.67 -9709.36 -9746.45 -9784.07 -9824.08 -9858.14 -9893.88 -9925.32 -9956.57 -9986.7 -10012 -10027.4 -10044.7 -10058.7 -10065.4 -10064.9 -10065.4 -10063.8 -10064.7 -10062.7 -10053.7 -10035.4 -10025.4 -10012.6 -9991.87 -9962.62 -9924.02 -9876.57 -9821.49 -9762.6 -9689.52 -9602.31 -9498.97 -9387.81 -9267.12 -9135.8 -8985.5 -8807.16 -8618.76 -8414.25 -8191.31 -7953.66 -7707.26 -7442.77 -7169.29 -6886.47 -6590.37 -6288.06 -5965.05 -5625.73 -5279.03 -4925.12 -4558.77 -4183.4 -3799.54 -3401.12 -2987.51 -2563.91 -2121.55 -1670.31 -1213.96 -747.441 -277.499 199 
100 -336.91 -771.352 -1198.66 -1622.35 -2038.92 -2450.21 -2847.24 -3240.7 -3617.04 -3986.14 -4344.69 -4692.26 -5035.55 -5360.73 -5678.55 -5989.76 -6296.23 -6592.74 -6879.94 -7156.6 -7417.79 -7660.51 -7891.78 -8105.55 -8310.47 -8502.03 -8681.09 -8845.24 -8998.67 -9139.92 -9266.4 -9373.11 -9469.95 -9552.83 -9618.32 -9674.5 -9727.11 -9773.86 -9820.06 -9859.02 -9893.36 -9925.97 -9951.69 -9981.43 -10018.1 -10054.3 -10072.7 -10078.7 -10087.1 -10093.8 -10100.9 -10098.3 -10090.3 -10092.9 -10089.8 -10089.7 -10083.6 -10083.6 -10071 -10044.2 -10008.9 -9961.28 -9904.46 -9845.11 -9780.52 -9712.27 -9630.1 -9534.34 -9425.18 -9305.22 -9176.24 -9022.05 -8845.26 -8656 -8446.76 -8222.59 -7983.66 -7737.63 -7482.23 -7213.6 -6927.53 -6629 -6319.84 -5997.88 -5668.16 -5322.18 -4962.02 -4593.74 -4215.17 -3829.95 -3431.49 -3014.13 -2584.64 -2142.47 -1690.79 -1224.66 -752.24 -276.62 199 
100 -335.522 -765.527 -1194.68 -1620.76 -2037.95 -2443.48 -2843.41 -3235.2 -3612.38 -3978.94 -4335.16 -4683.88 -5016.02 -5339.6 -5653.27 -5961.34 -6267.44 -6567.59 -6856.27 -7133.3 -7391.49 -7639.13 -7869.58 -8086.06 -8287.86 -8473.99 -8643.18 -8797.18 -8943.04 -9079.48 -9207.25 -9320.42 -9422.18 -9515.14 -9601.48 -9677.74 -9737.21 -9774.26 -9810.41 -9849.72 -9883.81 -9919.58 -9951.71 -9983.6 -10011.4 -10039.2 -10056 -10074.2 -10088.8 -10091.3 -10087.8 -10086.2 -10082.3 -10084.5 -10082.4 -10074 -10058.7 -10049.5 -10036.1 -10013.4 -9982.23 -9938.78 -9887.86 -9834.36 -9775.82 -9702.89 -9616.04 -9514.03 -9404.84 -9284.91 -9152.8 -9000.12 -8821.55 -8632.92 -8427.07 -8202.2 -7964.59 -7714.58 -7448.26 -7172.85 -6885.75 -6591.59 -6287.91 -5963.19 -5625.82 -5278.02 -4922.02 -4553.63 -4177.76 -3794 -3396.58 -2983.99 -2560.33 -2118.61 -1668.57 -1212.98 -747.59 -277.496 199 
100 -338.241 -774.908 -1206.62 -1631.58 -2049.13 -2462.2 -2859.87 -3255.36 -3631.59 -4002.37 -4363.03 -4711.64 -5056.19 -5382.02 -5700.3 -6012.72 -6322.25 -6621.2 -6906.5 -7178.95 -7440.13 -7683.58 -7915.43 -8130.35 -8338.38 -8535.02 -8718.75 -8883.93 -9038.38 -9180.79 -9309.52 -9416.67 -9513.75 -9595.4 -9663.56 -9718.96 -9773.77 -9818.76 -9861.08 -9899.16 -9932.13 -9963.91 -9984.89 -10012.9 -10046.1 -10079.2 -10098.3 -10104.8 -10116 -10124 -10133.1 -10132.2 -10125.5 -10128.7 -10127.8 -10128.4 -10123.8 -10121.3 -10109.3 -10085.9 -10054.9 -10009.7 -9954.91 -9898.25 -9833.69 -9765.04 -9681.98 -9585.28 -9476.48 -9358.25 -9231.77 -9078.1 -8900.87 -8713.23 -8505.41 -8277.96 -8035.19 -7784.68 -7524.84 -7251.3 -6962.94 -6661.82 -6348.48 -6024.9 -5693.82 -5345.53 -4980.9 -4608.92 -4228.83 -3842.68 -3441.88 -3023.31 -2592.25 -2149.48 -1695.25 -1228.85 -755.332 -278.166 199 
100 -341.576 -776.745 -1211.64 -1643.1 -2065.04 -2477.98 -2883.66 -3282.37 -3669.01 -4045.56 -4410.58 -4766.28 -5102.86 -5432.85 -5754.11 -6065.99 -6372.32 -6673.28 -6961.22 -7236.01 -7494.49 -7745.35 -7978.03 -8193.32 -8396.57 -8586.56 -8758.61 -8912.28 -9058.38 -9195.21 -9325.2 -9436.9 -9536.58 -9626.17 -9709.13 -9778.82 -9836.17 -9873.66 -9907.05 -9946.91 -9983.38 -10021.6 -10052.5 -10080.1 -10101.1 -10126.8 -10141.4 -10156.6 -10168.1 -10163.4 -10153.9 -10148.9 -10144.2 -10148.8 -10146.2 -10140.6 -10129.6 -10120.3 -10106.5 -10084.5 -10056.2 -10013.4 -9962.37 -9910.6 -9851 -9778.54 -9692.16 -9590.41 -9481.8 -9362.61 -9230.07 -9076.23 -8897.23 -8706.37 -8496.17 -8273.49 -8036.87 -7783.77 -7513.9 -7235.53 -6945.46 -6649.61 -6344.9 -6020.45 -5684.29 -5334.46 -4974.72 -4602.92 -4221.97 -3831.56 -3428.45 -3012.41 -2583.05 -2137.83 -1684.48 -1223.96 -755.617 -280.65 199 
100 -342.037 -782.251 -1217.44 -1646.97 -2072.01 -2491.29 -2895.8 -3297.37 -3679.24 -4054.24 -4416.62 -4771.18 -5119.4 -5448.5 -5770.36 -6086.46 -6399.39 -6699.88 -6986.3 -7263.04 -7532.07 -7776.5 -8005.73 -8218.53 -8422.8 -8618.56 -8798.9 -8961.3 -9113.43 -9252.64 -9379.83 -9484.95 -9579.87 -9657.28 -9723.3 -9776.5 -9828.85 -9872.85 -9909.94 -9944.4 -9974.18 -10003.5 -10024 -10052.8 -10086 -10116.9 -10134.8 -10138.4 -10148.2 -10155 -10160.3 -10159 -10151 -10151.6 -10149.4 -10147 -10144.1 -10141.5 -10132.3 -10112.5 -10081.5 -10034.2 -9978.41 -9922.32 -9856.21 -9788.91 -9710.46 -9615.05 -9507.85 -9391.32 -9266.91 -9114.37 -8936.85 -8749.87 -8545.92 -8322.08 -8077.87 -7825.3 -7562.41 -7286.16 -6996.01 -6692.73 -6377.73 -6052.23 -5718.84 -5367.57 -5000.32 -4626.33 -4246.19 -3858.7 -3454.79 -3034.96 -2599.82 -2154.23 -1700.06 -1234.87 -759.356 -280.178 199 
100 -346.158 -785.664 -1225.17 -1661.42 -2087.64 -2506.39 -2916.59 -3320.42 -3711.82 -4091.29 -4457.45 -4814.53 -5153.23 -5484.83 -5807.04 -6121.87 -6430.74 -6735.82 -7028.6 -7306.79 -7570.59 -7823.23 -8059.44 -8275.76 -8479.99 -8672.15 -8849.03 -9004.81 -9152.86 -9293.58 -9426.87 -9540.72 -9641.43 -9732.99 -9819.55 -9892.01 -9948.45 -9992.4 -10027.7 -10065.6 -10098.2 -10133.4 -10162.5 -10189.9 -10208.8 -10232.8 -10247.9 -10265.2 -10275.7 -10271.4 -10261.5 -10256.6 -10251.1 -10254.8 -10249.4 -10242.2 -10234.7 -10227.7 -10212.4 -10190.5 -10163.2 -10117.7 -10062.9 -10008.1 -9941.99 -9864.4 -9774.78 -9672.44 -9562.63 -9443.31 -9310.28 -9155.73 -8973.89 -8779.39 -8567.26 -8343.19 -8105.88 -7851.88 -7581.09 -7300.99 -7010.39 -6714.02 -6406.19 -6076.6 -5737.66 -5387.03 -5021.89 -4645.69 -4261.82 -3866.57 -3462.27 -3042.13 -2609.81 -2159.77 -1702.26 -1238.35 -765.778 -284.807 199 
100 -346.755 -791.403 -1231.19 -1665.46 -2095.7 -2520.62 -2933.32 -3338.58 -3722.76 -4099.5 -4463.76 -4821.04 -5173 -5506.48 -5832.19 -6149.98 -6464.35 -6766.66 -7055.06 -7334.29 -7605.34 -7851.35 -8080.14 -8297.8 -8504.3 -8700.62 -8879.05 -9042.3 -9196.41 -9336.83 -9467.23 -9576.52 -9672.84 -9752.3 -9819.73 -9872.78 -9922.95 -9971.47 -10011.8 -10048.5 -10079.6 -10106.8 -10124.8 -10149.9 -10177.9 -10201.4 -10218.1 -10221.4 -10229.1 -10236.3 -10238.6 -10238.2 -10230.8 -10231.4 -10229.4 -10224.9 -10220.4 -10217 -10207.5 -10189.8 -10158.8 -10111.9 -10054.8 -9999.63 -9931.96 -9863.25 -9784.57 -9686.69 -9577.59 -9461.13 -9334.51 -9180.2 -9001.23 -8813.91 -8608.56 -8383.95 -8138.33 -7883.94 -7618.71 -7340.46 -7049.64 -6745.46 -6429.68 -6102.89 -5766.52 -5413.97 -5044.67 -4666.64 -4282.53 -3891.24 -3482.36 -3056.46 -2613.64 -2164.07 -1708.15 -1241.09 -764.947 -284.198 199 
100 -346.247 -786.02 -1225.79 -1661.58 -2087.89 -2507.44 -2918.02 -3323.05 -3715 -4096.23 -4463.77 -4823.78 -5164.81 -5494.98 -5818.45 -6133.2 -6442.37 -6747.54 -7042.47 -7324.73 -7589.79 -7841.97 -8080.08 -8299.28 -8503.88 -8696.15 -8874.34 -9031.95 -9180.08 -9321.37 -9451.39 -9562.27 -9657.49 -9743.66 -9822.34 -9887.96 -9941.13 -9985.25 -10018.3 -10052.8 -10085.2 -10121 -10149.4 -10175.4 -10191.1 -10211.3 -10226.9 -10243.9 -10254 -10249.9 -10238.2 -10231.8 -10227.7 -10231.8 -10228.8 -10225.1 -10219.9 -10214 -10198.4 -10181.8 -10159.5 -10116.6 -10061.1 -10004.9 -9939.24 -9861.95 -9772.45 -9670.86 -9559.84 -9439.45 -9304.65 -9143.81 -8958.25 -8760.11 -8546.47 -8321.93 -8084.56 -7833.78 -7566.23 -7286.69 -6997.15 -6701.88 -6397.12 -6070.61 -5735.99 -5389.25 -5023.27 -4647.18 -4264.93 -3869.46 -3465.9 -3046.77 -2616.33 -2165.94 -1708.7 -1246.02 -772.579 -287.461 199 
100 -347.205 -791.992 -1231.81 -1667.06 -2097.39 -2519.91 -2933.76 -3340.42 -3725.98 -4102.52 -4467.03 -4825.6 -5178.11 -5511.94 -5838.52 -6159.58 -6474.71 -6776.84 -7066.27 -7346.99 -7620.95 -7869.33 -8098.28 -8315.78 -8523.2 -8719.73 -8898.22 -9062.13 -9215.03 -9355.32 -9486.95 -9595.46 -9689.74 -9765.22 -9829.82 -9884.5 -9935.03 -9982.66 -10023.8 -10057.3 -10089.4 -10116.6 -10136.3 -10162.8 -10189.8 -10210.8 -10226.9 -10231.2 -10239.5 -10246.2 -10244.1 -10243.9 -10233.7 -10228.2 -10223.5 -10218.2 -10212.3 -10209.8 -10199.7 -10182.4 -10156.3 -10116.1 -10062.8 -10007.2 -9936.93 -9865.42 -9785.78 -9687.16 -9577.1 -9459.03 -9332.13 -9178.32 -8999.45 -8809.73 -8602.04 -8377.45 -8133.14 -7878.7 -7612.64 -7333.31 -7044.23 -6740.85 -6425.64 -6099.02 -5761.81 -5411.33 -5045.61 -4670.86 -4288.09 -3897.29 -3487.32 -3062.09 -2619.67 -2172.72 -1715.56 -1247.74 -770.077 -286.652 199 
100 -352.548 -798.783 -1244.97 -1686.5 -2119.16 -2545.2 -2959.44 -3368.28 -3761.98 -4143.94 -4520.03 -4888.91 -5237.74 -5574.56 -5905.21 -6226.55 -6541.63 -6853.02 -7153.18 -7440.19 -7709.08 -7964.29 -8203.84 -8423.93 -8629.2 -8821.08 -9000.52 -9164.94 -9317.15 -9463.09 -9595.82 -9711.7 -9813.71 -9905.96 -9989.76 -10060 -10118.6 -10166 -10198.4 -10226.4 -10259.2 -10295.8 -10324 -10350.7 -10367.9 -10387 -10403.2 -10416.7 -10423.1 -10414.5 -10399.3 -10392.1 -10391.7 -10399.2 -10398.5 -10392.9 -10385.2 -10378.1 -10362.1 -10348.5 -10329.3 -10286.8 -10232.4 -10177.4 -10112 -10035.7 -9946.89 -9845.88 -9736.62 -9617.36 -9482.05 -9314.02 -9122.46 -8919.27 -8693.83 -8454.96 -8207.22 -7948.37 -7678 -7395 -7098.32 -6793.25 -6478.33 -6146.38 -5803.01 -5447.74 -5077.33 -4698.81 -4314.61 -3915.04 -3506.47 -3083.03 -2647.32 -2191.98 -1729.46 -1262.33 -783.787 -292.736 199 
100 -354.137 -805.521 -1251.56 -1694.6 -2131.36 -2559.77 -2981.12 -3395.12 -3792.87 -4178.58 -4552.73 -4921.99 -5282.4 -5623.49 -5956.59 -6284.5 -6606.73 -6915.21 -7209.66 -7492.75 -7769.9 -8021.7 -8251.58 -8468.6 -8677.58 -8875.62 -9059.13 -9225.68 -9381.57 -9524.8 -9655.7 -9764.34 -9861.28 -9939.71 -10006.4 -10064.8 -10120.7 -10171.5 -10218 -10253.7 -10290.1 -10319.5 -10339.8 -10363.7 -10388 -10407.7 -10423.6 -10429.1 -10439.3 -10447.8 -10446.3 -10446.7 -10437.7 -10432 -10428.7 -10424.9 -10417.9 -10415.2 -10402.8 -10384 -10357.3 -10314.8 -10263.9 -10209.9 -10140.7 -10069.9 -9990.46 -9892.85 -9782.59 -9665.67 -9539.15 -9387.01 -9207.67 -9016.94 -8808.5 -8582.8 -8337.18 -8080.54 -7809.64 -7524.23 -7231.41 -6922.84 -6599.86 -6264.39 -5918.14 -5558.87 -5185.83 -4801.64 -4410.04 -4004.27 -3580.98 -3145.11 -2691.95 -2233.45 -1764.86 -1286.71 -797.401 -300.165 199 
100 -353.184 -800.684 -1246.97 -1689.64 -2123.28 -2549.77 -2965.13 -3374.13 -3769.23 -4151.78 -4529.15 -4898.23 -5248.36 -5586.33 -5919.78 -6245.45 -6563.8 -6875.91 -7176.7 -7465.08 -7734.85 -7990.87 -8230.8 -8451.38 -8657.75 -8849.77 -9030.19 -9197.07 -9350.74 -9497.98 -9630.84 -9748.44 -9852.32 -9945.95 -10027.3 -10097.9 -10156.5 -10202.2 -10237.7 -10264.6 -10297.2 -10333.2 -10360.6 -10388 -10406.8 -10425.4 -10442.1 -10456 -10461.2 -10454.2 -10439.2 -10432.5 -10432 -10440.2 -10440.5 -10436.6 -10429.8 -10424.3 -10409.4 -10399.6 -10386.1 -10346.6 -10295.6 -10240.4 -10176.1 -10101.7 -10013.1 -9913.46 -9806.47 -9687.21 -9550.58 -9381.11 -9189.78 -8988.59 -8762.47 -8523.91 -8279.71 -8021.49 -7753.92 -7471.79 -7176.28 -6870.59 -6555.08 -6221.33 -5878.15 -5518.95 -5143.59 -4759.8 -4370.21 -3966.99 -3552.95 -3125.53 -2684.46 -2222 -1751.66 -1278.36 -793.974 -297.662 199 
100 -353.142 -801.297 -1244.49 -1685.37 -2119.2 -2546.54 -2969.52 -3383.68 -3783.82 -4169.04 -4542.97 -4914.22 -5276.73 -5618.96 -5951.74 -6279.46 -6603.39 -6915.8 -7213.58 -7500.16 -7779.06 -8035.26 -8268.51 -8489.08 -8699.7 -8897.37 -9081.8 -9246.91 -9401.46 -9544.46 -9674.25 -9785.62 -9883.43 -9960.84 -10025.9 -10084.1 -10141.2 -10190.1 -10235.2 -10271.2 -10307.2 -10337.2 -10357.4 -10380.7 -10403 -10421.6 -10437.2 -10447.3 -10456.2 -10461.4 -10461.6 -10463.1 -10454.4 -10447.5 -10444.4 -10440.6 -10428.6 -10423.9 -10412.2 -10396.7 -10372.5 -10331.6 -10281.6 -10228.9 -10159.9 -10086.7 -10003.9 -9906.08 -9794.72 -9677.4 -9549.44 -9400.08 -9219.66 -9026.76 -8816.51 -8588.38 -8340.27 -8080.12 -7807.39 -7521.1 -7228.8 -6920.9 -6597.86 -6261.08 -5913.56 -5552.68 -5179.65 -4795.76 -4404.37 -3998 -3575.02 -3138.98 -2685.2 -2226.14 -1757.21 -1279.42 -791.569 -297.202 199 
100 -357.97 -810.526 -1260.68 -1706.83 -2143.07 -2570.83 -2988.04 -3401.37 -3802.06 -4189.29 -4569.68 -4940.22 -5292.71 -5632.66 -5968.16 -6295.83 -6616.16 -6930.22 -7231.68 -7521.95 -7796.15 -8055.78 -8300.73 -8521.56 -8726.48 -8917.12 -9095.71 -9262.95 -9418.39 -9565.12 -9701.38 -9824.76 -9931.74 -10027.1 -10106.2 -10174.9 -10231.3 -10273.1 -10309.1 -10332.8 -10363.9 -10398.6 -10423.4 -10448.9 -10468.2 -10487.5 -10502.4 -10514.4 -10515.2 -10510.5 -10494 -10486 -10483 -10489.4 -10488.6 -10484.5 -10477.9 -10472.4 -10457.2 -10448.5 -10439.3 -10402.4 -10349.8 -10293.9 -10231.4 -10160.2 -10072.2 -9972.48 -9866.34 -9746.69 -9608.58 -9438.6 -9248.45 -9051.65 -8828.99 -8592.93 -8350.73 -8091.64 -7820.34 -7534.25 -7236.1 -6930.43 -6613.4 -6276.39 -5928.15 -5562.18 -5180.27 -4790.23 -4393.16 -3987.64 -3570.13 -3141.04 -2697.4 -2234.31 -1762.21 -1285.81 -798.408 -301.628 199 
100 -358.213 -811.168 -1259.77 -1703.97 -2139.54 -2568.18 -2993.32 -3409.52 -3814.8 -4205.07 -4584.03 -4958.82 -5324.47 -5669.1 -6003.84 -6331.16 -6653.17 -6965.06 -7265.59 -7555.32 -7836.72 -8099.15 -8338.13 -8564.65 -8779.23 -8980.28 -9167.08 -9333.52 -9489.16 -9633.63 -9765.58 -9880.84 -9979.56 -10055.1 -10118.2 -10175 -10231.5 -10278.6 -10320 -10352.5 -10382.8 -10407.3 -10423.2 -10444.6 -10464.8 -10481.1 -10492.7 -10503.7 -10513.5 -10516.9 -10515.5 -10514.2 -10504.2 -10495.3 -10491.5 -10486.1 -10474 -10472.3 -10468.3 -10458.3 -10434 -10391 -10341.2 -10288.4 -10221.3 -10149.1 -10067.1 -9969.36 -9857.16 -9738.77 -9607.46 -9457.78 -9277.23 -9077.83 -8861.59 -8628.06 -8377.58 -8115.89 -7839.71 -7549.36 -7253.76 -6943.6 -6615.94 -6274.33 -5924.64 -5562.54 -5189.48 -4805.47 -4412.95 -4003.2 -3575.13 -3133.73 -2681.64 -2224.11 -1756.72 -1281.45 -792.759 -297.896 199 
100 -358.239 -811.335 -1260.88 -1707.59 -2146.41 -2577.36 -2994.75 -3409.41 -3809.74 -4197.31 -4577.64 -4948.11 -5303.35 -5642.52 -5978.43 -6307.44 -6628.43 -6942.79 -7245.63 -7535.83 -7807.34 -8063.91 -8309.65 -8531.64 -8739.27 -8932.81 -9114.26 -9282.83 -9440.12 -9586.83 -9722.35 -9847.45 -9955.01 -10048.4 -10124.9 -10192.3 -10247.9 -10288.2 -10325.8 -10351.6 -10384 -10420.3 -10444.3 -10469 -10490.5 -10508.8 -10523.3 -10534.5 -10534.3 -10529.4 -10514.4 -10508.5 -10503.6 -10509.4 -10509.1 -10508.9 -10504.4 -10500.8 -10484.2 -10475.9 -10462.5 -10422.1 -10369.7 -10313 -10251 -10181 -10092.2 -9993.64 -9889.31 -9770.96 -9632.16 -9463.61 -9274.31 -9076.05 -8853.91 -8617.32 -8377.1 -8117.73 -7847.12 -7561.16 -7264.16 -6959.4 -6640.21 -6300.76 -5950.65 -5584.75 -5204 -4813.67 -4415.16 -4006.79 -3586.37 -3154.59 -2708.36 -2245.87 -1769.04 -1288.17 -797.845 -301.494 199 
100 -358.765 -812.204 -1262.01 -1706.8 -2143.09 -2573.34 -2998.19 -3415.37 -3821.84 -4213.56 -4591.85 -4964.37 -5326.89 -5672.14 -6006.33 -6333.73 -6655.05 -6967.43 -7269.44 -7559.9 -7841.56 -8106.22 -8347.32 -8575.53 -8790.07 -8991.26 -9179.22 -9347.94 -9505.88 -9650.2 -9782.45 -9902.84 -10005.8 -10083.6 -10144.4 -10201.3 -10258.1 -10306.6 -10347.9 -10382.6 -10415.5 -10442.5 -10458.9 -10480 -10499.6 -10514.8 -10524.5 -10537.4 -10546.6 -10548 -10545.8 -10544.6 -10535.7 -10527.5 -10523.7 -10520.1 -10510.2 -10509 -10507.3 -10501.6 -10479 -10434.9 -10382.9 -10330.4 -10267 -10199.9 -10119 -10021 -9906.92 -9785.5 -9651.07 -9501.77 -9324.16 -9123.59 -8908.61 -8677.05 -8427.36 -8165.11 -7885.25 -7592.37 -7293.87 -6982.12 -6650.25 -6306.16 -5952.74 -5587.15 -5212.57 -4826.29 -4431.1 -4020.63 -3593.49 -3150.71 -2696.04 -2235.51 -1765.41 -1288.11 -796.676 -300.092 199 
100 -358.551 -811.953 -1261.28 -1708.58 -2148.35 -2578.72 -2995.91 -3411.37 -3812.1 -4199.93 -4579.86 -4950.62 -5306.6 -5647.69 -5983.94 -6310.67 -6630.64 -6942.13 -7241.89 -7530.24 -7801.06 -8054.96 -8297.12 -8519.15 -8726.03 -8920.01 -9102.2 -9272.01 -9431.22 -9576.7 -9708.98 -9833.08 -9940.86 -10033.8 -10109.3 -10175.3 -10230.9 -10271 -10309.9 -10335.3 -10366.3 -10400.7 -10425.1 -10448.7 -10472.1 -10489.8 -10504 -10512.9 -10508.4 -10500.8 -10486.8 -10474.9 -10462.5 -10463.5 -10460.7 -10458.6 -10454.8 -10452.3 -10436.9 -10429.6 -10416 -10377 -10326.6 -10273.2 -10218.3 -10153.6 -10065.1 -9967.66 -9865.09 -9747.07 -9607.64 -9442.51 -9257.13 -9058.69 -8838.96 -8602.81 -8363.17 -8104.66 -7834.75 -7549.18 -7253.12 -6948.87 -6630.13 -6290.7 -5941.08 -5576.96 -5195.86 -4805.8 -4407.04 -3998.15 -3578.26 -3146.71 -2699.94 -2238.18 -1762.81 -1282.57 -794.605 -301.282 199 
100 -359.945 -814.957 -1267.03 -1715.57 -2155.16 -2586.88 -3013.14 -3432.13 -3840.2 -4233.39 -4613.18 -4986.79 -5350.26 -5697.55 -6031.54 -6360.45 -6682.05 -6996.58 -7303.75 -7599.23 -7880.06 -8145.34 -8390.38 -8621.31 -8836.02 -9035.48 -9223.13 -9394.19 -9553.12 -9700.24 -9831.68 -9954.16 -10054.8 -10128.4 -10187.6 -10242.2 -10297.1 -10345.9 -10386.9 -10422.5 -10454.6 -10486 -10506.8 -10530.1 -10549.4 -10562.6 -10573.6 -10593.5 -10607.3 -10610.4 -10614.7 -10617.5 -10609.3 -10601.6 -10595.7 -10590.5 -10579 -10574.5 -10572.4 -10569.7 -10549.2 -10505.6 -10452 -10398.6 -10337.6 -10271.7 -10192.1 -10094.8 -9979.51 -9855.87 -9719.26 -9567.77 -9391.04 -9188.29 -8971.72 -8740.25 -8489.25 -8226.12 -7944.58 -7648.02 -7345.65 -7030.98 -6695.27 -6349.71 -5992.77 -5624.85 -5249.29 -4859.83 -4459.83 -4044.74 -3613.9 -3168.06 -2708.6 -2245.37 -1773.41 -1294.3 -801.432 -304.363 199 
100 -363.309 -821.068 -1275.1 -1727.8 -2173.12 -2607 -3028.88 -3448.86 -3854.59 -4246.82 -4629.72 -5006.02 -5366.36 -5713.71 -6054.27 -6385.25 -6711.25 -7027.4 -7331.62 -7623.35 -7896.24 -8149.27 -8388.16 -8610.06 -8817.81 -9014.18 -9197.48 -9369.58 -9533.65 -9680.5 -9814.38 -9940.83 -10053.8 -10150.8 -10224.2 -10287.7 -10342.4 -10384.4 -10424.6 -10452 -10483.2 -10515 -10538.4 -10559.3 -10582.3 -10602.7 -10620.6 -10634.4 -10634.2 -10628.7 -10617.9 -10604.8 -10589.1 -10584.8 -10576.2 -10571.6 -10567.8 -10566.6 -10555.6 -10550 -10536.6 -10500.7 -10453.3 -10401.6 -10346.7 -10281.1 -10192.3 -10093.5 -9990.95 -9871.63 -9730.67 -9565.67 -9379.63 -9179.18 -8957.87 -8719.7 -8477.47 -8213.45 -7936.22 -7645.58 -7345.8 -7038.09 -6715.15 -6371.28 -6016.72 -5649.18 -5264.53 -4868.48 -4462.02 -4044.96 -3618.3 -3180.16 -2725.53 -2257.34 -1777.44 -1293.8 -800.765 -303.136 199 
100 -362.125 -819.682 -1275.18 -1726.13 -2167.98 -2602.16 -3030.74 -3453.19 -3867.3 -4268.24 -4657.24 -5038.7 -5403.65 -5752.71 -6088.54 -6419.26 -6742.81 -7060.02 -7370.38 -7669.36 -7951.42 -8216.61 -8466.27 -8701.32 -8918.16 -9119.94 -9310.36 -9485.34 -9646.16 -9795.05 -9928.63 -10054.7 -10153.2 -10228.4 -10287.4 -10340.7 -10394.7 -10443.7 -10481.1 -10512.8 -10538.8 -10569.8 -10590.6 -10613 -10630.4 -10642.2 -10649.1 -10666 -10679.3 -10677.4 -10680 -10680.1 -10667.8 -10663.7 -10660.1 -10650.6 -10635.6 -10628.3 -10625.3 -10624.5 -10603.8 -10560.7 -10509.6 -10460.5 -10400.8 -10334.1 -10252.6 -10155.7 -10040 -9913.77 -9772.65 -9617.07 -9439.42 -9236.17 -9018.55 -8787.64 -8536.91 -8273.54 -7992.39 -7695.25 -7392.87 -7078.88 -6741.15 -6395.7 -6037.38 -5666.43 -5287.82 -4895.06 -4488.24 -4069.81 -3637.43 -3191.39 -2728.58 -2262 -1786.36 -1303.05 -806.85 -307.662 199 
100 -366.185 -826.495 -1283.35 -1739.4 -2187.88 -2625.43 -3053.07 -3477.53 -3886.02 -4278.11 -4659.97 -5035.82 -5397.45 -5745.21 -6086.31 -6417.27 -6744.15 -7060.32 -7364.39 -7654.62 -7928.33 -8186.9 -8428.57 -8651.09 -8858.24 -9054.53 -9238.13 -9411.25 -9576.36 -9723.06 -9857.35 -9983.53 -10097.1 -10192.7 -10264.7 -10327.2 -10382.3 -10424.2 -10463.8 -10492.3 -10521.2 -10552.4 -10575.6 -10594.7 -10617.2 -10637 -10654 -10667.3 -10667.6 -10662 -10652.7 -10639.5 -10624.1 -10617.2 -10608.9 -10604.5 -10601.1 -10600.2 -10592.2 -10585 -10570.7 -10539 -10491.5 -10439.1 -10385.1 -10318.3 -10231.1 -10130.3 -10025.5 -9904.35 -9763.59 -9600.37 -9417.32 -9215.48 -8993.48 -8755.05 -8511.45 -8248.4 -7971.24 -7680.16 -7381.28 -7073.74 -6749.7 -6406.28 -6050.28 -5685.54 -5303.67 -4909.14 -4501.05 -4079.76 -3650.48 -3208.51 -2750.29 -2279.63 -1797.38 -1308.46 -809.17 -306.341 199 
100 -365.697 -827.159 -1287.62 -1742.34 -2187.84 -2625.88 -3057.04 -3480.75 -3895.45 -4295.55 -4683.54 -5061.78 -5425.44 -5773.97 -6110.66 -6441.55 -6765.76 -7084.06 -7395.92 -7696.41 -7978.51 -8241.66 -8490.77 -8722.59 -8935.1 -9135.27 -9326.22 -9503.52 -9664.82 -9813.85 -9950.98 -10080.7 -10183.1 -10262.7 -10323.3 -10379.1 -10436.5 -10486.2 -10523.7 -10555.1 -10576.6 -10607.3 -10630 -10652.8 -10670 -10681.3 -10688.7 -10705.3 -10718 -10715.5 -10719.6 -10721.4 -10710.8 -10710.2 -10708.2 -10699.9 -10686.4 -10680.5 -10681.1 -10684.4 -10665.6 -10622.6 -10572.5 -10524 -10464.1 -10395.4 -10312.5 -10217.3 -10103 -9975.72 -9831.99 -9674.81 -9497.37 -9291.77 -9071.22 -8839.24 -8587.5 -8322.2 -8040.12 -7741.24 -7435.92 -7118.6 -6779.61 -6428.37 -6064.51 -5690.35 -5310.2 -4916.17 -4506.56 -4085.79 -3652.14 -3205.2 -2740.67 -2272.08 -1794.25 -1307.76 -809.644 -309.574 199 
100 -369.754 -833.393 -1293.77 -1753.78 -2202.28 -2643.23 -3077.41 -3505.99 -3919.97 -4315.78 -4700.83 -5079.87 -5444.61 -5793.56 -6136.5 -6469.3 -6796.97 -7115.19 -7420 -7709.37 -7983.71 -8242.73 -8483.85 -8706.64 -8913.95 -9111.03 -9298 -9474.67 -9640.85 -9789.14 -9927.79 -10053.9 -10168.8 -10260.8 -10329.2 -10387.8 -10440.5 -10481.7 -10518.9 -10546.1 -10570.8 -10597.2 -10619.1 -10637.8 -10661 -10682.3 -10699.6 -10712.4 -10714.4 -10710.7 -10702.7 -10690.7 -10676.2 -10667.9 -10660.3 -10657.4 -10655.9 -10654.2 -10647 -10636.2 -10623 -10594.6 -10549.3 -10500.9 -10447.6 -10381.8 -10299.2 -10202 -10101.1 -9982.92 -9843.81 -9681.39 -9499.19 -9296.9 -9074.32 -8834.74 -8587.44 -8321.6 -8039.52 -7742.79 -7437.67 -7124.99 -6794.78 -6449.12 -6089.17 -5722.27 -5337.61 -4938.63 -4526.18 -4101.55 -3669.95 -3224.5 -2763.75 -2291.57 -1807.73 -1315.96 -814.537 -308.916 199 
100 -370.41 -836.881 -1302.36 -1762.4 -2212.52 -2654.58 -3090.18 -3519.89 -3938.86 -4338.92 -4731.61 -5110.34 -5474.41 -5824.34 -6164.85 -6496.47 -6819.64 -7137.15 -7448.55 -7746.37 -8025.2 -8285.61 -8534.53 -8765.81 -8977.97 -9177.21 -9366.29 -9543.74 -9704.2 -9851.72 -9988.23 -10116.6 -10219.5 -10296.5 -10360.2 -10417.7 -10474.3 -10523.2 -10562.1 -10590.6 -10605.9 -10631.5 -10654 -10677.8 -10695.6 -10704.7 -10710.9 -10724.6 -10737 -10737.6 -10743.6 -10747.6 -10738.9 -10740.1 -10736.8 -10728.7 -10713.5 -10701.1 -10696.6 -10697.3 -10682.3 -10638.6 -10588 -10539.3 -10479.4 -10409.1 -10323.9 -10229 -10117.5 -9990.41 -9849.03 -9692.42 -9514.06 -9305.45 -9078.13 -8842.12 -8590.79 -8323.9 -8044.03 -7744.82 -7438.78 -7120.53 -6781.55 -6429.31 -6066.72 -5693.5 -5312.36 -4917.48 -4507.03 -4084.22 -3651.59 -3207.54 -2744.71 -2276.89 -1798.1 -1308.94 -810.348 -309.598 199 
100 -372.174 -836.922 -1301.08 -1765.23 -2216.66 -2661.7 -3099.89 -3531.06 -3950.32 -4350.27 -4739.02 -5118.67 -5485.12 -5835.7 -6178.78 -6514.14 -6842.76 -7163.03 -7470.7 -7759.86 -8034.84 -8293.65 -8535.04 -8757.88 -8965.91 -9163.12 -9350.98 -9529.38 -9696.71 -9846.86 -9986.95 -10112.9 -10231.2 -10320.7 -10384.9 -10442.4 -10495.5 -10538.2 -10576.8 -10605.5 -10629.8 -10655.6 -10678.4 -10697.8 -10721.2 -10745.2 -10763.5 -10776 -10779.6 -10777.5 -10771.3 -10762.8 -10752.4 -10744.3 -10737.9 -10736.2 -10737.1 -10736.9 -10731.7 -10720.2 -10711.6 -10683.9 -10640.2 -10592.1 -10536.1 -10467.4 -10384.7 -10288.4 -10186.9 -10066.4 -9926.83 -9764.31 -9579.4 -9371.66 -9143.44 -8898.99 -8645.66 -8376.01 -8093.12 -7793.91 -7485.69 -7168.26 -6831.64 -6480.93 -6118.56 -5746.73 -5359.36 -4956.28 -4542.56 -4115.64 -3681.87 -3235.29 -2775.06 -2301.65 -1817.2 -1322.79 -819.449 -311.305 199 
100 -371.523 -839.201 -1305.69 -1767.42 -2218.61 -2661.91 -3098.56 -3529.48 -3948.96 -4350.6 -4746.08 -5126.15 -5490.33 -5842.82 -6187.63 -6523.95 -6849.78 -7168.47 -7481.51 -7780.27 -8059.47 -8321.07 -8572.06 -8806.45 -9020.38 -9221.32 -9410.76 -9590.19 -9751.86 -9898.12 -10033.3 -10159.6 -10260.5 -10334.6 -10398.2 -10453.9 -10509.2 -10559.1 -10601.4 -10628.6 -10641.2 -10663.6 -10684.9 -10706.3 -10724.3 -10733.5 -10740.6 -10753 -10767 -10769.8 -10776.8 -10781.9 -10774.4 -10776.4 -10774.3 -10771.2 -10762.4 -10753 -10749.8 -10753.6 -10740.5 -10698.2 -10649.1 -10602 -10544.4 -10474.3 -10390.1 -10296.1 -10186.5 -10058.3 -9918.34 -9761.48 -9579.82 -9365.96 -9133.91 -8893.15 -8638.1 -8369.47 -8088.74 -7788.4 -7480.45 -7158.87 -6819.82 -6465.82 -6101.99 -5724.29 -5337.1 -4937.9 -4522.9 -4095.84 -3661.67 -3216.11 -2755.26 -2286.29 -1805.63 -1312.9 -812.939 -310.463 199 
100 -372.885 -838.023 -1299.96 -1761.7 -2210.47 -2653.22 -3086.8 -3511.59 -3925.82 -4326.39 -4716.02 -5099.45 -5472.43 -5827.4 -6173.05 -6508.91 -6835.52 -7153.51 -7460.3 -7746.49 -8019.74 -8277.95 -8519.16 -8741.52 -8950.34 -9147.79 -9336.23 -9516.33 -9684.46 -9836.33 -9976.81 -10101.7 -10217.9 -10304 -10366.9 -10423.7 -10476.5 -10520.8 -10561.2 -10590.3 -10612.8 -10639.5 -10669.1 -10693.5 -10720.3 -10746.8 -10762.8 -10772.3 -10774.3 -10772.3 -10767.7 -10760.5 -10750.8 -10744.9 -10741.8 -10744.9 -10750.6 -10755 -10749.9 -10738.4 -10731.6 -10705.1 -10662.7 -10616.6 -10560.4 -10492.7 -10414.4 -10321.6 -10223.3 -10105.3 -9968.12 -9804.78 -9621.18 -9412.91 -9184.55 -8939.55 -8685.74 -8417.12 -8136.18 -7832.52 -7519.48 -7199.03 -6863.22 -6515.64 -6155.87 -5785 -5398.93 -4993.66 -4578.42 -4147.99 -3708.94 -3257.07 -2789.77 -2312.72 -1827.73 -1330.38 -824.863 -313.989 199 
100 -373.69 -843.617 -1309.53 -1772.04 -2225.02 -2672.3 -3114.84 -3550.84 -3972.34 -4377.35 -4775.51 -5157.34 -5524.33 -5881.9 -6232.05 -6568.84 -6891.06 -7206.32 -7515.97 -7812.3 -8093.57 -8357.04 -8607.81 -8841.98 -9057.03 -9257.81 -9445.66 -9626.46 -9790.25 -9941.41 -10082 -10211.5 -10307.1 -10376.8 -10437.9 -10489.2 -10540.1 -10586.3 -10624.2 -10647.8 -10658.2 -10678.5 -10700.1 -10720.7 -10737.8 -10746.4 -10752.7 -10761.9 -10776.4 -10783 -10791.3 -10796.4 -10791.3 -10794.6 -10791.9 -10789 -10778.9 -10768.9 -10764.7 -10768.3 -10756.2 -10716.8 -10667 -10619.4 -10561.2 -10489.7 -10405.3 -10310.3 -10201.5 -10072.2 -9931.24 -9775.45 -9592.34 -9379.19 -9146.36 -8904.37 -8649.46 -8378.96 -8095.05 -7797.06 -7490.82 -7172.01 -6836.67 -6482.77 -6119.28 -5744.16 -5357.76 -4957.37 -4541.89 -4113.67 -3678.19 -3232.67 -2772.61 -2303 -1820.12 -1322.67 -819.434 -313.318 199 
100 -376.756 -845.581 -1311.29 -1776.11 -2228.8 -2674.62 -3112.54 -3540.42 -3959.11 -4365.48 -4759.02 -5146.79 -5523.69 -5883.05 -6231.37 -6572.06 -6903.79 -7225.24 -7531.71 -7818.51 -8094.74 -8355.42 -8598.96 -8825.49 -9038.91 -9239.79 -9431.36 -9613.16 -9783.96 -9937.14 -10077.9 -10204.3 -10320.7 -10408.4 -10473.7 -10530.1 -10581.6 -10627 -10669.4 -10701.4 -10722.1 -10742.1 -10767 -10789.4 -10811 -10833.5 -10844.7 -10849 -10849.6 -10850 -10847.1 -10841.4 -10832.7 -10824.3 -10816 -10815.8 -10820.6 -10826.1 -10823.9 -10811.4 -10802.8 -10775.2 -10731.7 -10680.4 -10619 -10546.3 -10463.2 -10367.1 -10265.4 -10145.7 -10005.8 -9840.72 -9653.43 -9443.68 -9214.88 -8967.52 -8710.57 -8440.1 -8159.16 -7853.47 -7538.08 -7214.46 -6874.99 -6524.26 -6164.53 -5796.35 -5410.33 -5007.04 -4591.04 -4160.1 -3719.68 -3268.51 -2800.78 -2322.57 -1836.95 -1337.28 -829.648 -316.474 199 
100 -378.596 -852.23 -1321.85 -1788.42 -2244.83 -2695.86 -3142.71 -3581.6 -4005.76 -4415.26 -4817.19 -5200.65 -5570.67 -5931.79 -6285.93 -6627.43 -6953.47 -7272.6 -7585.97 -7885.68 -8171.02 -8439.06 -8692.93 -8927.58 -9150.82 -9358.43 -9549.51 -9733.4 -9901.56 -10053.8 -10194.8 -10323.6 -10419.2 -10490.3 -10552 -10604.8 -10656.1 -10702 -10739.4 -10761.1 -10772 -10789 -10809.3 -10827.4 -10841.3 -10848.1 -10851.2 -10854 -10863.3 -10866.8 -10869.8 -10872.9 -10863.2 -10860.6 -10855.3 -10851.6 -10841.4 -10835.7 -10834.7 -10835.3 -10823.9 -10781.4 -10726.5 -10673.9 -10612.6 -10538.5 -10451.7 -10354.5 -10245 -10116.8 -9975.73 -9819.45 -9636.92 -9422.59 -9187.22 -8942.93 -8688.23 -8419.1 -8135.14 -7837.75 -7528.04 -7209.24 -6876.32 -6524.23 -6161.72 -5785.44 -5395.4 -4990.2 -4570.75 -4139.87 -3701.63 -3254.47 -2791.41 -2318.84 -1829.6 -1328.26 -823.176 -314.843 199 
100 -381.37 -855.135 -1325.88 -1794.11 -2249.22 -2696.43 -3136.72 -3566.21 -3987.17 -4397.68 -4793.69 -5184.04 -5563.07 -5924.9 -6274.02 -6617.77 -6952.83 -7275.99 -7583.24 -7871.69 -8147.19 -8407.31 -8649.83 -8878.85 -9095.17 -9297.23 -9491.22 -9674.94 -9848.72 -10004.9 -10148.3 -10274 -10388.3 -10475.8 -10540.6 -10600.4 -10651.2 -10696.3 -10739.9 -10771.6 -10791 -10808.6 -10832.3 -10855 -10875 -10896.5 -10907.8 -10913.6 -10915.1 -10916.6 -10913.1 -10903.6 -10891.4 -10877.5 -10866.9 -10866.4 -10870.4 -10877.1 -10872.3 -10857.8 -10849.5 -10821.6 -10778 -10724.6 -10662 -10588.5 -10504.1 -10408 -10305.9 -10186.9 -10044.9 -9879.59 -9690.34 -9479.33 -9248.84 -8999.8 -8741.1 -8469.1 -8184.68 -7878.25 -7561.69 -7236.01 -6894.47 -6547.08 -6189.67 -5821.98 -5427.52 -5021.22 -4601.77 -4168.54 -3726.79 -3274.45 -2805.49 -2327.41 -1842.38 -1340.84 -831.972 -317.878 199 
100 -382.983 -858.981 -1331 -1799.65 -2256.55 -2706.86 -3153.1 -3590.97 -4011.44 -4418.02 -4816.33 -5197.84 -5569.12 -5929.87 -6283.59 -6625.29 -6953.8 -7275.35 -7590.82 -7891.48 -8178.83 -8447.43 -8700.79 -8933.24 -9156.82 -9364.5 -9554.81 -9736.72 -9904.54 -10056.8 -10200.2 -10327 -10422.3 -10494.4 -10553.2 -10603.1 -10650.4 -10692.2 -10725.4 -10744.3 -10758.8 -10775.5 -10795.3 -10813.2 -10825 -10831.8 -10833.2 -10834.3 -10842.2 -10851.2 -10856.7 -10859.5 -10849.8 -10845.6 -10839.2 -10835.5 -10824.9 -10819.1 -10815.2 -10811.6 -10799 -10759.1 -10704.5 -10650.5 -10587.1 -10510.9 -10425.5 -10328.8 -10223 -10098.9 -9964.08 -9807.01 -9622.45 -9411.34 -9178.5 -8935.02 -8679.56 -8410.73 -8125.83 -7828.48 -7519.56 -7200.79 -6868.5 -6518.56 -6156.61 -5781.15 -5389.29 -4982.41 -4561.37 -4128.15 -3689.8 -3243.82 -2783.04 -2312.14 -1822.39 -1323.68 -821.013 -314.957 199 
100 -388.293 -869.945 -1343.5 -1811.73 -2266.27 -2712.95 -3153.36 -3581.82 -4002.08 -4413.85 -4810.64 -5200.19 -5579.21 -5941.13 -6288.68 -6633.14 -6968.6 -7291.2 -7597.29 -7884.88 -8161.88 -8424.73 -8668.15 -8902.66 -9123.22 -9327.93 -9520.92 -9701.43 -9874.58 -10032.3 -10176.3 -10300.8 -10413.1 -10502.5 -10567 -10624.9 -10673.8 -10719.7 -10762.5 -10788.8 -10805.9 -10819.1 -10839.2 -10860.3 -10876.2 -10894.2 -10904.9 -10904.9 -10901.5 -10903.9 -10899.7 -10890.4 -10877.4 -10862.6 -10851.2 -10850.7 -10854.2 -10863 -10859.3 -10847.3 -10840.6 -10813 -10769.3 -10714.7 -10650.4 -10576.8 -10492 -10396.3 -10292.3 -10169.8 -10022.4 -9854.24 -9663.6 -9455.09 -9225.9 -8978.65 -8721.07 -8449.49 -8164.03 -7858.06 -7540.5 -7212.84 -6869.8 -6521.73 -6165.47 -5798.44 -5405.39 -5002.19 -4584.36 -4154.59 -3714.78 -3264.23 -2797.31 -2323.14 -1841.18 -1341.68 -833.534 -318.537 199 
100 -385.277 -862.256 -1335.58 -1806.61 -2268.71 -2722.8 -3171.49 -3609.75 -4036.16 -4447.24 -4848.7 -5233.55 -5607.94 -5971.88 -6327.79 -6671.62 -7001.79 -7324.01 -7639.62 -7940.57 -8227.71 -8498.73 -8755.69 -8990.99 -9221.05 -9435.67 -9629.62 -9814 -9983.09 -10136.4 -10279 -10404.9 -10504.7 -10581 -10643.8 -10695.6 -10744.4 -10786.8 -10819.7 -10839.6 -10856 -10874.9 -10895.3 -10914.3 -10926.6 -10935.9 -10937 -10935.8 -10941.6 -10951 -10958.4 -10961 -10951.8 -10945.3 -10936.3 -10930.5 -10919.3 -10912.6 -10908.1 -10903.6 -10891.4 -10853.2 -10798.2 -10741.6 -10677.3 -10599.2 -10512.5 -10413.4 -10307.2 -10181.8 -10047.5 -9888.33 -9700.28 -9488.21 -9253.22 -9007.93 -8747.93 -8476.25 -8186.11 -7884.44 -7570.91 -7248.26 -6913.12 -6562.13 -6200.72 -5828.51 -5436.3 -5026.8 -4602.72 -4166.75 -3726.47 -3274.71 -2811.62 -2339.74 -1844.76 -1341.65 -832.823 -319.465 199 
100 -388.249 -869.022 -1342.66 -1810.42 -2267.09 -2716.62 -3160.71 -3591.07 -4014.22 -4430.26 -4831.37 -5224.11 -5606.22 -5970.84 -6320.94 -6668.23 -7007.74 -7333.03 -7642.59 -7932.69 -8213.07 -8478.81 -8724.51 -8960.82 -9185.73 -9394.13 -9589.05 -9771.88 -9948.04 -10111.4 -10258.5 -10385.7 -10499 -10592.6 -10660.1 -10719.1 -10770.7 -10823.1 -10868.3 -10896.1 -10915.3 -10930.7 -10952.8 -10977.5 -10991.6 -11008.9 -11018.8 -11016.5 -11013.4 -11017.4 -11013.9 -11002.6 -10987.2 -10971.5 -10959.4 -10958.6 -10963.7 -10973.8 -10968.5 -10960.2 -10953.6 -10924.5 -10879.9 -10824.2 -10756.1 -10679.8 -10592.3 -10492.9 -10385.7 -10259.8 -10110.4 -9942.05 -9752.03 -9544.27 -9313.86 -9067.45 -8808.89 -8536.94 -8248.02 -7939.7 -7618.78 -7286.15 -6939.52 -6586.28 -6226.82 -5855.65 -5459.63 -5054.7 -4633.97 -4201.86 -3759.59 -3305.11 -2834.82 -2359.28 -1872.95 -1368.38 -851.914 -327.454 199 
100 -388.145 -867.515 -1343.59 -1816.68 -2282.75 -2738.89 -3188.07 -3625.23 -4050.77 -4463.16 -4865.28 -5250.84 -5624.8 -5986.99 -6338.55 -6682.24 -7014.89 -7339.43 -7655.69 -7955.42 -8241.57 -8516.1 -8777.22 -9020.51 -9258.5 -9478.14 -9673.03 -9859.17 -10030.3 -10183.6 -10323.9 -10448 -10548.6 -10627.1 -10692.6 -10746.8 -10798.7 -10842.5 -10875 -10897.3 -10916.6 -10939.3 -10963.7 -10987.6 -11005 -11021.7 -11026.7 -11027.1 -11031.7 -11040.4 -11045.6 -11044.9 -11031.3 -11021.2 -11008.1 -10998.9 -10989.9 -10984.1 -10979.7 -10975.6 -10963.6 -10927.1 -10877 -10825.2 -10765.2 -10691.3 -10608.1 -10513.2 -10412.6 -10291.8 -10159.6 -10005.1 -9817.49 -9605.33 -9368.19 -9118.67 -8855.66 -8579.82 -8283.17 -7978.47 -7660.38 -7328.69 -6990.2 -6636.16 -6271.1 -5896.72 -5500.94 -5087.4 -4658.09 -4218.44 -3774.41 -3317.74 -2850.24 -2371.85 -1869.4 -1359.95 -845.018 -325.674 199 
100 -391.415 -874.413 -1351.62 -1821.17 -2280.24 -2733.12 -3180.81 -3611.3 -4032.85 -4447.71 -4849.42 -5243.14 -5625.89 -5992.74 -6345.93 -6696.09 -7040 -7370.69 -7686.01 -7980.45 -8265.59 -8533.52 -8783.06 -9021.42 -9250.08 -9463.37 -9661.8 -9850.01 -10029.5 -10196.9 -10348.4 -10478.4 -10592.5 -10690.8 -10761.5 -10821.6 -10875.7 -10931.7 -10979 -11009.9 -11030.3 -11048.9 -11072.8 -11100.6 -11121.9 -11148.4 -11166.6 -11174.4 -11177.9 -11186.2 -11183.7 -11170.1 -11153.4 -11135.8 -11120.4 -11116.4 -11118.8 -11126.7 -11116.9 -11107.2 -11097.6 -11063.5 -11013.1 -10949.7 -10874.2 -10792.4 -10699.7 -10596.2 -10485.7 -10355.7 -10201.4 -10029.2 -9837.28 -9624.62 -9389.98 -9142.97 -8881.99 -8607.38 -8314.75 -8004.22 -7679.96 -7343.29 -6993.57 -6637.16 -6275.25 -5899.32 -5501.6 -5094.21 -4670.18 -4233 -3789.33 -3330.55 -2856.64 -2376.97 -1884.33 -1377.81 -858.061 -330.247 199 
100 -392.865 -876.45 -1356.9 -1833.62 -2304.71 -2764.84 -3217.09 -3657.08 -4083.1 -4497.13 -4901.15 -5290.39 -5666.12 -6030.65 -6385.03 -6733.19 -7069.65 -7398.05 -7716.22 -8019.03 -8306.78 -8582.31 -8843.35 -9087.92 -9327.11 -9550.57 -9748.85 -9938.3 -10112.8 -10268.9 -10412.7 -10539.5 -10643.6 -10725.1 -10799.3 -10863.5 -10925.2 -10972.9 -11008.1 -11032.4 -11055.8 -11083.8 -11111.4 -11138.7 -11157.8 -11174.4 -11179.2 -11182.2 -11187.1 -11193.4 -11192 -11186.6 -11168 -11154.6 -11141.8 -11135.3 -11130.5 -11129.4 -11126.4 -11125 -11112.6 -11075.9 -11026.9 -10972.9 -10912 -10836.4 -10752.4 -10655.1 -10552.3 -10430.7 -10298.3 -10140.9 -9946.36 -9730.68 -9489.66 -9232.47 -8959.49 -8674.44 -8366.75 -8051.79 -7727.57 -7391.31 -7049.06 -6690.4 -6320.49 -5946.04 -5551.85 -5139.08 -4706.92 -4262.5 -3814.05 -3350.69 -2878.72 -2395.37 -1888.3 -1373.92 -854.36 -330.532 199 
100 -393.882 -878.479 -1358.12 -1829.43 -2290.37 -2745.84 -3195.32 -3628.93 -4052.4 -4470.06 -4875.64 -5272.35 -5659.56 -6029.46 -6385.16 -6737.51 -7085.11 -7417.97 -7736.2 -8034.7 -8323.6 -8592.98 -8845.67 -9085.66 -9318.28 -9533.59 -9734.22 -9924.56 -10106.3 -10276.4 -10432.1 -10564.5 -10679.1 -10780 -10853 -10913.7 -10967.9 -11023.9 -11069.1 -11100.9 -11120.2 -11138.3 -11165.1 -11192.1 -11213.2 -11239.6 -11256.8 -11265.4 -11271.5 -11284.6 -11288.8 -11279.4 -11267.4 -11252.7 -11236.3 -11231.7 -11233.5 -11241.5 -11230.1 -11220.9 -11207.2 -11170.1 -11116.4 -11049.7 -10972.1 -10890.3 -10797.5 -10693.9 -10581 -10450.2 -10296 -10121.4 -9929.49 -9713.79 -9476.13 -9225.6 -8960.08 -8682.18 -8385.41 -8071.82 -7743.35 -7402.22 -7048.69 -6688.29 -6323.16 -5941.42 -5541.96 -5130.72 -4704.31 -4264.02 -3817.02 -3354.74 -2878.11 -2396.04 -1899.7 -1389.43 -865.614 -333.741 199 
100 -393.11 -878.025 -1359.27 -1835.98 -2307.23 -2768.34 -3220.43 -3659.42 -4085.46 -4499.67 -4903 -5292.27 -5668.06 -6031.5 -6385.47 -6734.51 -7071.2 -7399.47 -7715.8 -8016.61 -8301.12 -8574.23 -8834.81 -9080.06 -9319.06 -9542.85 -9744.18 -9934.22 -10107.3 -10261.1 -10407.5 -10540 -10645.8 -10729.2 -10803.8 -10868.9 -10931.1 -10978.5 -11011.3 -11033.4 -11057 -11087 -11117.9 -11144.6 -11161.4 -11176.6 -11183 -11186.7 -11190 -11197.1 -11196.7 -11192.4 -11177.7 -11164.7 -11149.9 -11144.7 -11140.5 -11141.4 -11139.9 -11139.4 -11126.7 -11094.3 -11047.4 -10995.1 -10934.6 -10860.1 -10776.9 -10679.8 -10576.4 -10456.7 -10325.8 -10167 -9970.85 -9756.77 -9517.7 -9261.69 -8990.34 -8705.4 -8397.41 -8079.88 -7752.55 -7413.8 -7069.29 -6711.11 -6341.12 -5966.94 -5574.79 -5159.46 -4723.61 -4276.57 -3824.79 -3357.42 -2880.12 -2393.25 -1886.88 -1372.89 -853.747 -330.484 199 
100 -394.66 -881.382 -1364.38 -1838.61 -2302.39 -2761.04 -3212.58 -3649.85 -4076.15 -4496.7 -4909.38 -5312.27 -5706.58 -6083.84 -6448.02 -6806.36 -7161.12 -7500.13 -7823.61 -8127.25 -8422.03 -8696.93 -8953.5 -9196.55 -9434.13 -9652.31 -9855.9 -10048.8 -10234.2 -10408 -10572.3 -10715.5 -10836.1 -10942.3 -11019.4 -11080.2 -11137.7 -11196.4 -11244.7 -11280.4 -11306.1 -11330.9 -11362.1 -11393 -11419.9 -11451.6 -11470.5 -11482.8 -11495.2 -11515.2 -11526.8 -11522.4 -11511.5 -11497.6 -11478.9 -11473.6 -11475.4 -11476.8 -11459.2 -11444.6 -11421 -11375 -11312.8 -11240.6 -11158.9 -11073.3 -10975.1 -10866.8 -10746.6 -10610 -10451.8 -10271.6 -10074.6 -9852.25 -9607.64 -9351.23 -9079.2 -8796.03 -8492.82 -8173.62 -7839.45 -7492.62 -7132.86 -6766.54 -6394.94 -6006.74 -5603.17 -5186.66 -4756.29 -4313.42 -3860.85 -3393.37 -2912.08 -2424.19 -1923.33 -1406.89 -877.129 -339.285 199 
100 -400.601 -895.954 -1387.89 -1874.45 -2355.5 -2825.28 -3284.53 -3731.18 -4167.61 -4591.53 -5001.64 -5398.26 -5780.31 -6150.29 -6512.39 -6869.28 -7209.74 -7541.49 -7857.34 -8157.11 -8439.81 -8711.13 -8974.71 -9224.72 -9467.13 -9694.91 -9901.81 -10096.1 -10270.8 -10424.5 -10572.4 -10709 -10816.5 -10903.1 -10979.6 -11049.2 -11115 -11166.2 -11203.3 -11230.3 -11257.9 -11294.2 -11331.7 -11364.2 -11384.5 -11402.4 -11412.4 -11418.4 -11425.9 -11438.3 -11441.7 -11440 -11427.4 -11413.3 -11393.6 -11381.3 -11370.3 -11365 -11357.8 -11348.4 -11325.6 -11286.5 -11234 -11175.7 -11110.3 -11031.4 -10943.9 -10843 -10734.2 -10609.7 -10471.4 -10298.3 -10094.1 -9872.61 -9625.62 -9360.79 -9082.4 -8789.99 -8478.34 -8156.33 -7823.46 -7480.77 -7131.52 -6771.99 -6397.77 -6018.9 -5627.05 -5209.59 -4769.42 -4317.98 -3860.63 -3387.87 -2906.05 -2412.48 -1903.99 -1386.19 -862.905 -335.388 199 
100 -402.795 -901.701 -1393.76 -1877.8 -2350.67 -2818.55 -3278.45 -3725.1 -4160.03 -4590.08 -5010.6 -5419.11 -5819.93 -6202.75 -6573.53 -6937.35 -7298.75 -7646.4 -7976.21 -8285.14 -8585.5 -8864.19 -9124.11 -9371.58 -9614.2 -9834.68 -10040.9 -10235.2 -10421.4 -10596 -10754.5 -10894 -11010.8 -11117.5 -11198 -11258.4 -11316.9 -11375.2 -11423.3 -11458.3 -11485.5 -11509.6 -11538.6 -11567.9 -11593.6 -11622.6 -11637 -11647.5 -11656.9 -11671.1 -11678 -11669.2 -11653.4 -11632.5 -11607.8 -11597.6 -11593.9 -11591.1 -11571.6 -11553.4 -11524.8 -11476.1 -11410.2 -11336 -11251.5 -11164.1 -11063.8 -10954.1 -10830.2 -10688.9 -10527.6 -10342.9 -10140.4 -9909.91 -9657.78 -9397.04 -9125.22 -8842.9 -8539 -8216.68 -7878.55 -7530.26 -7169.74 -6803.12 -6427.39 -6036.9 -5633.36 -5218.34 -4788.87 -4350.22 -3898.45 -3431.39 -2944.48 -2448.46 -1941.63 -1419.86 -886.397 -344.532 199 
100 -407.519 -909.689 -1407.66 -1898.49 -2385.32 -2861.78 -3326.72 -3779.49 -4219.65 -4646.87 -5065.26 -5471.13 -5859.18 -6235.87 -6607.9 -6971.12 -7318.64 -7655.96 -7978.7 -8285.41 -8573.75 -8853.62 -9126.83 -9384.85 -9631.95 -9863.43 -10073.6 -10272.3 -10451.1 -10611.9 -10766.2 -10907.2 -11018.8 -11113.3 -11194.8 -11262.7 -11325.8 -11377.6 -11418.9 -11449.1 -11473.9 -11506.9 -11541.3 -11569.9 -11587.3 -11599.7 -11606.9 -11612.7 -11617.9 -11625.7 -11625.9 -11618.9 -11604.1 -11586.4 -11561.5 -11546 -11529.6 -11519.7 -11509.2 -11495.2 -11466.7 -11422.3 -11367 -11306.7 -11238.8 -11156.3 -11063.8 -10961.5 -10846.5 -10715.1 -10567.8 -10388.3 -10181.7 -9956.56 -9706.86 -9440.82 -9160.24 -8865.13 -8551.83 -8226.74 -7890.21 -7547.14 -7197.8 -6835.57 -6456.18 -6071.56 -5674.91 -5255.43 -4813.22 -4359.57 -3898.32 -3422.1 -2937.81 -2439.42 -1925.64 -1400.92 -872.386 -339.064 199 
100 -407.268 -911.673 -1409.75 -1900.21 -2378.91 -2852.56 -3314.51 -3763.86 -4202.17 -4634.79 -5060.67 -5474.19 -5881.91 -6270.96 -6649.67 -7022.6 -7391.81 -7746.63 -8079.37 -8394.42 -8702.13 -8987.04 -9253.57 -9506.44 -9754.54 -9979.06 -10191.2 -10389.5 -10576.3 -10752.5 -10915.8 -11059.5 -11179.2 -11288.3 -11370.2 -11432.1 -11494 -11554 -11604.9 -11641.3 -11669.3 -11693.2 -11719.2 -11745.3 -11770.3 -11795.6 -11806.7 -11814 -11821.5 -11833.3 -11837.1 -11825.9 -11808.1 -11784.8 -11757 -11743.9 -11734.6 -11723.1 -11699.3 -11673.8 -11638 -11586.7 -11517.4 -11439.2 -11352.4 -11262.9 -11159.6 -11047.2 -10921.3 -10779.2 -10615.8 -10427.7 -10217.8 -9984.15 -9728.42 -9464.27 -9186.74 -8899.74 -8592.9 -8265.95 -7927.67 -7576.26 -7212.18 -6842.79 -6462.67 -6069.78 -5663.68 -5246.39 -4814.62 -4372.05 -3914.95 -3445.99 -2956.93 -2456.6 -1947.08 -1422.25 -887.266 -345.722 199 
100 -412.287 -919.103 -1421.48 -1916.42 -2407.05 -2888.05 -3358.37 -3818.19 -4264.78 -4696.58 -5121.32 -5534.26 -5928.99 -6312.85 -6689 -7053.01 -7403.25 -7740.87 -8064.42 -8371.63 -8663.79 -8946.74 -9224.37 -9486.45 -9734.24 -9967.24 -10178.6 -10379.5 -10560.8 -10727 -10885.5 -11029 -11142.3 -11238.7 -11321.3 -11390.8 -11453.8 -11505.4 -11548.9 -11581.1 -11605.1 -11634.7 -11665.6 -11691.3 -11705.6 -11715.4 -11721 -11727.7 -11729 -11733 -11730.2 -11721.8 -11706 -11686.7 -11660.4 -11643.7 -11625.2 -11614.4 -11603.6 -11592.1 -11563.3 -11517.1 -11465.2 -11405.5 -11339.3 -11257.6 -11161.3 -11055.3 -10935.7 -10798.7 -10643.2 -10453.9 -10242.7 -10012.8 -9758.93 -9491.13 -9212.03 -8920.33 -8606.28 -8275.01 -7935.07 -7589.25 -7236.52 -6872.67 -6492.01 -6105.49 -5708.78 -5286.87 -4842.93 -4385.7 -3919.04 -3439.44 -2951.68 -2448.8 -1933.44 -1406.33 -876.307 -340.787 199 
100 -406.638 -911.186 -1410.22 -1901.92 -2381.42 -2855.27 -3318.09 -3769.57 -4211.2 -4646.29 -5075.47 -5491.39 -5903.38 -6294.4 -6674.11 -7048.08 -7416.13 -7770.95 -8104.62 -8421.24 -8730.63 -9016.31 -9284.28 -9537.54 -9786.27 -10012.7 -10227.3 -10428.9 -10616.8 -10793.4 -10955 -11099.6 -11221.8 -11329.9 -11411.7 -11473.2 -11535.6 -11595.1 -11645.4 -11681.8 -11710.7 -11734 -11757.5 -11779.6 -11801 -11819.9 -11826.3 -11831.5 -11840.9 -11853.4 -11858.1 -11847.9 -11832.2 -11811.4 -11783.4 -11767.6 -11758.9 -11747.3 -11725.4 -11699.2 -11663.3 -11616 -11550.3 -11471.4 -11386.2 -11298.2 -11195.8 -11083.5 -10956.5 -10816.2 -10657.1 -10475.9 -10272.3 -10045.8 -9795.65 -9529.84 -9247.91 -8955.88 -8646.58 -8316.91 -7977.23 -7624.15 -7260.8 -6891.51 -6508.02 -6107.38 -5696.64 -5274.48 -4838.04 -4390.82 -3930.45 -3459.26 -2968.91 -2467 -1954.92 -1428.15 -890.764 -347.079 199 
100 -412.343 -921.923 -1425.51 -1922.55 -2413.64 -2896.11 -3370.15 -3832.41 -4282.93 -4717.85 -5145.15 -5561.84 -5957.86 -6345.02 -6724.29 -7090.76 -7445.08 -7787.96 -8114.98 -8426.47 -8724.48 -9011.07 -9291.99 -9556.48 -9806.17 -10041.1 -10256.4 -10461.2 -10643.9 -10811.1 -10969 -11113 -11228 -11324.7 -11407.6 -11478 -11542.1 -11598.1 -11648.4 -11688.8 -11713.1 -11742.6 -11772.8 -11795.7 -11806.8 -11813.7 -11818.9 -11826.7 -11829.1 -11834.1 -11833.3 -11828.4 -11814.3 -11790.8 -11764 -11747 -11731.7 -11722.5 -11713.3 -11703.9 -11674.1 -11628.4 -11578.1 -11519.3 -11452.9 -11372.7 -11276 -11170.3 -11053.7 -10920.1 -10765 -10575.6 -10364 -10134.4 -9881.63 -9616.95 -9336.77 -9041.77 -8724.91 -8390.3 -8048.63 -7698.29 -7340.11 -6974.9 -6587.13 -6191.52 -5786.81 -5356.32 -4906.39 -4446.9 -3975.31 -3491.74 -3000.24 -2488.34 -1963.57 -1427.67 -888.947 -346.67 199 
100 -408.625 -915.442 -1417.74 -1912.58 -2396.29 -2871.9 -3338.34 -3794.35 -4241.07 -4681.37 -5115.62 -5534.55 -5948.74 -6343.89 -6726.67 -7103.83 -7475.8 -7833.82 -8175.32 -8497.18 -8809.04 -9098.46 -9369.14 -9622.2 -9870.79 -10099.5 -10314 -10517.9 -10711 -10890.8 -11048.4 -11189.9 -11311.1 -11413.1 -11492.9 -11557 -11620.5 -11681.9 -11733 -11772 -11799.5 -11822.7 -11846.3 -11867 -11888.8 -11906.3 -11911.6 -11915.4 -11925.2 -11939.2 -11946.4 -11940.6 -11927.2 -11906.4 -11877.5 -11861.3 -11851.5 -11835.9 -11810 -11778.3 -11735.6 -11685.6 -11619.6 -11539.3 -11454.2 -11367.1 -11264 -11150.8 -11022.7 -10879.9 -10719.8 -10535.9 -10328.7 -10101.7 -9850.78 -9581.89 -9299.05 -9009.28 -8700.51 -8370.39 -8030.89 -7677.87 -7313.98 -6943.87 -6559.23 -6155.06 -5741.97 -5316.88 -4877.25 -4425.97 -3961.69 -3488.16 -2995.68 -2491.62 -1976.32 -1445.83 -903.919 -353.225 199 
100 -414.838 -927.271 -1433.03 -1932.1 -2424.91 -2910.43 -3387.66 -3852.15 -4305.96 -4743.23 -5173.73 -5593.91 -5995.01 -6387.97 -6770.94 -7141.56 -7495.68 -7838.31 -8164.59 -8477.16 -8777.77 -9065.5 -9349.48 -9615.37 -9867.53 -10102 -10319.9 -10526.2 -10708.3 -10872 -11028.7 -11170.4 -11284.6 -11378.6 -11458.5 -11524.2 -11581.2 -11632.9 -11678.2 -11715.6 -11736.5 -11763.6 -11792.7 -11813.8 -11824.2 -11828.5 -11830.2 -11836.3 -11840.2 -11844.2 -11843.5 -11844.6 -11832.5 -11807.3 -11780.6 -11762.2 -11743.8 -11732.1 -11724 -11713.2 -11682.2 -11636.5 -11584.8 -11523.7 -11456 -11376.9 -11276.7 -11168.4 -11051 -10917.8 -10759.5 -10570.3 -10359.9 -10130.1 -9877.86 -9613.19 -9331.82 -9033.62 -8717.72 -8381.98 -8040.14 -7691.42 -7335.63 -6972.7 -6588.08 -6194.75 -5791.41 -5361.58 -4909.78 -4447.92 -3971.51 -3485.21 -2992.68 -2480.3 -1955.64 -1422.76 -886.566 -346.693 199 
100 -412.58 -923.198 -1430.11 -1929.4 -2421.8 -2902.47 -3373.53 -3832.63 -4284.81 -4732.55 -5173.08 -5598.48 -6017.28 -6419.62 -6802.36 -7177.31 -7546.96 -7903.79 -8247.92 -8572.47 -8884.81 -9176.89 -9450.66 -9705.2 -9953.73 -10186.9 -10403 -10607.7 -10802.5 -10983.8 -11140.5 -11285 -11409.3 -11512.5 -11593 -11656.8 -11716.8 -11776.2 -11825.4 -11863.2 -11889.9 -11915 -11937.6 -11955.9 -11976 -11989 -11988 -11988.2 -11993.4 -12001.6 -12006.5 -12001.9 -11987.1 -11964.9 -11933.8 -11915.3 -11901 -11883.2 -11854.9 -11821.8 -11779.1 -11727.6 -11658.7 -11576 -11491.4 -11406.9 -11303.4 -11187.8 -11058.6 -10913.7 -10754.3 -10568.1 -10358.7 -10128.7 -9872.47 -9599.3 -9313.86 -9023.83 -8713.68 -8380.34 -8039.45 -7684.83 -7319.1 -6947.21 -6560.84 -6154.73 -5740.74 -5314.28 -4873.08 -4418.08 -3951.41 -3474.92 -2982.18 -2480.37 -1965.6 -1433.98 -895.743 -349.06 199 
100 -419.769 -937.282 -1448.74 -1955.2 -2458.1 -2952.3 -3438.19 -3910.4 -4372.2 -4817.87 -5254.45 -5681.21 -6085.59 -6480.76 -6866.64 -7235.87 -7588.64 -7931.51 -8258.99 -8576.08 -8880.86 -9171 -9453.54 -9718 -9972.99 -10211.5 -10432 -10640 -10824.6 -10990.8 -11149 -11292.8 -11411.9 -11509.2 -11590.8 -11658.2 -11717.3 -11773.2 -11824 -11865.2 -11888.3 -11916.7 -11944.6 -11963.3 -11972.3 -11975.8 -11976.9 -11982.8 -11987 -11989 -11985 -11985 -11969.7 -11942.5 -11909.4 -11887.9 -11868.4 -11851.8 -11840.6 -11827.4 -11791.6 -11743.3 -11687.1 -11621.1 -11549.4 -11467.5 -11363.4 -11251.3 -11129.9 -10993.3 -10829.8 -10639.6 -10429.3 -10197.9 -9944.75 -9675.1 -9387.94 -9085.31 -8767.27 -8431.46 -8088.56 -7738.04 -7379.9 -7013.35 -6626.16 -6230.59 -5824.59 -5387.39 -4933.81 -4468.07 -3989.47 -3502.04 -3009.45 -2494.95 -1966.26 -1430.02 -889.966 -348.008 199 
100 -419.929 -937.527 -1451.8 -1959.25 -2460.04 -2947.23 -3426 -3891.32 -4349.67 -4805.32 -5252.04 -5681.23 -6102.42 -6512.87 -6899.73 -7277.58 -7650.47 -8012.05 -8362.7 -8693.86 -9013.89 -9311.36 -9591.32 -9851.33 -10102.7 -10340.3 -10560.4 -10769.2 -10968.7 -11154.2 -11313 -11462.4 -11592.8 -11698.2 -11781.5 -11850.5 -11914.5 -11977.7 -12028.4 -12069.8 -12096.6 -12122.6 -12149.6 -12171.8 -12196.3 -12213 -12213 -12215.6 -12221.5 -12226.5 -12228.9 -12224.7 -12209.3 -12183 -12143.2 -12114.4 -12088.1 -12057.5 -12023.1 -11983.4 -11937.9 -11883.9 -11813.8 -11730.3 -11645.2 -11559.8 -11453.8 -11334.8 -11201.9 -11052.9 -10891.5 -10700.3 -10486.9 -10252.1 -9990.28 -9713.37 -9423.19 -9128.76 -8813.82 -8473.76 -8125.62 -7764.79 -7391.92 -7013.28 -6619.8 -6209.07 -5791.48 -5360.92 -4914.57 -4454.66 -3986.57 -3507.19 -3009.66 -2504.18 -1984.81 -1447.57 -904.667 -353.399 199 
100 -424.887 -945.892 -1458.26 -1965.33 -2469.98 -2968.09 -3457.3 -3933.85 -4399.29 -4849.68 -5290 -5720.51 -6128.86 -6527.42 -6917.76 -7287.64 -7645 -7992.4 -8324.91 -8645.98 -8952.87 -9245.89 -9531.04 -9798.61 -10056.5 -10298.9 -10523.6 -10733.1 -10921.5 -11091.8 -11252.9 -11399.2 -11524.9 -11625.6 -11708.1 -11776.3 -11839.2 -11897.5 -11949.4 -11992.6 -12017.3 -12045.3 -12072.2 -12087 -12093.6 -12094.5 -12090.9 -12091.3 -12092.5 -12093.3 -12091.2 -12092.3 -12077.9 -12047.9 -12009.6 -11985 -11970.7 -11957.7 -11946.5 -11932.2 -11893.9 -11844 -11784.5 -11718.1 -11644.5 -11557.6 -11449.5 -11334.5 -11210.7 -11068 -10898.9 -10707.7 -10496.9 -10262.7 -10012 -9740.34 -9450.3 -9145.99 -8828.21 -8493.47 -8150.39 -7796.21 -7433.61 -7061.63 -6670.4 -6268.89 -5857.79 -5415.87 -4961.99 -4493.22 -4013.19 -3523.18 -3027.28 -2510.23 -1976.31 -1437.68 -895.055 -350.558 199 
100 -426.681 -948.621 -1467.81 -1982.88 -2490 -2985.31 -3471.96 -3943.79 -4407.79 -4867.88 -5316.37 -5746.25 -6165.88 -6577.82 -6967.44 -7345.75 -7717.82 -8080.89 -8433.25 -8769.04 -9094.82 -9397.67 -9683.26 -9949.58 -10203.9 -10443.2 -10661.8 -10869.2 -11068 -11250.8 -11410.8 -11564.2 -11699.7 -11807.6 -11886.3 -11951.2 -12011.3 -12070.4 -12119.5 -12158.1 -12182.4 -12204.8 -12228.3 -12246.3 -12266.7 -12277.4 -12278.4 -12280.5 -12284.8 -12287.2 -12286.7 -12279.8 -12261 -12233.6 -12192.8 -12162.1 -12132.5 -12102.1 -12073.2 -12037 -11992.1 -11937.5 -11864.7 -11777.9 -11692.9 -11606.4 -11496.5 -11373.2 -11237 -11087.8 -10924.5 -10733.9 -10523 -10286.8 -10026 -9747.99 -9454.68 -9155.7 -8834.93 -8494.24 -8144.86 -7784.4 -7413.62 -7037.25 -6642.57 -6230.5 -5809.85 -5373.94 -4924.36 -4462.27 -3993.32 -3511.41 -3012.35 -2506.31 -1985.18 -1446.21 -901.833 -351.983 199 
100 -429.477 -955.148 -1470.71 -1982.06 -2491.69 -2994 -3486.65 -3969.17 -4437.42 -4890.74 -5329.45 -5760.44 -6171.76 -6571.75 -6964.06 -7335.62 -7698.41 -8047.68 -8379.53 -8700.17 -9007.44 -9303.99 -9591.55 -9861.1 -10120.2 -10363.4 -10589.7 -10798.5 -10985.1 -11151.6 -11311.2 -11458.9 -11589.2 -11695.3 -11781.5 -11851.2 -11915.8 -11973.9 -12025.7 -12072 -12097 -12123.4 -12149.5 -12164.3 -12170.4 -12170.5 -12165.1 -12164.4 -12167.5 -12167.6 -12163.6 -12162.7 -12143.4 -12106.3 -12063.9 -12034.3 -12017.6 -12002.3 -11987.9 -11973.2 -11933.5 -11881.6 -11820.8 -11754.6 -11680.8 -11592.8 -11486.9 -11372.7 -11249.5 -11106.9 -10938.8 -10745.4 -10535 -10303.5 -10053.2 -9780.22 -9488.37 -9182.68 -8864.14 -8526.11 -8181.74 -7826.14 -7461.76 -7088.1 -6697.27 -6292.37 -5876.17 -5429.57 -4973 -4501.88 -4021.79 -3530.45 -3032.18 -2514.47 -1980.94 -1441.48 -897.375 -352.013 199 
100 -429.823 -956.852 -1479.2 -1997.63 -2506.39 -3005.72 -3493.49 -3964.12 -4427.29 -4886.25 -5335.23 -5765.88 -6186.33 -6600.92 -6991 -7368.27 -7738.29 -8099.77 -8449.23 -8787.65 -9116.4 -9418.81 -9705.55 -9974.85 -10226.6 -10466.4 -10685.3 -10894.5 -11097.9 -11284.2 -11448.2 -11601.4 -11735.4 -11842.1 -11920.8 -11985.9 -12045.7 -12101.4 -12150.5 -12189.9 -12215.1 -12236 -12259.1 -12276.2 -12296.3 -12303.9 -12302.9 -12301.9 -12302.6 -12304.7 -12304.9 -12298.6 -12282.7 -12257.1 -12214 -12179.5 -12147.3 -12115.2 -12087.8 -12051.9 -12006.4 -11951.3 -11879.3 -11797 -11718.7 -11634.2 -11527.5 -11409.2 -11275.6 -11126.7 -10966.6 -10778.8 -10567.9 -10325.8 -10061.8 -9781.44 -9484.08 -9180.71 -8854.26 -8512.82 -8162.69 -7803.45 -7432.53 -7056.12 -6663.11 -6252.98 -5832.4 -5397.02 -4946.85 -4479.95 -4006.5 -3520.64 -3018.11 -2510.64 -1988.55 -1448.52 -903.384 -352.557 199 
100 -429.337 -954.899 -1469.21 -1980.22 -2490.08 -2991.18 -3482.85 -3965.73 -4434.04 -4888.12 -5326.9 -5758.78 -6171.11 -6571.81 -6963.95 -7338.28 -7703.77 -8058.94 -8396.66 -8719.55 -9028.64 -9325.18 -9612.86 -9888.33 -10151.4 -10396 -10623.1 -10832 -11019.9 -11185.7 -11345.6 -11492.4 -11625.2 -11733.2 -11818.1 -11888.6 -11952.9 -12010 -12061.7 -12106.4 -12131.3 -12152.1 -12174.4 -12188.7 -12195.6 -12196.1 -12190.1 -12189.3 -12190.2 -12186.6 -12178 -12170.2 -12150 -12115.2 -12075.6 -12047.5 -12031.5 -12017.7 -12002.6 -11988.3 -11948.8 -11895.5 -11834.3 -11769.4 -11696.3 -11607.2 -11502.8 -11387.5 -11261.6 -11116.3 -10944.6 -10748.7 -10537.6 -10307 -10054.8 -9778.38 -9485.1 -9179.05 -8860.62 -8523.33 -8178.69 -7822.62 -7457.28 -7083.09 -6693.35 -6287.95 -5867.54 -5421.95 -4967.8 -4499.12 -4021.73 -3530.41 -3030.96 -2513.02 -1981.61 -1442.32 -897.697 -352.182 199 
100 -429.81 -957.16 -1480.43 -1999.24 -2507.24 -3008.26 -3495.94 -3966.49 -4429.98 -4888.08 -5336.82 -5765.91 -6185.31 -6599.88 -6990.39 -7368.1 -7737.03 -8098.64 -8448.42 -8787.18 -9115.61 -9417.72 -9705.28 -9975.66 -10226.4 -10467.2 -10682.8 -10888.8 -11087.2 -11267.9 -11432.5 -11583.5 -11715.8 -11820.7 -11896.5 -11958.2 -12015.5 -12068 -12116.7 -12154.8 -12180.7 -12197.8 -12218.7 -12237.2 -12258.3 -12262.4 -12261.7 -12261.6 -12261.4 -12264.1 -12266.2 -12260.9 -12246.5 -12219.9 -12177.4 -12143.7 -12109.7 -12077.4 -12050.9 -12018.8 -11976.4 -11923.3 -11854.7 -11774.3 -11696.9 -11611.3 -11505.8 -11387.5 -11254.8 -11111.5 -10957.9 -10776.6 -10569.2 -10328.3 -10068.5 -9791.84 -9494.42 -9189.94 -8862.78 -8522.92 -8175.48 -7816.75 -7446.61 -7072.11 -6678.5 -6268.7 -5849.78 -5415.21 -4962.8 -4491.89 -4013.18 -3522.2 -3016.53 -2506.53 -1984.57 -1444.3 -902.01 -352.311 199 
100 -434.224 -964.691 -1482.86 -1998.64 -2513.18 -3017.17 -3513.62 -4001.48 -4474.81 -4934.8 -5378.75 -5815.8 -6235.01 -6641.02 -7034.42 -7412.08 -7781.21 -8141.92 -8485.63 -8810.96 -9121.63 -9420.07 -9709.2 -9985.78 -10248.4 -10495 -10722.1 -10933.9 -11124.3 -11291.5 -11456.1 -11605.4 -11742.4 -11848.7 -11930.3 -12000.1 -12062.6 -12118.9 -12170.1 -12214 -12236.1 -12249.3 -12271 -12287.3 -12297.4 -12300.7 -12297.7 -12298.8 -12302.2 -12302.6 -12297.2 -12292.2 -12273.5 -12237.8 -12197.5 -12168.6 -12152.2 -12138.8 -12118.8 -12095.9 -12049.3 -11990.8 -11925.4 -11858.5 -11786.1 -11697.9 -11594.5 -11477.2 -11348.9 -11202.4 -11029.3 -10831.5 -10618.6 -10387.6 -10135.2 -9854.31 -9555.04 -9242.23 -8919.4 -8578.92 -8230.53 -7869.8 -7499.61 -7121.58 -6727.85 -6316.63 -5887.45 -5438.5 -4981.55 -4513 -4037.14 -3548.92 -3047.42 -2528.53 -1997.95 -1455.76 -906.944 -356.823 199 
100 -434.164 -966.172 -1494.82 -2017.74 -2528.16 -3031.28 -3521.74 -3996.7 -4465.51 -4926.51 -5378.32 -5811.71 -6234.4 -6652.2 -7048.21 -7430.68 -7801.62 -8165.6 -8518.7 -8859.29 -9190.6 -9498.12 -9791.02 -10063.2 -10315.7 -10557.7 -10777 -10987.1 -11186 -11367.2 -11534.1 -11686.1 -11818.6 -11924.7 -12001.8 -12064.6 -12123.9 -12177 -12227.8 -12265.8 -12291.7 -12308.9 -12331.2 -12350.8 -12372.2 -12375 -12376.6 -12378.1 -12379.1 -12379.1 -12377.9 -12364.8 -12346.9 -12318.2 -12277.3 -12242.6 -12211.8 -12183.9 -12159.8 -12127.2 -12082.4 -12027.8 -11962.7 -11886.7 -11807.7 -11719.8 -11613.9 -11494.6 -11360.9 -11216.4 -11062.3 -10881.3 -10672.1 -10428.3 -10164.6 -9882.95 -9581.91 -9270.73 -8939.1 -8594.48 -8241.29 -7877.06 -7500.48 -7118.52 -6720.05 -6306.69 -5885.99 -5450.34 -4994.8 -4525.15 -4045.49 -3552.95 -3046.44 -2533.16 -2007.48 -1462.4 -915.006 -359.441 199 
100 -439.344 -974.475 -1499.68 -2023.47 -2544.67 -3050.2 -3548.61 -4039.28 -4517.96 -4984.62 -5434.82 -5880.77 -6313.86 -6728.84 -7132.55 -7518.83 -7892.47 -8258.32 -8607.71 -8938.46 -9254.1 -9557.02 -9846.75 -10124.4 -10386.4 -10635.1 -10862.6 -11075.9 -11266.7 -11433.3 -11597.2 -11747.9 -11888.9 -11995 -12077.8 -12146.9 -12208.3 -12262.5 -12312.4 -12354.3 -12374.2 -12382.3 -12397.8 -12412.4 -12425.7 -12432.1 -12431.9 -12435.2 -12441.9 -12443.8 -12440.4 -12438.7 -12422.9 -12387.8 -12347.3 -12318 -12300.5 -12287.2 -12267.2 -12243 -12195.6 -12134.9 -12068.3 -11999.6 -11923.8 -11828.2 -11721.3 -11602.2 -11473.9 -11328.4 -11156 -10956.7 -10742.6 -10509 -10253.1 -9968.36 -9664.45 -9347.9 -9020.72 -8674.91 -8319.54 -7952.19 -7577.25 -7195.19 -6797.29 -6381.6 -5947.6 -5494.28 -5031.45 -4560.71 -4081.2 -3589.93 -3083.69 -2561.8 -2026.52 -1477.11 -921.741 -363.969 199 
100 -441.015 -980.148 -1516.31 -2044.39 -2559.78 -3067.43 -3561.69 -4040.69 -4515.54 -4981.67 -5439.81 -5879.99 -6308.87 -6731.39 -7135.15 -7524.63 -7900.31 -8268.74 -8625.99 -8969.26 -9302.49 -9611.4 -9906.05 -10179.2 -10433.6 -10676 -10896.1 -11106.8 -11305.4 -11487.2 -11655.2 -11807.4 -11940.1 -12046.8 -12124.6 -12188.6 -12249.2 -12302.1 -12354.4 -12393.6 -12421.7 -12439.3 -12462.3 -12482.6 -12502.7 -12505 -12505.8 -12509.1 -12511 -12510.7 -12506.1 -12491.9 -12471.9 -12438.6 -12397.9 -12361.2 -12327.8 -12299 -12273.2 -12240.2 -12197.3 -12143.3 -12078.6 -12003.9 -11921.6 -11830.3 -11722.9 -11602.1 -11468 -11322.1 -11166.5 -10984.5 -10772.8 -10531.2 -10269.5 -9986.3 -9679.91 -9362.54 -9032.07 -8685.7 -8330 -7964.23 -7586.17 -7198.2 -6794.7 -6378.88 -5954.96 -5514.22 -5054.71 -4582.2 -4095.78 -3595.24 -3083.99 -2566.1 -2035.88 -1484.62 -928.883 -367.035 199 
100 -442.782 -981.268 -1510.57 -2034.27 -2550.67 -3053.1 -3548.75 -4040.1 -4521.67 -4993.12 -5446.55 -5892.36 -6328.79 -6743.28 -7148.54 -7535.95 -7909.35 -8276.41 -8627.26 -8958.79 -9274.89 -9577.22 -9863.31 -10137.8 -10397 -10642.6 -10872.3 -11090.7 -11284.2 -11449.2 -11609.9 -11757.5 -11896.2 -12002.3 -12085.4 -12154.9 -12216.3 -12269.3 -12319.3 -12361.6 -12383.8 -12390.9 -12404.6 -12418.6 -12432.3 -12440 -12442.8 -12446.8 -12452.9 -12453.1 -12450 -12449.7 -12433.9 -12400.9 -12361.8 -12333.4 -12313 -12296.6 -12277.5 -12254.2 -12206.8 -12146.1 -12079.9 -12011.3 -11936 -11840.7 -11734.8 -11615 -11486.9 -11340.9 -11171.2 -10977.9 -10767.3 -10532.6 -10273.8 -9987.34 -9681.75 -9364.98 -9037.13 -8695.18 -8339.84 -7972.14 -7596.54 -7215.05 -6818.63 -6403.02 -5969.13 -5515.6 -5051.53 -4581.33 -4102.35 -3609.16 -3099.79 -2575.11 -2037.74 -1486.25 -928.355 -367.063 199 
100 -443.217 -984.785 -1523.54 -2053.94 -2572.36 -3082.36 -3578.46 -4060.42 -4537.2 -5004.7 -5464.61 -5906.39 -6336.58 -6759.74 -7165.82 -7558.24 -7935.51 -8305.79 -8665.24 -9011.35 -9343.29 -9650.75 -9944.7 -10217.9 -10475 -10718.7 -10939 -11150 -11343.3 -11523.2 -11691 -11841.5 -11971.7 -12077.5 -12154.7 -12216 -12274.8 -12325.7 -12377.9 -12419.3 -12448.5 -12465.7 -12487.3 -12506.7 -12522.7 -12523.7 -12523.8 -12529.2 -12533 -12536.1 -12532.9 -12524.3 -12503 -12469.2 -12430.1 -12391.2 -12357.3 -12328.5 -12301.8 -12268.3 -12225.5 -12171.1 -12107.5 -12037.5 -11956.3 -11867.4 -11758.9 -11638.1 -11502.3 -11355.2 -11199.8 -11016.6 -10804.1 -10561.2 -10299.3 -10014.5 -9706.8 -9384.28 -9052.44 -8706.31 -8349.16 -7983.45 -7605.25 -7216.36 -6812.19 -6396.33 -5970.24 -5527.49 -5066.99 -4592.99 -4106.82 -3605.3 -3093.5 -2572.15 -2037.51 -1486.64 -928.774 -366.788 199 
100 -446.695 -988.895 -1523.16 -2051.06 -2573.01 -3082.8 -3585.12 -4081.96 -4567.3 -5043.95 -5501.86 -5951.27 -6394.19 -6815.53 -7227.71 -7623.37 -8000.55 -8372.27 -8728.43 -9064.24 -9384.73 -9690.13 -9982.18 -10260.6 -10522.8 -10766 -10994.3 -11211.5 -11409.6 -11577.1 -11738.1 -11886.1 -12025.7 -12134.3 -12218.8 -12289.2 -12351.2 -12404.2 -12455 -12498.4 -12522 -12529.5 -12542.4 -12553.1 -12564.5 -12571.7 -12570.1 -12569.9 -12570.9 -12563.8 -12555.1 -12552.8 -12535.1 -12501 -12462.1 -12430.9 -12405.3 -12384.6 -12362.9 -12336 -12284.3 -12220.6 -12152.5 -12081.2 -12000.1 -11901.7 -11793.3 -11672.5 -11543.9 -11398.2 -11231.5 -11039.9 -10824.9 -10586.8 -10322.8 -10033.5 -9724.27 -9402.49 -9069.93 -8724.7 -8366.78 -7993.61 -7612.23 -7226.95 -6829.52 -6411.67 -5976.66 -5523.31 -5059.36 -4589.24 -4114.19 -3622.04 -3112.23 -2585.26 -2045.69 -1493.29 -933.162 -369.474 199 
100 -444.724 -987.991 -1527.21 -2058.21 -2575.9 -3084.33 -3582.45 -4064.44 -4539.29 -5007.52 -5470.76 -5914.69 -6345.5 -6770.52 -7179.21 -7573.92 -7949.35 -8316.19 -8673.88 -9019.51 -9347.93 -9656.1 -9947.9 -10219.5 -10477.3 -10720.7 -10941.6 -11153.7 -11346.6 -11527.8 -11697.3 -11847.9 -11978.1 -12086.6 -12168.3 -12232.1 -12292.9 -12343.9 -12399.5 -12445.7 -12477.8 -12500.4 -12522.8 -12543.1 -12556.2 -12557.2 -12556.2 -12561.9 -12564.7 -12567.4 -12562.3 -12553.8 -12528.7 -12491.9 -12452.9 -12414.7 -12378.3 -12345.3 -12314.5 -12276.2 -12231.9 -12175.5 -12109.6 -12036.8 -11952.2 -11862.5 -11753.6 -11632.5 -11498.9 -11354.3 -11200.4 -11017.6 -10804.5 -10559.9 -10297.2 -10012 -9705.2 -9383.69 -9052.9 -8708.7 -8351.79 -7987.24 -7609.91 -7219.7 -6816.55 -6403.12 -5979.57 -5536.46 -5078.23 -4602.75 -4116.16 -3613.81 -3101.57 -2578.13 -2040.83 -1488.75 -930.161 -367.333 199 
100 -451.041 -997.684 -1535.44 -2067.16 -2589.33 -3101.09 -3605.15 -4104.22 -4593.9 -5074.36 -5535.5 -5986.27 -6430.86 -6859.64 -7279.2 -7678.68 -8057.5 -8431.45 -8790.84 -9131.1 -9456.86 -9765.99 -10061.3 -10339.4 -10603.5 -10845.4 -11078.1 -11292.1 -11489.2 -11657.2 -11815.8 -11962.3 -12099.9 -12210.7 -12296.2 -12365.7 -12425.8 -12476.5 -12525.8 -12565.3 -12585.4 -12592.6 -12603.5 -12612.4 -12622.1 -12629.9 -12629.6 -12629.7 -12634 -12632.1 -12627.7 -12626.4 -12610.1 -12574.7 -12537.2 -12504.8 -12478 -12455.1 -12430.9 -12403.5 -12352.9 -12285.1 -12212.9 -12138.6 -12055 -11956.2 -11846 -11724.2 -11593.7 -11446.3 -11280.9 -11088.4 -10872.2 -10632.1 -10365.4 -10075.9 -9765.3 -9443.28 -9112.21 -8768.86 -8407.21 -8029.41 -7642.98 -7253.79 -6855.43 -6434.23 -5997.03 -5541.93 -5075.17 -4603.56 -4126.13 -3629.63 -3117.48 -2590.15 -2048.8 -1495.94 -933.558 -368.444 199 
100 -451.391 -1001.47 -1546.33 -2084.97 -2610.67 -3125.66 -3630.33 -4120.25 -4598.66 -5069.89 -5535.09 -5981.85 -6417.98 -6848.78 -7264.19 -7666.61 -8049.03 -8418.9 -8782.25 -9135.13 -9468.71 -9783.31 -10079.6 -10355.5 -10617.4 -10862.6 -11084.8 -11296.4 -11489.2 -11669 -11838.4 -11987.5 -12114.4 -12222 -12298.9 -12359.5 -12418.6 -12466.5 -12520.1 -12563.6 -12592.2 -12613.5 -12632.6 -12647.8 -12652.1 -12651.3 -12648.2 -12654.3 -12657.6 -12658.8 -12651.8 -12643.6 -12620.7 -12586.8 -12550.6 -12514.9 -12479.7 -12446.8 -12417.6 -12381.2 -12336.9 -12282.5 -12219.9 -12148.6 -12065.1 -11974.4 -11863 -11740.9 -11606.1 -11460.5 -11305.1 -11120.3 -10905.4 -10660.6 -10401 -10114.2 -9806.91 -9482.7 -9150.41 -8806 -8446.68 -8076.79 -7692.89 -7294.79 -6884.06 -6465.84 -6038.12 -5588.93 -5125.91 -4645.07 -4153.83 -3649.65 -3135.41 -2604.04 -2057.38 -1500.13 -937.659 -370.363 199 
100 -454.817 -1005.04 -1545.82 -2079.02 -2601.06 -3114.12 -3621.43 -4123.97 -4617.76 -5099.85 -5562.8 -6015.16 -6460.82 -6889.07 -7308.86 -7708.43 -8089.71 -8465.22 -8827.09 -9168.4 -9495.15 -9801.61 -10094.2 -10373.1 -10638.2 -10878.2 -11109.1 -11324 -11523 -11697.8 -11859 -12005.8 -12138.7 -12246.2 -12333.1 -12404.6 -12466 -12516.8 -12567.6 -12608.3 -12631.2 -12638.5 -12646.8 -12654.4 -12661.7 -12668 -12666.9 -12667.1 -12671.8 -12673 -12670.2 -12667.9 -12645.6 -12610.4 -12577.1 -12549 -12525.5 -12503.5 -12476.8 -12448.4 -12399.7 -12334.1 -12262 -12185.3 -12097.3 -11994.6 -11881.9 -11760.9 -11630.6 -11483.6 -11319.2 -11129 -10912.3 -10670.6 -10403.3 -10114.3 -9804.83 -9483.12 -9149.2 -8806.72 -8448.03 -8070.58 -7681.72 -7290.88 -6888.27 -6464.25 -6027.06 -5570.22 -5100.59 -4626.91 -4148.74 -3650.55 -3133.47 -2602.74 -2057.37 -1503.33 -938.108 -370.926 199 
100 -451.716 -1002.22 -1546.56 -2086.41 -2613.76 -3130 -3634.59 -4126 -4604.65 -5075.51 -5539.71 -5986.4 -6423.33 -6852.69 -7269.02 -7672.16 -8054.11 -8422.3 -8782.66 -9133.44 -9462.76 -9774.51 -10070.7 -10347.8 -10611.8 -10857.9 -11079.3 -11289.2 -11481.9 -11661.2 -11831.8 -11979.2 -12104.4 -12208.2 -12283.3 -12344.3 -12403.8 -12451.1 -12504.9 -12548.2 -12575 -12597 -12614.8 -12628.4 -12630.6 -12630.6 -12628.1 -12634.7 -12637.9 -12640.3 -12633.4 -12624.4 -12606.3 -12579.7 -12548.3 -12516.4 -12482.1 -12447.4 -12415.7 -12381.3 -12336.9 -12285.4 -12224.4 -12153.8 -12070.9 -11979.9 -11869.3 -11750.9 -11621.1 -11479.3 -11326 -11140.3 -10924.4 -10683 -10421.3 -10128 -9814.22 -9486.65 -9151.15 -8806.91 -8447.61 -8078.17 -7695.67 -7298.28 -6888.39 -6470.27 -6042.47 -5592.57 -5129.68 -4649.68 -4159.2 -3655 -3140.97 -2608.8 -2061.93 -1504.67 -941.872 -372.497 199 
100 -454.543 -1004.1 -1544.3 -2076.16 -2600.31 -3113.35 -3620.63 -4122.35 -4616.01 -5099 -5562.2 -6015.24 -6460.38 -6889.31 -7308.05 -7707.44 -8090.48 -8466.13 -8828.98 -9170.73 -9498.95 -9803.42 -10092.3 -10372.4 -10634.8 -10875.1 -11104.7 -11317 -11514.2 -11691.4 -11851.7 -11999 -12134.2 -12245 -12331.5 -12402.6 -12463.6 -12514 -12565.7 -12606.5 -12632.5 -12647.4 -12657.6 -12669.1 -12675.7 -12685.6 -12685 -12684.1 -12686.3 -12684 -12676.6 -12668.8 -12643.5 -12606.8 -12571.6 -12543.6 -12519.3 -12493.4 -12462.9 -12434.2 -12389.2 -12327.6 -12256.5 -12178.8 -12090.6 -11987.6 -11875.4 -11754.8 -11623.8 -11476.1 -11309.8 -11120.7 -10903.7 -10660.8 -10391.5 -10101.7 -9792.06 -9469.39 -9135.23 -8792.46 -8432.41 -8054.7 -7665.56 -7274.44 -6870.44 -6445.87 -6011.2 -5557.18 -5089.81 -4618.78 -4143.32 -3648.92 -3133.83 -2604.19 -2058.03 -1503.74 -939.081 -371.378 199 
100 -451.26 -1001.35 -1546.79 -2089.52 -2621.09 -3140.51 -3646.96 -4141.27 -4622.92 -5095.47 -5559.25 -6005.08 -6442.06 -6869.14 -7284.93 -7689.46 -8072.24 -8441.26 -8801.1 -9153.31 -9483.85 -9794.7 -10090.4 -10367.7 -10632.8 -10878.1 -11098.5 -11306.3 -11498.2 -11678.6 -11848 -11996.4 -12123.6 -12227.7 -12306.1 -12367 -12426 -12473 -12525.9 -12567.5 -12597.5 -12621.3 -12640 -12650.9 -12655.1 -12657.8 -12658.2 -12666.9 -12669.9 -12671.7 -12663.9 -12655.6 -12636.5 -12608.4 -12575.5 -12541.3 -12506.2 -12470.4 -12440.1 -12407.2 -12362.7 -12312.3 -12252.1 -12181.3 -12098.3 -12003.1 -11890.5 -11771.9 -11643.5 -11502.1 -11349.7 -11162.9 -10945.6 -10703 -10440.2 -10144.6 -9830.41 -9498.62 -9159.9 -8815.52 -8456.79 -8086.96 -7704.81 -7307.46 -6897.54 -6478.99 -6049.56 -5598.92 -5134.78 -4654.77 -4164.08 -3659.72 -3144.05 -2611.3 -2063.12 -1505.16 -941.923 -372.906 199 
100 -454.51 -1003.9 -1543.78 -2074.8 -2598.35 -3111.3 -3618.75 -4119.88 -4611.08 -5091.2 -5554.9 -6009.31 -6454.55 -6887.36 -7305.35 -7708.4 -8096.57 -8473.59 -8837.6 -9178.5 -9509.04 -9812.72 -10101.1 -10382.5 -10642.9 -10884.3 -11112.8 -11325.8 -11524.5 -11703.8 -11863.3 -12011 -12145.9 -12255.1 -12340 -12410.1 -12470.8 -12521.6 -12573.7 -12614.4 -12641.7 -12657.2 -12667.3 -12680.1 -12685.7 -12697 -12694.5 -12690.3 -12692.8 -12693.9 -12687.7 -12679.1 -12657.2 -12626 -12595.3 -12569.7 -12542.9 -12513.5 -12481.5 -12450 -12407.5 -12350.4 -12279 -12197.2 -12104.9 -12002.2 -11891 -11770.8 -11636.9 -11485.4 -11314.8 -11123.8 -10902.5 -10657.5 -10385.2 -10093.9 -9784.43 -9461.57 -9126.9 -8784.15 -8423.51 -8045.46 -7656.67 -7265.51 -6861.1 -6436.7 -6002.09 -5547.98 -5081.07 -4610.01 -4133.94 -3640.68 -3126.23 -2597.27 -2052.05 -1497.64 -935.222 -369.981 199 
100 -451.479 -1001.78 -1547.13 -2090.15 -2623.54 -3144 -3649.88 -4145.23 -4626.9 -5098.52 -5561.13 -6007.21 -6445.09 -6870.88 -7286.85 -7690.71 -8071.94 -8437.1 -8793.99 -9141.93 -9469.16 -9779.72 -10075.7 -10353.6 -10620.4 -10865.3 -11084.1 -11292.2 -11484.1 -11663.7 -11832.5 -11981.9 -12109.3 -12213.4 -12291.9 -12353.7 -12412.9 -12460.2 -12513.3 -12552.2 -12583.3 -12608.7 -12629.8 -12638.6 -12646.3 -12648.6 -12649.6 -12657.6 -12661.2 -12661.7 -12655.3 -12648.7 -12628.2 -12600.1 -12568.4 -12534.5 -12500.3 -12466.5 -12440.3 -12411.2 -12369.1 -12319.9 -12260.6 -12190.6 -12106.9 -12008 -11891.7 -11770.5 -11640.3 -11493.4 -11342.2 -11151.7 -10931.8 -10691.4 -10427.2 -10127.2 -9812.85 -9484.25 -9147.81 -8803.9 -8445.92 -8076.2 -7694.74 -7298.69 -6889.39 -6473.56 -6044.93 -5598.2 -5133.49 -4654.66 -4164.08 -3658.58 -3141.12 -2608.45 -2059.63 -1501.98 -940.586 -372.642 199 
100 -455.46 -1005.88 -1546.44 -2077.91 -2603.33 -3120.26 -3631.75 -4136.08 -4629.74 -5108.63 -5573.73 -6030.43 -6476.6 -6913.03 -7330.46 -7736.09 -8127.22 -8506.76 -8872.04 -9215.5 -9548.82 -9852.81 -10141.6 -10424 -10682.1 -10921.5 -11150.2 -11364.8 -11567.5 -11752.1 -11913.8 -12061.3 -12194 -12305.1 -12393.7 -12465.9 -12527.4 -12580.1 -12633.7 -12675.6 -12703.9 -12712.8 -12715.6 -12723.3 -12727 -12735.8 -12728.3 -12718.3 -12716 -12717.1 -12710.8 -12698.6 -12678.1 -12650.5 -12622.3 -12598.3 -12571.9 -12542.4 -12513.6 -12483.7 -12445.2 -12390 -12321 -12239 -12143.7 -12037 -11921.9 -11797.7 -11659.1 -11506.6 -11333 -11141 -10921.1 -10675.4 -10398.5 -10102.6 -9790.85 -9466.41 -9130.58 -8787.67 -8428.17 -8051.34 -7664.18 -7272.39 -6865.29 -6440.25 -6003.19 -5547.01 -5081.34 -4608.28 -4129.48 -3634.89 -3120.04 -2591.8 -2046.67 -1493.37 -931.78 -368.162 199 
100 -451.862 -1002.06 -1547.94 -2090.98 -2626.39 -3147.76 -3650.87 -4145.5 -4628.06 -5098.77 -5559.92 -6006.67 -6444.84 -6869.6 -7285.14 -7688.69 -8070.26 -8433.87 -8790.96 -9136.25 -9460.96 -9772.03 -10068 -10346.5 -10616.1 -10856.4 -11074.4 -11283.5 -11478.6 -11661 -11829.2 -11981.9 -12114.7 -12226.9 -12314.4 -12383.6 -12446.7 -12497.5 -12554.1 -12595.2 -12626.4 -12650 -12671.3 -12679.3 -12687.1 -12690.8 -12692.5 -12700.2 -12703.5 -12702.7 -12697.9 -12692.4 -12671.1 -12645.3 -12615.4 -12581.8 -12549.5 -12520 -12496.7 -12468.7 -12429.6 -12380.8 -12323.8 -12257.5 -12175.3 -12076.1 -11961.3 -11840.3 -11711.1 -11562.4 -11407.6 -11217.6 -11003.2 -10764.4 -10498.4 -10195.5 -9878.23 -9550.67 -9216.48 -8875.92 -8519.73 -8147.66 -7765.15 -7370.99 -6962.15 -6542.21 -6106.75 -5655.19 -5184.1 -4698.35 -4202.28 -3692.2 -3171.25 -2633.44 -2078.81 -1515.81 -948.664 -375.29 199 
100 -455.464 -1005.91 -1546.84 -2078.41 -2602.83 -3120.04 -3631.8 -4133.66 -4625.64 -5101.43 -5566.05 -6022.23 -6467.28 -6905.66 -7320.56 -7726.24 -8118.74 -8499.86 -8865.22 -9210.94 -9545.87 -9854.45 -10148.7 -10434.6 -10695.5 -10934.1 -11162.8 -11375.6 -11576 -11762.5 -11924.4 -12071.8 -12205 -12316.6 -12405.4 -12475.7 -12537.9 -12591.9 -12646.1 -12689 -12716.9 -12726.2 -12728.5 -12735.2 -12740.3 -12748.9 -12741.3 -12731.6 -12728.9 -12732.5 -12729.2 -12716.3 -12697.7 -12673.1 -12646.9 -12623.5 -12595.7 -12567 -12539.9 -12511.3 -12475.1 -12421.1 -12353.4 -12273.7 -12180.5 -12078.6 -11967.3 -11842.7 -11704.3 -11554.9 -11384.3 -11195.2 -10975.3 -10731.1 -10454.8 -10155.8 -9843.28 -9516.92 -9177.37 -8831.69 -8468.77 -8088.37 -7701.45 -7309.48 -6898.72 -6472.3 -6032.8 -5574.11 -5106.47 -4629.72 -4146.85 -3649.78 -3131.89 -2600.7 -2053.03 -1499.87 -937.437 -371.049 199 
100 -452.611 -1002.89 -1549.82 -2090.79 -2627.43 -3148.95 -3652.81 -4149.44 -4636.14 -5109.47 -5572.79 -6020.79 -6459.18 -6887.28 -7305.46 -7713.08 -8098.43 -8463.44 -8821.09 -9164.73 -9488.45 -9800.35 -10096.9 -10376 -10647.9 -10890.1 -11111.2 -11318.5 -11510.6 -11690.6 -11857.1 -12011.6 -12144.1 -12254.6 -12342 -12411.9 -12472.5 -12522.3 -12576.1 -12615.7 -12646.5 -12669.6 -12690.6 -12698.7 -12707.2 -12712.6 -12715.3 -12719.4 -12718.9 -12715.6 -12709.8 -12705.2 -12684.6 -12658.8 -12628.9 -12596.3 -12565.5 -12538.4 -12516.4 -12487.7 -12448.7 -12397.9 -12341.5 -12273.4 -12193 -12095.7 -11984.7 -11866.6 -11738.2 -11592.3 -11435.5 -11243.4 -11027.4 -10786.4 -10514.9 -10212.2 -9895.44 -9568.78 -9236.71 -8899.11 -8545.25 -8173.04 -7786.11 -7389.54 -6978.32 -6555.55 -6116.51 -5663.96 -5191.32 -4703.68 -4204.73 -3693.94 -3171.05 -2631.52 -2076.97 -1514.34 -947.387 -374.649 199 
100 -455.995 -1006.3 -1545.84 -2077.18 -2601.31 -3119.51 -3632.21 -4135.47 -4630.82 -5111.15 -5577.44 -6033.06 -6475.75 -6911.01 -7322.27 -7727.6 -8122.31 -8505.19 -8871.57 -9219.86 -9557.3 -9867.77 -10162.4 -10450.1 -10715.5 -10954.3 -11183.6 -11398.3 -11599.6 -11791.7 -11956 -12105.7 -12242.7 -12358.5 -12447.8 -12518.1 -12581.5 -12637.6 -12694.3 -12737 -12763.3 -12774.8 -12777.3 -12784.9 -12790.9 -12797 -12787.3 -12777.5 -12772 -12774.2 -12770.8 -12759 -12743.1 -12720.9 -12697.5 -12675.6 -12647.1 -12620.2 -12595.8 -12569.7 -12535.4 -12483.5 -12418 -12338.8 -12245.8 -12143.7 -12030.3 -11903.1 -11763.2 -11611.7 -11441.2 -11250.4 -11028.6 -10782.1 -10505.1 -10204 -9889.79 -9560.68 -9215.83 -8865.08 -8500.81 -8118.53 -7729.48 -7332.2 -6918.12 -6491.5 -6049.06 -5589.33 -5119.86 -4641.4 -4155.01 -3656 -3135.17 -2601.56 -2052.16 -1497.67 -936.215 -370.692 199 
100 -451.557 -1000.08 -1546.29 -2085.73 -2623.53 -3147.03 -3652.73 -4150.98 -4639.3 -5113.74 -5577.89 -6027.79 -6466.78 -6895.59 -7314.87 -7723.84 -8114.05 -8481.31 -8840.07 -9184.57 -9508.61 -9824.21 -10125.5 -10409.4 -10686.9 -10929.7 -11153.7 -11359.7 -11549.6 -11728.3 -11892.3 -12046.4 -12177.2 -12289.8 -12378.4 -12449.5 -12511.3 -12564.1 -12616.2 -12654.2 -12683.5 -12707.4 -12728 -12737.2 -12747.1 -12752.7 -12754.2 -12759.9 -12760.6 -12759.2 -12755.7 -12752.1 -12734.5 -12712.1 -12684.9 -12654.6 -12626.5 -12602.6 -12583.3 -12563 -12532.7 -12488.1 -12438.5 -12376.8 -12300.9 -12203.1 -12090.9 -11971.1 -11840.7 -11692.9 -11527.7 -11328.6 -11109.7 -10866.5 -10593.9 -10293.4 -9974.78 -9643.48 -9306.88 -8964.63 -8610.29 -8233.81 -7842.68 -7442.41 -7026.74 -6596.65 -6152.59 -5693.22 -5216.32 -4727.08 -4226.04 -3712.52 -3185.4 -2642.85 -2084.45 -1520.46 -951.764 -377.616 199 
100 -456.568 -1009.49 -1553.41 -2088.65 -2615.32 -3137.33 -3653.1 -4160.96 -4657.18 -5139.47 -5607.6 -6063.97 -6510.11 -6947.31 -7361.29 -7770.59 -8170.7 -8556.83 -8923.87 -9274.25 -9611.85 -9923.65 -10219.3 -10504.5 -10769.8 -11008.3 -11237.9 -11453.1 -11652 -11845.3 -12009.6 -12159.8 -12296 -12409.8 -12498.3 -12568.8 -12633.3 -12691.4 -12748.8 -12792.3 -12819.1 -12831.2 -12834.9 -12841.7 -12850.7 -12857.3 -12849.2 -12840.9 -12837.1 -12838.9 -12834.2 -12820.3 -12802.8 -12781.5 -12761 -12739.7 -12711.8 -12684.5 -12659.8 -12634.4 -12601.2 -12555.3 -12492.2 -12413.3 -12323.5 -12220.2 -12103.8 -11977.1 -11835.4 -11677.3 -11498.2 -11300.3 -11072.9 -10821.4 -10543 -10243.1 -9929.79 -9600.89 -9255.41 -8902 -8534.17 -8148.85 -7758.34 -7358.3 -6942.32 -6512.4 -6065.91 -5605.72 -5134.09 -4653.6 -4161.08 -3657.65 -3136.99 -2602.9 -2055.34 -1500.98 -940.559 -373.863 199 
100 -454.845 -1005.95 -1555.81 -2097.99 -2635.98 -3163.3 -3672.12 -4173.62 -4664.04 -5141.89 -5608.26 -6061.11 -6502.55 -6933.25 -7354.99 -7765.27 -8158.11 -8527.74 -8887.11 -9231.08 -9557.27 -9874.61 -10176.2 -10460.5 -10738.2 -10981.9 -11210.9 -11423.2 -11618.3 -11799.3 -11963 -12117 -12244.2 -12355.3 -12447.1 -12521.4 -12586.3 -12644.3 -12697 -12735.7 -12765.3 -12792.3 -12813.3 -12821.3 -12831.8 -12838.8 -12840.7 -12844.1 -12841.1 -12842 -12842 -12839.2 -12822.9 -12802.2 -12775.9 -12746.6 -12717.5 -12692.9 -12675.4 -12655.3 -12626.3 -12580.4 -12527.2 -12463.6 -12385.1 -12283.1 -12167.9 -12045.2 -11913.3 -11764.2 -11595.2 -11396.2 -11177.3 -10933.4 -10658.2 -10360.6 -10041.7 -9710.43 -9373.56 -9030.77 -8671.71 -8288.82 -7894.29 -7490.69 -7070.16 -6634.1 -6186.81 -5724.38 -5244.72 -4753.93 -4249.52 -3734.36 -3204.89 -2659.96 -2099 -1531.86 -957.401 -380.163 199 
100 -461.259 -1019.38 -1564.78 -2099.21 -2624.43 -3145.46 -3659.43 -4169.72 -4666.66 -5151.6 -5622.85 -6081.08 -6531 -6968.93 -7384.97 -7797.03 -8203.24 -8594.11 -8964.19 -9317.27 -9658.43 -9974.81 -10275.7 -10564.9 -10832.7 -11072.4 -11303.2 -11522 -11722.3 -11916.7 -12084.7 -12234.4 -12368.7 -12480.9 -12568.5 -12638.5 -12702.1 -12760.8 -12817 -12858.6 -12885.5 -12899.8 -12903.3 -12907.7 -12917.3 -12922.8 -12914.2 -12905.9 -12903 -12905.2 -12900.5 -12884.8 -12867.7 -12847.2 -12828.4 -12808.1 -12778.1 -12750.4 -12726.1 -12704.5 -12673.3 -12626.8 -12563.3 -12486.9 -12398.9 -12297.8 -12181.9 -12055 -11914.1 -11752.6 -11573.8 -11377.7 -11153.7 -10902.5 -10624.4 -10323.9 -10009.7 -9679.26 -9332.81 -8978.35 -8610.73 -8221.82 -7823.95 -7417 -6994.49 -6559.89 -6110.55 -5646.18 -5169.42 -4684.82 -4189.96 -3684.96 -3163.01 -2623.58 -2073.25 -1514.08 -949.621 -378.199 199 
100 -459.894 -1015.35 -1570.05 -2116.78 -2658.62 -3189.4 -3702.66 -4206.48 -4697.48 -5178.49 -5646.66 -6100.61 -6544.12 -6975.12 -7397.43 -7807.8 -8200.97 -8573.01 -8934.41 -9277.93 -9605.52 -9924.39 -10228.1 -10515.4 -10792.1 -11035.6 -11262.9 -11473.2 -11667.6 -11844.7 -12006.9 -12158.4 -12285.1 -12394.1 -12483.3 -12555.3 -12615.2 -12667.9 -12712 -12747.4 -12772.7 -12798.7 -12817.1 -12823.3 -12835.5 -12845.4 -12849 -12851.4 -12849.3 -12849 -12848.5 -12844 -12826.5 -12806.2 -12781.7 -12758 -12730.7 -12707.8 -12688.7 -12667 -12636.3 -12588.8 -12533.9 -12468.2 -12389.2 -12287.2 -12170.4 -12046.7 -11913.8 -11763.5 -11595.2 -11395.6 -11174.2 -10928.2 -10649.1 -10350.3 -10034.2 -9706.99 -9374.5 -9033.51 -8673.58 -8289.17 -7895.05 -7492.36 -7073.71 -6636.9 -6187.36 -5721.07 -5242.89 -4751.98 -4247.53 -3734.28 -3208.69 -2664.99 -2103.74 -1535.32 -959.595 -380.989 199 
100 -463.151 -1023.54 -1570.62 -2109.96 -2639.06 -3161.9 -3677.76 -4190.23 -4690.95 -5177.9 -5651.93 -6112.06 -6566.05 -7008.8 -7430.79 -7847.83 -8258.17 -8650.56 -9023.14 -9375.92 -9717.54 -10033.5 -10334 -10624.3 -10892.3 -11134.1 -11364.5 -11582 -11776.3 -11964.6 -12131.8 -12281.3 -12414.4 -12526.4 -12616.4 -12687.4 -12752.2 -12811.2 -12863.6 -12905.7 -12934 -12951.1 -12956.9 -12962 -12971.9 -12976.2 -12967 -12958.1 -12955.2 -12958.2 -12952.7 -12935 -12917.3 -12897.5 -12878.7 -12855.9 -12822.8 -12794.7 -12768.5 -12747.8 -12715.7 -12667.8 -12603.5 -12523.6 -12432.4 -12330.7 -12216.3 -12090.1 -11947.5 -11783.9 -11599.3 -11399.7 -11171.5 -10916.1 -10637.8 -10336.3 -10023.3 -9693.91 -9347.86 -8992.48 -8624.42 -8234.31 -7834.71 -7427.03 -7003.54 -6567.74 -6117.97 -5653.9 -5175.05 -4689.17 -4194.22 -3689.48 -3169.35 -2631.09 -2083.45 -1521.24 -953.13 -379.755 199 
100 -463.388 -1020.29 -1575.17 -2124.67 -2669.25 -3204.74 -3720.81 -4227.57 -4720.83 -5203.73 -5670.79 -6125.84 -6573.17 -7008.42 -7434.21 -7843.55 -8234.99 -8607.34 -8969.1 -9312.52 -9640.03 -9958.81 -10266.7 -10555.5 -10828.3 -11075 -11305.2 -11519.3 -11717.3 -11898.8 -12061.1 -12212.6 -12344.1 -12454.7 -12547.2 -12623.1 -12688.8 -12749.2 -12792.7 -12828.8 -12853.6 -12877.4 -12892.6 -12896.8 -12907.3 -12916.8 -12918.8 -12919.3 -12916.5 -12916.1 -12916.5 -12909.3 -12890.5 -12867.1 -12840.9 -12815.7 -12786.4 -12767.5 -12752.5 -12733.5 -12704.6 -12657.8 -12602.3 -12535.4 -12456.9 -12353.6 -12233.5 -12107.3 -11972.4 -11818.1 -11649.9 -11451.4 -11229.9 -10983.7 -10706 -10412.6 -10098.2 -9770.41 -9434.8 -9089.72 -8724.32 -8333.99 -7934.11 -7527.7 -7105.62 -6668.08 -6215.05 -5746.14 -5265.74 -4772.72 -4265.77 -3749.57 -3223.1 -2676.96 -2114.81 -1543.32 -964.686 -383.409 199 
100 -465.095 -1027.6 -1580.3 -2124.53 -2658.15 -3185.53 -3706.32 -4223.87 -4730.36 -5222.04 -5702.45 -6167.23 -6623.87 -7070.8 -7498.27 -7919.54 -8332.34 -8729.14 -9107.28 -9461.67 -9802.6 -10118.2 -10420.7 -10710.5 -10977.9 -11222 -11453.3 -11670.9 -11867.7 -12055.6 -12224.4 -12377.5 -12513.9 -12629.8 -12721 -12794.1 -12856 -12911.3 -12963.3 -13005.8 -13036 -13054.9 -13063 -13069.5 -13082.9 -13088.5 -13082.1 -13075.5 -13075.3 -13081.5 -13075.7 -13059 -13043.1 -13027.9 -13009.6 -12983 -12944.9 -12913.2 -12881.9 -12856.3 -12819.5 -12768.6 -12701.5 -12619.8 -12528.5 -12426.8 -12312.1 -12185.1 -12041 -11880.4 -11697.2 -11499.8 -11271.6 -11013.6 -10732.3 -10422.7 -10102 -9765.02 -9413.42 -9054.15 -8682.63 -8288.14 -7884.07 -7471.41 -7043.75 -6603.09 -6149.76 -5684.08 -5203.58 -4715.97 -4218.71 -3711.38 -3186.26 -2645.05 -2097.65 -1533.45 -962.349 -384.435 199 
100 -469.067 -1033.75 -1597.31 -2155.37 -2707.16 -3252.1 -3779.71 -4297.07 -4800.37 -5290.59 -5765.43 -6229.16 -6686.02 -7129.31 -7565.56 -7980.77 -8372.93 -8748.53 -9112.7 -9457.61 -9787.11 -10110.4 -10422.7 -10715.4 -10991 -11243.5 -11479 -11697.8 -11900.5 -12082.7 -12246.3 -12400 -12537.4 -12651.9 -12747.7 -12826.2 -12893.8 -12957.8 -13000 -13036 -13059.8 -13079.9 -13091.2 -13093.6 -13104 -13112.7 -13110.2 -13107.1 -13103.5 -13102.2 -13102.3 -13094.1 -13074 -13049.4 -13019.6 -12990.2 -12953.7 -12929.6 -12910.8 -12884.8 -12849.7 -12798.9 -12735.9 -12661.2 -12576.2 -12469.1 -12344.5 -12215.4 -12078.7 -11924.2 -11756 -11559 -11334.3 -11083.9 -10806.2 -10512.3 -10199.2 -9867.99 -9528.5 -9179.17 -8810.61 -8416.59 -8010.88 -7597.09 -7168.1 -6723.17 -6260.65 -5784.69 -5298.26 -4802.12 -4293.45 -3776.53 -3249.41 -2699.64 -2136.09 -1560.72 -977.252 -389.593 199 
100 -472.839 -1042.83 -1603.86 -2154.75 -2696.87 -3230.98 -3761.22 -4286.44 -4799.6 -5296.23 -5782.37 -6251.39 -6712.25 -7166.65 -7601.34 -8027.71 -8444.95 -8846.04 -9227.77 -9583.38 -9926.25 -10247.1 -10553.8 -10843.8 -11113 -11365.4 -11603.6 -11826.7 -12029 -12220.9 -12393.2 -12550.5 -12691.8 -12813 -12909.4 -12987.5 -13053.3 -13112.9 -13170.2 -13215.9 -13250.3 -13272.2 -13283.7 -13292.1 -13306.1 -13310.2 -13303.5 -13296.4 -13296.1 -13301.4 -13296.2 -13280 -13262.6 -13249.3 -13228.1 -13199.1 -13160.2 -13128.5 -13096.4 -13066.5 -13028.4 -12977.3 -12905.5 -12820.2 -12725.1 -12620.9 -12501.8 -12370.5 -12221.4 -12057.8 -11871.2 -11668.9 -11437.5 -11174.3 -10888.7 -10576.5 -10252.2 -9913.72 -9561.42 -9199.54 -8821.19 -8420.55 -8007.47 -7588.1 -7152.48 -6701.22 -6239.97 -5767.83 -5280.94 -4785 -4280.16 -3763.39 -3230.58 -2682.28 -2128.31 -1556.69 -977.056 -392.244 199 
100 -471.014 -1037.51 -1603.22 -2162.72 -2717.12 -3264.49 -3795.02 -4312.94 -4818.42 -5312.63 -5792.19 -6264.55 -6728.46 -7180.68 -7622.1 -8038.18 -8432.59 -8811.38 -9177.44 -9523.19 -9854.53 -10174.7 -10485.4 -10779.3 -11055.7 -11313 -11553.8 -11779.8 -11990.1 -12177.3 -12344 -12499.9 -12639.5 -12754.9 -12852.3 -12933.1 -13002.4 -13068.3 -13111.1 -13149 -13174.9 -13196.6 -13207.3 -13215.3 -13234.4 -13252.9 -13257.3 -13260.3 -13261.5 -13262 -13264 -13256.3 -13231.5 -13204.6 -13172.8 -13139.6 -13103.6 -13081.4 -13063.2 -13033.2 -12990.8 -12936.1 -12868.1 -12789.2 -12702.4 -12595.8 -12471.4 -12341.2 -12199 -12041.6 -11872.2 -11670.7 -11439.4 -11183.9 -10901.6 -10603.5 -10287.6 -9952.17 -9609.04 -9255.02 -8881.94 -8484.48 -8075.43 -7656.26 -7220.1 -6771.11 -6308.37 -5831.42 -5343.57 -4845.09 -4331.04 -3807.27 -3274.68 -2724.8 -2158.24 -1580.35 -990.147 -395.946 199 
100 -472.87 -1043.42 -1606.17 -2159.23 -2705.36 -3243.61 -3777.99 -4306.79 -4824.53 -5325.39 -5815.61 -6286.63 -6744.65 -7195.56 -7634.04 -8061.31 -8480.34 -8883.67 -9267 -9623.63 -9966.93 -10288.8 -10595.5 -10885.6 -11153.7 -11408 -11648.7 -11869.3 -12071.3 -12259.9 -12429.4 -12583.2 -12720.6 -12839.8 -12934.1 -13013.7 -13077.8 -13137.2 -13194.4 -13239.3 -13273.4 -13293.9 -13302.4 -13309.1 -13322.4 -13327.8 -13323.1 -13317.4 -13318.6 -13324.2 -13320.4 -13303.2 -13283.1 -13269.5 -13245.4 -13215 -13179.1 -13151.5 -13124.1 -13096.7 -13058.2 -13006.7 -12934.7 -12850.3 -12755.2 -12653.3 -12533.9 -12402.2 -12252.9 -12088.7 -11903.9 -11701 -11470.4 -11206.9 -10921.1 -10606.5 -10281.5 -9945.3 -9593.37 -9229.24 -8848.95 -8448.74 -8036.51 -7617.13 -7180.8 -6728.73 -6268.08 -5797.01 -5310.48 -4813.65 -4308.26 -3786.35 -3250.45 -2699.77 -2142.69 -1567.91 -983.27 -395.838 199 
100 -471.075 -1037.46 -1603.17 -2163.52 -2718.45 -3265.42 -3797.82 -4315.38 -4819.98 -5313.08 -5792.28 -6264.89 -6728.41 -7182.24 -7624.07 -8040.81 -8436.89 -8819.2 -9187.64 -9536.17 -9870.44 -10191.2 -10502.1 -10797.4 -11072.4 -11326.6 -11565.2 -11789.1 -11995.8 -12180.1 -12344.5 -12498.2 -12633.3 -12742 -12835.6 -12913.2 -12982.7 -13044.7 -13087.4 -13124.7 -13151.8 -13173.7 -13184.3 -13195 -13217.1 -13238.6 -13244.1 -13247.9 -13254.3 -13257 -13261.7 -13256.4 -13234 -13207.3 -13175.8 -13143.5 -13112.4 -13096.1 -13079 -13046.6 -13003.1 -12951 -12885.9 -12806.7 -12719.8 -12612.9 -12490.7 -12360.7 -12216.6 -12060.5 -11892.1 -11694.1 -11465.2 -11207.6 -10926.2 -10626.9 -10311.5 -9977.3 -9634.55 -9279.44 -8904.12 -8504.56 -8091.98 -7666.39 -7226.11 -6774.81 -6309.87 -5832.75 -5345.68 -4848.29 -4333.77 -3807.26 -3271.75 -2722.36 -2156.09 -1580.19 -989.442 -395.507 199 
100 -474.181 -1046.69 -1610.91 -2164.85 -2713.6 -3256.22 -3794.25 -4325.7 -4844.13 -5348.19 -5840.95 -6316.91 -6778.68 -7231.33 -7672.1 -8096.38 -8514.05 -8918.78 -9303.01 -9667.08 -10018.1 -10348 -10660 -10952.2 -11221.4 -11478.8 -11721.7 -11942.4 -12146.5 -12336.5 -12504.6 -12656.2 -12793 -12911.2 -13005.2 -13083.3 -13147.5 -13208.7 -13264.7 -13307.7 -13341.1 -13361.3 -13367.1 -13372.5 -13383.3 -13387.7 -13383.6 -13378.2 -13380.5 -13387.2 -13389.3 -13371.8 -13351.8 -13338.7 -13311.6 -13276.5 -13241.1 -13212.8 -13181.5 -13149.2 -13105.7 -13053 -12978.8 -12894.3 -12800.8 -12700.4 -12580 -12446 -12294.4 -12126.8 -11943.8 -11743.6 -11512.1 -11249.1 -10961.5 -10645.5 -10317.7 -9980.97 -9627.56 -9262.7 -8879.06 -8479.39 -8069.23 -7651.57 -7212.81 -6759.21 -6297.45 -5826.95 -5340.51 -4841.35 -4333.14 -3806.63 -3268.69 -2718.5 -2158.77 -1579.05 -989.584 -397.857 199 
100 -473.615 -1042.34 -1608.03 -2168.79 -2722.93 -3269.39 -3804.29 -4324.61 -4830.62 -5324.87 -5806.32 -6281.54 -6747.71 -7205.07 -7649.67 -8068.66 -8468.98 -8857.93 -9231.01 -9582.63 -9919.63 -10242.8 -10558.4 -10858.5 -11136.2 -11393.7 -11635.6 -11861.1 -12066.7 -12248.7 -12413.3 -12566.8 -12701.2 -12809.2 -12904 -12983.3 -13055.8 -13121.6 -13169.3 -13211.9 -13247.4 -13272.3 -13282.1 -13291.8 -13307.1 -13322.1 -13325.3 -13326.6 -13330.3 -13328.5 -13328.9 -13318.5 -13296.3 -13271.6 -13243.3 -13210.1 -13181 -13166.3 -13150.7 -13120.8 -13075.7 -13023.7 -12957.6 -12878.1 -12790.5 -12681.7 -12559.2 -12426.8 -12280.3 -12125 -11955.8 -11756.6 -11525.2 -11262.6 -10975 -10669.8 -10351.8 -10017.6 -9674.7 -9315.88 -8936.43 -8536 -8121.65 -7691.37 -7247.57 -6792.98 -6324.91 -5847.48 -5360.62 -4862.98 -4349.27 -3818.73 -3277.46 -2726.09 -2156.73 -1580.35 -989.788 -395.601 199 
100 -476.031 -1051.15 -1617.95 -2173.32 -2724.09 -3268.53 -3807.01 -4338.68 -4855.94 -5360.73 -5854.37 -6335.4 -6801.82 -7258.42 -7707.16 -8134.89 -8556.28 -8962.79 -9347.73 -9713.99 -10067.7 -10400.3 -10714.3 -11010.1 -11284.3 -11548.5 -11795.3 -12017.4 -12224 -12416.5 -12590.4 -12749.2 -12892.5 -13015.8 -13114.2 -13193.9 -13260.3 -13322.6 -13375.5 -13418.2 -13452.3 -13470.9 -13475.9 -13481.8 -13490.4 -13491 -13484.3 -13479.2 -13480 -13485.5 -13486.3 -13465.6 -13441.1 -13421.7 -13393.1 -13355.3 -13321.3 -13293.8 -13261.6 -13228.1 -13186.3 -13136.1 -13063.7 -12981.6 -12890.8 -12792.5 -12673.7 -12537.7 -12383.6 -12215.3 -12032.6 -11832.6 -11599.7 -11336.5 -11045.9 -10729.5 -10399.4 -10062.8 -9708.44 -9343.19 -8958.58 -8557.7 -8145.08 -7721.74 -7278.93 -6824.03 -6362.7 -5892.9 -5405.1 -4901.69 -4387.86 -3855.16 -3312.63 -2757.2 -2188.69 -1601.41 -1004.65 -406.087 199 
100 -479.795 -1054.96 -1626.61 -2194.57 -2754.5 -3306.87 -3847.63 -4374.7 -4885.71 -5383.42 -5865.25 -6340.02 -6804.4 -7263.7 -7710.6 -8140.59 -8551.01 -8944.64 -9317.91 -9671.14 -10011.6 -10338.5 -10656.6 -10960.3 -11240 -11501.7 -11749.9 -11979.5 -12188.9 -12372.7 -12540.7 -12698.2 -12836.4 -12947.7 -13046.2 -13130.5 -13207.8 -13276.5 -13328.7 -13374.4 -13414 -13442.8 -13453.4 -13464.4 -13476.4 -13488.5 -13489.4 -13487.1 -13489.1 -13485.8 -13482 -13470.5 -13449 -13423.6 -13396.7 -13367.8 -13342.3 -13331.3 -13318.4 -13289.6 -13239.7 -13186.4 -13116.9 -13035.4 -12944.9 -12833.9 -12708.5 -12571.7 -12416.4 -12253.7 -12076 -11873 -11635.8 -11368.4 -11077.7 -10768.5 -10448.3 -10113.1 -9767.2 -9405.54 -9023.08 -8619.65 -8203.54 -7770.81 -7324.46 -6866.92 -6397.14 -5917.68 -5426.13 -4925.51 -4412.93 -3878.22 -3329.82 -2770.11 -2193.7 -1609.5 -1010.58 -406.471 199 
100 -480.345 -1060.62 -1632.54 -2191.81 -2747.06 -3295.73 -3835.86 -4369.8 -4893.37 -5401.09 -5895.3 -6375.38 -6842.79 -7297.52 -7743.89 -8169.9 -8588.5 -8992.29 -9372.26 -9737.25 -10093.1 -10427.1 -10740.5 -11034.7 -11311.5 -11579 -11828.7 -12052.3 -12255.5 -12444.9 -12616.8 -12776.6 -12918.3 -13041.2 -13142.6 -13223.3 -13293.7 -13359 -13414.2 -13460.5 -13496.2 -13512.8 -13516.8 -13523.5 -13529.2 -13531 -13524.8 -13520.9 -13519.7 -13525.1 -13524.9 -13505.9 -13481 -13460.3 -13430.4 -13392.8 -13361.9 -13336.9 -13306.8 -13274.2 -13232.6 -13179.3 -13105.6 -13022.6 -12933.2 -12835.1 -12716.6 -12578.5 -12422.4 -12253.4 -12070.5 -11869.1 -11636.2 -11372.8 -11079.5 -10762 -10431.6 -10097.4 -9744.65 -9377.72 -8992.22 -8589.64 -8175.89 -7749.95 -7305.4 -6848.97 -6386.8 -5914.68 -5425.91 -4920.96 -4401.44 -3866.72 -3320.54 -2764.3 -2193.99 -1605.57 -1008.36 -408.272 199 
100 -479.567 -1054.22 -1625.79 -2194.05 -2753.42 -3305.22 -3844.87 -4371.44 -4884.75 -5382.96 -5864.1 -6337.58 -6802.08 -7259.47 -7704.68 -8135.41 -8547.12 -8942.02 -9314.72 -9668.05 -10009.1 -10336 -10653.2 -10955.7 -11236.1 -11503.5 -11756.8 -11990.5 -12203.5 -12389.5 -12561.1 -12724.8 -12866.1 -12977.2 -13075.2 -13159.2 -13236.9 -13304.4 -13357.2 -13402.9 -13442.4 -13469.2 -13479.6 -13491.2 -13499.5 -13509.8 -13511.9 -13508.2 -13510.4 -13510.5 -13507.4 -13496.6 -13472.3 -13446.1 -13420.4 -13395 -13374.1 -13364.4 -13348.9 -13318.1 -13265.9 -13212.4 -13142.9 -13061.1 -12969.8 -12859.2 -12734.3 -12595.3 -12440.2 -12278.4 -12098.3 -11892.4 -11652.4 -11381.5 -11088.4 -10779 -10459.6 -10125.8 -9774.6 -9406.92 -9020.75 -8615.67 -8197.62 -7763.82 -7317.38 -6858.98 -6389.72 -5910.41 -5418.54 -4919.04 -4407.5 -3877.57 -3328.77 -2768.61 -2193.2 -1609.04 -1009.82 -406.376 199 
100 -482.512 -1065.02 -1640.83 -2201.85 -2759.45 -3310.03 -3853.03 -4388.9 -4915.58 -5427 -5922.54 -6399.8 -6867.97 -7326.33 -7774.1 -8199.35 -8615.65 -9017.97 -9394.2 -9755.45 -10106.8 -10438.1 -10753.2 -11045.1 -11323 -11590.8 -11839.9 -12066 -12268.1 -12456.9 -12628.4 -12786.9 -12927.1 -13049.8 -13151.9 -13234 -13307.3 -13373.2 -13425.7 -13469.5 -13501.4 -13516.7 -13524.7 -13535.7 -13542 -13545.4 -13544.8 -13546.8 -13552.5 -13560.9 -13558.2 -13540.3 -13516.4 -13493.1 -13461.8 -13424.4 -13393.9 -13371 -13344.4 -13313.3 -13274.7 -13222.4 -13149 -13066 -12975.2 -12874.2 -12756.3 -12617.1 -12463 -12296.7 -12114.9 -11910.4 -11674.5 -11407.4 -11109.7 -10792 -10460.1 -10124.9 -9773.78 -9405.86 -9019.99 -8616.45 -8201.42 -7774.45 -7325 -6864.97 -6401.11 -5927.08 -5437.88 -4935.08 -4415.6 -3879.05 -3332.93 -2774.81 -2199.97 -1608.13 -1010.58 -409.733 199 
100 -485.069 -1064.82 -1641.98 -2215.73 -2779.11 -3332.72 -3874.3 -4402.41 -4918.99 -5418.97 -5901.13 -6372.5 -6834.29 -7289 -7734.38 -8165.56 -8576.24 -8972.38 -9346.01 -9699.33 -10040.3 -10369.1 -10687.1 -10988.9 -11268.6 -11534.9 -11784.5 -12016.1 -12229.6 -12414 -12587.7 -12751.6 -12894 -13004.5 -13098.2 -13179.4 -13254.2 -13319.6 -13372.7 -13420.5 -13459.2 -13486.2 -13496.8 -13509.1 -13514.3 -13519.1 -13518.9 -13514.2 -13516.5 -13515.7 -13510.7 -13499.9 -13477.6 -13453.1 -13426.6 -13398.9 -13379.4 -13370.1 -13356.7 -13331.3 -13283.7 -13231.3 -13161.4 -13079.2 -12987.3 -12877.3 -12755.5 -12613.3 -12459 -12296.1 -12118.3 -11913.8 -11673.8 -11401.8 -11108.6 -10798.7 -10479.5 -10147.1 -9791.84 -9422.7 -9035.93 -8630.44 -8213.13 -7779.61 -7333.01 -6870.79 -6397.62 -5917.48 -5424.62 -4926.07 -4415.65 -3887.18 -3337.08 -2775.27 -2196.33 -1609.39 -1009.57 -406.552 199 
100 -483.504 -1066.38 -1644.44 -2207.72 -2768.78 -3322.58 -3867.61 -4400.81 -4924.99 -5434.8 -5928.41 -6402.86 -6869.37 -7326.61 -7773.71 -8200.51 -8616.78 -9021.4 -9399.62 -9764.42 -10118.5 -10448.4 -10760 -11049.4 -11328.4 -11597.4 -11847 -12074.5 -12277.9 -12469.7 -12642.6 -12800.4 -12937.3 -13055.3 -13152.6 -13229.2 -13302.8 -13367.6 -13419.4 -13464.4 -13495.9 -13510.3 -13520.1 -13532.3 -13537.6 -13540.5 -13537.4 -13536.1 -13540 -13545 -13541.2 -13523.4 -13499.4 -13472.3 -13438.3 -13401.6 -13372.6 -13350.5 -13323.4 -13291.9 -13253.6 -13202.3 -13129.7 -13045.3 -12952.9 -12849.2 -12731.8 -12590.4 -12436.5 -12270.4 -12088.6 -11883.1 -11648.8 -11384.9 -11091.9 -10778.8 -10449.3 -10113.8 -9765.03 -9396.58 -9010.37 -8607.51 -8191.91 -7765.46 -7315.31 -6855.64 -6392.79 -5917.79 -5426.57 -4923.82 -4405.27 -3870.9 -3329.31 -2775 -2199.56 -1608.09 -1010.59 -409.675 199 
100 -487.404 -1068.95 -1649.04 -2227 -2792.91 -3346.78 -3886.76 -4415.1 -4934.78 -5437.39 -5921.08 -6394.68 -6861.99 -7322.18 -7773.71 -8208.2 -8620.92 -9020.57 -9397.79 -9754.01 -10097.1 -10427.2 -10747.3 -11052.9 -11335.4 -11602.6 -11854.3 -12086.7 -12304.9 -12492.4 -12668.2 -12836 -12982.3 -13095.4 -13190.1 -13274 -13350.9 -13416 -13469.5 -13516.5 -13555.3 -13581.1 -13590.7 -13601 -13602.3 -13605.8 -13605.7 -13600.8 -13601.5 -13600.2 -13594.5 -13582.2 -13555.1 -13526.5 -13497 -13470.1 -13451.7 -13438.9 -13422.8 -13394.5 -13348.2 -13294.9 -13224.3 -13141.3 -13047.5 -12939.5 -12819.5 -12674.8 -12520.9 -12355.9 -12177.1 -11973.7 -11734.9 -11463.8 -11169.9 -10859.7 -10537.4 -10201.9 -9843.1 -9468.29 -9077.48 -8671.22 -8253.9 -7821.12 -7377.02 -6915.83 -6441.54 -5956.95 -5460.92 -4959.67 -4446.96 -3916.81 -3364.12 -2799.59 -2213.29 -1619.85 -1016.04 -409.845 199 
100 -485.912 -1071.41 -1654 -2219.76 -2783.44 -3339.18 -3886.54 -4421.88 -4948.92 -5464.47 -5962.86 -6440.31 -6910.08 -7369.38 -7818.33 -8247.94 -8665.5 -9070.64 -9451.14 -9818.73 -10174.4 -10506 -10817.7 -11107.9 -11387.4 -11656.9 -11909.1 -12138.3 -12341.9 -12533.3 -12709.3 -12868.6 -13007.8 -13125.1 -13221.7 -13303.6 -13382.2 -13454.3 -13512.8 -13560.7 -13592.1 -13606.1 -13616.7 -13628.8 -13633.8 -13635.5 -13632.5 -13631.4 -13631.6 -13635.3 -13628.6 -13609.7 -13585.3 -13556.9 -13521.8 -13486.5 -13455.9 -13434.6 -13408.7 -13376.4 -13336.8 -13286 -13213.6 -13128.8 -13034.4 -12928.4 -12810 -12667 -12512.5 -12346.7 -12159.7 -11950.6 -11716.2 -11449.2 -11158.8 -10847.6 -10517.8 -10177.3 -9823.41 -9451.01 -9060.73 -8655.51 -8235.04 -7805.88 -7355.72 -6896.18 -6431.24 -5951.87 -5456.5 -4949.24 -4428.1 -3889.5 -3345.3 -2788.93 -2208.81 -1614.26 -1013.03 -407.631 199 
100 -487.31 -1068.22 -1648.06 -2224.06 -2790 -3342.75 -3881.03 -4410.38 -4930.16 -5429.24 -5914.71 -6386.11 -6852.74 -7313.54 -7766.08 -8201.88 -8617.7 -9019.01 -9396.96 -9754.96 -10097.7 -10426.5 -10747.4 -11055 -11340.8 -11604.7 -11853 -12088.1 -12308.6 -12497.5 -12673 -12840 -12984 -13097.5 -13196.7 -13285.9 -13366.4 -13435 -13493.1 -13541.7 -13580.6 -13605 -13613.9 -13622.5 -13622.4 -13624.2 -13619.1 -13611.7 -13608.3 -13605.6 -13599.4 -13582.1 -13553.3 -13524.8 -13495.3 -13470.6 -13453.9 -13441.3 -13424.5 -13396.3 -13350.3 -13297 -13225.3 -13142.6 -13049 -12941.7 -12821.2 -12677.7 -12521.4 -12353.7 -12170.9 -11969.5 -11730.8 -11462.6 -11169.6 -10859.9 -10540.3 -10203.6 -9846.47 -9471.03 -9079.86 -8673.15 -8255.72 -7824.54 -7380.25 -6916.58 -6442.17 -5956.99 -5461.15 -4959.72 -4448.99 -3918.22 -3367.08 -2802.57 -2215.76 -1619.06 -1013.87 -407.436 199 
100 -485.717 -1071.2 -1654.61 -2221.46 -2784.93 -3337.48 -3881.49 -4414.01 -4937.3 -5449.78 -5945.46 -6420.44 -6886.85 -7340.32 -7787.17 -8216.37 -8630.93 -9031.12 -9411.65 -9779.5 -10133.9 -10465.4 -10774.9 -11066.7 -11346.7 -11615.7 -11868.1 -12098.5 -12304.2 -12494.6 -12669.4 -12824.4 -12961.7 -13081.7 -13177.7 -13260.9 -13339.1 -13411.7 -13470.9 -13516.4 -13547.5 -13564.2 -13577.7 -13591.4 -13596.9 -13598.1 -13595.7 -13596.5 -13596.3 -13600 -13595.8 -13578.4 -13557 -13528.1 -13491.3 -13455.7 -13426.3 -13406.3 -13381.8 -13352.1 -13314.1 -13267.5 -13200.4 -13119.3 -13024.6 -12917.4 -12796.1 -12652.9 -12496.3 -12330.5 -12142 -11936.1 -11703.6 -11438.8 -11151.6 -10843.1 -10515.9 -10174.9 -9821.76 -9448.54 -9057.41 -8651.1 -8229.64 -7799.82 -7352.64 -6896.54 -6433.2 -5952.43 -5459.17 -4950.9 -4432.08 -3894.87 -3350.63 -2794.49 -2213.45 -1618.62 -1014.28 -407.64 199 
100 -487.365 -1067.78 -1647.01 -2221.58 -2787.84 -3339.38 -3876.03 -4406.68 -4926.12 -5425.94 -5912.39 -6386.25 -6855.24 -7317.34 -7770.64 -8209.2 -8622.47 -9021.84 -9400.16 -9758.01 -10101 -10431.8 -10755.1 -11061 -11344.3 -11604.3 -11849.1 -12080.4 -12294.5 -12483.8 -12656.3 -12821.8 -12969.7 -13087.6 -13189.6 -13281.6 -13364.3 -13435.3 -13495.4 -13548.6 -13590.7 -13614.2 -13625.3 -13632.5 -13631.6 -13634 -13629.1 -13621.6 -13617 -13612.4 -13605.5 -13587.9 -13562.3 -13536.6 -13506 -13483.4 -13469 -13456.5 -13439.4 -13410.9 -13368 -13318.9 -13247.4 -13160.8 -13065.3 -12958.3 -12837.5 -12693.2 -12536.2 -12369 -12184.7 -11984.6 -11749.7 -11483.5 -11189.6 -10880.7 -10561 -10223.7 -9868.44 -9492.34 -9100.87 -8693.7 -8273.64 -7842.74 -7398.8 -6935.48 -6463.3 -5978.14 -5479.62 -4972.47 -4457.22 -3920.78 -3367.65 -2802.22 -2216.67 -1620.02 -1014.15 -407.576 199 
100 -485.319 -1070.57 -1653.77 -2222.37 -2785.23 -3336.95 -3880.55 -4413.12 -4935.99 -5449.81 -5946.33 -6421.56 -6889.62 -7343.1 -7789.5 -8216.7 -8629.59 -9024.38 -9401.77 -9766.89 -10118.3 -10450.8 -10758.6 -11051.6 -11331.5 -11599.7 -11851.5 -12085.6 -12294.5 -12488.9 -12664.4 -12818.4 -12956.4 -13075.7 -13171.3 -13254.5 -13332.8 -13405.4 -13462.2 -13502.4 -13532.7 -13547.3 -13559.2 -13570.8 -13579.6 -13583.2 -13584.2 -13588.5 -13588.1 -13591.5 -13587.4 -13567.9 -13546.4 -13515.7 -13478.8 -13445.9 -13420.6 -13406.2 -13385.5 -13355.7 -13314 -13265.6 -13198.6 -13118.2 -13022.3 -12915.2 -12790.3 -12647 -12490.5 -12322.7 -12132.1 -11921 -11687.4 -11425.1 -11140.5 -10834.5 -10510.5 -10170.7 -9817.84 -9447.25 -9058.37 -8652.25 -8230.36 -7799.5 -7352.21 -6897.02 -6434.3 -5953.96 -5459.89 -4950.19 -4432.8 -3898.09 -3353.65 -2796.16 -2214.38 -1618.89 -1014.75 -407.874 199 
100 -487.385 -1067.29 -1645.32 -2218.51 -2784.73 -3335.18 -3868.55 -4397.41 -4914.51 -5413.71 -5898.14 -6371.74 -6840.2 -7303.37 -7751.29 -8184.23 -8597.08 -8996.01 -9374.75 -9734.56 -10077.7 -10407.7 -10729.8 -11034.3 -11319.5 -11580.3 -11824.5 -12055.7 -12268.3 -12455.9 -12625.5 -12788.1 -12933.8 -13049.1 -13150.4 -13242.7 -13325.8 -13395.9 -13458.7 -13513.7 -13555.5 -13578.5 -13590.6 -13595.3 -13594.3 -13597.2 -13595.3 -13590.6 -13586.8 -13583.6 -13579.3 -13561.7 -13534.6 -13510.3 -13482.2 -13464.8 -13455.1 -13442.1 -13424.1 -13395 -13352.7 -13303.9 -13233.2 -13147.5 -13052.4 -12945.7 -12825 -12681.3 -12524 -12357 -12171.7 -11970.3 -11737.3 -11470.2 -11176 -10867.4 -10547.1 -10209.7 -9853.9 -9477.21 -9085.89 -8678.34 -8259.01 -7828.78 -7383.96 -6920.96 -6450.5 -5968.37 -5472.61 -4968.37 -4454.4 -3916.32 -3362.85 -2796.53 -2213.63 -1619.51 -1014.58 -407.79 199 
100 -487.937 -1075.87 -1661.57 -2235.16 -2802.95 -3360.15 -3909.77 -4447.39 -4973.02 -5490.09 -5987.28 -6463.42 -6931.25 -7386.29 -7831.43 -8260.18 -8672.64 -9065.37 -9442.69 -9807.92 -10158.1 -10489.5 -10796.3 -11090.2 -11370.1 -11639.6 -11892.3 -12129.6 -12343.5 -12538.1 -12711.8 -12867.5 -13006.9 -13123.2 -13216.6 -13299.6 -13377.9 -13450.7 -13507.3 -13545.5 -13577 -13592.3 -13604.7 -13615.5 -13624.7 -13627.7 -13628.8 -13634.2 -13635.2 -13641.7 -13638.3 -13620.3 -13601 -13572 -13531.9 -13494.4 -13464.4 -13445.1 -13419.6 -13386.8 -13339 -13282.1 -13210 -13123.7 -13019.9 -12910 -12781.9 -12637.5 -12481.1 -12312.3 -12122.9 -11909.6 -11677.7 -11415.5 -11132.2 -10826.3 -10505.4 -10166.3 -9812.98 -9443.33 -9053.43 -8646.37 -8224.71 -7792.54 -7344.86 -6890.88 -6428.41 -5951.18 -5458.73 -4951.35 -4434.74 -3901.17 -3356.67 -2797.96 -2215.46 -1618.96 -1015.22 -408.109 199 
100 -490.035 -1075.02 -1658.27 -2235.86 -2807.32 -3363.6 -3901.79 -4436.82 -4959.61 -5463.64 -5952.34 -6430.95 -6904.66 -7373.39 -7826.64 -8265.6 -8683.06 -9082.07 -9463.91 -9828.02 -10174.4 -10506 -10826.6 -11128.8 -11411.7 -11673.5 -11920.3 -12153.7 -12365.4 -12555.7 -12727.1 -12889.2 -13034.1 -13150.4 -13251.4 -13343.8 -13424.3 -13490.1 -13549.2 -13598.9 -13636.5 -13656.9 -13666.3 -13669.3 -13668 -13670.8 -13668.7 -13663.6 -13657.6 -13652.1 -13644.9 -13624.4 -13596.9 -13569.9 -13542.5 -13524.4 -13512 -13495.2 -13472.7 -13441.4 -13397.1 -13348 -13277.7 -13192.6 -13097.2 -12989.9 -12868.9 -12724.2 -12560.3 -12386.7 -12197.3 -11994.9 -11762.2 -11495.7 -11200.8 -10892 -10570.3 -10231.5 -9874.75 -9497.84 -9106.3 -8698.15 -8280.21 -7855.68 -7414.18 -6952.5 -6482.28 -5998.56 -5499.35 -4993.25 -4477.71 -3939.31 -3383.06 -2812.95 -2227.22 -1630.06 -1021.48 -411.242 199 
100 -494.68 -1088.55 -1677.91 -2258.79 -2832.67 -3396.71 -3952.81 -4495.81 -5027.79 -5549.02 -6052.99 -6537.01 -7009.91 -7472.24 -7923.05 -8358.12 -8776.98 -9174.76 -9558.59 -9929.62 -10282.1 -10617.4 -10926.7 -11221.5 -11503.6 -11776.8 -12032.8 -12275.3 -12493.4 -12689.7 -12863.8 -13020.8 -13161.9 -13278.4 -13372.9 -13456.4 -13536.2 -13610.8 -13666.2 -13701.2 -13731.6 -13746.2 -13756.4 -13764.9 -13772.9 -13773.5 -13771.4 -13772.5 -13771.5 -13776.2 -13773.8 -13754.8 -13736.5 -13705.4 -13665.1 -13626.6 -13596.2 -13573.9 -13546.6 -13511.5 -13462.3 -13402.7 -13329 -13241 -13133.6 -13022.5 -12890.7 -12743.8 -12585.8 -12414.1 -12224.3 -12010.1 -11778.5 -11518 -11233.2 -10925.1 -10602.2 -10263.3 -9907.23 -9536.36 -9144.51 -8734.5 -8311.56 -7873.87 -7421.16 -6963.57 -6496.51 -6016.46 -5515.31 -5000.01 -4474.61 -3936.04 -3387.22 -2823 -2235.51 -1633.28 -1025.11 -413.054 199 
100 -494.717 -1084.57 -1672.34 -2253.8 -2829.23 -3389.03 -3931.77 -4471.39 -4999.35 -5507.59 -6000.36 -6483.05 -6960.91 -7434.59 -7892.38 -8336.17 -8760.03 -9162.46 -9548.6 -9918.14 -10269.7 -10606 -10929.9 -11236 -11522.9 -11788.9 -12041.6 -12278.8 -12494.8 -12688.7 -12862.5 -13022.5 -13165.9 -13283.1 -13384.7 -13477.9 -13556.8 -13623.3 -13682.8 -13734.6 -13771.2 -13787.8 -13792.3 -13791.6 -13786 -13785.3 -13782.1 -13775.4 -13767.5 -13762.2 -13752.9 -13734.3 -13710.9 -13682.4 -13653.2 -13634.6 -13621.8 -13603.3 -13576.4 -13540.7 -13496.8 -13446.4 -13375.2 -13289.2 -13192.3 -13083.3 -12961.5 -12819.3 -12656.2 -12481.3 -12290 -12085.5 -11853.4 -11587.6 -11295.1 -10987.9 -10663.8 -10320.2 -9959.09 -9581.19 -9188.57 -8777.95 -8357.24 -7928.78 -7483.59 -7018.24 -6543.4 -6055.43 -5551.23 -5039.18 -4514.39 -3968.82 -3408.15 -2833.47 -2243.79 -1642.98 -1030.05 -415.523 199 
100 -494.383 -1087.56 -1676.54 -2258.29 -2832.48 -3399.15 -3954.84 -4496.25 -5028.51 -5549.65 -6052.94 -6537.19 -7010.22 -7472.85 -7922.73 -8358.83 -8780.13 -9178.94 -9565.3 -9939.49 -10293.6 -10630.9 -10944.4 -11244.3 -11530.4 -11804.6 -12061.2 -12303.4 -12522.5 -12718.2 -12891.8 -13051.9 -13195.6 -13314.7 -13413.8 -13499.6 -13580.4 -13654.6 -13709.6 -13743.9 -13774.3 -13790 -13801.3 -13811.3 -13820.2 -13820.1 -13817.8 -13821.2 -13822 -13825.5 -13822.6 -13804.8 -13788.1 -13757.1 -13718 -13684.4 -13657.8 -13637.4 -13611.4 -13575.9 -13526.4 -13464.7 -13388.6 -13300 -13193.5 -13081.2 -12947.9 -12800.1 -12641.8 -12472.3 -12287.1 -12077.1 -11847.3 -11591.1 -11307.4 -11001.2 -10681 -10339.2 -9978.7 -9602.04 -9202.45 -8786.12 -8360.36 -7919.94 -7464.1 -7003.68 -6534.63 -6051.64 -5548.09 -5030.24 -4501.18 -3959.62 -3407.75 -2838.64 -2247.85 -1642.55 -1031.55 -416.273 199 
100 -496.477 -1088.23 -1677.93 -2261.44 -2837.98 -3398.24 -3944.32 -4485.45 -5013.37 -5522.46 -6015.81 -6496.62 -6972.73 -7445.36 -7901.71 -8345.48 -8771.5 -9175.14 -9562.03 -9930.55 -10279.5 -10612.1 -10930.6 -11235.4 -11519.4 -11786 -12042 -12279.5 -12496.5 -12695.3 -12871.5 -13032.1 -13176.5 -13294 -13396.3 -13489.4 -13567 -13631.7 -13688.5 -13739.4 -13771.5 -13785.8 -13791.5 -13795.9 -13792.7 -13793.7 -13792.1 -13786.5 -13780.3 -13772.9 -13762.6 -13748.3 -13728.7 -13701.6 -13674.9 -13658.8 -13647 -13629.9 -13602.7 -13565.3 -13520.9 -13470 -13399.3 -13315.8 -13218.7 -13108.2 -12985.4 -12843.5 -12679.7 -12504.1 -12311.3 -12104.6 -11874.9 -11613 -11320 -11012.4 -10686.7 -10340.7 -9977.11 -9597.36 -9204.18 -8791.31 -8370.16 -7941.18 -7494.25 -7027.97 -6551.43 -6061.67 -5556.94 -5043.69 -4518.4 -3975.32 -3415.49 -2839.38 -2248.8 -1647.12 -1032.87 -416.936 199 
100 -495.625 -1089.65 -1679.83 -2263.7 -2841.86 -3412.96 -3971.97 -4513.29 -5047.06 -5570.09 -6074.1 -6559.99 -7035.17 -7499.01 -7950.37 -8386.73 -8808.98 -9207.99 -9595.65 -9972.68 -10333.6 -10676.4 -10989.7 -11289.5 -11577.4 -11852.4 -12110 -12353.3 -12574.7 -12771.8 -12944.5 -13103.4 -13245.2 -13366.1 -13467.8 -13556.3 -13641.6 -13719.4 -13775.8 -13808.6 -13840.3 -13859.2 -13871.1 -13882.1 -13893.1 -13894.2 -13890.9 -13889.4 -13886.1 -13887 -13881 -13867.8 -13856 -13826.6 -13790.2 -13761.1 -13736.4 -13714.4 -13687.6 -13648.7 -13597.9 -13536.5 -13460.7 -13368.4 -13260.3 -13144.7 -13012.6 -12865.4 -12705.3 -12533.1 -12346.1 -12134.6 -11901.7 -11643.7 -11356.2 -11045 -10723.2 -10379.5 -10017.3 -9638.78 -9238.62 -8820.45 -8392.29 -7950.5 -7493.41 -7031.32 -6560.63 -6073.02 -5565.01 -5042.79 -4508.77 -3962.84 -3409.21 -2838.97 -2249.22 -1645.63 -1034.91 -417.953 199 
100 -500.445 -1096.54 -1691.14 -2281.81 -2864.48 -3426.8 -3975.42 -4517.68 -5047.51 -5559.73 -6054 -6535.44 -7012.11 -7485.57 -7941.78 -8386.04 -8812.71 -9218.21 -9607.24 -9977.12 -10330.6 -10668.1 -10988.5 -11294.8 -11579.5 -11847.1 -12105.6 -12343.3 -12559.9 -12761.7 -12938.9 -13102.1 -13250.2 -13369.1 -13471.1 -13566 -13642.1 -13704.7 -13759.7 -13808.4 -13837.4 -13846.8 -13850.8 -13856.8 -13854.9 -13857.4 -13856.7 -13851.7 -13846 -13839 -13829.1 -13816.9 -13799.3 -13775.1 -13751.8 -13737.7 -13725.2 -13709.2 -13680.8 -13640.8 -13596.8 -13545.6 -13471.9 -13387.5 -13288.1 -13175.6 -13051 -12906.9 -12745 -12570.8 -12373.2 -12161.6 -11927.6 -11659.7 -11365.7 -11056 -10727.9 -10378 -10011.6 -9628.49 -9232.51 -8817.21 -8394.91 -7966.33 -7518.52 -7053.58 -6577.18 -6087.29 -5578.93 -5061.6 -4531.43 -3985.02 -3422.31 -2845.07 -2254.99 -1652.22 -1036.95 -418.977 199 
100 -500.393 -1098.78 -1693.75 -2282 -2860.72 -3431.05 -3988.96 -4533.17 -5069.84 -5594.73 -6101.24 -6589.16 -7066.67 -7532.86 -7986.89 -8425.55 -8849.38 -9246.99 -9635.92 -10014.8 -10375.5 -10722.1 -11039.9 -11342.8 -11630 -11900.7 -12155.9 -12400 -12627.2 -12826.2 -13000.6 -13162.4 -13303.8 -13427.7 -13532 -13621.3 -13708.9 -13787.7 -13846.1 -13881 -13914.8 -13935.6 -13948.6 -13961.3 -13974 -13978.4 -13976 -13973.2 -13969.2 -13969.2 -13958.5 -13945.4 -13933.6 -13905.8 -13872.9 -13849 -13827.3 -13806 -13778.9 -13737.4 -13683.8 -13617.7 -13538.4 -13445.2 -13340 -13224.2 -13094.1 -12944.7 -12782.8 -12608.5 -12421.4 -12211.2 -11976.7 -11720.7 -11432.3 -11125.8 -10808.3 -10460.2 -10095.1 -9712.28 -9307.16 -8887 -8458.54 -8013.71 -7553.22 -7087.13 -6612.41 -6120.06 -5608.96 -5082.59 -4543.83 -3992.98 -3432.72 -2858.43 -2264.16 -1657.56 -1042.65 -421.95 199 
100 -504.463 -1103.07 -1699.43 -2294.46 -2881.05 -3446.79 -3997.6 -4543.14 -5075.01 -5589.93 -6088.45 -6574.53 -7055.58 -7531.14 -7988.67 -8436.02 -8863.92 -9272.76 -9664.26 -10035.5 -10391.3 -10733.8 -11061.7 -11372 -11660.6 -11933.7 -12198.2 -12438.4 -12657.5 -12864.9 -13043.9 -13206.7 -13351.9 -13470.2 -13570.1 -13663.9 -13739.5 -13801.3 -13855 -13901.9 -13932 -13938.2 -13939.8 -13944.8 -13942.3 -13944 -13944.1 -13939.6 -13931.9 -13923 -13913.3 -13903 -13890.3 -13869.5 -13849.7 -13835.5 -13821.8 -13806.6 -13779.8 -13740.2 -13693 -13634.7 -13560.5 -13475.9 -13378.3 -13269.7 -13148.4 -13004.7 -12843.1 -12668 -12469.7 -12255.4 -12018.2 -11750.2 -11458.8 -11148.8 -10817.2 -10461 -10089.4 -9702.76 -9302.14 -8881.8 -8455.51 -8023.49 -7569.8 -7098.39 -6615.65 -6120.85 -5609.36 -5088.98 -4553.53 -4005.14 -3440.62 -2864.32 -2271.08 -1663.44 -1045.11 -423.056 199 
100 -507.666 -1112.93 -1714.86 -2310.43 -2897.05 -3474.64 -4038.58 -4590.27 -5131.39 -5660.82 -6168.62 -6659.02 -7145.25 -7620.45 -8083.08 -8527.9 -8956.33 -9357.54 -9749.73 -10130.2 -10491.2 -10838.6 -11160.9 -11467.2 -11757.1 -12031.8 -12289.6 -12537.5 -12768.7 -12967.7 -13139.1 -13298.3 -13436.3 -13560 -13663.6 -13750.4 -13836.8 -13912.7 -13969.6 -14001.7 -14031.1 -14046.2 -14054 -14063.7 -14075.2 -14076.9 -14074 -14066.5 -14058.2 -14053.9 -14038.6 -14024.7 -14014.2 -13987.2 -13956.1 -13933.5 -13908.2 -13882 -13852.1 -13809.4 -13757.8 -13689.8 -13608.4 -13511.1 -13401.4 -13283.2 -13154.1 -13003.3 -12840 -12663.2 -12474.3 -12262.2 -12024 -11766.5 -11471.5 -11161.5 -10838.8 -10484.5 -10115.6 -9730.72 -9324 -8899.75 -8465.87 -8018.66 -7559.43 -7092.26 -6618.54 -6127.51 -5618.63 -5093.65 -4553.84 -4001.42 -3439.61 -2864.45 -2269.26 -1662.18 -1045.36 -423.443 199 
100 -506.407 -1107.7 -1705.99 -2303.21 -2891.09 -3457.83 -4009.53 -4556.29 -5088.7 -5605.94 -6106.89 -6594.8 -7077.49 -7554.84 -8016.13 -8468.7 -8898.9 -9312.25 -9709.17 -10086 -10446.3 -10789.4 -11116.6 -11426.2 -11720.1 -11997.7 -12264.3 -12507.5 -12730.5 -12943.7 -13126.6 -13286.5 -13428 -13545.6 -13643.9 -13736.1 -13811.5 -13873.5 -13926 -13971 -13998.7 -14002.9 -14003.2 -14006.9 -14003.9 -14004.9 -14005.1 -13999.8 -13990.2 -13982.1 -13973.4 -13962.1 -13949.9 -13927.2 -13907.1 -13892 -13875.9 -13858.2 -13832 -13792.3 -13745.1 -13684.2 -13606.7 -13518.8 -13418.2 -13305.8 -13182.8 -13039.6 -12878.4 -12702.7 -12504.3 -12289.6 -12051 -11786.1 -11496.4 -11184.8 -10848.3 -10489.8 -10116.5 -9727.27 -9325.27 -8905.84 -8481.47 -8048.38 -7590.9 -7114.98 -6629.37 -6133.34 -5621.94 -5100.36 -4562.17 -4011.76 -3445.66 -2867.96 -2274.94 -1665.68 -1047.1 -424.052 199 
100 -507.849 -1112.92 -1714.72 -2310.67 -2898.35 -3476.69 -4038.63 -4590.71 -5131.27 -5661.23 -6170.42 -6663.13 -7150.27 -7627.41 -8089.82 -8533.61 -8958.75 -9360.23 -9753.87 -10136.8 -10502.4 -10848 -11171.3 -11477.6 -11766.2 -12040.1 -12296.2 -12544.4 -12776.1 -12973.9 -13145.1 -13301.3 -13437.5 -13559.6 -13664 -13750.5 -13837 -13911.9 -13967.3 -14001.5 -14030.5 -14044.4 -14052.8 -14062.4 -14072 -14072.5 -14071.3 -14063.1 -14055.8 -14052.4 -14038.8 -14024.7 -14011.9 -13986.4 -13956.5 -13935.3 -13913.2 -13889.5 -13862.3 -13819.2 -13767.6 -13698.7 -13613.8 -13512.1 -13399.2 -13276.8 -13144.7 -12994.6 -12831.8 -12654.3 -12465.6 -12255.1 -12020.2 -11761.6 -11464.7 -11156 -10835 -10485.2 -10120.2 -9733.52 -9327.74 -8904.96 -8468.28 -8021.44 -7564.28 -7099.31 -6627.29 -6134.26 -5626.11 -5102.12 -4560.86 -4008.62 -3444.09 -2867.15 -2268.99 -1661.97 -1044.79 -423.26 199 
100 -506.104 -1107.75 -1705.63 -2302.44 -2889.06 -3455.94 -4007.41 -4555.52 -5087.4 -5604.59 -6105.59 -6592.95 -7074.96 -7549.61 -8009.86 -8461.43 -8891.31 -9303.86 -9701.45 -10081.5 -10445.2 -10790.9 -11122.3 -11432.5 -11731.8 -12011.6 -12281.2 -12526.2 -12747.7 -12962.1 -13147.5 -13306.8 -13448 -13566 -13663.1 -13752.6 -13825.4 -13885.7 -13936.8 -13980.6 -14005.9 -14009.4 -14010.2 -14016.8 -14015 -14016.3 -14020.8 -14017.9 -14010.3 -14004.8 -13998.4 -13988.7 -13976.8 -13951.9 -13931 -13916.4 -13900.2 -13878.4 -13850 -13808.4 -13759 -13697.4 -13620 -13532.1 -13431.7 -13318.7 -13194.8 -13052.8 -12892.5 -12716.5 -12520.1 -12304.3 -12064.7 -11801.9 -11514.9 -11202.7 -10860.1 -10499.7 -10125.8 -9736.47 -9332.89 -8913.98 -8490.79 -8057.72 -7600.79 -7123.25 -6637.23 -6140.66 -5629.46 -5106.87 -4567.09 -4014.71 -3447.46 -2868.8 -2276.53 -1666.48 -1047.7 -424.471 199 
100 -508.895 -1115.08 -1717.39 -2311.9 -2898.48 -3474.82 -4036.47 -4589.83 -5130.99 -5662.41 -6171.46 -6664.98 -7153.29 -7633.52 -8100.29 -8547.5 -8976.3 -9379.72 -9777.87 -10161.2 -10526.3 -10872.2 -11194.9 -11503.9 -11790.3 -12061.6 -12315.3 -12562.1 -12793.7 -12993.4 -13168.1 -13325.6 -13466.1 -13589.9 -13694 -13778.9 -13863.1 -13939.7 -13993.3 -14031.6 -14060.3 -14075.2 -14084.3 -14096.3 -14106.3 -14107 -14108.3 -14101.2 -14095.1 -14090.3 -14076.7 -14064.6 -14050.5 -14023.9 -13993.8 -13971.9 -13953 -13930 -13902.3 -13858.1 -13804.4 -13732.9 -13646.8 -13546.5 -13434.9 -13309.5 -13173.7 -13016.5 -12849.4 -12668.4 -12480.4 -12271.1 -12033.9 -11766.3 -11465.9 -11156.3 -10832.6 -10479.8 -10113.3 -9727.93 -9327.15 -8909.85 -8473.13 -8024.53 -7566.58 -7100.58 -6626.56 -6131.42 -5622.49 -5097.81 -4552.26 -3998.21 -3434.09 -2861.56 -2267.89 -1665.02 -1048 -424.926 199 
100 -507.056 -1110.21 -1708.83 -2305.5 -2891.76 -3460.57 -4012.31 -4561.25 -5094.72 -5613 -6114.5 -6603.08 -7085.61 -7561.47 -8024.29 -8475.57 -8906.44 -9321.15 -9717.44 -10098.1 -10466.7 -10816.5 -11149.8 -11460.6 -11762.3 -12043.2 -12314.1 -12563.1 -12786.7 -13003.7 -13191.4 -13352.3 -13495 -13612.7 -13710.6 -13800.9 -13875.7 -13938.7 -13989.9 -14033.6 -14057.3 -14061.8 -14062.8 -14070.2 -14069.1 -14072.7 -14079.4 -14077.7 -14071 -14066.6 -14060.6 -14053.8 -14042.3 -14019.4 -13999.9 -13987.3 -13971.6 -13951.3 -13927.6 -13884.7 -13834.1 -13770.7 -13694 -13601.4 -13497.9 -13382.2 -13255.4 -13112.7 -12949.2 -12772.2 -12575.6 -12355.3 -12107.5 -11842.8 -11557 -11244.6 -10898.5 -10534.6 -10158.7 -9767.2 -9360.32 -8939.22 -8511.56 -8073.89 -7613.23 -7132.59 -6644.35 -6147.37 -5638.19 -5117.08 -4581.16 -4029.3 -3460.93 -2879.9 -2286.53 -1673.98 -1052.3 -426.649 199 
100 -513.552 -1124.58 -1732.19 -2332.44 -2924.1 -3505.35 -4072.87 -4632.3 -5177.19 -5713.62 -6225.64 -6724 -7217.29 -7702.63 -8173.5 -8625.16 -9058.89 -9468.32 -9870.4 -10255 -10626.7 -10979.8 -11312.3 -11622.4 -11909.2 -12178.3 -12429.8 -12674 -12903.4 -13102.2 -13270 -13423.3 -13559 -13679.5 -13784.1 -13871.5 -13952.7 -14025 -14072.9 -14111.1 -14138.1 -14151.9 -14159.3 -14170.9 -14180.3 -14178.9 -14180.5 -14172.6 -14165.3 -14163 -14156.4 -14156.4 -14149.2 -14129 -14103 -14084.3 -14069.9 -14048.9 -14020 -13970.5 -13913.5 -13839.9 -13755.4 -13660.9 -13554.3 -13436.1 -13304 -13145.7 -12976.6 -12794.2 -12605.8 -12394.9 -12156 -11886 -11586 -11271.8 -10945.2 -10590.9 -10221.6 -9834.58 -9428.93 -9009.25 -8568.4 -8114.41 -7654.73 -7189.2 -6712.26 -6215.83 -5702.58 -5170.31 -4614.75 -4050.07 -3477.2 -2895.2 -2294.46 -1685.49 -1061.36 -431.634 199 
100 -514.818 -1125.95 -1732.26 -2334.96 -2925.29 -3498.96 -4058.1 -4614.51 -5157.15 -5683.1 -6191.65 -6689.91 -7182.23 -7669.5 -8145.47 -8606.83 -9048.37 -9471.16 -9874.76 -10260.2 -10634.9 -10991.5 -11326.9 -11639.8 -11943.6 -12227.7 -12500.5 -12753.2 -12980.1 -13198 -13391.5 -13558.2 -13703.2 -13821.2 -13920 -14008.2 -14082.2 -14145.5 -14195.5 -14239.4 -14261.6 -14264.9 -14264.4 -14270.8 -14268.5 -14272.7 -14278.4 -14274.5 -14267.8 -14262.3 -14253.3 -14247 -14235.4 -14213.2 -14189.7 -14176.6 -14158.1 -14135.2 -14110.3 -14070.6 -14022.5 -13961.6 -13886.7 -13792.8 -13688.3 -13570.4 -13441.2 -13297.8 -13134.7 -12958.5 -12763.6 -12545.6 -12298.8 -12034.8 -11748.3 -11432.6 -11080.2 -10709.4 -10329 -9932.97 -9518.62 -9090.45 -8655.37 -8208.26 -7739.19 -7252.22 -6756.75 -6252.35 -5737.65 -5208.12 -4662.68 -4100.6 -3521.8 -2930.71 -2327.82 -1704.99 -1072.43 -436.714 199 
100 -517.025 -1131.37 -1742.98 -2347.54 -2940.27 -3523.18 -4093.72 -4656.31 -5203.38 -5743.21 -6260.77 -6766.15 -7265.45 -7754.51 -8229.1 -8688.78 -9129.61 -9548.47 -9958.68 -10348.5 -10723 -11080.2 -11420.5 -11736.4 -12025.6 -12299.3 -12558 -12803.7 -13033.7 -13233.2 -13399.4 -13553.6 -13690.5 -13812.3 -13918.1 -14007.1 -14087.5 -14156.9 -14201.2 -14241.3 -14268.5 -14282.7 -14290.5 -14300.8 -14307.5 -14306.3 -14307.4 -14300.4 -14293.9 -14290.9 -14281.3 -14281.9 -14273.3 -14256.1 -14233.1 -14215.2 -14203.5 -14184 -14157.1 -14109.5 -14055.6 -13985.2 -13904.6 -13812.4 -13704.2 -13583.2 -13449.8 -13289 -13118.1 -12933.4 -12743.2 -12529.4 -12287.1 -12012.3 -11709.2 -11391.9 -11064.3 -10708 -10335.6 -9944.27 -9532.35 -9109.65 -8664.13 -8205.79 -7743.19 -7274.03 -6789.6 -6288.07 -5768.46 -5231.46 -4671.45 -4098.68 -3518.05 -2928.83 -2323.52 -1709.11 -1077.26 -439.563 199 
100 -516.489 -1130.05 -1738.26 -2341.14 -2931.91 -3507.78 -4068.88 -4625.76 -5168.9 -5693.69 -6201.18 -6700.8 -7191.4 -7673.87 -8146.4 -8602.76 -9043.18 -9464.14 -9865.8 -10248.9 -10626.4 -10983.7 -11320.3 -11636.6 -11939.4 -12225.8 -12500.7 -12753.1 -12979.1 -13194.7 -13387.2 -13553.9 -13703.4 -13825.3 -13928 -14020 -14093.8 -14156.1 -14206.6 -14251.2 -14272.8 -14277.3 -14278.9 -14287.3 -14286.7 -14294.9 -14302 -14299.8 -14295.5 -14291.6 -14282.9 -14277.4 -14263 -14241.2 -14215.1 -14194.4 -14171 -14146.1 -14120.3 -14080.7 -14036 -13977.2 -13905.2 -13809.9 -13705.3 -13588 -13459.4 -13320.4 -13154.2 -12974.2 -12777.6 -12559.5 -12314.1 -12052.4 -11767.3 -11451.3 -11100.7 -10731.2 -10353 -9958.64 -9544.63 -9115.1 -8679.16 -8231.05 -7760.93 -7273.56 -6776.9 -6270.96 -5756.53 -5225.41 -4679.71 -4115.45 -3535.89 -2946.54 -2345.39 -1718.41 -1080.83 -440.917 199 
100 -516.795 -1130.72 -1742.61 -2346.76 -2935.7 -3516.39 -4084.86 -4643.3 -5189.07 -5725.6 -6242.52 -6746.18 -7242.13 -7730.79 -8204.97 -8661.54 -9099.76 -9519.28 -9929.09 -10321.1 -10694.7 -11052.3 -11393.8 -11709.2 -11998.4 -12274.1 -12535.8 -12779.9 -13009.6 -13207.2 -13373.1 -13529.6 -13670.1 -13792.6 -13898.8 -13988.8 -14070.6 -14141.2 -14188 -14229 -14254.2 -14267.6 -14275.2 -14289.2 -14297.5 -14297.2 -14296.8 -14289.7 -14283.2 -14277.6 -14267.9 -14271.1 -14264.8 -14249.7 -14229 -14211.3 -14201 -14181.9 -14156.2 -14109.7 -14056.8 -13988.9 -13911.6 -13821 -13713.6 -13592.2 -13458 -13298.5 -13127.8 -12943.7 -12753.4 -12537.5 -12292.4 -12013.7 -11709 -11389 -11060.5 -10704.2 -10331.9 -9941.25 -9530.56 -9112.07 -8669.52 -8213.2 -7750.48 -7280.96 -6795.34 -6294.17 -5772.04 -5229.09 -4665.27 -4091.75 -3511.15 -2922.42 -2320.2 -1708.23 -1077.35 -439.551 199 
100 -519.56 -1137.01 -1748.59 -2352.86 -2946.88 -3527.41 -4093 -4652.43 -5195.8 -5719.65 -6227.66 -6727.42 -7218.57 -7700.8 -8170.71 -8625.47 -9067.39 -9487.54 -9888.83 -10271.9 -10647.4 -11006.7 -11342.9 -11660.2 -11961.8 -12245.7 -12515.4 -12762.9 -12980.9 -13192.9 -13385.3 -13553.2 -13707.3 -13832.7 -13936 -14026.9 -14101.4 -14168 -14219.6 -14259.7 -14272.4 -14272.5 -14269.9 -14276.8 -14277.6 -14285.3 -14290.3 -14289.6 -14290.2 -14289.1 -14281.6 -14279.4 -14265.5 -14246.3 -14222.7 -14201.6 -14177.1 -14150 -14119.5 -14078.7 -14031.3 -13969 -13898.5 -13806.6 -13701.1 -13580.3 -13451.8 -13312.4 -13149 -12969.4 -12773.3 -12558.8 -12310.7 -12049.7 -11763.2 -11441.5 -11090.1 -10721.3 -10344.1 -9949.27 -9534.85 -9103.12 -8664.34 -8213.15 -7744.26 -7257.55 -6761.44 -6255.55 -5742.43 -5211.26 -4668.32 -4110.42 -3533.71 -2944.67 -2344.12 -1718.89 -1080.54 -440.768 199 
100 -520.388 -1137.68 -1753.42 -2361.76 -2955.81 -3538.78 -4108.8 -4670.87 -5220.01 -5757.3 -6275.61 -6783.01 -7281.07 -7771.29 -8248.68 -8706.15 -9145.01 -9566.13 -9974.56 -10365.8 -10741.1 -11101.5 -11448 -11768.2 -12062 -12340.9 -12607.2 -12854.2 -13086.3 -13283.2 -13450.3 -13608.1 -13749.6 -13870.5 -13976.7 -14063.3 -14142.3 -14210.6 -14259.4 -14300.2 -14324.5 -14337.3 -14345.7 -14363.2 -14374.3 -14379.2 -14378.1 -14372.2 -14366.3 -14359.2 -14350.4 -14353.5 -14348.4 -14336.5 -14319.1 -14302.7 -14294.3 -14277.1 -14253.1 -14209.8 -14161.7 -14097 -14022.5 -13930.7 -13825.7 -13704.3 -13569.5 -13411.4 -13238.2 -13053.3 -12861 -12641.6 -12391.1 -12110.4 -11803.2 -11473.9 -11139.6 -10779.5 -10401.9 -10008.2 -9594.28 -9171.86 -8726.91 -8261.03 -7790.19 -7311.08 -6816.55 -6309.81 -5784.81 -5242.88 -4680.36 -4106.4 -3523.63 -2932.84 -2328.18 -1714.43 -1081.65 -441.603 199 
100 -519.627 -1137.67 -1749.82 -2352.34 -2945.98 -3525.32 -4091.38 -4651.78 -5197.15 -5724.6 -6233.83 -6733.66 -7224.76 -7707.39 -8176.02 -8627.54 -9063.69 -9478.69 -9875.72 -10258.6 -10634.9 -10996.5 -11336.2 -11657.6 -11964.5 -12254.4 -12527.3 -12777.1 -12998.7 -13210.7 -13405.2 -13572.6 -13723.7 -13846 -13949.8 -14040.8 -14117.5 -14188.8 -14242.4 -14279.9 -14291 -14291.1 -14288.9 -14297.6 -14302.7 -14312.4 -14320.8 -14320.7 -14321.1 -14318.8 -14313.6 -14315.1 -14300.6 -14285.4 -14267.8 -14250.2 -14225.6 -14198.6 -14166.2 -14128.8 -14087 -14027.3 -13960.4 -13873.3 -13767.7 -13643.2 -13511.7 -13367.8 -13202.5 -13020.1 -12821.2 -12605.8 -12353.8 -12089.4 -11799.1 -11470.1 -11116.9 -10746.3 -10366.7 -9971.75 -9557.11 -9125.12 -8686.75 -8234.4 -7767.71 -7284.05 -6788.86 -6282.4 -5763.67 -5231.01 -4687.68 -4129.79 -3551.19 -2960.11 -2356.26 -1728.46 -1086.24 -443.622 199 
100 -523.528 -1143.7 -1762.79 -2374.57 -2971.67 -3558.91 -4131.76 -4693.71 -5241.73 -5778.57 -6297.95 -6803.91 -7298.84 -7785.85 -8260.32 -8714.93 -9150.73 -9570.39 -9977.4 -10369.9 -10743.8 -11104.2 -11451.4 -11771.2 -12064.7 -12343.7 -12610.2 -12857.5 -13089.3 -13286.4 -13453.8 -13613.6 -13755.6 -13875.3 -13982.1 -14069.3 -14148.2 -14216.8 -14268.6 -14312.4 -14338.5 -14353.1 -14363 -14381.1 -14391.5 -14399.9 -14397.1 -14389.9 -14376.6 -14365.1 -14357.3 -14359.8 -14357.3 -14349.9 -14337.3 -14323.6 -14316.4 -14300.3 -14272.6 -14229.6 -14179.7 -14114.1 -14038.3 -13945 -13843.4 -13723.8 -13590 -13437.6 -13269.7 -13084.3 -12887.7 -12666.2 -12414.5 -12135.9 -11830.5 -11503.4 -11167.7 -10812.5 -10433.6 -10036.3 -9619.53 -9194.35 -8746.78 -8278.83 -7805.05 -7321.41 -6825.32 -6319.03 -5793.16 -5248.98 -4686.65 -4111.76 -3528.82 -2938.7 -2334.21 -1720.01 -1087.03 -444.158 199 
100 -522.958 -1144.92 -1760.4 -2363.12 -2956.7 -3537.58 -4104.53 -4665.99 -5210.9 -5739.1 -6250.05 -6750.29 -7241.19 -7724.82 -8196.19 -8645.8 -9079.3 -9491.94 -9887.82 -10270.8 -10648.7 -11012.8 -11355.4 -11683.3 -11992.5 -12283 -12555 -12803 -13024.4 -13235.5 -13430.8 -13597.4 -13744.2 -13865.8 -13971.1 -14063.3 -14141.4 -14214.3 -14267.6 -14299.5 -14310.4 -14313.6 -14314.5 -14323.2 -14328.3 -14338.4 -14344.8 -14343.1 -14342 -14339.4 -14337 -14339.5 -14323.1 -14308.3 -14294.1 -14278.7 -14257.7 -14234 -14207.3 -14177 -14140.9 -14084.7 -14018.6 -13931.3 -13823.1 -13696.3 -13565.1 -13419.7 -13255.6 -13073.5 -12875.2 -12660.3 -12416 -12150.9 -11856.8 -11526 -11177.2 -10810.8 -10433 -10038.9 -9622.5 -9187.86 -8745.03 -8287.87 -7819.7 -7334.33 -6833.56 -6321.07 -5797.59 -5262.05 -4715.61 -4154.67 -3573.48 -2979.2 -2369.64 -1736.41 -1091.27 -446.136 199 
100 -524.065 -1144.49 -1764.22 -2376.94 -2976.22 -3566.16 -4141.89 -4699.12 -5240.16 -5772.91 -6291.09 -6794.22 -7287.93 -7774.92 -8249.28 -8704.04 -9139.63 -9557.94 -9962.73 -10353.5 -10730.3 -11092.2 -11440 -11759.9 -12052.9 -12332.6 -12598.8 -12847.3 -13076.6 -13272.1 -13438 -13597.1 -13736.5 -13853 -13958.1 -14043.6 -14119.4 -14187.5 -14240.7 -14287.4 -14317.1 -14333.6 -14344.1 -14360.7 -14369.1 -14376.1 -14374.2 -14368.3 -14352.3 -14341 -14334 -14337.3 -14333.5 -14323.8 -14310.5 -14295.2 -14284.9 -14265.8 -14241.2 -14204.5 -14159.2 -14100.1 -14027.5 -13936.5 -13836.5 -13717 -13583.7 -13433.5 -13266.2 -13082.7 -12884.4 -12660.7 -12405.2 -12124.2 -11824.1 -11505.5 -11169 -10812.4 -10429.2 -10032.4 -9616.41 -9191.55 -8743.22 -8276.81 -7803.8 -7318.85 -6823.58 -6318.77 -5791.99 -5248.91 -4686.97 -4113.57 -3530.52 -2937.73 -2333.63 -1719.72 -1085.48 -443.525 199 
100 -525.512 -1150.65 -1768.35 -2373.36 -2969.13 -3553.14 -4123.14 -4686.8 -5233.76 -5765.55 -6280.42 -6783.21 -7276.23 -7763.02 -8239.03 -8691.07 -9124.01 -9534.25 -9928.18 -10308.3 -10684.7 -11047.9 -11390.9 -11718.3 -12026.4 -12317.4 -12589.5 -12838.9 -13058.3 -13264.3 -13455.2 -13622.1 -13766.4 -13889.1 -13996.8 -14092 -14172.8 -14248.2 -14305.3 -14337.8 -14351.3 -14357.7 -14361.5 -14371.5 -14375.1 -14382.7 -14385.5 -14382.4 -14378.7 -14373.4 -14370.5 -14372.3 -14354.2 -14338.5 -14322.5 -14303.6 -14279.1 -14250.2 -14223.9 -14192.1 -14156.7 -14103.4 -14041.2 -13955.6 -13852.3 -13728 -13598.8 -13453.1 -13288.9 -13106.8 -12908.1 -12692.2 -12451.7 -12183.2 -11881.5 -11546.1 -11193.5 -10824.5 -10444.5 -10050.6 -9633 -9197.94 -8755.1 -8296.8 -7828.61 -7347.72 -6849.54 -6337.28 -5812.73 -5277.32 -4729.73 -4168.34 -3584.15 -2987.57 -2372.69 -1737.51 -1092.01 -446.503 199 
100 -525.847 -1147.75 -1768.82 -2384.11 -2989.62 -3584.41 -4163.43 -4723.67 -5267.82 -5799.35 -6317.12 -6822.01 -7317.39 -7805.45 -8278.86 -8732.87 -9166.99 -9584.71 -9988.81 -10379.6 -10758 -11122.7 -11471.5 -11792.7 -12088.3 -12369.4 -12636.6 -12887.8 -13118.8 -13316.4 -13485.7 -13643.8 -13787.3 -13903.5 -14008.1 -14092.6 -14167.5 -14236.1 -14292.4 -14341.4 -14375.7 -14397 -14410.2 -14429.2 -14438.9 -14445.6 -14440.9 -14431.3 -14414.2 -14401.6 -14393.7 -14392.9 -14386.6 -14374.4 -14359.7 -14344.7 -14332.3 -14310.5 -14286.2 -14248.5 -14198.6 -14136.2 -14061.2 -13969.8 -13869.5 -13748.8 -13615.7 -13468.7 -13303.8 -13119.6 -12919.1 -12692.9 -12436.3 -12152.8 -11851.3 -11531.1 -11189.8 -10837.3 -10455.3 -10059.6 -9643.5 -9216.56 -8766.25 -8299.1 -7826.12 -7338.2 -6841.78 -6336.24 -5806.93 -5261.35 -4696.25 -4121.54 -3536.61 -2942.37 -2336.67 -1721.02 -1086.21 -444.624 199 
100 -527.13 -1151.61 -1770.02 -2376.91 -2974.26 -3563 -4135.74 -4698.6 -5246.4 -5783.92 -6302.83 -6807.65 -7304.91 -7797.11 -8278.98 -8735.89 -9174.79 -9590.46 -9987.15 -10369.6 -10747.5 -11114 -11461 -11789.7 -12099.7 -12391.9 -12663.3 -12911.9 -13133.1 -13336.3 -13524.3 -13689.6 -13832.5 -13953 -14059.3 -14152.5 -14232.7 -14306.5 -14364.3 -14393.7 -14405.8 -14409 -14412.1 -14419.4 -14420.7 -14426.5 -14429.5 -14428 -14423.3 -14415.8 -14414 -14413.8 -14394.5 -14378.5 -14362.1 -14343.2 -14317.5 -14288.4 -14262.8 -14231.6 -14195.4 -14141.6 -14078.2 -13990.7 -13886.8 -13762.4 -13630.3 -13478.7 -13310.3 -13126.3 -12926.6 -12709.2 -12469.9 -12200.8 -11896.1 -11558.9 -11205 -10835.1 -10457.8 -10066.9 -9650.26 -9217.15 -8775.73 -8317.04 -7848.1 -7368.06 -6869.21 -6355.71 -5831.07 -5292.2 -4740.07 -4175.2 -3590.56 -2994.03 -2377.49 -1740.61 -1094.08 -447.538 199 
100 -531.014 -1157.04 -1781.87 -2402.16 -3012.07 -3610.9 -4192.71 -4755.78 -5300.33 -5833.19 -6352.56 -6861.93 -7359.8 -7849.11 -8323.69 -8775.68 -9208.22 -9625.02 -10029.3 -10418.6 -10798.6 -11162.7 -11511.7 -11834.8 -12131.6 -12411.6 -12675.4 -12922.1 -13152.2 -13351.6 -13527.6 -13685.2 -13830.4 -13946.8 -14050.6 -14133.6 -14206.7 -14273.6 -14331.9 -14378.9 -14409 -14429.7 -14442.3 -14457.5 -14469.4 -14476.9 -14472.7 -14462.8 -14448.4 -14436.2 -14427 -14421.4 -14414.5 -14403.8 -14388.3 -14375 -14361.9 -14342.6 -14319.2 -14282.3 -14234 -14172.2 -14098.7 -14010.6 -13909 -13788.1 -13652.3 -13502 -13335 -13149.2 -12946.7 -12719.8 -12465.2 -12181 -11883.3 -11565.2 -11223.9 -10868.2 -10485.1 -10086 -9669.16 -9240 -8787.39 -8319.27 -7845.93 -7354.73 -6857.09 -6349.25 -5817.46 -5269.72 -4706.52 -4130.9 -3544.83 -2948.94 -2341.16 -1723.26 -1087.71 -446.038 199 
100 -531.538 -1156.8 -1776.58 -2386 -2986.41 -3578.72 -4156.32 -4722 -5271.09 -5812.11 -6333.64 -6840.49 -7336.9 -7829 -8308.01 -8761.32 -9195.81 -9608.79 -10004.9 -10388.1 -10765.2 -11130.5 -11479.6 -11808.2 -12111.8 -12398.9 -12666.8 -12914.3 -13138.4 -13342.7 -13530.6 -13694.2 -13835.7 -13955.9 -14061 -14152.3 -14232.3 -14307 -14368.1 -14398 -14411.3 -14417.1 -14422.7 -14427.7 -14426.8 -14431.2 -14435 -14435.5 -14430.7 -14425.4 -14427.9 -14428 -14412.1 -14399.9 -14384.6 -14366.4 -14339.4 -14311 -14286.6 -14255.3 -14217.2 -14162.2 -14097.8 -14007.9 -13903.5 -13779.9 -13647.9 -13496.7 -13327.2 -13143.6 -12944.5 -12725.4 -12486.8 -12215.8 -11908.8 -11568.8 -11210.8 -10838 -10460.4 -10069.6 -9651.08 -9217.13 -8772.09 -8312.44 -7842.95 -7363.91 -6864.17 -6350.02 -5824.86 -5285.05 -4731.81 -4165.28 -3581.54 -2987.85 -2374.4 -1739.53 -1095.22 -448.233 199 
100 -534.018 -1161.08 -1784.57 -2405.95 -3019.27 -3618.16 -4200.51 -4763.82 -5309.25 -5843.99 -6365.82 -6877.56 -7377.87 -7869.33 -8345.06 -8798.72 -9233.9 -9651.84 -10058.2 -10446.8 -10827.1 -11189.7 -11537.8 -11859.6 -12156.3 -12432.2 -12692.2 -12936.8 -13166.7 -13365.6 -13542.7 -13696.1 -13839.2 -13956.3 -14060.4 -14142.7 -14214.6 -14280.5 -14338.8 -14383.8 -14413.5 -14433.6 -14445.7 -14456.3 -14465.6 -14473.8 -14468.8 -14458.3 -14443.7 -14431.1 -14423.1 -14417.2 -14412 -14400.5 -14387.1 -14373.6 -14358.2 -14340.4 -14316.8 -14282.2 -14235.9 -14174.4 -14100.5 -14011.6 -13908.4 -13788.5 -13656.4 -13510.2 -13347 -13163.8 -12962.7 -12735.8 -12482.1 -12197.2 -11895 -11572.9 -11227.6 -10867.9 -10485 -10085.1 -9670.54 -9243.36 -8792.45 -8326.46 -7854.25 -7365.36 -6867.41 -6359.06 -5826.17 -5276.83 -4714.54 -4136.92 -3550.04 -2953.13 -2343.73 -1724.18 -1088.92 -446.696 199 
100 -531.232 -1156.75 -1777.67 -2387.78 -2989.12 -3581.21 -4162.48 -4728.8 -5281.1 -5825.2 -6347 -6854.36 -7351.21 -7843.31 -8320.67 -8771.32 -9201.46 -9612.41 -10005.9 -10390.9 -10768.7 -11134.5 -11484.8 -11813.1 -12114.3 -12400.4 -12668.9 -12917.5 -13144.7 -13347.4 -13528.1 -13683.5 -13817.9 -13933.7 -14035.3 -14124.9 -14205.4 -14281.3 -14342.5 -14372.8 -14386 -14392 -14398.9 -14403.4 -14401.9 -14406.3 -14410.5 -14415 -14411.2 -14406.3 -14409.3 -14407.8 -14394 -14380.5 -14364.2 -14349.7 -14323.8 -14300.3 -14279.2 -14247.4 -14207.1 -14152.4 -14087.8 -13996.6 -13892.3 -13771.5 -13639 -13487 -13314.1 -13128.2 -12926 -12703.8 -12463 -12192.4 -11888.1 -11551.8 -11195 -10823 -10446.5 -10055.2 -9636.8 -9202.83 -8761.73 -8305.67 -7839.22 -7364.17 -6866.94 -6354.77 -5829.76 -5290.16 -4737.04 -4168.62 -3583.04 -2987.61 -2372.64 -1737.5 -1094.02 -447.803 199 
100 -534.691 -1163.18 -1786.61 -2407.91 -3022.69 -3620.69 -4199.2 -4759.01 -5300.44 -5832.87 -6358.69 -6873.82 -7376.4 -7869.35 -8346.85 -8802.82 -9235.8 -9650.16 -10053.7 -10440.3 -10818 -11180.6 -11528.8 -11849.4 -12148.9 -12427.9 -12689.5 -12936.3 -13167.6 -13369.6 -13550.5 -13706.1 -13849.7 -13970.8 -14079.8 -14166.1 -14236.3 -14301 -14361.2 -14411.2 -14447.8 -14473.9 -14493.4 -14505.8 -14515.4 -14524.1 -14519 -14509.3 -14494.9 -14484.2 -14482.1 -14478.6 -14475.2 -14464.7 -14453.4 -14441.2 -14425.1 -14409.7 -14387.7 -14355.6 -14306.5 -14243.9 -14167.8 -14078.4 -13972.1 -13850.1 -13717.3 -13568.7 -13402.3 -13215.2 -13009.2 -12783.7 -12532.8 -12252.7 -11949.6 -11626.1 -11278.2 -10914.5 -10530.1 -10125.5 -9705.44 -9272.79 -8819.18 -8350.49 -7874.79 -7383.81 -6884.73 -6374.34 -5841.47 -5291.39 -4726.72 -4146.43 -3559.71 -2960.69 -2349.75 -1730.21 -1093.51 -449.012 199 
100 -531.84 -1159.08 -1781.74 -2393.87 -2996.36 -3587.98 -4172.76 -4741.19 -5296.81 -5844.37 -6368.63 -6879.8 -7378.17 -7871.44 -8348.17 -8799.14 -9230.63 -9642.96 -10038.3 -10425.4 -10806.7 -11175.9 -11527.9 -11855.4 -12155 -12438.8 -12705.7 -12954.1 -13179.5 -13383.5 -13563.5 -13719.1 -13855.4 -13972.2 -14072.5 -14161.7 -14240.4 -14315.5 -14375.2 -14407.7 -14424.8 -14434.2 -14445.6 -14453.3 -14455.3 -14461.1 -14466.4 -14474.6 -14474.9 -14471.1 -14475.3 -14472.6 -14461.5 -14447.6 -14429.8 -14415.3 -14390.2 -14369.7 -14354.2 -14327 -14286.4 -14235.4 -14171.5 -14079.3 -13973.1 -13854.3 -13720.4 -13569.6 -13397.3 -13212.6 -13006.8 -12780.1 -12537.2 -12264.1 -11956 -11617.9 -11257.5 -10882.2 -10500.3 -10100.6 -9675.17 -9234.5 -8788.84 -8330.81 -7862.54 -7387.46 -6889.19 -6375.75 -5848.92 -5309.08 -4753.52 -4178.63 -3589.09 -2992.19 -2378.2 -1746.08 -1102.71 -452.32 199 
100 -537.457 -1169.43 -1795.2 -2418.5 -3036.48 -3635.16 -4213.69 -4773.9 -5316.8 -5852 -6381.09 -6899.85 -7402.02 -7897.19 -8374.56 -8828.81 -9266.46 -9681.75 -10087.9 -10477.8 -10859.3 -11225.1 -11575.9 -11894.8 -12196.6 -12479.6 -12740.6 -12987.1 -13216.2 -13418.8 -13599.7 -13754.5 -13896.3 -14018.2 -14128.2 -14216.7 -14289 -14353.7 -14412.6 -14460.2 -14494.7 -14519.3 -14541.6 -14555.2 -14566.5 -14580.4 -14576.9 -14567.3 -14552.3 -14540.1 -14541 -14539.6 -14538.8 -14532.6 -14524.2 -14516.7 -14503.4 -14490.8 -14470.6 -14443.3 -14397 -14337.3 -14261.5 -14170.6 -14062.9 -13938.5 -13803.5 -13652.1 -13482.1 -13294.4 -13088.8 -12863.1 -12610.6 -12331.8 -12028 -11705.3 -11356.1 -10987.5 -10597.8 -10190.9 -9767.83 -9332.64 -8875.7 -8403.81 -7924.59 -7432.98 -6935.04 -6424.99 -5891.29 -5341.17 -4774.77 -4189.31 -3596.71 -2992.11 -2373.67 -1748.01 -1105.57 -455.012 199 
100 -533.611 -1163.42 -1788.93 -2406.62 -3014.23 -3610.23 -4200.78 -4775.28 -5335.3 -5884.9 -6411.56 -6924.85 -7426.47 -7921.63 -8400.11 -8853.45 -9288.37 -9702.81 -10102.5 -10495.3 -10883.8 -11256.6 -11609 -11936.9 -12238.6 -12524.2 -12794 -13044.1 -13269 -13471.3 -13650.3 -13804.2 -13939.9 -14056.5 -14155.6 -14240.9 -14319.6 -14397.9 -14457.7 -14492.7 -14516.1 -14526.6 -14538.1 -14545.8 -14546.6 -14555 -14562.9 -14573.5 -14574.7 -14570 -14572.5 -14564.1 -14552.9 -14538.4 -14521.4 -14507 -14482.6 -14462.8 -14448.2 -14420.6 -14378.7 -14327.1 -14261.8 -14168.9 -14062.4 -13943.9 -13809.2 -13657 -13481.2 -13298.2 -13093.8 -12870.4 -12628.4 -12354.6 -12044.3 -11704.4 -11345.5 -10970.5 -10587.8 -10187.2 -9761.81 -9314.63 -8862.7 -8398.66 -7924.04 -7443.65 -6940.91 -6423.46 -5892.06 -5349.2 -4791.45 -4207.96 -3612.8 -3009.66 -2391.85 -1755.93 -1109.21 -455.747 199 
100 -536.033 -1167.85 -1795.11 -2419.09 -3037.93 -3639.32 -4223.01 -4790.98 -5341.13 -5881.68 -6415.57 -6938.06 -7441.93 -7939.86 -8418.17 -8872.37 -9310.71 -9726.17 -10133.6 -10524.9 -10908.4 -11274.5 -11626.8 -11945.7 -12248.5 -12532.9 -12795.5 -13043.8 -13275.3 -13480.9 -13662.2 -13817.4 -13958.9 -14083.3 -14192.2 -14278.8 -14350.7 -14414.1 -14471.2 -14519.3 -14557.1 -14585.3 -14614.6 -14630.3 -14641 -14653.2 -14649.1 -14638.1 -14621.2 -14606.7 -14607 -14602.9 -14600.3 -14594 -14579 -14568 -14553.6 -14537.6 -14514.9 -14485 -14438.4 -14374.8 -14294.9 -14201.9 -14090.2 -13964.1 -13828 -13675.6 -13504 -13314.6 -13107.8 -12881.4 -12632.1 -12357.5 -12055.4 -11731.7 -11380.7 -11010.4 -10620.1 -10211.4 -9786.67 -9349.02 -8890.09 -8418.25 -7936.35 -7443.46 -6943.46 -6433.63 -5899.16 -5344.38 -4774.31 -4188.39 -3594.01 -2991.2 -2373.16 -1749.03 -1108.48 -456.435 199 
100 -535.443 -1167.87 -1795.46 -2416.72 -3025.62 -3623.75 -4216.76 -4793.31 -5356.02 -5906.52 -6436.71 -6952.21 -7456.78 -7953.83 -8433.13 -8889.42 -9327.31 -9743.08 -10146.6 -10541.9 -10934.1 -11309.6 -11662.7 -11993.2 -12298.5 -12586.5 -12858.5 -13111.1 -13341 -13548.1 -13732.2 -13891.1 -14029.7 -14148.3 -14247.4 -14334.7 -14415.6 -14494.7 -14552.5 -14587.1 -14613.9 -14623.8 -14635.2 -14641.6 -14641.2 -14648.4 -14656.9 -14666.9 -14670.6 -14668.2 -14672.2 -14663.8 -14654.1 -14638.3 -14621.4 -14606.8 -14582.9 -14562.7 -14548.5 -14520.8 -14477.1 -14425 -14357.7 -14264.3 -14157.2 -14037 -13901.9 -13749.4 -13570.2 -13382.2 -13177 -12956.2 -12716.8 -12443.5 -12130.8 -11789 -11430.5 -11055.6 -10672.9 -10271.5 -9846.62 -9398.61 -8946.31 -8477.37 -7995.52 -7505.33 -6996.07 -6470.9 -5932.37 -5384.3 -4823.56 -4235.94 -3637.39 -3030.46 -2409.57 -1767.78 -1116.15 -459.385 199 
100 -539.826 -1175.25 -1806.31 -2433.21 -3054.46 -3660.98 -4248.62 -4821.63 -5376.08 -5917.7 -6453.15 -6976.88 -7484.82 -7986.91 -8468.24 -8926.02 -9367.5 -9786.12 -10196.6 -10591.3 -10979.7 -11347.7 -11701.6 -12023.6 -12326.6 -12611.9 -12874 -13117.1 -13347.7 -13553.7 -13735.6 -13890.7 -14031.7 -14157.3 -14267.2 -14355.3 -14429.4 -14494.4 -14551.2 -14599.5 -14634.2 -14660.8 -14687.7 -14700.1 -14708.8 -14721.7 -14721.1 -14711.4 -14696.7 -14682.5 -14683.4 -14679.1 -14678.7 -14674.3 -14661.6 -14654.9 -14638.4 -14620.7 -14597 -14567.9 -14522.6 -14459.6 -14378.3 -14286 -14178.7 -14053.9 -13912.9 -13758.8 -13584.4 -13394.2 -13185.2 -12954.6 -12704.9 -12430.4 -12127.6 -11802.9 -11447.9 -11075.2 -10681.9 -10271.5 -9843.74 -9402.54 -8941.9 -8469.28 -7983.74 -7486.34 -6980.72 -6466.34 -5928.53 -5371.27 -4798.89 -4211.84 -3614.69 -3009.1 -2385.99 -1756.95 -1112.73 -458.486 199 
100 -538.754 -1175.29 -1806.49 -2432.78 -3045.31 -3650.39 -4248.81 -4837.3 -5408.21 -5966.53 -6503.72 -7026.97 -7536.71 -8036.47 -8514.65 -8972.47 -9411.72 -9827.52 -10233.2 -10632.5 -11028.7 -11408.1 -11764.2 -12099.1 -12413.2 -12707.8 -12983.8 -13239.6 -13474.5 -13687.5 -13875.9 -14033.3 -14170.4 -14289.2 -14389 -14476.9 -14558.6 -14637.9 -14694.5 -14727 -14754.3 -14763.7 -14777.2 -14785.7 -14786 -14793 -14803.2 -14813.7 -14819.2 -14816.9 -14815.2 -14803.7 -14792.4 -14776.8 -14760.7 -14747.6 -14724.3 -14705.2 -14694.3 -14671.6 -14629.5 -14579.8 -14514.2 -14424.5 -14316 -14192.3 -14055.6 -13901.1 -13721.3 -13531.1 -13324.4 -13100.2 -12858.6 -12579.5 -12259.6 -11912.8 -11548 -11166.3 -10773.9 -10361.7 -9930.02 -9477.68 -9020.9 -8546.96 -8060.95 -7564.18 -7048.96 -6519.37 -5973.48 -5419.28 -4853.71 -4262.77 -3662.08 -3052.94 -2429.56 -1783.1 -1125.85 -464.489 199 
100 -541.414 -1178.37 -1811.02 -2438.61 -3062.03 -3673.86 -4264.18 -4841.39 -5399.01 -5942.41 -6480.14 -7006.06 -7516.63 -8020.34 -8503.46 -8962.83 -9404.54 -9823.98 -10236.2 -10632 -11022.7 -11392.1 -11743.6 -12068.1 -12369.2 -12653.3 -12915.2 -13159.6 -13392 -13601.1 -13782.2 -13938.8 -14080.3 -14207.4 -14319.3 -14412.1 -14491.7 -14561.8 -14622.4 -14674.2 -14712.6 -14740.9 -14767.3 -14779.9 -14788.8 -14802.2 -14810.4 -14809.6 -14801.4 -14791.6 -14794.5 -14787.3 -14786.7 -14777 -14765.1 -14762.3 -14753.6 -14740.8 -14722.2 -14696.3 -14652.5 -14591.7 -14512.9 -14419.2 -14310.1 -14183.3 -14040.8 -13887.5 -13710.9 -13520.7 -13310.1 -13075.7 -12822.1 -12538.1 -12229.2 -11900.4 -11540.7 -11163.4 -10766.1 -10351.8 -9921.6 -9474.52 -9010.34 -8534.62 -8043.69 -7542.06 -7032.38 -6513.21 -5971.53 -5410.51 -4834.3 -4243.77 -3641.62 -3029.91 -2403.31 -1770.07 -1121.6 -462.742 199 
100 -539.238 -1176.79 -1811.7 -2442.96 -3058.26 -3665.76 -4263.96 -4854.13 -5427.4 -5982.55 -6515.91 -7036.01 -7544.25 -8042.05 -8514.34 -8970.18 -9407.86 -9820.83 -10225.4 -10623.1 -11014.6 -11389.6 -11745.8 -12082.2 -12396.5 -12692.6 -12970 -13225.8 -13461.4 -13673.8 -13861 -14019.9 -14157.4 -14276.3 -14377.2 -14465.8 -14548.3 -14627.2 -14684.7 -14721 -14753 -14768.5 -14784.2 -14793.9 -14796.3 -14806.6 -14820.8 -14834.6 -14840.7 -14839.4 -14837.5 -14822.8 -14809.2 -14789.3 -14770.7 -14758.1 -14736.2 -14714 -14702.6 -14680.9 -14639.1 -14588.8 -14518.9 -14428.4 -14321.6 -14197.3 -14060.9 -13908 -13730.2 -13540.9 -13335.6 -13109.9 -12865.2 -12584.3 -12265.7 -11922.9 -11561.9 -11182 -10787 -10370.9 -9936.1 -9486.44 -9033.51 -8563.78 -8081.73 -7583.94 -7069.26 -6540.99 -5996.48 -5440.09 -4870.42 -4277.49 -3674.37 -3063.17 -2437.55 -1789.16 -1129.6 -466.605 199 
100 -542.824 -1181.26 -1815.18 -2443.4 -3067.4 -3681.67 -4275.37 -4857.93 -5421.69 -5964.92 -6504.36 -7032.51 -7545.16 -8050.72 -8539.01 -9000.81 -9443.33 -9862.5 -10275.7 -10673 -11064.2 -11436.1 -11786.6 -12111.6 -12414.5 -12698.4 -12964.5 -13215.3 -13455.4 -13673.3 -13854.1 -14010.1 -14150.1 -14277.3 -14388.5 -14483 -14565.5 -14640.2 -14701.7 -14754 -14795.1 -14827.6 -14854.8 -14862.2 -14866.9 -14877.9 -14886.3 -14884.3 -14875.3 -14864.3 -14865.9 -14860 -14863.1 -14855.9 -14846.4 -14843.3 -14833.9 -14821.2 -14805.6 -14780.4 -14735.5 -14675 -14599 -14503.3 -14391.8 -14263.1 -14118.8 -13965.2 -13786.7 -13595.8 -13385.4 -13149.5 -12891.2 -12604.9 -12292.6 -11961.6 -11599.9 -11217.6 -10816.5 -10397 -9960.54 -9509.31 -9047.2 -8575.87 -8087.47 -7587.32 -7077.68 -6556.02 -6011.55 -5449.68 -4868.97 -4275.36 -3668.08 -3051.86 -2421.67 -1784.01 -1130.73 -467.176 199 
100 -541.186 -1180.97 -1818.64 -2452.74 -3066.83 -3673.7 -4272.84 -4865.95 -5440.24 -5993.87 -6527.6 -7046.3 -7551.29 -8045.58 -8517.94 -8973.85 -9414.1 -9828.44 -10234.6 -10634.8 -11028.3 -11405 -11760.9 -12096.5 -12412.2 -12710.2 -12989 -13243.6 -13475.7 -13683 -13865.2 -14022.7 -14163.1 -14286.8 -14390.6 -14481.4 -14565.5 -14645.7 -14706.2 -14744.6 -14779.3 -14800.1 -14819.1 -14830.4 -14837.3 -14846.8 -14860 -14873.1 -14878.2 -14875.6 -14876.1 -14862.6 -14849.6 -14829.5 -14810.4 -14796.7 -14775.9 -14755.1 -14745.2 -14722.9 -14680.3 -14629.8 -14558.4 -14471.3 -14365 -14237.9 -14097.5 -13940.4 -13757 -13561.1 -13354.9 -13130.8 -12886.7 -12605.9 -12284.5 -11941.8 -11581.3 -11201 -10806.2 -10386.8 -9950.87 -9501.76 -9047.61 -8578.06 -8095.23 -7592.45 -7077.23 -6549.07 -6005.69 -5448.29 -4875.76 -4282.38 -3678.07 -3066.44 -2439.91 -1790.89 -1130.56 -467.292 199 
100 -542.447 -1180.68 -1811.31 -2436.22 -3056.29 -3671.65 -4265.15 -4848.76 -5413.83 -5955.11 -6493.84 -7023.1 -7541.88 -8047.64 -8538.95 -9000.43 -9442.06 -9860.63 -10272.7 -10671.8 -11064.2 -11442.2 -11797.1 -12126.9 -12431.5 -12714.8 -12978.9 -13228.5 -13469 -13691 -13875 -14033.5 -14173.9 -14301 -14411.1 -14504.8 -14584.1 -14656.1 -14714.4 -14762.6 -14802 -14833.5 -14856.3 -14861.7 -14865.4 -14872.3 -14878.9 -14876.6 -14867.6 -14856.5 -14855.8 -14850.2 -14853.8 -14847.7 -14839.3 -14836.2 -14828.1 -14815.9 -14798.8 -14770 -14725 -14664.6 -14590.6 -14492.9 -14380.5 -14251.3 -14106.4 -13950.5 -13773.6 -13585.4 -13379.3 -13148.6 -12891.6 -12613.4 -12301 -11965.6 -11599.5 -11215.4 -10814.9 -10397.2 -9959.97 -9507.86 -9046.28 -8574.86 -8085.96 -7584.62 -7074.27 -6551.53 -6008.68 -5450.52 -4871.59 -4278.49 -3670.36 -3053.62 -2424.08 -1785.83 -1131.69 -467.552 199 
100 -541.31 -1181.47 -1820.04 -2454.89 -3069.47 -3677.11 -4275.89 -4871.19 -5450.65 -6004.31 -6537.37 -7053.96 -7559.42 -8055.38 -8532.21 -8992.17 -9436.97 -9856.45 -10265 -10667.6 -11057.8 -11427.8 -11779.2 -12113 -12429.3 -12726.7 -13004.7 -13259.5 -13492.3 -13697.4 -13876.5 -14032.1 -14169.9 -14292.8 -14397.3 -14488.9 -14572.5 -14653 -14715.2 -14756.8 -14794.5 -14823 -14845.7 -14858.3 -14867.9 -14878.1 -14891.4 -14902.4 -14905.3 -14900 -14897.5 -14880.3 -14863.3 -14840.8 -14821.9 -14808.2 -14789.1 -14768.8 -14759.2 -14737 -14695 -14644.2 -14572.6 -14486.8 -14381.1 -14250.2 -14107.3 -13949.8 -13768.6 -13572.9 -13367.5 -13142.9 -12896.6 -12620.1 -12299.8 -11963.4 -11608.5 -11227.6 -10831.3 -10406.2 -9967.61 -9516.33 -9057.07 -8589.02 -8102.1 -7598.71 -7078.35 -6547.16 -6005.51 -5447.03 -4873.91 -4280.77 -3675.4 -3063.93 -2437.58 -1789.25 -1129.46 -466.923 199 
100 -542.215 -1180.64 -1810.42 -2435.26 -3054.76 -3668.05 -4261.61 -4845.31 -5409.21 -5950.01 -6488.46 -7018.73 -7538.6 -8044.33 -8535.31 -9001.76 -9442.69 -9864.37 -10276.9 -10676.3 -11066.6 -11442.1 -11795.7 -12123 -12429.6 -12712.6 -12976.8 -13227.3 -13468.4 -13690.6 -13876.7 -14039.1 -14183.4 -14314.7 -14427.2 -14523.5 -14603 -14675 -14732.5 -14774.1 -14807.3 -14832.6 -14849.7 -14853.7 -14859.6 -14864 -14868.8 -14863.3 -14852.8 -14841.2 -14838.2 -14833.4 -14836.7 -14832.3 -14825.7 -14823.2 -14816.5 -14803.9 -14786.7 -14757.7 -14713.6 -14652.8 -14577.5 -14475.4 -14363.7 -14233.7 -14089.8 -13932.9 -13759.2 -13571.6 -13367.4 -13137.9 -12879.8 -12600.7 -12289.4 -11952.7 -11585.9 -11201.5 -10801.5 -10386.9 -9950.93 -9501.08 -9043.16 -8574.77 -8087.55 -7585.83 -7074.73 -6550.68 -6007.45 -5448.89 -4872.1 -4279.42 -3670.81 -3053.57 -2424.75 -1786.73 -1132.14 -467.627 199 
100 -540.409 -1179.86 -1818.29 -2451.76 -3066.36 -3673.67 -4271.81 -4866.02 -5444.6 -5996.3 -6528.69 -7046.04 -7553.58 -8049.72 -8527.66 -8987.38 -9431.68 -9853.64 -10262 -10662.3 -11047.1 -11416.4 -11770.9 -12107.9 -12427.4 -12722.5 -12998.5 -13254.9 -13487.9 -13690.2 -13868.8 -14027.5 -14167.9 -14293.8 -14399.8 -14490.7 -14573.4 -14652 -14711 -14749.3 -14783.1 -14808.2 -14829.2 -14840.9 -14855.3 -14869.9 -14887.9 -14901 -14907 -14904.2 -14904.1 -14887 -14867.7 -14844 -14827.1 -14815.6 -14797.5 -14780.2 -14771.6 -14750.9 -14708.8 -14653.3 -14577.7 -14490.1 -14385.6 -14253.6 -14109.8 -13951.6 -13770.9 -13573.9 -13368.1 -13145.8 -12897.8 -12621.7 -12299.9 -11964.6 -11608.7 -11226.8 -10828.6 -10400.6 -9961.69 -9510.23 -9049.81 -8578.63 -8091.64 -7588.14 -7064.52 -6531.45 -5992.43 -5435.69 -4864.41 -4274.34 -3670.72 -3061.07 -2436.77 -1790.84 -1130.59 -467.58 199 
100 -541.82 -1180.49 -1809.38 -2434 -3052.78 -3664.21 -4258.98 -4844.27 -5413.63 -5958.3 -6496.44 -7028.86 -7552.38 -8056.24 -8545.62 -9012.67 -9456.41 -9880.74 -10294.9 -10695.5 -11084.3 -11459.2 -11812.5 -12141.3 -12449.5 -12734.5 -12997.4 -13244.7 -13481.8 -13699.6 -13884.3 -14045.1 -14189.4 -14318.9 -14431 -14526.4 -14606.2 -14680.1 -14738.2 -14779 -14811 -14834.9 -14850.4 -14856.7 -14863.9 -14870.9 -14878.1 -14875 -14863.7 -14851.7 -14846.5 -14843.2 -14843.6 -14836.5 -14824.4 -14816.6 -14805.6 -14792.7 -14776.8 -14747.9 -14706.1 -14647.3 -14573.2 -14468 -14353.1 -14219.8 -14072.8 -13916.2 -13742.5 -13553.2 -13347.9 -13123.3 -12867.2 -12587.9 -12279 -11942.8 -11577.4 -11195.5 -10796.6 -10384.3 -9950.63 -9500.16 -9039.99 -8570.12 -8082.77 -7580.55 -7068.55 -6543.24 -5999.77 -5440.84 -4865.87 -4276.04 -3670.88 -3055.65 -2427.44 -1789.46 -1134.12 -467.809 199 
100 -539.757 -1178.7 -1817.18 -2449.6 -3067.43 -3676.89 -4278.28 -4874.17 -5457.22 -6014.8 -6550.19 -7070.16 -7582.55 -8083.44 -8568.88 -9033.21 -9479.89 -9905.24 -10315.3 -10713.6 -11097.5 -11468.5 -11826.6 -12165.2 -12485.4 -12780 -13058 -13315.9 -13552.9 -13764.3 -13953.2 -14121.4 -14263.2 -14384 -14490.1 -14582.9 -14667.8 -14746.9 -14805.8 -14847.5 -14881.2 -14906.7 -14928.6 -14943 -14962.6 -14982.1 -15006.7 -15022.9 -15030.9 -15031.2 -15032.3 -15015.4 -14997.9 -14976.2 -14962.3 -14949.7 -14931.2 -14914.3 -14905.9 -14884.4 -14842.3 -14780.5 -14700.5 -14609.2 -14495.6 -14358.6 -14210.8 -14049.7 -13866.9 -13670.5 -13464.5 -13239.5 -12985.9 -12704.7 -12382.8 -12048.2 -11691.6 -11308.9 -10908.5 -10479.5 -10040.5 -9589.12 -9128.45 -8657.52 -8171.59 -7670.28 -7145.97 -6606.88 -6060.57 -5496.73 -4918.09 -4321.07 -3707.71 -3088.09 -2454.91 -1801.45 -1137.23 -470.844 199 
100 -542.299 -1184.49 -1815.75 -2443.25 -3067.24 -3681.27 -4277.62 -4864.05 -5433.59 -5981.59 -6522.24 -7053.58 -7577.03 -8078.85 -8565.94 -9034.5 -9481.93 -9909.63 -10325.8 -10729.2 -11120.1 -11497 -11852.4 -12186.5 -12498.8 -12784.1 -13049 -13295.8 -13534.9 -13755.8 -13941.4 -14103.9 -14251.9 -14383.3 -14498 -14595.4 -14679.1 -14758.1 -14823.6 -14869.7 -14906.2 -14929.7 -14945.8 -14955.5 -14964.4 -14974.5 -14985.2 -14986.2 -14977.6 -14968.1 -14963.1 -14960.1 -14960.6 -14955.3 -14946.3 -14937.2 -14921.6 -14905.4 -14890.5 -14859.2 -14818.9 -14764.1 -14691.6 -14584.6 -14466.5 -14330.8 -14180.4 -14020.4 -13839.7 -13648.1 -13442.3 -13216.6 -12965.5 -12687.4 -12377.8 -12041.1 -11673.2 -11289.9 -10889.6 -10474.9 -10038.5 -9586.18 -9123.67 -8651.06 -8161.55 -7655.69 -7138.51 -6606.9 -6057.2 -5492.94 -4911.84 -4316.9 -3707.93 -3084.7 -2450.14 -1806.79 -1145.06 -473.544 199 
100 -542.784 -1184.85 -1826.86 -2460.38 -3082.28 -3694.71 -4299.69 -4897.99 -5484.34 -6046.51 -6585.24 -7112.42 -7630.62 -8135.03 -8621.84 -9089.79 -9539.58 -9969.74 -10386.9 -10788.9 -11175.7 -11554.2 -11917.9 -12260.3 -12582.1 -12878.2 -13156.9 -13414.9 -13653.9 -13865.6 -14054.7 -14225.4 -14371.9 -14495.2 -14604.3 -14699.8 -14788.6 -14870.7 -14932.3 -14978.2 -15013.3 -15040.5 -15066 -15084.6 -15109.6 -15132.6 -15159 -15175.9 -15184 -15185.2 -15187.4 -15169 -15151.1 -15128.7 -15115.6 -15102.3 -15081.3 -15065.2 -15056.8 -15034.8 -14992.8 -14926.6 -14841.3 -14746 -14629.4 -14490.2 -14339.5 -14175.5 -13990.7 -13789.8 -13577.7 -13348.2 -13093.5 -12810.7 -12487.8 -12150.8 -11791.4 -11405.9 -10999 -10568.5 -10128.2 -9675.67 -9211.47 -8732.65 -8241.29 -7737.82 -7211.02 -6670.09 -6120.73 -5548.23 -4961.61 -4358.01 -3738.4 -3109.37 -2468.16 -1809.49 -1142.55 -473.447 199 
100 -544.495 -1188.99 -1822.28 -2452.04 -3077.28 -3689.71 -4287.81 -4876.97 -5447.23 -5998.41 -6542.66 -7077.43 -7602.2 -8107.25 -8591.7 -9061.18 -9510.84 -9941.23 -10359.1 -10764.2 -11156.8 -11529.5 -11880.1 -12215 -12527.8 -12816 -13084.9 -13333.6 -13573.5 -13794.7 -13981.3 -14141.6 -14289.6 -14420.8 -14536.5 -14632.2 -14716.1 -14795.8 -14866 -14919.2 -14961.4 -14991.8 -15012.1 -15027.1 -15040.3 -15051.2 -15061.8 -15062.3 -15052.2 -15038 -15029.4 -15023.1 -15020.2 -15014.7 -15003.8 -14996.4 -14983.9 -14968.1 -14952.5 -14921.2 -14878.5 -14822.6 -14745.8 -14637.8 -14519 -14381.9 -14230.6 -14069.3 -13886.7 -13694.1 -13487.9 -13261.2 -13006.4 -12726.5 -12415.3 -12073.5 -11701.5 -11311.8 -10909.8 -10490.9 -10053.6 -9600.7 -9138.08 -8665.04 -8175.58 -7667.36 -7147.62 -6614.34 -6063.45 -5498.66 -4916.05 -4320.21 -3712.23 -3088.43 -2453.17 -1809.01 -1146.04 -474.27 199 
100 -542.319 -1183.95 -1825.48 -2458.61 -3080.95 -3693.08 -4297.23 -4895.56 -5481.06 -6044.13 -6582.02 -7108.78 -7626.26 -8129.48 -8619.79 -9091.78 -9545.53 -9975.07 -10393 -10791.3 -11174 -11549.7 -11907.8 -12246.2 -12561.9 -12856.1 -13134.3 -13391.5 -13628.9 -13841.1 -14030.3 -14202.5 -14353.3 -14479.5 -14590.5 -14688.5 -14780.9 -14861.6 -14924.7 -14974.4 -15011.8 -15042 -15071.9 -15096.5 -15124.7 -15148.5 -15174.6 -15191 -15199.8 -15201.1 -15202.8 -15183.4 -15163 -15140 -15125.4 -15111.2 -15086.1 -15066.1 -15053.8 -15029.7 -14989.1 -14926.9 -14840.8 -14741.9 -14623.8 -14484.4 -14334.9 -14170.1 -13985.7 -13785.7 -13575.3 -13345.7 -13093.3 -12811.3 -12488.2 -12151.8 -11791.2 -11403.9 -10992.3 -10562 -10121.2 -9669.77 -9209.08 -8734.87 -8243.37 -7741.75 -7216.17 -6676.55 -6127.11 -5559.31 -4971.83 -4365.43 -3745.97 -3116.36 -2475.56 -1814.37 -1144.09 -473.799 199 
100 -548.846 -1196.1 -1831.29 -2462.61 -3091.16 -3707.9 -4310.32 -4902.92 -5477.14 -6032.42 -6578.14 -7114.24 -7638.8 -8145.95 -8633.07 -9106.56 -9558.75 -9990.85 -10409.7 -10812.8 -11202.9 -11570 -11920 -12258.7 -12577.1 -12868.3 -13141.9 -13392 -13628.4 -13845.1 -14030.4 -14187.9 -14335.6 -14468.6 -14582.8 -14680.5 -14769.8 -14850.8 -14926.4 -14982.8 -15026.7 -15058.3 -15080.4 -15099.7 -15116.6 -15130.9 -15147.5 -15150.1 -15143 -15130 -15121.2 -15116 -15114.3 -15111.4 -15103.7 -15098.9 -15089.3 -15075.3 -15062.3 -15033.4 -14989.7 -14931.1 -14851.6 -14741.8 -14621.1 -14481.9 -14329.3 -14166.6 -13981 -13786.5 -13578.4 -13355.6 -13102.7 -12825.1 -12516.5 -12175.9 -11802.4 -11409.1 -11005.2 -10581.8 -10139.4 -9679.29 -9209.48 -8729.82 -8233.76 -7720.29 -7197.94 -6659.35 -6103.52 -5533.48 -4948.41 -4352.99 -3741.69 -3113.58 -2474.06 -1822.63 -1154.44 -478.685 199 
100 -551.773 -1202.85 -1852.88 -2492.6 -3120.28 -3736.93 -4344.95 -4947.49 -5537.09 -6107.67 -6650.22 -7180.55 -7702.45 -8211.77 -8710.62 -9190.6 -9647.84 -10080.8 -10503.6 -10906.4 -11292.4 -11671.9 -12035 -12377.1 -12692.5 -12991.4 -13273.2 -13532.9 -13773.5 -13992 -14189.2 -14363.4 -14519.1 -14647 -14761.2 -14861.5 -14955.7 -15037.1 -15101.2 -15151.2 -15186.9 -15217.5 -15243.5 -15266.5 -15293 -15315.5 -15339.8 -15353.9 -15358.8 -15355.8 -15355.1 -15336.3 -15312.9 -15291.8 -15277.4 -15263.8 -15240.4 -15221.6 -15209.2 -15183.1 -15140.1 -15075.6 -14992.5 -14894 -14775.6 -14634.5 -14481.1 -14312.4 -14126.7 -13926.2 -13713.7 -13479.1 -13221.6 -12935.6 -12614.8 -12278.3 -11911.8 -11516.9 -11097.2 -10662.3 -10216.7 -9761.08 -9296.24 -8816.65 -8319.18 -7813.15 -7282.1 -6736.84 -6178.56 -5603.66 -5010.21 -4396.95 -3774.65 -3141.38 -2495.09 -1829.85 -1154.4 -478.941 199 
100 -553.414 -1205.93 -1851 -2490.48 -3125.34 -3748.57 -4355.04 -4950.32 -5526.29 -6085.92 -6633.63 -7173.44 -7703.72 -8215.92 -8706.16 -9182.49 -9637.1 -10071.7 -10491 -10898.1 -11292.5 -11664.1 -12018.7 -12363.2 -12687.6 -12979.8 -13253.6 -13502.5 -13733.5 -13945.8 -14133.8 -14293.7 -14442.9 -14577 -14689.2 -14786.1 -14874.5 -14952.8 -15026.4 -15081.6 -15121.3 -15149.5 -15170 -15187.8 -15203.8 -15216.1 -15232.1 -15232.2 -15224.2 -15208.3 -15193.9 -15182 -15174.1 -15167.4 -15160.9 -15154.9 -15145.3 -15134.3 -15122.2 -15095.5 -15051.8 -14991.6 -14911.9 -14801.5 -14680.5 -14540.1 -14386.5 -14219.1 -14030.7 -13834 -13623 -13397 -13141.1 -12860.5 -12550.3 -12207.5 -11832.1 -11438 -11033.6 -10610.3 -10169.5 -9711.09 -9242.43 -8762.49 -8260.92 -7743.53 -7215.93 -6675.92 -6118.2 -5545.29 -4959.03 -4361.68 -3751.59 -3120.6 -2479.7 -1825.57 -1156.63 -479.96 199 
100 -552.574 -1204.38 -1854.95 -2498.68 -3129.79 -3751.5 -4362.22 -4969.11 -5561.17 -6132.38 -6676.27 -7207.03 -7732.27 -8247.65 -8752.37 -9237.79 -9697.18 -10135 -10560 -10965.4 -11351.5 -11729.1 -12086.7 -12423.3 -12732.8 -13033.2 -13318.3 -13580.1 -13824.9 -14045.6 -14242.9 -14415.3 -14570.3 -14697 -14811.8 -14913 -15008 -15086.8 -15149 -15200.5 -15238 -15270.8 -15296.6 -15318.4 -15343.3 -15365.1 -15387.1 -15404.2 -15413.1 -15409.9 -15411.4 -15395.3 -15369.6 -15348.4 -15332.3 -15317.1 -15292.4 -15272.5 -15257.7 -15232.6 -15189.9 -15126.4 -15042.5 -14941.4 -14820.8 -14680.3 -14528.7 -14356.8 -14167.9 -13968.4 -13756.1 -13520.3 -13261.7 -12971.7 -12653.3 -12317.5 -11952.1 -11553.2 -11130 -10692.4 -10241.8 -9780.76 -9311.99 -8829.81 -8329.93 -7821.94 -7289.36 -6745.64 -6189.74 -5618.38 -5026.91 -4410.63 -3786.72 -3149.97 -2501.44 -1835.84 -1158.81 -481.155 199 
100 -553.417 -1205.52 -1851.3 -2490.61 -3124.36 -3748.58 -4355.22 -4952.91 -5531.66 -6095.57 -6646.45 -7189.38 -7721.88 -8238.62 -8734.78 -9213.65 -9670.92 -10109.3 -10527.9 -10938.1 -11333.8 -11710.4 -12068 -12415.1 -12740.4 -13035.3 -13312.6 -13565.6 -13795.6 -14006.5 -14195.4 -14356.4 -14502.9 -14635.3 -14745.7 -14843.6 -14931.8 -15010.7 -15083.9 -15139.4 -15175.9 -15202 -15224.8 -15245.7 -15262.6 -15270 -15282.3 -15280.6 -15274.4 -15259.1 -15245.3 -15233.5 -15226.1 -15219.2 -15213.5 -15207.9 -15199.6 -15190.4 -15179.7 -15153.4 -15114.6 -15058.5 -14980.1 -14876.2 -14757 -14616.3 -14462.2 -14290.7 -14098.4 -13895.6 -13683.9 -13456.4 -13200 -12916.9 -12604.5 -12257.8 -11884.4 -11496.4 -11090.2 -10667.2 -10225.8 -9766.14 -9295.35 -8811.01 -8306.21 -7786.09 -7254.72 -6712.1 -6149.48 -5572.01 -4982.91 -4381.87 -3768.43 -3136.67 -2492.64 -1834.06 -1162.17 -482.88 199 
100 -552.165 -1203.43 -1853.07 -2496.44 -3130.28 -3755.7 -4368.07 -4975.15 -5566.01 -6135.08 -6680.25 -7210.19 -7734.67 -8249.01 -8750.72 -9233.89 -9688.35 -10124.8 -10549.1 -10957 -11341.6 -11716.4 -12075.3 -12408.1 -12716.6 -13016.8 -13300.9 -13561.7 -13807 -14026.8 -14223.1 -14397 -14551.5 -14676.7 -14790.9 -14891.6 -14984 -15059.2 -15119.4 -15171.7 -15210.8 -15244.7 -15268.6 -15286.7 -15305.1 -15323.2 -15343.1 -15359.5 -15368.8 -15364.2 -15368.4 -15357.6 -15330.3 -15309 -15291.4 -15277.9 -15256.5 -15239.7 -15226.3 -15202 -15157.7 -15097.1 -15016.8 -14917.3 -14798 -14656.7 -14505.1 -14334.4 -14148.3 -13951.5 -13738 -13502.4 -13242.5 -12952.5 -12638.3 -12301.6 -11934.2 -11533.2 -11109.5 -10670.6 -10220.6 -9758.51 -9288.65 -8804.38 -8305.66 -7797.26 -7264.85 -6720.78 -6164.57 -5594.74 -5002.32 -4385.65 -3765.9 -3133.62 -2489.69 -1827.51 -1154.1 -478.835 199 
100 -554.243 -1204.12 -1851.16 -2490.74 -3124.63 -3751.08 -4357.96 -4952.95 -5530.89 -6096.49 -6648.84 -7192.77 -7725.25 -8242.56 -8739.56 -9217.44 -9675.38 -10115.8 -10534.6 -10945.4 -11340.8 -11721.6 -12082.3 -12429.9 -12758.9 -13058.8 -13336.9 -13594.3 -13823.6 -14034.7 -14222.8 -14387.4 -14534.4 -14668.8 -14779.4 -14878.9 -14966.1 -15043.3 -15111.6 -15163.5 -15193.6 -15215.8 -15236.6 -15257.5 -15275.1 -15283.4 -15296.3 -15294.1 -15288.6 -15273.8 -15257.8 -15243 -15234.3 -15228 -15223.3 -15218.8 -15212.7 -15207.9 -15202.2 -15177.1 -15139.2 -15083.7 -15004 -14901.7 -14784.7 -14645.8 -14493.5 -14322.3 -14132.1 -13928.9 -13718.2 -13491.8 -13236.9 -12949.1 -12634.3 -12284.8 -11909 -11521.2 -11115 -10693.4 -10250 -9788.97 -9318.82 -8836.39 -8334.15 -7814.43 -7280.33 -6734.28 -6168.23 -5587.06 -4995.79 -4391.83 -3773.72 -3142.1 -2495.66 -1832.77 -1160.18 -482.053 199 
100 -552.51 -1199.45 -1843.92 -2485.15 -3117.3 -3743.29 -4356.25 -4963.51 -5553.85 -6122.86 -6669.21 -7202.28 -7730.11 -8247.87 -8751.97 -9234.79 -9690.78 -10128 -10552.8 -10963.6 -11349.4 -11723.6 -12084.7 -12417.1 -12726.5 -13027.6 -13312.1 -13573.7 -13820.7 -14042.6 -14244.5 -14423 -14576.3 -14702.3 -14815.1 -14915.6 -15006.6 -15081.6 -15141.2 -15195.1 -15237.2 -15270.4 -15295.4 -15314.7 -15333.5 -15353.8 -15373.4 -15390.7 -15400.4 -15396 -15399.9 -15392.4 -15362.1 -15335.8 -15318.7 -15308.4 -15291.4 -15278.7 -15270.4 -15251.8 -15211.4 -15156.1 -15081.6 -14984.8 -14865.3 -14725.6 -14575.2 -14408.8 -14228.1 -14033.7 -13817.7 -13580 -13317.7 -13026 -12711 -12371.2 -11999.4 -11593.7 -11166.8 -10724.8 -10273.2 -9809.19 -9336.44 -8850.66 -8353.75 -7844.98 -7314.72 -6768.95 -6207.6 -5634.61 -5034.61 -4416.2 -3793.74 -3156.47 -2507.16 -1838.83 -1161.8 -481.401 199 
100 -555.061 -1205.65 -1854 -2495.52 -3133.93 -3765.25 -4376.29 -4971.71 -5551.52 -6118.69 -6672.56 -7217.51 -7749.6 -8268.49 -8764.75 -9242.63 -9699.54 -10138 -10556.6 -10966.4 -11360.4 -11745.4 -12113 -12465.8 -12801 -13104.8 -13385.9 -13646.6 -13876.8 -14085.9 -14273.9 -14441.7 -14587.7 -14723.1 -14835.2 -14936.5 -15023.5 -15101.7 -15172.9 -15227.4 -15261.5 -15286.4 -15308.2 -15333.4 -15353.9 -15366.2 -15381.9 -15383.3 -15381.5 -15370.3 -15357.4 -15341.6 -15332.2 -15322.8 -15316.7 -15311.6 -15306.6 -15304.3 -15304.4 -15280.7 -15243.1 -15187.7 -15107.2 -15002.8 -14886.6 -14749.3 -14599.1 -14427.5 -14236.5 -14033.9 -13823.2 -13597.8 -13343.5 -13051 -12734.2 -12381 -12000.9 -11607.8 -11193.2 -10763.1 -10311.1 -9842.07 -9362.83 -8873.89 -8371.2 -7851.13 -7316.23 -6764.56 -6196.83 -5612.31 -5016.86 -4409.66 -3790.02 -3158.38 -2509.14 -1840.06 -1164.11 -484.1 199 
100 -553.504 -1200.94 -1845.61 -2486.5 -3122.09 -3749.03 -4365.79 -4976.19 -5568.19 -6140.65 -6691.14 -7226.27 -7754.73 -8272.48 -8776.8 -9260.48 -9720.8 -10161.3 -10589.7 -11002.3 -11390.9 -11765.1 -12128.1 -12460.8 -12767.7 -13064 -13345.8 -13602.9 -13846 -14068.3 -14272.4 -14449.5 -14603.1 -14733.1 -14849 -14950.1 -15039.6 -15113.9 -15174.4 -15228.9 -15273.7 -15308.9 -15332.7 -15350.8 -15367.2 -15384.2 -15397.1 -15407.4 -15413.3 -15406.3 -15408.2 -15402.3 -15372.9 -15347.8 -15332.6 -15323.3 -15307.6 -15296.1 -15288.3 -15269.3 -15231.3 -15178.3 -15105.7 -15008.9 -14892.4 -14758 -14608.1 -14441.9 -14261 -14066.7 -13852.2 -13612.7 -13351.3 -13060.2 -12740.1 -12393.7 -12018.6 -11610.5 -11180.3 -10735.6 -10282.5 -9816.97 -9343.24 -8857.11 -8359.18 -7845.9 -7313.94 -6766.47 -6204.14 -5630.19 -5035.4 -4422.99 -3803.45 -3169.74 -2520.68 -1851.48 -1171.96 -486.478 199 
100 -561.149 -1218.15 -1873.18 -2521.87 -3167.34 -3804.72 -4422.26 -5020.44 -5605.13 -6176.27 -6734.18 -7282.75 -7817.2 -8340.32 -8837.51 -9318.06 -9778.98 -10220 -10643.4 -11053.5 -11447.6 -11832.8 -12205 -12559.8 -12896.8 -13205.5 -13486.9 -13751 -13985.5 -14196.5 -14388.5 -14564.9 -14720.7 -14861.4 -14978.2 -15081.8 -15171.2 -15252.9 -15327.2 -15385.1 -15423.5 -15451.8 -15476.5 -15501.8 -15515.2 -15524.8 -15541.2 -15542.6 -15541.1 -15529.5 -15514 -15494.7 -15481.4 -15468.7 -15461 -15453.4 -15445.8 -15441.4 -15440.2 -15415.5 -15373.8 -15312.5 -15224.4 -15114.1 -14991.7 -14852.6 -14701.9 -14530.3 -14335.6 -14129.1 -13913.5 -13684.3 -13425.3 -13130.6 -12810.7 -12453.2 -12069.9 -11672.6 -11254.8 -10823.2 -10371 -9899.11 -9417.19 -8926.01 -8422.19 -7901.63 -7366.7 -6810.95 -6240.84 -5653.57 -5055.47 -4445.96 -3823.03 -3187.56 -2533.02 -1856.66 -1174.75 -489.375 199 
100 -565.291 -1224.05 -1879.71 -2530.94 -3174.41 -3806.08 -4427.72 -5040.44 -5632.3 -6205.3 -6758.32 -7296.9 -7828.13 -8349.42 -8855.64 -9340.59 -9805.58 -10251.5 -10686.3 -11104.5 -11503.7 -11886.5 -12255.1 -12592.5 -12902.5 -13204.1 -13493.3 -13755.9 -14002.2 -14227.2 -14432.9 -14608.7 -14760.5 -14896.8 -15016.4 -15120.2 -15211.5 -15286.9 -15351.1 -15408.1 -15456.4 -15493.4 -15513.9 -15529.3 -15540.8 -15555.9 -15565 -15571.7 -15574.5 -15564.9 -15563.7 -15556.6 -15527.9 -15503.1 -15489.2 -15480 -15468 -15459.3 -15454.1 -15432.7 -15391.9 -15336.8 -15263.3 -15161.2 -15040.8 -14905 -14750.4 -14581.2 -14399.9 -14202.3 -13984.8 -13740.7 -13476.7 -13185.6 -12861.2 -12511.6 -12133.3 -11722.3 -11284.4 -10833.6 -10377.1 -9909.51 -9431.73 -8940.51 -8438.65 -7921.41 -7386.37 -6836.16 -6269.53 -5684.46 -5083.18 -4460.28 -3829.07 -3187.65 -2531.43 -1859.59 -1177.84 -489.55 199 
100 -564.905 -1224.35 -1882.41 -2535.94 -3184.5 -3822.62 -4441.02 -5041.55 -5626.35 -6194.03 -6752.32 -7300.03 -7833.64 -8356.84 -8851.31 -9330.44 -9790.94 -10231.2 -10654 -11059.4 -11450.8 -11830.7 -12199.5 -12550.4 -12882 -13187.4 -13470.3 -13732.5 -13966 -14174.6 -14364 -14539.9 -14696.6 -14836.7 -14956.3 -15059.9 -15147.8 -15228.3 -15299.3 -15353.8 -15390 -15419.6 -15446.3 -15472.3 -15487.3 -15498.8 -15518.2 -15520.7 -15520.4 -15511.9 -15496.5 -15475.2 -15460.2 -15448 -15443.1 -15436 -15427 -15422.4 -15417.9 -15389.4 -15338.2 -15269.4 -15176.7 -15062.9 -14938 -14796.9 -14644.9 -14472.1 -14276.4 -14070.6 -13858.2 -13635.6 -13383.2 -13089.7 -12769.1 -12409.7 -12028.8 -11629 -11210.4 -10778 -10326.7 -9855.11 -9371.82 -8881.21 -8382.89 -7867.28 -7337.3 -6785 -6217.84 -5633.24 -5040.38 -4436.51 -3817.83 -3185.12 -2532.52 -1858.08 -1175.61 -489.61 199 
100 -568.384 -1229.8 -1891.05 -2550.21 -3199.22 -3838.19 -4465.12 -5079.68 -5672.75 -6249.68 -6805.45 -7348.55 -7882.72 -8408.18 -8916.94 -9405.17 -9876.45 -10331.7 -10770.1 -11187.7 -11587.9 -11970.5 -12340.4 -12684.2 -13000.8 -13301.4 -13592.1 -13854.1 -14096.1 -14312.8 -14513.5 -14688.7 -14839.6 -14972.7 -15088.4 -15190.6 -15278.7 -15352.7 -15417.2 -15475.4 -15528 -15562.6 -15582.5 -15597.3 -15607.2 -15622.8 -15631.3 -15638 -15639.4 -15630.3 -15626.5 -15618 -15590.9 -15566.8 -15553.7 -15547 -15537.8 -15532.5 -15532.2 -15513.7 -15479.2 -15425.7 -15352.7 -15248.7 -15126.7 -14991.4 -14832.1 -14659.4 -14478.2 -14278.7 -14059.4 -13815.7 -13551.5 -13260.9 -12935.9 -12586.7 -12208.7 -11801 -11363.3 -10912.8 -10454.1 -9984.18 -9503.43 -9010.24 -8505.19 -7984.7 -7446.47 -6893.48 -6324 -5735.73 -5129.55 -4500.33 -3863.23 -3216.19 -2553.39 -1876.51 -1188.61 -495.503 199 
100 -569.211 -1230.65 -1889.53 -2546.58 -3198.63 -3841.29 -4464.31 -5067.14 -5657.31 -6229.15 -6791.86 -7342.26 -7882.87 -8411.98 -8912.69 -9394.63 -9859.24 -10303.1 -10730.4 -11138.6 -11535.3 -11918.5 -12289.5 -12641 -12971.1 -13277.1 -13560.6 -13823.3 -14057.8 -14269.5 -14459 -14635.9 -14796.2 -14935.7 -15055.1 -15153.7 -15236.9 -15312.3 -15379.3 -15429 -15461 -15490.5 -15518.6 -15544.4 -15561.7 -15573.3 -15590.3 -15593.7 -15593.3 -15586.5 -15572.3 -15548.9 -15532.4 -15517.9 -15510.9 -15501.9 -15491.7 -15488.5 -15485.7 -15464.1 -15416 -15352.3 -15263.1 -15150.9 -15027.1 -14887.2 -14734.5 -14562.6 -14367.8 -14163 -13951.5 -13731 -13477.6 -13180.8 -12857.4 -12497.8 -12120 -11718.8 -11298 -10862.3 -10410.5 -9938.49 -9452.36 -8960.03 -8457.7 -7939.88 -7405.8 -6848.92 -6275.63 -5686.72 -5088.73 -4480.27 -3856.9 -3216.31 -2555.04 -1874.94 -1187 -495.968 199 
100 -571.07 -1235.11 -1898.74 -2560.03 -3210.42 -3851.67 -4482.51 -5097.78 -5690.49 -6270.11 -6828.97 -7376 -7912.5 -8439.57 -8950.44 -9443.28 -9921.77 -10374.9 -10809.2 -11222.6 -11622.9 -12005.3 -12373.7 -12716.9 -13035.3 -13333.9 -13624.8 -13887.2 -14130.2 -14346 -14543.2 -14717.5 -14866.9 -15000.2 -15114.9 -15214.6 -15300.9 -15374.1 -15438.3 -15495.4 -15547.8 -15582.6 -15603.7 -15617.3 -15625.1 -15640.2 -15650.6 -15659.8 -15659.9 -15653.1 -15649.9 -15645.1 -15619.2 -15591.7 -15577.1 -15569.6 -15560.4 -15555.4 -15553.2 -15534.1 -15498.5 -15445.7 -15372.3 -15267.5 -15147.1 -15015.2 -14857.8 -14686.7 -14508.3 -14307.7 -14087.3 -13846.3 -13587 -13301.1 -12975.1 -12623.5 -12240.8 -11835.2 -11402.1 -10956.7 -10500.7 -10029.5 -9546.13 -9049.4 -8537.47 -8013.57 -7471.7 -6918.47 -6353.56 -5768.22 -5159.55 -4529.79 -3889.55 -3238.89 -2572.67 -1891.18 -1196.93 -498.965 199 
100 -572.076 -1236.51 -1898.12 -2558.74 -3213.3 -3859.27 -4485.55 -5084.97 -5673.31 -6245.57 -6810 -7361.78 -7905.51 -8436.61 -8938.23 -9419.49 -9883.76 -10327.3 -10754.7 -11162.3 -11559.9 -11943.1 -12313.4 -12667.1 -12996.4 -13301.1 -13583.9 -13847.3 -14082.1 -14298.9 -14494.3 -14675.8 -14841.8 -14986 -15105.9 -15205.1 -15287.9 -15361 -15422.4 -15465.7 -15492 -15518.3 -15543.5 -15565.1 -15581.6 -15590.2 -15603.4 -15604.7 -15601.8 -15595.4 -15583.5 -15558.3 -15543.8 -15529.3 -15521.6 -15513 -15501.4 -15498.2 -15495.6 -15477.9 -15429.9 -15366.6 -15276.9 -15165.4 -15042 -14901.5 -14747 -14574.9 -14380.4 -14175.5 -13962.2 -13738.3 -13480 -13179.8 -12851.7 -12491.8 -12113.6 -11709.4 -11291.9 -10857.9 -10409 -9938 -9451.8 -8959.27 -8456.73 -7939.33 -7406.75 -6853.2 -6278.32 -5688.95 -5090.77 -4482.4 -3858.73 -3218.15 -2556.15 -1875.35 -1186.62 -495.395 199 
100 -569.187 -1233.87 -1897.89 -2558.2 -3205.87 -3844.64 -4474.02 -5086.15 -5674.8 -6254.43 -6814.88 -7362.65 -7898.52 -8426.45 -8939.31 -9432.42 -9910.75 -10363.4 -10797.3 -11211.4 -11613.7 -12001.7 -12372.5 -12718.8 -13040.1 -13339 -13629.4 -13891.2 -14130.5 -14344.6 -14538.5 -14712.7 -14860.7 -14993 -15110.5 -15213.4 -15299.3 -15371.5 -15433 -15489.2 -15540.6 -15575.9 -15598 -15612.5 -15618.7 -15630.2 -15641.4 -15650.6 -15649.9 -15644.2 -15641.9 -15638.9 -15616.9 -15590.5 -15577 -15569 -15558.1 -15552.8 -15548 -15529.6 -15493.2 -15439.3 -15364.9 -15260.4 -15139.7 -15008.8 -14852.8 -14684.3 -14505.3 -14301.7 -14074.4 -13828.6 -13565.2 -13273.7 -12943.1 -12592.5 -12214.2 -11810.3 -11380.8 -10937.4 -10479.5 -10009.2 -9525.78 -9032.06 -8522 -7998.2 -7456.97 -6904.09 -6343.62 -5765.57 -5161.56 -4533.97 -3894.28 -3243.93 -2576.08 -1891.22 -1196.14 -498.57 199 
100 -570.957 -1236.73 -1898.92 -2560.46 -3215.46 -3861.75 -4489.95 -5088.51 -5678.09 -6251.72 -6817.06 -7367.9 -7911.6 -8442.69 -8949.75 -9434.58 -9899.86 -10344.5 -10776.6 -11190.5 -11590.4 -11972 -12337.6 -12689.4 -13018.6 -13323.6 -13606 -13868.9 -14103 -14321.9 -14518.3 -14701.5 -14870.2 -15015.6 -15133.8 -15232.8 -15316 -15389.8 -15451 -15489.8 -15511.6 -15536.4 -15557.2 -15573.6 -15588.3 -15597.8 -15611.7 -15614.4 -15612 -15605.8 -15595.5 -15571 -15557.1 -15542.3 -15534.5 -15527.1 -15515.9 -15513.4 -15511.3 -15494.6 -15448.5 -15387.2 -15301.7 -15194.5 -15075.3 -14935.4 -14779.9 -14609.4 -14418.9 -14215.1 -14002.2 -13779 -13519.3 -13219.9 -12889.7 -12528.5 -12148.5 -11741.8 -11320.8 -10884.5 -10432.8 -9959.91 -9472.89 -8980.94 -8480.71 -7967.09 -7434.03 -6881.69 -6305.84 -5715.74 -5115.52 -4504.92 -3876.08 -3230.26 -2566.14 -1882.17 -1190.7 -497.139 199 
100 -571.043 -1237.78 -1903.6 -2563.94 -3213.49 -3853.76 -4485.9 -5099.46 -5688.96 -6269.81 -6833.64 -7383.69 -7922.79 -8453.67 -8973.59 -9472.03 -9954.17 -10408.7 -10843.2 -11262.1 -11666.9 -12057.9 -12431.1 -12778.9 -13100.8 -13402.2 -13695.2 -13959.3 -14200.7 -14416.3 -14609.1 -14781.8 -14928.1 -15060 -15179.1 -15283.9 -15370.7 -15445.2 -15508.2 -15563.5 -15611.6 -15649.3 -15674.6 -15693.9 -15703.4 -15716.2 -15732.7 -15743.4 -15743.4 -15741.5 -15739.4 -15736.3 -15714.8 -15687 -15671.6 -15660 -15650.7 -15651 -15646.2 -15627.9 -15593 -15541.9 -15463.8 -15356.4 -15233.9 -15101.2 -14945.7 -14775.5 -14592.2 -14386.4 -14157.4 -13911.3 -13646.9 -13354.7 -13026.4 -12677.4 -12297.1 -11891.1 -11459.2 -11015.2 -10556.3 -10080.8 -9590.24 -9089.88 -8575.52 -8045.98 -7501.26 -6944.6 -6380.76 -5799.14 -5190.61 -4560.88 -3916.57 -3262.33 -2592.8 -1904.26 -1204.22 -502.608 199 
100 -575.349 -1246.31 -1912.89 -2579.16 -3238.49 -3888.66 -4522.11 -5128.81 -5723.81 -6302.49 -6872.23 -7426.54 -7973.5 -8508.47 -9022.35 -9514.16 -9986.41 -10433.1 -10866.6 -11285.5 -11689.7 -12077.2 -12447.7 -12800.9 -13132.1 -13438.3 -13722.2 -13988.7 -14225.3 -14447.3 -14645.5 -14828.9 -15001.3 -15153.7 -15281.7 -15386.3 -15475.2 -15553.1 -15617.9 -15658.4 -15680.4 -15706.4 -15729.4 -15744.9 -15760.3 -15771 -15785.9 -15793.7 -15794.1 -15785.7 -15774.3 -15753.7 -15741 -15726.2 -15718.7 -15712.8 -15700.8 -15694.4 -15688.8 -15667.1 -15619.2 -15554.6 -15467 -15358.5 -15236.5 -15092.6 -14931.4 -14757.9 -14567.2 -14363.5 -14152 -13922.4 -13652.3 -13345.4 -13008.8 -12644.1 -12260.2 -11848.8 -11422.6 -10977.8 -10518.4 -10041.7 -9551.31 -9054.98 -8550.83 -8031.67 -7492.42 -6934.64 -6353.85 -5758.57 -5154.01 -4538.92 -3905.41 -3253.69 -2584.41 -1895.66 -1199.66 -501.729 199 
100 -575.702 -1247.27 -1917.57 -2582.51 -3237.52 -3882.25 -4519.13 -5137.4 -5731.53 -6316.15 -6885.88 -7440.56 -7984.97 -8520.39 -9044.06 -9546.35 -10033.1 -10491.4 -10928.9 -11353.4 -11761.8 -12154.7 -12530.4 -12877.5 -13197.6 -13500 -13794.9 -14064 -14311.8 -14530.3 -14724.1 -14899.4 -15051.3 -15190.3 -15311.6 -15417.5 -15505.4 -15580.8 -15643.4 -15698.1 -15746.7 -15786.5 -15814.1 -15832 -15843.6 -15858.9 -15877 -15886.6 -15883.8 -15879.4 -15875 -15866.7 -15846 -15816.7 -15799.3 -15787.8 -15780.1 -15777 -15766.2 -15748.1 -15714.5 -15662 -15582.9 -15474.4 -15350.4 -15214.9 -15056.8 -14880.9 -14692.9 -14485.1 -14255.2 -14005.6 -13730.9 -13434.5 -13104.2 -12752.3 -12367.2 -11955.4 -11519.3 -11072.1 -10609.2 -10129.2 -9633.73 -9128.9 -8609.44 -8074 -7526.03 -6967.96 -6403.82 -5817.97 -5205.33 -4574.07 -3929.14 -3273.44 -2601.8 -1909.58 -1206.72 -503.86 199 
100 -580.546 -1256.64 -1929.3 -2600.53 -3264.75 -3922.01 -4560.35 -5179.55 -5782.71 -6370.18 -6946.82 -7508.91 -8058.32 -8595.16 -9112.6 -9606.58 -10082.8 -10533.1 -10967.7 -11389.9 -11798.8 -12189.5 -12561.8 -12915.1 -13247.9 -13555.1 -13837.2 -14098.7 -14332.1 -14551.3 -14746.3 -14925.3 -15093.3 -15243.8 -15371 -15476.3 -15564.9 -15641.9 -15704.5 -15742.6 -15763.5 -15788 -15810.7 -15826 -15843.2 -15854.1 -15867.6 -15875.2 -15875.2 -15866.3 -15853.4 -15835.6 -15821.3 -15806.7 -15797.5 -15789.7 -15778 -15772.1 -15765.1 -15740.7 -15692.6 -15627.5 -15542.7 -15437.3 -15317.5 -15169.1 -15003.7 -14828.4 -14639 -14436.9 -14223.5 -13993.4 -13723.5 -13415.3 -13075.8 -12711.8 -12327.1 -11913.8 -11483.7 -11035.8 -10571.6 -10090.8 -9597.88 -9097.99 -8590.8 -8069.48 -7526.62 -6965.34 -6382.66 -5785.66 -5177 -4557.74 -3920 -3264.86 -2593.52 -1903.89 -1207.04 -505.422 199 
100 -576.602 -1250.75 -1922.67 -2591.46 -3251.89 -3902.46 -4544.5 -5170.54 -5772.25 -6360.51 -6933.38 -7491.44 -8040.4 -8578.51 -9104.25 -9609.83 -10099.1 -10560.7 -10999.5 -11427.5 -11839 -12234.6 -12615.9 -12965.8 -13287.9 -13595.4 -13890.7 -14160 -14405.2 -14622.8 -14813.1 -14982.5 -15128.3 -15263.9 -15384.5 -15489.8 -15576.6 -15651.4 -15713.4 -15768.3 -15817.5 -15856.4 -15883.6 -15900.4 -15913.8 -15929.1 -15945.7 -15950.5 -15944.5 -15936.2 -15932.7 -15922.9 -15903.6 -15874.7 -15856.3 -15844.7 -15838 -15832.1 -15822.2 -15804.1 -15767.5 -15711.2 -15632.8 -15524.2 -15403.2 -15268.3 -15113.6 -14943.1 -14753.8 -14545 -14316 -14069.5 -13795.9 -13499.9 -13169.9 -12818.3 -12434.4 -12021.2 -11587.8 -11144.1 -10680.4 -10198.6 -9697.31 -9186.41 -8660.22 -8120.42 -7569.42 -7008.07 -6438.61 -5846.81 -5232.45 -4595.32 -3945.37 -3286.84 -2611.88 -1918.84 -1212.89 -506.947 199 
100 -581.78 -1259.79 -1934.83 -2607.25 -3272.95 -3930.05 -4567.02 -5188.95 -5793.42 -6382.81 -6959.3 -7521.29 -8069.34 -8607.02 -9127.23 -9621.65 -10100.3 -10551.8 -10988.1 -11412.5 -11821.7 -12213.5 -12585.7 -12939.1 -13272.5 -13581.4 -13865 -14129.5 -14371.8 -14600 -14802.5 -14984.1 -15150.6 -15298.1 -15423.1 -15530.1 -15620.2 -15698.2 -15760.8 -15798.3 -15820.2 -15844.5 -15871.2 -15889.7 -15907.6 -15923.3 -15938.8 -15947.2 -15948.1 -15938.1 -15920.7 -15904.4 -15886.4 -15869.1 -15858.3 -15846.7 -15834.9 -15827 -15817.6 -15791 -15747 -15686.3 -15599 -15494.7 -15376.9 -15229.2 -15064.3 -14890.9 -14698.6 -14492.8 -14279.1 -14049.3 -13772 -13457.4 -13111.2 -12743.7 -12353.1 -11935.7 -11505.4 -11055.9 -10588.9 -10106.7 -9613.35 -9111.77 -8603.51 -8081.52 -7535.86 -6973.06 -6389.51 -5793.41 -5183.99 -4563.37 -3923.77 -3267.39 -2595.92 -1907.25 -1210.4 -507.11 199 
100 -576.804 -1251.6 -1923.07 -2591.95 -3253.57 -3905.18 -4546.88 -5173.88 -5777.63 -6366.05 -6939.97 -7499.05 -8049.05 -8587.05 -9113.41 -9620.14 -10110.6 -10575.9 -11015.7 -11444.4 -11857.2 -12253.4 -12635.3 -12984.5 -13306.9 -13617.9 -13914.5 -14186 -14431.8 -14648.6 -14843.9 -15013.7 -15161.3 -15296.5 -15415.6 -15518.4 -15604.8 -15679.9 -15741.9 -15795.2 -15842.2 -15879.2 -15903.9 -15920.6 -15934.2 -15948.5 -15963.6 -15963.2 -15953.8 -15942.7 -15941.2 -15932.9 -15919.6 -15895 -15877.3 -15867.8 -15865.1 -15861.7 -15849.5 -15831.8 -15795.7 -15739.1 -15663.1 -15555.4 -15434.8 -15299 -15145.5 -14977.2 -14787.5 -14579.9 -14352.6 -14105.8 -13827.1 -13526.3 -13192.3 -12839.9 -12454.1 -12037.6 -11601.8 -11157.2 -10692.5 -10211 -9709.3 -9197.45 -8669.03 -8126 -7573.01 -7013.75 -6447.55 -5858.5 -5246.58 -4607.82 -3954.73 -3294 -2616.8 -1925.15 -1217.33 -509.165 199 
100 -579.025 -1255.44 -1931.54 -2604.08 -3268.38 -3924.18 -4559.55 -5182.47 -5782.24 -6371.33 -6949.45 -7511.13 -8059.15 -8597.3 -9118.64 -9613.95 -10093 -10544.9 -10981.6 -11403.4 -11812.8 -12207.2 -12580.1 -12936.9 -13275.7 -13592.1 -13879.4 -14143.8 -14384 -14608.4 -14808.9 -14988.7 -15153.1 -15300.6 -15423.4 -15530.5 -15619.5 -15697.5 -15759.5 -15797.6 -15817.9 -15837.7 -15855.8 -15874.4 -15890.4 -15905.1 -15918.5 -15926.8 -15928.7 -15919.1 -15899.5 -15885.7 -15867.6 -15849.2 -15839 -15824.9 -15816.1 -15807.9 -15798.9 -15773.9 -15732.4 -15670.9 -15583.3 -15481.4 -15364.9 -15216.8 -15051.5 -14878.8 -14688.6 -14488.9 -14276.5 -14046.8 -13764.1 -13450.5 -13106 -12742.7 -12353.4 -11935.7 -11504.6 -11056.3 -10587.5 -10103.2 -9608.2 -9105.65 -8596.57 -8074.75 -7528.76 -6966.31 -6383.57 -5787.94 -5178.33 -4557.56 -3917.88 -3262.54 -2594.01 -1906.57 -1210.26 -506.943 199 
100 -578.761 -1254.83 -1927.74 -2599.29 -3264.46 -3919.04 -4561.77 -5191.04 -5797.86 -6387.84 -6962.91 -7521.32 -8070.57 -8606.48 -9134.12 -9643.5 -10139.4 -10605.9 -11052 -11485.5 -11901.3 -12300.8 -12685.3 -13046.2 -13374.8 -13687.9 -13985.6 -14259 -14505.5 -14722 -14917.8 -15089 -15241.1 -15378.7 -15499.1 -15601.8 -15683.3 -15754.2 -15814.3 -15866.5 -15915.7 -15954.4 -15979.4 -15995.1 -16009.1 -16022.6 -16034.5 -16033.6 -16021.4 -16008.9 -16010.4 -16000 -15987 -15966.4 -15948.2 -15939 -15941.1 -15941.2 -15931.3 -15913.4 -15876.2 -15816.9 -15738.9 -15628.7 -15503.6 -15360.7 -15198.4 -15027.2 -14836.8 -14628.8 -14402.1 -14155 -13878.7 -13576.6 -13243.2 -12890.7 -12504.3 -12085.4 -11648.1 -11203.3 -10736.5 -10252.9 -9747.39 -9228.8 -8696.56 -8149.14 -7593.64 -7033.38 -6465.72 -5875.27 -5262.71 -4621.41 -3963.71 -3300.07 -2621.29 -1927.84 -1219.26 -510.129 199 
100 -581.574 -1260.61 -1939.26 -2614.74 -3280.49 -3937.06 -4574.07 -5199.53 -5802.92 -6394.2 -6972.15 -7536.79 -8087.15 -8623.82 -9145.33 -9641.77 -10120.6 -10572.2 -11010.4 -11436.5 -11849.9 -12246.5 -12621.9 -12978.6 -13312.3 -13624.2 -13907.8 -14169.7 -14407.8 -14627.7 -14826.5 -15006.1 -15171.6 -15315 -15433.6 -15537.2 -15620.8 -15696.9 -15756.9 -15793.5 -15812.9 -15832.3 -15847.3 -15863.2 -15876.2 -15886.9 -15899.6 -15909.4 -15911.3 -15900.7 -15883.9 -15874.7 -15855.9 -15838.3 -15826.6 -15811.9 -15805.4 -15794.8 -15784.8 -15761 -15719.3 -15656 -15568 -15467.5 -15353.6 -15213.1 -15051.2 -14877.7 -14687.2 -14485.6 -14273 -14041.4 -13757.6 -13443.8 -13102.1 -12741.1 -12350.9 -11934.3 -11500.9 -11052.5 -10584.4 -10100.3 -9604.68 -9101.84 -8592.95 -8070.47 -7523.73 -6961.27 -6381.94 -5785.86 -5176.46 -4555.63 -3916.35 -3260.47 -2590.96 -1906.44 -1209.94 -507.317 199 
100 -584.45 -1265.04 -1943.65 -2621.21 -3293.42 -3955.43 -4602.36 -5235.24 -5848.21 -6441.07 -7019.01 -7583.38 -8138.23 -8679.25 -9211.9 -9723.89 -10222.8 -10692.3 -11144.6 -11582.8 -12001.8 -12403.2 -12790.5 -13158.3 -13496.3 -13818.3 -14122.7 -14404.3 -14656 -14877.5 -15077.7 -15252.6 -15408.5 -15552.9 -15676.9 -15786.1 -15870.7 -15942.4 -16004.7 -16057.3 -16104.7 -16137.1 -16155.3 -16166.2 -16176.7 -16186 -16193.1 -16190 -16174.7 -16162.4 -16163 -16152.3 -16134.4 -16112.1 -16087.5 -16073.9 -16071.8 -16065.9 -16051.1 -16031 -15988.1 -15923 -15839.1 -15726.7 -15597.8 -15449.1 -15281 -15105.8 -14914.3 -14703.7 -14476.2 -14227 -13949.3 -13643.1 -13306.6 -12946.9 -12554.2 -12131 -11690.3 -11242.7 -10773.2 -10288.7 -9786.07 -9268.1 -8737.01 -8187.58 -7629.12 -7065.74 -6494.63 -5900.5 -5283.45 -4640.53 -3982.73 -3317.86 -2635.33 -1936.95 -1225.41 -513.206 199 
100 -586.41 -1270.35 -1953.84 -2634.13 -3304.11 -3966.95 -4611.56 -5242.51 -5848.79 -6441.86 -7022.02 -7591.75 -8147.35 -8691.51 -9220.65 -9724.58 -10212.4 -10671.6 -11118.7 -11554 -11977.6 -12378.4 -12758.5 -13121.5 -13460.5 -13779.2 -14071.9 -14340.5 -14584.9 -14809.9 -15013.8 -15197.3 -15364.5 -15509 -15626.8 -15729.6 -15816.4 -15892.9 -15953.4 -15989.1 -16005.1 -16020.1 -16030.7 -16042.4 -16052.3 -16058.4 -16066.7 -16075.7 -16078.9 -16067.1 -16050.3 -16040 -16021.3 -16001.3 -15984.2 -15971.5 -15969.8 -15960.3 -15949.7 -15925.3 -15881 -15811.6 -15720.1 -15614.6 -15494 -15348.4 -15181.8 -15004.8 -14809.9 -14600.6 -14381.2 -14143.6 -13856.2 -13537.2 -13194.1 -12829 -12434.3 -12015.2 -11578.7 -11127.5 -10656.9 -10168.8 -9669.13 -9162.53 -8648.6 -8119.85 -7569.87 -7005.79 -6424.39 -5825.3 -5208.95 -4580.83 -3934.34 -3273.99 -2601.56 -1916.66 -1217.49 -511.246 199 
100 -589.284 -1273.6 -1957.04 -2639.74 -3318.17 -3985.6 -4636.56 -5274.23 -5891.38 -6489.09 -7071.71 -7640.42 -8196.89 -8739.13 -9273.75 -9790.18 -10294 -10771.5 -11230.2 -11673 -12094.5 -12496.2 -12884 -13254.8 -13600.1 -13927.2 -14237.1 -14522.8 -14777.1 -15002.4 -15206.2 -15386.8 -15551.7 -15701.2 -15826.7 -15937.4 -16021.1 -16091.6 -16151.8 -16201.4 -16243.9 -16274.3 -16290.3 -16299.7 -16308.4 -16317.6 -16325.2 -16320.9 -16303.7 -16291.4 -16291.2 -16283.3 -16264 -16243.1 -16220.1 -16209.4 -16207.5 -16201.8 -16186.6 -16163.7 -16119 -16053.2 -15967.8 -15854.3 -15724.4 -15574.5 -15405.8 -15228.4 -15037.7 -14826.9 -14599.4 -14347 -14068.9 -13757.7 -13424.2 -13060.1 -12665.3 -12241.1 -11796.2 -11344.9 -10871.7 -10379.2 -9870.46 -9344.74 -8808.31 -8252.61 -7687.53 -7116 -6538.17 -5939.46 -5319.86 -4675.49 -4015.7 -3345.22 -2656.22 -1953.46 -1238.59 -520.06 199 
100 -589.97 -1277.55 -1964.6 -2647.68 -3320.33 -3985.42 -4634.73 -5268.99 -5880.7 -6476.88 -7060.62 -7633.94 -8191.28 -8737.02 -9266.83 -9771.69 -10262.6 -10727.2 -11181.9 -11625.5 -12055.8 -12462.2 -12848.5 -13217 -13559.4 -13883.3 -14184.4 -14459.2 -14708 -14938.1 -15148.3 -15337.2 -15509.3 -15656.5 -15780.9 -15888.3 -15980.3 -16060.6 -16124.9 -16165.9 -16184.8 -16200.2 -16211.9 -16225.2 -16234.3 -16237.4 -16242.2 -16248.9 -16248.7 -16240.1 -16231.6 -16229.6 -16218 -16202.6 -16185.3 -16171.4 -16166 -16153.4 -16141.5 -16117.9 -16073.9 -16001.9 -15911.8 -15808.2 -15685.8 -15539.7 -15370.6 -15192.2 -14994.2 -14779.2 -14555.2 -14309.4 -14020.1 -13697.1 -13354.5 -12987.2 -12589.9 -12169.1 -11729.5 -11271.7 -10795.8 -10303.6 -9799.11 -9287.09 -8765.62 -8226.86 -7669.71 -7097.98 -6509.51 -5902.41 -5278.74 -4638.92 -3981.1 -3312.96 -2631.61 -1938.95 -1233.88 -519.373 199 
100 -590.012 -1275.57 -1960.51 -2645.01 -3325.21 -3992.77 -4641.78 -5277.55 -5894.29 -6493.47 -7075.67 -7643.35 -8201.09 -8744.47 -9280.43 -9799.07 -10303.9 -10783.3 -11241.2 -11683.7 -12107.6 -12505.2 -12892.2 -13264.6 -13614.6 -13941 -14250.3 -14537.5 -14794.9 -15022.7 -15231 -15415.5 -15586.1 -15738.7 -15867.2 -15978.9 -16065.9 -16137.8 -16199.8 -16251.1 -16295.5 -16328.4 -16345.7 -16357.4 -16366.7 -16376.5 -16384.7 -16380.8 -16362.1 -16349.3 -16349.6 -16345.9 -16327.5 -16307.1 -16283.5 -16272.8 -16268.3 -16260 -16247.4 -16222.1 -16176 -16112.1 -16025.8 -15910.2 -15777.1 -15622.1 -15450.3 -15267.4 -15073.3 -14860.2 -14632 -14377.5 -14099.3 -13785.6 -13451.4 -13080.2 -12685.7 -12263.2 -11819.6 -11366.1 -10892.6 -10399.5 -9889.22 -9364.38 -8830.31 -8275.24 -7707.32 -7131.62 -6549.44 -5947.27 -5322.74 -4675.45 -4016.64 -3347.7 -2661.74 -1957.04 -1241.23 -521.484 199 
100 -594.721 -1287.13 -1978.93 -2665.73 -3340.49 -4006.19 -4658.64 -5293.72 -5905.17 -6500.21 -7083.58 -7658.8 -8218.6 -8766.41 -9300.13 -9808.64 -10305.1 -10775.1 -11233.8 -11680.7 -12111.9 -12519.8 -12908.5 -13284.3 -13630.2 -13954.1 -14256.5 -14530.2 -14776.8 -15005.1 -15218.4 -15410.7 -15584.4 -15735.4 -15868.1 -15978.3 -16074.1 -16156.3 -16219.5 -16260 -16284.5 -16302.5 -16315.8 -16329 -16341.8 -16345.3 -16345.2 -16344.2 -16337 -16327.3 -16319.7 -16314.5 -16303.3 -16286.6 -16270.1 -16259.3 -16252.6 -16239 -16227.1 -16202.8 -16160.5 -16087.1 -15996.9 -15893 -15769.6 -15618.1 -15445 -15262.8 -15061.1 -14847.5 -14626 -14376.2 -14088.7 -13764.5 -13420.2 -13049.3 -12648.2 -12224.2 -11780.3 -11322.5 -10846.4 -10356.1 -9849.03 -9333.64 -8805.12 -8260.03 -7702.02 -7128.09 -6536.85 -5927.33 -5299.66 -4653.91 -3991.15 -3321.96 -2639.07 -1945.71 -1241.48 -523.388 199 
100 -595.811 -1287.93 -1979.51 -2670.93 -3357.91 -4031.61 -4684.24 -5323.45 -5944.64 -6547.47 -7132.96 -7704.06 -8265.63 -8815.61 -9356.42 -9879.62 -10387.2 -10870.8 -11331.3 -11775.5 -12205.9 -12604 -12990.9 -13362 -13714.5 -14047.3 -14359.8 -14648.4 -14910.7 -15139.5 -15350.6 -15539.2 -15712.8 -15866.5 -15995.7 -16110.4 -16199.8 -16272.9 -16337.4 -16392.6 -16439.7 -16475.5 -16496.2 -16511.2 -16522.2 -16532.2 -16541.3 -16537.4 -16520 -16509.8 -16512.5 -16514.1 -16498.2 -16482.6 -16464 -16454.7 -16449.8 -16440.3 -16429.3 -16403.7 -16357 -16292.8 -16203.1 -16086.1 -15949.6 -15792.2 -15617.1 -15430.6 -15234.7 -15021.2 -14790.8 -14533.6 -14250.1 -13931 -13587.5 -13209.3 -12808.7 -12381.7 -11934.1 -11474.6 -10993.3 -10494.7 -9977.37 -9448.54 -8910.12 -8355.64 -7786.04 -7202.92 -6611.47 -5999.33 -5366.78 -4713.79 -4050.72 -3374.76 -2683.56 -1971.56 -1251.09 -526.53 199 
100 -599.142 -1296.06 -1992.28 -2679.65 -3353.27 -4019.62 -4675.46 -5317.3 -5938.18 -6540.51 -7130.72 -7710.26 -8275.13 -8829.25 -9367.03 -9879.99 -10379.7 -10856.6 -11320.3 -11772.3 -12208.1 -12617.3 -13010.9 -13391.9 -13745.5 -14075.3 -14383 -14660.3 -14909.7 -15139.3 -15355.2 -15551.6 -15726.5 -15879 -16011.8 -16123.1 -16224.4 -16310.8 -16376 -16420.8 -16450.7 -16471.6 -16485.3 -16497.8 -16512 -16516.9 -16518 -16516.5 -16508.7 -16502.6 -16498.8 -16497.1 -16488.3 -16473.9 -16458.3 -16447.7 -16440.2 -16423.3 -16408 -16377 -16329.9 -16251.8 -16157.8 -16049.6 -15922.6 -15767.2 -15589.9 -15403.7 -15197 -14979.6 -14752.8 -14495.7 -14202.4 -13876.3 -13528.2 -13149.5 -12741.7 -12310.9 -11858.8 -11395.7 -10915.6 -10418.5 -9904.81 -9382.45 -8844.48 -8293.57 -7729.68 -7154.34 -6563.95 -5955.75 -5328.22 -4681.14 -4016.14 -3344.19 -2656.59 -1957.9 -1250.9 -527.733 199 
100 -596.496 -1289.94 -1982.92 -2675.9 -3364.96 -4041.58 -4695.46 -5335.71 -5960.44 -6564.42 -7155.69 -7730.92 -8296.76 -8848.15 -9389.06 -9914.6 -10423.6 -10908.1 -11367.3 -11808.1 -12238.8 -12637.4 -13022.1 -13391.8 -13745.7 -14080.1 -14392.4 -14680.6 -14943.9 -15175.4 -15388.6 -15579.7 -15754.5 -15912.5 -16046.3 -16162.2 -16255.5 -16333.5 -16401.5 -16461.4 -16510.1 -16547.1 -16567.9 -16583.8 -16595.7 -16604.6 -16611.7 -16605.7 -16587.1 -16577.3 -16579.6 -16582.8 -16569.1 -16553.6 -16536.2 -16525.7 -16520.6 -16513.3 -16506 -16482.5 -16437.1 -16372.7 -16276.8 -16156.8 -16016.6 -15857.8 -15681.4 -15492.3 -15294.6 -15081.9 -14850.6 -14595.1 -14311.2 -13992.2 -13647 -13265.1 -12859.1 -12432.9 -11988.3 -11527.4 -11044.1 -10540.7 -10018.6 -9486.51 -8944.33 -8390.87 -7818.11 -7231.61 -6634.42 -6017.49 -5382.26 -4727.46 -4063.67 -3384.74 -2691.2 -1975.49 -1253.9 -528.049 199 
100 -598.451 -1294.76 -1990.23 -2675.97 -3347.5 -4013.29 -4669.68 -5307.71 -5925.63 -6526.65 -7112.8 -7688.86 -8255.29 -8812.56 -9351.19 -9869.46 -10372.9 -10855.6 -11316.5 -11765.4 -12197 -12602 -12995.6 -13376.7 -13734.1 -14065.5 -14377.6 -14659.1 -14909.8 -15143.9 -15360.8 -15560.1 -15734.3 -15888.7 -16021.7 -16132.4 -16232.9 -16318.5 -16385.3 -16427.5 -16455 -16474.5 -16490.2 -16502.9 -16516.4 -16520.9 -16520.2 -16516.2 -16506.1 -16506 -16507.5 -16507.5 -16499.9 -16484.7 -16467.6 -16457.1 -16452.1 -16438 -16427.6 -16401.5 -16355.1 -16276.7 -16182.5 -16074.1 -15946.5 -15790.8 -15612.8 -15425.3 -15217.5 -14996.8 -14766 -14506.9 -14210.9 -13887.6 -13539.4 -13159.4 -12751.7 -12319.5 -11868.4 -11405.6 -10926 -10428.2 -9914.65 -9391.02 -8850.25 -8297.49 -7732.3 -7153.93 -6560.44 -5951.99 -5324.95 -4675.55 -4011.53 -3342.52 -2658.54 -1958.97 -1251.81 -528.424 199 
100 -596.386 -1290.21 -1983.66 -2677.11 -3367.19 -4044.88 -4698.81 -5336.45 -5960.83 -6562.1 -7150.81 -7726.22 -8292.22 -8844.11 -9384.49 -9910.39 -10419.2 -10906 -11365.2 -11802.4 -12231.3 -12631.6 -13014.3 -13385.9 -13738.4 -14070.3 -14384.7 -14674.7 -14936.9 -15171.5 -15383.6 -15574.6 -15749.5 -15907.8 -16043.2 -16159.2 -16254.8 -16333.1 -16401.3 -16462 -16509.5 -16547 -16564.7 -16577.8 -16587.5 -16595.9 -16602.4 -16596.3 -16578.3 -16570.4 -16574.6 -16576.2 -16569.3 -16555.1 -16537.8 -16528 -16523.8 -16518.7 -16516.4 -16500 -16460.6 -16400.2 -16306.9 -16191.3 -16053.7 -15896.3 -15719.9 -15530.7 -15332.8 -15127.2 -14899.5 -14645.5 -14361.5 -14044.5 -13699.2 -13315.3 -12907.1 -12481.2 -12037.7 -11578.5 -11093.1 -10590.1 -10067.9 -9532.58 -8985.64 -8428.42 -7852.74 -7265.44 -6664.54 -6043.86 -5405.11 -4747.22 -4081.74 -3398.84 -2701.56 -1982.23 -1258.57 -530.505 199 
100 -596.227 -1292.45 -1988.37 -2673.36 -3345.8 -4012.92 -4669.83 -5306.11 -5922.12 -6520.88 -7103.29 -7676.62 -8240.98 -8797.57 -9338.03 -9859.81 -10366.6 -10852.5 -11314.4 -11761.6 -12194.1 -12599.6 -12994.9 -13376.8 -13736.1 -14066.8 -14378 -14660.4 -14912 -15143.6 -15358.5 -15556.9 -15727.8 -15879.3 -16011.2 -16116.2 -16214.4 -16297.8 -16365.9 -16410.9 -16440.4 -16459.3 -16475.3 -16488.8 -16502.6 -16508.9 -16509.7 -16508.9 -16505.1 -16509.5 -16515.2 -16517.1 -16514.9 -16504.9 -16490.1 -16481 -16474.9 -16458.6 -16447.2 -16420.9 -16374.2 -16300.1 -16209.1 -16107.1 -15982.6 -15828.6 -15651.3 -15463.5 -15257.9 -15038.2 -14806.5 -14547.3 -14251.9 -13935.6 -13592.3 -13215.8 -12811.9 -12380.2 -11929.3 -11461.5 -10975.5 -10475.5 -9961.09 -9434.57 -8891.07 -8331.96 -7763.46 -7180.41 -6586.13 -5975.93 -5347.17 -4698.05 -4029.21 -3354.84 -2667.77 -1965.03 -1255.5 -530.648 199 
100 -593.133 -1286.27 -1979.4 -2672.53 -3362.78 -4039.81 -4695.83 -5332.46 -5955.16 -6552.68 -7140.33 -7715.14 -8280.53 -8833.04 -9372.68 -9899.04 -10407 -10893.2 -11352.2 -11788.6 -12217.1 -12618.7 -13003.4 -13379.3 -13733.2 -14064.6 -14379.8 -14668.3 -14927.3 -15161.2 -15373.4 -15562.1 -15733.1 -15888.4 -16023 -16137.8 -16235 -16312.3 -16377.1 -16434 -16479.4 -16515.1 -16530.8 -16543.2 -16550.9 -16560.3 -16564.5 -16556.3 -16542.8 -16539.6 -16547.8 -16551.9 -16549.2 -16535.9 -16517.2 -16505.4 -16499.1 -16494.4 -16492.2 -16475.9 -16436.7 -16372.9 -16279.2 -16164 -16026.1 -15869.8 -15690.9 -15498.7 -15301.3 -15096.2 -14868.9 -14615.1 -14335.1 -14020.8 -13674.3 -13290.9 -12883.3 -12460.6 -12024.9 -11568.7 -11083.9 -10582.9 -10060.7 -9525.83 -8982.41 -8427.94 -7852.53 -7265.1 -6664.28 -6044.08 -5407.54 -4752.33 -4086.93 -3402.29 -2703.12 -1982.56 -1258.58 -530.819 199 
100 -594.165 -1288.33 -1981.87 -2665.19 -3338.82 -4008.52 -4666.49 -5304.82 -5921.79 -6521.58 -7103.97 -7677.89 -8243.26 -8800.6 -9342.67 -9865.51 -10371.8 -10858.2 -11322.6 -11770.3 -12203.2 -12608.9 -13002.7 -13380.2 -13734.5 -14060.9 -14368.8 -14652.3 -14907.9 -15140.9 -15358.7 -15561 -15732.7 -15884.4 -16011.6 -16113.9 -16211.3 -16295.9 -16364.7 -16409.8 -16439.8 -16459.5 -16478.8 -16493.3 -16509.9 -16518.5 -16518.3 -16518 -16515.1 -16521.9 -16527.6 -16529.8 -16526.3 -16516.2 -16502 -16494.9 -16491.4 -16481 -16475.4 -16449.4 -16402.3 -16333.7 -16246.4 -16145.1 -16019.7 -15868.3 -15691.4 -15503.8 -15300.2 -15081.3 -14851 -14591 -14293.1 -13973.5 -13625.3 -13248.7 -12846.3 -12413.7 -11965.3 -11500 -11016.1 -10516.6 -10001.4 -9472.04 -8925.87 -8363.92 -7792.04 -7207.46 -6611.84 -5998.62 -5368.26 -4719.66 -4049.24 -3370.93 -2680.7 -1974.42 -1259.48 -532.709 199 
100 -595.255 -1290.51 -1985.76 -2681.02 -3372.93 -4053.84 -4713.44 -5350.61 -5970.06 -6569.39 -7159.69 -7736.33 -8305.38 -8861.68 -9405.42 -9935.3 -10444.7 -10934.2 -11395 -11834.2 -12264.5 -12668.7 -13055.2 -13431.7 -13786.9 -14117.8 -14434 -14719.5 -14977.6 -15214.6 -15432.4 -15627.7 -15803.8 -15963.5 -16099.4 -16216.1 -16315.2 -16394.6 -16461.5 -16519.2 -16564.4 -16593.9 -16606.3 -16616.3 -16623.5 -16632.7 -16634.7 -16627 -16614.9 -16617.4 -16628.5 -16634.8 -16636.7 -16626.7 -16606.6 -16594.1 -16587.5 -16581.2 -16577.7 -16558 -16515.1 -16445.9 -16351.3 -16235.9 -16094.6 -15935.2 -15752 -15559 -15360 -15153.8 -14928.7 -14676.1 -14400.9 -14091.9 -13745.6 -13362.4 -12957.3 -12536 -12098 -11636.5 -11145.8 -10637.4 -10110.9 -9572.7 -9026.43 -8468.47 -7893.33 -7305.28 -6701.32 -6076.94 -5437.65 -4777.58 -4107.95 -3422.59 -2717.35 -1993.13 -1265.44 -534.542 199 
100 -598.27 -1296.54 -1993.75 -2679.8 -3358.44 -4031.62 -4692.67 -5337.45 -5959.63 -6565.23 -7152.98 -7732.58 -8303.32 -8865.33 -9411.93 -9938.77 -10448.9 -10940.4 -11411.7 -11863.1 -12300 -12711.9 -13109.4 -13492.6 -13852.6 -14187.4 -14501.4 -14788 -15048.3 -15280.7 -15498.9 -15703.6 -15878.3 -16031.2 -16159.5 -16266.6 -16368.1 -16457.6 -16530.8 -16579.6 -16610.9 -16630.3 -16649.9 -16661.8 -16676.6 -16686.2 -16686.8 -16687.8 -16687.2 -16694.3 -16700.1 -16704.7 -16704.7 -16698.7 -16686.6 -16678.5 -16675.1 -16664.2 -16657.2 -16628.8 -16578 -16505.7 -16413.1 -16304.9 -16174.7 -16019.6 -15839.8 -15647.2 -15439.5 -15219.2 -14986.3 -14720.7 -14419.3 -14094 -13738.4 -13356.2 -12953.4 -12518.7 -12068.7 -11603.1 -11116 -10612.5 -10096.4 -9561.2 -9009.69 -8442.89 -7865.13 -7276.44 -6676.93 -6060.42 -5424.83 -4772.59 -4097.78 -3408.99 -2706.48 -1994.12 -1270.81 -537.37 199 
100 -599.753 -1299.51 -1999.26 -2699.01 -3395.1 -4081.83 -4747.16 -5386.25 -6006.19 -6608.68 -7204.2 -7787.13 -8360.03 -8917.06 -9461.06 -9988.09 -10499.4 -10989.9 -11453 -11895.2 -12326.7 -12736.6 -13128.1 -13508.3 -13867.6 -14201.1 -14517.1 -14804.5 -15064.6 -15307.5 -15535.4 -15743.9 -15928 -16095.9 -16239.5 -16362.7 -16469.1 -16553.7 -16625.2 -16680.7 -16726.1 -16750.9 -16760.4 -16768.7 -16778.4 -16786.3 -16788.1 -16779.9 -16766.9 -16771.2 -16781.2 -16787.4 -16789 -16782.3 -16763 -16751.9 -16745.6 -16741.2 -16740.3 -16719.1 -16675.3 -16604.1 -16507.7 -16388.9 -16245.1 -16081.6 -15895.6 -15698.1 -15494.8 -15281.1 -15052.6 -14793 -14512.9 -14202.2 -13849.6 -13461.1 -13049.9 -12619.4 -12171.9 -11699.7 -11206.8 -10693.1 -10161.7 -9619.81 -9070.43 -8507.73 -7933.22 -7344.09 -6735.56 -6107.77 -5463.84 -4801.22 -4128.85 -3442.19 -2733.74 -2005.38 -1273.42 -538.81 199 
100 -600.753 -1301.51 -2000.73 -2687.49 -3366.1 -4041.39 -4704.71 -5351.15 -5975.93 -6584.52 -7177.04 -7759.55 -8332.36 -8897.14 -9446.46 -9976.36 -10487.8 -10982.2 -11456.2 -11909 -12348 -12764.4 -13164 -13550.3 -13911.2 -14245.7 -14560.8 -14849.1 -15112.5 -15345.1 -15565.4 -15771.8 -15950 -16105.8 -16235.5 -16347.7 -16453.3 -16546.4 -16619.4 -16667.1 -16699.1 -16719.7 -16740.3 -16752.6 -16767.5 -16778.3 -16775.6 -16771.5 -16767.3 -16774.4 -16779.9 -16782.4 -16778.6 -16766.4 -16750.1 -16740 -16735.1 -16724.6 -16717.3 -16690.9 -16641.9 -16571.8 -16478.9 -16367.1 -16236.3 -16081.9 -15901.2 -15707.2 -15499.3 -15279 -15043.6 -14781 -14489.9 -14174.8 -13821.6 -13442.1 -13039.9 -12607 -12156.7 -11690.3 -11204.9 -10701.8 -10185.6 -9646.05 -9088.19 -8513.76 -7928.59 -7333.79 -6727.44 -6104.56 -5462.5 -4804.19 -4121.43 -3429.53 -2724.03 -2009.59 -1281.84 -543.653 199 
100 -601.51 -1303.02 -2004.53 -2706.04 -3403.25 -4095.66 -4765.91 -5407.69 -6030.71 -6635.59 -7230.39 -7814.91 -8388.84 -8949.28 -9493.79 -10022.6 -10539.2 -11033.9 -11503.4 -11952.5 -12384.9 -12798.1 -13192 -13573.2 -13934.6 -14271.7 -14589 -14881.5 -15144.7 -15389.2 -15619.8 -15831.8 -16019.1 -16188.4 -16336.5 -16462.1 -16570.3 -16655.4 -16725.5 -16777.1 -16816.4 -16834 -16844 -16852.2 -16864.1 -16872.9 -16874.9 -16866.5 -16856.1 -16864 -16876.6 -16885.1 -16889.1 -16886.4 -16868.1 -16858.3 -16854.9 -16853 -16849.4 -16828.2 -16782 -16710.1 -16613 -16494.6 -16356 -16196.1 -16011 -15814.5 -15613.1 -15402.1 -15176.7 -14914.6 -14633.7 -14321 -13966.7 -13578.5 -13169 -12737.4 -12286.5 -11811.5 -11313.8 -10795.7 -10259.4 -9716.51 -9165.72 -8597.49 -8018.38 -7424.96 -6809.46 -6175.69 -5523.12 -4855.05 -4174.54 -3478.55 -2760.93 -2025.89 -1286.92 -545.818 199 
100 -602.026 -1304.05 -2003.92 -2691.27 -3371.94 -4047.61 -4711.64 -5361.05 -5988.12 -6595.87 -7187.7 -7768.91 -8341.21 -8906.56 -9457.69 -9987.2 -10496.2 -10992.3 -11466 -11919.2 -12358.7 -12780.4 -13181.9 -13567.3 -13925.6 -14256.4 -14569.4 -14856.7 -15122.6 -15360.2 -15586.8 -15800.9 -15984.4 -16144.7 -16277 -16391 -16494.5 -16589.5 -16662.5 -16713.5 -16748.2 -16768.9 -16789 -16804 -16819.6 -16830.2 -16830.2 -16827.1 -16823.3 -16829 -16834.1 -16837.9 -16833.7 -16823 -16805.7 -16795.4 -16791.3 -16782.5 -16777.4 -16755.4 -16707.9 -16638.8 -16548.3 -16433.8 -16301.3 -16144.5 -15958.5 -15759.3 -15550.3 -15329.1 -15090.5 -14825.6 -14532.2 -14215.7 -13861.1 -13482.4 -13081.3 -12651.8 -12202.2 -11733.2 -11250.2 -10747.9 -10232.7 -9691.29 -9132.7 -8555.24 -7967.6 -7371.19 -6762.48 -6136.18 -5486.88 -4821.81 -4137.42 -3442.77 -2731.92 -2016.22 -1285.68 -545.302 199 
100 -601.108 -1302.22 -2003.32 -2704.23 -3400.6 -4092.83 -4763.08 -5403.75 -6024.83 -6629.2 -7220.95 -7802.34 -8374.51 -8935.26 -9475.76 -10001 -10514.5 -11007.2 -11480 -11929.5 -12362.2 -12776.3 -13169.9 -13551 -13912.8 -14251.4 -14570.8 -14864.5 -15129.2 -15373.6 -15606.1 -15819.5 -16008.3 -16178 -16328.8 -16456.5 -16566.3 -16653 -16723.4 -16775.1 -16814.2 -16835 -16847.5 -16858 -16870.1 -16876.7 -16877.1 -16868.5 -16861.9 -16869.4 -16883.2 -16891.8 -16895.5 -16893.1 -16875.8 -16865.3 -16865.3 -16866.7 -16866.1 -16849.6 -16805.2 -16736.3 -16639.7 -16520.9 -16381.3 -16218 -16034.2 -15836.7 -15637.6 -15426 -15196.7 -14934.5 -14653.4 -14339.4 -13987.1 -13598.1 -13188.6 -12753.2 -12296 -11818.3 -11319.7 -10801 -10263.7 -9720.4 -9167.87 -8596.39 -8015.89 -7421.96 -6807.97 -6173.51 -5520.96 -4852.89 -4172.69 -3476.4 -2758.33 -2025.84 -1287.27 -546.22 199 
100 -602.754 -1305.51 -2005.78 -2693.5 -3375.77 -4052.38 -4717.89 -5370.74 -6001.95 -6613.4 -7208.12 -7790.45 -8362.43 -8927.88 -9480.08 -10011.6 -10521.9 -11018.7 -11494.7 -11952.6 -12395.1 -12821.9 -13226.8 -13612.9 -13976 -14311.4 -14630.8 -14924.4 -15193 -15434.2 -15661.2 -15874.6 -16057.6 -16222.8 -16362.9 -16483.5 -16590.3 -16687.4 -16760.2 -16814.9 -16852.3 -16878.1 -16901.7 -16920 -16938 -16951 -16954.2 -16949.7 -16944.1 -16951.1 -16956.2 -16958.5 -16948 -16935.6 -16914.8 -16901.3 -16894.6 -16884.2 -16874.7 -16850.6 -16800.9 -16729.8 -16638.3 -16521 -16388.2 -16232.6 -16049 -15846.7 -15636.8 -15412.5 -15167.1 -14899.4 -14605.7 -14287.4 -13933.1 -13550.2 -13147.9 -12720.1 -12271.3 -11803.4 -11320.2 -10815.8 -10295.3 -9752.23 -9192.68 -8614.82 -8027.64 -7426.72 -6812.72 -6178.93 -5524.33 -4853.35 -4164.01 -3464.54 -2747.08 -2024.21 -1290.85 -547.495 199 
100 -612.135 -1324.27 -2036.13 -2744.49 -3449.01 -4149.12 -4827.38 -5476.51 -6107.15 -6721.9 -7324.95 -7917.3 -8494.88 -9061.13 -9606.82 -10137.8 -10657.7 -11157.3 -11644.1 -12105.6 -12553 -12982.9 -13386.7 -13776.3 -14145.5 -14491.7 -14819.2 -15121.9 -15392.7 -15641.9 -15878.6 -16097.7 -16293.8 -16461.9 -16610.4 -16736.9 -16847.9 -16936.4 -17008.4 -17061.9 -17097.2 -17111.1 -17120.5 -17125.3 -17133.5 -17134.8 -17130.8 -17115.8 -17107.7 -17114.1 -17128.1 -17136.4 -17138.1 -17127.8 -17108.1 -17093.9 -17091.6 -17090.3 -17083.7 -17063.7 -17019.1 -16947.3 -16845.1 -16722.2 -16580.4 -16412.2 -16225.3 -16023.7 -15820.9 -15604.1 -15366.8 -15098 -14810.1 -14488.9 -14132.3 -13738.6 -13320.7 -12878.3 -12411.9 -11929.7 -11425.2 -10899.5 -10356.9 -9803.88 -9241.24 -8660.05 -8070.23 -7467.2 -6848.5 -6210.3 -5557.62 -4887.75 -4204.25 -3505 -2783.14 -2044.78 -1299.88 -552.724 199 
100 -612.485 -1324.97 -2034.75 -2732.37 -3421.63 -4106.09 -4779.32 -5438.46 -6076.48 -6693.12 -7295.59 -7888.48 -8469.48 -9044.12 -9603.97 -10142.5 -10662.1 -11164.5 -11645.2 -12106 -12552.5 -12984.7 -13396.6 -13786.1 -14156 -14496.6 -14823.9 -15126.8 -15401.5 -15648.8 -15879.4 -16094.5 -16280.1 -16444.1 -16583.1 -16701.4 -16809.1 -16905.5 -16973 -17025.5 -17058 -17082.2 -17103.9 -17121.4 -17136.9 -17146.7 -17147.4 -17138.7 -17134.8 -17143.1 -17149.6 -17154.3 -17143.2 -17134.8 -17115.5 -17102.4 -17097.7 -17090.3 -17080.2 -17057.5 -17004 -16930.5 -16834.9 -16715.4 -16580.9 -16423.9 -16240.1 -16036 -15825.4 -15598.7 -15346.4 -15071.7 -14771.6 -14445.9 -14086.5 -13695.1 -13286.8 -12853.1 -12398.7 -11923.1 -11430.6 -10915.8 -10387.5 -9839.23 -9275.89 -8691 -8098.91 -7490.23 -6869.11 -6226.14 -5564.53 -4888.7 -4194.66 -3490.22 -2768.26 -2040.36 -1301.15 -552.374 199 
100 -612.647 -1322.44 -2031.1 -2736.55 -3438.73 -4136.97 -4815.98 -5464.91 -6097.42 -6712.17 -7315.91 -7908.27 -8488.25 -9057.88 -9607.05 -10136.3 -10655.5 -11154.9 -11641 -12103.3 -12548.3 -12975.8 -13374.8 -13758.4 -14123.3 -14465.8 -14790.9 -15092.3 -15363.4 -15613.6 -15849.8 -16069.6 -16269.6 -16442.3 -16594.4 -16723.3 -16837.3 -16926.2 -16998.7 -17052 -17086.1 -17100.3 -17110.8 -17115.5 -17126 -17132.5 -17134.7 -17122.9 -17118.8 -17125.7 -17140.7 -17150.2 -17154 -17144 -17126.1 -17112.1 -17110.7 -17111.1 -17102.9 -17082.8 -17040.1 -16970.8 -16869.7 -16747.9 -16607.8 -16439.8 -16252.7 -16052.3 -15850 -15632.7 -15394.9 -15127.5 -14839.4 -14518.1 -14162.1 -13771.1 -13358.7 -12918.3 -12448.6 -11963.6 -11459.5 -10933.8 -10389.2 -9834.94 -9272.6 -8692.25 -8101 -7494.01 -6867 -6220.25 -5559.86 -4884.46 -4199.65 -3500.29 -2779.35 -2042.54 -1298.41 -552.144 199 
100 -612.624 -1325.25 -2035.21 -2733.6 -3423.83 -4109.04 -4783.61 -5442.91 -6084.03 -6702.48 -7309.33 -7902.73 -8481.07 -9053.39 -9609.08 -10144.6 -10666.7 -11173.1 -11658.1 -12124.1 -12576.2 -13010.5 -13421.2 -13808.6 -14173 -14511.7 -14840.4 -15143.2 -15417.1 -15663.6 -15894.6 -16107 -16294.4 -16456.9 -16600.4 -16722.7 -16833.6 -16930.7 -17001.1 -17056.6 -17089.2 -17113.7 -17137.4 -17158.5 -17177.6 -17189 -17188.6 -17174.6 -17168.7 -17174.6 -17182.4 -17186.3 -17176.3 -17169.4 -17150.1 -17136.7 -17131.8 -17124.7 -17113 -17089.7 -17038.7 -16965.8 -16867.6 -16747.2 -16610.2 -16450.2 -16267.4 -16067.5 -15861.2 -15636.2 -15384.2 -15110.3 -14811.5 -14484.5 -14126 -13735 -13326.4 -12892.8 -12438.3 -11963.5 -11469.9 -10955.2 -10423.9 -9869.44 -9300.32 -8711.33 -8116.51 -7503.88 -6881.13 -6239.24 -5577.83 -4901.7 -4205.99 -3498.24 -2774.06 -2043.28 -1301.2 -552.235 199 
100 -613.321 -1323.72 -2032.19 -2737.77 -3440.52 -4139.63 -4819.03 -5467.43 -6104.71 -6721.11 -7322.59 -7912.85 -8494.71 -9063.83 -9615.12 -10146.2 -10665.8 -11165.1 -11651.7 -12114.9 -12559.7 -12990.8 -13393.5 -13779.8 -14144.3 -14484.5 -14810.2 -15110.8 -15379.1 -15627.8 -15858.9 -16074.7 -16274 -16447.3 -16597.7 -16723.9 -16835.2 -16921.4 -16993.4 -17047.3 -17080.6 -17095.6 -17107.5 -17112.5 -17121.9 -17128.8 -17133.3 -17120.5 -17117.5 -17123.7 -17143.3 -17152.9 -17152.5 -17142 -17125.5 -17112.6 -17113 -17114.5 -17105.1 -17080.2 -17036.5 -16969.4 -16870 -16749.4 -16610.2 -16446.1 -16261 -16061.2 -15858.4 -15639.3 -15398.6 -15130.7 -14841.1 -14519.9 -14164.1 -13776.5 -13366.7 -12927.9 -12458.5 -11973.8 -11470.5 -10945.1 -10402 -9848.67 -9285.36 -8706.54 -8114.82 -7510.11 -6882.49 -6235.74 -5576.73 -4901.72 -4216.79 -3514.52 -2788.89 -2048.97 -1302.79 -554.457 199 
100 -616.133 -1332.27 -2046.1 -2748.6 -3443.34 -4132.71 -4812.91 -5476.95 -6120.43 -6742.18 -7355.3 -7951.02 -8533.2 -9107.36 -9663.35 -10205.3 -10735.1 -11247.8 -11735.2 -12201.8 -12654 -13088.4 -13502.7 -13894.5 -14257.5 -14597.3 -14928.5 -15239.3 -15519 -15771.4 -16009.3 -16226.3 -16417.4 -16582.9 -16731.2 -16857 -16971.2 -17070.6 -17144.8 -17204.3 -17239 -17261.9 -17282.5 -17303.2 -17321.4 -17330.7 -17327.5 -17314 -17304 -17307.7 -17317.3 -17322 -17312.7 -17302.4 -17279.4 -17266.8 -17262.6 -17253.5 -17235.8 -17205.6 -17153.2 -17079.5 -16982.7 -16863.1 -16722.9 -16555.6 -16366 -16161.9 -15952.9 -15724.4 -15471.3 -15196 -14895.2 -14569.2 -14209.1 -13816.4 -13400.9 -12960.8 -12504.7 -12032 -11541.3 -11028 -10496.9 -9940.44 -9367.11 -8776.94 -8179.9 -7563.08 -6935.41 -6288.23 -5621.94 -4939.35 -4239.38 -3525.43 -2796.42 -2060.38 -1312.12 -557.491 199 
100 -615.571 -1326.6 -2034.83 -2740.53 -3443.7 -4142.97 -4824.37 -5476.28 -6118.48 -6740.87 -7348.74 -7946.82 -8536.25 -9106.91 -9659.94 -10195.8 -10718.4 -11222.9 -11712.7 -12179.5 -12628.5 -13063.5 -13469.1 -13857.4 -14226.4 -14570 -14899 -15206.8 -15480.4 -15735.3 -15971 -16189 -16391.7 -16569 -16721.2 -16850.5 -16964.5 -17053.9 -17129.2 -17185.2 -17221.1 -17240.7 -17257.5 -17262.6 -17270.5 -17282.5 -17287.4 -17275.7 -17271.6 -17283.7 -17306.9 -17317.7 -17322.1 -17315.4 -17301.1 -17289.2 -17288 -17287.9 -17275.7 -17248.4 -17203.4 -17136.2 -17040.4 -16921 -16778.2 -16613.9 -16422.9 -16218.2 -16009.1 -15785.5 -15541.1 -15269.9 -14970.6 -14637.7 -14273.8 -13883.1 -13469.3 -13025 -12550 -12063.4 -11558.9 -11024.7 -10473.8 -9911.67 -9340.58 -8757.09 -8159.33 -7550.94 -6918.64 -6269.17 -5607.78 -4932.39 -4246.48 -3538.88 -2808.97 -2064.57 -1313.31 -559.757 199 
100 -620.832 -1341.66 -2060.89 -2768.44 -3471.26 -4168.08 -4856.36 -5528.25 -6176.67 -6806.7 -7423.34 -8023.77 -8611.85 -9190.36 -9750.67 -10298.3 -10832.4 -11349 -11840.5 -12309.4 -12763.2 -13202.5 -13624.5 -14027.6 -14396 -14744.2 -15081.2 -15402 -15691.7 -15949.7 -16191.4 -16410.3 -16600.2 -16768.4 -16916.1 -17041.1 -17150.5 -17247.3 -17318.5 -17376.2 -17410.8 -17431.5 -17449.6 -17468.5 -17484.9 -17496.3 -17495.4 -17483.3 -17472 -17476.4 -17485.9 -17489.6 -17480.2 -17470.6 -17448 -17434.9 -17429.6 -17416.3 -17393.8 -17358.3 -17304.4 -17227.9 -17128.7 -17006 -16860.8 -16689.7 -16496.2 -16289.9 -16078 -15844.8 -15588.7 -15310.5 -15005 -14673.3 -14308 -13911.6 -13489.8 -13044.9 -12584.6 -12110 -11616.7 -11100.1 -10565.6 -10005.1 -9426.77 -8833.97 -8231.85 -7611.08 -6978.84 -6328.65 -5661.39 -4972.68 -4269.93 -3552.73 -2819.82 -2076.97 -1320.75 -561.558 199 
100 -622.58 -1340.66 -2055.91 -2768.6 -3478.9 -4183.86 -4870.94 -5532.12 -6183.21 -6815.32 -7430.43 -8036.46 -8631.12 -9205.51 -9764.8 -10308.9 -10834.4 -11343.5 -11840.6 -12313.7 -12769.8 -13210 -13622.7 -14014.7 -14388.6 -14737.4 -15070.8 -15384.4 -15664.7 -15925.6 -16166.7 -16386.4 -16590.8 -16767.9 -16917.7 -17043.7 -17155.2 -17241.6 -17312.8 -17365.5 -17403 -17425.2 -17444.3 -17454.1 -17459.2 -17468.1 -17467.6 -17452.8 -17443.3 -17457.7 -17481.2 -17490.8 -17494.6 -17483.9 -17465 -17449.7 -17444.4 -17440.9 -17423.8 -17393.9 -17345.7 -17275.9 -17180.2 -17059.6 -16911.7 -16743.1 -16547.3 -16338.4 -16123.3 -15894.8 -15644.7 -15370.8 -15067.8 -14731 -14359 -13964.5 -13544.1 -13095.1 -12615.1 -12121.2 -11609.7 -11071.6 -10516.4 -9949.98 -9376.75 -8791.58 -8192.21 -7582.44 -6949.63 -6301.2 -5638.27 -4958.42 -4268.23 -3554.47 -2822.18 -2077.78 -1322.88 -564.215 199 
100 -628.282 -1356.56 -2083.72 -2799.5 -3510.25 -4214.51 -4910.48 -5590.27 -6244.48 -6881.54 -7504.66 -8110.99 -8704.14 -9285.3 -9850.65 -10403.4 -10942.1 -11462.5 -11960.6 -12435.9 -12897 -13343.9 -13770.7 -14174.3 -14542.2 -14891 -15226.7 -15545.2 -15835.9 -16099.2 -16346.3 -16570.2 -16763 -16936.5 -17086.1 -17215.9 -17326 -17423.2 -17495.7 -17555.5 -17594 -17619.7 -17639.4 -17659.4 -17676.8 -17688.6 -17689.1 -17675.7 -17659.7 -17664.3 -17673.9 -17676.2 -17666 -17654 -17630.6 -17613.9 -17603.7 -17584.7 -17558.4 -17525.1 -17472.5 -17395.3 -17293.4 -17165.7 -17016.4 -16844.2 -16647.5 -16435.8 -16216.7 -15977.9 -15716.5 -15431.7 -15120 -14785.3 -14417.5 -14017.8 -13588.9 -13136.7 -12670.4 -12192.2 -11690.9 -11168.2 -10626.6 -10063 -9482.39 -8888.85 -8284.77 -7661.64 -7024.54 -6370.62 -5699.72 -5004.95 -4298.15 -3574.92 -2837.51 -2090.81 -1329.75 -565.796 199 
100 -625.769 -1346.89 -2065.51 -2778.63 -3489.2 -4193.21 -4879.16 -5545.88 -6200.79 -6836.23 -7454.54 -8061.33 -8655.03 -9229.58 -9792.11 -10343.3 -10874.2 -11390.6 -11890.9 -12366.6 -12828.2 -13271.8 -13688 -14078.8 -14450.1 -14799.5 -15135.5 -15451.7 -15729.2 -15985.8 -16224.9 -16441.2 -16643 -16818 -16965.8 -17090.5 -17198.3 -17284.2 -17353.5 -17403.9 -17445.1 -17476 -17505.5 -17521.1 -17527.2 -17538.4 -17536.9 -17525.2 -17511.5 -17522.6 -17544.7 -17556.4 -17562.7 -17551.7 -17531.8 -17518 -17513.3 -17509.8 -17487.9 -17456 -17405.6 -17332.7 -17238.6 -17118.4 -16968.2 -16794.3 -16593.9 -16382.9 -16165 -15933.1 -15678.9 -15403.9 -15098.4 -14758.7 -14385.2 -13993.2 -13569.4 -13123.2 -12650.1 -12162.4 -11653.4 -11116.4 -10557.7 -9989.74 -9413.82 -8825.64 -8223.42 -7612.43 -6975.43 -6324.18 -5658.41 -4976.13 -4281.51 -3564.79 -2831.48 -2085.21 -1328.71 -566.693 199 
100 -629.473 -1358.95 -2087.84 -2805.71 -3517.69 -4224.16 -4921.51 -5601.47 -6256.88 -6893.71 -7517.71 -8125.53 -8719.39 -9302.87 -9870.3 -10425.3 -10964.3 -11485.9 -11988.7 -12465.6 -12927.8 -13375.5 -13801 -14198.6 -14556.8 -14900.7 -15228.9 -15542.5 -15831.5 -16094 -16338.4 -16559.1 -16752.4 -16926.7 -17076.4 -17208.8 -17321.2 -17418.2 -17491.8 -17551.5 -17592.6 -17622.3 -17645.6 -17667.3 -17685.9 -17698.8 -17699.8 -17688.1 -17671 -17676.2 -17687.5 -17692.2 -17685.5 -17673.1 -17651.5 -17636.8 -17628.3 -17610.9 -17584.3 -17552.5 -17500.7 -17425.8 -17330.5 -17207.6 -17057.4 -16884.8 -16687.6 -16474.9 -16252.3 -16009.7 -15743 -15454.9 -15145.1 -14807.6 -14434.2 -14031.8 -13602.1 -13150.4 -12681.6 -12202.3 -11702.2 -11178.2 -10634.5 -10070.4 -9487.06 -8892.26 -8285.93 -7662.91 -7024.24 -6370.7 -5700.17 -5002.94 -4297.56 -3576.94 -2840.29 -2094.92 -1333.83 -567.527 199 
100 -626.238 -1347.74 -2066.82 -2780.26 -3488.69 -4192.85 -4879.91 -5549.3 -6207.28 -6846.65 -7470.14 -8078.36 -8675.78 -9253.76 -9820.39 -10375.8 -10910.5 -11428.3 -11926.7 -12401.8 -12866.6 -13314.5 -13737.7 -14133.4 -14505.8 -14855.4 -15192.4 -15509.4 -15787 -16040 -16277.5 -16490.9 -16692.9 -16865.7 -17018.7 -17148.1 -17257 -17343.6 -17413.2 -17463.5 -17506.3 -17541.3 -17569.4 -17586.2 -17593.7 -17605.4 -17606 -17595.3 -17584.2 -17594.9 -17615.5 -17626.6 -17632.5 -17622.1 -17603.2 -17590.5 -17587.1 -17584.6 -17566.1 -17534.4 -17482.4 -17409.9 -17318.4 -17199.8 -17046.7 -16868.7 -16665.7 -16452.6 -16231.9 -15996.9 -15738.2 -15461.4 -15154.7 -14812.5 -14436.9 -14045.6 -13623.3 -13179 -12707 -12218 -11705.8 -11166.3 -10604.2 -10033.5 -9453.61 -8861.77 -8260.12 -7646.3 -7008.33 -6354.82 -5686.22 -5001.26 -4301.34 -3582.58 -2844.08 -2093.42 -1334.43 -569.057 199 
100 -630.082 -1360.16 -2089.87 -2810.41 -3526.16 -4237.83 -4940.78 -5623.15 -6279.89 -6916.8 -7540.65 -8149.45 -8743.85 -9328.99 -9897.84 -10454.4 -10992.1 -11513.7 -12016.3 -12495.4 -12958 -13404.1 -13827.4 -14222.5 -14581.9 -14930.7 -15264.8 -15579.3 -15865.2 -16122.4 -16362.1 -16581.9 -16777 -16948.5 -17098.8 -17233.7 -17346.4 -17440.3 -17512.7 -17573.1 -17617.9 -17648.3 -17671 -17694.4 -17715.4 -17729.8 -17730.5 -17722.7 -17705.8 -17709.1 -17723.5 -17729.9 -17724.9 -17711.5 -17690.8 -17676.7 -17668.3 -17651.9 -17628.2 -17599.1 -17548.1 -17475.9 -17383.4 -17262.3 -17114.1 -16942.9 -16745.5 -16529.5 -16303.2 -16059.5 -15792.5 -15503.2 -15193.7 -14851.3 -14476.4 -14071 -13641 -13188.4 -12720 -12238.9 -11737.1 -11211.7 -10665.9 -10099.7 -9515.56 -8921.6 -8313.99 -7691.44 -7049.51 -6390.82 -5718.06 -5017.76 -4310.59 -3589.07 -2849.55 -2101.77 -1338.68 -569.839 199 
100 -628.781 -1352.8 -2074.23 -2790.25 -3499.92 -4207 -4896.25 -5570.1 -6230.66 -6872.07 -7499.38 -8108.61 -8707.38 -9289.28 -9858.94 -10417.3 -10955.2 -11474.6 -11973.6 -12450.8 -12918.1 -13370.8 -13797.9 -14196.4 -14570 -14922.4 -15266.9 -15588.2 -15870.6 -16128.2 -16366.6 -16577 -16774.2 -16945.8 -17100.5 -17230.5 -17340.7 -17432 -17506.3 -17556.2 -17598.5 -17636.1 -17668.3 -17688.7 -17696.8 -17707 -17711.2 -17705.4 -17700.1 -17715.7 -17740.4 -17755.1 -17761 -17753.4 -17736 -17726.4 -17723.3 -17721.4 -17706.4 -17675.9 -17628 -17559.9 -17468.3 -17351.3 -17198.7 -17018.4 -16814.9 -16601.6 -16377.4 -16138 -15874.5 -15594 -15282.4 -14933.8 -14549.2 -14149.2 -13723.2 -13274.2 -12797.6 -12305 -11788.3 -11244.5 -10676.7 -10100.5 -9516.06 -8916.74 -8310.44 -7688.96 -7047.82 -6391.21 -5715.76 -5026.11 -4320.44 -3599.02 -2856.17 -2104.11 -1341.56 -572.357 199 
100 -633.41 -1366.82 -2099.5 -2824.26 -3543.58 -4258.98 -4964.21 -5648.23 -6308.7 -6947.91 -7573.98 -8186.07 -8785.16 -9370.66 -9941.92 -10499.3 -11036.8 -11559 -12063.6 -12546.8 -13012.7 -13463 -13890.4 -14287.5 -14654.3 -15010.8 -15349.2 -15666.9 -15957.3 -16218.3 -16459 -16678.8 -16875.3 -17045.7 -17193.1 -17326.4 -17440.9 -17532.5 -17599.1 -17654.4 -17695.6 -17724.3 -17749.2 -17774.7 -17798.4 -17814.9 -17819.1 -17812.2 -17790.1 -17784.6 -17794.7 -17802.2 -17801.3 -17787.8 -17767.4 -17754.3 -17745.7 -17728.9 -17706.9 -17677.5 -17625 -17551.8 -17458.2 -17336.8 -17189.4 -17016.2 -16817.9 -16600.7 -16370.3 -16122.7 -15854.2 -15562.4 -15253.3 -14906.4 -14534.5 -14127.5 -13696.6 -13242.4 -12771.3 -12291.2 -11787.6 -11260 -10710.4 -10142.2 -9555.63 -8959.02 -8347.78 -7723.46 -7075.87 -6413.61 -5737.12 -5035.47 -4326.12 -3603.58 -2862.11 -2110.78 -1345.52 -574.781 199 
100 -631.744 -1358.76 -2080.53 -2796.58 -3505.02 -4211.94 -4901.12 -5576.98 -6239.68 -6883.78 -7516.19 -8128.87 -8728.72 -9315.38 -9888.25 -10449.1 -10990 -11512 -12013.5 -12494.1 -12963.9 -13420.9 -13851.8 -14248.6 -14619.2 -14971.7 -15317.6 -15640.2 -15925.1 -16184.8 -16425.3 -16641.6 -16840.7 -17013.7 -17170.8 -17301.5 -17413.7 -17505.2 -17580.6 -17637 -17682.3 -17718.3 -17742.9 -17752.5 -17759.5 -17770.4 -17774 -17768.3 -17763.7 -17776.4 -17801.5 -17818.1 -17822.9 -17809.8 -17786.4 -17772.5 -17765.9 -17763.5 -17751.7 -17721.5 -17669 -17594.9 -17497.8 -17376.9 -17224 -17041.5 -16837.9 -16624.5 -16399.4 -16158.3 -15892.3 -15608.5 -15298.8 -14953.7 -14573 -14174.2 -13752 -13305.4 -12830.3 -12335.6 -11816.6 -11275.1 -10711.1 -10136.5 -9552.97 -8958.14 -8355.8 -7734.37 -7090.8 -6432.06 -5750.78 -5059.56 -4349.6 -3624.87 -2875.55 -2120.38 -1353.5 -578.245 199 
100 -633.852 -1367.7 -2100.45 -2826.58 -3546.6 -4262.76 -4967.58 -5652.38 -6313.15 -6952.32 -7576.5 -8185.82 -8784.94 -9367.35 -9935.25 -10487.5 -11022.4 -11541.5 -12043.4 -12526.9 -12993.9 -13444.9 -13869.9 -14266.4 -14632.7 -14989 -15328 -15645.8 -15937.6 -16202.5 -16445.4 -16665.7 -16863.8 -17035.3 -17183.9 -17319.3 -17435.5 -17526.2 -17593.1 -17648.7 -17692.3 -17720.7 -17745.2 -17770.4 -17793.1 -17809.2 -17815.2 -17806.4 -17787.3 -17778.5 -17789.3 -17793.2 -17791.9 -17773.4 -17749 -17736 -17727.1 -17710.3 -17690.2 -17660.9 -17610.9 -17540.5 -17447.4 -17326.4 -17182.6 -17011 -16814.2 -16597.9 -16368 -16122.2 -15855.4 -15564 -15256.9 -14910.5 -14539.3 -14134.6 -13706.2 -13252 -12782.1 -12303.2 -11800.8 -11273.8 -10722.8 -10153.6 -9569.66 -8974.95 -8363.61 -7738.97 -7091.8 -6429.85 -5749.97 -5047.79 -4336.23 -3611.19 -2867.85 -2113.42 -1348.08 -577.109 199 
100 -634.437 -1364.95 -2088.7 -2806.12 -3513.31 -4218.41 -4908.2 -5585.25 -6247.74 -6891.22 -7521.48 -8136.42 -8737.02 -9327.86 -9905.17 -10470 -11015.7 -11540.8 -12044.1 -12522.3 -12988.7 -13441.8 -13868.4 -14264.3 -14632.2 -14981.8 -15325.5 -15647.3 -15932.3 -16190 -16426.3 -16640.7 -16833.1 -16999.7 -17151.7 -17281.7 -17397 -17489.1 -17566.6 -17624.5 -17671.1 -17710.3 -17736.6 -17744.6 -17751.7 -17760.9 -17760.5 -17747.8 -17738.4 -17748 -17773.8 -17790.7 -17799.6 -17787.6 -17767.8 -17756.3 -17751.1 -17751.4 -17742.8 -17713.6 -17661.5 -17590.8 -17496.6 -17376.6 -17224 -17038.7 -16832.4 -16617.6 -16391.7 -16148.7 -15888.4 -15605.9 -15297.4 -14951.5 -14570.9 -14167.2 -13745.1 -13299.3 -12821.6 -12322.1 -11800.5 -11257.4 -10693.9 -10121.9 -9541.38 -8949.99 -8349.93 -7729.1 -7085.45 -6428.65 -5746.38 -5054.69 -4346.13 -3623.19 -2877.09 -2122.69 -1354.52 -578.647 199 
100 -638.758 -1377.42 -2112.23 -2841.31 -3563.58 -4281.59 -4989.11 -5678.91 -6344.07 -6988.36 -7616.56 -8230.4 -8836.13 -9423.65 -9997.57 -10553.5 -11094.6 -11617.6 -12121.3 -12606 -13072.4 -13522 -13944.3 -14340.8 -14705.9 -15060.8 -15399.4 -15716 -16010 -16276.5 -16519.3 -16738.5 -16936 -17109.2 -17257.4 -17392.5 -17508.8 -17597.1 -17663.4 -17718.2 -17760.3 -17787.7 -17810 -17833.6 -17853.6 -17868.1 -17873.8 -17863.4 -17843.6 -17831.8 -17847.1 -17851.1 -17849.5 -17830.6 -17804.4 -17790.8 -17781.1 -17765.3 -17747.8 -17718 -17665.1 -17594.6 -17501.9 -17382.6 -17240.9 -17069.6 -16874.3 -16657.9 -16427.9 -16181.8 -15914.3 -15622 -15313.3 -14963.7 -14587.4 -14182.1 -13752 -13298.7 -12828.2 -12345.7 -11839.1 -11307.6 -10755.6 -10184.9 -9603.17 -9009.09 -8396.7 -7770.06 -7122.69 -6458.78 -5777.78 -5074.26 -4359.23 -3629.81 -2882.08 -2123.4 -1355.41 -580.86 199 
100 -638.754 -1372.71 -2100.52 -2821.55 -3532.39 -4239.98 -4935.19 -5617.72 -6284.32 -6932.08 -7564.52 -8183.02 -8787.18 -9383.46 -9965.09 -10531.9 -11081.8 -11613 -12119.4 -12604 -13072.2 -13526.2 -13955 -14352.9 -14722 -15075.8 -15423.7 -15747.4 -16034.3 -16289.3 -16522 -16735.7 -16924.7 -17091 -17236.6 -17364.5 -17479.3 -17573.7 -17651.7 -17709.1 -17755.6 -17798.1 -17828 -17837.6 -17845.8 -17855.4 -17856.3 -17847.6 -17841.9 -17851.8 -17878.8 -17896.8 -17908.5 -17897.4 -17878.6 -17869.2 -17866.9 -17866.9 -17855.5 -17823.3 -17770.5 -17696.8 -17602.7 -17484.1 -17333.8 -17149.3 -16943.4 -16725.9 -16497.6 -16253.9 -15996 -15713.2 -15404.6 -15057.7 -14675.5 -14270.1 -13846.4 -13398.2 -12915.6 -12409.9 -11883.1 -11335.7 -10769.1 -10193.1 -9608.21 -9013.05 -8409.63 -7783.25 -7137.39 -6477.06 -5792.99 -5097.95 -4384.51 -3655.54 -2905.86 -2146.31 -1370.03 -586.273 199 
100 -643.478 -1386.96 -2126.84 -2861.22 -3585.88 -4305.47 -5014.7 -5707.89 -6374.27 -7020.52 -7650.01 -8265.22 -8873.99 -9463.85 -10040.3 -10597.1 -11143.8 -11673.1 -12180.8 -12666.7 -13138.6 -13590.3 -14014.6 -14413.2 -14779.8 -15137 -15477.6 -15790.9 -16083.5 -16348.4 -16591.1 -16809.1 -17003.6 -17178.4 -17325.2 -17459.8 -17577.8 -17663.7 -17733.8 -17790.6 -17833.8 -17862.8 -17884.8 -17909.8 -17929.7 -17944.3 -17949.5 -17938.9 -17925 -17916.4 -17937 -17945.5 -17946.7 -17929.9 -17903.5 -17888.8 -17878.5 -17862.9 -17845.7 -17812.4 -17758.2 -17683.1 -17586.3 -17465.8 -17321.5 -17145.1 -16946.9 -16728.6 -16497.6 -16251.8 -15983.4 -15689.9 -15378.9 -15026 -14643.7 -14238.2 -13809.1 -13356.3 -12885.8 -12400.9 -11893.1 -11359.3 -10801.4 -10225 -9638.86 -9041.24 -8424.69 -7792.9 -7142.45 -6473.28 -5792.87 -5091.04 -4375.56 -3641.77 -2891.24 -2130.92 -1362.15 -584.842 199 
100 -644.951 -1382.89 -2112.43 -2834.29 -3546.42 -4256.04 -4953.97 -5638.55 -6307.29 -6956.76 -7590.19 -8212.46 -8820.65 -9421.53 -10010.3 -10580.9 -11136.5 -11673.5 -12182.4 -12670 -13141.7 -13599.3 -14030.3 -14428.4 -14798 -15150.7 -15496.2 -15819.7 -16108.3 -16362.1 -16593.7 -16809.3 -17000.4 -17168.8 -17313.9 -17444 -17561.1 -17658.5 -17737.6 -17797.6 -17843 -17884.4 -17913 -17924.2 -17934.2 -17944.3 -17943 -17933.2 -17927.1 -17935.9 -17960.7 -17976.3 -17989.8 -17977 -17956.9 -17943.9 -17938.7 -17936.5 -17924.1 -17891.5 -17841 -17766.5 -17671.5 -17552 -17400.1 -17209.3 -17001.7 -16781.2 -16549.9 -16304.2 -16044.8 -15763.1 -15454.6 -15105.7 -14715 -14303 -13874.3 -13417.7 -12934.3 -12428.3 -11905.1 -11355.4 -10789.7 -10212.4 -9626.69 -9027.2 -8421.5 -7794.19 -7146.79 -6482.96 -5799.09 -5101.22 -4386.69 -3654.4 -2904.25 -2143.7 -1368.52 -585.868 199 
100 -647.768 -1395.54 -2140.18 -2878.63 -3609.01 -4332.56 -5045.67 -5741.07 -6410.92 -7062.06 -7694.98 -8314.72 -8928.47 -9523.59 -10105.9 -10666.7 -11219 -11754.8 -12265.4 -12754.7 -13231.7 -13684.9 -14113.3 -14515.6 -14883.5 -15241.3 -15584.1 -15900.1 -16192.9 -16460.1 -16705.1 -16925.4 -17119.3 -17295.8 -17442.1 -17577.8 -17696.8 -17783.7 -17855.3 -17915.7 -17962.4 -17990.7 -18009.2 -18030 -18043 -18053.8 -18056.8 -18044.2 -18028.5 -18019.1 -18037.1 -18044.7 -18043.7 -18026.2 -17998.7 -17982 -17969.4 -17952.8 -17931.2 -17891.8 -17833.8 -17753.3 -17654.7 -17534.3 -17387.3 -17210.6 -17008.7 -16786.1 -16551.1 -16302.7 -16033.2 -15736.1 -15422.6 -15071.7 -14689.2 -14282.9 -13852.1 -13398.9 -12927.1 -12434.9 -11921.8 -11383.2 -10822.6 -10244.2 -9657.45 -9061.76 -8442.31 -7807.88 -7153.85 -6484.93 -5802.99 -5100.96 -4385.91 -3650.18 -2897.78 -2135.8 -1365.8 -586.379 199 
100 -646.658 -1386.48 -2119.88 -2845.16 -3560.81 -4271.2 -4971.76 -5656.78 -6325.18 -6975.89 -7610.46 -8237.12 -8849.06 -9453.91 -10045.4 -10618.3 -11174.9 -11712.3 -12216.2 -12699 -13166.4 -13620.4 -14051.2 -14453.6 -14823.5 -15177.2 -15522.8 -15847.5 -16138.2 -16390.4 -16623.1 -16841.1 -17037.2 -17209.2 -17358 -17489.6 -17609.3 -17708.9 -17788.9 -17850.3 -17897.5 -17939.2 -17966.3 -17977.6 -17988.8 -18001.6 -18003.8 -17998.3 -17994.1 -18004.9 -18032.2 -18050.9 -18065 -18049.9 -18028.2 -18012.8 -18002.9 -17993.8 -17973.7 -17936.9 -17884.1 -17808.9 -17712.9 -17593.7 -17441.1 -17247.2 -17037.4 -16810.3 -16574.9 -16330.8 -16071.7 -15791.1 -15483.3 -15136.6 -14741.2 -14325.5 -13892.5 -13427.5 -12935.1 -12426.6 -11903 -11352.8 -10790.6 -10217.2 -9636.4 -9039.69 -8432.12 -7802.12 -7152.11 -6485.1 -5800.82 -5102.63 -4389.94 -3657.85 -2909.51 -2149.65 -1372.09 -587.202 199 
100 -652.41 -1404.82 -2154.62 -2897.34 -3633.57 -4358.81 -5072.65 -5769.47 -6444.14 -7100.07 -7740.58 -8368.53 -8989.35 -9590.05 -10178.5 -10745.3 -11303.4 -11845.9 -12359.4 -12853.5 -13331.9 -13784.6 -14214.4 -14618.9 -14989.8 -15348.5 -15693.7 -16013.5 -16307 -16576.7 -16824.2 -17047.3 -17243.7 -17420.4 -17566.4 -17703 -17821.1 -17908.7 -17979 -18040.2 -18087.2 -18116.5 -18138.8 -18162.5 -18174.1 -18183.7 -18188.7 -18178.5 -18163.2 -18157.1 -18173.9 -18184.8 -18185.3 -18167.7 -18142.2 -18127.1 -18114 -18096.8 -18072.7 -18027.8 -17962.8 -17878 -17775.7 -17650.8 -17498.3 -17319.7 -17119.3 -16893.3 -16655.4 -16403.3 -16132.6 -15836.7 -15515.7 -15157.7 -14767.8 -14357.3 -13922.8 -13464.9 -12989.4 -12492.6 -11974.1 -11431.8 -10865.6 -10282.6 -9691.61 -9092.07 -8472.24 -7836.93 -7180.73 -6510.19 -5825.31 -5121.61 -4404.21 -3666.81 -2913.75 -2148.63 -1374.44 -590.533 199 
100 -652.227 -1395.67 -2134.03 -2864.46 -3584.1 -4299.08 -5006.91 -5696.76 -6370.45 -7026.79 -7665.94 -8294.27 -8907.48 -9514.54 -10109.3 -10685.2 -11247.5 -11792.6 -12302.4 -12793.7 -13264.4 -13720.5 -14153.8 -14559.8 -14931 -15286.6 -15632.6 -15958.3 -16251.7 -16503.6 -16737.3 -16957.7 -17156.9 -17330.2 -17481.4 -17615.4 -17738.1 -17840.3 -17922.1 -17984.8 -18032.6 -18073.1 -18101.9 -18114.8 -18127.8 -18144.7 -18150.3 -18150.7 -18153.9 -18170.2 -18195.4 -18208.1 -18216.4 -18200.6 -18178.8 -18160.5 -18148.7 -18135.2 -18111.1 -18072.8 -18017.6 -17940.4 -17840.1 -17717.6 -17564.2 -17368.4 -17159 -16928.6 -16692.1 -16447.8 -16182 -15893.9 -15580.9 -15229.5 -14830.2 -14411.2 -13975.4 -13507.9 -13012.8 -12503.3 -11976.9 -11423.5 -10858.4 -10281.6 -9697.68 -9097.5 -8484.64 -7849.66 -7196.21 -6524.26 -5835.05 -5132.68 -4415.28 -3679.8 -2926.96 -2161.73 -1380.04 -590.782 199 
100 -656.326 -1412.65 -2166.77 -2913.01 -3653.06 -4382.5 -5098.09 -5796.84 -6475.79 -7136.78 -7783.85 -8416.38 -9039.93 -9645.49 -10238 -10810.7 -11370.6 -11916.6 -12433.8 -12932.3 -13406.6 -13857.1 -14284.4 -14686.2 -15056.8 -15413.2 -15758.6 -16081.5 -16382.4 -16662 -16913.7 -17137.2 -17332.8 -17510.5 -17656.3 -17792.8 -17910.7 -17999.3 -18070.6 -18132.5 -18180.1 -18209 -18231.8 -18256.2 -18270.2 -18283.4 -18291 -18283.3 -18271.8 -18271.2 -18287.8 -18299.4 -18297.5 -18281.6 -18258.2 -18241.1 -18226.3 -18210.2 -18186.8 -18141.9 -18070.6 -17978.4 -17869.4 -17736.2 -17578 -17398.5 -17197.1 -16969.2 -16730.9 -16476.1 -16205.5 -15904.5 -15577.7 -15212.5 -14815.2 -14397.7 -13958.3 -13495.2 -13017.3 -12515.7 -11991.9 -11445.5 -10875.2 -10291.3 -9701.71 -9101.83 -8482.85 -7845.93 -7189.53 -6518.26 -5830.23 -5126.22 -4408.41 -3669.35 -2915 -2148.37 -1373.03 -589.619 199 
100 -659.361 -1411.87 -2160.02 -2900.22 -3629.09 -4351.84 -5068.6 -5765.11 -6443.04 -7105.91 -7751.29 -8382.47 -8996.58 -9602.6 -10193.6 -10766.1 -11325.9 -11865.8 -12375.5 -12868.7 -13335.8 -13787.2 -14219.8 -14626.6 -15000 -15358.3 -15707.9 -16036.2 -16331.8 -16583.1 -16817.3 -17039.8 -17244.4 -17420.2 -17575.9 -17709.3 -17831.9 -17939.8 -18022.9 -18085.5 -18135.4 -18176.3 -18207.8 -18223.4 -18235.2 -18253.7 -18261.6 -18266.7 -18271.2 -18289.1 -18311.9 -18322.2 -18326.9 -18311.8 -18291.3 -18272.1 -18260.1 -18242.7 -18215.5 -18169.5 -18104 -18020.4 -17913.6 -17784.8 -17628.7 -17432 -17221.6 -16990.6 -16754.9 -16511.3 -16245.8 -15957.6 -15643.9 -15289.6 -14888.8 -14469.9 -14035 -13565.6 -13066.5 -12551.3 -12018.1 -11459.3 -10890.1 -10310.8 -9725.26 -9123.08 -8506.69 -7868.8 -7212.59 -6536.4 -5841.29 -5136.14 -4418.24 -3685.54 -2932.32 -2166.43 -1384.59 -592.863 199 
100 -666.414 -1432.83 -2197.01 -2953.16 -3702.92 -4441.65 -5165.02 -5872.07 -6561.12 -7233.2 -7888.34 -8528.72 -9158.01 -9771.83 -10370.3 -10949.7 -11514.9 -12065 -12583.8 -13083.7 -13558.8 -14013.1 -14442.5 -14844.2 -15219 -15580.5 -15930.3 -16258.9 -16562.5 -16846.1 -17102.2 -17328.7 -17529.3 -17710.6 -17864 -18006.4 -18129.6 -18225.9 -18301.4 -18367.4 -18418.5 -18454.1 -18484.1 -18513.8 -18533.7 -18553.6 -18563.8 -18558.2 -18548.4 -18550.3 -18563.7 -18574.9 -18571.1 -18556.3 -18532.4 -18515.1 -18501.8 -18485.5 -18461.4 -18412.7 -18334.9 -18239 -18123.7 -17978.7 -17810 -17621.5 -17413.3 -17178.6 -16933.8 -16669.5 -16390.5 -16079.7 -15746 -15375.9 -14978 -14555.5 -14108.3 -13632.4 -13144.6 -12636.5 -12108.4 -11557.9 -10983.8 -10395.1 -9798.28 -9189.79 -8565.27 -7921.95 -7259.13 -6581.83 -5885.68 -5174.97 -4450.99 -3705.51 -2944.09 -2171.09 -1388.34 -597.184 199 
100 -667.422 -1426.05 -2179.6 -2924.14 -3660.14 -4391.12 -5116.82 -5821.92 -6507.05 -7179.7 -7834.21 -8472.21 -9094.3 -9706.49 -10304 -10885.4 -11453.5 -12000.5 -12516.8 -13014.8 -13485.2 -13938.7 -14373.4 -14782.4 -15164 -15526.8 -15881.4 -16220 -16525.9 -16787.8 -17029 -17259.7 -17470.9 -17655.8 -17818 -17957.7 -18084.8 -18197.8 -18285.7 -18354.5 -18409.4 -18455.8 -18491.2 -18509.8 -18518.3 -18536.6 -18545.3 -18548.8 -18550.1 -18566.2 -18586 -18592.2 -18593.2 -18581.5 -18560.5 -18541.9 -18529.8 -18508.9 -18477.7 -18426.2 -18354.2 -18265.3 -18155.1 -18019.7 -17857 -17654.1 -17434.7 -17196.3 -16953.8 -16704 -16431.1 -16135.3 -15813.3 -15455.1 -15051.8 -14629.3 -14188.1 -13717 -13217.5 -12700.1 -12164.1 -11599.1 -11023.8 -10439.2 -9846.98 -9237.83 -8606.9 -7961 -7293.67 -6609.43 -5906.83 -5193.11 -4465.02 -3722.55 -2960.97 -2186.56 -1398.4 -599.702 199 
100 -668.441 -1436.88 -2202.83 -2960.66 -3711.75 -4447.1 -5168.49 -5872.34 -6560.83 -7233.26 -7889.8 -8532.28 -9163.23 -9780.12 -10379.3 -10962.3 -11531.7 -12080.4 -12599.1 -13097.8 -13566.9 -14018.9 -14448.8 -14851.1 -15228.1 -15590.3 -15939.3 -16273.9 -16582.1 -16870.4 -17131 -17357.8 -17563.8 -17749.5 -17908.6 -18052.5 -18176.7 -18277.3 -18358.3 -18429.1 -18484.2 -18525.3 -18555.7 -18585 -18604.7 -18622.7 -18631 -18618.8 -18604.1 -18603 -18611 -18618.7 -18610.4 -18592.4 -18566.1 -18549 -18530 -18507.5 -18480.2 -18427.2 -18344.4 -18245.4 -18125.3 -17978.1 -17809.6 -17622.1 -17417.3 -17182.5 -16938 -16672.6 -16393 -16083.6 -15747.2 -15377.1 -14984 -14564.6 -14120.7 -13644.4 -13154.9 -12646.1 -12118 -11568.7 -10995.5 -10408.5 -9809.81 -9199.7 -8575.91 -7932.68 -7269.9 -6592.28 -5893.9 -5180.33 -4454.19 -3709.51 -2947.3 -2174.4 -1390.65 -598.246 199 
100 -666.893 -1425.72 -2179.31 -2923.03 -3658.54 -4389.44 -5115 -5821.14 -6505.31 -7178.75 -7837.6 -8474.99 -9093.58 -9702.13 -10298.2 -10877.8 -11444.9 -11990.8 -12508.8 -13009.3 -13484.8 -13942.1 -14377.9 -14785.7 -15169 -15534.5 -15892.2 -16233.6 -16538.3 -16799.3 -17038.6 -17269.4 -17480.7 -17664.1 -17823.5 -17962.2 -18089.9 -18204.5 -18291.6 -18360.2 -18414.6 -18462.8 -18497.3 -18515.2 -18518.2 -18534.6 -18544.7 -18550.6 -18554.2 -18569.4 -18589.3 -18597.7 -18597.5 -18589.9 -18570.8 -18555.7 -18546.5 -18527.6 -18500.1 -18448 -18374.1 -18283.9 -18176.6 -18044.4 -17881 -17676.4 -17453.9 -17215.1 -16971.9 -16721.6 -16446.4 -16147.1 -15817.1 -15460.3 -15068.4 -14653.3 -14215.2 -13748.2 -13253.6 -12740.5 -12208.7 -11646.1 -11067.4 -10477.4 -9879.09 -9263.18 -8629.43 -7983.2 -7313.17 -6629.55 -5924.84 -5210.34 -4479.23 -3732.1 -2964.82 -2187.9 -1399.46 -600.231 199 
100 -672.93 -1445.86 -2214.11 -2973.18 -3725.7 -4465.62 -5193.46 -5901.26 -6592.42 -7268.94 -7929.92 -8579.28 -9214.37 -9834.3 -10431.5 -11013.8 -11585.7 -12136.5 -12660.3 -13160.7 -13629.3 -14081.1 -14513 -14918.1 -15301.4 -15669.7 -16019.8 -16354.1 -16660.1 -16946.1 -17204.9 -17427 -17629.3 -17813.3 -17972 -18115.8 -18245.8 -18353.7 -18442.1 -18514.6 -18570.3 -18612.6 -18642.8 -18669.8 -18689 -18704.5 -18711.4 -18699.8 -18686.2 -18685 -18692.2 -18699.1 -18690 -18672 -18648.2 -18633 -18614.9 -18595.2 -18567.1 -18510.9 -18424.2 -18323.5 -18203.4 -18055.4 -17881.5 -17688.5 -17480.3 -17241.6 -16989.5 -16719 -16433 -16118.8 -15775.5 -15397.7 -15000.6 -14582.2 -14139.1 -13662.8 -13170.4 -12661.2 -12132.1 -11581 -11011.3 -10426 -9824.89 -9210.88 -8584.31 -7939.82 -7276.41 -6598.38 -5902.73 -5189.83 -4460.48 -3715.67 -2952.04 -2178.98 -1393.9 -599.805 199 
100 -673.019 -1438.9 -2199.13 -2950.4 -3694.92 -4435.28 -5168.57 -5882.84 -6573.02 -7253.07 -7919.43 -8562.69 -9186.64 -9797.82 -10395.5 -10976.9 -11548.3 -12099.7 -12627.5 -13138.7 -13626.9 -14090.4 -14525.3 -14935.2 -15320.5 -15684.2 -16038.1 -16377.1 -16681.3 -16942.6 -17180.8 -17411.9 -17624.2 -17809.8 -17975.4 -18114.9 -18239.1 -18350 -18430.9 -18499.5 -18557.2 -18608.2 -18641.8 -18661.4 -18666.8 -18685.4 -18696.9 -18701 -18703.2 -18714.3 -18727.8 -18733.6 -18731.1 -18725.3 -18709.7 -18696.3 -18688.2 -18670.3 -18638.8 -18583.1 -18503 -18407.5 -18296.3 -18158.7 -17988.5 -17778.2 -17550.5 -17309.4 -17063.4 -16809.8 -16531.1 -16226.1 -15886.2 -15517.6 -15120.3 -14698.9 -14254.6 -13785.8 -13288.6 -12772.5 -12239.6 -11675.6 -11098.4 -10511.8 -9914.99 -9294.94 -8662.33 -8018.83 -7347.53 -6661.88 -5953.33 -5236.14 -4502.49 -3750.83 -2979.87 -2197.68 -1404.74 -602.871 199 
100 -676.704 -1453.41 -2224.19 -2987.08 -3743.93 -4488.72 -5220.32 -5930.68 -6625.87 -7307.13 -7971.24 -8625.55 -9263.68 -9885.12 -10488.7 -11076.2 -11648.7 -12202.7 -12731.4 -13232.3 -13702.7 -14158.7 -14594 -15002.4 -15391 -15764.5 -16117.7 -16456.9 -16766.9 -17055.4 -17316 -17540.7 -17747.2 -17935.2 -18098.2 -18240.8 -18369.6 -18482 -18575.4 -18652 -18710.4 -18753.1 -18781.7 -18800.8 -18815.1 -18824 -18826.6 -18811.7 -18797.2 -18794.7 -18800.9 -18808.1 -18803.8 -18787.1 -18763.2 -18746.8 -18723.7 -18697.4 -18665.3 -18607.6 -18518.3 -18411.4 -18280.7 -18123.9 -17941.8 -17742.2 -17528.5 -17291.5 -17038.8 -16767.5 -16478.8 -16163.3 -15817.4 -15437.2 -15037.8 -14617.6 -14172.4 -13697.6 -13205.1 -12697 -12167.2 -11615.4 -11047.3 -10460.2 -9856.55 -9239.14 -8610.79 -7964.04 -7296.04 -6617.52 -5921.24 -5206.39 -4475.54 -3729.59 -2963.85 -2186.64 -1399.56 -602.108 199 
100 -675.276 -1444.51 -2207.36 -2963.9 -3713.39 -4456.39 -5192.41 -5909.08 -6600.58 -7280.18 -7944.3 -8586.15 -9212.65 -9825.47 -10425.9 -11012.2 -11587.5 -12141.5 -12669.9 -13180.1 -13673.8 -14147.5 -14588.1 -14999.7 -15385.8 -15752.8 -16109 -16452.1 -16759.1 -17023.4 -17264 -17497.1 -17712.4 -17901.2 -18070.4 -18213 -18339.6 -18451.7 -18534 -18604.9 -18665.3 -18717.7 -18752.6 -18775.7 -18786.9 -18802.9 -18814.4 -18818 -18818.6 -18825.9 -18838.6 -18841.4 -18839.2 -18830.4 -18810 -18790.9 -18779.2 -18760.8 -18730.6 -18677.1 -18595.8 -18498.5 -18384.9 -18243.1 -18068.7 -17857.7 -17628.4 -17383.9 -17133.4 -16875.8 -16593.5 -16283 -15939.1 -15569.4 -15173.8 -14754.4 -14309.4 -13837.1 -13335.9 -12813.9 -12274 -11708 -11128.8 -10541.6 -9942.55 -9321.7 -8687.93 -8038.18 -7365.18 -6679.06 -5967.58 -5248.53 -4512.98 -3760 -2987.55 -2202.24 -1406.07 -603.536 199 
100 -677.86 -1455.55 -2226.18 -2992.35 -3753.21 -4501.1 -5232.4 -5943.21 -6639.83 -7322.34 -7986.49 -8639.94 -9277.02 -9897.46 -10502.4 -11093.2 -11669.3 -12227.7 -12758.5 -13256.8 -13726.9 -14184.7 -14622.8 -15034.5 -15428.8 -15807 -16161.6 -16497.4 -16804.8 -17088.1 -17342.9 -17570.4 -17780.5 -17969.2 -18133.2 -18273.8 -18404.4 -18518.9 -18613.7 -18690.9 -18750.9 -18792.8 -18819.9 -18834.9 -18847.6 -18853.6 -18854.8 -18842.7 -18831.6 -18830.2 -18834.7 -18839.2 -18836.7 -18822 -18796.7 -18781.4 -18760 -18735.8 -18701.1 -18641.9 -18555.8 -18450.2 -18319.6 -18164.4 -17984 -17786.4 -17571.6 -17334.4 -17076.5 -16800.4 -16508.1 -16193.4 -15852.4 -15476.7 -15082.6 -14668.2 -14224.1 -13751.3 -13259.8 -12750.4 -12218.5 -11663.3 -11096.3 -10507.2 -9900.31 -9279.94 -8650.55 -8002.75 -7335.12 -6655.02 -5957.22 -5236.73 -4501.11 -3750.64 -2980.09 -2199.22 -1406.71 -603.874 199 
100 -676.61 -1447.85 -2212.4 -2971.27 -3722.51 -4467.32 -5205.55 -5922.93 -6615.67 -7296.73 -7961.63 -8603.09 -9230.46 -9844.27 -10445.5 -11033 -11610.2 -12166.7 -12698.1 -13209.3 -13704 -14181.2 -14622.8 -15034.5 -15423.7 -15795.4 -16156.1 -16502.9 -16812 -17077.6 -17314.1 -17542.2 -17752.2 -17941.5 -18117.5 -18268.9 -18394.7 -18505.8 -18582.9 -18645.4 -18701.8 -18748.7 -18777.2 -18800.6 -18813.1 -18826.2 -18840 -18848.4 -18851.7 -18859.6 -18872.4 -18874.9 -18875.4 -18867 -18847.6 -18831 -18820.4 -18801.2 -18771.2 -18717.8 -18638.9 -18543.2 -18431.2 -18293.8 -18123 -17915.9 -17690.9 -17448.1 -17197.7 -16940.4 -16659.3 -16348.8 -16005.4 -15633.5 -15238.7 -14818.8 -14372 -13896.4 -13392.4 -12867.3 -12320.9 -11753.9 -11175.2 -10589.5 -9987.14 -9365.21 -8731.86 -8079.2 -7407.96 -6721.12 -6006.04 -5282.23 -4540.43 -3782.49 -3005.66 -2215.51 -1415.09 -608.046 199 
100 -681.329 -1461.88 -2235.14 -3004.78 -3768.85 -4518.19 -5252.79 -5966.58 -6666.97 -7353.11 -8020.2 -8677.69 -9319.18 -9941.13 -10548.1 -11141 -11718.5 -12281.6 -12816.4 -13314.9 -13790.5 -14248.7 -14686.5 -15096.2 -15489.2 -15870.6 -16231.2 -16569.4 -16879.7 -17169.2 -17424.4 -17652.2 -17862.7 -18054.6 -18219.1 -18360.8 -18495.2 -18613.2 -18709.9 -18789 -18852.9 -18899.3 -18930.6 -18947 -18963 -18970.1 -18974.6 -18969.1 -18966 -18970.8 -18975.8 -18981.2 -18982.1 -18968.8 -18945 -18931.1 -18911.6 -18889.1 -18854.7 -18796.7 -18714.1 -18612.1 -18479.6 -18321.7 -18139 -17941.2 -17726.8 -17492.2 -17235.1 -16959.8 -16664.7 -16349.4 -16003.6 -15620.7 -15218.3 -14796.4 -14346.8 -13866.2 -13366.9 -12854.9 -12319.2 -11758.6 -11185.7 -10591.7 -9982.09 -9356.2 -8720.28 -8066.31 -7393.28 -6703.78 -5999.45 -5276.7 -4535.46 -3779.91 -3004.89 -2218.53 -1417.34 -609.17 199 
100 -682.003 -1458.85 -2229.82 -2995.19 -3752.08 -4502.89 -5247.65 -5969.57 -6667.71 -7354.13 -8024.48 -8675 -9311.86 -9930.87 -10535.5 -11129 -11712 -12268.8 -12802.1 -13314.2 -13813 -14297 -14745.2 -15160.7 -15555.7 -15930.7 -16293.4 -16639.6 -16949.9 -17216.1 -17452.9 -17683 -17895 -18086.2 -18265.6 -18423.9 -18553.6 -18666.4 -18744.9 -18807.5 -18864 -18908.8 -18933.9 -18955 -18966.3 -18979.1 -18992.5 -19000.5 -19004.3 -19012.1 -19022.9 -19027.1 -19031.1 -19023.9 -19006.2 -18992.9 -18982.4 -18967.2 -18941.4 -18888.8 -18809.9 -18709.2 -18587 -18440.5 -18260.8 -18050.6 -17823.9 -17579.8 -17324.9 -17062.7 -16775.1 -16457.2 -16108.2 -15732.6 -15330.8 -14907.9 -14458.4 -13980 -13473.9 -12948.4 -12398.6 -11830.2 -11248.4 -10658.6 -10051.4 -9426.49 -8787.56 -8127.79 -7451.11 -6757.34 -6039.73 -5311.28 -4562.32 -3803.04 -3023.19 -2229.29 -1425.19 -614.34 199 
100 -683.928 -1467.86 -2245.84 -3019.32 -3785.77 -4535.74 -5272.87 -5987.74 -6687.14 -7371.84 -8040.8 -8700.85 -9347.72 -9973.71 -10587.4 -11185.7 -11767.7 -12333.2 -12869.9 -13368.6 -13846.7 -14307.4 -14747.7 -15158.4 -15554.2 -15938.1 -16303.8 -16644.9 -16957.2 -17250.1 -17507.6 -17738.2 -17951.1 -18147.3 -18314.8 -18459.6 -18594 -18710.8 -18804.8 -18879.4 -18938.8 -18979.9 -19006.6 -19022 -19037.9 -19048.8 -19060.2 -19063.6 -19065.6 -19077.7 -19084.9 -19086.3 -19086 -19072.3 -19049.3 -19035.3 -19017.6 -18995.6 -18963.1 -18906.6 -18824.8 -18724.7 -18588.7 -18430.6 -18248.6 -18050.8 -17836.1 -17603 -17346.8 -17073 -16777.3 -16464.4 -16116.4 -15735.6 -15332.2 -14905.9 -14453.6 -13967.2 -13462.7 -12944.6 -12400.1 -11835.5 -11258.6 -10661.5 -10048 -9415.53 -8772.07 -8111.29 -7435.32 -6741.02 -6032.34 -5305.02 -4558.02 -3795.04 -3016.25 -2230.33 -1427.29 -615.337 199 
100 -680.337 -1455.79 -2225.79 -2989.91 -3744.18 -4493.94 -5240.08 -5962.82 -6663.68 -7352.64 -8022.85 -8676.96 -9316.67 -9937.4 -10540.7 -11133.4 -11714.2 -12269.2 -12803.1 -13312.5 -13809.8 -14296.1 -14748.1 -15166.4 -15565.7 -15944.2 -16308.5 -16654.4 -16966.8 -17234.3 -17474.1 -17705.1 -17917.3 -18110.3 -18289.9 -18451.5 -18588.5 -18706.9 -18791.8 -18859.5 -18919 -18963.1 -18986.2 -19006.6 -19015.6 -19027.5 -19039 -19044.8 -19047.7 -19055.6 -19063.7 -19066 -19071.9 -19060.8 -19040.8 -19031.4 -19025.1 -19015 -18988 -18928.7 -18848.5 -18745.8 -18621.3 -18471.8 -18290.7 -18082.4 -17856.9 -17612.9 -17357.2 -17090.6 -16798.7 -16479.1 -16129.5 -15751.5 -15348.7 -14926.6 -14479.2 -14004.5 -13501.6 -12977.9 -12426.7 -11858 -11275.8 -10683 -10073.7 -9447.75 -8806.15 -8144.86 -7466.5 -6770.91 -6052.32 -5320.72 -4570.27 -3808.52 -3029.41 -2233.98 -1427.7 -616.006 199 
100 -680.81 -1461.33 -2238.65 -3010.7 -3774.54 -4523.37 -5259.9 -5974.06 -6673.77 -7357.5 -8025.92 -8686.07 -9333.18 -9960.07 -10573.4 -11173.2 -11760.6 -12329.5 -12865 -13365.9 -13844.5 -14308.1 -14750.4 -15160.6 -15552.9 -15933.6 -16299.3 -16638.7 -16951.6 -17245.1 -17500.9 -17730.6 -17943.7 -18140.6 -18308.9 -18456.7 -18593.8 -18712.4 -18809.6 -18880.1 -18935.8 -18975.7 -18999 -19012.5 -19023.9 -19031.5 -19040.1 -19042.9 -19041.6 -19051.2 -19055.6 -19054.9 -19056.3 -19043.2 -19021 -19004.4 -18989.7 -18971.2 -18943.2 -18892.8 -18824 -18733.5 -18598.7 -18444.9 -18265.6 -18067.6 -17855.2 -17620.8 -17363.8 -17088.7 -16786.9 -16473.1 -16128.5 -15748 -15343 -14916.3 -14462 -13974.4 -13467 -12945.9 -12399.1 -11836.1 -11258.2 -10660.4 -10047.4 -9415.59 -8769.55 -8107.87 -7432.01 -6735.83 -6027.54 -5300.37 -4553.56 -3789.76 -3011.7 -2226.97 -1425.78 -615.534 199 
100 -679.669 -1453.26 -2221.85 -2985.37 -3740.43 -4490.12 -5234.41 -5954.92 -6655.92 -7343.51 -8011.62 -8667.67 -9310.83 -9934.69 -10538 -11131.9 -11714.4 -12274.2 -12809.6 -13316.7 -13811.2 -14297.6 -14750.2 -15167.7 -15566.3 -15945.2 -16310 -16655.3 -16972.9 -17250.2 -17499 -17731.1 -17941.1 -18133.7 -18310 -18469.4 -18603.6 -18718.3 -18803.4 -18870.6 -18929.1 -18973.3 -18995.6 -19014.8 -19024.2 -19036.3 -19046.4 -19050.9 -19052.3 -19060.6 -19065.7 -19064.9 -19068.8 -19055.6 -19034.8 -19024.4 -19015.9 -19003.9 -18973 -18911.1 -18832.9 -18727.7 -18599.6 -18447.8 -18265 -18055.8 -17833.1 -17591.2 -17336.4 -17065.4 -16771 -16451.6 -16103.8 -15727 -15327.8 -14905.3 -14457.5 -13984.1 -13489.8 -12971 -12420.7 -11854.1 -11274.7 -10680.6 -10067.7 -9441.09 -8799.91 -8138.36 -7457.88 -6761.85 -6043.8 -5310.11 -4558.65 -3797.47 -3020.87 -2233.32 -1428.99 -616.54 199 
100 -681.965 -1462.97 -2241.39 -3014.94 -3779.24 -4528.94 -5266.09 -5981.73 -6683.51 -7367.59 -8037.06 -8697.34 -9345.64 -9975.95 -10591.3 -11194 -11778.3 -12347.6 -12880.1 -13381.7 -13861.2 -14329.3 -14775.4 -15191.4 -15584.4 -15966.1 -16335.9 -16678.1 -16992.5 -17286.3 -17543.6 -17773.5 -17988.1 -18185.7 -18358.4 -18509.7 -18646.3 -18765.7 -18863.5 -18932.7 -18990.3 -19033 -19054.7 -19067.3 -19077.4 -19086.7 -19096.8 -19100.6 -19100.9 -19109.7 -19112.8 -19110.5 -19113.6 -19103.2 -19083.4 -19067.7 -19056.6 -19039.7 -19016.8 -18969.8 -18904.3 -18808.2 -18665.9 -18509.1 -18327.9 -18128.7 -17915.1 -17675.6 -17415.1 -17139.8 -16836.5 -16520.7 -16173.3 -15792.6 -15386.7 -14955.7 -14495.5 -14009.7 -13504 -12981.8 -12432.9 -11868.7 -11286.3 -10686.9 -10072.6 -9436.21 -8780.37 -8111.52 -7430.97 -6731.76 -6021.79 -5292.94 -4549.27 -3787.29 -3011.25 -2227.32 -1426.53 -617.3 199 
100 -683.063 -1459.92 -2232.55 -2999.57 -3761.91 -4518.76 -5268.61 -5995.72 -6707.04 -7402.44 -8077.45 -8741.84 -9391.89 -10021.6 -10627.3 -11221.6 -11801.4 -12361.8 -12897.4 -13403 -13895.3 -14379.7 -14831.6 -15245.8 -15644.7 -16026.1 -16391.8 -16733.8 -17049.5 -17326.3 -17575.6 -17807.9 -18016.6 -18210 -18385.9 -18547.1 -18683 -18796.9 -18884.7 -18954.9 -19011.9 -19056.7 -19080.2 -19098.2 -19111.4 -19127.3 -19136.6 -19140.5 -19140.8 -19150.3 -19155.3 -19151.3 -19153.1 -19136.4 -19113.9 -19102.8 -19092.8 -19078.2 -19047.4 -18988.3 -18914.5 -18811.7 -18685.3 -18529.2 -18342.9 -18133.3 -17910.9 -17669.1 -17413.3 -17137.8 -16838.7 -16520.2 -16174.9 -15804.9 -15410.3 -14984.4 -14531.3 -14054.2 -13557.7 -13035 -12481 -11909.2 -11325.2 -10726.7 -10113 -9483.95 -8840.48 -8176.35 -7489.13 -6787.44 -6065.43 -5325.5 -4572.11 -3809.78 -3032.85 -2245.93 -1439.59 -621.466 199 
100 -684.897 -1468.2 -2249.45 -3026.25 -3791.88 -4545.23 -5281.98 -5996.99 -6698.51 -7379.95 -8043.98 -8699.21 -9347.79 -9981.37 -10595.2 -11198.8 -11781.5 -12349.8 -12880.2 -13378.1 -13854.9 -14321.1 -14766.6 -15183.3 -15575.8 -15957.4 -16327.2 -16669.1 -16980.9 -17273.7 -17533.6 -17762.7 -17977.4 -18177.3 -18357.2 -18514.6 -18655.9 -18773.9 -18868.4 -18936.4 -18992 -19032.8 -19048.7 -19059.5 -19067.3 -19078.8 -19091.7 -19102 -19105.1 -19114.3 -19118.1 -19116.8 -19121.3 -19113.4 -19094.1 -19077.3 -19067.8 -19049.6 -19027 -18980.5 -18917.4 -18819.7 -18679.8 -18525.9 -18344.8 -18146.6 -17932.5 -17693.4 -17434 -17160.6 -16858.4 -16541.9 -16194.9 -15816.1 -15414.6 -14983.7 -14523.1 -14037.7 -13532.1 -13010.6 -12462 -11897.3 -11313.6 -10714.2 -10100.4 -9466.76 -8810.39 -8141.36 -7459.55 -6757.67 -6043.43 -5312.26 -4566.06 -3801.59 -3023.77 -2236.29 -1432.23 -620.212 199 
100 -690.391 -1474.64 -2254.91 -3029.76 -3799.84 -4565.28 -5319.82 -6052.29 -6769.1 -7468.78 -8149.04 -8819.93 -9478.05 -10116.9 -10729.4 -11329.3 -11914.2 -12479.1 -13018.2 -13525.9 -14019.5 -14501.2 -14950 -15362.8 -15759.7 -16138.7 -16498.2 -16836.6 -17147.9 -17422.9 -17668.5 -17897.2 -18102.7 -18295.7 -18469.7 -18627.3 -18763.4 -18876.1 -18964.6 -19035.3 -19089.3 -19130.9 -19154.2 -19169.7 -19179 -19191.7 -19198.7 -19200.6 -19199.2 -19207.5 -19207.9 -19201 -19201.4 -19182 -19159.6 -19148.4 -19138 -19125.4 -19094.7 -19036.5 -18961.8 -18857.6 -18728.7 -18570.9 -18382.9 -18175 -17951.7 -17709.5 -17453.2 -17174.5 -16872.6 -16552.3 -16209.3 -15844.9 -15453.3 -15028.1 -14572.1 -14089 -13584.8 -13058 -12503.9 -11930.2 -11341.6 -10735.5 -10117.5 -9487.33 -8841.42 -8176.94 -7488.02 -6785.08 -6065.61 -5326.05 -4573.29 -3812.16 -3036.15 -2248.59 -1442.05 -622.486 199 
100 -693.583 -1484.99 -2274.78 -3059.23 -3832.53 -4597.96 -5343.9 -6070.52 -6781.45 -7469.82 -8139.44 -8800.43 -9453.91 -10093.8 -10712.4 -11321.6 -11909 -12482.8 -13020.3 -13521.1 -14000.6 -14470.8 -14919.3 -15338.8 -15730.6 -16112.1 -16483 -16829.1 -17140.2 -17431.6 -17692.3 -17922.7 -18140.5 -18342.1 -18525.2 -18683.8 -18827 -18946.8 -19041.2 -19109.2 -19165.2 -19204.9 -19221.1 -19230.5 -19236.1 -19249.2 -19263.7 -19274.7 -19278.3 -19287 -19293.9 -19295 -19301 -19295.2 -19279.1 -19262.5 -19254.5 -19240.5 -19219.7 -19172.9 -19107.7 -19004.9 -18862.2 -18707.5 -18521.4 -18318.5 -18102.1 -17861.8 -17601.7 -17328 -17028.5 -16708.5 -16355.8 -15971.4 -15562.9 -15128.2 -14666.5 -14176.8 -13665.5 -13138.3 -12581.7 -12010.8 -11421 -10818.9 -10202.5 -9566.64 -8904.64 -8229.49 -7540.09 -6826.32 -6102.17 -5363.1 -4608.03 -3835.73 -3047.71 -2249.02 -1439.01 -623.155 199 
100 -695.175 -1483.14 -2267.44 -3045.33 -3817.7 -4586.55 -5343.27 -6079.53 -6797.45 -7498.78 -8184.83 -8862.14 -9524.41 -10170.1 -10787.2 -11391 -11978.9 -12548.4 -13092 -13602.5 -14100.7 -14587.6 -15040.6 -15455.3 -15855.6 -16237.8 -16597.6 -16936.9 -17252 -17536.3 -17790.8 -18027.8 -18238.3 -18434.1 -18610.9 -18770.1 -18911.8 -19028.6 -19123.8 -19198 -19251.7 -19291.4 -19315.5 -19331.4 -19344.8 -19360.1 -19368.7 -19373.2 -19374.3 -19383.1 -19383.4 -19378.3 -19380.8 -19362.3 -19341.6 -19328.8 -19321.6 -19312.2 -19281.7 -19223.7 -19148 -19045.4 -18916 -18756.1 -18563.5 -18352.3 -18127.7 -17884.9 -17629.4 -17346.8 -17042.5 -16721.3 -16374.5 -16002 -15599.5 -15165.8 -14705.2 -14215.4 -13703.8 -13167.7 -12607.7 -12031.1 -11436.6 -10826.8 -10206.2 -9572.8 -8922.91 -8255.14 -7560.48 -6850.38 -6123.74 -5376.69 -4617.31 -3846.81 -3061.67 -2266.05 -1453.05 -627.026 199 
100 -697.382 -1490.37 -2283.13 -3071.84 -3849.79 -4620.18 -5366.23 -6096.71 -6811 -7505.33 -8179.98 -8848.21 -9509.47 -10158.4 -10786.6 -11399.5 -11991.1 -12567 -13113.2 -13617.5 -14099.1 -14572.4 -15024.4 -15449.3 -15845.5 -16231.9 -16608.3 -16962 -17275.2 -17567.3 -17833 -18065.9 -18286 -18485.8 -18667.7 -18827 -18972.5 -19094.4 -19191.2 -19258.3 -19312.5 -19348.6 -19364.1 -19368.1 -19374.2 -19393.3 -19412.9 -19426 -19432.5 -19443.4 -19453.1 -19454.2 -19461.4 -19453.4 -19439.2 -19422.7 -19412.1 -19396.9 -19374 -19326.2 -19255.3 -19149.8 -19009.8 -18858.5 -18674.7 -18471.7 -18252.3 -18009.1 -17746.1 -17469 -17169.4 -16840.6 -16481.4 -16092 -15672.8 -15233.2 -14768.9 -14276.3 -13761.5 -13229 -12664.7 -12088.7 -11492 -10885.7 -10265.9 -9626.83 -8963.39 -8286.9 -7592.3 -6874.75 -6146.14 -5403.53 -4644.27 -3867.32 -3075.67 -2268.85 -1452.12 -629.503 199 
100 -697.092 -1486.17 -2271.91 -3052.07 -3826.47 -4596.61 -5357.28 -6098.55 -6819.38 -7522.93 -8213.16 -8894.39 -9559.26 -10208.9 -10829.3 -11432.4 -12022.3 -12596.9 -13146 -13661.7 -14162.6 -14653.1 -15107.9 -15524.1 -15919.1 -16298.7 -16657.6 -16998.3 -17315 -17602.2 -17859.6 -18096.5 -18308 -18504.3 -18683.2 -18845.3 -18993.1 -19115.2 -19214.3 -19293.1 -19351.1 -19393.6 -19422.8 -19438 -19452.3 -19471.1 -19479 -19485.4 -19487.6 -19494.2 -19493.4 -19487.4 -19486.2 -19464 -19441.7 -19428.4 -19419.6 -19408.3 -19374.9 -19318.6 -19242.2 -19140.1 -19008.6 -18850.3 -18655.7 -18440.1 -18212.8 -17972 -17718.8 -17435.9 -17130.5 -16810.2 -16460.4 -16081.9 -15672.6 -15234.8 -14769.7 -14276.8 -13761.5 -13222.6 -12663.8 -12090.2 -11494.8 -10884.2 -10259.9 -9621.62 -8966.73 -8296.27 -7598.01 -6883.61 -6153.6 -5403.6 -4640.68 -3868.56 -3081.5 -2281.86 -1463.35 -632.176 199 
100 -698.058 -1493.05 -2288.05 -3079.26 -3859.2 -4632.45 -5379.38 -6112.31 -6828.11 -7525.54 -8202.76 -8873.75 -9533.35 -10182.9 -10815.4 -11429.2 -12024.2 -12603 -13155 -13663.4 -14148.1 -14623.7 -15077.3 -15502.7 -15900.9 -16286.6 -16661.2 -17013 -17321.4 -17611.2 -17873.4 -18104.2 -18321.2 -18518.3 -18699.7 -18857.5 -19001.4 -19122.1 -19218.4 -19284.6 -19338.2 -19372.6 -19382.9 -19380.8 -19384.1 -19404 -19424.5 -19436.9 -19440 -19450.7 -19464.4 -19466.2 -19471.9 -19463.4 -19452.5 -19439.6 -19429.3 -19414.7 -19391.3 -19343.4 -19270.2 -19160.2 -19016.7 -18860.3 -18673.1 -18467.6 -18244.5 -17997.6 -17735.6 -17457.7 -17159.5 -16832.9 -16476.1 -16090.4 -15674.1 -15236.7 -14772.6 -14279 -13763.5 -13228.9 -12666.6 -12089.3 -11489.1 -10881.7 -10261 -9620.61 -8958.94 -8281.8 -7590.49 -6875.3 -6145.82 -5403.07 -4642.69 -3864.69 -3074.21 -2266.11 -1450.8 -629.919 199 
100 -699.077 -1490.5 -2279.54 -3062.48 -3839.55 -4611.66 -5372.16 -6114.55 -6837.94 -7542.87 -8235.96 -8919.23 -9588.57 -10242.1 -10863.1 -11464.2 -12058.6 -12636.7 -13188.1 -13708.3 -14211.2 -14699.9 -15156.8 -15573.5 -15962.8 -16335.5 -16691.4 -17027.5 -17341.4 -17628.9 -17888.7 -18124.7 -18338.3 -18533.7 -18713.5 -18874.3 -19023.1 -19145.7 -19243.9 -19323.2 -19382.7 -19419.1 -19445.9 -19455.3 -19468.4 -19486.3 -19493.2 -19496.9 -19496.5 -19499.9 -19500.3 -19492.7 -19489.2 -19466.3 -19443.9 -19429.6 -19417.8 -19402.3 -19366 -19309.5 -19230.7 -19129.6 -18999.7 -18843.3 -18649 -18431.2 -18202.8 -17963.8 -17710.5 -17427.4 -17121.2 -16800.8 -16448.5 -16070.7 -15662.2 -15226.3 -14761.4 -14270.5 -13756 -13214.5 -12655.4 -12082.1 -11489 -10881.2 -10260.2 -9624.49 -8971.2 -8300.78 -7603.69 -6888.87 -6156.78 -5406.74 -4644.31 -3872.65 -3084.62 -2284.23 -1464.47 -632.733 199 
100 -700.132 -1493.68 -2286.66 -3078.31 -3859.35 -4633.35 -5384.17 -6121.59 -6843.78 -7544.37 -8223.89 -8899.78 -9565.7 -10218.8 -10858.1 -11477.7 -12075.8 -12654.6 -13208.1 -13724.7 -14212.8 -14691.5 -15149.9 -15581 -15985.6 -16372.1 -16748.2 -17099.6 -17416.9 -17713.6 -17983.8 -18221.7 -18442 -18638.5 -18817.7 -18968.6 -19109.5 -19230.3 -19327.2 -19398.1 -19454.6 -19490 -19498.8 -19493.2 -19491 -19504 -19519.4 -19526.6 -19525.4 -19533.4 -19545.9 -19543.6 -19548.9 -19539.4 -19529.1 -19516.9 -19504.5 -19489.3 -19464.2 -19414.1 -19336.2 -19226.2 -19084.1 -18924.3 -18737.5 -18530.7 -18305.2 -18056.7 -17794.6 -17514.9 -17215.7 -16889 -16530.3 -16145.8 -15729.4 -15289.4 -14821.7 -14324.7 -13807 -13270.4 -12707.7 -12125.7 -11524.4 -10914 -10290.7 -9647.3 -8986.74 -8307.85 -7611.56 -6893.91 -6161.29 -5417.1 -4654.42 -3874.72 -3082.77 -2272.32 -1454.82 -631.427 199 
100 -702.861 -1497.69 -2290.41 -3077.86 -3858.68 -4634.15 -5398.53 -6142.75 -6867.97 -7573.47 -8270.19 -8955.77 -9628.35 -10282.9 -10913.4 -11522.8 -12123.1 -12705.2 -13259.6 -13786.4 -14295.2 -14785.6 -15248.6 -15672.1 -16062.4 -16438.5 -16796.8 -17134 -17448.5 -17736.6 -18000.8 -18240 -18454.4 -18652.1 -18833.8 -18995.8 -19145.9 -19272.7 -19375 -19458.3 -19523.1 -19565.6 -19597.7 -19611.1 -19629.3 -19649.7 -19655.5 -19655.7 -19653.4 -19652.7 -19651.7 -19643.5 -19638.6 -19615.6 -19595.3 -19583.3 -19572 -19556.1 -19520.3 -19465.7 -19387.5 -19285.4 -19153 -18996.2 -18800.9 -18579.7 -18348.5 -18107 -17851.2 -17560.7 -17247.1 -16919 -16561.1 -16179.8 -15764.4 -15318.6 -14842.8 -14342.1 -13821.4 -13273.5 -12706.1 -12125.6 -11525.8 -10913.3 -10289.7 -9652.62 -8995.07 -8321.54 -7625.15 -6907.84 -6171.18 -5418.85 -4655.54 -3881.97 -3091.28 -2287.83 -1465.8 -634.696 199 
100 -698.458 -1490.78 -2282.71 -3073.7 -3852.83 -4625.05 -5376.67 -6113.43 -6837.86 -7539.31 -8221.05 -8899.3 -9567.08 -10221.6 -10861.8 -11483.5 -12085.2 -12667.5 -13222.3 -13743.5 -14236.8 -14717.3 -15177.7 -15611.2 -16020.2 -16408.3 -16786.5 -17138.8 -17457.9 -17756 -18025.4 -18265.2 -18487 -18686.1 -18865.1 -19018.9 -19161 -19282.3 -19377.2 -19452 -19505.8 -19540.8 -19550.2 -19545.7 -19544.3 -19558.8 -19576 -19585.6 -19586.3 -19594.9 -19611.4 -19608.6 -19613.5 -19605.7 -19599.4 -19590.8 -19576.9 -19564.7 -19540.6 -19489.3 -19408.5 -19296.5 -19154.9 -18992.8 -18808.6 -18603.4 -18379.2 -18130.8 -17869.2 -17589.8 -17292.9 -16966.3 -16609.3 -16224.2 -15805.3 -15362.9 -14894.7 -14398.4 -13881.4 -13340.2 -12775 -12186.4 -11581.5 -10966.5 -10338.4 -9692.65 -9031 -8346.44 -7644.39 -6922.89 -6188.06 -5441.48 -4674.76 -3894.11 -3099.33 -2284.93 -1463.15 -634.904 199 
100 -705.518 -1502.66 -2297.94 -3088.78 -3872.27 -4651.76 -5420.84 -6167.03 -6897.3 -7607.78 -8309.75 -8995.98 -9666.77 -10319.2 -10953 -11566.2 -12167.6 -12749.5 -13304.5 -13836 -14349.9 -14839.7 -15306.4 -15732.9 -16122.5 -16499.6 -16861.1 -17201.8 -17518.4 -17808.5 -18073.4 -18315.1 -18530.8 -18730.3 -18908.4 -19067.9 -19214.4 -19341.5 -19440.6 -19526.5 -19595.5 -19642.2 -19670.6 -19679.9 -19698.4 -19717.4 -19723.7 -19722.3 -19721.8 -19721.8 -19722.1 -19714.3 -19713.6 -19694 -19674.7 -19663.6 -19650.6 -19630.9 -19595 -19536.3 -19456.7 -19354.2 -19222.4 -19062.2 -18865.6 -18645.7 -18416.5 -18176.3 -17922.3 -17629.5 -17316.1 -16982.9 -16628.5 -16248 -15832.9 -15390.8 -14916.3 -14416.9 -13894.2 -13344.7 -12775 -12191 -11589.5 -10974.1 -10346.5 -9703.64 -9038.41 -8359.09 -7656.21 -6933.67 -6192.26 -5436.77 -4671.28 -3894.44 -3100.29 -2291.23 -1467.37 -635.712 199 
100 -708.603 -1511.38 -2313.95 -3116.07 -3905.08 -4686.14 -5448.56 -6196.18 -6929.89 -7638.87 -8331.67 -9020.15 -9695.62 -10355.9 -11005.2 -11634.2 -12245.9 -12835.2 -13393.7 -13918.7 -14418 -14901.5 -15370.3 -15810.6 -16226.4 -16618.8 -16998.8 -17350.9 -17673.6 -17970.3 -18237.8 -18480.9 -18701.9 -18896.4 -19071.6 -19221.9 -19358.6 -19475.9 -19564.1 -19637.5 -19685 -19715.7 -19723.4 -19714.2 -19708.4 -19719.2 -19733.2 -19739.7 -19735.4 -19739.4 -19752.4 -19745.9 -19747.9 -19738 -19729.1 -19720.6 -19703.2 -19689.9 -19661.5 -19602 -19519.6 -19403.5 -19261 -19096.8 -18911.4 -18702.4 -18474.3 -18223.2 -17958.8 -17677.5 -17377.4 -17046.9 -16687.6 -16295 -15869.1 -15421.6 -14953 -14455.9 -13934.5 -13391.9 -12822.6 -12229.2 -11621.3 -11004.7 -10375.8 -9731.12 -9069.62 -8384.22 -7680.14 -6955.9 -6218.02 -5468.28 -4697.5 -3912.96 -3115.84 -2297.57 -1471.83 -638.519 199 
100 -709.759 -1511.16 -2310.5 -3106.41 -3894.2 -4677.27 -5451.23 -6202.88 -6938.74 -7656.46 -8364.29 -9054.69 -9730.83 -10388.4 -11028.9 -11649.6 -12257.1 -12841.2 -13399.2 -13933.9 -14449.9 -14942.5 -15411 -15840.2 -16237.5 -16621.1 -16990 -17338.9 -17658.8 -17949 -18214.3 -18453.1 -18667.1 -18864.4 -19039.7 -19196.7 -19338.7 -19463.4 -19560.5 -19644.9 -19713.4 -19758.1 -19783.2 -19787.9 -19804.3 -19820.1 -19825.7 -19820.6 -19817.3 -19816.6 -19817.9 -19809.8 -19813.5 -19798.9 -19783.3 -19771.6 -19755.7 -19735 -19696 -19633 -19552.1 -19447 -19310 -19150.5 -18952.8 -18733.9 -18505.2 -18264.5 -18007.9 -17712.6 -17398.8 -17062.6 -16710.5 -16329.3 -15910.5 -15465.6 -14988.9 -14486.4 -13960.4 -13408.8 -12837.1 -12250.9 -11648.8 -11032.1 -10403.8 -9759.79 -9088.92 -8401.83 -7696.25 -6972.98 -6229.43 -5470.23 -4698.58 -3917.79 -3121.81 -2309.55 -1480.02 -642.433 199 
100 -710.602 -1512.94 -2315.03 -3117.11 -3905.74 -4685.54 -5452.13 -6202.65 -6938.95 -7651.56 -8347.29 -9037.83 -9716.86 -10379 -11026.1 -11654.4 -12269.8 -12860.1 -13418.7 -13947.9 -14451.1 -14931.4 -15399.2 -15839.9 -16259.4 -16656.7 -17036.9 -17392 -17721.1 -18015.9 -18276.5 -18519.3 -18739.6 -18934.9 -19112.9 -19266.6 -19405.6 -19527 -19619.1 -19697.6 -19748.8 -19777.8 -19784.1 -19768.5 -19756.7 -19761.5 -19770.4 -19774.2 -19768.1 -19770.5 -19783 -19777.4 -19778.7 -19769.4 -19759.7 -19755.2 -19739.7 -19730.1 -19701 -19640 -19555.9 -19442.5 -19303.4 -19138.6 -18949.9 -18741.5 -18513 -18263.8 -17999.4 -17719.9 -17422.4 -17097.8 -16747.2 -16359.5 -15941.6 -15493.7 -15024.3 -14526.8 -14004.5 -13462 -12891.7 -12297.4 -11689.4 -11071.8 -10434.9 -9783.3 -9119.07 -8431.44 -7724.65 -6996.61 -6255.95 -5499.18 -4722.68 -3931.88 -3129.39 -2307.74 -1478.67 -641.723 199 
100 -711.992 -1515.51 -2316.01 -3111.23 -3899.23 -4681 -5454.63 -6205.53 -6937.87 -7652.83 -8355.88 -9044.76 -9720.57 -10379.9 -11022 -11646.2 -12255.2 -12839.5 -13399 -13935.2 -14450.9 -14944.5 -15415.1 -15846.4 -16248.5 -16633.9 -17004.2 -17358.5 -17681.9 -17972.2 -18236.9 -18473.1 -18686.1 -18879.4 -19052.1 -19208.4 -19349.5 -19474.6 -19571.6 -19655.7 -19722.9 -19767 -19789.7 -19792.5 -19806.7 -19820 -19822.4 -19815.5 -19812.2 -19809 -19810.2 -19797.7 -19798 -19783.7 -19766.8 -19754.8 -19740.9 -19725.7 -19693 -19636.2 -19562.2 -19461.4 -19325.8 -19167 -18965 -18743.2 -18509.9 -18263.9 -18003.9 -17709.4 -17398.9 -17065.8 -16714 -16331.5 -15908.7 -15460.7 -14983.3 -14480.8 -13953.3 -13406.5 -12839.5 -12257.8 -11656.8 -11039.9 -10412.6 -9767.72 -9097.09 -8408.92 -7701.34 -6976.96 -6232.17 -5473.25 -4702.3 -3920.57 -3126.32 -2312.66 -1481.83 -643.228 199 
100 -712.143 -1514.33 -2316.4 -3116.64 -3905.92 -4685.49 -5445.93 -6189.37 -6918.98 -7631.37 -8329.55 -9016.48 -9693.77 -10353.8 -10998.4 -11624.2 -12238.9 -12830.1 -13387.7 -13920.3 -14427.2 -14911.5 -15384.2 -15832.8 -16259.1 -16658.2 -17036.1 -17392.6 -17724.6 -18016.6 -18275.3 -18518.5 -18739.8 -18935 -19112.6 -19266.1 -19402.8 -19519 -19608.1 -19682.3 -19731.8 -19759.2 -19767.6 -19751 -19739.5 -19744.6 -19753.7 -19755.2 -19747.1 -19749.1 -19764.2 -19762 -19766.1 -19762.5 -19754.2 -19749.8 -19730.4 -19718.3 -19689 -19631.3 -19548.1 -19434.3 -19292.1 -19124.1 -18933.9 -18726.4 -18495.1 -18245.4 -17978.4 -17698.2 -17397.2 -17073.2 -16725.3 -16341.6 -15925.4 -15478.1 -15009.2 -14517.2 -13999.4 -13453.6 -12880.5 -12286.3 -11678 -11061.6 -10425.8 -9776.87 -9116.18 -8430.76 -7723.55 -6995.72 -6255.22 -5497.22 -4721.31 -3932.12 -3130.47 -2309.01 -1478.55 -641.696 199 
100 -714.504 -1519.6 -2318.43 -3112.88 -3901.57 -4681.52 -5453.92 -6202.75 -6932.69 -7649.13 -8350.44 -9038.12 -9709.73 -10365.6 -11004 -11626.5 -12232.7 -12820.5 -13381.9 -13925.5 -14442.8 -14932 -15401 -15834.2 -16241.9 -16632.7 -17006.1 -17362 -17687.6 -17978.9 -18243 -18479 -18692 -18886.9 -19058.6 -19216.6 -19356.8 -19484.2 -19585.5 -19670.4 -19735.3 -19778.1 -19798.8 -19800.5 -19814.9 -19825.8 -19827.4 -19817.7 -19811.8 -19803.1 -19801.9 -19785.2 -19783.5 -19771.8 -19760.6 -19751.9 -19738.3 -19728.9 -19702.8 -19651 -19573.4 -19469.8 -19337.6 -19181.3 -18980.9 -18761.8 -18527.2 -18279 -18013.5 -17719 -17406.8 -17072.5 -16718.5 -16335.3 -15911.7 -15463.9 -14989.6 -14488.3 -13962.2 -13414.2 -12848.6 -12268.7 -11670.4 -11057.9 -10433.8 -9788.43 -9118.5 -8427.2 -7718.4 -6992.24 -6246.87 -5484.99 -4714.09 -3931.33 -3132.03 -2314.39 -1483.29 -643.805 199 
100 -712.267 -1515.13 -2317.93 -3118.89 -3909.3 -4686.67 -5442.86 -6182.04 -6910.9 -7626.09 -8324.76 -9011.36 -9690.51 -10353.8 -10998.6 -11626.3 -12242.3 -12834.4 -13392.6 -13925.4 -14432.7 -14918.8 -15386.4 -15827.7 -16250.1 -16647.9 -17024.8 -17378.7 -17711 -17998.9 -18262.6 -18506.4 -18728.8 -18925.9 -19103.8 -19258.1 -19393.6 -19508.9 -19598.6 -19671.1 -19723.1 -19751.1 -19762.2 -19745.9 -19732.8 -19735.3 -19745.2 -19747.4 -19739.5 -19741.3 -19757.2 -19756.2 -19760.5 -19760.1 -19753.7 -19750.6 -19729.1 -19714.9 -19687 -19634.5 -19548.1 -19427.5 -19279.4 -19111.3 -18920.9 -18712 -18479.4 -18232.5 -17966.9 -17688.8 -17388.4 -17064.8 -16716.4 -16337.6 -15922.5 -15476.2 -15009.5 -14520.3 -14007.5 -13463.3 -12891.5 -12297.6 -11689.9 -11073.4 -10438.1 -9789.67 -9130.48 -8448.2 -7742.77 -7016.84 -6273.77 -5512.3 -4734.61 -3942.71 -3139.66 -2316.58 -1482.92 -644.001 199 
100 -716.266 -1523.49 -2322.92 -3118.64 -3910.19 -4689.91 -5462.36 -6213.7 -6946.36 -7664.66 -8367.64 -9056.37 -9728.47 -10385.7 -11025.6 -11649.8 -12251.1 -12833.4 -13391.1 -13934.5 -14451.2 -14941.3 -15411.5 -15844.9 -16254.6 -16647.7 -17021.7 -17378.7 -17704.6 -17996 -18259.3 -18496.6 -18711.1 -18911 -19084.3 -19243.4 -19384.9 -19515 -19620.8 -19705.9 -19772.2 -19815.7 -19837 -19840.8 -19852 -19860.6 -19863.4 -19855.3 -19852.4 -19844.8 -19846.8 -19829.1 -19823.6 -19813.3 -19801.5 -19792.9 -19776.4 -19766.7 -19739.4 -19688.5 -19605.4 -19497.9 -19364.4 -19207 -19010.1 -18795.8 -18564.4 -18315.9 -18048.8 -17756.5 -17439.7 -17102.8 -16748.7 -16365.2 -15944.1 -15496.4 -15023.2 -14524.3 -13997.2 -13446.6 -12882.3 -12301.7 -11700 -11082.4 -10450.6 -9797.73 -9125.18 -8433.42 -7722.8 -6993.93 -6247.56 -5484.99 -4713.37 -3929.44 -3129.36 -2312.93 -1484.25 -645.18 199 
100 -714.022 -1519.1 -2324.12 -3127.14 -3920.44 -4699.93 -5460.01 -6199.89 -6931.55 -7644.89 -8340.28 -9026.28 -9708.48 -10376.1 -11022.9 -11654.3 -12272 -12866 -13423.5 -13956.2 -14465.6 -14956.3 -15424 -15864.2 -16287.5 -16689.6 -17073.5 -17434.4 -17771.4 -18058.2 -18325.8 -18571.1 -18794.5 -18992.2 -19171.3 -19327.7 -19459.8 -19571.3 -19660.3 -19730.5 -19783.5 -19809.1 -19814.9 -19795.8 -19778.9 -19774.4 -19780.4 -19778.7 -19764.4 -19755.8 -19767.7 -19764 -19763.3 -19760.1 -19753.3 -19747.7 -19728.7 -19713.6 -19689.3 -19644.1 -19556.3 -19433.8 -19281.1 -19113.4 -18922.3 -18712.8 -18479.8 -18231.1 -17968.2 -17690.7 -17392 -17067.7 -16718.1 -16344.5 -15926.6 -15479.3 -15011.7 -14522.7 -14009.8 -13463.8 -12891.2 -12296.1 -11687.3 -11068.6 -10434.3 -9785.08 -9123.26 -8438.85 -7734.06 -7006.44 -6260.64 -5497.67 -4720.5 -3932.07 -3131.9 -2310.39 -1478.58 -642.002 199 
100 -720.539 -1535.77 -2341.83 -3143.26 -3939.43 -4722.02 -5499.36 -6259.64 -6997.7 -7722.65 -8430.84 -9122.57 -9798.97 -10458 -11100.2 -11728.3 -12331.6 -12913.7 -13472.1 -14014.5 -14531.5 -15019.6 -15489.4 -15923.9 -16334.9 -16730.1 -17108.8 -17470.3 -17799.5 -18093.6 -18357.9 -18594.6 -18806.4 -19006 -19179.6 -19338.3 -19481.1 -19613.4 -19720.2 -19799.5 -19861.1 -19901.8 -19921.9 -19924.3 -19931.1 -19938.2 -19940.9 -19934.4 -19929.5 -19920.1 -19920.7 -19903 -19893.9 -19884.6 -19872.7 -19862.4 -19844.5 -19828 -19796.3 -19744.2 -19659.9 -19552 -19417.2 -19257.8 -19060.3 -18843.8 -18611.8 -18360 -18088.5 -17793.5 -17470.9 -17126.1 -16764.3 -16377.1 -15961 -15516.3 -15046.3 -14547.8 -14019 -13467.2 -12902.1 -12320.7 -11716.9 -11098.2 -10465.3 -9810.74 -9135.24 -8442.08 -7727.84 -6995.43 -6247.18 -5483.72 -4711.57 -3925.36 -3121.34 -2306.6 -1481.12 -643.797 199 
100 -715.942 -1523.43 -2330.91 -3135.99 -3930.24 -4709.9 -5471.89 -6213.07 -6944.68 -7661.89 -8359.08 -9045.19 -9727.03 -10400.6 -11051.6 -11685.7 -12306.6 -12901.2 -13455.4 -13984.9 -14496.6 -14988.5 -15457.1 -15897.4 -16320.9 -16722 -17105.7 -17466 -17801.7 -18088.4 -18356.4 -18604.7 -18830.2 -19028.4 -19206.9 -19361.9 -19491.6 -19600.9 -19691.3 -19763.4 -19821.8 -19852.4 -19858.6 -19840.2 -19822.4 -19816.9 -19821.9 -19819.2 -19805 -19794.9 -19807.2 -19803.5 -19801.1 -19798.7 -19795.4 -19791.1 -19774.9 -19759 -19733.3 -19689.2 -19600.4 -19474.8 -19319.3 -19149.2 -18959.1 -18749.3 -18515.5 -18263.8 -17996.3 -17710.7 -17404.5 -17072.5 -16719.4 -16342.9 -15922.8 -15475.6 -15010.7 -14525.1 -14014.2 -13469.8 -12900.5 -12309.1 -11699.2 -11078 -10442.8 -9793.79 -9131.76 -8447.85 -7743.03 -7016.13 -6268.6 -5503.83 -4726.33 -3937.59 -3137.22 -2317.38 -1484.39 -645.737 199 
100 -724.991 -1544.6 -2357.9 -3166.16 -3970.04 -4761.72 -5545.21 -6306.07 -7045.82 -7769.83 -8479.61 -9174.45 -9858.41 -10522 -11172.4 -11809.8 -12423.6 -13014.1 -13577.8 -14119.9 -14631.5 -15114.6 -15583.5 -16021.8 -16433.5 -16826.4 -17205.4 -17566.9 -17893.8 -18188 -18450 -18687.5 -18901.6 -19099.6 -19271.4 -19427.6 -19569.1 -19700.4 -19808.7 -19884.3 -19944.3 -19984.6 -20007.6 -20012.5 -20016.2 -20017.4 -20016.9 -20009.5 -20003.3 -19992.6 -19990.1 -19972.5 -19961.9 -19947.7 -19932.9 -19923.9 -19907.4 -19886.4 -19855.3 -19805.4 -19724.7 -19622.2 -19491.9 -19336.9 -19140.6 -18922.8 -18690.8 -18436.2 -18161.1 -17864.8 -17539.9 -17192.9 -16829.5 -16441.8 -16027.1 -15579.4 -15103 -14598.7 -14061 -13505 -12938.9 -12356.5 -11752.1 -11131.7 -10494 -9837.94 -9159.55 -8464.79 -7747.52 -7011.65 -6260.81 -5498.71 -4726.24 -3936.96 -3129.32 -2313.71 -1487.38 -648.108 199 
100 -720.562 -1532.71 -2344.77 -3154 -3952.27 -4738.78 -5507.65 -6253.09 -6984.84 -7704.38 -8404.05 -9093.89 -9780.31 -10459 -11115.1 -11756.8 -12385 -12986.2 -13545.9 -14078.7 -14594.5 -15088.4 -15555.3 -15994 -16418.1 -16821.2 -17206 -17568.9 -17899.3 -18182 -18445.7 -18693.5 -18914.6 -19108.3 -19286.9 -19440.1 -19568.6 -19676.2 -19765.3 -19836.8 -19894 -19924.8 -19929.7 -19914.1 -19894.4 -19887.7 -19890.1 -19886.7 -19871.6 -19858.6 -19867 -19864.3 -19856.5 -19853.4 -19849.1 -19845.4 -19828.7 -19808.2 -19780.9 -19733.5 -19640.5 -19514.3 -19355.9 -19185.6 -18994.5 -18783.1 -18546.2 -18295.1 -18027.9 -17739.4 -17433.9 -17103.7 -16749.8 -16371.8 -15951.5 -15503.7 -15038.5 -14550.6 -14035 -13488.9 -12919.9 -12324.8 -11712.6 -11089.2 -10455.6 -9808.69 -9145.21 -8461.4 -7755.94 -7027.7 -6274.06 -5505.26 -4722.66 -3930.86 -3129.03 -2310.4 -1480.52 -644.574 199 
100 -726.481 -1547.48 -2362.4 -3171.5 -3977.05 -4768.15 -5548.87 -6305.14 -7044.15 -7765.99 -8474.8 -9167.9 -9852.67 -10517.1 -11169.6 -11804.2 -12411.4 -12996.4 -13557.2 -14094.8 -14603.9 -15085 -15555.2 -15995.7 -16406.2 -16796.7 -17173.3 -17530.1 -17854.1 -18147.2 -18409.8 -18653.6 -18869.4 -19069.2 -19242.5 -19395.9 -19532.8 -19659.6 -19767.2 -19848.4 -19912.4 -19954.3 -19976 -19980.5 -19979.8 -19978.4 -19976.8 -19968.6 -19962.4 -19953.2 -19951.7 -19938.2 -19928.4 -19911.2 -19894 -19881.4 -19865 -19845 -19815.9 -19767.6 -19688.2 -19585.3 -19452 -19295.5 -19101.5 -18883.7 -18654.6 -18399.8 -18126.1 -17830.2 -17505.2 -17159.7 -16800.5 -16416.1 -16004.5 -15559 -15083.8 -14581.4 -14045 -13491.6 -12925 -12339.4 -11739.9 -11123.3 -10489 -9831.44 -9153.42 -8458.97 -7741.33 -7008.52 -6258.52 -5497.54 -4724.55 -3931.12 -3121.01 -2304.68 -1480.41 -643.78 199 
100 -720.392 -1533.06 -2345.02 -3153.69 -3951.43 -4740.15 -5512.13 -6260.43 -6992.95 -7713.93 -8413.7 -9102.7 -9789.02 -10465.3 -11118 -11756 -12380.6 -12981.2 -13542.6 -14079 -14598.2 -15091.8 -15558.2 -15994.9 -16414.4 -16817.5 -17204.1 -17571.6 -17901.4 -18186 -18444.8 -18691.1 -18912.4 -19108.3 -19290.5 -19441.7 -19571.3 -19679 -19768.6 -19840.5 -19897.4 -19926.6 -19928 -19915.9 -19898.8 -19892.9 -19894 -19893.2 -19880.3 -19868.9 -19877 -19873.1 -19864.5 -19862.8 -19859.7 -19856.3 -19838.7 -19817.6 -19790.1 -19738.7 -19647 -19524 -19367.2 -19198.3 -19006.3 -18794.8 -18558.6 -18308.8 -18039.9 -17747.7 -17438 -17106.8 -16752 -16375.1 -15958.4 -15508.4 -15038.6 -14544.2 -14022.7 -13478 -12910.7 -12316.9 -11705.9 -11085.3 -10454.3 -9806.94 -9143.33 -8461.13 -7755.47 -7028.61 -6274.94 -5506.13 -4723.98 -3932.19 -3127.03 -2308.92 -1480.3 -644.318 199 
100 -726.678 -1550.28 -2368.43 -3179.91 -3985.51 -4776.67 -5552.16 -6307.48 -7050.01 -7774.22 -8486.15 -9183.45 -9872.31 -10542.7 -11198.6 -11834.7 -12441.7 -13025.8 -13582.3 -14115.3 -14622.4 -15106.9 -15579.9 -16027 -16443.8 -16838.8 -17217.2 -17579.1 -17909.2 -18208.2 -18475.7 -18723.8 -18943.2 -19148.8 -19325.2 -19478.4 -19617.8 -19747.5 -19851.7 -19932.1 -19993.1 -20035.7 -20056.6 -20061.7 -20057.3 -20053.2 -20049.1 -20036.7 -20022.4 -20006 -19997.2 -19980.9 -19966.8 -19953.4 -19939.2 -19930.2 -19914.6 -19890.2 -19856 -19803.2 -19721.8 -19618.5 -19486.2 -19329.5 -19136 -18914.3 -18684.8 -18428.8 -18155.7 -17860.7 -17538.1 -17195.8 -16839 -16456.5 -16046.1 -15599.9 -15123.1 -14616.8 -14079.6 -13522.8 -12954.9 -12365.3 -11764.6 -11146 -10511.4 -9852.32 -9172.98 -8477.18 -7758.31 -7028.09 -6275.97 -5512.23 -4736.31 -3938.27 -3125.18 -2305.7 -1479.02 -643.426 199 
100 -728.966 -1549.13 -2367.59 -3182.17 -3986.25 -4783.72 -5563.44 -6318.89 -7054.08 -7777.72 -8483.91 -9178.81 -9871.63 -10554.5 -11210.9 -11855.7 -12487.6 -13091.6 -13651 -14188 -14710.2 -15211.2 -15679.3 -16116.7 -16535.4 -16941.9 -17332.6 -17704.1 -18036.7 -18327.3 -18590.2 -18842.5 -19064.2 -19260.7 -19444.4 -19600.6 -19736.8 -19845.6 -19936.9 -20012.4 -20073.5 -20111.5 -20122.1 -20121.5 -20107.4 -20101.7 -20099 -20095.5 -20078.4 -20064.5 -20067.9 -20061 -20043.9 -20035.5 -20029.8 -20025.1 -20006.8 -19984.2 -19955.5 -19897.6 -19802.9 -19675.2 -19514 -19343.1 -19147.5 -18929.9 -18689 -18435.4 -18164.5 -17870.1 -17556.9 -17223.3 -16861.5 -16478.7 -16055.7 -15598.5 -15121.4 -14622.4 -14096.1 -13551.5 -12982.4 -12389.7 -11777.6 -11156.7 -10522.7 -9870.58 -9203.41 -8516.67 -7805.18 -7070.97 -6310.88 -5536.63 -4749.56 -3952.92 -3142.03 -2319.89 -1487.36 -646.049 199 
100 -731.028 -1559.08 -2381.48 -3193.55 -3999.86 -4794 -5571 -6330.59 -7078.21 -7806.79 -8522.18 -9225.17 -9919.75 -10599 -11262.7 -11903.7 -12519 -13107.4 -13662.7 -14191.5 -14693.3 -15176.9 -15651.7 -16100.1 -16518.4 -16913.3 -17291.8 -17652.7 -17980.8 -18281.2 -18551 -18801.6 -19026.1 -19234.9 -19411.6 -19563.4 -19701.3 -19828.1 -19931 -20012.7 -20074.1 -20118.7 -20140.9 -20146.6 -20140 -20133.9 -20124.1 -20111.3 -20094.6 -20080.4 -20075.9 -20067.9 -20062.3 -20059 -20049.2 -20042.9 -20025.2 -19997.4 -19958.7 -19905.5 -19826.5 -19719.8 -19583.1 -19420.6 -19225.5 -19003.1 -18772.2 -18516.2 -18242.2 -17946.7 -17622 -17278.5 -16918.1 -16530.6 -16114.1 -15667.9 -15188.2 -14678.4 -14141.2 -13582.9 -13014.9 -12425.8 -11822.2 -11199.2 -10559.3 -9894.58 -9209.93 -8509.94 -7789.85 -7059.28 -6304.32 -5535.74 -4754.38 -3951.11 -3133.67 -2312.31 -1485.17 -647.109 199 
100 -734.896 -1564.03 -2389.99 -3209.59 -4015.67 -4816.34 -5600.01 -6361.82 -7101.92 -7830.42 -8541.74 -9241.28 -9939.04 -10625.5 -11284.2 -11929.3 -12560.4 -13166.2 -13729 -14268.2 -14790.5 -15293.7 -15764.6 -16204.4 -16620.1 -17023.2 -17411.5 -17780.3 -18113.9 -18407 -18673.8 -18926.6 -19149 -19348.4 -19533.9 -19691.7 -19832.2 -19943.5 -20037.4 -20113.7 -20178.2 -20221.7 -20236.9 -20239.9 -20224.7 -20216.4 -20211.7 -20211 -20195.4 -20180.5 -20183.4 -20180.1 -20163.4 -20154.7 -20145.3 -20140.6 -20123.4 -20103.3 -20073.7 -20016.6 -19922.9 -19792.1 -19629.9 -19457.2 -19262.3 -19040.5 -18798.1 -18540.7 -18267.7 -17971.8 -17656 -17320.6 -16953.5 -16568.2 -16145.7 -15688.3 -15211.5 -14709.6 -14181.3 -13637.8 -13065.2 -12466.7 -11850.1 -11226 -10588.6 -9935.6 -9267.44 -8580.17 -7868.31 -7129.87 -6365.57 -5586.21 -4793.06 -3989.64 -3168.59 -2339.35 -1500.75 -652.679 199 
100 -736.154 -1569.61 -2393.97 -3208.03 -4015.91 -4810.52 -5586.78 -6349.03 -7098.33 -7830.14 -8546.76 -9253.44 -9949.92 -10629.5 -11293.8 -11933.3 -12551.6 -13140.1 -13697.1 -14229.4 -14737.3 -15231.4 -15710.3 -16163.1 -16585.3 -16982.6 -17361.9 -17725 -18055.7 -18355.8 -18628.3 -18881.1 -19108.7 -19319 -19498.1 -19652 -19791.6 -19918.9 -20021.7 -20102.1 -20164.4 -20211.8 -20235.7 -20238.5 -20231.7 -20222 -20207.9 -20190.4 -20166.5 -20147.1 -20139 -20130 -20123.4 -20118.8 -20110.2 -20103.9 -20084.3 -20055.4 -20013.9 -19960.9 -19881.5 -19772.5 -19637.3 -19473.6 -19277.2 -19057 -18827.8 -18574.1 -18298.4 -18000.3 -17672.6 -17328.4 -16967 -16578.9 -16161.8 -15714.7 -15232.2 -14720 -14182.2 -13623.3 -13051.5 -12464.3 -11862.2 -11239.8 -10598.5 -9931.59 -9245.56 -8544.09 -7824.33 -7093.98 -6340.7 -5570.74 -4786.26 -3981.59 -3158.62 -2330.37 -1495.4 -652.847 199 
100 -737.039 -1570.14 -2397.65 -3217.81 -4026.02 -4829.18 -5616.84 -6381.25 -7124.1 -7854.42 -8568.12 -9269.61 -9969.32 -10656.6 -11317.1 -11963.7 -12596.3 -13203 -13769.1 -14310.4 -14834.1 -15340.3 -15814.9 -16259.7 -16679.7 -17085.5 -17475.1 -17841.3 -18180.3 -18480.5 -18750.6 -19002.6 -19223.5 -19426.6 -19612.7 -19771.1 -19911.2 -20023.6 -20118.2 -20194.1 -20256.7 -20298.6 -20312.3 -20314.9 -20299.1 -20288.5 -20282.5 -20280.8 -20263.4 -20245.2 -20242.7 -20233.1 -20210.2 -20195.3 -20179.4 -20167.9 -20147.4 -20125.8 -20096.2 -20041.9 -19948.7 -19816.1 -19652.7 -19477.1 -19277.8 -19052.7 -18810.7 -18550.8 -18274.6 -17980.6 -17664.1 -17331.2 -16967.3 -16581.7 -16161.1 -15701.7 -15223.6 -14716.8 -14183.8 -13635.7 -13061.6 -12463.6 -11849.1 -11225.6 -10587.4 -9935.9 -9270.08 -8585.2 -7875.88 -7135.41 -6370.42 -5589.43 -4796.03 -3990.84 -3170.11 -2341.46 -1502.14 -653.264 199 
100 -738.062 -1575.77 -2403.83 -3222.95 -4034.36 -4829.6 -5605.01 -6371.24 -7125.15 -7862.71 -8583.63 -9294.86 -9992.68 -10674.6 -11342.5 -11986.3 -12607.7 -13195.4 -13750.7 -14279.6 -14785.4 -15281.7 -15760.8 -16218 -16648.3 -17053.7 -17439.9 -17804 -18135.4 -18438 -18713.2 -18971 -19206.2 -19420.3 -19602.1 -19756.1 -19894.2 -20017.2 -20115.4 -20193.2 -20255.7 -20302.7 -20325.1 -20325.2 -20318.4 -20306.5 -20287.9 -20265.9 -20240.2 -20221 -20216.6 -20208.7 -20201.1 -20195.1 -20185.9 -20175 -20150.4 -20119.5 -20074.8 -20017.4 -19931.7 -19819.1 -19681.9 -19515.8 -19317.1 -19096.1 -18864.9 -18607.9 -18326.3 -18022.9 -17691 -17342.6 -16980 -16589.6 -16169 -15723.2 -15241.7 -14730.4 -14194.2 -13635.6 -13062.1 -12473.7 -11870.5 -11247.8 -10605.8 -9937.39 -9250 -8547.06 -7828.62 -7095.35 -6339.73 -5564.58 -4777.28 -3972.61 -3150.95 -2324.32 -1490.68 -650.472 199 
100 -735.966 -1570.1 -2393.18 -3207.9 -4012.16 -4812.76 -5601.17 -6365.25 -7108.35 -7842.14 -8561.17 -9269.37 -9975.77 -10658.5 -11315.1 -11956.5 -12583.9 -13186.6 -13756 -14299.4 -14820.7 -15326.5 -15801.1 -16247.9 -16670.6 -17076.8 -17469 -17832.6 -18174 -18476.9 -18748.8 -18997.2 -19215.9 -19419.3 -19602.9 -19760.4 -19896.4 -20007.1 -20096 -20166.6 -20226.8 -20268.9 -20282.1 -20280.9 -20266.3 -20255.9 -20249.2 -20244.7 -20225.4 -20204.7 -20201.5 -20189.2 -20165.8 -20148.1 -20127 -20112 -20093.6 -20071.3 -20038.5 -19983.7 -19895.5 -19765.1 -19603 -19426 -19225.3 -19003.7 -18766.4 -18510.1 -18236.3 -17943.6 -17624.1 -17287 -16928.6 -16548.3 -16132 -15676.9 -15202.3 -14692.4 -14156.8 -13607 -13038.4 -12443.7 -11835.5 -11214.5 -10577.1 -9930.09 -9270.26 -8590.6 -7882.14 -7142.52 -6377.39 -5594.22 -4799.54 -3992.74 -3172.56 -2343.57 -1504.03 -654.155 199 
100 -740.817 -1580.97 -2411.51 -3233.13 -4047.29 -4844.26 -5620.64 -6389.15 -7145.92 -7887.18 -8611.29 -9322.74 -10018.3 -10698.8 -11370.3 -12021.7 -12647.8 -13247 -13810.9 -14346.8 -14855.7 -15356.5 -15839.3 -16298.2 -16730.4 -17138.2 -17526.8 -17896.8 -18235.9 -18543.4 -18824.7 -19084.3 -19320.2 -19532.2 -19709.2 -19860.2 -19997 -20119.3 -20221.6 -20306.5 -20369.7 -20416.7 -20438.8 -20437.9 -20430.7 -20417.6 -20396.6 -20371.9 -20344.3 -20325.3 -20323.9 -20319.5 -20314.9 -20312.1 -20304 -20291.3 -20266 -20235.6 -20193.4 -20136.3 -20050.1 -19935.1 -19794.1 -19624.1 -19422.6 -19201.6 -18967.1 -18706.3 -18423.2 -18118.5 -17786.8 -17437.9 -17073.3 -16677.5 -16248.9 -15793.8 -15306.3 -14791.2 -14251.5 -13691.5 -13114 -12522.9 -11916.5 -11290.1 -10645 -9973.85 -9285.12 -8580.27 -7861.09 -7124.61 -6366.9 -5587.9 -4797.25 -3988.68 -3163.53 -2333.6 -1496.36 -653.233 199 
100 -738.766 -1576.79 -2403.39 -3219.86 -4026.98 -4831.12 -5624.09 -6390.14 -7134.96 -7870.3 -8594.73 -9310.45 -10019 -10702.3 -11362 -12003.6 -12630.4 -13235.9 -13810.3 -14359.8 -14881 -15386.3 -15861.8 -16308.4 -16735.5 -17144.4 -17535 -17895 -18234.9 -18536.6 -18806.8 -19055.3 -19272.8 -19476.1 -19659.6 -19818.7 -19953.9 -20066.6 -20158.7 -20231.1 -20293.8 -20336.8 -20351.6 -20348.2 -20335.4 -20326.8 -20324.3 -20322.3 -20308.1 -20290.8 -20288.6 -20277.7 -20257.7 -20243.8 -20226.9 -20214.4 -20196.6 -20175.9 -20141.7 -20089.7 -20003.7 -19879.5 -19725.5 -19549.5 -19351 -19128.9 -18892.5 -18635.2 -18359.8 -18063 -17741.2 -17402.5 -17042.6 -16660.3 -16241.5 -15783 -15302.6 -14786.5 -14239.9 -13683.4 -13110.9 -12514.1 -11902.6 -11274.6 -10637 -9983.03 -9316.85 -8628.51 -7911.98 -7168.95 -6401.69 -5611.39 -4814.45 -4004.68 -3183.39 -2351.69 -1510.12 -657.176 199 
100 -740.799 -1577.13 -2406.85 -3228.59 -4043.03 -4840.09 -5618.94 -6389.87 -7148.71 -7890.24 -8614.81 -9326.1 -10022.6 -10703.3 -11374.8 -12028.5 -12653.7 -13254.2 -13818.7 -14354.5 -14864.8 -15367.2 -15850.2 -16306.7 -16739.8 -17149.2 -17537.4 -17900.8 -18232.4 -18535.9 -18815 -19073.5 -19309 -19516.5 -19695.4 -19847.4 -19982.4 -20104.6 -20206.7 -20290.4 -20353.2 -20399.8 -20419.6 -20417.1 -20410 -20396.4 -20373.6 -20354.6 -20327.1 -20311.1 -20311.1 -20308 -20302.5 -20297.3 -20287.2 -20272.2 -20247.6 -20218.1 -20179.3 -20122.8 -20038.4 -19920.6 -19776.8 -19606.3 -19404.8 -19184.8 -18949.6 -18686.2 -18399 -18094.6 -17770.9 -17425.2 -17060.4 -16663.6 -16235 -15779.4 -15291 -14778 -14238.2 -13676.5 -13096.7 -12506.3 -11899.3 -11273.4 -10628.7 -9957.81 -9268.76 -8564.2 -7848.02 -7111.63 -6357.85 -5580.15 -4791.2 -3982.73 -3160.9 -2333.27 -1495.76 -652.893 199 
100 -740.338 -1579.57 -2408.9 -3225.9 -4034.69 -4839.69 -5631.91 -6400.36 -7148.56 -7885.03 -8609.63 -9327.11 -10035.6 -10720.2 -11382.1 -12019.5 -12638.1 -13236.3 -13811.4 -14363.4 -14886.1 -15389.9 -15865.1 -16311.2 -16742.1 -17153.2 -17542.1 -17905.3 -18247.5 -18551.2 -18823.6 -19074.1 -19292.1 -19495.8 -19682 -19842.4 -19978.9 -20093.6 -20187.2 -20260.6 -20324.3 -20370.6 -20393.2 -20395.5 -20386.8 -20382.8 -20384.4 -20384.2 -20371 -20356.1 -20354.7 -20343.5 -20324.9 -20308.1 -20291.6 -20277.2 -20259.8 -20236.2 -20196.1 -20142.5 -20051.5 -19927.7 -19775.4 -19599.8 -19403.4 -19181.5 -18944.5 -18687.7 -18411.4 -18109.6 -17784.2 -17440.5 -17080.3 -16695.6 -16275.1 -15817.5 -15336.6 -14819.3 -14271 -13714.7 -13141.3 -12544 -11932.4 -11302.7 -10663.6 -10007.6 -9339.41 -8648.37 -7930.6 -7185.46 -6418.31 -5627.55 -4827.2 -4014.42 -3188.73 -2353.66 -1509.16 -655.742 199 
100 -742.331 -1579.1 -2410.34 -3234.93 -4051.22 -4850.18 -5633.01 -6407.77 -7171.52 -7920.94 -8653.67 -9368.59 -10066.9 -10745.5 -11414.6 -12069.4 -12695.4 -13294.5 -13863.1 -14406 -14922.5 -15430.3 -15912.9 -16370.9 -16810.1 -17220.7 -17608.7 -17971.9 -18300.4 -18604.4 -18884.9 -19144.5 -19381.2 -19591.5 -19772.7 -19927.4 -20062.7 -20184 -20281.6 -20360.8 -20419.8 -20464.7 -20486.8 -20488.8 -20484 -20473.7 -20454.9 -20439.9 -20416.3 -20401.9 -20405.7 -20405.9 -20405.1 -20401.7 -20393.8 -20383 -20363.4 -20336.1 -20299.8 -20245.1 -20161.9 -20039.7 -19892.3 -19721.6 -19519.8 -19298 -19055.6 -18784.1 -18493.9 -18190 -17867.5 -17519.9 -17155.1 -16759.1 -16329.6 -15870.3 -15380.8 -14866.9 -14324.8 -13760.2 -13178.9 -12586 -11974.3 -11344.8 -10696.5 -10022.9 -9329.59 -8621.04 -7903.45 -7162.86 -6405.44 -5623.55 -4826.59 -4010.47 -3181.72 -2344.93 -1500.2 -653.8 199 
100 -741.873 -1582.42 -2414.27 -3232.7 -4043.15 -4851.26 -5646.62 -6420.82 -7175.46 -7914.81 -8638.21 -9354.38 -10058.8 -10743.5 -11407.3 -12043.9 -12664.1 -13262.8 -13841.5 -14395.2 -14918.8 -15423.9 -15902.3 -16351 -16785.3 -17196.6 -17586 -17952.5 -18299.1 -18607 -18886.5 -19144.4 -19366.8 -19570.8 -19759.7 -19922 -20064.4 -20180.4 -20276.3 -20351.8 -20416.3 -20464.1 -20486 -20486.3 -20477.5 -20475.6 -20478.6 -20477.2 -20462.2 -20447 -20442.3 -20433.3 -20418.5 -20404.9 -20394.3 -20382.8 -20368.6 -20347.2 -20305.7 -20250.6 -20160.9 -20037.6 -19891.6 -19718.5 -19522 -19298.5 -19054.9 -18796.2 -18515 -18206.7 -17877.2 -17528.7 -17163.8 -16774.1 -16347.4 -15884.8 -15396 -14875.6 -14324.9 -13766 -13191.8 -12597.4 -11987.2 -11355.2 -10708.2 -10044.2 -9367.51 -8668.37 -7942.27 -7194.93 -6426.25 -5633.55 -4831.95 -4017.76 -3190.15 -2357.11 -1512.14 -657.423 199 
100 -746.506 -1587.44 -2423.91 -3255 -4075.99 -4878.49 -5665.86 -6445.14 -7213.95 -7967.67 -8704.94 -9421.73 -10123.4 -10803 -11468.3 -12117 -12740.1 -13338.1 -13910.2 -14455.2 -14971 -15476.3 -15955.2 -16411.5 -16851.3 -17263.1 -17654.6 -18017.2 -18343.5 -18643.4 -18919.3 -19173.9 -19410.5 -19621.9 -19803 -19956.4 -20087.6 -20209.2 -20307.8 -20388.1 -20446.2 -20488.1 -20508.7 -20508 -20499.6 -20488.1 -20468.1 -20449 -20422.4 -20405.6 -20407.1 -20405.3 -20404.1 -20400.9 -20392.7 -20381.1 -20361 -20333.4 -20295.9 -20239.6 -20156.5 -20029.6 -19875.5 -19699.2 -19498.5 -19279.2 -19038.4 -18769.2 -18483.6 -18182.1 -17866.9 -17526.5 -17165.1 -16775.3 -16354.4 -15900.5 -15417.4 -14908.7 -14368.6 -13800.9 -13219.3 -12626 -12011.9 -11381.8 -10733.7 -10060.4 -9369.26 -8660.34 -7941.17 -7197.28 -6435.61 -5651.52 -4850.06 -4028.4 -3196.46 -2356.22 -1508 -657.527 199 
100 -750.615 -1599.83 -2441.25 -3267.86 -4086.79 -4900.98 -5702.16 -6482.78 -7244.89 -7986.87 -8711.99 -9428.26 -10131.1 -10814.8 -11476.1 -12110.7 -12728.5 -13323.9 -13900.5 -14452.4 -14974.7 -15476.3 -15952.4 -16400.8 -16834 -17244.7 -17630.4 -17998.2 -18341.8 -18642.1 -18918.7 -19171.3 -19392.2 -19594.9 -19782.2 -19945.4 -20088.4 -20204 -20300.7 -20377 -20438.9 -20484.5 -20503.6 -20503.1 -20491.1 -20489.8 -20492.3 -20489.2 -20473.5 -20460.2 -20453.7 -20448.1 -20433.1 -20420.1 -20410.8 -20398.4 -20384.6 -20362 -20318.9 -20260.9 -20169.6 -20050.2 -19906.9 -19733.9 -19535.9 -19310.1 -19062.8 -18802.8 -18520.4 -18214.4 -17891.7 -17545.4 -17179.9 -16790 -16366.2 -15905.6 -15416.5 -14897.1 -14348.8 -13791.2 -13220 -12625.8 -12013 -11382.5 -10733.9 -10069.7 -9391.05 -8688.81 -7961.36 -7213.53 -6440.89 -5646.1 -4841.85 -4024.98 -3193.97 -2357.82 -1513.61 -659.384 199 
100 -752.788 -1597.69 -2438.65 -3277.14 -4105.55 -4915.68 -5711.64 -6496.88 -7268.24 -8022.07 -8762.72 -9487.23 -10196.1 -10881 -11547.8 -12199.2 -12827.6 -13424.4 -13996.1 -14539.5 -15057.6 -15565 -16044.4 -16499.2 -16936 -17338.4 -17723.9 -18080.4 -18404.5 -18705.8 -18983 -19243.1 -19487.8 -19707.3 -19896.7 -20054.7 -20190.5 -20313.8 -20409.1 -20488.7 -20544.8 -20584 -20604.8 -20599.6 -20586.9 -20572.4 -20550.1 -20531.2 -20503.2 -20486.3 -20487.4 -20486.1 -20485.1 -20479.9 -20468.1 -20451.6 -20427.5 -20394.5 -20354.8 -20296.9 -20212 -20083.9 -19926.5 -19747.9 -19544.4 -19324.1 -19079.5 -18810.6 -18527 -18225.7 -17906.8 -17563.8 -17195.7 -16805.2 -16384.1 -15929.4 -15449.4 -14941.3 -14400.6 -13830.3 -13247.8 -12650.5 -12031.3 -11399.3 -10750.5 -10075.3 -9382.99 -8666.67 -7941.36 -7193.64 -6427.8 -5643.06 -4838.23 -4016.27 -3188.18 -2352.21 -1505.98 -656.527 199 
100 -755.448 -1607.53 -2450.6 -3282.54 -4106.19 -4921.8 -5725.72 -6508.34 -7275.39 -8021.65 -8748.08 -9465.83 -10167.8 -10852.5 -11517.4 -12157.1 -12776.8 -13371.2 -13946.3 -14501.2 -15033.2 -15541.7 -16024 -16475.6 -16912.3 -17324.3 -17706.5 -18073.4 -18418 -18718.1 -18995.5 -19242.8 -19461.7 -19662.1 -19848.2 -20011.6 -20152.3 -20263.7 -20358.1 -20435.2 -20495.1 -20539.6 -20557.6 -20556.8 -20542.6 -20537.9 -20535.5 -20528 -20507.1 -20493.5 -20484.2 -20479.3 -20463 -20447.4 -20436 -20420.7 -20403.1 -20375.2 -20331.6 -20272.9 -20188.6 -20076.4 -19939 -19770.4 -19570.5 -19344 -19095.1 -18836 -18549.1 -18237.3 -17908.6 -17560.5 -17193.2 -16800.2 -16372.9 -15910.9 -15422.9 -14904.6 -14358.3 -13802.5 -13234.2 -12639.5 -12024.9 -11396 -10745.8 -10080.6 -9399.34 -8696.13 -7966.74 -7218.1 -6443.27 -5649.13 -4843.79 -4026.76 -3194.57 -2356.97 -1513.47 -658.679 199 
100 -752.286 -1598.32 -2439.78 -3279.82 -4108.59 -4920.88 -5714.53 -6491.7 -7255.88 -8004.65 -8741.71 -9463.8 -10169 -10852.5 -11517.1 -12164.5 -12792.3 -13383.9 -13956.5 -14503.6 -15026.7 -15535.5 -16017.9 -16475.5 -16914.9 -17320.1 -17706.6 -18068.2 -18394.1 -18696.7 -18975.6 -19236.4 -19477.7 -19695.7 -19886.6 -20045.1 -20181.2 -20303.1 -20396.1 -20473.6 -20527.3 -20568.9 -20593.3 -20585.7 -20572.1 -20556 -20535 -20517.7 -20487.6 -20466.1 -20462.6 -20460.8 -20459.4 -20454.7 -20441.6 -20422.9 -20397.6 -20362.3 -20319.5 -20256.2 -20168.5 -20041.1 -19884.9 -19708.9 -19508.6 -19288.9 -19045.8 -18779.5 -18499 -18201 -17882.8 -17542.6 -17173.8 -16783.7 -16365.6 -15912.5 -15435.9 -14931.7 -14394.8 -13824.4 -13242.4 -12643.7 -12025.7 -11394.7 -10745.8 -10071.7 -9380.54 -8664.89 -7939.77 -7194.58 -6428.45 -5643.93 -4838.41 -4016.2 -3188.42 -2351.98 -1506.49 -656.969 199 
100 -754.918 -1605.5 -2447.35 -3279.28 -4102.13 -4916.45 -5719.84 -6502.01 -7268.75 -8014.91 -8740.73 -9456.43 -10156.5 -10840 -11503.5 -12144.7 -12764.4 -13358.7 -13930.7 -14485.7 -15019.1 -15525.4 -16004.3 -16452.5 -16889.4 -17306.1 -17693.9 -18064.1 -18409.6 -18707.4 -18985.3 -19229.6 -19448.6 -19650.5 -19835.7 -19998.9 -20138.2 -20252.7 -20346.5 -20423.2 -20482.8 -20526.4 -20545.2 -20546 -20532.1 -20523.6 -20520.5 -20512.1 -20492.8 -20478.8 -20467.6 -20464.7 -20451.2 -20438.6 -20426.6 -20408.7 -20390.2 -20359.9 -20317.4 -20259.3 -20176.3 -20068 -19936.3 -19775.3 -19579.4 -19357.8 -19111.4 -18855.2 -18571.2 -18262.5 -17934.5 -17586.8 -17217.8 -16821.3 -16392 -15929.8 -15443.3 -14922.9 -14377.2 -13820.8 -13251.9 -12654.9 -12036.5 -11404.3 -10749.4 -10082.2 -9398.44 -8695.06 -7963.63 -7214.96 -6437.97 -5645.62 -4839.65 -4022.95 -3193.83 -2356.35 -1512.85 -658.713 199 
100 -752.011 -1598.98 -2440.7 -3281.94 -4110.51 -4924.82 -5717.54 -6494.9 -7259.77 -8009.28 -8746.44 -9469.78 -10174.4 -10855.8 -11519.6 -12165.3 -12789.9 -13378.9 -13948.5 -14495.7 -15018.7 -15526 -16009.8 -16472.9 -16916.5 -17325.5 -17715.5 -18077.4 -18404.8 -18708.7 -18988.4 -19248.4 -19488.4 -19707.9 -19898.7 -20054.6 -20187.3 -20304 -20397.3 -20475.2 -20528.4 -20569.2 -20591 -20579.6 -20562.1 -20543.6 -20525 -20507.2 -20479 -20462.1 -20461.6 -20464.5 -20467.1 -20467.3 -20457.3 -20437.7 -20414.1 -20379.7 -20337.9 -20277.9 -20192.2 -20067.1 -19910 -19732.9 -19534.7 -19314.5 -19070.4 -18803.6 -18522.6 -18225.4 -17905.1 -17566.6 -17198.1 -16807.5 -16389.4 -15935.7 -15458.9 -14954.5 -14414.3 -13840.9 -13255.7 -12652.3 -12035.4 -11404.6 -10752.5 -10076.3 -9382.32 -8664.98 -7936.6 -7192.28 -6426.58 -5642.12 -4838.2 -4018.02 -3190.31 -2352.96 -1507.8 -657.752 199 
100 -753.025 -1600.42 -2440.61 -3274.4 -4100.97 -4916.22 -5720.71 -6502.89 -7265.29 -8009.31 -8733.75 -9443.37 -10138.5 -10817 -11478.7 -12121.1 -12743.9 -13344.1 -13918.9 -14479.2 -15019.7 -15526.9 -16004.8 -16452.7 -16888.7 -17307.6 -17698 -18065.6 -18407.6 -18700.5 -18977.2 -19221.9 -19444.6 -19650.7 -19838.7 -20006.6 -20146.9 -20265.9 -20364.6 -20449.5 -20514.5 -20558.6 -20578.2 -20579.2 -20568 -20558.8 -20557.1 -20548.9 -20527 -20510.2 -20497 -20492.4 -20480 -20469.2 -20458.6 -20439.4 -20418.7 -20384.3 -20340.1 -20279.3 -20193.6 -20082.6 -19948.9 -19785.6 -19589.3 -19369.5 -19123.9 -18868.6 -18586.2 -18279.9 -17951.7 -17602.7 -17235.9 -16838.9 -16412.7 -15953 -15466.7 -14946.4 -14402.9 -13847.4 -13277.6 -12680.9 -12056.3 -11417.8 -10761.2 -10092 -9404.69 -8699.25 -7968.42 -7222.44 -6448.17 -5656.1 -4851.75 -4033.9 -3204.05 -2363.19 -1514.96 -660.034 199 
100 -752.729 -1601.17 -2444.27 -3285.02 -4111.48 -4925.81 -5717.62 -6495.38 -7264.13 -8017.18 -8752.98 -9471.88 -10177.2 -10857.8 -11522.2 -12167.4 -12792 -13380.1 -13946 -14492.7 -15019.1 -15528.4 -16014.9 -16478.5 -16925.8 -17342.5 -17739.1 -18106.5 -18438.1 -18740.6 -19021 -19280.6 -19519.3 -19741.7 -19934 -20094.6 -20232.8 -20352.4 -20443.9 -20516.3 -20565 -20601.9 -20621.8 -20612.2 -20595.7 -20574.6 -20557.4 -20539.1 -20512.9 -20498.8 -20495.1 -20495 -20492.9 -20494.6 -20485.6 -20467.1 -20446.1 -20412.7 -20370.8 -20312.9 -20227.2 -20103.5 -19946 -19768.8 -19571 -19350.7 -19105 -18834.7 -18551.6 -18253.9 -17931.6 -17590.9 -17224.1 -16833.3 -16418 -15966.6 -15487.3 -14983.7 -14444 -13876.4 -13296.3 -12696 -12077.2 -11441.2 -10784 -10106.7 -9410.27 -8691.8 -7960.89 -7213.59 -6447.02 -5659.35 -4853.94 -4032.65 -3202.6 -2361.49 -1513.93 -660.657 199 
100 -750.518 -1594.87 -2434.27 -3271.01 -4100.66 -4921.65 -5728.04 -6510.86 -7273.06 -8016.99 -8743.62 -9451.58 -10147.7 -10828.6 -11494.5 -12142.5 -12768.7 -13371 -13947.7 -14509.1 -15052.5 -15562.5 -16042.2 -16489.7 -16924.8 -17345.6 -17740.3 -18106.1 -18448.9 -18743.8 -19019.5 -19265.1 -19495.1 -19707.8 -19897.9 -20066.7 -20212.1 -20339.6 -20443.2 -20532.2 -20598.4 -20642.5 -20662.9 -20665.3 -20656.4 -20646.4 -20648 -20641.4 -20620.8 -20605 -20592.9 -20590.2 -20578.8 -20565.5 -20549.2 -20522.6 -20496.5 -20454.4 -20406.5 -20344 -20255.4 -20143.3 -20007.8 -19844.9 -19645.5 -19422.7 -19174.6 -18916.5 -18632.8 -18325.4 -17999.2 -17649.7 -17285.2 -16887 -16457.3 -15995.7 -15511.9 -14990 -14443.8 -13879.8 -13304 -12709.7 -12081.9 -11442.7 -10783.4 -10110 -9419.13 -8709.86 -7976.29 -7226.23 -6451.56 -5659.84 -4857.01 -4040.61 -3211.48 -2368.49 -1517.58 -662.13 199 
100 -757.068 -1610.23 -2457.86 -3302.64 -4133.59 -4953.56 -5755.99 -6542.78 -7318.32 -8076.81 -8816.64 -9543.36 -10256.9 -10939.9 -11605.7 -12251.5 -12875.5 -13465.2 -14030.9 -14575.6 -15102.2 -15608.1 -16091.3 -16553.3 -16998 -17417.2 -17815.7 -18182 -18512.9 -18812.1 -19092.7 -19352.8 -19591.2 -19815.8 -20008.6 -20169.4 -20307.3 -20423.6 -20513.9 -20587.3 -20639.9 -20680.9 -20704.9 -20700.8 -20689.2 -20670.9 -20662.6 -20645.4 -20622.2 -20613 -20612 -20616.9 -20616.6 -20616 -20605.1 -20582.7 -20554.9 -20512.5 -20460 -20398.3 -20307.5 -20181.3 -20020.7 -19841.2 -19641.2 -19419.8 -19168.9 -18891.8 -18604.4 -18302.2 -17977.3 -17635.2 -17267 -16877.7 -16460.8 -16006.8 -15520 -15014.7 -14472.2 -13903.2 -13319.3 -12721 -12105.8 -11469.9 -10814.2 -10136.1 -9435.2 -8713.13 -7979.64 -7231.44 -6461.21 -5668.74 -4858.87 -4035.51 -3203.37 -2360.81 -1513.75 -659.878 199 
100 -751.997 -1597.8 -2439.43 -3278.24 -4109.37 -4932.15 -5738.62 -6523.98 -7289.88 -8035.95 -8764.73 -9474.87 -10173.6 -10858.4 -11525.4 -12178.2 -12808.1 -13409.9 -13986.8 -14547.2 -15090.5 -15602.3 -16084.8 -16537 -16974.8 -17395.7 -17790.1 -18153.1 -18494.4 -18794.9 -19071.9 -19315.8 -19546 -19758.6 -19946 -20110.5 -20253.4 -20380 -20483.1 -20569.9 -20638.5 -20679.9 -20699.7 -20697 -20686.7 -20674.6 -20677.7 -20672 -20651.6 -20633.5 -20620.9 -20617.6 -20606.1 -20591.7 -20572.8 -20544.1 -20518 -20473.3 -20423.4 -20357.9 -20265.9 -20152.5 -20016.5 -19855 -19654.2 -19429.5 -19179.8 -18920.9 -18636.6 -18329.3 -18002.2 -17651.6 -17286.3 -16888.2 -16458.2 -15998.4 -15519.3 -15001.1 -14455.5 -13890.5 -13310.6 -12715 -12086.2 -11446.6 -10787.3 -10113.9 -9423.18 -8708.6 -7971.25 -7216.7 -6445.37 -5656.79 -4856.87 -4041.86 -3213.37 -2369.91 -1517.68 -662.489 199 
100 -754.007 -1606.19 -2453.77 -3297.47 -4127.87 -4947.22 -5751.17 -6538.5 -7314.77 -8071.88 -8810.12 -9541.96 -10256.4 -10939 -11604.1 -12253.8 -12877.6 -13467 -14030.3 -14572.7 -15099.1 -15603.2 -16084.9 -16546 -16986.7 -17405.2 -17804.4 -18174.1 -18510.2 -18812.6 -19095 -19355.2 -19592.4 -19815.9 -20007.6 -20167.9 -20304.9 -20425.2 -20518.5 -20593.2 -20649.5 -20690.7 -20710.9 -20707.4 -20694.6 -20676.9 -20672.3 -20656.8 -20634.4 -20625.1 -20622.9 -20630.9 -20630.4 -20626.8 -20616.8 -20596.4 -20570 -20530.4 -20476.3 -20412.5 -20317.3 -20191 -20028 -19847.2 -19646.7 -19425.2 -19172.3 -18892.3 -18604.5 -18301 -17977.7 -17637.5 -17271.3 -16883.7 -16468.5 -16016.6 -15529.3 -15022.2 -14479 -13906.6 -13319.5 -12721.8 -12110.6 -11478.5 -10821.5 -10140.3 -9441.8 -8723.21 -7991.54 -7245.61 -6475.18 -5682.04 -4870.2 -4045.73 -3212.19 -2367.06 -1518.19 -661.309 199 
100 -750.781 -1596.68 -2440.52 -3280.86 -4113.98 -4938.03 -5741.84 -6524.34 -7286 -8027.53 -8754.35 -9464.27 -10162.8 -10845.9 -11511.7 -12165 -12793.4 -13392.2 -13967 -14527 -15072.9 -15589.1 -16074.9 -16530.3 -16970.4 -17392.2 -17787.7 -18148.5 -18487.7 -18790.7 -19064.9 -19309.1 -19538.6 -19752.2 -19936.5 -20098.2 -20238.7 -20361.7 -20466.8 -20555.8 -20628.2 -20673 -20697.7 -20694.3 -20682.6 -20668 -20668.4 -20664.7 -20647.4 -20627.9 -20614.4 -20610.5 -20599.3 -20582.8 -20562.4 -20535.9 -20514.5 -20475.7 -20427.4 -20362.9 -20274.3 -20161.8 -20027.9 -19870.7 -19670.5 -19442.8 -19193 -18932.5 -18647.2 -18340.1 -18011 -17660.6 -17294.4 -16896.7 -16465.1 -16000.8 -15519 -14998.3 -14452.3 -13887.2 -13308.1 -12716.1 -12087.2 -11447 -10787.4 -10113.7 -9424.66 -8709.2 -7972.4 -7216.66 -6445.11 -5658.43 -4858.12 -4043.38 -3214.73 -2371.56 -1518.15 -662.771 199 
100 -754.118 -1606.58 -2457.04 -3303.95 -4136.85 -4956.76 -5763.87 -6551.73 -7328.41 -8084.25 -8821.56 -9549.48 -10261 -10941.2 -11606.1 -12255.1 -12877 -13467.1 -14032.2 -14576.6 -15103.5 -15607.3 -16089.3 -16549.5 -16988.2 -17406.8 -17807.7 -18178.1 -18516.2 -18819.5 -19099.8 -19360.1 -19600.4 -19824.2 -20012.5 -20172.5 -20308.1 -20428 -20521.5 -20594.7 -20650.5 -20688.8 -20707.2 -20703 -20691.8 -20675.9 -20672.7 -20656.2 -20635.9 -20627.3 -20624.1 -20630.4 -20628.8 -20624.9 -20618 -20597 -20570.9 -20533.9 -20484.8 -20425.1 -20333.5 -20208.9 -20048.5 -19869.8 -19672 -19455.2 -19206 -18927.5 -18641.1 -18337.8 -18015.7 -17674.5 -17304.9 -16915.8 -16499.5 -16047.7 -15563.5 -15053.9 -14510.9 -13937.3 -13349.7 -12751.6 -12140 -11510.3 -10850.4 -10164 -9465.58 -8750.34 -8020.56 -7273.03 -6499.01 -5704.55 -4891.48 -4063.76 -3227.13 -2378.33 -1525.07 -664.41 199 
100 -758.399 -1614.31 -2466.21 -3314.92 -4155.99 -4984.51 -5791.71 -6583.09 -7351.96 -8101.12 -8835.56 -9550.77 -10255.1 -10942 -11615.2 -12277.6 -12913.1 -13520.7 -14096.9 -14659 -15207.5 -15726 -16213.4 -16670 -17109.2 -17527.3 -17922.8 -18288.4 -18631.5 -18940.6 -19216.3 -19463 -19695.6 -19913.1 -20098.3 -20261.6 -20405.1 -20530.1 -20638.4 -20728.3 -20804.5 -20851.4 -20878.5 -20873.8 -20861.1 -20850.1 -20853.2 -20854.1 -20841.2 -20826.4 -20819.3 -20821.4 -20813 -20797.4 -20778.2 -20753.2 -20732.4 -20697.4 -20647.4 -20577.6 -20483.1 -20367.7 -20231.1 -20072.1 -19870.3 -19643 -19393.2 -19129.8 -18841.8 -18531.5 -18197.8 -17844.6 -17476 -17076.4 -16640.7 -16171.5 -15684.7 -15159.2 -14605 -14034.5 -13447.6 -12849 -12215.3 -11568 -10901.3 -10219.7 -9519.27 -8796.28 -8050.62 -7286.48 -6508.73 -5716.49 -4910.23 -4087.84 -3250.31 -2399.04 -1536.48 -671.863 199 
100 -762.722 -1624.39 -2483.85 -3339.58 -4181.95 -5010.37 -5827.94 -6625.37 -7411.68 -8174.96 -8921.28 -9657.83 -10377.8 -11066.3 -11741.3 -12399.7 -13029 -13625.5 -14194.3 -14748.8 -15280.1 -15785.8 -16271.8 -16733.1 -17173.7 -17594.2 -17999.8 -18372 -18712.6 -19022.2 -19310.5 -19575.2 -19815 -20040.4 -20240.6 -20408.7 -20550.6 -20674.6 -20773.9 -20852.4 -20917.2 -20963.5 -20989.6 -20992.6 -20987.1 -20978.1 -20978.5 -20964.3 -20949.4 -20942.7 -20939.3 -20947.1 -20944.1 -20941.7 -20932.7 -20907 -20876 -20832.8 -20778.1 -20713.3 -20617.8 -20488.5 -20323.7 -20141.4 -19941.8 -19726.1 -19472.8 -19187.7 -18893.4 -18584.8 -18256.9 -17906.9 -17528.4 -17131.2 -16705.8 -16246.7 -15755.6 -15236.4 -14685.6 -14105.2 -13509 -12901 -12279.6 -11641.3 -10972.2 -10275.4 -9570.5 -8850.12 -8115.64 -7359.34 -6573.7 -5771.01 -4949.38 -4112.17 -3266.24 -2408.08 -1543.64 -673.686 199 
100 -762.108 -1621.46 -2477.44 -3330.59 -4176.6 -5006.86 -5814.76 -6607.36 -7380.94 -8133.61 -8872.31 -9593.94 -10304.8 -10998.8 -11679.4 -12347.4 -12989.6 -13606.7 -14189.9 -14758.7 -15310.5 -15832.1 -16321.1 -16780.7 -17223.5 -17645.7 -18044.4 -18411.6 -18757 -19068.8 -19347.9 -19599.2 -19837 -20059 -20247.4 -20411.4 -20555.1 -20678.1 -20785.1 -20874.4 -20949.4 -20996.3 -21021.3 -21017.8 -21002.4 -20993 -20995.3 -20996.4 -20983.9 -20968.1 -20960.9 -20965.6 -20958.2 -20937.8 -20916.3 -20886.2 -20859 -20822 -20770.2 -20697.7 -20601.3 -20479.3 -20339.3 -20178 -19974.7 -19747.6 -19499.8 -19237 -18946.8 -18635.2 -18297.7 -17940 -17564.9 -17162.3 -16723.9 -16253.2 -15763.5 -15236.3 -14677.1 -14101.8 -13510.1 -12904.7 -12268.8 -11616.6 -10945.6 -10261.6 -9558.26 -8832.37 -8079.89 -7315.41 -6534.56 -5733.3 -4922.09 -4095.08 -3255.4 -2403 -1539.77 -673.308 199 
100 -764.846 -1629.24 -2491.16 -3349.27 -4194.82 -5023.85 -5842.02 -6640.89 -7426.77 -8189.29 -8934.69 -9670.65 -10389.5 -11075.9 -11749.1 -12409.6 -13042.2 -13642.6 -14213.6 -14772.8 -15306.1 -15813.7 -16302.8 -16764.4 -17207.1 -17627.7 -18037.1 -18412.9 -18755.9 -19071 -19360.6 -19623.7 -19863.9 -20090 -20288.3 -20455.6 -20600.1 -20724.1 -20825.6 -20906.1 -20973.4 -21020.6 -21047.7 -21051.3 -21047.5 -21041.4 -21041.2 -21027 -21013.3 -21004.5 -21001.2 -21008.3 -21007.1 -21007 -20997.1 -20972 -20938.3 -20895 -20845.4 -20786.1 -20689.7 -20560.1 -20396.9 -20214.3 -20015.2 -19799.5 -19542.7 -19257.3 -18961.8 -18653 -18324 -17974.6 -17598.1 -17201.2 -16772.9 -16315.2 -15824.9 -15301.9 -14747.5 -14166.3 -13568.3 -12958.2 -12331.3 -11688.4 -11015.2 -10314.7 -9605.43 -8875.7 -8132.02 -7370.86 -6586.12 -5780.97 -4958.54 -4120 -3272.57 -2413.08 -1545.63 -674.669 199 
100 -763.421 -1623.82 -2481.39 -3336.3 -4184.85 -5012.41 -5820.82 -6614.72 -7390.08 -8146.43 -8890.73 -9614.99 -10327.1 -11021.2 -11700 -12365.4 -13010.1 -13632.6 -14217.6 -14791.1 -15344.7 -15866.4 -16352.9 -16818.3 -17262.6 -17682.8 -18076.1 -18438.8 -18781.9 -19097.7 -19383.1 -19639.6 -19882.2 -20111.5 -20302.9 -20468 -20613.6 -20738.4 -20847.8 -20940.9 -21016.5 -21065.4 -21091.7 -21092.1 -21078.8 -21070.6 -21070.7 -21073.7 -21063.1 -21051.8 -21052.1 -21059.6 -21055.4 -21033.1 -21009 -20976.7 -20949.3 -20905.8 -20847.4 -20767.6 -20662.4 -20533 -20389.3 -20223.7 -20019.6 -19790.7 -19540.6 -19275.5 -18985.5 -18671.6 -18333.9 -17978.1 -17604.2 -17203.5 -16761.7 -16289.2 -15799.3 -15275.7 -14716 -14139.5 -13545.7 -12935.3 -12296.5 -11640.5 -10968.1 -10283.4 -9578.02 -8851.33 -8096.18 -7326.72 -6542.82 -5737.94 -4922.44 -4096.31 -3254.57 -2400.91 -1539.75 -674.375 199 
100 -764.614 -1626.98 -2488.68 -3349.77 -4198.75 -5032.6 -5857.05 -6661.05 -7449.49 -8215.03 -8962.68 -9698.52 -10415.6 -11107.5 -11783.4 -12445.4 -13085.7 -13694.1 -14273.4 -14838.8 -15374.7 -15885.2 -16375 -16842.4 -17289.7 -17709.3 -18118.2 -18499.2 -18844 -19160.2 -19452.7 -19719.8 -19961.2 -20186.8 -20388.1 -20561.4 -20713.4 -20842.3 -20947.7 -21031.2 -21102.8 -21152.8 -21176.4 -21177.1 -21172.3 -21167.6 -21172 -21159.6 -21144.7 -21131.2 -21125.3 -21128.9 -21124.9 -21121.4 -21108.8 -21087.9 -21054.5 -21011.1 -20959.9 -20893.2 -20788.2 -20652.3 -20488.4 -20308.1 -20108.4 -19886.7 -19627 -19342.1 -19044.3 -18733.2 -18400.9 -18046.8 -17667.5 -17267.9 -16837.2 -16376.6 -15884.1 -15356.9 -14796.6 -14211 -13610.2 -12994.3 -12363 -11717.2 -11045.6 -10348 -9639.23 -8908.83 -8161.75 -7395.42 -6608.76 -5800.59 -4978.79 -4139.19 -3287.85 -2424.53 -1552.4 -677.823 199 
100 -763.687 -1625.19 -2483.03 -3338.45 -4185.33 -5008.62 -5816.04 -6608.86 -7384.2 -8140.28 -8885.49 -9610.9 -10323.6 -11018.1 -11695.7 -12356.8 -12998.4 -13618.8 -14209.8 -14786.1 -15336.6 -15861.6 -16349.3 -16812.9 -17259.9 -17681.8 -18075.5 -18441.5 -18788.9 -19108.4 -19396.8 -19658.5 -19903.6 -20133.4 -20327 -20494.4 -20638.8 -20762.6 -20872.7 -20965.5 -21035.6 -21083 -21107.7 -21107.3 -21093.3 -21086.4 -21084.1 -21083.8 -21072 -21060.3 -21062.6 -21069.4 -21065.5 -21045 -21021 -20988.1 -20962.8 -20918.7 -20861.2 -20784.7 -20680.2 -20544.2 -20395.4 -20226.1 -20020.4 -19791.1 -19544.8 -19284.1 -19001.8 -18693.1 -18360.7 -18007.6 -17629.8 -17229.3 -16787.1 -16312.1 -15820.6 -15305.5 -14752.7 -14176.8 -13580.6 -12967.1 -12325.2 -11666.5 -10992.6 -10304.7 -9596.2 -8864.29 -8107.97 -7337.8 -6554.98 -5752.3 -4934.2 -4103.99 -3257.87 -2403.34 -1544 -676.349 199 
100 -764.419 -1625.94 -2487.47 -3348.59 -4196.12 -5027.07 -5848.48 -6650.68 -7435.84 -8200.62 -8948.26 -9683.15 -10399.2 -11094 -11769.2 -12433.9 -13076.1 -13683.2 -14266.6 -14836.8 -15381.6 -15901.8 -16401.6 -16876.2 -17323.2 -17740.4 -18144 -18523.6 -18870.8 -19186.7 -19476.9 -19741.9 -19983.9 -20206.7 -20403.8 -20576.6 -20728.5 -20854.3 -20962.1 -21045.8 -21116.5 -21163.5 -21186.4 -21189.7 -21185.2 -21181.7 -21183.8 -21169.9 -21151.3 -21135.7 -21130.3 -21132.6 -21128.9 -21126 -21112.6 -21091.7 -21056.8 -21011.5 -20957.7 -20883.3 -20775.6 -20636.8 -20474.2 -20295.3 -20099.1 -19878.4 -19619.5 -19334.7 -19036.9 -18726.2 -18391.2 -18035.2 -17656.7 -17257.4 -16828.8 -16369 -15872.3 -15342 -14777.2 -14187.7 -13584.3 -12965.5 -12333.6 -11684.2 -11011.3 -10316.3 -9610.47 -8883.44 -8138.49 -7374.75 -6593.59 -5786.76 -4966.13 -4130.77 -3281.66 -2419.56 -1550.34 -677.991 199 
100 -763.778 -1626.27 -2484.21 -3340.02 -4188.74 -5014.44 -5825.15 -6619.91 -7398.2 -8153.39 -8899.73 -9626.49 -10339.9 -11033.9 -11713.9 -12373.1 -13010.4 -13624.6 -14210.6 -14783.5 -15329 -15851.9 -16348.3 -16817.2 -17270 -17694.4 -18091.4 -18463.3 -18817.2 -19142.6 -19437.1 -19704.5 -19952.9 -20185.1 -20379.3 -20549.2 -20693.5 -20817.7 -20927.8 -21019.7 -21087.5 -21136.2 -21163.8 -21164.8 -21150.5 -21143.9 -21140.4 -21134.7 -21115.1 -21102 -21106.4 -21112.2 -21108.2 -21089.2 -21065.9 -21033 -21008.8 -20969.6 -20913.3 -20839.3 -20735 -20597 -20446.6 -20272.3 -20062.6 -19829.8 -19580 -19315.3 -19031.9 -18721.3 -18389.5 -18031.4 -17650.2 -17248.7 -16808.1 -16335 -15842.8 -15329 -14781.3 -14206 -13610.9 -12997.4 -12355 -11695.1 -11022.3 -10331.5 -9617.33 -8877.69 -8115.58 -7339.57 -6553.24 -5750.93 -4932.8 -4102.94 -3256.44 -2402.16 -1544.48 -675.575 199 
100 -763.954 -1625.69 -2487.43 -3348.59 -4196.25 -5028.17 -5849.17 -6653.22 -7438.21 -8201.6 -8946.69 -9677.64 -10392.8 -11090.3 -11768.4 -12432.4 -13072.5 -13679.5 -14263 -14829.8 -15372.4 -15887 -16381.5 -16858.3 -17308.3 -17730.6 -18135.6 -18516.3 -18866.9 -19182.5 -19470.4 -19733.9 -19976.6 -20195.7 -20389.1 -20560.4 -20709.6 -20833.4 -20941.1 -21023.9 -21093.2 -21141 -21164.3 -21171.7 -21166.3 -21160.4 -21158.2 -21142.4 -21122.9 -21108.6 -21103.4 -21103.8 -21102.2 -21101.2 -21087.7 -21066.8 -21032.9 -20988.9 -20938.2 -20862.4 -20754.6 -20612.7 -20450.3 -20271.8 -20076.1 -19858.8 -19607.3 -19328.2 -19037.2 -18732.3 -18405.4 -18052.1 -17677.2 -17280.6 -16854.6 -16393.5 -15895.7 -15365.3 -14799.3 -14209.8 -13604.4 -12982.4 -12349.2 -11695.3 -11021.1 -10329.9 -9623.83 -8896.8 -8148.23 -7378.84 -6594.4 -5785.58 -4965 -4130.13 -3282.21 -2419.22 -1550.58 -677.776 199 
100 -764.226 -1627.56 -2486.5 -3343.13 -4191.35 -5017.48 -5830.91 -6628.65 -7409.64 -8168.13 -8915.73 -9644.98 -10357.9 -11048.9 -11727.3 -12380.4 -13013.9 -13625.4 -14210.2 -14780 -15322 -15841.1 -16335.5 -16806.3 -17258.8 -17682 -18080.6 -18453.6 -18809.1 -19134.2 -19424.7 -19688.5 -19936.5 -20167.6 -20361.5 -20535.8 -20682.8 -20805.5 -20912.1 -21000.6 -21065.4 -21117.4 -21142.6 -21142.1 -21128.3 -21125 -21122.9 -21117.7 -21096.4 -21084.3 -21090.1 -21094.1 -21090.6 -21070.4 -21048.9 -21019.2 -20998 -20959.6 -20904.8 -20836.2 -20730.1 -20590.7 -20434.6 -20253.2 -20037.4 -19798 -19542.4 -19276.8 -18994.1 -18685.8 -18358.4 -18001.5 -17618.1 -17215 -16774.4 -16305.2 -15812.3 -15301.9 -14755.2 -14180.4 -13587 -12973.2 -12330.8 -11670.1 -10998.6 -10308.4 -9595.27 -8854.81 -8091.81 -7317.47 -6533.67 -5737.74 -4927.22 -4099.51 -3253.95 -2400.34 -1542.84 -674.608 199 
100 -766.777 -1633.55 -2499.03 -3360.23 -4212.52 -5052.87 -5878.7 -6687.18 -7473.59 -8239.96 -8985.78 -9717.04 -10433.5 -11135.3 -11817.6 -12483.6 -13123.3 -13733 -14319.1 -14887.1 -15431 -15950.5 -16449.4 -16929.3 -17382.3 -17808.7 -18214 -18594.7 -18952.3 -19270.5 -19557.8 -19823 -20069.2 -20289.2 -20484 -20658.7 -20809.4 -20935.1 -21044.9 -21132.2 -21206.1 -21258.3 -21283.7 -21296.8 -21291.3 -21285.9 -21283.6 -21271.9 -21254.3 -21242 -21232.5 -21225.6 -21217.4 -21212.6 -21198.2 -21175.1 -21138.8 -21092.3 -21041.5 -20965.3 -20858.3 -20719.3 -20558.9 -20381.2 -20185.2 -19968.9 -19720.7 -19444.3 -19153.2 -18846.3 -18512.4 -18152.3 -17771 -17370.4 -16940.3 -16475.4 -15974.3 -15440.2 -14869 -14275.3 -13667.3 -13041.6 -12405.6 -11746.5 -11067.9 -10376.3 -9669.7 -8941.09 -8187.28 -7412.73 -6623.77 -5811.92 -4987.47 -4148.91 -3298.37 -2430.74 -1558.82 -681.504 199 
100 -769.59 -1639 -2503.68 -3366.1 -4219.69 -5049.1 -5863.63 -6664.76 -7447.31 -8210.77 -8963.69 -9700.64 -10417 -11114 -11798.8 -12455.8 -13093.4 -13707.3 -14296.8 -14870.6 -15415.3 -15936.5 -16432.7 -16907.7 -17361 -17783 -18184.9 -18560.2 -18916.5 -19244 -19534.8 -19800.9 -20052.2 -20281.6 -20472.6 -20647.9 -20800.4 -20926.5 -21032.1 -21117.9 -21181.3 -21233.9 -21259.7 -21260.6 -21247.6 -21246 -21251.2 -21247 -21223.7 -21211.8 -21216.9 -21216.8 -21207.7 -21186.4 -21163 -21133.5 -21111.3 -21074.2 -21016 -20946.2 -20834.3 -20693 -20531.8 -20345 -20127.4 -19885.7 -19630.1 -19363.5 -19079.1 -18771.1 -18443.5 -18084.6 -17696.6 -17286.9 -16845.1 -16379.2 -15884 -15373.8 -14827.4 -14252.8 -13659.9 -13041.6 -12395.1 -11729.1 -11052.2 -10356.1 -9637.58 -8890.67 -8121.77 -7342.8 -6556.46 -5760.36 -4951.1 -4118.19 -3267.22 -2410.5 -1547.99 -677.662 199 
100 -768.755 -1636.63 -2500.45 -3360.28 -4213.03 -5052 -5876.77 -6686.06 -7469.61 -8236.47 -8983.76 -9715 -10433.1 -11137 -11824.7 -12492.8 -13131.6 -13743.1 -14328.5 -14896.4 -15439.1 -15961.3 -16461.9 -16942.3 -17395.2 -17823.4 -18225.7 -18606.3 -18969.1 -19286.6 -19568.1 -19830.7 -20076.4 -20294.3 -20489.1 -20663.3 -20810.7 -20937.9 -21049.9 -21143 -21223 -21280.5 -21305.3 -21318.5 -21312.9 -21310.5 -21309.3 -21299.6 -21283.6 -21269.2 -21259.3 -21250.9 -21241.8 -21236.5 -21224.4 -21204.7 -21175.9 -21131.9 -21080.6 -20998.1 -20883.3 -20739.7 -20572.8 -20393.3 -20193.4 -19975.4 -19727.3 -19451.7 -19160.3 -18853.1 -18517.4 -18157.4 -17774.5 -17371.2 -16939.4 -16473.5 -15973.3 -15441.5 -14870.5 -14276.1 -13667.6 -13041.6 -12405.5 -11746.2 -11069.6 -10383 -9680.1 -8955.11 -8198.77 -7421.82 -6630.86 -5818.88 -4993.1 -4153.5 -3301.46 -2433.95 -1561.5 -682.448 199 
100 -771.329 -1642.66 -2510.18 -3374.8 -4230.7 -5062.68 -5878.47 -6682.19 -7465.65 -8234.62 -8990.32 -9731.4 -10448.2 -11147.9 -11831.7 -12491.8 -13133.6 -13751.8 -14346 -14919.4 -15464.8 -15987.9 -16485 -16961.8 -17418.4 -17843.5 -18249.6 -18626.2 -18984 -19315.2 -19607.7 -19874.4 -20124.9 -20354.6 -20547.2 -20724.7 -20881.1 -21008.2 -21115.5 -21200.7 -21265.2 -21320.3 -21350.9 -21353.4 -21346.8 -21346.2 -21353 -21346 -21321.1 -21308.7 -21312.7 -21310.4 -21300.1 -21280.7 -21254.8 -21224.8 -21199.6 -21162.5 -21101 -21027.7 -20909.4 -20763.3 -20596 -20407.9 -20189.7 -19948.6 -19691.8 -19421.7 -19132.8 -18824.8 -18496.8 -18134.9 -17741.1 -17326.8 -16890.1 -16425.9 -15931.2 -15417 -14870.9 -14296.4 -13702.3 -13081.1 -12432.5 -11765.8 -11085.8 -10388 -9669.15 -8924.93 -8157.55 -7375.63 -6582.46 -5779.4 -4965.05 -4126.62 -3272 -2414.19 -1549.03 -678.675 199 
100 -775.501 -1650.03 -2519.86 -3386.11 -4246.88 -5095.18 -5928.78 -6748.42 -7539.68 -8312.77 -9067.56 -9803.52 -10527.8 -11238 -11935.2 -12612.2 -13257.4 -13878 -14476.6 -15056.3 -15608.9 -16138.1 -16645.9 -17133.3 -17596.1 -18032.4 -18439.4 -18826.5 -19196.1 -19514 -19800.1 -20064 -20313.1 -20534.1 -20734.7 -20913.1 -21063.6 -21195.8 -21312.9 -21414.1 -21502.1 -21568.3 -21597.1 -21610.4 -21606.2 -21604.6 -21601.6 -21589.1 -21569.3 -21553.6 -21541.2 -21527.9 -21514.6 -21499.6 -21477.7 -21447.2 -21409.7 -21364.1 -21312.3 -21225.6 -21102.9 -20950.4 -20774.9 -20588.5 -20381.4 -20153.1 -19900.6 -19620.7 -19321.5 -19007.7 -18662 -18292.2 -17893.8 -17474.2 -17027.8 -16550.3 -16044.3 -15507.3 -14934 -14337.9 -13727.9 -13100.4 -12462.5 -11799.9 -11121.1 -10431.8 -9728.48 -8998.93 -8237.39 -7453.95 -6656.51 -5839.21 -5008.6 -4168.81 -3314.46 -2446.45 -1571.49 -687.389 199 
100 -777.484 -1654.97 -2530.81 -3405.01 -4269.99 -5111.51 -5934.11 -6744.05 -7533.63 -8308.06 -9066.92 -9811.82 -10532.1 -11239.6 -11926.9 -12597.7 -13248.2 -13875.7 -14476.6 -15054.7 -15605.8 -16136.4 -16644.3 -17133.3 -17602.2 -18035.1 -18450 -18835.3 -19196.9 -19533.1 -19830 -20096.3 -20344.2 -20568.8 -20762.8 -20943.6 -21104.5 -21240.4 -21355.4 -21445.3 -21514.9 -21573.1 -21608 -21611.7 -21606.8 -21609.3 -21614.6 -21605.1 -21578 -21567.2 -21572.2 -21570.7 -21557.5 -21533.4 -21502.3 -21470.4 -21440.4 -21399.6 -21334.9 -21257.8 -21139.4 -20989.3 -20817.3 -20622.1 -20397.1 -20149.4 -19888.9 -19615.9 -19323.8 -19013 -18678.4 -18312.1 -17912.5 -17492.9 -17051.8 -16582 -16078.7 -15558.3 -15008.3 -14429.4 -13828.6 -13200.4 -12545.2 -11873.5 -11188.5 -10484.5 -9760.2 -9013.89 -8242.52 -7453.53 -6651.83 -5840.3 -5018.64 -4169.97 -3306.24 -2439.01 -1564.97 -686.468 199 
100 -781.289 -1661.09 -2536.54 -3408.34 -4273.26 -5128.2 -5968.45 -6791.06 -7582.48 -8356.12 -9111.8 -9843.96 -10565.3 -11272 -11969.7 -12647.7 -13293.5 -13916.1 -14514.3 -15094 -15646 -16175.6 -16683.3 -17169.6 -17633 -18068.1 -18474.8 -18866.8 -19239.7 -19564.2 -19861.7 -20133.4 -20387.1 -20614.7 -20821.1 -21004.5 -21157.7 -21294 -21412.9 -21516.8 -21608.1 -21677.5 -21705.8 -21718 -21714.3 -21712.3 -21710.1 -21702.3 -21688.5 -21675.3 -21662 -21653.1 -21647.2 -21635.7 -21616.7 -21589.4 -21553.7 -21506 -21442.9 -21352.1 -21227.9 -21076.5 -20902.4 -20716.8 -20512.3 -20285.1 -20030.1 -19748.5 -19446.9 -19131.7 -18786 -18414.5 -18013.8 -17589.5 -17138.8 -16659 -16148.4 -15609.7 -15033.9 -14436.5 -13823.8 -13194 -12552.5 -11886.5 -11204.2 -10510.6 -9804.75 -9072.84 -8305.55 -7514.63 -6711.04 -5886.93 -5049.74 -4203.55 -3345.78 -2472.63 -1588.7 -696.211 199 
100 -784.108 -1668.22 -2551.39 -3432.58 -4301.45 -5147.24 -5977.92 -6796.54 -7593.25 -8375.38 -9140.99 -9888.58 -10613 -11323.2 -12010.8 -12687.3 -13342.9 -13976 -14581.2 -15163.2 -15717.4 -16249.3 -16757.1 -17241.4 -17705.7 -18135.1 -18545.3 -18929.2 -19291.6 -19628.1 -19928 -20201.2 -20455.9 -20686 -20885.3 -21069.7 -21234.3 -21376 -21493 -21584.5 -21657.9 -21717.1 -21753.2 -21762.2 -21759.6 -21761.1 -21763 -21752.6 -21722.9 -21711 -21714.9 -21710.2 -21691 -21663.1 -21631.1 -21598 -21566.8 -21527.3 -21467.5 -21391.7 -21280.7 -21136 -20966.2 -20770.6 -20544.4 -20291.6 -20027.6 -19752.4 -19457 -19143 -18802.8 -18432.9 -18029.7 -17608.3 -17169 -16700.5 -16195.1 -15669.1 -15113.4 -14527.9 -13918.8 -13284.9 -12623.4 -11946.5 -11257.1 -10548.8 -9821.96 -9075.24 -8298.94 -7508.19 -6701.74 -5885.05 -5057.75 -4203.4 -3334.3 -2461.1 -1580.38 -694.015 199 
100 -784.279 -1662.7 -2537.29 -3408.1 -4270.78 -5125.82 -5968.55 -6791.96 -7586.08 -8362.77 -9122.66 -9858.64 -10582.1 -11290.6 -11991.4 -12671.3 -13321.8 -13947.6 -14551.2 -15132.7 -15688.2 -16222.9 -16733.7 -17220.9 -17687 -18127 -18539.2 -18935.5 -19312.9 -19643.7 -19946.3 -20220.3 -20473.8 -20706.6 -20918.2 -21108.4 -21268.9 -21409.8 -21528.5 -21631.5 -21722.4 -21793.5 -21828.6 -21840.8 -21836.9 -21831.7 -21830.6 -21821.9 -21808.9 -21797.7 -21786.8 -21779.4 -21776.1 -21766.3 -21749.9 -21724.6 -21692.2 -21644.5 -21576 -21482.2 -21357.1 -21202 -21029 -20842.4 -20633.9 -20402.9 -20144 -19861.5 -19557 -19237.1 -18888.5 -18514.7 -18112.5 -17684.2 -17229.3 -16742.2 -16225.6 -15683.5 -15102.7 -14503.8 -13889.2 -13260.1 -12613.5 -11943.8 -11256.6 -10560.3 -9853.45 -9119.73 -8348.37 -7552.82 -6745.18 -5916.19 -5074.19 -4221.19 -3359.51 -2483.09 -1595.86 -699.986 199 
100 -785.254 -1670.51 -2555.49 -3434.9 -4306.46 -5151.84 -5980.54 -6799.19 -7598.03 -8381.13 -9149.33 -9897.33 -10623.1 -11329.4 -12017.3 -12695.6 -13354.2 -13988.8 -14594.4 -15178.1 -15733.3 -16266.7 -16773.6 -17258.8 -17723.9 -18159.6 -18571.5 -18955.6 -19319 -19656 -19957.7 -20230.6 -20486.7 -20717.5 -20920.1 -21103 -21262.8 -21399.7 -21509.8 -21599.4 -21674.6 -21735.4 -21771.6 -21783.2 -21779.6 -21781.4 -21783.7 -21772.8 -21744 -21733.9 -21739.9 -21736.2 -21718.6 -21695.6 -21665 -21633.2 -21606.2 -21572.5 -21523.2 -21452.4 -21342.8 -21197.9 -21028.9 -20833.1 -20605.8 -20353.5 -20089.7 -19809 -19508.4 -19189.3 -18846.2 -18475.4 -18069.8 -17642.5 -17197.5 -16726.7 -16219.5 -15693.2 -15137 -14549 -13935.8 -13299 -12634.5 -11956.1 -11266.4 -10563.5 -9838.96 -9095.12 -8321.33 -7529.77 -6721.32 -5902.21 -5072.18 -4216.07 -3344.76 -2467.3 -1583.8 -695.686 199 
100 -784.422 -1664.55 -2538.83 -3410.25 -4271.73 -5127.26 -5968.11 -6788.34 -7584.22 -8363.89 -9122.21 -9860.51 -10582.7 -11289.6 -11988.8 -12669.5 -13319.7 -13947.4 -14556.5 -15141.4 -15702.2 -16242.3 -16759.1 -17251.7 -17721.5 -18160.8 -18570.8 -18963.4 -19336.4 -19667.4 -19968.9 -20242.6 -20492.6 -20727.3 -20939.1 -21126.4 -21282.8 -21424.2 -21538.9 -21635.1 -21720.1 -21780.7 -21812 -21819.9 -21813.3 -21803.4 -21803.9 -21795.4 -21781.9 -21771 -21761.4 -21755.9 -21752.6 -21742.1 -21726 -21699.6 -21667.4 -21619.4 -21550 -21455.5 -21335.2 -21181.9 -21013.8 -20832.3 -20628.3 -20396.3 -20134.5 -19852.3 -19548.9 -19227.7 -18880.7 -18506 -18104.6 -17675.5 -17220.6 -16732.8 -16214.8 -15673.1 -15094.5 -14494.4 -13879.1 -13251.7 -12603.1 -11933.5 -11247.3 -10549.6 -9842.44 -9111.07 -8343.79 -7550.39 -6742.04 -5911.65 -5071.99 -4221.52 -3360.13 -2483.94 -1596.96 -700.232 199 
100 -789.519 -1679.04 -2565.85 -3444.21 -4316.73 -5165.49 -5998.21 -6821.99 -7625.37 -8411.94 -9182.4 -9931.16 -10657.6 -11363.4 -12052.4 -12731.9 -13395 -14033.7 -14643.6 -15230.6 -15787.2 -16322.1 -16829.7 -17316.8 -17782.5 -18221.5 -18633.6 -19019.4 -19383.9 -19721.3 -20023.7 -20297.7 -20555.1 -20786.7 -20992.2 -21175.3 -21335.8 -21474.2 -21584.5 -21675.2 -21752.5 -21817.9 -21857.6 -21875.8 -21874.2 -21876.3 -21882.5 -21870.8 -21841.3 -21829.5 -21834.6 -21831.2 -21811.4 -21789.5 -21760 -21728.4 -21700.2 -21663.9 -21613.1 -21539.3 -21428.4 -21283.4 -21112.6 -20922 -20700.4 -20448.2 -20186.1 -19903.9 -19601.2 -19277.9 -18932.3 -18560.3 -18152.2 -17724.5 -17275.2 -16797.6 -16286.4 -15757.8 -15198 -14604 -13988.6 -13350 -12684 -12004.2 -11313.5 -10608.3 -9879.61 -9132.09 -8356.52 -7557.58 -6742.44 -5918.16 -5081.79 -4223.54 -3350.76 -2471.92 -1587.07 -697.172 199 
100 -793.295 -1681.79 -2562.61 -3440.32 -4308.05 -5170.33 -6019.42 -6845.69 -7648.97 -8435.28 -9202.54 -9952.05 -10682.1 -11398.5 -12102.6 -12787.4 -13442 -14071.8 -14684.3 -15273.3 -15832.6 -16371.1 -16888.8 -17383.8 -17853.8 -18294 -18704 -19097.3 -19471.4 -19805.4 -20109.4 -20385.1 -20635 -20871.6 -21082.4 -21270.8 -21428.2 -21572.5 -21691.7 -21791.4 -21877.9 -21935.6 -21970.1 -21979.5 -21973.5 -21961.2 -21960.7 -21951.6 -21937.6 -21926.3 -21917.5 -21912.1 -21906.6 -21896.5 -21882.1 -21857.7 -21827.2 -21777.9 -21712.2 -21618.9 -21501.3 -21346.9 -21172.5 -20982.9 -20773.4 -20537.1 -20270.3 -19986.5 -19681.5 -19356.6 -19005.5 -18624.8 -18217.7 -17786 -17328.1 -16835.4 -16313.5 -15769.1 -15190.4 -14589.3 -13975.7 -13347 -12689.9 -12012.2 -11318.6 -10614.2 -9899.79 -9159.96 -8387.68 -7589.78 -6777.73 -5941.41 -5096.75 -4241.71 -3377.97 -2499.79 -1607.62 -705.365 199 
100 -799.709 -1697.58 -2590.39 -3475.18 -4353.34 -5210.26 -6049.74 -6881.5 -7691.72 -8484.68 -9261.58 -10013.6 -10743.4 -11452.2 -12144.4 -12828.7 -13498.7 -14139.7 -14752 -15344 -15903.1 -16438.6 -16948.2 -17437.5 -17907.5 -18352.5 -18770.1 -19164.3 -19535.2 -19874.2 -20179.7 -20456.8 -20715.7 -20947.1 -21152.2 -21332.5 -21490.8 -21626.2 -21735.1 -21828.8 -21910.8 -21977.1 -22017.6 -22035.6 -22030.2 -22030.3 -22031.2 -22016.9 -21988.7 -21978.5 -21981.8 -21980.5 -21964 -21948 -21921.5 -21891.3 -21865.2 -21829.2 -21779.5 -21705.5 -21595.1 -21450 -21278.3 -21086.9 -20860.1 -20603.8 -20337.4 -20050.8 -19746.2 -19420.3 -19068.2 -18686.7 -18272.5 -17838.6 -17384.6 -16901.7 -16387.8 -15852.4 -15288 -14688.2 -14063.9 -13418.1 -12749.6 -12068.7 -11374.7 -10667 -9935.2 -9182.77 -8408.53 -7604.98 -6785.15 -5954.99 -5110.84 -4245.58 -3368.11 -2485.15 -1596.08 -701.754 199 
100 -795.854 -1687.2 -2570.09 -3447.52 -4315.81 -5177.47 -6028.92 -6859.64 -7669.47 -8459.19 -9229.38 -9979.83 -10707.2 -11420.1 -12119.2 -12803.2 -13458.6 -14087.6 -14695.5 -15277.7 -15837.8 -16376.3 -16891.2 -17388.6 -17858.5 -18300.5 -18718 -19115.3 -19492.2 -19829.4 -20135.3 -20409.9 -20660.1 -20898.8 -21113.5 -21305 -21464.2 -21607 -21723.4 -21818.9 -21901.7 -21956.1 -21993.5 -22006.8 -22003.4 -21992 -21990.7 -21983.1 -21969 -21959.4 -21956.3 -21956.9 -21955.9 -21948.9 -21938.1 -21916.7 -21890.8 -21847.1 -21786.7 -21697 -21581.6 -21435.1 -21260.1 -21070.7 -20857.8 -20617.2 -20346.1 -20063.2 -19762 -19441.1 -19087.4 -18702.7 -18289.2 -17851.9 -17386.7 -16891.1 -16368.2 -15824.8 -15247.7 -14643.7 -14028.5 -13397.2 -12736.6 -12056.3 -11359.8 -10651.3 -9932.23 -9187.31 -8411.21 -7616.38 -6803.29 -5964.57 -5117.21 -4257.37 -3388.08 -2508.1 -1613.1 -707.972 199 
100 -799.905 -1698.42 -2591.44 -3476.67 -4353.53 -5209.31 -6048.95 -6880.8 -7689.92 -8480.31 -9254.61 -10002.5 -10730.8 -11437.2 -12129 -12814.3 -13485.9 -14125.2 -14737.4 -15330.6 -15889.9 -16425.5 -16935.1 -17422.9 -17893 -18338.1 -18755.2 -19150.7 -19522.5 -19860.8 -20164.3 -20442.8 -20701.3 -20936.2 -21147.7 -21331.5 -21490.9 -21625.5 -21736.8 -21830.6 -21912.6 -21979.6 -22024.3 -22046 -22046.6 -22053.2 -22052.2 -22033.2 -22002.5 -21989.8 -21990.6 -21992.4 -21974.5 -21956 -21929.3 -21896.3 -21867.6 -21831 -21780.5 -21706.2 -21598.4 -21455.9 -21286 -21095.4 -20865.6 -20610.6 -20344.6 -20057.8 -19752.1 -19427.4 -19079.6 -18700.7 -18289.4 -17859 -17403.2 -16920.4 -16407.8 -15869.8 -15303 -14705.3 -14082.4 -13435.8 -12768 -12082.7 -11383.4 -10668.8 -9934.13 -9179.26 -8410.34 -7606.82 -6786.73 -5955.99 -5110.58 -4244.9 -3367.47 -2485.09 -1596.33 -702.187 199 
100 -797.098 -1690.31 -2577.49 -3457.33 -4328.5 -5189.54 -6039.3 -6869.14 -7678.14 -8468.4 -9235.64 -9984.55 -10713.9 -11428.7 -12127.6 -12813.2 -13475 -14108.7 -14722.6 -15312.4 -15879.6 -16422.5 -16942.4 -17442.2 -17916.7 -18359.3 -18779.2 -19176.7 -19551.9 -19889.5 -20197 -20473.7 -20726.3 -20967.4 -21184.7 -21377.3 -21538.6 -21684.4 -21805.2 -21905.8 -21989.2 -22048.4 -22095.6 -22115.4 -22116.4 -22110.8 -22113.1 -22106.7 -22090.3 -22078.5 -22078.1 -22081 -22079.9 -22073.1 -22059.2 -22034.8 -22006.1 -21959.4 -21899 -21810 -21696.6 -21554.6 -21377.4 -21187.5 -20972.3 -20730.9 -20461.4 -20181.5 -19881.5 -19561.3 -19206.9 -18819.8 -18404.6 -17966.3 -17496.8 -16998.6 -16472.7 -15925.5 -15347 -14738.6 -14117.1 -13479.7 -12814.2 -12128.9 -11427.2 -10708 -9977.34 -9225.25 -8448.17 -7650.73 -6831.85 -5989.48 -5138.93 -4275.54 -3402.4 -2519.62 -1620.83 -711.808 199 
100 -801.196 -1701.47 -2596.22 -3483.17 -4363.57 -5222.58 -6065.92 -6901.28 -7717.5 -8514.98 -9296.53 -10052.2 -10787.4 -11499.7 -12201.2 -12894.7 -13573.9 -14219.3 -14833.5 -15428.2 -15990.5 -16529.7 -17039.2 -17527 -17995.6 -18443.4 -18863.2 -19260.6 -19637.5 -19976.6 -20279.3 -20562 -20827.7 -21068 -21278.5 -21463.2 -21622 -21759 -21877.4 -21976 -22062.9 -22135.6 -22184.1 -22209.1 -22214.3 -22225.8 -22231.8 -22216.5 -22190.4 -22180.5 -22181.8 -22184 -22162.1 -22140.5 -22115.6 -22086.9 -22062 -22028.7 -21979.1 -21903.9 -21794 -21652.7 -21485.4 -21297.7 -21070.3 -20818 -20552.1 -20262.7 -19953.8 -19620.7 -19265.2 -18882.1 -18467.2 -18032.9 -17570.9 -17082.7 -16565.6 -16025.3 -15452.5 -14847 -14215.9 -13558.4 -12883.9 -12193.1 -11489.8 -10773.2 -10035.7 -9276.94 -8502.41 -7692.35 -6862.08 -6019.63 -5162.48 -4287.25 -3404.61 -2515.19 -1616.53 -711.502 199 
100 -803.54 -1703.41 -2597.08 -3482.42 -4359.62 -5223.63 -6076.74 -6910.32 -7722.24 -8518.02 -9289.65 -10040.6 -10772.9 -11487.2 -12183.2 -12866.9 -13527.7 -14158.9 -14774.8 -15364.7 -15933.3 -16476.5 -16997.5 -17495.9 -17973 -18415.2 -18838 -19237.2 -19618.2 -19961.3 -20272.9 -20550.9 -20808.7 -21052.7 -21270.1 -21462.3 -21630.8 -21781.7 -21903.6 -22006.1 -22087.4 -22146.8 -22194 -22215.5 -22221.9 -22221 -22225.4 -22222.1 -22213.2 -22209.7 -22219.8 -22231.5 -22233.8 -22229 -22214.2 -22190.2 -22164.1 -22119.5 -22059.9 -21971.8 -21859.8 -21719.9 -21545.8 -21360.6 -21148.1 -20905.1 -20633.1 -20350.2 -20043.1 -19719.3 -19364.8 -18978.7 -18568.9 -18131.2 -17659.3 -17158.3 -16632.2 -16083.9 -15500.7 -14888.2 -14263.7 -13621.2 -12947.2 -12254 -11543.8 -10816 -10076.3 -9313.59 -8525.88 -7715.94 -6886.31 -6039.81 -5183.89 -4313.62 -3432.8 -2542.86 -1636.46 -719.554 199 
100 -812.948 -1725.43 -2630.9 -3527.13 -4415.28 -5283.77 -6137.22 -6980.84 -7806.31 -8611.65 -9398.82 -10162.2 -10901.7 -11616 -12319.5 -13017 -13699.1 -14349.6 -14968.5 -15567.4 -16133.5 -16675.4 -17189.9 -17679.3 -18148.2 -18595.8 -19015.4 -19413.7 -19790.6 -20125 -20424 -20705.1 -20970.1 -21211.2 -21421.8 -21607.2 -21763.6 -21898.1 -22015.9 -22118 -22206.9 -22280 -22328.1 -22352 -22358.7 -22368.6 -22375.4 -22358.6 -22333.5 -22323.6 -22324.2 -22329.3 -22306.8 -22282.6 -22259.4 -22233.3 -22208.4 -22173.3 -22123.6 -22048.7 -21939.5 -21799 -21634.5 -21443.8 -21216.9 -20967.8 -20698.9 -20403.7 -20091.4 -19756.6 -19397.9 -19015 -18595.1 -18155 -17686.3 -17191.9 -16671.3 -16131.3 -15556.2 -14949 -14314.9 -13654.5 -12977.6 -12282.7 -11574.5 -10853.4 -10112 -9350.83 -8570.15 -7755.18 -6919.62 -6070.66 -5203.97 -4320.93 -3432.24 -2538.53 -1634.44 -720.067 199 
100 -809.168 -1714.54 -2614.11 -3504.5 -4388.2 -5257.78 -6118.69 -6958.39 -7777.04 -8580.3 -9359.39 -10113 -10850 -11569.7 -12271.3 -12960 -13626.1 -14262.2 -14877.4 -15466.6 -16037.3 -16582.5 -17105.6 -17607.2 -18090.5 -18536.6 -18961.7 -19361.6 -19742.9 -20088.9 -20399.5 -20681.4 -20943.4 -21186.9 -21407.1 -21602.6 -21777.3 -21933.1 -22057.7 -22161.9 -22240.5 -22300.8 -22350 -22373.1 -22378.9 -22377.6 -22378.9 -22374.2 -22366.6 -22360.1 -22365.6 -22376.5 -22374.4 -22365.6 -22343.9 -22315 -22283.3 -22238.7 -22176.3 -22086.4 -21969.8 -21825.7 -21646.6 -21454.9 -21235.9 -20983.3 -20698.5 -20406 -20092.7 -19763.5 -19403.6 -19015.9 -18605.9 -18165.8 -17690.9 -17188.6 -16667.9 -16123 -15537.2 -14928 -14307.4 -13665.8 -12987.2 -12292 -11578.6 -10847.6 -10106.6 -9341.53 -8554.31 -7739.84 -6905.88 -6057.06 -5198.21 -4325 -3441.55 -2549.44 -1640.64 -722.363 199 
100 -818.219 -1736.42 -2648.04 -3549.85 -4442.2 -5316.78 -6176.89 -7025.34 -7855.45 -8663.03 -9455.34 -10223.7 -10968 -11687 -12395 -13097.8 -13784.8 -14441.7 -15067.9 -15671.9 -16241.9 -16786.4 -17303.9 -17797 -18269 -18718.5 -19141 -19545 -19926.7 -20268.3 -20574 -20861.5 -21131.3 -21376.4 -21592.7 -21779.9 -21934.6 -22070.5 -22189.8 -22296 -22387.6 -22463.4 -22514.1 -22537.1 -22541.4 -22548.2 -22549.1 -22528.2 -22501.2 -22486.5 -22486.1 -22493.4 -22471.8 -22446.5 -22424.8 -22397 -22369.2 -22328.4 -22275.5 -22194.5 -22081.6 -21940.1 -21771.2 -21577.6 -21350.5 -21101.1 -20831.7 -20530 -20214.2 -19877.1 -19514.1 -19125.9 -18703.2 -18259.4 -17787 -17288.1 -16758.9 -16209.8 -15626.4 -15015.8 -14376.8 -13714 -13034 -12336.1 -11623.1 -10896.3 -10151.1 -9389.43 -8606.48 -7788.73 -6950.25 -6096.73 -5224.84 -4338.89 -3446.5 -2549.48 -1642 -723.562 199 
100 -815.604 -1726.9 -2633.02 -3529.63 -4420.56 -5296.86 -6163.51 -7009.4 -7835.51 -8645.03 -9428.95 -10182.1 -10921 -11641.8 -12347 -13039.9 -13709.4 -14352.7 -14971.1 -15571.7 -16154.3 -16708 -17240.1 -17748.6 -18239.2 -18693.4 -19120.6 -19523.1 -19902.3 -20245.6 -20552 -20836.6 -21100.2 -21346.4 -21567.6 -21767.8 -21948.7 -22103.1 -22232.8 -22337.2 -22418.1 -22482.5 -22539.9 -22566.9 -22574.9 -22573.9 -22574 -22566.9 -22558.2 -22553.6 -22561.3 -22572.4 -22564.5 -22553.9 -22527.4 -22499 -22464.4 -22419 -22352.7 -22261.7 -22142.1 -21995.4 -21811.4 -21614.3 -21393.2 -21138.5 -20851.2 -20556.7 -20242.8 -19910.7 -19551.4 -19165.6 -18754.2 -18312.8 -17836.8 -17329.8 -16802.1 -16249.6 -15655.3 -15038.8 -14410.1 -13763.1 -13081.3 -12384.1 -11666.1 -10932.4 -10187.2 -9415.47 -8619.49 -7794.71 -6953.1 -6096.09 -5227.48 -4349.82 -3461.49 -2564.08 -1651.42 -727.383 199 
100 -819.377 -1738.75 -2652.75 -3555.98 -4447.69 -5321.5 -6181.71 -7028.07 -7856.17 -8657.57 -9443.24 -10207 -10947.6 -11662.3 -12368.2 -13069.4 -13756.8 -14417 -15049.9 -15659.1 -16235.5 -16785.2 -17307.4 -17801.4 -18278.3 -18730.9 -19157.2 -19566 -19950.8 -20295.9 -20606.1 -20898.5 -21169.4 -21414.3 -21632.8 -21818.8 -21971.3 -22109.2 -22223.2 -22324.4 -22410.9 -22486 -22542.8 -22572.4 -22582 -22588.4 -22587.9 -22568 -22546.2 -22532.7 -22533.7 -22539.6 -22520.3 -22493.3 -22470 -22441.7 -22411.9 -22365.9 -22311.8 -22229.4 -22114.8 -21967.2 -21795 -21599.9 -21371.9 -21123.9 -20855.4 -20552.4 -20237 -19902.5 -19540.8 -19151.9 -18731.1 -18285.1 -17811.6 -17312.8 -16783.8 -16237.5 -15652.6 -15042.5 -14401.2 -13736.8 -13055.9 -12356.8 -11642.4 -10914.1 -10167.7 -9402.83 -8616.19 -7799.04 -6958.5 -6102.76 -5228.17 -4341.26 -3446.97 -2547.92 -1640.3 -722.404 199 
100 -821.337 -1738.3 -2648.7 -3548.18 -4439.99 -5318.42 -6185.68 -7034.54 -7862.76 -8675.93 -9461.71 -10215.3 -10955.7 -11680.8 -12388.6 -13084.6 -13756.3 -14406.4 -15026.2 -15629.9 -16214.4 -16768.1 -17302.2 -17814.2 -18308.2 -18765.1 -19196.8 -19601 -19978.8 -20322.1 -20633 -20921.2 -21185.3 -21434.4 -21654.7 -21855.9 -22038 -22189.2 -22320.1 -22425.8 -22504.8 -22565.7 -22620.5 -22645.6 -22656.8 -22658.5 -22660.6 -22651.2 -22640.1 -22637.9 -22647.9 -22655.7 -22643.3 -22624.3 -22589.5 -22558.8 -22523.7 -22480.5 -22418.8 -22332.1 -22210.5 -22063.5 -21879 -21678.8 -21455.2 -21198.1 -20905.3 -20605.1 -20286.4 -19946.7 -19582 -19193.1 -18775.8 -18328.6 -17847.5 -17337.3 -16807.7 -16252.3 -15655.8 -15040.6 -14410.4 -13759.6 -13080.8 -12383.1 -11667.2 -10932.9 -10183.1 -9412.08 -8614.98 -7791.38 -6946.1 -6086.05 -5214.81 -4337.4 -3449.35 -2553.83 -1645.79 -724.151 199 
100 -823.297 -1745.64 -2663.75 -3570.01 -4462.61 -5339.82 -6205.8 -7055.68 -7887.24 -8690.85 -9478.08 -10246.7 -10990.9 -11708.8 -12417.4 -13120.8 -13810.7 -14474.2 -15112.4 -15723.5 -16304.8 -16857.8 -17385.6 -17882.9 -18366.5 -18824.4 -19254.5 -19665.7 -20053 -20402.1 -20721.5 -21021.2 -21292.4 -21534.2 -21757.9 -21945.2 -22099.3 -22236.1 -22350.4 -22453.4 -22541.3 -22612.1 -22665.7 -22691.9 -22698.2 -22701.1 -22699.8 -22676.1 -22649.3 -22630.1 -22628.2 -22631.1 -22612.8 -22584 -22557.3 -22526.1 -22494.1 -22444.6 -22387.2 -22305.3 -22187.6 -22036.1 -21860.2 -21662.9 -21432.5 -21181.9 -20909.3 -20601.5 -20282 -19943.1 -19579.3 -19188 -18766.7 -18315.2 -17839.7 -17336.9 -16801.7 -16248.4 -15660.9 -15049.3 -14407.2 -13743.4 -13060.1 -12359 -11644.5 -10912.4 -10160.4 -9397.79 -8615.73 -7806.09 -6967.55 -6113.94 -5239.23 -4351.31 -3453.63 -2551.44 -1640.88 -722.362 199 
100 -820.605 -1736.91 -2646.09 -3544.32 -4434.99 -5314.59 -6181.14 -7028.57 -7853.49 -8663.09 -9444.87 -10199.3 -10939 -11665.1 -12371.7 -13067 -13736.7 -14382.6 -14998.5 -15596.6 -16176.8 -16729.7 -17263 -17774.6 -18269 -18720.2 -19146.4 -19549.2 -19926.2 -20268.9 -20581.4 -20869.1 -21134.6 -21385.2 -21601 -21799.6 -21976.6 -22124.1 -22255.7 -22362.6 -22444.6 -22510.7 -22573.5 -22608.2 -22628.1 -22634 -22636.3 -22630.7 -22623.1 -22622.9 -22634.3 -22645.5 -22635.3 -22617.8 -22586 -22556.2 -22520.9 -22477.3 -22414.3 -22326.3 -22204.3 -22057.4 -21874.6 -21674.1 -21446.5 -21189.5 -20900.1 -20600.1 -20281.9 -19940.3 -19574.6 -19187.9 -18771.2 -18325.1 -17842.5 -17330.8 -16801.9 -16245.3 -15649.2 -15034.2 -14404.4 -13755.7 -13080.1 -12383.4 -11668.6 -10934.3 -10181.7 -9412.1 -8612.31 -7788.23 -6946.26 -6088.12 -5216.27 -4338.04 -3449.83 -2554.33 -1646.24 -724.489 199 
100 -824.134 -1746.44 -2665.4 -3571.95 -4462.55 -5340.16 -6207.83 -7061.75 -7894.79 -8703.04 -9488.6 -10257.6 -11002.4 -11718.9 -12425.1 -13125.5 -13811.6 -14473.2 -15110.8 -15723.1 -16308.8 -16861.1 -17390.7 -17890.8 -18374 -18832 -19262.6 -19673.5 -20059.1 -20404.4 -20716.5 -21011.6 -21281.2 -21521.9 -21744.4 -21927.2 -22080.3 -22218.3 -22332.2 -22437.7 -22529.9 -22603.3 -22660.7 -22691.2 -22701.4 -22703.8 -22702.4 -22674 -22644.4 -22622.4 -22615.4 -22614.5 -22601.6 -22574.1 -22552.5 -22528.4 -22497.1 -22442 -22376.4 -22288.2 -22167.1 -22018.7 -21844.8 -21648.1 -21418.3 -21167.8 -20893.7 -20590.7 -20276.5 -19945.6 -19584.8 -19193.3 -18773.7 -18322.7 -17844.9 -17341 -16808.8 -16255.9 -15669.9 -15059 -14419.2 -13754.4 -13070 -12369 -11653.5 -10920.2 -10169.3 -9408.46 -8623.09 -7812.11 -6972.47 -6117.51 -5241.58 -4355.68 -3456.53 -2552.44 -1641.29 -722.67 199 
100 -822.734 -1740.49 -2651.7 -3551.11 -4443.07 -5322.44 -6191.59 -7044.79 -7878.29 -8695.12 -9478.7 -10235.2 -10973.9 -11695.5 -12397.5 -13092 -13763.9 -14410.4 -15026.2 -15619.8 -16192.8 -16740.3 -17266.8 -17775.1 -18267.8 -18720.6 -19148.1 -19553.9 -19933.5 -20277.5 -20596.4 -20887.5 -21157.1 -21413.1 -21634.9 -21838 -22015.4 -22165.4 -22298.1 -22409 -22491.3 -22556 -22616.9 -22653.2 -22676.4 -22686.1 -22687.7 -22683.6 -22681.8 -22687.3 -22699.4 -22713.2 -22705.2 -22687.6 -22660 -22633.2 -22600.3 -22558 -22497.1 -22408 -22284.4 -22137.2 -21958.2 -21760.9 -21534.2 -21280.3 -20996.8 -20701.8 -20389.7 -20052.7 -19694 -19310.5 -18902 -18463.2 -17978.9 -17463.7 -16932.4 -16370.1 -15770.6 -15149.4 -14513.9 -13861.9 -13184 -12482.8 -11766.2 -11028.3 -10270.6 -9499.88 -8695.21 -7867.95 -7020.25 -6153.88 -5273.44 -4385.25 -3485.09 -2578.46 -1659.74 -730.885 199 
100 -826.84 -1749.35 -2668.95 -3577.33 -4467.31 -5344.48 -6212.36 -7070.3 -7905.88 -8715.89 -9505.92 -10279.9 -11029.3 -11750.6 -12459.2 -13161.4 -13846.9 -14507 -15143.1 -15757.2 -16346 -16903.1 -17438.6 -17944 -18426.3 -18884.5 -19315.8 -19726.3 -20108.8 -20453.2 -20764.5 -21059.6 -21331.7 -21574.3 -21797.1 -21982.5 -22137.7 -22277.7 -22397.4 -22505 -22600.3 -22675.4 -22733.4 -22768.8 -22786.1 -22794.1 -22790.8 -22764.8 -22736.9 -22715.1 -22704.3 -22706.8 -22695.3 -22668.1 -22646.3 -22624.9 -22590.8 -22537.3 -22470 -22382.5 -22259.4 -22108.5 -21931.8 -21733.4 -21503.1 -21254.4 -20977.6 -20673.3 -20354.8 -20020 -19654.3 -19254.2 -18829.4 -18378.4 -17898.1 -17389.4 -16853.2 -16295.5 -15706.9 -15092.9 -14451.6 -13784.4 -13098.2 -12396.1 -11680.7 -10945.8 -10195.5 -9434.1 -8645.13 -7831.8 -6991.97 -6131.12 -5255.83 -4369.41 -3470.28 -2564.13 -1648.93 -726.402 199 
100 -827.81 -1749.74 -2665.04 -3565.92 -4459.71 -5341.16 -6213.23 -7067.81 -7903.14 -8724.06 -9515.81 -10281.8 -11025.9 -11749.4 -12448.4 -13139.7 -13809.4 -14460.5 -15081.7 -15676.8 -16250.1 -16799.2 -17324.5 -17835.7 -18327.2 -18776.8 -19199.1 -19599 -19973 -20313.4 -20627.8 -20918.9 -21188.2 -21440.7 -21659.8 -21858.5 -22032 -22178.2 -22308.5 -22420.6 -22502.8 -22566.5 -22626.8 -22666.8 -22690.6 -22704.1 -22703.9 -22700 -22694.2 -22695.8 -22704.6 -22716.2 -22707.3 -22684.6 -22654.6 -22627 -22595 -22550.2 -22488.8 -22398.9 -22273.4 -22122.9 -21945.9 -21748.6 -21520.3 -21268.5 -20994.2 -20706.4 -20398.1 -20062.5 -19705.2 -19326.9 -18922.8 -18482.7 -17994.4 -17478.9 -16950.1 -16387.4 -15789.9 -15169.6 -14531.5 -13876.6 -13197.1 -12493.7 -11774.5 -11034.6 -10275.7 -9504.89 -8699.92 -7869.87 -7018.69 -6152.51 -5270.22 -4381.48 -3481.1 -2573.77 -1655.21 -728.528 199 
100 -829.199 -1753.68 -2675.06 -3584.58 -4475.78 -5355.67 -6226.3 -7088.04 -7927 -8740.78 -9530.71 -10303.4 -11052.4 -11773.9 -12484.9 -13189.5 -13874 -14534.5 -15169.2 -15782.7 -16372 -16931.7 -17469.2 -17977.3 -18457.3 -18913.1 -19345.7 -19756.3 -20138.5 -20484.1 -20794.1 -21089.5 -21359.7 -21602.5 -21821.6 -22008.2 -22163.6 -22302.1 -22420 -22524.1 -22617.1 -22688.7 -22744.2 -22780.3 -22792.7 -22798.4 -22791.1 -22764.6 -22737.8 -22718.4 -22710.2 -22720.2 -22714.2 -22688.6 -22665.2 -22643.7 -22609.9 -22560.3 -22498 -22408.2 -22283.7 -22131.4 -21953.4 -21757.7 -21531 -21284.3 -21006.3 -20704.5 -20385.2 -20050.8 -19684.7 -19283.8 -18857.9 -18408.8 -17930.4 -17420.9 -16887.1 -16329.6 -15740.9 -15128.5 -14488.1 -13817.8 -13127.9 -12422.4 -11704.9 -10966.3 -10210.9 -9442.25 -8646.23 -7828.27 -6989.63 -6126.53 -5250.97 -4363.76 -3465.74 -2559 -1644.39 -724.045 199 
100 -829.235 -1752.41 -2668 -3570.49 -4464.72 -5346.67 -6219.11 -7072.21 -7910.01 -8730.78 -9526.02 -10298.3 -11049.5 -11773.9 -12473.3 -13163.4 -13831.9 -14482.6 -15107.5 -15706.4 -16281.8 -16835.7 -17364.6 -17875.2 -18367 -18817.6 -19245 -19653.6 -20036 -20382 -20697.8 -20988.7 -21254.7 -21505 -21724.9 -21924.5 -22103.5 -22255.4 -22389.7 -22503.4 -22585.6 -22650.7 -22713.7 -22757.8 -22782.7 -22798.4 -22798.4 -22793.2 -22785.1 -22781.9 -22785.6 -22792.4 -22782.7 -22758.4 -22727 -22697.3 -22665.8 -22616.9 -22553.4 -22463.3 -22336.6 -22187.6 -22010.5 -21810.4 -21580.1 -21324.9 -21044.7 -20749.5 -20434.5 -20092.6 -19727.3 -19342.7 -18936.4 -18493.9 -18003.4 -17487.3 -16955.7 -16391.3 -15798 -15180.6 -14540.6 -13883.4 -13202.3 -12501.3 -11782.5 -11040.5 -10279.9 -9506.73 -8703.02 -7871.5 -7022.21 -6157.85 -5273.61 -4383.36 -3481.61 -2571.94 -1652.57 -727.155 199 
100 -831.607 -1759.66 -2683.65 -3595.71 -4489.57 -5370.04 -6240.53 -7099.87 -7938.67 -8754.34 -9545.18 -10319.2 -11069.7 -11795.4 -12512.6 -13219.6 -13905.3 -14569.7 -15206.3 -15818.7 -16410.9 -16973.2 -17515.4 -18027.7 -18505.6 -18957.9 -19388.6 -19795.3 -20175.3 -20520.8 -20831.5 -21127.3 -21397.6 -21642.3 -21864.1 -22055.2 -22218.2 -22368 -22498.4 -22610 -22706.3 -22778.6 -22832.9 -22872 -22887.7 -22899.1 -22893.5 -22874.5 -22849 -22830.1 -22821.5 -22830.3 -22826.3 -22802.6 -22780.5 -22759.6 -22724.2 -22674.8 -22614 -22525.6 -22398.7 -22243 -22063 -21866.7 -21639.6 -21393.7 -21113.9 -20810.7 -20491.9 -20158.3 -19795.4 -19398 -18972.5 -18524.1 -18047 -17535.1 -16992.2 -16431.3 -15837.5 -15220.8 -14580.5 -13907.7 -13214.7 -12508.5 -11786.2 -11042.9 -10283.1 -9507.4 -8701.72 -7877.9 -7034.85 -6164.52 -5283.13 -4390.24 -3488.14 -2575.35 -1655.76 -729.652 199 
100 -829.861 -1754.67 -2671.06 -3576.14 -4470.63 -5354.28 -6228.07 -7080.1 -7919.89 -8741.61 -9534.48 -10308 -11060.6 -11789.4 -12495.4 -13187.5 -13857.9 -14508.2 -15132.1 -15728.4 -16302 -16855.9 -17385.1 -17896.6 -18389.1 -18843.5 -19274.1 -19680.5 -20062.4 -20406.1 -20720.2 -21011.7 -21279.1 -21529.3 -21751.8 -21951.1 -22127.4 -22277.4 -22411 -22521.5 -22603.3 -22670.9 -22737.4 -22782.7 -22808.4 -22823.2 -22823.5 -22822.5 -22820.5 -22821.2 -22827 -22831.3 -22821.8 -22796.8 -22768 -22737.3 -22710.2 -22667.2 -22608.6 -22522.2 -22398.5 -22253.2 -22082 -21885.5 -21655.6 -21401.1 -21126.7 -20833.1 -20517.9 -20173.8 -19806.1 -19420.5 -19015.5 -18573.7 -18082.6 -17567 -17033.7 -16471.4 -15880.9 -15263.4 -14620.2 -13957.3 -13266.7 -12557.4 -11834.1 -11088.2 -10326.2 -9546.52 -8737.85 -7904.93 -7054.63 -6188.61 -5302.75 -4408.01 -3501.23 -2585.83 -1661.79 -731.822 199 
100 -833.79 -1765.89 -2692.54 -3607.45 -4505.09 -5388.8 -6262.22 -7124.84 -7969.31 -8788.42 -9580.14 -10352.2 -11098.3 -11823.6 -12539.9 -13244.8 -13926.5 -14584.8 -15219.5 -15829.3 -16421.2 -16983.5 -17524.8 -18037.3 -18514.7 -18963 -19390.1 -19791.6 -20166.5 -20510 -20820.7 -21113.9 -21380.5 -21620.2 -21839.2 -22032.9 -22196.5 -22346.5 -22478.3 -22588.6 -22684.3 -22758.6 -22814.7 -22857.3 -22875.5 -22893 -22893.9 -22884.1 -22863.8 -22854.5 -22853 -22863.9 -22862.7 -22841.5 -22818.6 -22797.3 -22762.1 -22714.9 -22654 -22564 -22436.1 -22279.6 -22097.8 -21902.8 -21674.5 -21429.6 -21145.1 -20835.6 -20511.6 -20172.4 -19807.2 -19410 -18987 -18543.7 -18069.4 -17563.5 -17017.8 -16454.7 -15859.2 -15239.7 -14595.5 -13925.5 -13234 -12530.7 -11809.6 -11065.4 -10300.4 -9516.73 -8706.3 -7878.77 -7032.15 -6161.51 -5279.85 -4387.3 -3485.95 -2574.08 -1655.23 -729.318 199 
100 -833.612 -1763.71 -2683.91 -3594.32 -4495.59 -5387.05 -6267.57 -7125.71 -7968.98 -8790.93 -9586.45 -10362.3 -11115.7 -11843.4 -12550.6 -13244.6 -13917.4 -14571.3 -15197.4 -15794.8 -16370.1 -16923.9 -17455.1 -17967.4 -18456.3 -18910.8 -19345.2 -19755 -20139.1 -20485 -20803.6 -21098.6 -21367.7 -21615.7 -21838.3 -22034.8 -22213 -22365.5 -22501.3 -22614.8 -22697.3 -22767.1 -22832.3 -22876 -22900.4 -22913.2 -22907.8 -22902.8 -22894.9 -22890.7 -22893.7 -22895.8 -22885.9 -22860.2 -22831.6 -22801.2 -22777.2 -22733.3 -22672.6 -22584.6 -22458.6 -22312.7 -22143.9 -21948.4 -21716.7 -21462.6 -21187.1 -20891.6 -20577.3 -20231.7 -19862.6 -19475.1 -19068.1 -18619.5 -18129.5 -17613.9 -17080.2 -16516.8 -15926.9 -15307.3 -14661.4 -13995.4 -13301.5 -12587.3 -11861.9 -11115 -10350.9 -9569.25 -8759.28 -7921.8 -7070.95 -6203.36 -5317.58 -4422.37 -3512.96 -2592.73 -1664.59 -733.004 199 
100 -833.807 -1767.03 -2694.49 -3610.53 -4510.22 -5394.94 -6268.98 -7131.9 -7979.76 -8799.96 -9591.64 -10361.9 -11108.3 -11837 -12553.2 -13255.6 -13937.5 -14593.8 -15232.9 -15847 -16441.1 -17007.6 -17547.6 -18058.7 -18539.4 -18991.6 -19422.9 -19828.8 -20204.5 -20550.7 -20865.3 -21157.7 -21423.8 -21661.3 -21876.7 -22069.9 -22231.4 -22376.5 -22505.7 -22616.7 -22711.3 -22787.3 -22841.8 -22884.7 -22904.2 -22921.4 -22924.5 -22916.4 -22894.4 -22884.5 -22884 -22896.3 -22895.3 -22875.6 -22854.6 -22831.2 -22794.2 -22746.8 -22686.6 -22598.3 -22472.1 -22315.7 -22130.2 -21934.2 -21705.5 -21461.4 -21173.8 -20863.9 -20543.2 -20205.4 -19841.6 -19446.2 -19023.6 -18582.6 -18108.5 -17602 -17053.3 -16487.6 -15891 -15267.4 -14621.8 -13953.4 -13261 -12555.7 -11832.7 -11088.2 -10317.8 -9528.44 -8714.34 -7886.47 -7038.83 -6173.35 -5292.04 -4400.42 -3496.92 -2584.63 -1664.07 -734.138 199 
100 -832.551 -1759.69 -2676.91 -3587.23 -4490.4 -5387.37 -6268.51 -7126.99 -7969.47 -8791.49 -9588.86 -10365.9 -11117.5 -11842.9 -12550.6 -13244.1 -13921.1 -14578.6 -15207.8 -15802.2 -16381 -16935.8 -17466.2 -17975.7 -18461.1 -18916.4 -19353.2 -19766.5 -20152.2 -20501.5 -20822.9 -21117.6 -21387.6 -21635.5 -21859.8 -22056.3 -22239.6 -22394.5 -22530.3 -22645.4 -22731.6 -22807.1 -22874.3 -22919.9 -22943.7 -22955 -22951.2 -22948.4 -22938 -22928.1 -22929.4 -22925.6 -22909.8 -22885.6 -22856.6 -22825.7 -22801.4 -22758.1 -22695.6 -22607 -22480.6 -22333.5 -22165.3 -21970.1 -21736.7 -21480.9 -21205.7 -20910.2 -20598.2 -20253.4 -19883.9 -19495.1 -19089.6 -18637.9 -18148 -17633.6 -17096.2 -16528.7 -15936 -15314.5 -14664.2 -13993.2 -13290 -12568 -11835.9 -11087.1 -10318.6 -9535.01 -8724.14 -7892.15 -7046.35 -6179.93 -5297.32 -4407.92 -3502.88 -2588.1 -1662.75 -733.197 199 
100 -834.538 -1768.73 -2697.93 -3615.45 -4516.43 -5396.84 -6265.83 -7124.76 -7973.16 -8798.91 -9596.91 -10369.7 -11118.3 -11846.9 -12563.3 -13262.4 -13943.5 -14598.5 -15236.4 -15848.7 -16441.4 -17011.2 -17552.2 -18065.2 -18548.4 -19001.7 -19431.7 -19838.1 -20214.7 -20562.5 -20879.4 -21170.8 -21438.2 -21677.5 -21892.2 -22084.3 -22253.3 -22406.9 -22539.8 -22650.7 -22743.1 -22819.4 -22871.7 -22911.8 -22930.1 -22945.2 -22948.5 -22942 -22920.1 -22909.6 -22912.7 -22929.4 -22932.8 -22916 -22896.5 -22871.4 -22833.5 -22783.6 -22718.8 -22619.3 -22486.9 -22332 -22146.4 -21951.2 -21723.3 -21479.8 -21198 -20886.3 -20560.7 -20218.6 -19852.5 -19457 -19032.9 -18594.5 -18124.9 -17616.2 -17067 -16499.1 -15906.3 -15284.4 -14639.4 -13974.3 -13283.1 -12577.9 -11855.4 -11112.2 -10342.2 -9547.83 -8728.33 -7896.84 -7046.38 -6179.45 -5298.46 -4406.73 -3503.58 -2591.21 -1668.97 -736.462 199 
100 -832.271 -1759.56 -2678.97 -3592.84 -4499.07 -5399.9 -6280.77 -7141.96 -7983.74 -8805.87 -9603.93 -10382 -11137.8 -11869 -12586.5 -13286.6 -13969.2 -14630.8 -15265.8 -15867.2 -16452.4 -17012.5 -17547.5 -18056.3 -18543.9 -19002.4 -19441.4 -19858 -20244.8 -20596.4 -20919.2 -21215.1 -21489.4 -21740.6 -21968.6 -22167 -22350.6 -22510.8 -22650.2 -22766.9 -22856.1 -22932.4 -23001.6 -23049.4 -23078.8 -23094.4 -23090 -23085.4 -23074.4 -23060.6 -23056.8 -23050.1 -23035 -23013.1 -22985.7 -22959.3 -22936.9 -22898.5 -22836.8 -22747.7 -22621.9 -22474.1 -22303.3 -22106.4 -21872.3 -21613 -21331.2 -21026.8 -20708.8 -20362.7 -19993.5 -19601.5 -19191.6 -18732.8 -18236.1 -17717 -17175.2 -16604.3 -16008.4 -15385 -14730.6 -14058.3 -13357.9 -12637.6 -11905.3 -11157.3 -10387.4 -9601.76 -8790.42 -7955.39 -7104.49 -6231.78 -5345.04 -4448.06 -3533.14 -2607.68 -1673.96 -738.669 199 
100 -833.133 -1765.72 -2694.87 -3614.51 -4518.28 -5400.91 -6272 -7131.05 -7979.8 -8808.83 -9615.53 -10391.7 -11145.5 -11879.1 -12596.3 -13291.3 -13970.1 -14627.1 -15265.1 -15876.4 -16469.5 -17043.7 -17586.5 -18100.7 -18587.1 -19042.7 -19475.2 -19886.2 -20267.9 -20618.8 -20938.1 -21225.1 -21487.4 -21721.9 -21933.8 -22129.7 -22301.5 -22450.3 -22577.7 -22683.7 -22775.6 -22853.5 -22909.1 -22948.9 -22971.4 -22990.6 -22998.2 -22993.3 -22974 -22962.8 -22964.9 -22979.4 -22982.2 -22966.1 -22946.3 -22921.6 -22882.9 -22830 -22763.3 -22665.3 -22533.8 -22381.4 -22197 -21999.9 -21774.2 -21527.3 -21244 -20930.8 -20603.6 -20262.5 -19899 -19504.8 -19083.1 -18643.6 -18174.3 -17665.8 -17117.7 -16548.3 -15954 -15330.7 -14684.6 -14015.2 -13319.6 -12609 -11886.3 -11143.7 -10373.4 -9573.94 -8749.34 -7910.88 -7058.2 -6188.69 -5307.43 -4414.33 -3509.2 -2595.4 -1672.02 -737.866 199 
100 -833.977 -1763.16 -2684.28 -3599.7 -4504.93 -5406.83 -6288.39 -7150.36 -7990.22 -8811.37 -9612.8 -10394.3 -11152.9 -11889.3 -12610.5 -13315.6 -13998.9 -14660.3 -15298 -15905.1 -16491.5 -17054.1 -17588.3 -18093.8 -18580.2 -19042.8 -19483.5 -19903.9 -20291.7 -20642.4 -20963.6 -21260.3 -21538.1 -21794.9 -22031.4 -22236.5 -22420 -22580.3 -22716.7 -22823.7 -22907.1 -22980.2 -23045.1 -23089.2 -23119.9 -23134.9 -23129.8 -23124.5 -23114.4 -23098.2 -23092 -23080.5 -23065.1 -23043.4 -23018.3 -22996.5 -22974.1 -22938.9 -22877.2 -22787.3 -22664.1 -22523.3 -22354.8 -22157.4 -21922.6 -21665.7 -21385.9 -21084.6 -20765 -20417.2 -20046.1 -19653.2 -19240.4 -18778.2 -18280.8 -17758.9 -17212.2 -16638.7 -16040.8 -15419.5 -14762.9 -14087 -13384.6 -12661.2 -11925.2 -11178 -10411.5 -9624.04 -8810.71 -7975.53 -7122 -6246.09 -5355.41 -4455.2 -3536.46 -2610.72 -1675.89 -739.789 199 
100 -836.387 -1772.09 -2704.52 -3628.53 -4535.76 -5422.01 -6294.65 -7154.89 -8003.49 -8832.55 -9642.44 -10419.7 -11175.6 -11912.9 -12630.9 -13327.3 -14008.3 -14664.5 -15299.7 -15912.9 -16506.4 -17084 -17630.3 -18147.8 -18641.7 -19100.7 -19535.5 -19946.5 -20333.7 -20692.9 -21020.4 -21310.2 -21575.8 -21818.6 -22044.4 -22252.4 -22433 -22591 -22724.7 -22832.2 -22923.6 -23000.8 -23055.4 -23095.5 -23122.4 -23147.7 -23158.7 -23153.5 -23138.8 -23124.8 -23122.4 -23131.1 -23129.6 -23110.1 -23088 -23064.9 -23026.7 -22974 -22908 -22808.3 -22674.5 -22518.9 -22335.6 -22136.7 -21908.2 -21655.1 -21370.3 -21056.5 -20729.6 -20385.5 -20020.5 -19624.9 -19202.4 -18761.7 -18293.3 -17785.8 -17238.8 -16668.5 -16068.8 -15444.5 -14793.3 -14118.7 -13416.1 -12699.3 -11971.2 -11221 -10443.8 -9638.39 -8808.49 -7960.92 -7102.57 -6227.41 -5341.13 -4443.02 -3531.75 -2612.17 -1683.44 -743.378 199 
100 -836.356 -1768.08 -2691.7 -3610.22 -4520.77 -5426.11 -6306.23 -7165.1 -8001.4 -8825.91 -9631.23 -10416.3 -11176.7 -11919.9 -12645.8 -13356.7 -14041.9 -14703.9 -15342.2 -15955.4 -16541 -17106.7 -17641.1 -18147.2 -18635.5 -19102.8 -19547.4 -19973.5 -20364.4 -20715.8 -21038.4 -21339.6 -21623.7 -21888 -22131.3 -22343.9 -22531.9 -22694.4 -22832.9 -22941.4 -23033.2 -23114.5 -23183.6 -23232.3 -23266.4 -23284.2 -23285.3 -23283.5 -23277.5 -23266.3 -23262.1 -23251.8 -23241.4 -23222.7 -23198.2 -23181.2 -23158.5 -23123.9 -23060 -22969.2 -22846 -22701.7 -22527.5 -22326.1 -22091.2 -21834.5 -21555 -21253 -20926.7 -20575.1 -20199.9 -19803.9 -19386.5 -18922.3 -18422.5 -17896.6 -17342.6 -16762.6 -16161.5 -15536.2 -14875.7 -14194.5 -13488.1 -12759.8 -12014.3 -11256.2 -10479.8 -9682.62 -8864.22 -8028.42 -7169.67 -6289.31 -5393.04 -4485.99 -3561.22 -2629.79 -1688.58 -746.224 199 
100 -837.964 -1775.93 -2713.08 -3642.99 -4557.5 -5448.19 -6321.17 -7182.46 -8031.46 -8862.32 -9674.27 -10451.1 -11208.3 -11946.5 -12663.8 -13357.8 -14037.3 -14694.8 -15329.7 -15945.1 -16542.5 -17119.9 -17658.7 -18171.1 -18664.4 -19124 -19556.3 -19965.6 -20353.3 -20708.8 -21035.2 -21324 -21589.1 -21832.1 -22058.4 -22266.8 -22449.6 -22610.9 -22751.7 -22864.2 -22959.7 -23036.3 -23093.6 -23134.8 -23163.6 -23186.9 -23196.2 -23194.4 -23184.8 -23171.9 -23172.2 -23181.1 -23182 -23165.8 -23146.1 -23127.6 -23090.5 -23037 -22969.3 -22871.7 -22739.3 -22585.2 -22403 -22205.5 -21978.4 -21725.3 -21446.4 -21138.8 -20815.8 -20474.7 -20112.8 -19716.9 -19289.7 -18844 -18373.4 -17868.3 -17321.9 -16751.2 -16148 -15521.9 -14869.4 -14191.8 -13485.6 -12762.9 -12028.1 -11274.3 -10495.1 -9690.09 -8860.1 -8004.55 -7140.36 -6261.26 -5369.5 -4465.97 -3550.06 -2625.38 -1692.06 -747.645 199 
100 -836.471 -1768.61 -2692.66 -3610.63 -4521.33 -5426.39 -6305.63 -7164.31 -7999.83 -8822.36 -9627.77 -10408.8 -11168.5 -11912.4 -12638.4 -13352.2 -14036.2 -14700.8 -15341.1 -15953.5 -16534.2 -17096.7 -17628.8 -18136.5 -18625.5 -19095.1 -19539.6 -19967.1 -20359.3 -20707.3 -21025.1 -21325.4 -21609.5 -21873 -22113.6 -22325.1 -22513.7 -22679.4 -22819.2 -22925.7 -23017.3 -23098.6 -23167.9 -23221.5 -23257.3 -23277.6 -23283.3 -23277.3 -23270.7 -23266 -23264.5 -23256.6 -23251.9 -23236.1 -23215.6 -23202.9 -23179.3 -23144.2 -23079 -22987.4 -22864.6 -22720.4 -22541.2 -22335.5 -22104.6 -21851.9 -21574.5 -21270.9 -20939.5 -20584.9 -20209.6 -19813.5 -19394.4 -18927.1 -18427.1 -17899.4 -17345.6 -16765.6 -16161.4 -15533.6 -14877.9 -14195.5 -13490.8 -12764.1 -12020.6 -11264 -10495.1 -9699.37 -8883.61 -8049.35 -7189.2 -6308.21 -5409.38 -4498.71 -3572.12 -2638.32 -1694.37 -749.137 199 
100 -839.599 -1779.2 -2718.38 -3650.13 -4567.52 -5462.53 -6339.8 -7204.73 -8055.86 -8890.42 -9704.17 -10488.9 -11249.7 -11989.3 -12707.8 -13402.3 -14082.4 -14744.3 -15379.2 -15992.6 -16590.2 -17164.4 -17701.5 -18213.3 -18706.8 -19169.8 -19605.4 -20017.3 -20404.9 -20757.7 -21081.9 -21370.7 -21636.5 -21882 -22111 -22324.3 -22513.6 -22676.2 -22819.9 -22936.7 -23034.7 -23113.9 -23172.2 -23211.6 -23239.1 -23262 -23273.4 -23275.6 -23270.5 -23260.7 -23258.8 -23262.8 -23260.2 -23243 -23224.7 -23206.9 -23168.5 -23115.7 -23046.7 -22948.2 -22811.7 -22655.7 -22470.4 -22271 -22041 -21785.2 -21507.4 -21202.8 -20879.7 -20532.9 -20167.5 -19770.2 -19344.1 -18896.8 -18424.9 -17919.2 -17374.8 -16805.4 -16202.6 -15575.2 -14920.8 -14241 -13534 -12809.6 -12072.4 -11315 -10533.3 -9726.55 -8893.18 -8035.86 -7168.67 -6288.04 -5392.08 -4484.83 -3564.38 -2634.47 -1695.9 -748.931 199 
100 -840.229 -1776.64 -2705.36 -3625.92 -4537.86 -5442.89 -6323.53 -7181.41 -8014.52 -8836.98 -9645.97 -10428.4 -11190.9 -11939.4 -12668.8 -13386.2 -14076 -14744.6 -15390.1 -16009 -16595.4 -17158.1 -17692.1 -18200.4 -18691.1 -19163.4 -19605.3 -20025.7 -20415.7 -20760.8 -21078 -21380.3 -21664.9 -21928.8 -22170.6 -22383.9 -22577 -22750.1 -22892.3 -23001 -23095.4 -23173.9 -23236.7 -23285 -23316.5 -23335.6 -23341.3 -23329.9 -23321 -23315.3 -23310.7 -23302.3 -23297 -23281.4 -23260.6 -23245.5 -23219.6 -23184.2 -23119.2 -23024.4 -22896.5 -22748.8 -22567.6 -22359.4 -22126.5 -21871.7 -21594.3 -21289.1 -20951.7 -20592.5 -20212.3 -19815.3 -19393.1 -18927.8 -18429.1 -17903.9 -17351.5 -16777.5 -16173.8 -15543.6 -14887.7 -14202.7 -13495.8 -12767.7 -12021.8 -11262.3 -10492.9 -9696.34 -8880.67 -8044.81 -7182.35 -6300.52 -5399.72 -4488.16 -3564.35 -2634.11 -1694.14 -749.655 199 
100 -842.029 -1781.55 -2719.32 -3649.73 -4565.79 -5458.51 -6333.49 -7197.42 -8049.21 -8883.65 -9693.97 -10482.6 -11243.8 -11984.3 -12701.8 -13395.1 -14075.3 -14738 -15372.6 -15990.1 -16594.3 -17172.5 -17709.8 -18222.4 -18721.6 -19192.2 -19637.3 -20050.6 -20436.3 -20786.5 -21104.8 -21389 -21655.8 -21905.1 -22133.7 -22345 -22535 -22697.7 -22840.2 -22959.1 -23058.7 -23138.8 -23197.4 -23235.2 -23264 -23289.6 -23300.8 -23302.4 -23298.1 -23291.9 -23291 -23296 -23294.3 -23278.6 -23263.3 -23248.4 -23213.5 -23165.9 -23101.4 -23004.3 -22869.6 -22711.6 -22523.6 -22321.4 -22087.9 -21828.3 -21549.6 -21243.8 -20913.9 -20561.1 -20192.8 -19796.7 -19377.1 -18934.1 -18461.1 -17955.7 -17413.7 -16840.8 -16235.6 -15605.4 -14949 -14265.9 -13561 -12835.5 -12095.7 -11335.2 -10554 -9744.98 -8908.68 -8053.24 -7185.36 -6303.62 -5405.73 -4497.72 -3575.67 -2642.53 -1700.07 -750.761 199 
100 -843.323 -1781.87 -2713.91 -3636.58 -4551.85 -5459.16 -6339.11 -7194.95 -8028.28 -8850.74 -9660.92 -10444.5 -11206.3 -11955.4 -12685 -13403.3 -14095.5 -14765.8 -15415.6 -16035.4 -16620.6 -17182.5 -17717.9 -18230.4 -18725.5 -19199.3 -19642.5 -20060.7 -20448.2 -20790.1 -21104.5 -21404.4 -21685.2 -21945.5 -22180.6 -22387.5 -22573.7 -22747.1 -22891.6 -23004.6 -23098.5 -23174.6 -23234.3 -23279.5 -23314.4 -23334.2 -23342.2 -23330.3 -23321.2 -23318.9 -23312.7 -23304.8 -23296 -23276.8 -23257.9 -23244.4 -23223.6 -23190.8 -23123.8 -23029 -22899.6 -22753.2 -22572.5 -22365.5 -22133.1 -21879.5 -21606.5 -21305.3 -20968.5 -20610.2 -20228.9 -19827.9 -19396.3 -18925.6 -18419.6 -17888.8 -17331.4 -16757 -16151.5 -15521.2 -14867.8 -14187.5 -13481.5 -12753.6 -12004.9 -11245.2 -10476.4 -9685.31 -8871.59 -8036.14 -7174.57 -6293.49 -5393.16 -4481.44 -3558.22 -2630.83 -1693.36 -748.824 199 
100 -841.668 -1780.97 -2718.77 -3650.43 -4566.91 -5461.21 -6336.69 -7200.45 -8054.27 -8890.32 -9701.54 -10494 -11261.4 -12008.2 -12729.6 -13425.6 -14108.4 -14772.2 -15408.7 -16026.1 -16632.5 -17211.5 -17743.4 -18253.1 -18751.3 -19222.1 -19666.7 -20079.6 -20464.2 -20814.7 -21133.5 -21420.9 -21693.6 -21950.2 -22183.4 -22395 -22588.3 -22755.3 -22899.2 -23020.2 -23119.5 -23197.5 -23258.2 -23296.1 -23326.4 -23352 -23362.7 -23366 -23357.8 -23349.2 -23347.3 -23355.7 -23354.9 -23342 -23328.1 -23312.7 -23280.8 -23234.8 -23170.9 -23073 -22935.5 -22773 -22585.1 -22381.6 -22146.9 -21884.7 -21604.2 -21299.7 -20958.8 -20601.4 -20228.3 -19828.4 -19403.5 -18956 -18478.7 -17968.8 -17424.1 -16848.2 -16241.4 -15612.5 -14955.2 -14271.3 -13562.6 -12835.9 -12094.9 -11332.8 -10551.5 -9738.54 -8905.33 -8053.07 -7187.11 -6304.19 -5405.87 -4495.21 -3574.17 -2639.35 -1697.18 -750.727 199 
100 -845.19 -1785.41 -2715.71 -3633.82 -4545.43 -5448.37 -6325.88 -7184.41 -8020.29 -8845.27 -9661.38 -10451.2 -11218.1 -11971 -12700.8 -13424 -14120.5 -14792.7 -15444.1 -16061.9 -16646.5 -17207.4 -17741.2 -18252.8 -18747 -19223 -19671.5 -20092.1 -20483.3 -20830.8 -21150.7 -21455.2 -21737.7 -21998.3 -22233.4 -22437.7 -22621.4 -22792.4 -22932.8 -23041.5 -23131.2 -23203.2 -23262.9 -23303.8 -23335.7 -23354.6 -23366.5 -23359.8 -23350.6 -23346.8 -23336.5 -23328.5 -23317.2 -23297.3 -23277 -23262.9 -23243.6 -23206.6 -23137.7 -23042.5 -22909.9 -22762.2 -22580.6 -22368.8 -22136.6 -21882.3 -21608.7 -21305.8 -20967.2 -20608.5 -20226.2 -19824.5 -19389.3 -18918.4 -18409.9 -17878.2 -17319 -16746.4 -16139.4 -15505 -14851 -14174.8 -13473.9 -12750 -12002.9 -11244.6 -10475.4 -9683.67 -8865.93 -8024.17 -7159.18 -6279.1 -5379.79 -4467.24 -3548.28 -2625.48 -1691.21 -748.197 199 
100 -842.807 -1783.3 -2722.25 -3655.12 -4572.19 -5469.18 -6347.41 -7213.5 -8067.08 -8902.93 -9716.62 -10510.5 -11275.7 -12015.5 -12735 -13433.7 -14117.5 -14783.7 -15422 -16040.9 -16650.4 -17231.9 -17766.2 -18277.4 -18777.1 -19250.8 -19696.3 -20112.5 -20501.7 -20856.6 -21179.9 -21470.4 -21745.8 -22009.8 -22251.8 -22465.7 -22660 -22832.8 -22976.8 -23098.9 -23200 -23278.3 -23343.8 -23387.1 -23419.6 -23445.7 -23459.5 -23457.5 -23448.2 -23438.4 -23434.6 -23442.2 -23439.9 -23425.9 -23412.9 -23395.2 -23364.1 -23318 -23252.4 -23155.4 -23020.3 -22858.7 -22668.5 -22460.9 -22223 -21960 -21678.6 -21375.8 -21031.3 -20671 -20293.5 -19891.5 -19460.1 -19006.5 -18524.2 -18009.2 -17464.6 -16883.6 -16276.3 -15649.8 -14994.5 -14310.2 -13596.9 -12865.5 -12119.1 -11349.9 -10563.7 -9744.58 -8911.69 -8058.02 -7191.75 -6309.82 -5412.55 -4500.9 -3579.79 -2641.97 -1697.26 -749.281 199 
100 -845.126 -1785.29 -2715.29 -3633.34 -4545.02 -5445.9 -6321.69 -7180.76 -8015.9 -8837.57 -9651.52 -10440.1 -11207.4 -11955.3 -12682.1 -13402.3 -14097.9 -14767.8 -15416.9 -16031.7 -16615 -17175.9 -17713.8 -18234.3 -18735.7 -19215.9 -19666.4 -20086.2 -20479 -20833.1 -21158.2 -21464.8 -21747.7 -22010.1 -22246 -22449.8 -22633.8 -22802.9 -22944.4 -23054 -23146.3 -23219.5 -23277.4 -23316.9 -23346.4 -23362.1 -23371.6 -23364.1 -23352 -23346.7 -23336.1 -23331.5 -23321.7 -23308.7 -23296 -23283.7 -23261.9 -23222.3 -23151.7 -23053.4 -22917.9 -22768.8 -22590.8 -22379.2 -22147 -21893.8 -21623.1 -21317.4 -20980 -20621.9 -20241.9 -19843.4 -19414.2 -18947.2 -18441.3 -17917.4 -17360.1 -16783.3 -16177.1 -15539.5 -14883.4 -14205 -13501 -12777.7 -12028.8 -11267.1 -10495.8 -9703.25 -8883.26 -8038.68 -7173.98 -6293.04 -5391.44 -4478.34 -3559.31 -2632.98 -1696.02 -750.135 199 
100 -843.764 -1785.18 -2724.81 -3659.38 -4578.72 -5481.37 -6367.62 -7240.66 -8099.45 -8939.89 -9758.84 -10555.7 -11323.7 -12067 -12787.1 -13484.9 -14164.7 -14832.5 -15473.7 -16094.5 -16706.3 -17290.3 -17830 -18345.6 -18847.4 -19326.6 -19770.9 -20186.1 -20574.8 -20930.1 -21251.3 -21546.5 -21826.8 -22095.1 -22341.4 -22557.1 -22752.4 -22927 -23072.2 -23195.3 -23296.6 -23369.9 -23433.2 -23474.9 -23506.5 -23527.7 -23541.7 -23542.2 -23535.3 -23524.6 -23518.5 -23523.3 -23519.1 -23503.7 -23490.1 -23469.8 -23439.5 -23393.5 -23325.3 -23225.3 -23088.3 -22926.4 -22732.9 -22516.8 -22274 -22007.9 -21723.4 -21417.8 -21073.4 -20714.8 -20337.9 -19938.3 -19507.3 -19050.3 -18563.7 -18042.4 -17499.9 -16917.1 -16307.4 -15675.6 -15018.8 -14333.4 -13619.7 -12893.9 -12147.2 -11378.8 -10589.5 -9771.2 -8940.36 -8091.5 -7225.81 -6342.45 -5441.09 -4525.45 -3600.23 -2656.75 -1706.72 -753.957 199 
100 -846.468 -1786.8 -2715.59 -3632.43 -4539.51 -5437.04 -6313.28 -7174.44 -8011 -8834.21 -9648.22 -10443.2 -11216.8 -11966.9 -12698.6 -13422.6 -14121.4 -14798.4 -15452.5 -16070.1 -16657.1 -17220.8 -17763.6 -18289.3 -18794 -19280.6 -19739.8 -20162.1 -20559.1 -20915 -21239.5 -21539.6 -21821.9 -22087.2 -22325.6 -22533.2 -22717.8 -22879.2 -23013.1 -23117.5 -23211.5 -23282.9 -23338.4 -23377.2 -23404.6 -23418.9 -23425.6 -23418.4 -23404 -23395.6 -23385.4 -23382.2 -23371.6 -23355.8 -23344.1 -23331 -23307.4 -23266.5 -23196.4 -23094.2 -22953.7 -22800.7 -22621.2 -22410.7 -22179.2 -21927.2 -21655.4 -21343.9 -21008.6 -20649.8 -20269.8 -19868.7 -19436.1 -18964.9 -18454.3 -17925 -17361 -16781 -16173.4 -15535.5 -14878.9 -14198.5 -13493.9 -12768.6 -12022.5 -11266.7 -10500.2 -9713.98 -8894.04 -8046.51 -7180.48 -6300.06 -5397.19 -4484.03 -3563.76 -2635.6 -1697.65 -750.77 199 
100 -844.271 -1786.08 -2725.85 -3660.6 -4584.13 -5490.77 -6378.65 -7252.53 -8113.35 -8956.09 -9776.64 -10576.5 -11346.6 -12089.4 -12812.4 -13513.9 -14194.4 -14858.5 -15495.1 -16114.5 -16724.3 -17308.7 -17850.7 -18366.3 -18868.1 -19350 -19797 -20211.7 -20600.5 -20959.4 -21281.9 -21576.5 -21858.2 -22127.5 -22376.6 -22593 -22789.8 -22964.2 -23111.4 -23235.6 -23337.4 -23410.2 -23474.3 -23518.4 -23552.7 -23568.2 -23577.2 -23574.4 -23563.9 -23556.3 -23550.6 -23555.1 -23550.5 -23537.5 -23523.9 -23504.1 -23477 -23433.1 -23363.7 -23262.3 -23126.7 -22968.1 -22774.4 -22558.2 -22318.1 -22053.4 -21767.6 -21459.8 -21119 -20762.3 -20384.3 -19984.3 -19554.8 -19100.1 -18614.3 -18093.8 -17547.3 -16964.3 -16357.4 -15725.1 -15069.2 -14386 -13670 -12943 -12194.4 -11419.2 -10619.9 -9796.72 -8960.96 -8111.42 -7245.51 -6359.29 -5455.44 -4538.05 -3610.79 -2663.78 -1711.44 -756.26 199 
100 -850.172 -1795.04 -2729.56 -3651.04 -4562.12 -5461.66 -6339.39 -7202.16 -8040.67 -8865.54 -9679.82 -10480.1 -11254 -12003.3 -12736.7 -13460.2 -14159.6 -14836.3 -15492.3 -16117.1 -16711.7 -17283 -17833.9 -18364.6 -18874.1 -19367.5 -19828.1 -20248.7 -20645.7 -21002.2 -21331.9 -21632.2 -21914.8 -22178.8 -22413.7 -22620.6 -22806 -22967.7 -23103.8 -23209.7 -23304.6 -23375.6 -23433.6 -23476.1 -23505.8 -23521.4 -23527 -23522.2 -23507.9 -23499.4 -23490.9 -23488.1 -23476.5 -23459.1 -23446.6 -23434.4 -23409 -23366.2 -23297.3 -23192.1 -23053.1 -22901.1 -22722.6 -22512.9 -22278.6 -22023.1 -21748.6 -21432.7 -21097.3 -20735.2 -20355.5 -19951.6 -19514.4 -19043 -18534.7 -18002.3 -17436.9 -16859.6 -16251.2 -15615.1 -14960.5 -14276.4 -13571.2 -12840.9 -12091.4 -11329.8 -10556.4 -9765.13 -8940.01 -8083.89 -7207.67 -6320.06 -5413.86 -4500.21 -3578.68 -2647.24 -1705.38 -754.492 199 
100 -849.607 -1794.8 -2732.29 -3663.93 -4588.42 -5499.51 -6393.02 -7271.16 -8134 -8976.34 -9799.73 -10609.6 -11387.4 -12134.5 -12858.5 -13563.4 -14247.7 -14914.9 -15556.1 -16177.1 -16785.6 -17370 -17918 -18433.8 -18935.8 -19419.7 -19868.1 -20282 -20672.2 -21033 -21359.8 -21656.5 -21938.6 -22206.4 -22455.6 -22674.2 -22871.3 -23044.2 -23191.5 -23315.8 -23415.8 -23486.3 -23550.5 -23598.5 -23634 -23649.8 -23655.4 -23649.4 -23635 -23627.8 -23619.6 -23620.7 -23612.2 -23597.6 -23580.2 -23559.2 -23532.1 -23487.5 -23413.7 -23306.6 -23167 -23005.7 -22810.6 -22589.6 -22343.4 -22075.7 -21788.6 -21478.8 -21143 -20790.6 -20418.7 -20020.6 -19590.1 -19135.2 -18650.5 -18132.7 -17587.5 -17003.2 -16389.4 -15751.3 -15088.4 -14401.3 -13687.7 -12961.9 -12212.1 -11433.1 -10627.7 -9803.55 -8965.47 -8114.5 -7250.69 -6361.85 -5454.71 -4535.47 -3607.56 -2661.04 -1709.61 -755.303 199 
100 -851.303 -1798.03 -2734.45 -3655.34 -4565.7 -5463.3 -6338.64 -7198.24 -8037.61 -8862.65 -9678.76 -10485.3 -11269.3 -12023 -12757.5 -13479.2 -14176.1 -14851 -15503.9 -16128.2 -16721.1 -17292.5 -17842.4 -18369.4 -18878 -19372.3 -19830.8 -20252 -20650.6 -21006.1 -21334 -21631.3 -21913 -22175.5 -22408.6 -22616.2 -22803.3 -22966.3 -23104.9 -23215.5 -23309 -23379.2 -23437.7 -23479.7 -23509.8 -23526.3 -23528.8 -23523.3 -23508.7 -23498.3 -23495.1 -23496.5 -23485.3 -23467.4 -23454.9 -23444.3 -23417.8 -23373.2 -23304.5 -23193.9 -23056.5 -22902.3 -22721.4 -22513.5 -22272.4 -22011.9 -21730.9 -21411 -21076 -20714.4 -20336.1 -19931.2 -19493.3 -19022.4 -18515.7 -17980.4 -17413.4 -16836.4 -16227.7 -15593.9 -14937.9 -14253.5 -13551.7 -12822.8 -12076.5 -11314.2 -10541.1 -9751.85 -8926.33 -8074.49 -7204.13 -6322.22 -5417.87 -4501.73 -3579.77 -2648.22 -1705.97 -754.796 199 
100 -848.985 -1794.51 -2734.62 -3668.05 -4596.96 -5510.1 -6405.32 -7283.35 -8144.38 -8986.04 -9810.34 -10621 -11401.1 -12152.3 -12879.9 -13586.4 -14270.7 -14936.5 -15577 -16198.8 -16806.8 -17392.8 -17942.7 -18459.5 -18958.3 -19441.4 -19888.9 -20301.6 -20689.9 -21048.1 -21373.7 -21670.6 -21949.2 -22215.4 -22465.3 -22685.8 -22882.1 -23053.9 -23203.5 -23331.2 -23428.2 -23496.8 -23556 -23602.4 -23635 -23648.1 -23650.1 -23640.8 -23620.8 -23613.4 -23604.3 -23603.4 -23594.1 -23577.3 -23556 -23533.3 -23504.9 -23460.2 -23387.9 -23277.5 -23133.7 -22972.6 -22777.6 -22558 -22313.1 -22049.9 -21765.8 -21457 -21128.5 -20780 -20409.4 -20009.6 -19581 -19127.4 -18640.3 -18117.1 -17571 -16991 -16383.9 -15749.8 -15088 -14402 -13689.5 -12965.8 -12218.6 -11441.6 -10633.4 -9807.75 -8967.87 -8116.95 -7252.9 -6366.11 -5458.96 -4540 -3613.06 -2668.01 -1714.89 -757.945 199 
100 -849.455 -1795.44 -2732.6 -3653.59 -4563.27 -5458.95 -6331.48 -7192.91 -8038.28 -8866.13 -9685.06 -10494.5 -11280.9 -12037.5 -12771.2 -13490.4 -14187.7 -14862.2 -15512.4 -16135.2 -16730.2 -17305.3 -17856.4 -18383 -18893.2 -19385.2 -19844.2 -20268.7 -20665.7 -21022.5 -21351.3 -21648.9 -21929.4 -22190.2 -22422.8 -22629.4 -22815.6 -22977.9 -23115.8 -23220.2 -23309 -23378.5 -23436.1 -23482.4 -23514.8 -23530.2 -23535.2 -23528.4 -23516.1 -23504.8 -23504.8 -23504.5 -23492.8 -23474.2 -23463.4 -23457.9 -23434.6 -23386.6 -23317.4 -23210 -23078.1 -22924.7 -22742.1 -22532 -22287.8 -22027.2 -21743.1 -21421.6 -21085.9 -20723.1 -20343.9 -19938.2 -19500.4 -19028.6 -18523.1 -17988.4 -17423.2 -16849 -16242.7 -15610 -14952.9 -14266.3 -13562.3 -12837.1 -12096 -11335.8 -10565.5 -9775.26 -8947.94 -8097.87 -7228.14 -6346.82 -5440.93 -4520.89 -3595.14 -2659.32 -1712.66 -758.192 199 
100 -851.387 -1799.44 -2740.22 -3671.93 -4600.63 -5511.18 -6408.47 -7289.27 -8150.12 -8994.14 -9821.39 -10635.2 -11417.6 -12176 -12907.3 -13619.6 -14309.1 -14978 -15617.3 -16239.5 -16846.3 -17429.5 -17981.3 -18499.9 -18997.9 -19480 -19928.8 -20337.9 -20724.4 -21084.7 -21407.1 -21702.9 -21979.4 -22242.6 -22487 -22708 -22905.2 -23077 -23226.8 -23354.2 -23449 -23516.2 -23574 -23620.8 -23652.9 -23663.9 -23662.3 -23653.2 -23632.8 -23625.7 -23616.6 -23613.9 -23603.1 -23588.2 -23569.5 -23551.2 -23526.1 -23483.4 -23410.2 -23302.1 -23160.2 -23002.2 -22813.9 -22600.4 -22357.5 -22095.3 -21812 -21503.5 -21176.7 -20827.5 -20455.6 -20055.2 -19629.8 -19172.7 -18675.8 -18142.9 -17587.9 -17003.3 -16393.6 -15757.7 -15097.7 -14415.4 -13704 -12978.6 -12229.4 -11446.8 -10633.3 -9805.87 -8963.36 -8110.84 -7244.93 -6358.84 -5455.39 -4538.86 -3611.47 -2668.22 -1715.4 -758.198 199 
100 -849.4 -1795.35 -2733.59 -3657.08 -4569.06 -5467.04 -6341.2 -7202.63 -8050.26 -8881.97 -9704.58 -10513.7 -11300.6 -12060.4 -12794.9 -13513.5 -14214.3 -14890.8 -15541 -16165.7 -16764.5 -17338.3 -17886.6 -18409.2 -18914.5 -19403.2 -19865.8 -20295.4 -20691.3 -21049.6 -21380.1 -21678.8 -21959.8 -22220.4 -22453.1 -22660.2 -22845.1 -23003.9 -23136.6 -23239.8 -23327.3 -23393.6 -23447.1 -23495.1 -23532.9 -23551.7 -23557.6 -23546.7 -23530.4 -23518.5 -23514.7 -23513.7 -23502.8 -23485.4 -23476.1 -23470.7 -23447.9 -23397.6 -23329.5 -23221.2 -23091.8 -22940.1 -22761 -22556.9 -22313.2 -22052.9 -21766.6 -21447.3 -21114.8 -20754 -20374.8 -19965.6 -19524.8 -19050.8 -18546.8 -18008.8 -17443.9 -16870.3 -16266.2 -15634 -14977.6 -14288.5 -13584.1 -12858.1 -12115.5 -11355.2 -10585.2 -9788.17 -8955.14 -8103.2 -7231.05 -6347.15 -5442.13 -4522.57 -3596.28 -2659.72 -1712.05 -757.749 199 
100 -848.904 -1794.03 -2731.23 -3659.28 -4584.04 -5493.34 -6388.78 -7270.22 -8128.16 -8970.66 -9795.48 -10606.7 -11388 -12148.2 -12875.9 -13585.1 -14272.7 -14938.7 -15577.3 -16202.2 -16807.4 -17390.9 -17945.7 -18464.5 -18963.3 -19444.1 -19894.9 -20305.4 -20691.2 -21051.7 -21371.7 -21668.3 -21947.6 -22211.3 -22455.8 -22676.2 -22872.8 -23041.5 -23188.7 -23313.3 -23406.8 -23476.5 -23537.6 -23586 -23621.2 -23633.1 -23630.8 -23624.2 -23605 -23597.4 -23589 -23585.1 -23573.4 -23557.9 -23539.4 -23522.2 -23499.9 -23456.9 -23386.2 -23280.9 -23138.3 -22975.3 -22783.5 -22568.8 -22325.8 -22065.9 -21783.7 -21475.6 -21147 -20795.8 -20420.7 -20019.7 -19595.5 -19141 -18641.3 -18106.9 -17549.8 -16966.8 -16357.1 -15723.5 -15066.9 -14390 -13677.9 -12949 -12198.5 -11414.5 -10602.3 -9775.98 -8934.55 -8083.61 -7220.2 -6337.79 -5438.15 -4524.07 -3600.38 -2662.24 -1713.36 -758.059 199 
100 -850.688 -1797.63 -2738.02 -3663.68 -4578.79 -5480.61 -6358.8 -7221.94 -8070.7 -8906.7 -9730.19 -10538.1 -11323.8 -12083.8 -12820.8 -13540.4 -14239.4 -14912.9 -15558.3 -16182.2 -16784.6 -17357.6 -17906.1 -18426.5 -18931.7 -19422 -19887 -20314.9 -20700.1 -21055.8 -21380.6 -21675.9 -21956.4 -22217.8 -22450.6 -22658.6 -22848 -23012.2 -23149.3 -23252 -23337.2 -23405.5 -23462.7 -23514.8 -23554.1 -23567.1 -23571 -23556 -23537.4 -23531.3 -23528.3 -23528.1 -23515.7 -23498.2 -23490.6 -23485.6 -23466 -23414.5 -23345.4 -23242 -23116.2 -22963.7 -22780.7 -22572.3 -22329.9 -22074.2 -21788.3 -21468.4 -21135.1 -20776.9 -20399.3 -19992.1 -19556.2 -19086.1 -18584.4 -18043.9 -17479.3 -16904.7 -16299.4 -15665.9 -15009.2 -14317.9 -13612 -12880.9 -12135.4 -11374.2 -10601.9 -9802.09 -8967.73 -8113.15 -7241.61 -6359.13 -5455.75 -4535.7 -3606.84 -2665.04 -1715.09 -759.209 199 
100 -848.78 -1791.45 -2725.3 -3651.14 -4573.4 -5484.07 -6378.63 -7259.74 -8117.78 -8960.01 -9785.48 -10594.9 -11376.9 -12140 -12866.8 -13577.1 -14264.6 -14928 -15566.7 -16192.6 -16794.9 -17377 -17932.7 -18450 -18947.5 -19425.8 -19877.3 -20286.9 -20672.9 -21034.8 -21354.2 -21650.3 -21928.6 -22193.9 -22439 -22655.6 -22849.3 -23017.3 -23162.7 -23284.2 -23375.1 -23443.8 -23502.3 -23547.7 -23583.3 -23602 -23610.4 -23613.3 -23599.3 -23593.1 -23586.6 -23579.2 -23565.1 -23550.3 -23535.1 -23518.9 -23502.7 -23466.1 -23401.1 -23299.2 -23159.1 -22996 -22808.1 -22592.8 -22351.6 -22093.2 -21808.9 -21500.6 -21172.3 -20825 -20449.2 -20045.8 -19620.5 -19165.3 -18665.3 -18129.7 -17571.1 -16986.9 -16372.3 -15737.2 -15082.2 -14403 -13691.9 -12965.7 -12216.5 -11433.9 -10624.2 -9797.97 -8954.46 -8100.69 -7233.81 -6349.12 -5447.85 -4531.32 -3606.6 -2667.75 -1717.57 -760.148 199 
100 -853.681 -1803.3 -2747.45 -3677.2 -4594.2 -5498.83 -6381.69 -7247.77 -8098.37 -8937.63 -9760.72 -10566.7 -11353.4 -12112.5 -12855 -13574.9 -14274.7 -14951.5 -15602.4 -16233.9 -16839.8 -17414.1 -17963.4 -18488.1 -18990.8 -19477.4 -19941.2 -20366.5 -20748.7 -21101.7 -21422.4 -21718.6 -21995.1 -22252.2 -22483.4 -22690.8 -22881.2 -23048.6 -23191.2 -23294.7 -23379.5 -23448 -23505 -23556.3 -23595.7 -23606.1 -23608.3 -23588.7 -23569.2 -23562.2 -23555.1 -23550.5 -23536.4 -23520.9 -23514.6 -23506.5 -23487.5 -23434 -23360.3 -23256.8 -23127.3 -22971.9 -22784.4 -22573.9 -22329.4 -22071.8 -21783.7 -21463.5 -21127.5 -20768.8 -20392.7 -19987.5 -19558.4 -19097 -18597.1 -18057.2 -17491.5 -16913.1 -16302.5 -15662.5 -15007.3 -14315.6 -13608.6 -12878 -12129.3 -11367.7 -10593.9 -9794 -8962.45 -8110.19 -7242.42 -6359.81 -5457.19 -4538.09 -3607.79 -2664.97 -1714.97 -759.153 199 
100 -854.723 -1801.65 -2740.09 -3671.74 -4599.06 -5515.91 -6417.49 -7304.26 -8166.39 -9014.28 -9848.94 -10664.8 -11454.8 -12227.6 -12960.4 -13672.1 -14363.8 -15031 -15676.6 -16308.4 -16914.2 -17495.3 -18053.7 -18575.4 -19077.2 -19558.6 -20016.2 -20433.8 -20826.4 -21188.7 -21509.7 -21805.3 -22081.6 -22341.5 -22582.1 -22794.4 -22984 -23148.2 -23291.4 -23411.4 -23499.3 -23566.2 -23622.1 -23664.3 -23697.9 -23716.1 -23722.7 -23724.6 -23709.1 -23702 -23692.6 -23676.9 -23654.9 -23633.4 -23615.5 -23594.8 -23574.3 -23532.3 -23460.4 -23354.7 -23216.5 -23055.1 -22864.9 -22647.2 -22405.1 -22142.8 -21854.6 -21544.1 -21214.1 -20864.9 -20486 -20082.4 -19654.1 -19200.7 -18696.5 -18157.8 -17596.7 -17011 -16395.1 -15761.4 -15104.7 -14423.3 -13713.3 -12985.5 -12235.9 -11453.8 -10642.1 -9814.95 -8971.17 -8116.76 -7248.79 -6364.19 -5460.33 -4540.15 -3614.95 -2675.23 -1723.18 -762.988 199 
100 -856.268 -1807.15 -2755.98 -3690.6 -4611.69 -5521.76 -6412.95 -7286.9 -8144.74 -8991.98 -9820.01 -10631.3 -11423.5 -12186.6 -12938.5 -13657.9 -14350.2 -15024.9 -15677.1 -16311 -16919.4 -17495.3 -18043.2 -18565.4 -19065.7 -19550.5 -20013.3 -20441 -20825.1 -21180.8 -21508 -21810.9 -22090 -22347.7 -22580.5 -22786.8 -22979.1 -23148.6 -23293.8 -23394.2 -23478 -23545.2 -23601.2 -23649.4 -23687.4 -23697.8 -23697.2 -23676.9 -23655 -23647.1 -23639.5 -23632.3 -23620.6 -23610.4 -23610.9 -23601.6 -23585.9 -23537 -23464.3 -23363.6 -23233.7 -23077.3 -22890.3 -22678.9 -22432.4 -22174.3 -21889.5 -21573.2 -21241.5 -20885.8 -20509.3 -20101.3 -19670.3 -19207.1 -18706.3 -18168.8 -17597.5 -17012.5 -16398.8 -15755.9 -15094.4 -14399.6 -13685.1 -12950.2 -12196.2 -11428.1 -10645.8 -9839.97 -9003.48 -8149.32 -7279.96 -6391.69 -5485.46 -4562.38 -3625.89 -2678.13 -1723.74 -763.6 199 
100 -857.373 -1807.22 -2746.53 -3680.23 -4609.01 -5528.11 -6431.72 -7316.37 -8178.92 -9026.47 -9860.22 -10670.9 -11461.4 -12233.7 -12969.4 -13682.2 -14374.3 -15042 -15691.7 -16323.5 -16931.7 -17517.3 -18079.6 -18607.1 -19116.3 -19603.3 -20066.2 -20491.9 -20888.3 -21249.1 -21574.5 -21873.1 -22150.1 -22412.3 -22655.9 -22866.2 -23056 -23217.3 -23357.9 -23476.4 -23562.6 -23629.9 -23686.2 -23729.5 -23765.8 -23780.8 -23778.9 -23774.4 -23754.5 -23749 -23745 -23731.1 -23712.6 -23689.6 -23675.5 -23657.8 -23640.5 -23598.9 -23529.8 -23424.9 -23290.4 -23131 -22942.1 -22725.9 -22485.3 -22223.7 -21934 -21623.2 -21294 -20944.5 -20565.8 -20164.2 -19737.9 -19286.5 -18782.9 -18242.9 -17681.8 -17096.7 -16480.7 -15841.1 -15178.3 -14493.2 -13780.7 -13046.7 -12293.8 -11510.9 -10696.9 -9866.95 -9019.14 -8162.32 -7291.79 -6401.07 -5488.53 -4561.84 -3630.02 -2685.51 -1730.34 -766.685 199 
100 -858.593 -1812.43 -2764.29 -3702.97 -4627.79 -5544.54 -6442.26 -7321.75 -8184.75 -9036.99 -9868.87 -10683.8 -11478.9 -12243.2 -12996 -13720.1 -14413.4 -15089.7 -15742.9 -16376.4 -16987.8 -17569.9 -18120.5 -18645.2 -19147 -19633.8 -20096.3 -20520.6 -20905.4 -21263.4 -21594.6 -21899.1 -22174.2 -22428.5 -22661.2 -22867 -23057.1 -23226.8 -23376 -23480.1 -23566.4 -23636.3 -23696 -23748.4 -23791.3 -23804.4 -23801.4 -23784.2 -23765.2 -23757.2 -23752.2 -23747.1 -23743.3 -23736.6 -23736.2 -23726.2 -23709.2 -23661.9 -23589.6 -23490.5 -23360.5 -23202 -23015.7 -22803.7 -22557.5 -22300 -22015.1 -21700.4 -21367.6 -21010.9 -20630.4 -20217.1 -19780.2 -19310.7 -18805.5 -18265.5 -17692.4 -17107.4 -16491 -15848.7 -15185 -14487.1 -13767.3 -13029.3 -12272.3 -11497 -10708.9 -9893.27 -9048.24 -8187.55 -7311.97 -6417.8 -5507.23 -4579.8 -3637.8 -2686.46 -1729.33 -766.519 199 
100 -858.868 -1810.72 -2753.17 -3693.42 -4625.69 -5548.2 -6456.52 -7345.01 -8210 -9056.86 -9883.97 -10689.4 -11474.3 -12241.3 -12974.7 -13687.9 -14379.8 -15047.1 -15700 -16329 -16939.6 -17526.7 -18090.4 -18621.3 -19132.9 -19619.3 -20083.6 -20522.4 -20927 -21292 -21621 -21920 -22198.4 -22461.8 -22708 -22915.1 -23103.9 -23266.7 -23408 -23529 -23617.3 -23685.8 -23742.4 -23787.4 -23824 -23836.3 -23836.1 -23833.3 -23815.9 -23812.8 -23808.4 -23794.9 -23777.7 -23755.6 -23744.8 -23727.2 -23706.9 -23658.4 -23585.9 -23478.1 -23339.4 -23175.1 -22980.5 -22762.5 -22518.3 -22255.6 -21962.2 -21652.6 -21324.3 -20970 -20589 -20186.1 -19759.2 -19305.2 -18805.7 -18269.9 -17710.7 -17127.4 -16510.9 -15869.1 -15206.1 -14516.1 -13803.9 -13067.1 -12310.6 -11526.3 -10713.6 -9882.6 -9036.07 -8179.1 -7307.59 -6414.33 -5497.8 -4569.26 -3635.34 -2690.36 -1734.33 -768.735 199 
100 -861.709 -1818.31 -2772.64 -3715.63 -4643.1 -5563.19 -6463.94 -7346.36 -8213.09 -9067.02 -9903.94 -10717.9 -11512.3 -12273.6 -13023.7 -13748.1 -14441.1 -15116.4 -15767.5 -16400.3 -17016.5 -17603.3 -18153.4 -18677.9 -19178.2 -19664.3 -20125 -20549.6 -20933 -21292.1 -21625.1 -21930.9 -22203.7 -22455.5 -22685.8 -22892.7 -23082.8 -23252.8 -23404.1 -23510.6 -23593.2 -23660.2 -23720.6 -23771 -23811.6 -23826 -23821.4 -23801.7 -23778.6 -23765.7 -23757.4 -23750.7 -23747.8 -23742.1 -23739.3 -23728.7 -23711.7 -23665.2 -23592 -23487.8 -23357.4 -23195.2 -23006.4 -22790.7 -22545.6 -22288.9 -22007.1 -21696.8 -21368.8 -21016.7 -20634.7 -20219.2 -19782.9 -19311.4 -18806.1 -18264 -17691.9 -17106.5 -16486.3 -15845.9 -15180.8 -14482.2 -13762.8 -13025 -12267.4 -11495 -10712.2 -9902.29 -9063.09 -8205.25 -7330.43 -6436.21 -5526.35 -4597.61 -3650.91 -2693.92 -1733.79 -767.436 199 
100 -859.454 -1811.54 -2753.62 -3694.17 -4626.59 -5547.44 -6454.42 -7339.97 -8204.08 -9047.37 -9872.92 -10680.6 -11467.9 -12237.3 -12970.5 -13681 -14370.2 -15036.4 -15690.4 -16318.9 -16931.1 -17520.3 -18088.3 -18627.3 -19146.7 -19631.8 -20092.2 -20532 -20936.9 -21298.4 -21624.2 -21923.6 -22205 -22471.6 -22721 -22931 -23120.6 -23286.2 -23426.3 -23545.1 -23633.5 -23701.4 -23751.3 -23792.5 -23823 -23832.6 -23832.5 -23827.9 -23815.6 -23816.5 -23813.2 -23800.3 -23783 -23761.7 -23752.5 -23738.6 -23721.3 -23669 -23590.6 -23482.2 -23344 -23180.9 -22985.1 -22769.3 -22526.5 -22263.2 -21972 -21662.1 -21333.5 -20974.4 -20594.1 -20190.7 -19765.8 -19310.6 -18811.1 -18273.4 -17712.6 -17128.3 -16509.7 -15866.8 -15204.4 -14516.6 -13809.6 -13072.9 -12315 -11532.5 -10721.4 -9889.65 -9042.39 -8184.76 -7310.78 -6417.62 -5499.57 -4571.5 -3635.93 -2690.41 -1733.36 -768.428 199 
100 -862.962 -1820.54 -2775.18 -3720.55 -4649.69 -5570.69 -6472.71 -7356.74 -8225.82 -9079.9 -9922.14 -10739.4 -11532.2 -12295.7 -13044.8 -13767.4 -14461 -15136.5 -15788 -16419.1 -17031.8 -17621.7 -18172.8 -18702.2 -19203.6 -19689.7 -20146.7 -20567.2 -20948.7 -21307.6 -21640.1 -21947.1 -22222.3 -22472.7 -22702.5 -22912.4 -23103.6 -23274.3 -23425.5 -23532 -23615.6 -23685.5 -23748.6 -23797.8 -23836.2 -23848.2 -23843.3 -23823.6 -23801.1 -23788.9 -23782.1 -23776.4 -23775.1 -23771.9 -23768.6 -23759.3 -23739.8 -23696 -23628 -23523.9 -23392.5 -23230.2 -23039.4 -22822.6 -22578.8 -22322.2 -22041.2 -21734.5 -21406.8 -21053.7 -20670.9 -20253.3 -19820.8 -19352.3 -18854.7 -18314.4 -17744.7 -17155.3 -16530.4 -15889.4 -15224.2 -14528.8 -13811.5 -13073 -12311 -11535 -10747.6 -9935.27 -9099.13 -8239.7 -7361.13 -6458.76 -5541.95 -4609.38 -3659.88 -2700.32 -1737.79 -769.397 199 
100 -861.141 -1814.35 -2757.27 -3699.09 -4632.8 -5552.77 -6461.41 -7347.54 -8213.31 -9057.6 -9882.1 -10690.9 -11475.5 -12241.6 -12972.3 -13680.1 -14367.7 -15035.2 -15688.8 -16317.9 -16932.8 -17522.7 -18089.1 -18629.3 -19151.8 -19637.4 -20099.4 -20543.9 -20953.7 -21313.5 -21637.8 -21939.4 -22222.7 -22489.6 -22738.1 -22946.8 -23135.7 -23300.8 -23443.1 -23563.6 -23656.7 -23726.3 -23774.8 -23814.4 -23848.5 -23862.4 -23867.1 -23864.9 -23857.7 -23860.2 -23858.1 -23847.4 -23830.8 -23811.3 -23802.6 -23793.4 -23778 -23729.1 -23651.6 -23547.1 -23409.8 -23250.1 -23050.3 -22833.8 -22588.4 -22320.3 -22026.9 -21711.2 -21374.7 -21012.8 -20632.7 -20227.6 -19802.4 -19343.5 -18843.2 -18305.2 -17746 -17161.2 -16542.9 -15897.2 -15234.2 -14544 -13835.8 -13096.6 -12335.3 -11552.9 -10742.4 -9908.05 -9059.85 -8201.87 -7325.71 -6429.6 -5508.12 -4577.79 -3639.14 -2692.09 -1733.79 -769.504 199 
100 -862.669 -1820.12 -2774.02 -3723.09 -4656.47 -5579.99 -6484.97 -7371.71 -8244.27 -9100.42 -9942.53 -10760.1 -11552.4 -12318.1 -13063.4 -13782.8 -14477.2 -15151.4 -15800.5 -16434.3 -17048 -17640.2 -18192.5 -18722.1 -19225.8 -19713 -20172.6 -20594.1 -20976.8 -21333.7 -21665 -21971.9 -22249.5 -22500.4 -22729.7 -22939.5 -23131.8 -23303.8 -23455.3 -23566.7 -23651.8 -23720.7 -23780 -23826.7 -23861.7 -23867.4 -23864.1 -23844.4 -23820.9 -23808.7 -23802 -23794.4 -23790.9 -23786.5 -23777.4 -23765.2 -23740.1 -23693.4 -23624.3 -23517.4 -23382.3 -23217.3 -23026.3 -22812.7 -22570.9 -22311.5 -22030.8 -21725.2 -21395 -21040.3 -20658.5 -20243.4 -19812.3 -19347.7 -18856.7 -18322.2 -17758.8 -17168.9 -16549 -15909.2 -15242 -14542.7 -13820.5 -13079.3 -12315.8 -11536.5 -10740.8 -9924.55 -9092.69 -8236.4 -7361.29 -6460.49 -5544.89 -4612.47 -3662.34 -2703.22 -1738.38 -769.69 199 
100 -861.965 -1815.09 -2760.06 -3702.24 -4634.55 -5553.77 -6460.18 -7346.16 -8212.16 -9056.34 -9882.7 -10693.9 -11477.4 -12243.1 -12974.8 -13686.5 -14375.4 -15041.6 -15689.8 -16316.3 -16926.7 -17514.4 -18079 -18618.4 -19140.6 -19624 -20080.9 -20521.5 -20931.3 -21292.8 -21617 -21919.8 -22203.4 -22470.1 -22718 -22927.6 -23121 -23292.4 -23440.8 -23564.9 -23663 -23733.7 -23780 -23816.6 -23850.7 -23860 -23859.9 -23849.6 -23841.1 -23840.1 -23834.2 -23823.3 -23806.9 -23788.6 -23779.2 -23773.5 -23761.5 -23718.7 -23644.9 -23540.1 -23400.7 -23240.4 -23036.5 -22819.9 -22575.9 -22307 -22016.7 -21700.2 -21358.9 -20996.7 -20616.1 -20211.1 -19788.8 -19329 -18829.8 -18294.3 -17735.1 -17149.6 -16535.6 -15891.6 -15229.4 -14536.1 -13823.7 -13085.1 -12322.8 -11542.9 -10738.6 -9907.45 -9061.44 -8204.13 -7327.09 -6429.81 -5507.11 -4575.98 -3636.13 -2689.54 -1731.56 -768.027 199 
100 -862.379 -1819.99 -2773.6 -3722.34 -4657.45 -5579.72 -6484.76 -7372.81 -8248.94 -9107.21 -9951.35 -10774.5 -11568.6 -12333.8 -13076.4 -13795 -14492.1 -15168.2 -15817.7 -16454.3 -17071.2 -17662.4 -18215.6 -18746.3 -19251.2 -19736.9 -20199 -20622.6 -21014.4 -21380.9 -21723.9 -22032.5 -22311 -22562 -22790.3 -23000.7 -23194.1 -23364.9 -23517.5 -23640.4 -23731.7 -23802.3 -23858.5 -23898.9 -23930.4 -23936.2 -23936.9 -23914.9 -23890.8 -23876.4 -23868.1 -23859.9 -23853 -23843.2 -23828.2 -23816.2 -23790.7 -23744.1 -23672 -23562 -23420 -23257.3 -23068.1 -22857.7 -22619.8 -22362.8 -22084.4 -21783.3 -21452.9 -21097.7 -20714.9 -20300.7 -19871 -19409.5 -18923.1 -18388.1 -17823.7 -17226.1 -16600.2 -15953.6 -15279.5 -14576.7 -13851 -13109.6 -12346 -11568 -10767.9 -9947.24 -9115.58 -8256.11 -7377.57 -6476.09 -5558.91 -4623.25 -3670.43 -2710.97 -1744.58 -772.901 199 
100 -863.213 -1819.82 -2767.79 -3713.47 -4648.24 -5570.91 -6478.47 -7366.3 -8233.48 -9078.43 -9902.05 -10712.3 -11493.9 -12255.7 -12984.8 -13695.5 -14380.4 -15044.2 -15690.9 -16320.3 -16934.9 -17520.9 -18083.7 -18624.2 -19145.6 -19630.3 -20088.8 -20531.4 -20944.4 -21313.8 -21642.8 -21950.3 -22237.3 -22507.9 -22757.9 -22972.6 -23173.3 -23349.7 -23498.5 -23615 -23708.4 -23770.8 -23813.6 -23847.2 -23878.6 -23887.5 -23887.3 -23874.6 -23870.4 -23869.3 -23862.1 -23853.9 -23838 -23821.4 -23811.5 -23808.7 -23794.7 -23749.5 -23678.1 -23572.2 -23433.7 -23274.6 -23071.3 -22855 -22613.7 -22345.4 -22056.7 -21740.6 -21395.8 -21033.6 -20652.8 -20248.7 -19827.8 -19369.9 -18872.4 -18342.6 -17782.5 -17193 -16580.3 -15940.3 -15280 -14587.6 -13872 -13131.3 -12364.6 -11580.9 -10778.1 -9945.92 -9097.68 -8236.61 -7354.02 -6448.49 -5521.35 -4585.9 -3643.2 -2694.68 -1734.46 -769.146 199 
100 -869.395 -1834.54 -2794.65 -3747.42 -4685.95 -5610.49 -6510.24 -7397.74 -8274.03 -9133.34 -9977.7 -10801.6 -11597.7 -12368 -13115.8 -13839.2 -14542.7 -15225.6 -15883.6 -16526.5 -17155.6 -17756 -18316.5 -18853.9 -19367.8 -19859.9 -20328.3 -20757.8 -21155 -21529.4 -21877.8 -22185.1 -22466.3 -22719 -22945.2 -23155 -23347.1 -23512.1 -23660.5 -23780.4 -23870.8 -23935 -23984.1 -24013.7 -24037.4 -24039.4 -24038.8 -24013.5 -23985.6 -23967.7 -23954.2 -23942.5 -23931.3 -23918.3 -23898.7 -23882.4 -23852.3 -23805.2 -23731.4 -23617.3 -23470.4 -23300.7 -23105.9 -22889 -22647.4 -22390.2 -22110.1 -21812.8 -21480.6 -21124.1 -20736.6 -20319.3 -19888.4 -19432.7 -18948.6 -18413.1 -17842.6 -17244 -16616 -15965.7 -15288.8 -14588.4 -13860.8 -13120.7 -12356.3 -11576.8 -10772.6 -9949.59 -9117.19 -8256.2 -7377.79 -6478.11 -5559.59 -4621.58 -3667.82 -2707.91 -1741.93 -771.73 199 
100 -870.282 -1833.69 -2788.25 -3741 -4679.65 -5603.66 -6514.55 -7408.81 -8280.01 -9132.72 -9966.94 -10787.2 -11575.3 -12342.1 -13078.3 -13795 -14485.9 -15153.7 -15806.9 -16443 -17065.9 -17660.2 -18232.9 -18781.7 -19307.4 -19798.9 -20263.4 -20713.3 -21133.6 -21510.5 -21845.5 -22157.3 -22442 -22708.7 -22952.6 -23173.7 -23376.8 -23549.2 -23689.5 -23804.4 -23897.3 -23957.2 -23997.2 -24025.2 -24050.3 -24056.4 -24057.2 -24045 -24042.5 -24039.5 -24030.4 -24022.9 -24008 -23991 -23977.3 -23972.2 -23951.6 -23901.5 -23824.7 -23713.7 -23571.5 -23410.8 -23206.8 -22988.6 -22747.6 -22480.4 -22192.6 -21877.4 -21528.9 -21161.7 -20774.8 -20365.5 -19941.5 -19480.3 -18975.8 -18443.3 -17880.5 -17287.3 -16668.3 -16024.4 -15357.1 -14660.4 -13941.5 -13198 -12426.1 -11631.5 -10822.7 -9986.58 -9135.45 -8268.13 -7383.44 -6470.84 -5541.91 -4603.7 -3658.62 -2708.41 -1743.38 -773.764 199 
100 -870.608 -1837.55 -2798.62 -3749.78 -4686.31 -5608.32 -6502.63 -7386.28 -8257.1 -9110.67 -9951.53 -10776.6 -11572.7 -12342.5 -13094.6 -13822.8 -14530.5 -15217.2 -15878.6 -16524.6 -17159.8 -17764.3 -18330.3 -18870 -19386.7 -19879.9 -20350.1 -20785.9 -21188.3 -21568.8 -21919 -22226.7 -22508.1 -22763.5 -22988.6 -23197.2 -23386.4 -23547.1 -23693.9 -23812.2 -23903.4 -23965.7 -24014.7 -24042.2 -24063.7 -24066.4 -24065.7 -24040.5 -24015 -23998 -23985.2 -23975 -23963 -23951 -23933.3 -23918.2 -23892.6 -23849.4 -23775.3 -23662.4 -23516.1 -23349.2 -23161.4 -22950.2 -22714.2 -22459.2 -22181.7 -21886.5 -21555.5 -21194.3 -20805.3 -20388.6 -19953.7 -19496.7 -19011 -18472.9 -17897.7 -17296.7 -16665 -16011.9 -15329.7 -14626.1 -13896.1 -13155.3 -12392.1 -11608.8 -10802.3 -9971.92 -9130.24 -8266.89 -7388.51 -6490.65 -5569.95 -4629.29 -3674.67 -2713.55 -1745.12 -773.439 199 
100 -867.596 -1831.65 -2786.24 -3739.23 -4676.75 -5603.85 -6517.86 -7414.03 -8290.03 -9148.43 -9988.06 -10809.5 -11601.3 -12367 -13104.9 -13820.4 -14511.5 -15176.2 -15829.3 -16466 -17088.6 -17681.9 -18255.5 -18804.4 -19328.9 -19817.4 -20275.9 -20715.1 -21126.2 -21503 -21837.6 -22151.1 -22437.2 -22706.6 -22952.9 -23175.7 -23378.6 -23551.4 -23689.9 -23803.1 -23892.6 -23953.3 -23992.1 -24020 -24043.7 -24048.8 -24047.6 -24033.9 -24030.4 -24025.1 -24020 -24016.1 -24004 -23991.1 -23981.4 -23977.3 -23957.8 -23907 -23831.3 -23716.9 -23571.8 -23407 -23203.7 -22986.1 -22744.1 -22472.7 -22180.4 -21862.3 -21510.5 -21143 -20753.8 -20345.7 -19920.9 -19460.1 -18955.9 -18423.6 -17864 -17273.5 -16654.9 -16012.5 -15344.6 -14647.5 -13928.7 -13183.2 -12409 -11614.6 -10808.1 -9972.74 -9125.67 -8263.82 -7383.01 -6471.2 -5544.86 -4606.31 -3659.61 -2707.41 -1742.71 -773.528 199 
100 -867.737 -1832.65 -2794.14 -3745.12 -4680.05 -5600.13 -6496 -7378.99 -8249.38 -9103.24 -9940.08 -10758.8 -11551.6 -12320.4 -13070.5 -13795.7 -14500.8 -15186.6 -15850.4 -16496.8 -17132.7 -17740.1 -18310.2 -18853.1 -19371.9 -19869.7 -20336 -20774 -21181.3 -21562.1 -21912 -22221.1 -22502.1 -22760.2 -22986.6 -23193.4 -23382.8 -23543.5 -23689.2 -23808.2 -23901.5 -23967.4 -24016 -24044.7 -24068.9 -24071.2 -24068.4 -24042.8 -24017.4 -23999.6 -23986 -23973.7 -23962 -23951 -23934.4 -23918.6 -23894.2 -23853.4 -23781.3 -23674.4 -23529.4 -23362.4 -23175.3 -22965.5 -22728.6 -22468.7 -22189.2 -21890.2 -21558.4 -21194.6 -20804 -20389.2 -19952.5 -19493.9 -19004.7 -18467.2 -17889.6 -17287.1 -16653 -15996.3 -15309.1 -14603.1 -13876.6 -13137.4 -12376.4 -11590.1 -10784.1 -9953.12 -9110.86 -8253.17 -7378.62 -6485.57 -5568.11 -4628.47 -3674.62 -2713.92 -1744.87 -773.387 199 
100 -870.489 -1836.84 -2792.53 -3745.04 -4681.13 -5608.28 -6522.9 -7421.29 -8301.42 -9164.56 -10007.7 -10833.2 -11628 -12396 -13135.7 -13851.4 -14541.6 -15206.8 -15861.5 -16498.7 -17121.1 -17713.3 -18288.6 -18834.3 -19355.5 -19843.5 -20302.6 -20738.4 -21149.1 -21524.7 -21858 -22169.1 -22457.7 -22726.8 -22968.5 -23187.7 -23387.4 -23559.6 -23699.1 -23815.3 -23904.7 -23966 -24004.1 -24027.6 -24043.2 -24047.6 -24045.6 -24035 -24032.8 -24029 -24025 -24025.9 -24016 -24002 -23990.7 -23982.7 -23961.7 -23908.8 -23833.4 -23720.1 -23575.5 -23410.1 -23210.9 -22995.5 -22759.3 -22495.8 -22209.2 -21894.4 -21543.2 -21178.3 -20790.3 -20386.7 -19960.2 -19500.3 -18997.1 -18464.3 -17906.8 -17318.9 -16699.8 -16058.4 -15387 -14686 -13962.7 -13213.1 -12433.2 -11635.5 -10824.2 -9988.08 -9135.75 -8266.41 -7378.25 -6468.3 -5543.57 -4605.15 -3659.52 -2706.9 -1742.71 -773.344 199 
100 -870.128 -1837.81 -2802.95 -3757.09 -4696.77 -5622.44 -6525.37 -7409.56 -8281.62 -9136.24 -9975.31 -10794.9 -11592.8 -12363.7 -13116.5 -13844.9 -14550.7 -15235.9 -15897.4 -16540.3 -17173.7 -17781.6 -18351.9 -18892.5 -19409.3 -19908.8 -20373 -20811.7 -21220 -21599 -21943.4 -22248.6 -22528.7 -22788.1 -23013.9 -23220.5 -23410.9 -23571.1 -23715.1 -23836 -23935 -24002.2 -24045.4 -24064.8 -24081 -24078.8 -24070.7 -24043 -24020 -24003.8 -23988.4 -23978.4 -23973 -23968 -23953.1 -23937.4 -23911 -23866.7 -23791.7 -23689.5 -23547 -23377.1 -23188 -22979.3 -22740.9 -22478.8 -22200 -21899.4 -21567.7 -21202.8 -20813.6 -20400 -19963.1 -19504.6 -19013.4 -18476.9 -17899.9 -17296.8 -16666.7 -16011.6 -15326 -14619.4 -13893.9 -13155.8 -12395.5 -11611.9 -10809.5 -9975.73 -9130.58 -8271.93 -7394.35 -6495.94 -5572.98 -4628.34 -3675.14 -2714.12 -1744.92 -773.443 199 
100 -870.346 -1835.4 -2791.86 -3743.43 -4679.07 -5605.86 -6520.12 -7418.96 -8299.86 -9164.96 -10008 -10835.5 -11628.6 -12396.1 -13134.4 -13851 -14540.1 -15205.1 -15859.1 -16496.4 -17118.8 -17710.7 -18285.7 -18830.5 -19347.5 -19833.7 -20290.7 -20720.7 -21129.9 -21504.3 -21836.1 -22143 -22428.2 -22691.6 -22932.3 -23151.9 -23351.2 -23522.7 -23662.7 -23777.7 -23867.7 -23932 -23974.1 -24001.2 -24018.6 -24023 -24020.9 -24015.2 -24013.8 -24009.2 -24004.6 -24004.8 -24001.8 -23996.4 -23992.2 -23986.7 -23969.5 -23915.6 -23838.6 -23722.5 -23576.1 -23409.8 -23211.6 -22995.3 -22760.3 -22498.5 -22214 -21897.4 -21547.4 -21181.7 -20792.4 -20390.1 -19960.8 -19501.1 -19000.1 -18467.1 -17913.1 -17327.8 -16709.5 -16065.3 -15391.8 -14689.9 -13967.6 -13217.9 -12439.3 -11642.8 -10830.1 -9994.84 -9145.04 -8281.63 -7396.87 -6486.95 -5557.83 -4616.04 -3669.12 -2713.16 -1748.55 -775.973 199 
100 -872.121 -1842.31 -2811.13 -3767.84 -4711.1 -5640.71 -6547.6 -7433.59 -8306.35 -9162.31 -10001.8 -10821.1 -11618.1 -12385.9 -13135.7 -13859.9 -14564.6 -15248.8 -15911.7 -16551 -17178.5 -17779.5 -18347.6 -18885.1 -19401.1 -19898.5 -20363.1 -20801.3 -21209.8 -21586.5 -21927.9 -22232.7 -22515.5 -22779.5 -23006.2 -23209.1 -23399.5 -23562.8 -23707.8 -23828.7 -23927.8 -23992.2 -24032.8 -24053 -24065.7 -24062.6 -24054.2 -24028.3 -24010.7 -23997.4 -23981.5 -23970 -23962.5 -23956.6 -23944 -23928.1 -23901.9 -23857.7 -23781.7 -23679.1 -23538.7 -23365.9 -23174.7 -22967.2 -22728.9 -22463.4 -22185.1 -21884.4 -21553.6 -21190.3 -20800.9 -20386.7 -19946.9 -19483.2 -18994.9 -18461.9 -17889.8 -17286 -16652.8 -15994.1 -15315.7 -14614.3 -13895.2 -13160.7 -12400.9 -11620 -10817.2 -9980.98 -9132.99 -8274.14 -7398.92 -6503.01 -5583.31 -4634.73 -3678.54 -2718.85 -1749.42 -776.779 199 
100 -874.489 -1843.25 -2805.07 -3760.36 -4700.44 -5629.9 -6546.08 -7452.73 -8347.06 -9226.21 -10080.2 -10911.7 -11707.7 -12473.9 -13211.6 -13931 -14622.1 -15292.4 -15950.1 -16592.7 -17216.9 -17813.3 -18388.7 -18932.5 -19447.3 -19931.1 -20387.2 -20814.9 -21223.1 -21596.7 -21929.8 -22239.4 -22525.2 -22791.4 -23032.2 -23250.5 -23443.4 -23613.1 -23751.2 -23859.1 -23941.9 -24003.8 -24044.3 -24072.4 -24091.8 -24095.2 -24093.3 -24087.4 -24085.1 -24079.9 -24075.9 -24071.3 -24066.3 -24056.1 -24048.9 -24037.2 -24016.7 -23963.1 -23885.6 -23766.4 -23617 -23445.2 -23250.6 -23030.6 -22788.9 -22522.2 -22232.2 -21911.4 -21564.8 -21200.5 -20811.2 -20408.6 -19975.3 -19514.6 -19010.7 -18477 -17920 -17335.5 -16718.7 -16073.5 -15398 -14692.9 -13966.5 -13212.2 -12433.2 -11639.2 -10826.7 -9994.4 -9146.41 -8284.53 -7397.93 -6489.36 -5560.98 -4620.53 -3673.02 -2715.75 -1750.92 -777.038 199 
100 -873.387 -1845.29 -2817.13 -3775.61 -4721.27 -5655.5 -6570.89 -7466.73 -8346.01 -9205.61 -10045 -10868.6 -11676.5 -12453.5 -13208.1 -13937.7 -14646.6 -15336.6 -16003.7 -16647.5 -17279 -17885.9 -18458.4 -18996.1 -19511.5 -20007.8 -20471.9 -20908.7 -21321.1 -21700.8 -22047.1 -22357.7 -22641.7 -22906.9 -23139.5 -23346.2 -23538.6 -23706.2 -23851.6 -23973.5 -24075.2 -24138.3 -24177.3 -24197.9 -24210.2 -24208.4 -24204.9 -24189.1 -24180.3 -24174.1 -24163.2 -24149.1 -24139.7 -24129.3 -24116.1 -24098.2 -24069.9 -24021.5 -23941.2 -23834.9 -23695.5 -23522 -23329 -23118.8 -22879.8 -22606.9 -22318.7 -22005.9 -21665 -21295.9 -20902.5 -20484.2 -20046.2 -19581.1 -19093.3 -18556.4 -17984.5 -17379.5 -16740.1 -16073.1 -15390.8 -14685.2 -13962.7 -13224.8 -12462.5 -11678.9 -10873.4 -10033.6 -9178.55 -8312.11 -7430.23 -6528.81 -5605 -4653.37 -3692.67 -2728.34 -1754.85 -780.637 199 
100 -874.676 -1844.67 -2810.67 -3766.19 -4706.88 -5636.42 -6553.04 -7460.49 -8354.02 -9231.67 -10083 -10909.8 -11708.3 -12479 -13224.1 -13950.4 -14647.9 -15324.2 -15984.8 -16626.8 -17249 -17842.6 -18417.6 -18961.3 -19475.5 -19962.9 -20421.9 -20852.1 -21262.5 -21638.5 -21972.3 -22287.2 -22574.4 -22837.3 -23074.3 -23290.6 -23481.3 -23651.1 -23791.3 -23892.3 -23971.6 -24034.2 -24074 -24101 -24123 -24130.5 -24134.4 -24130.8 -24126.4 -24122.9 -24121.3 -24115.4 -24112.7 -24102.7 -24095.7 -24084.6 -24064.1 -24012.1 -23933.3 -23812.5 -23663.8 -23492.6 -23300 -23079.9 -22836.6 -22568.5 -22276.8 -21954.1 -21609.3 -21245.6 -20856.6 -20453.6 -20019.1 -19559.9 -19057.7 -18528.6 -17970.2 -17385.2 -16768.3 -16121.6 -15446.2 -14738.7 -14004.2 -13247 -12467.4 -11673.4 -10858.7 -10027.6 -9178.68 -8312.41 -7424.55 -6513.31 -5582.65 -4639.16 -3686.49 -2727.46 -1759.7 -783.887 199 
100 -873.955 -1846.8 -2819.12 -3780.54 -4728.83 -5664.99 -6581.67 -7476.93 -8356.24 -9214.49 -10054.3 -10879.5 -11686.4 -12462.3 -13215.6 -13941 -14648.2 -15337.3 -16004.9 -16653.3 -17284.4 -17891.5 -18464.9 -19006.3 -19523.9 -20019.8 -20485.1 -20921.7 -21337.3 -21718.2 -22064.6 -22374 -22656.2 -22919.2 -23154.7 -23362.4 -23556 -23724.9 -23870.1 -23992 -24095.1 -24161.4 -24203.1 -24227 -24237.6 -24233.4 -24225.1 -24209.5 -24200.4 -24198.7 -24192.9 -24177.2 -24166.1 -24150.7 -24136.3 -24115.8 -24086.9 -24038.3 -23955.7 -23848 -23711.2 -23536.7 -23341.6 -23126.9 -22885.3 -22617.2 -22335.7 -22025.2 -21691.1 -21330.9 -20944.2 -20525 -20085.1 -19621 -19136.6 -18602.6 -18032.7 -17434.5 -16800.2 -16140.5 -15460.7 -14751.6 -14024.5 -13284 -12518.3 -11733.2 -10927.5 -10086.4 -9227.11 -8354.23 -7468.34 -6560.32 -5630.04 -4677.05 -3713.79 -2745.07 -1766.62 -785.054 199 
100 -878.386 -1852.3 -2823.09 -3781.72 -4723.23 -5656.03 -6576.64 -7488.81 -8384.44 -9265.09 -10121 -10948.7 -11750.9 -12523.7 -13271.3 -13999.9 -14697.3 -15375.7 -16035.6 -16676.7 -17302.6 -17898.3 -18473.7 -19019.1 -19534.7 -20023.6 -20480.9 -20911 -21319.6 -21693.5 -22027.1 -22345.4 -22632.6 -22893.1 -23131 -23348 -23540.4 -23711.5 -23850.7 -23952.8 -24032.4 -24097.5 -24138.6 -24164.7 -24187.4 -24197 -24204.6 -24202.1 -24202.4 -24202.6 -24205.2 -24199.5 -24199 -24190 -24183.9 -24174.2 -24154.3 -24103.1 -24019.5 -23899.2 -23751.8 -23581.5 -23393 -23179.1 -22940.6 -22676.3 -22386.2 -22063.8 -21717.6 -21354.6 -20967.2 -20563.7 -20127.7 -19664.6 -19160.1 -18629.7 -18065.2 -17476.3 -16854.1 -16202.4 -15523.2 -14813.3 -14075.9 -13318 -12537.8 -11743 -10924.5 -10089.5 -9233.02 -8355.56 -7462.43 -6549.03 -5614.29 -4667 -3705.92 -2738.78 -1762.84 -784.19 199 
100 -875.458 -1847.76 -2817.67 -3778.35 -4726.98 -5665.73 -6586.04 -7481.42 -8361.9 -9218.88 -10060.4 -10891 -11702.8 -12489.3 -13254.9 -13990.5 -14702.1 -15388.4 -16054.8 -16702.8 -17333.8 -17943.9 -18521.1 -19064.6 -19583.9 -20080.8 -20548.1 -20985.9 -21404.1 -21786.7 -22133.8 -22439.9 -22719.6 -22980 -23218.4 -23425.4 -23614.6 -23781.5 -23922.4 -24042.5 -24143.4 -24208.7 -24248.2 -24272.8 -24279.5 -24273.2 -24261.5 -24247.6 -24241 -24242.7 -24240.3 -24225.2 -24215.6 -24201 -24187.2 -24166.2 -24139.3 -24092.6 -24011 -23905.2 -23771.1 -23599.3 -23404.7 -23189.6 -22948.1 -22685.8 -22408.6 -22096.4 -21760.7 -21396.9 -21005.1 -20587.1 -20149.7 -19688.3 -19204.5 -18671.6 -18104.2 -17507.1 -16869.4 -16207.6 -15522.6 -14812.9 -14081.5 -13336.9 -12565.4 -11773.9 -10959.4 -10113.2 -9251.45 -8379.6 -7493.81 -6585.05 -5654.08 -4699.97 -3731.93 -2759.25 -1775.76 -789.465 199 
100 -879.308 -1854.02 -2825.98 -3786.38 -4728.73 -5663.31 -6583.86 -7497.39 -8397.17 -9282.34 -10141.8 -10970.6 -11773.7 -12546.5 -13291.8 -14019.2 -14720.2 -15402.7 -16066.1 -16708.9 -17333.8 -17933.7 -18512 -19060.2 -19579.5 -20068.9 -20525.9 -20958.4 -21371 -21748.4 -22085.7 -22409.3 -22700.5 -22967.5 -23204.7 -23419.3 -23614.3 -23788.3 -23934.2 -24043.4 -24131.7 -24203.4 -24250.5 -24277.8 -24299.1 -24308 -24316.6 -24311.5 -24310.5 -24309.3 -24311.6 -24307.2 -24307.1 -24299 -24292.6 -24287.3 -24267.8 -24219.3 -24133.8 -24013.5 -23867.8 -23697.1 -23510.6 -23299 -23062.2 -22799.3 -22509.4 -22190.1 -21844.8 -21482.5 -21097.5 -20693.4 -20255.1 -19788.6 -19280.1 -18743 -18173.8 -17579.4 -16951.7 -16292.3 -15607.4 -14891.6 -14148.9 -13387.5 -12602.4 -11801.8 -10979.2 -10139.2 -9279.32 -8394.5 -7495.66 -6578.21 -5640.37 -4687.61 -3723.94 -2751.87 -1771 -788.228 199 
100 -876.924 -1851.12 -2821.39 -3785.79 -4736.43 -5674.68 -6593.29 -7489.51 -8371.2 -9235.44 -10085 -10923.7 -11741.4 -12533.8 -13297.7 -14033.2 -14747.5 -15437.5 -16108.5 -16762.4 -17396.4 -18007.7 -18588.3 -19134.1 -19656 -20152 -20617.1 -21050.7 -21464.9 -21850.4 -22198.6 -22502.6 -22783.6 -23045.2 -23286.3 -23496.1 -23686.1 -23855.6 -23998.2 -24117.7 -24213.6 -24273.6 -24310.7 -24335.4 -24341.6 -24334.7 -24323.3 -24314.5 -24313.8 -24319 -24320.6 -24302.9 -24288.2 -24274.9 -24261.9 -24243 -24214.9 -24164.9 -24080.9 -23974.8 -23839.9 -23669.1 -23475.6 -23259.1 -23018 -22759 -22481.5 -22169.8 -21836.4 -21478 -21088.3 -20673.7 -20234.7 -19776.3 -19287.3 -18752 -18180.2 -17579.4 -16937.3 -16273.4 -15586.8 -14876.4 -14143.6 -13393.3 -12615.7 -11817.7 -10995.1 -10146.1 -9281.66 -8407.33 -7515.89 -6601.22 -5667.54 -4712.93 -3743.96 -2770.05 -1784.02 -793.593 199 
100 -879.64 -1854.4 -2823.72 -3785.85 -4732.69 -5671.64 -6594.46 -7510.63 -8411.06 -9292.41 -10151.2 -10980 -11784.2 -12559.5 -13306.4 -14037.8 -14744 -15429.3 -16094.8 -16740.4 -17366.8 -17970.3 -18550.7 -19099.7 -19619.3 -20110.2 -20567.6 -20999.7 -21410.5 -21793.6 -22137.5 -22463.4 -22755.1 -23019.8 -23256.1 -23466.5 -23660.9 -23838.2 -23988.7 -24100.9 -24192 -24266.7 -24318.5 -24345.4 -24366.8 -24375 -24382.5 -24377.2 -24377.7 -24380.7 -24383.6 -24380.7 -24379.7 -24372.3 -24366.2 -24361.3 -24339.9 -24291.1 -24200.4 -24075.8 -23930.4 -23759.4 -23574 -23363.5 -23128 -22869.6 -22578 -22258.2 -21912.2 -21547.4 -21162.2 -20750.2 -20305.4 -19834 -19317.1 -18775.9 -18207.1 -17609.6 -16980.1 -16319.9 -15632.6 -14913.7 -14166.6 -13402.1 -12614.7 -11808.2 -10983.6 -10140.3 -9280.26 -8394.38 -7497.09 -6584.26 -5651.08 -4697.2 -3733.13 -2758.17 -1774.96 -789.547 199 
100 -879.239 -1855.3 -2827.67 -3798.33 -4754.38 -5694 -6613.68 -7512.14 -8393.04 -9260.17 -10113.1 -10954.1 -11773.4 -12568.9 -13332.2 -14067.4 -14778.4 -15471.9 -16147.3 -16806.9 -17445 -18060.4 -18647.8 -19194.7 -19717.8 -20213.3 -20673.6 -21096.1 -21500.5 -21882.7 -22231.4 -22537.5 -22817.5 -23076.6 -23316.7 -23526.5 -23716.5 -23888.1 -24035.3 -24160.6 -24259.2 -24321.9 -24360.1 -24386.8 -24395.2 -24392.4 -24381.2 -24370.8 -24373.1 -24379.3 -24381.4 -24362.9 -24345.6 -24332.4 -24319.8 -24298.8 -24272 -24224.1 -24139.9 -24034.2 -23898 -23725.7 -23532.8 -23311.8 -23069.2 -22810.2 -22528.2 -22214.3 -21880.6 -21523.8 -21133.4 -20719.8 -20279.6 -19821.5 -19328.1 -18793.3 -18219.1 -17613.4 -16969.9 -16304.2 -15616.2 -14903.8 -14171.2 -13417.9 -12643.8 -11846.9 -11017.4 -10162 -9294.52 -8418.19 -7522.04 -6604.45 -5671.65 -4718.16 -3748.77 -2773.9 -1786.52 -794.841 199 
100 -881.417 -1856.92 -2827.88 -3792.61 -4742.8 -5683.54 -6607.64 -7520.96 -8419.78 -9304.65 -10168.1 -11001.8 -11804.1 -12584.1 -13331.2 -14057.8 -14766.6 -15453.2 -16119.2 -16766.3 -17394.2 -17999.4 -18578.1 -19126.9 -19648.5 -20143.2 -20597.9 -21031.9 -21440.9 -21822.8 -22166.8 -22493.2 -22785 -23051.8 -23288.9 -23497.2 -23690.3 -23866.5 -24017.7 -24132 -24222 -24295.4 -24343.3 -24369.8 -24389.9 -24400.2 -24405.4 -24399.7 -24399.3 -24400.7 -24399.2 -24393.2 -24387.2 -24375.3 -24363.6 -24349.5 -24326.7 -24279.9 -24191.6 -24070.8 -23929.3 -23763 -23576.8 -23367.9 -23132.2 -22871.8 -22581.4 -22264 -21918.8 -21554.5 -21169.3 -20753.5 -20303.6 -19828.7 -19310.9 -18770.6 -18207.1 -17613.9 -16984.2 -16328.3 -15645.3 -14931.2 -14190.3 -13429.8 -12643.4 -11836.3 -11012.1 -10161.7 -9293.17 -8404.23 -7504.31 -6587.2 -5652.34 -4700.07 -3738.13 -2761.2 -1776.95 -790.257 199 
100 -879.53 -1856.24 -2827.63 -3798.07 -4755.61 -5692.02 -6612.29 -7511.11 -8386.53 -9249.03 -10098.6 -10936.5 -11752.7 -12547.7 -13308.1 -14042 -14750.6 -15443.7 -16118.9 -16778.7 -17415.6 -18028.9 -18614.1 -19159.9 -19682.4 -20179.8 -20643.7 -21068.7 -21475 -21859.9 -22209.5 -22518 -22804.5 -23063.5 -23301 -23511.7 -23701.1 -23871.5 -24018.9 -24142.4 -24240.6 -24303.9 -24341.8 -24367.8 -24375.5 -24372.7 -24367.6 -24361 -24363.1 -24372.8 -24375.3 -24356.9 -24338.5 -24324.4 -24311.8 -24289.4 -24263.9 -24216.7 -24134.7 -24030.4 -23896.4 -23726.3 -23537.2 -23315.3 -23070.3 -22808.8 -22517.7 -22202.3 -21864.6 -21506.9 -21117.7 -20705.4 -20265.1 -19807.4 -19313.6 -18777.8 -18205.1 -17597.5 -16956.2 -16287.3 -15596.7 -14883.2 -14150 -13395.3 -12625.9 -11836.3 -11011.3 -10161.2 -9297.58 -8424.37 -7529.56 -6610.58 -5675.21 -4717.08 -3745.09 -2766.66 -1781.51 -792.323 199 
100 -882.871 -1861.54 -2835.93 -3803.17 -4755.25 -5695.86 -6620.73 -7532.11 -8428.25 -9314.06 -10177.6 -11011.9 -11813.5 -12595.4 -13346.3 -14074.4 -14788 -15477.8 -16144.4 -16792.1 -17420 -18026.6 -18609.3 -19159 -19680.9 -20175.5 -20631 -21065.2 -21474.7 -21857.6 -22204.1 -22529.3 -22822.4 -23090.2 -23324.7 -23530.4 -23722.6 -23898.3 -24044.9 -24154.4 -24243.9 -24315.4 -24361.7 -24383.8 -24398.6 -24405.9 -24411.5 -24408.7 -24410 -24414.6 -24410.3 -24401.4 -24397.2 -24387.4 -24376.9 -24359.4 -24336.4 -24286.7 -24200.1 -24081.4 -23939.9 -23774.2 -23587.7 -23385.1 -23154.4 -22894.2 -22608 -22288.6 -21942.5 -21578.1 -21193.6 -20780.9 -20335.1 -19864.9 -19350.8 -18811.3 -18248 -17650.5 -17016.6 -16359.4 -15673.7 -14957.7 -14213.8 -13452.5 -12670.2 -11863 -11036 -10186.6 -9316.27 -8425.33 -7523.46 -6604.87 -5667.24 -4711.64 -3746.75 -2768.31 -1781.65 -792.54 199 
100 -882.7 -1860.85 -2834.65 -3807.67 -4766.63 -5704.7 -6626.88 -7531.72 -8414.78 -9286.54 -10144.3 -10986.4 -11807.8 -12605.4 -13368.3 -14102.2 -14809.2 -15502.1 -16181 -16843.6 -17482.1 -18098.2 -18686.4 -19233.6 -19754.9 -20248.7 -20714.3 -21141.9 -21546.8 -21935.7 -22290.7 -22606.3 -22900.1 -23160.4 -23397.7 -23607.6 -23797.7 -23967.6 -24114.9 -24234 -24329.3 -24389.3 -24427.9 -24456.2 -24464.9 -24458.6 -24457.2 -24451.5 -24455.7 -24469.8 -24471.9 -24454.3 -24435.5 -24420.3 -24406.3 -24380.9 -24350.9 -24295.2 -24211.2 -24104.6 -23970.1 -23799.4 -23611 -23382.9 -23135.5 -22870 -22575.9 -22258.9 -21919 -21558.4 -21168 -20754.1 -20317.2 -19859.2 -19364 -18826.4 -18257.4 -17650.5 -17012.7 -16345.1 -15654.2 -14939.3 -14204.5 -13449.3 -12678.2 -11880.2 -11052.6 -10200.3 -9334.19 -8458.24 -7561.21 -6641.17 -5705.81 -4745.97 -3771.99 -2785.06 -1794.19 -798.648 199 
100 -885.627 -1866.44 -2843.44 -3810.76 -4767.07 -5707.79 -6632.6 -7540.95 -8439.02 -9325.44 -10190.2 -11023.9 -11828.9 -12616.8 -13370.9 -14097.5 -14809.5 -15497.1 -16162.5 -16812.9 -17443.1 -18055.9 -18642.1 -19193.8 -19715.5 -20212.6 -20675.5 -21113 -21524.3 -21909.6 -22259.1 -22586.3 -22889.6 -23168.5 -23408.9 -23622.7 -23818.4 -23998.1 -24150.7 -24260.9 -24356.7 -24430.8 -24480 -24505.1 -24520.8 -24528.1 -24529.3 -24522 -24520.7 -24530.6 -24533.3 -24534 -24531.9 -24515.7 -24500.7 -24477.7 -24451.1 -24398.6 -24313.6 -24194.8 -24050.8 -23881.3 -23686.9 -23478.2 -23242.6 -22976.4 -22685.9 -22362.7 -22015.6 -21653.6 -21272 -20856.4 -20409.8 -19936.8 -19417.8 -18873.8 -18303.9 -17699.6 -17064.6 -16406.3 -15717.5 -14998 -14254.5 -13493.1 -12714.2 -11911.6 -11083.8 -10234 -9355.89 -8460.58 -7556.12 -6635.19 -5693.75 -4734.63 -3766.01 -2785.5 -1792.92 -797.84 199 
100 -886.13 -1867.51 -2842.7 -3816.52 -4775.61 -5715.37 -6638.86 -7544.77 -8429.81 -9302.95 -10163.4 -11008.5 -11833.9 -12634 -13398.9 -14135.4 -14850.3 -15552 -16238.3 -16904.6 -17540 -18152 -18739 -19290.1 -19812.2 -20309.1 -20776.4 -21207.4 -21612.9 -21999.9 -22356.6 -22671.1 -22965.3 -23225.1 -23467.9 -23683.9 -23879.7 -24050.3 -24194.3 -24312 -24405.5 -24464.7 -24504.3 -24534.3 -24548.3 -24547.1 -24552.8 -24550.3 -24556.9 -24570.9 -24567.7 -24545.9 -24527.3 -24512 -24498.8 -24475 -24446.3 -24386.9 -24302.4 -24193.7 -24055 -23882.6 -23692.1 -23464.1 -23218 -22954 -22661.6 -22346.6 -22009.3 -21646.4 -21250.7 -20835.4 -20398.4 -19937.3 -19443.9 -18907.4 -18337.4 -17728.5 -17086.3 -16411.2 -15715.6 -14995.8 -14254.1 -13494.3 -12718.8 -11913.4 -11081.7 -10225.9 -9355.3 -8474.51 -7577.45 -6655.53 -5717.68 -4754.64 -3778.89 -2789.32 -1796.39 -798.823 199 
100 -885.212 -1864.62 -2841.37 -3808.67 -4762.79 -5703.55 -6627.03 -7534.48 -8431.65 -9318.58 -10182.6 -11014.3 -11817.2 -12605.1 -13361.4 -14089.2 -14801.1 -15483.5 -16144 -16790.4 -17417.2 -18027.1 -18608.5 -19156.4 -19675.7 -20171.8 -20634.4 -21068.2 -21477.1 -21860.1 -22209.7 -22531.2 -22833 -23111.1 -23351.5 -23567 -23765.8 -23946.8 -24099.2 -24208.6 -24305.6 -24382.7 -24433.2 -24460.9 -24480.2 -24490.4 -24493.2 -24486.1 -24488.5 -24500.1 -24505.7 -24507.7 -24504 -24490.1 -24478 -24459.6 -24433.9 -24380.4 -24300.1 -24180.7 -24034.7 -23863.1 -23672 -23468.9 -23236.7 -22974.4 -22688.9 -22367.6 -22020.1 -21658.5 -21274.1 -20851.2 -20403.7 -19930.4 -19415.4 -18870.2 -18301.9 -17697 -17060.6 -16402.6 -15712.4 -14991 -14249.9 -13490.7 -12715.5 -11917.5 -11090.9 -10238.7 -9359.19 -8462.98 -7560.65 -6641.84 -5699.1 -4738.9 -3769 -2788.05 -1794.64 -798.855 199 
100 -887.336 -1869.87 -2845.92 -3820.91 -4779.07 -5720.91 -6643.13 -7550.02 -8440.7 -9317.39 -10179.7 -11024.4 -11850.9 -12651.1 -13416.2 -14153.8 -14871.4 -15575.9 -16262.8 -16931 -17568.4 -18183.2 -18771.1 -19326.8 -19854.4 -20352.1 -20819.4 -21254.1 -21661.3 -22044.6 -22397.9 -22712.8 -23006.5 -23268.7 -23512.9 -23723.1 -23914.1 -24084 -24227.2 -24346.1 -24441.6 -24502.3 -24541.1 -24568.7 -24581.4 -24578 -24587 -24588.5 -24595.9 -24612.7 -24607.1 -24583.3 -24563.9 -24546.1 -24531.3 -24507.7 -24477.5 -24414.5 -24329.5 -24223 -24082.8 -23911.5 -23719.1 -23490.1 -23242.3 -22976.3 -22679.4 -22364.2 -22026.9 -21665.4 -21269 -20855.8 -20415.8 -19948.5 -19449.8 -18910.8 -18334.8 -17726.1 -17086.3 -16410.8 -15716.8 -14996.8 -14255 -13498.4 -12726.3 -11919.4 -11089.4 -10235.3 -9365.72 -8483.22 -7585.78 -6663.67 -5723.6 -4760.26 -3783.01 -2792.64 -1797.66 -800.538 199 
100 -892.604 -1880.51 -2865.84 -3841.42 -4802.65 -5752.32 -6684.06 -7600.15 -8505.66 -9399.6 -10264.9 -11104.9 -11917 -12712.4 -13478.3 -14213.1 -14929.1 -15616 -16281.7 -16934.2 -17567.5 -18181.4 -18763.9 -19314.3 -19833.5 -20332.4 -20797.6 -21234.8 -21645 -22027.9 -22385.4 -22708.5 -23009.6 -23288.8 -23530.7 -23745.8 -23944.8 -24124.4 -24275.9 -24386.3 -24481.7 -24558.3 -24607.1 -24633.1 -24651.3 -24662 -24667.5 -24660.4 -24660.3 -24671.7 -24677.7 -24679.3 -24676.1 -24661 -24648.8 -24627.1 -24596.4 -24539.6 -24457.7 -24333.4 -24184.2 -24007.1 -23808.1 -23598.2 -23361 -23092.7 -22801.9 -22480.3 -22132.4 -21766.5 -21377.6 -20947.6 -20499.3 -20024.3 -19510.8 -18962.9 -18389.3 -17782.3 -17143.7 -16483.7 -15789 -15067.2 -14325.6 -13563 -12785.6 -11985.1 -11156.3 -10299.5 -9416.67 -8515.79 -7607.46 -6682.2 -5731.82 -4764.69 -3787.9 -2800.12 -1802.29 -802.959 199 
100 -893.248 -1881.73 -2863.32 -3843.63 -4808.05 -5759.2 -6692.01 -7604.58 -8504.07 -9382.12 -10243.4 -11088.5 -11912.9 -12713.3 -13479 -14220.6 -14943.7 -15652.6 -16343.6 -17017.5 -17660.2 -18280.1 -18865.8 -19418.6 -19949.2 -20449.7 -20922.5 -21363.9 -21775.8 -22160.8 -22515 -22833.6 -23128.6 -23400.9 -23651.5 -23865.2 -24059.2 -24233.5 -24378.9 -24498.4 -24594.3 -24656.1 -24695.1 -24722.6 -24733.4 -24730.2 -24743.9 -24743.4 -24749.6 -24763.5 -24752.8 -24727.5 -24707.9 -24684.2 -24665.7 -24642.7 -24611.1 -24547.2 -24460.1 -24353.1 -24208.6 -24033.5 -23835.7 -23602.3 -23352 -23082.6 -22780.9 -22461.5 -22124.1 -21757.5 -21355.4 -20936.3 -20492.6 -20020 -19520.6 -18983.4 -18407.4 -17800.6 -17162.5 -16487.7 -15790.5 -15068.5 -14322.9 -13562.7 -12786.6 -11973.4 -11138 -10280.5 -9406.8 -8521.27 -7618.7 -6693.07 -5743.09 -4774.6 -3794.41 -2801.57 -1803.32 -803.392 199 
100 -891.797 -1880 -2865.7 -3841.46 -4801.49 -5749.76 -6680.66 -7594.59 -8496.96 -9388.15 -10250.8 -11091.7 -11902.4 -12694.9 -13457 -14189.5 -14900.8 -15587.2 -16250.9 -16899.8 -17529.3 -18140 -18719.5 -19266.8 -19786.3 -20289 -20756.3 -21195.6 -21606.5 -21988.8 -22348.1 -22670.8 -22970.4 -23248.2 -23489.8 -23704.9 -23904.3 -24082.2 -24232.2 -24344.4 -24438.7 -24515.1 -24562.2 -24587.6 -24601.9 -24612.6 -24618.6 -24610.4 -24610.2 -24624.2 -24632.7 -24638.2 -24641.7 -24628.1 -24616.4 -24600.6 -24571.6 -24513.4 -24433.1 -24311.1 -24165.5 -23993.7 -23800 -23595.9 -23366.4 -23101.3 -22811.2 -22494.5 -22149.2 -21784.2 -21396.3 -20965.8 -20518 -20044.4 -19532.1 -18980.9 -18401.1 -17790.9 -17152.1 -16489 -15790.5 -15068.3 -14327.5 -13566.1 -12788.7 -11989.5 -11161.8 -10303.4 -9420.69 -8521.98 -7613.12 -6686.55 -5734.85 -4766.38 -3789.32 -2801.19 -1803.24 -803.347 199 
100 -893.649 -1882.29 -2864.26 -3843.97 -4808.55 -5758.12 -6690.83 -7600.54 -8500.02 -9377.28 -10236.2 -11076.5 -11892.4 -12692.6 -13456.3 -14197.5 -14919.2 -15628.3 -16317.4 -16988.6 -17631.6 -18250.1 -18833.6 -19385.8 -19913.7 -20413.1 -20883.9 -21322.8 -21738.5 -22129.6 -22486.1 -22809.1 -23105.7 -23379.8 -23628.2 -23841.5 -24035.8 -24209.6 -24357.7 -24478.2 -24575.2 -24637.7 -24680.1 -24710.8 -24724.5 -24722.7 -24737.5 -24734.2 -24738.2 -24748.4 -24736.6 -24710.8 -24695.3 -24674.2 -24660.4 -24639.1 -24605.5 -24546.6 -24460 -24351.7 -24210.4 -24040.1 -23838.8 -23604 -23353.2 -23083.7 -22782.5 -22464.5 -22129.4 -21766.9 -21375.5 -20962.5 -20523.4 -20048 -19547.6 -19010.2 -18432.6 -17824 -17185.3 -16511.8 -15813.7 -15094.2 -14346.8 -13585.2 -12809.5 -11999.3 -11164.3 -10303.8 -9424.14 -8533.57 -7629.38 -6703.55 -5751.4 -4783.09 -3802.94 -2809.58 -1808.35 -805.913 199 
100 -895.927 -1889.08 -2877.12 -3854.49 -4816.23 -5769.38 -6703.68 -7622.69 -8526.96 -9418.26 -10284.4 -11130.9 -11945.3 -12735.8 -13493.7 -14223.7 -14933.6 -15618.6 -16283.6 -16931.1 -17558.6 -18172 -18756.4 -19307.1 -19827.6 -20326 -20792.5 -21233 -21649.3 -22040.3 -22408 -22733.3 -23032.8 -23315.7 -23560.2 -23776.5 -23977.2 -24156.4 -24308.1 -24424.6 -24518.4 -24593.9 -24637.9 -24660 -24671.7 -24680.9 -24689.3 -24682.3 -24681.9 -24696 -24705.1 -24706.9 -24705.2 -24689 -24676 -24657.6 -24626.6 -24573 -24494.1 -24373.2 -24226.1 -24052.3 -23857 -23652.3 -23422.3 -23156.8 -22863.3 -22544.7 -22196.4 -21829.2 -21441.3 -21012.8 -20564.6 -20088.1 -19575.1 -19021.5 -18433.9 -17816.7 -17175.2 -16511.4 -15811.8 -15089.1 -14348.8 -13589.9 -12808.1 -12007 -11180.3 -10322.1 -9440.99 -8545.87 -7638.76 -6711.82 -5758.53 -4787.69 -3806.24 -2814.02 -1812.13 -807.305 199 
100 -897.756 -1888.16 -2868.91 -3846.07 -4812.04 -5759.2 -6692.65 -7604.28 -8506.53 -9387.43 -10244.8 -11087.3 -11900.1 -12701.3 -13466.2 -14210.6 -14934.4 -15643.6 -16331.4 -17000.8 -17645.6 -18263.3 -18849 -19403.5 -19926.1 -20421 -20889.9 -21330 -21745.8 -22136 -22493.4 -22815.1 -23113 -23393.2 -23641.9 -23857.1 -24051.8 -24223.5 -24370.9 -24491.8 -24593 -24660.5 -24703.8 -24736.3 -24750.9 -24754.4 -24770.4 -24771.2 -24780 -24789.8 -24779 -24754.3 -24741.2 -24721.3 -24713.6 -24695.6 -24662.2 -24603.8 -24516.8 -24407.7 -24267.9 -24097.4 -23892.8 -23657.7 -23404.8 -23131.2 -22830.2 -22512.4 -22176.8 -21814.7 -21423.8 -21009.2 -20569.5 -20090.7 -19585.7 -19043.9 -18466.2 -17857.1 -17216 -16543.3 -15842.6 -15122.8 -14373.6 -13605.5 -12819.6 -12000.9 -11159.8 -10298.7 -9420.95 -8531.5 -7627.27 -6701.91 -5749.37 -4783.34 -3804.17 -2813.53 -1811.73 -807.589 199 
100 -902.335 -1901.55 -2894.46 -3877.62 -4846.95 -5807.99 -6744.73 -7665.13 -8567.95 -9456.49 -10326.2 -11176.4 -11995.2 -12786 -13541.9 -14273.8 -14987.7 -15678.6 -16349.9 -17004.8 -17638.5 -18256 -18842.1 -19393 -19913.9 -20412.7 -20881.1 -21322.8 -21740.1 -22129.9 -22498 -22823.8 -23124.9 -23408.9 -23653.2 -23869.2 -24069.6 -24250.4 -24405.1 -24528.3 -24624.7 -24701.6 -24743.3 -24763.5 -24776.2 -24785.9 -24795.3 -24783 -24779.1 -24788.6 -24795.9 -24794.2 -24793.6 -24778.9 -24769.6 -24752.6 -24716.2 -24662.8 -24583.7 -24463.7 -24316.9 -24143.6 -23949.2 -23743.2 -23507.1 -23236.4 -22938.9 -22619.5 -22269.1 -21897.6 -21503.6 -21073.1 -20624.9 -20147 -19635.3 -19078.6 -18485.3 -17864.7 -17218.7 -16550.4 -15850 -15125 -14383.2 -13624.6 -12834.9 -12028.4 -11198.2 -10336.5 -9453.57 -8555.58 -7647.93 -6718.22 -5763.77 -4794.04 -3812.02 -2819.17 -1816.15 -808.914 199 
100 -902.979 -1900.33 -2887.4 -3869.02 -4841.8 -5796.39 -6733.38 -7650.64 -8560.42 -9447.96 -10312.3 -11159.7 -11975.7 -12779.6 -13551.2 -14299.4 -15026.6 -15737.2 -16429.2 -17098.8 -17746.2 -18360.4 -18947.4 -19503.8 -20023.2 -20513.7 -20984.7 -21426.8 -21845.7 -22239.4 -22595.9 -22918.8 -23215.7 -23491.3 -23735.7 -23954.2 -24151.7 -24325.1 -24475.6 -24600.5 -24704.2 -24777.1 -24826.5 -24864.1 -24882.5 -24891.8 -24905.3 -24900.3 -24903.2 -24906.3 -24894.3 -24869 -24851.3 -24827.4 -24819 -24799.3 -24762.2 -24702.5 -24615.2 -24505.6 -24368.3 -24198.1 -23991 -23756.7 -23505.9 -23231.3 -22931.5 -22614.1 -22270.8 -21901.1 -21507.7 -21090.2 -20649 -20167.8 -19660 -19116.4 -18541.3 -17935.8 -17293.7 -16622.2 -15919 -15196.5 -14442.4 -13667.4 -12874.3 -12049.1 -11205.6 -10342.1 -9460.41 -8564.86 -7654.82 -6724.97 -5771.53 -4802.32 -3817.39 -2820.99 -1815.54 -808.27 199 
100 -903.884 -1903.44 -2895.59 -3879.46 -4848.28 -5808.38 -6742.04 -7662.16 -8563.84 -9447.94 -10317 -11166.7 -11984.9 -12772.8 -13525.5 -14260.4 -14979.3 -15677.7 -16351.7 -17008.3 -17643.2 -18258.8 -18842.6 -19389.2 -19911.2 -20412.1 -20880.5 -21326.4 -21746.7 -22141.1 -22512.5 -22836.3 -23133.1 -23414.9 -23657.7 -23871.5 -24071.8 -24253.1 -24405.5 -24530.4 -24629 -24707.1 -24748.5 -24769.9 -24784.1 -24797.2 -24811.9 -24804.7 -24808.3 -24824.4 -24835.9 -24836.7 -24835.2 -24820.1 -24811.6 -24794 -24755.2 -24702.2 -24625.4 -24508.3 -24366.1 -24191.8 -23998.9 -23794 -23562.6 -23298.1 -23002.8 -22689.3 -22341.3 -21970.6 -21578.9 -21152.2 -20704.2 -20225.6 -19716.7 -19160 -18562.8 -17938.3 -17288 -16614.5 -15910.4 -15181.9 -14438 -13674.5 -12877.5 -12063.8 -11229 -10362.8 -9476.95 -8575.4 -7664.97 -6732.96 -5776.52 -4801.44 -3813.99 -2821.59 -1818.66 -810.288 199 
100 -904.099 -1899.64 -2886.04 -3867.25 -4839.16 -5797.82 -6740.46 -7664.21 -8579.58 -9467.05 -10330 -11175 -11990.4 -12792.3 -13563 -14310.4 -15035.2 -15740.9 -16425 -17088.5 -17734.2 -18348.4 -18935.4 -19490.5 -20010.1 -20502.5 -20977.8 -21425.1 -21846.5 -22238.2 -22588.6 -22908.7 -23205.9 -23481.7 -23726.3 -23944 -24138 -24312.4 -24460.2 -24584.8 -24686.3 -24763.7 -24814.6 -24852.4 -24873.1 -24885.9 -24899.1 -24896 -24897.5 -24899.5 -24889.2 -24863.5 -24846.1 -24824 -24818.1 -24802.6 -24768.4 -24714.3 -24635 -24528.9 -24397.2 -24229.9 -24024.4 -23794.1 -23545.4 -23269.7 -22965.4 -22643.6 -22298.5 -21929.5 -21534 -21116.2 -20673.2 -20189.2 -19679.9 -19135.2 -18559.2 -17953.1 -17309.2 -16638.5 -15934 -15209.4 -14453.9 -13677.8 -12885.4 -12057.3 -11210.6 -10346.2 -9461.75 -8566.41 -7656.07 -6726.36 -5774.31 -4802.73 -3815.85 -2820.65 -1816.46 -810.072 199 
100 -903.237 -1901.67 -2893.19 -3876.9 -4845.65 -5805.04 -6738.01 -7658.65 -8560.14 -9442.1 -10310.5 -11162.8 -11982.1 -12772.2 -13524.3 -14259 -14977.9 -15673.8 -16345.4 -17004.6 -17648 -18267.9 -18852.9 -19398.5 -19920.8 -20423.3 -20891.8 -21334.7 -21753.9 -22148.4 -22519.7 -22847 -23149.8 -23437.1 -23685.6 -23899.6 -24098.7 -24282 -24434.9 -24562.8 -24660.6 -24737.8 -24778.2 -24799.1 -24814.7 -24831.4 -24847.1 -24840.9 -24844 -24859.8 -24872.5 -24875.8 -24874.3 -24863.1 -24857.9 -24843.1 -24802.9 -24747.6 -24665.9 -24546.8 -24404.4 -24225.8 -24028.4 -23815.9 -23575.9 -23305 -23010.4 -22697.5 -22349.5 -21977.3 -21583.2 -21157.6 -20709.6 -20231.4 -19719.3 -19157.6 -18556.4 -17934.5 -17287.3 -16612.9 -15908.3 -15181.2 -14437.5 -13670.3 -12871.5 -12057.2 -11223.3 -10358.7 -9474.84 -8575.8 -7667.78 -6735.27 -5779.4 -4804.08 -3814.93 -2822.3 -1819.08 -810.6 199 
100 -908.779 -1908.35 -2899.99 -3886.5 -4861.25 -5825.09 -6771.78 -7700.25 -8620.89 -9513.77 -10383.2 -11229.4 -12048.2 -12853.9 -13628.4 -14381.1 -15113.5 -15823.4 -16511.4 -17179.1 -17827.6 -18448.3 -19042.6 -19603.7 -20124.2 -20618 -21093.7 -21545.7 -21971.8 -22362.9 -22714.1 -23037 -23335.1 -23609.9 -23855.4 -24077.8 -24278.1 -24456.5 -24605.6 -24733.6 -24836.9 -24915.2 -24959.9 -24995.7 -25011.3 -25022.5 -25033.6 -25029.8 -25027.8 -25028.2 -25016.7 -24991.4 -24974.1 -24952.3 -24945.3 -24928 -24890.4 -24833.3 -24750.3 -24640.4 -24510.4 -24347.1 -24148.4 -23922 -23674.8 -23397.6 -23093.3 -22773.7 -22426.1 -22053.7 -21654 -21234.8 -20783.4 -20292.7 -19775.9 -19225.1 -18644.2 -18036.2 -17389.3 -16715.9 -16007.7 -15279.3 -14520.4 -13737.9 -12937 -12101.8 -11250.9 -10382.6 -9494.18 -8596.99 -7682.32 -6748.57 -5798.89 -4824 -3832.68 -2832.37 -1824.14 -813.902 199 
100 -906.965 -1910.11 -2903.32 -3889.02 -4860.5 -5821.23 -6761.05 -7686.77 -8592.32 -9479.02 -10351.1 -11209 -12034.4 -12831.6 -13590.7 -14332.4 -15060.4 -15763.5 -16439.9 -17103.9 -17753.8 -18377.1 -18967.9 -19521.1 -20048.7 -20557.1 -21029.8 -21477.3 -21902.3 -22301.1 -22673.3 -23000 -23302.5 -23588.2 -23836.9 -24049.2 -24246.4 -24427.6 -24578.2 -24703.9 -24802.3 -24875.2 -24914.1 -24933.2 -24948.5 -24966 -24979.3 -24974.9 -24975 -24986.7 -24997.7 -25002.7 -25000.2 -24993 -24990 -24975.1 -24932.7 -24874.6 -24792.4 -24674.3 -24532.9 -24353.1 -24155.8 -23939.6 -23698.4 -23427.6 -23129.3 -22813.6 -22464.7 -22093.4 -21696.7 -21268.8 -20810.9 -20323 -19802.1 -19236.6 -18634.6 -18007.8 -17355.6 -16677 -15969.2 -15243 -14497.4 -13730.4 -12933.6 -12115.1 -11278.2 -10411.4 -9525.14 -8622.51 -7709.27 -6773.45 -5812.18 -4829.53 -3833.44 -2834.27 -1826.93 -814.613 199 
100 -909.556 -1909.58 -2902.44 -3890.66 -4864.08 -5828.43 -6778.91 -7706.21 -8624.4 -9519.58 -10390.2 -11236.5 -12056.6 -12858.9 -13632.9 -14386.6 -15119.6 -15829 -16514.7 -17179 -17821.9 -18444 -19042.6 -19607.8 -20132.7 -20626.3 -21103.7 -21560.6 -21990 -22381.9 -22737.7 -23064.3 -23365.2 -23639.8 -23886.5 -24110 -24312.5 -24491.6 -24641.2 -24770.7 -24874.8 -24957.5 -25003.7 -25038.2 -25054.5 -25068.8 -25078.8 -25077.7 -25078.3 -25084.8 -25079.6 -25063.3 -25056.3 -25042.6 -25035.4 -25018.1 -24982.9 -24924.9 -24839.5 -24724.2 -24589.7 -24417.7 -24211.5 -23975.9 -23722.3 -23441.3 -23130.9 -22809.7 -22458.9 -22084.1 -21678.9 -21256.5 -20799.2 -20307.4 -19790 -19236.4 -18654.2 -18045.1 -17397.6 -16722.1 -16014.2 -15283.6 -14523 -13739.2 -12935 -12101.9 -11253.5 -10386.1 -9496.29 -8597.3 -7679.98 -6744.03 -5794.73 -4819.98 -3828.97 -2829.63 -1822.14 -812.682 199 
100 -907.326 -1911.38 -2905.9 -3892.89 -4866.83 -5827.97 -6769.79 -7697.58 -8603.53 -9491.64 -10364.9 -11223.5 -12050.3 -12848.6 -13613.3 -14357.3 -15084.6 -15790.7 -16469.2 -17130.9 -17782.6 -18406.7 -18999.2 -19554.5 -20083.6 -20593.9 -21066.9 -21518.1 -21948.1 -22351.3 -22727.5 -23065.2 -23375.6 -23667.6 -23922.2 -24137.4 -24333.1 -24510.5 -24661.5 -24786.2 -24884 -24955.6 -24995.5 -25016.2 -25032.8 -25050.3 -25063.8 -25057.6 -25056 -25066.1 -25080.5 -25087.4 -25084.6 -25076.9 -25072.5 -25055.5 -25012.1 -24950.1 -24861.3 -24738.3 -24586.7 -24392.8 -24185.8 -23967.6 -23724.5 -23455 -23155.1 -22834.3 -22482.3 -22109.2 -21713.9 -21291.3 -20832.8 -20342.1 -19816.5 -19245.5 -18642 -18019 -17370.9 -16691.4 -15984.8 -15258 -14508.5 -13742.1 -12945.5 -12122.1 -11280.6 -10411.6 -9523.12 -8619.22 -7703.34 -6766.23 -5801.95 -4815.72 -3820.93 -2822.25 -1818.36 -810.399 199 
100 -908.968 -1908.46 -2901.15 -3889.54 -4860.9 -5823.48 -6772.69 -7699.76 -8617.66 -9514.23 -10382.6 -11228 -12046 -12843.7 -13616.8 -14367.5 -15095.7 -15805.3 -16491.1 -17154.2 -17794.9 -18417.5 -19016.5 -19579.9 -20104.6 -20596.3 -21072.7 -21530.9 -21962.6 -22356.4 -22712.2 -23041.5 -23349.2 -23627.4 -23881.6 -24112.3 -24318.9 -24496.7 -24647.8 -24777.1 -24883.6 -24968 -25015.2 -25050.1 -25070.8 -25091.8 -25098.2 -25092.1 -25086.8 -25090.8 -25084.1 -25069.8 -25062.8 -25052.6 -25047.8 -25031.4 -25000.5 -24948.1 -24866.3 -24754.9 -24623.2 -24449.5 -24243.5 -24008.1 -23750.2 -23462.8 -23148.9 -22823.1 -22470.1 -22093.6 -21687 -21265.5 -20807.3 -20314.6 -19795.2 -19239.7 -18657 -18048 -17400.9 -16724.8 -16018.3 -15287.7 -14530.6 -13745.9 -12937.1 -12106 -11258.4 -10389.8 -9500.95 -8600.57 -7681.77 -6745.29 -5795.05 -4820.36 -3828.21 -2829.64 -1822.93 -812.88 199 
100 -907.181 -1911.55 -2907.9 -3897.96 -4876.82 -5840.44 -6784.02 -7711.91 -8618.99 -9508.02 -10381.8 -11238.9 -12065.1 -12863 -13630.4 -14377.8 -15104.3 -15810.7 -16489.2 -17154.6 -17808.4 -18433.1 -19024.8 -19579.4 -20105.3 -20612.1 -21080.7 -21529.5 -21961.7 -22366.8 -22742.2 -23082.2 -23396 -23688.5 -23948.1 -24164 -24361 -24537 -24688.4 -24808.9 -24907.9 -24977.1 -25019.1 -25040.3 -25054.9 -25071.4 -25083.8 -25078.3 -25080.1 -25093.9 -25111.7 -25122.4 -25125.9 -25123.7 -25125.9 -25112.5 -25073.6 -25016.7 -24929.8 -24808.8 -24656.6 -24467.8 -24265.5 -24043.4 -23793.7 -23521.4 -23220.9 -22896.7 -22544.1 -22171.4 -21775.3 -21351.7 -20886.4 -20392.8 -19864.5 -19292.9 -18689.3 -18068.5 -17423.1 -16740.6 -16033.3 -15300.7 -14546 -13777.6 -12980.8 -12155.1 -11308.2 -10440.9 -9552.72 -8646.7 -7726.15 -6784.77 -5817.14 -4827.93 -3832.07 -2830.19 -1826.07 -815.648 199 
100 -909.451 -1910.45 -2904.28 -3893.34 -4865.64 -5828.19 -6776.25 -7699.99 -8615.07 -9513.45 -10381.8 -11227.9 -12046.4 -12844.4 -13621.6 -14376.4 -15109.5 -15828.5 -16522.9 -17185.6 -17825.8 -18449.9 -19050.6 -19613.7 -20139.5 -20631.7 -21108.3 -21566.1 -21995.6 -22387.9 -22746.1 -23077.4 -23385.2 -23658.4 -23910.5 -24140.2 -24342.9 -24520.1 -24672.4 -24801.1 -24907.9 -24993.3 -25042.2 -25077.2 -25098.5 -25119 -25123.7 -25117.1 -25111.9 -25118.1 -25113.3 -25108.1 -25103 -25092.6 -25086.1 -25070.8 -25043.4 -24988.2 -24904.9 -24793.5 -24658.7 -24482.5 -24279.3 -24045.8 -23789.2 -23502.7 -23189.6 -22863.5 -22511.7 -22134.5 -21729.1 -21307.4 -20849.9 -20358 -19838.7 -19282.6 -18702.9 -18092.5 -17444.7 -16767.7 -16060.8 -15326.5 -14566.5 -13776.3 -12962.4 -12129.8 -11278.5 -10405.9 -9515.73 -8613.19 -7692.05 -6756.01 -5805.67 -4828.51 -3835.59 -2835.41 -1827.44 -815.241 199 
100 -905.787 -1908.43 -2903.41 -3891.03 -4872.91 -5834.2 -6778.86 -7704.52 -8613.23 -9506.41 -10383.1 -11242.7 -12068.1 -12864.2 -13633.1 -14383.1 -15109.8 -15818.4 -16501.5 -17172.3 -17833.3 -18458 -19048.9 -19600.4 -20120.4 -20621.2 -21086.6 -21535.3 -21967.8 -22371.4 -22745.2 -23086.3 -23400.7 -23692.3 -23954 -24173.9 -24373.6 -24550.3 -24704.1 -24828.7 -24928.4 -24999.4 -25043.7 -25068.2 -25084.3 -25102.5 -25112.9 -25109.6 -25111.1 -25123.9 -25141 -25152.5 -25156.6 -25153.6 -25152.8 -25137.3 -25097.3 -25039.5 -24951.1 -24831.3 -24678.7 -24494.8 -24295.6 -24074 -23825 -23552.2 -23250.6 -22922.6 -22570.7 -22196.3 -21798.5 -21374.3 -20905.4 -20408.4 -19875.8 -19308.2 -18710 -18090.8 -17447.7 -16765.6 -16058.2 -15324.7 -14569 -13798.9 -13001.4 -12175.7 -11325.7 -10457.7 -9569.55 -8663.35 -7740.73 -6795.57 -5825.74 -4834.9 -3837.71 -2834.38 -1828.89 -816.703 199 
100 -905.734 -1905.21 -2896.96 -3883.22 -4856.69 -5821.19 -6769 -7694.98 -8610.46 -9507.24 -10374.7 -11218.3 -12034.1 -12832.3 -13613.2 -14370.2 -15104.3 -15823.7 -16513.5 -17174.4 -17815.6 -18442.6 -19045 -19606.1 -20130.5 -20623.7 -21099.1 -21556.3 -21986.9 -22380.9 -22740.2 -23076.3 -23388.4 -23667.4 -23923.9 -24155.7 -24357.6 -24535.5 -24691.1 -24820.6 -24928.3 -25013 -25063 -25095.6 -25117.4 -25138.8 -25145.6 -25143.5 -25145.4 -25155.3 -25155.1 -25156.1 -25152.2 -25135.5 -25121.6 -25101.7 -25070 -25007.2 -24918.9 -24808.2 -24672 -24494.2 -24294.8 -24065.9 -23811.1 -23526.6 -23214.1 -22883.8 -22531.3 -22150.2 -21744.2 -21321.4 -20862 -20368.2 -19843.4 -19282.4 -18700.4 -18091.1 -17442.5 -16766.3 -16063.2 -15329.1 -14567 -13773.8 -12957.8 -12124.9 -11273 -10402.1 -9515 -8613.08 -7694.42 -6760.05 -5809.29 -4831.26 -3838.97 -2838.18 -1829.24 -816.653 199 
100 -905.672 -1908.09 -2904.41 -3891.73 -4872.8 -5834.18 -6780.62 -7704.95 -8612.1 -9506.55 -10382.6 -11235.6 -12052.7 -12844.3 -13615.4 -14366.1 -15092.8 -15801.6 -16488.1 -17162.1 -17824.8 -18451.3 -19042 -19593.7 -20114.6 -20613 -21078.6 -21525.9 -21958.1 -22358.7 -22728.5 -23068.7 -23385.7 -23681.4 -23948 -24175.1 -24379.5 -24559 -24715.3 -24843.4 -24939.3 -25012.2 -25059.2 -25085.3 -25103.2 -25121.9 -25131.3 -25126.5 -25128.1 -25138.2 -25152.1 -25163.2 -25166.6 -25164.9 -25163.4 -25145 -25102.8 -25040.8 -24951.1 -24830.6 -24675.1 -24493.2 -24291.2 -24066.5 -23809.2 -23529.9 -23225.1 -22894.1 -22541.2 -22166.4 -21768.1 -21342.9 -20878.3 -20383.4 -19850.9 -19284.8 -18690.6 -18075 -17436.3 -16761.6 -16060.7 -15329.8 -14574.4 -13799.6 -13000.3 -12174.6 -11324.2 -10456.1 -9569.76 -8661.98 -7737.04 -6790.53 -5820.93 -4832.66 -3838.3 -2835.1 -1828.67 -816.535 199 
100 -908.411 -1911.63 -2908.61 -3899.9 -4876.2 -5846.25 -6798.57 -7733.44 -8657.14 -9560.64 -10431.2 -11277.2 -12093.4 -12892.2 -13675.2 -14434.9 -15167.6 -15885.2 -16572.5 -17231.7 -17872.5 -18500.4 -19100.6 -19658 -20181.6 -20677.4 -21153 -21605.8 -22035 -22424.4 -22782.6 -23119.9 -23429.8 -23705.8 -23959.2 -24190.3 -24390.7 -24569.1 -24724.6 -24853.6 -24961.2 -25045.9 -25098 -25127.7 -25150.1 -25172.1 -25175.8 -25173.8 -25177.6 -25187.8 -25190.4 -25193.4 -25190.7 -25174.7 -25160 -25140.2 -25110.9 -25047.1 -24959.6 -24849.2 -24710.3 -24527.4 -24327.2 -24100 -23840.4 -23557.6 -23247 -22915.6 -22557.2 -22171.5 -21763.4 -21336.5 -20874.2 -20384.1 -19859.1 -19301 -18720 -18109.4 -17462.7 -16787.8 -16087.5 -15357.1 -14592.7 -13799.1 -12984.4 -12153.7 -11302.3 -10432.4 -9548.45 -8645.05 -7724.04 -6787.28 -5832.46 -4849.4 -3852.08 -2847.37 -1834.95 -820.252 199 
100 -908.682 -1913.6 -2915.53 -3906.67 -4890.35 -5856.52 -6809.6 -7742.3 -8656.17 -9552.55 -10430.2 -11287.7 -12111.1 -12905.7 -13681.3 -14437.1 -15169.2 -15879.4 -16568 -17244.3 -17908.2 -18538.7 -19132.5 -19684.5 -20207.3 -20703.9 -21171.5 -21618.5 -22049.9 -22453 -22825 -23171.6 -23491.7 -23789.6 -24059 -24289.5 -24492.7 -24671.3 -24824.7 -24954.9 -25050.6 -25124.1 -25171.1 -25199.7 -25220.1 -25235.6 -25235.9 -25226.1 -25228.7 -25241.2 -25255.7 -25267.3 -25272.9 -25274.1 -25271.6 -25252.7 -25213.5 -25152.7 -25063.6 -24943.6 -24782.8 -24601 -24400.1 -24174.6 -23912.6 -23629.8 -23320.3 -22981.8 -22623.6 -22243.8 -21841.2 -21405.7 -20934 -20434 -19896.3 -19328 -18735 -18118.7 -17478.5 -16803.4 -16101.3 -15371.2 -14620.4 -13844.5 -13043.6 -12212.3 -11358.2 -10485.5 -9600.74 -8693.22 -7763.72 -6816.57 -5846.45 -4855.95 -3857.17 -2849.72 -1837.73 -820.945 199 
100 -910.558 -1917.04 -2915.74 -3907.17 -4881.99 -5849.89 -6801.17 -7735.63 -8658.35 -9563.44 -10432.9 -11277.9 -12091.9 -12891 -13676.5 -14437.6 -15172.6 -15891.3 -16578.3 -17238.5 -17881.4 -18512.4 -19113.5 -19668.8 -20193.7 -20694.3 -21170.6 -21624.6 -22054.2 -22447.5 -22813.9 -23156.2 -23464.7 -23741.6 -23996.2 -24228 -24431.3 -24612.9 -24772.9 -24905.1 -25012.7 -25096.5 -25149.4 -25175.4 -25197.2 -25218.5 -25219.5 -25216 -25217.9 -25224.7 -25225.1 -25228.7 -25226.4 -25210.2 -25195.6 -25175 -25146.1 -25083.2 -24995.7 -24882.5 -24741.2 -24553.7 -24351.7 -24126.4 -23868.6 -23588.7 -23279.3 -22946.7 -22587.4 -22201.8 -21796.2 -21367.1 -20902 -20411.5 -19883.2 -19324.2 -18742.9 -18130.5 -17481.9 -16805.6 -16107 -15379.1 -14610.8 -13814.4 -12996.7 -12163.7 -11309.2 -10438.7 -9557.57 -8652.35 -7730.28 -6790.41 -5835.29 -4852.73 -3855.21 -2849.59 -1836.01 -821.144 199 
100 -912.838 -1921.18 -2927.46 -3921.87 -4907.12 -5876.98 -6834.33 -7768.81 -8684.57 -9581.67 -10460.1 -11316.2 -12141.4 -12939.4 -13718.8 -14477 -15214 -15927.5 -16620.4 -17300.9 -17967.5 -18604.3 -19202.5 -19753.6 -20281.3 -20781.6 -21256.8 -21710.9 -22147.6 -22557.6 -22931.5 -23280.1 -23600 -23896 -24165.3 -24397.9 -24602.1 -24779.9 -24936.5 -25062.3 -25150.3 -25221.1 -25267.5 -25298.6 -25323.6 -25337.7 -25333.2 -25317.1 -25317.7 -25334 -25349.2 -25360.3 -25366.5 -25369.6 -25366 -25344.9 -25306.3 -25245.4 -25159.2 -25038.9 -24877.4 -24693.4 -24489.4 -24256.9 -23991.4 -23706.9 -23393.5 -23052.2 -22691.7 -22308.9 -21901.9 -21464.3 -20990.7 -20488.3 -19949.3 -19377.7 -18788 -18173.1 -17529.5 -16852.4 -16147.6 -15415.4 -14665.1 -13883.9 -13078.8 -12247.6 -11391.8 -10516.5 -9629.77 -8718.98 -7784.45 -6834.71 -5860.57 -4866.75 -3864.93 -2855.53 -1842.92 -823.357 199 
100 -916.17 -1928.54 -2929.68 -3922.75 -4903.58 -5875.26 -6831.19 -7769 -8693.62 -9602.16 -10476.3 -11326.4 -12146.3 -12949.4 -13734.8 -14497.6 -15236.7 -15957.2 -16647.3 -17312.6 -17964.4 -18606.8 -19214.8 -19771.8 -20299.3 -20807.1 -21285.5 -21743.3 -22177.5 -22576.5 -22948.9 -23298.3 -23608.5 -23887.9 -24141.6 -24371.6 -24572.7 -24750.8 -24907.7 -25036.2 -25141.5 -25223.6 -25275.7 -25298.5 -25320.4 -25341.1 -25341.5 -25334.6 -25334.3 -25335.3 -25334.8 -25335.9 -25333.7 -25318 -25304.4 -25281 -25246.1 -25186.4 -25101.3 -24984.5 -24833.9 -24639 -24433 -24205.5 -23946.1 -23663.7 -23352.6 -23016.9 -22651.5 -22260.5 -21850.8 -21418.1 -20951.5 -20456.7 -19927.4 -19366.3 -18783 -18167.4 -17516.5 -16843.8 -16148.7 -15420.9 -14647.3 -13844.4 -13019.4 -12181.6 -11324.6 -10455 -9575.44 -8671.74 -7751.34 -6810.16 -5853.74 -4867.97 -3868.54 -2860.51 -1843.49 -824.298 199 
100 -914.689 -1924.86 -2933.56 -3929.54 -4915.1 -5889.4 -6851.86 -7793.44 -8717.42 -9619.22 -10501.1 -11357.7 -12185.4 -12984.5 -13762.9 -14517.2 -15253.1 -15965.6 -16658.8 -17341.4 -18009.7 -18653.3 -19260.3 -19822.5 -20356.6 -20856 -21331.1 -21784.7 -22219 -22623.6 -22992.9 -23337.6 -23656.7 -23950.9 -24219.3 -24453.3 -24657 -24837 -24995.9 -25122.1 -25210.8 -25283.7 -25335.4 -25369.6 -25395.7 -25406.9 -25398.3 -25377 -25373.1 -25386.4 -25398.4 -25406.9 -25407 -25406.1 -25396.7 -25370.1 -25329.7 -25268.1 -25180.8 -25060.4 -24903.1 -24720 -24518.8 -24288.1 -24023.6 -23737.4 -23426.4 -23088.3 -22728.8 -22344.7 -21934.7 -21497.1 -21022.4 -20519.3 -19979.5 -19406.1 -18815.5 -18201.6 -17557.9 -16879.1 -16173.3 -15445.2 -14700.8 -13914.9 -13100.4 -12262.5 -11404.2 -10527.5 -9640.46 -8730.57 -7794.49 -6842.35 -5868.11 -4872.71 -3868.99 -2859.35 -1845.76 -824.576 199 
100 -916.354 -1928.8 -2930.78 -3922.6 -4908.32 -5880.14 -6836.73 -7775.32 -8696.66 -9604.95 -10481 -11331.2 -12154.7 -12957.9 -13741.8 -14504.7 -15244.6 -15962.3 -16649.3 -17313.8 -17966.4 -18609.6 -19214.1 -19770.5 -20297.8 -20805.8 -21282.5 -21738.2 -22169 -22566.1 -22935.6 -23281.1 -23592 -23872.6 -24129.2 -24361.1 -24564.2 -24742.4 -24899.6 -25027.8 -25133.3 -25216.8 -25268.9 -25290.5 -25307.4 -25323.2 -25327.1 -25327 -25333.1 -25330.8 -25330.5 -25330.8 -25328.4 -25314 -25301.9 -25277.2 -25242.1 -25185.2 -25103 -24986.3 -24834.4 -24644.6 -24439.6 -24212.4 -23951.8 -23666.8 -23358.1 -23022 -22655.9 -22265.6 -21853.8 -21417.4 -20948.9 -20447.6 -19915.5 -19350 -18763.8 -18149.3 -17498 -16826 -16129.8 -15403.3 -14631.6 -13831.5 -13011.9 -12175.6 -11319.5 -10453.8 -9575.64 -8675.03 -7755.62 -6812.11 -5852.47 -4866.79 -3868.66 -2860.84 -1844.39 -824.114 199 
100 -914.753 -1925.4 -2933.76 -3930.56 -4914.89 -5891.13 -6856.2 -7799.78 -8725.3 -9625.63 -10506.4 -11362.3 -12187.2 -12983.6 -13760.1 -14515.4 -15251.7 -15968.1 -16665.6 -17350.7 -18018.4 -18663.9 -19272.7 -19837 -20372.1 -20869.9 -21346.1 -21800.7 -22233.8 -22635.6 -23006 -23351.1 -23670 -23960.8 -24225.4 -24462.9 -24667.5 -24842.7 -24998.3 -25119.9 -25208.8 -25281.6 -25335.3 -25372.6 -25398.3 -25411.9 -25406.3 -25387.9 -25389.4 -25403.7 -25418.5 -25428.9 -25429.3 -25427.6 -25414 -25384.1 -25342.1 -25277.1 -25188.1 -25066.1 -24907.4 -24722 -24514.2 -24274.6 -24006.3 -23716.3 -23404.1 -23065.7 -22706.9 -22322.3 -21913.2 -21476.5 -21002.6 -20498.5 -19961.6 -19390.5 -18803.4 -18192.9 -17550.2 -16871.7 -16165.7 -15439.9 -14696.8 -13914.2 -13100 -12261.8 -11403.1 -10529.7 -9643.73 -8731.42 -7793.74 -6838.85 -5865.44 -4868.78 -3867.83 -2859.42 -1845.58 -824.492 199 
100 -916.402 -1928.87 -2931.27 -3919.84 -4902.65 -5873.07 -6830.65 -7768.5 -8686.7 -9591.37 -10470.4 -11321.5 -12145.6 -12947.1 -13729.5 -14492.1 -15233 -15953.5 -16642.8 -17313 -17970 -18617.4 -19220.1 -19776.2 -20301.1 -20807 -21287 -21744.9 -22175.7 -22574.3 -22942.3 -23284.2 -23594.4 -23876.9 -24133 -24363.2 -24565.9 -24744.3 -24904.7 -25036.1 -25145.1 -25231.4 -25281.8 -25304.2 -25325.6 -25343.2 -25348.1 -25349.2 -25356.8 -25357.2 -25358.3 -25365.4 -25371.2 -25360.8 -25347.7 -25320.1 -25281.3 -25226 -25146 -25025.8 -24871.3 -24684.3 -24479.9 -24251.8 -23993.8 -23711.9 -23407.6 -23073.4 -22710 -22324.4 -21912.6 -21475.9 -21008.3 -20504 -19971.4 -19405.2 -18819.2 -18205.8 -17554.2 -16882.6 -16185.8 -15454.3 -14679.7 -13876.8 -13056.1 -12217.2 -11358 -10491 -9607.84 -8702.32 -7778.3 -6833.09 -5870.02 -4880.94 -3881.01 -2870.43 -1851.49 -826.988 199 
100 -917.949 -1931.53 -2941.69 -3942.32 -4929.98 -5909.19 -6878.63 -7827.41 -8756.27 -9657.34 -10536.8 -11392.7 -12217.6 -13018.7 -13797.3 -14555 -15295.9 -16016 -16714.2 -17399 -18066 -18712.5 -19321.9 -19891.3 -20427.7 -20932.9 -21415.6 -21875.5 -22305 -22707.2 -23078.3 -23421.2 -23740.5 -24034.2 -24305.2 -24549.8 -24763 -24942.9 -25096.1 -25218.1 -25309.8 -25385 -25440.5 -25478.5 -25504.4 -25519.3 -25516.5 -25500 -25503.6 -25519.9 -25537.6 -25547.1 -25547.3 -25547.6 -25532.1 -25501.6 -25460.6 -25394.3 -25308.4 -25192.7 -25041.1 -24860.3 -24656.1 -24418.7 -24148.4 -23858.3 -23543.7 -23205.9 -22846.7 -22462.1 -22052.4 -21614.3 -21140.7 -20632.4 -20092.5 -19520.6 -18933.5 -18323.6 -17679.9 -16998.8 -16289.6 -15559.5 -14809.5 -14019.9 -13196.9 -12350.1 -11484.8 -10603.3 -9707.52 -8784.94 -7843.03 -6881.13 -5901.77 -4899.21 -3891.85 -2878.55 -1858.09 -830.714 199 
100 -920.235 -1934.22 -2938.1 -3926.62 -4909.81 -5880.36 -6839.88 -7779.28 -8696.54 -9601.28 -10483.4 -11336.4 -12161.4 -12959.3 -13738.7 -14497.9 -15238.1 -15957.3 -16647.2 -17317.8 -17974.8 -18620.3 -19220.3 -19780.1 -20313 -20828.2 -21313 -21773.1 -22204.6 -22603.5 -22968.3 -23309.4 -23622.3 -23908 -24165.1 -24389.9 -24588.7 -24762 -24923.7 -25054.6 -25164.6 -25253.1 -25302.4 -25324 -25348.4 -25365.2 -25372.1 -25371.3 -25378.7 -25380.7 -25384.9 -25395.9 -25403.7 -25402.2 -25395.1 -25369.5 -25329.1 -25271.8 -25192.1 -25073.5 -24924.6 -24746.2 -24546.8 -24320 -24061.1 -23778 -23472.2 -23131.7 -22767.4 -22382.9 -21970.1 -21530.2 -21060.5 -20553.6 -20016.6 -19447.9 -18859.8 -18244.2 -17592.7 -16922.2 -16228 -15498.4 -14728.7 -13930.1 -13112.3 -12274.4 -11416 -10545.3 -9654.08 -8746.04 -7817.15 -6867.93 -5900.42 -4905.62 -3901.78 -2886.26 -1862.37 -831.921 199 
100 -918.049 -1931.71 -2940.76 -3942.87 -4929.84 -5909 -6877.89 -7830.09 -8759.81 -9660.26 -10539 -11397.1 -12225.7 -13032.2 -13810.8 -14568.5 -15305.4 -16027.8 -16730.2 -17416.9 -18083.3 -18731.4 -19343.1 -19918.7 -20454.5 -20960.6 -21444.5 -21903.9 -22337 -22743.4 -23117.3 -23459.2 -23777.5 -24071.6 -24343.2 -24587.7 -24800.6 -24979.4 -25132 -25254.3 -25346 -25418 -25469.8 -25507.4 -25529.1 -25542.1 -25536 -25518.7 -25521.9 -25535.5 -25557.2 -25565.9 -25566 -25565.5 -25545.8 -25512.4 -25468.4 -25396.6 -25305 -25184.2 -25026.9 -24842.5 -24636 -24398.4 -24125.1 -23834.6 -23520.8 -23185.7 -22831.7 -22450.2 -22043.5 -21609.7 -21139 -20633.3 -20098.5 -19530.2 -18943.4 -18332.3 -17686.5 -17002.2 -16291.1 -15562.7 -14808.7 -14017.3 -13194.7 -12345.1 -11477.3 -10597.8 -9703.28 -8779.76 -7841.9 -6881.07 -5900.77 -4899.85 -3892.11 -2879.71 -1858.18 -830.946 199 
100 -919.767 -1932.6 -2936.47 -3924.07 -4905.97 -5876.88 -6835.19 -7774.05 -8686.94 -9587.45 -10469.5 -11323.9 -12149.2 -12945.6 -13724.2 -14484.2 -15228.1 -15950.5 -16645.1 -17319.7 -17975.5 -18617.6 -19214.7 -19779.5 -20315.3 -20829.6 -21316 -21776.8 -22209.1 -22612.4 -22979.7 -23318.8 -23633.4 -23919.7 -24174.7 -24397 -24598.2 -24777.3 -24940.4 -25074.5 -25187.4 -25277.7 -25329.8 -25351.6 -25372.8 -25388.1 -25392.3 -25384 -25387.1 -25384.2 -25386.8 -25396.5 -25402.4 -25401.6 -25394.4 -25369.4 -25329.8 -25273.6 -25189.3 -25065 -24911 -24729.7 -24525.5 -24298.5 -24041.9 -23761.8 -23457.8 -23118.5 -22754.8 -22370.5 -21961.2 -21519.5 -21048 -20539 -19997 -19424.5 -18832.8 -18214.4 -17561.2 -16891.4 -16195.4 -15462.3 -14693.3 -13896.7 -13080.6 -12242.1 -11383.7 -10514.3 -9622.49 -8714.02 -7784.25 -6834.16 -5868.39 -4881.34 -3887.52 -2880.86 -1860.26 -831.79 199 
100 -921.095 -1937.15 -2948.44 -3953.99 -4940.82 -5919.46 -6888.65 -7844.65 -8776.82 -9677.67 -10562.7 -11423.5 -12249.3 -13055.7 -13832.8 -14589.8 -15328.1 -16054.5 -16762.3 -17449.8 -18120.8 -18771.6 -19386.8 -19965.3 -20503.5 -21013.2 -21500.2 -21958.7 -22392.7 -22797.8 -23171.2 -23509 -23823 -24112.9 -24378.5 -24615.8 -24825.7 -25006.1 -25158.7 -25279.3 -25368.2 -25438.8 -25490.7 -25529.2 -25546.1 -25559.2 -25552.2 -25533.5 -25534.1 -25541.1 -25559.2 -25561.9 -25558.9 -25554.4 -25536 -25507 -25463.5 -25390 -25295.8 -25173.7 -25017.4 -24833.2 -24624.7 -24386.1 -24108.9 -23815.6 -23497.1 -23160.7 -22808.7 -22429 -22021.5 -21583 -21109 -20604.5 -20072.5 -19511.2 -18929.6 -18318.5 -17673.6 -16988.1 -16278 -15550.3 -14799.2 -14011.9 -13191.8 -12343.1 -11474.9 -10595.7 -9700.66 -8776.37 -7842.35 -6882.28 -5901.61 -4901.24 -3893.1 -2880.1 -1858.47 -831.256 199 
100 -922.436 -1937.2 -2943.88 -3937.9 -4925.02 -5902.83 -6867.3 -7811.06 -8725.62 -9627.52 -10513.2 -11368.4 -12194.8 -12993.4 -13774.5 -14535.8 -15282.3 -16007.8 -16704.3 -17377.3 -18031.2 -18670.1 -19266.9 -19833.6 -20366.1 -20877.8 -21362.2 -21823.3 -22257.5 -22664.6 -23033.6 -23371.1 -23688 -23973 -24231 -24455.3 -24658 -24836.3 -24998 -25130.9 -25242.4 -25333.2 -25394.2 -25424.8 -25449.8 -25469.3 -25477.5 -25470 -25471.7 -25466.7 -25470.1 -25477.2 -25479.1 -25474.3 -25465 -25439.1 -25398.6 -25342.9 -25253.7 -25126.9 -24972.3 -24792.7 -24587.4 -24358 -24101.6 -23820.2 -23512.7 -23174.1 -22813.2 -22430.1 -22018.9 -21572.1 -21097.9 -20587.8 -20045.4 -19472 -18879.6 -18259.9 -17608.6 -16939.3 -16239.6 -15501.3 -14730.3 -13931.5 -13112 -12274.7 -11414.4 -10544.1 -9649.91 -8737.94 -7804.18 -6853.67 -5887.75 -4896.98 -3900.22 -2891.04 -1866.53 -834.888 199 
100 -922.921 -1940.07 -2952.27 -3958.77 -4950.68 -5930.11 -6898.76 -7850.89 -8783.56 -9688.36 -10580.7 -11446.3 -12277.8 -13090.6 -13871.6 -14630.9 -15371 -16100.4 -16812.4 -17500.5 -18172.9 -18823.1 -19437.9 -20017.2 -20556.8 -21068.7 -21560.3 -22017.7 -22452.9 -22856.8 -23230.7 -23569.9 -23884 -24176.2 -24442.4 -24681.1 -24893.7 -25081.5 -25239.1 -25363.5 -25454 -25525.6 -25581.5 -25622.6 -25637.2 -25649.9 -25644.6 -25626.2 -25628.9 -25635.4 -25649.1 -25649.3 -25644.5 -25640.8 -25624.8 -25595.2 -25548.4 -25471.1 -25370.2 -25244.5 -25086.1 -24898.9 -24690.5 -24456.2 -24185 -23891.9 -23570.8 -23233.7 -22880.4 -22500.4 -22087.8 -21645.3 -21169.2 -20664.2 -20129.4 -19567 -18983.7 -18372.5 -17730.4 -17044.4 -16333.8 -15601.7 -14846.8 -14057.4 -13236.8 -12389.2 -11523 -10645 -9745.9 -8817.08 -7877.9 -6913.08 -5927.61 -4923.88 -3911.16 -2893.2 -1867.29 -835.767 199 
100 -927.086 -1945.99 -2957.58 -3957.25 -4949.56 -5933.85 -6904.12 -7851.07 -8770.45 -9676.25 -10566.9 -11429.6 -12261.7 -13065.5 -13850 -14611.6 -15357.4 -16085.3 -16790.3 -17468.5 -18122.8 -18758.6 -19356.5 -19923.2 -20458.6 -20972.5 -21462.3 -21926.5 -22365 -22774.4 -23150.9 -23490.8 -23807.1 -24095.7 -24356.3 -24584.3 -24788.3 -24965.4 -25124.7 -25254.7 -25363.6 -25451.3 -25514.6 -25545.4 -25567.2 -25585.4 -25587.9 -25575.7 -25572.7 -25564.5 -25565.3 -25568.2 -25567.9 -25563 -25555.8 -25533.3 -25492.5 -25431.6 -25337.1 -25205.8 -25051.1 -24869.1 -24662.5 -24433 -24178.5 -23897.9 -23588.5 -23251.9 -22890.3 -22505.6 -22093 -21645.3 -21170.8 -20656.3 -20113.2 -19540.1 -18945.4 -18320.6 -17666.1 -16994.6 -16288.3 -15546.3 -14776.2 -13976.8 -13154.1 -12314.1 -11448.3 -10574.4 -9677.17 -8759.32 -7820.52 -6869.48 -5903.3 -4911.12 -3912.84 -2903.22 -1874.46 -838.905 199 
100 -924.008 -1940.19 -2951.19 -3956.1 -4947.99 -5926.27 -6894.02 -7846.44 -8783.61 -9693.05 -10587 -11452.3 -12282.2 -13094.6 -13874.8 -14629.8 -15367.9 -16097.5 -16810.3 -17497.8 -18168.9 -18816 -19429.2 -20005.8 -20546.8 -21062.3 -21554.9 -22014.4 -22454.3 -22863.3 -23242.6 -23585.9 -23899.5 -24194.4 -24460.2 -24696.8 -24906.3 -25090.8 -25248.5 -25374.1 -25465.7 -25536.9 -25592.7 -25631.6 -25643.3 -25653.1 -25648 -25633.7 -25639.6 -25643.1 -25650.4 -25647.5 -25639.2 -25633.6 -25617.3 -25588.4 -25540.6 -25462.9 -25358.9 -25237.5 -25084.1 -24899.2 -24690.2 -24456.6 -24190.8 -23894.1 -23573.2 -23240.1 -22885.3 -22505.7 -22091.7 -21647.5 -21170.9 -20668.1 -20137.5 -19576.5 -18990.7 -18377.3 -17737.8 -17055.6 -16346.8 -15611.3 -14853.3 -14067.4 -13252.7 -12409.4 -11547.7 -10669.7 -9772.79 -8843.44 -7902.57 -6937.85 -5948.75 -4942.42 -3926 -2903.88 -1874.49 -838.97 199 
100 -926.858 -1945.65 -2956.9 -3954.26 -4948.01 -5934.08 -6905.27 -7854.11 -8778.2 -9689.47 -10585.7 -11456.8 -12294.9 -13102.4 -13887.8 -14653.3 -15400.8 -16128.3 -16832.9 -17510.9 -18166.8 -18801 -19398.3 -19960.9 -20494.9 -21008.8 -21499.6 -21963.6 -22402 -22808.7 -23182.9 -23518.4 -23832.5 -24121.1 -24378.1 -24604.4 -24806.5 -24982.1 -25140 -25269.1 -25375.9 -25459.6 -25520.8 -25548.2 -25565.7 -25583.3 -25583.4 -25571.9 -25568.9 -25559.3 -25562 -25562.8 -25561.7 -25557.8 -25552.4 -25533.8 -25494.4 -25434.2 -25338 -25206.6 -25051.2 -24867.3 -24661 -24433 -24178 -23893.5 -23582.7 -23243.3 -22882.4 -22498.4 -22081.3 -21626.1 -21143.3 -20627.6 -20088 -19520.4 -18927.1 -18299.6 -17644.7 -16973 -16264.4 -15522.7 -14756.4 -13966.1 -13147.4 -12310.9 -11446.6 -10570 -9674.16 -8754.37 -7818.15 -6870.44 -5907.63 -4914.88 -3912.98 -2902.37 -1874.27 -838.955 199 
100 -925.099 -1941.71 -2952.79 -3958.95 -4951.71 -5931.81 -6903.12 -7857.67 -8796.83 -9708.49 -10600.6 -11466.6 -12294.4 -13102.2 -13880.3 -14635.7 -15374.4 -16105.5 -16820.1 -17508.5 -18177.7 -18822.5 -19438.1 -20015.9 -20559.7 -21076 -21565.6 -22022.4 -22460.8 -22871 -23252.7 -23599.7 -23916.5 -24217.7 -24488.5 -24731.1 -24942.2 -25122.1 -25278.9 -25405 -25500.3 -25574.8 -25632.7 -25669.8 -25681.2 -25693.4 -25690 -25682.6 -25686.4 -25688.8 -25693.7 -25689.6 -25676.8 -25667.2 -25652 -25626.5 -25578.3 -25504.7 -25400.1 -25277.1 -25126.7 -24940.3 -24728.1 -24492.2 -24225.6 -23928 -23603.9 -23267.2 -22911.1 -22529.9 -22114.3 -21668.7 -21194.5 -20691.7 -20165 -19605.1 -19021.4 -18407.4 -17767.3 -17089.8 -16382.6 -15644.6 -14886.9 -14100.5 -13287.3 -12446.7 -11585.9 -10702.7 -9802.69 -8870.32 -7924.27 -6955.07 -5963.52 -4954.4 -3935.92 -2910.86 -1878.45 -840.96 199 
100 -926.869 -1946.31 -2958.33 -3956 -4950.84 -5938.85 -6910.85 -7857.53 -8779.9 -9688.33 -10582.5 -11457 -12296.8 -13105.3 -13887.7 -14655.4 -15402.3 -16129.8 -16834.8 -17508.5 -18161.8 -18795.7 -19393.9 -19958.1 -20497.8 -21018.9 -21516.3 -21985.9 -22428.8 -22835 -23211.4 -23550.3 -23866.6 -24159.1 -24415.9 -24640.5 -24836.9 -25010.7 -25168.9 -25301.2 -25411.8 -25492.8 -25549.1 -25572.9 -25584.8 -25602 -25599.6 -25592.2 -25589.1 -25574.2 -25572.6 -25570.9 -25570.7 -25568 -25562.6 -25544.8 -25505 -25448.8 -25357.9 -25232.9 -25082.6 -24898.8 -24694 -24464.7 -24206.9 -23918.3 -23609.7 -23269.5 -22909.1 -22525.4 -22106.6 -21652.4 -21168.5 -20653.4 -20115.3 -19547.1 -18953.7 -18327.3 -17674 -16999.1 -16292.1 -15553.6 -14791.7 -14007.6 -13189.5 -12349.2 -11483.1 -10601.7 -9703.99 -8780.82 -7845.02 -6894.81 -5929.44 -4933.79 -3925.65 -2909.79 -1879.21 -841.476 199 
100 -925.08 -1941.24 -2951.43 -3957.3 -4949.31 -5929.41 -6899.29 -7852.38 -8789.66 -9705.76 -10598.7 -11469.3 -12301.1 -13110.1 -13890.3 -14646.1 -15379.8 -16102.6 -16811.1 -17492.9 -18157.2 -18799.7 -19419.3 -19998.7 -20544 -21055.5 -21541.5 -21995.5 -22431.4 -22839.8 -23217.7 -23565.7 -23881.7 -24178.1 -24445.5 -24684.5 -24897.4 -25084.7 -25250 -25379.9 -25477.4 -25552.5 -25610.2 -25644.7 -25658 -25668.2 -25661.9 -25657.7 -25660.7 -25662.5 -25665.3 -25661.7 -25650.1 -25642.3 -25626.7 -25602.9 -25553.3 -25480.9 -25378.3 -25254 -25105.3 -24918.2 -24706.3 -24473.8 -24208.1 -23908.5 -23580.2 -23242.1 -22888.4 -22508.5 -22092.7 -21644.9 -21171 -20667.1 -20141.7 -19581.2 -18999.4 -18384.3 -17740.7 -17063.6 -16357.4 -15619.5 -14863 -14074.2 -13260.1 -12419.4 -11559 -10675.6 -9775.32 -8842.28 -7896.09 -6927.99 -5936.94 -4930.53 -3917.09 -2896.14 -1868.68 -837.167 199 
100 -926.632 -1946.41 -2958.07 -3956.08 -4950.36 -5939.55 -6911.95 -7858.14 -8781.48 -9689.74 -10584.5 -11459.8 -12298.8 -13110 -13894.8 -14664.9 -15410.5 -16138.1 -16842.8 -17515.8 -18166.6 -18800.6 -19398.5 -19962.9 -20503.5 -21025.2 -21522.9 -21993.3 -22436.8 -22841.4 -23217.6 -23559.8 -23880 -24177.1 -24435 -24659.6 -24856.8 -25035.7 -25193.9 -25327.1 -25440.5 -25520 -25577.5 -25603.1 -25611.7 -25625.8 -25622.3 -25616.7 -25610.3 -25594.5 -25590.7 -25585.1 -25579.2 -25571 -25562.7 -25544.7 -25505.6 -25450.4 -25359.1 -25235.9 -25084.6 -24899.8 -24695.9 -24465.8 -24208.6 -23919.5 -23613 -23272.9 -22914.1 -22534 -22116.6 -21665.4 -21180.3 -20665.3 -20127.2 -19558.4 -18963.8 -18337 -17684.2 -17008 -16300.2 -15559.6 -14796.5 -14014.9 -13196.5 -12351.3 -11479 -10591.2 -9691.09 -8765.12 -7829.41 -6878.51 -5913.05 -4922.1 -3913.31 -2897.9 -1872.46 -838.22 199 
100 -931.473 -1954.19 -2971.5 -3984.59 -4983.89 -5972.67 -6948.81 -7904.6 -8845.58 -9771.51 -10673.4 -11554.1 -12403.8 -13222.3 -14015.1 -14785.6 -15526.6 -16257.3 -16973.6 -17663 -18335.9 -18988.9 -19621.9 -20209.7 -20762.6 -21281.8 -21776.7 -22241.9 -22686.4 -23095.1 -23469.1 -23812.5 -24122.6 -24413.7 -24679.1 -24916.1 -25126.8 -25314 -25481.1 -25608.5 -25705.4 -25773.2 -25821.8 -25848.8 -25858.5 -25864.4 -25853.5 -25847.2 -25843.6 -25839.9 -25839 -25835.3 -25821.6 -25809.8 -25791.3 -25764.6 -25711.6 -25637 -25531.1 -25402.4 -25252.4 -25061.3 -24845.4 -24609.8 -24335.2 -24025.4 -23688.6 -23346.2 -22987.6 -22603.6 -22187.9 -21738.8 -21263.1 -20757.1 -20228.1 -19661.9 -19075 -18453.3 -17803.1 -17121.1 -16412.4 -15670.7 -14908 -14115.9 -13298.4 -12456.8 -11596.5 -10714.8 -9814.44 -8878.41 -7930.36 -6958.26 -5964 -4952.53 -3934.32 -2908.38 -1876.46 -841.2 199 
100 -935.839 -1965.06 -2987.12 -3995.32 -4997.89 -5994.04 -6972.13 -7926.5 -8859.1 -9777.8 -10683.9 -11570.6 -12420.1 -13239.6 -14034.2 -14813.2 -15567.8 -16304.7 -17020.3 -17707.6 -18367.7 -19010.4 -19618.9 -20192.4 -20740.1 -21268.5 -21776.9 -22259 -22712.5 -23127.9 -23514.3 -23867.5 -24194.2 -24495 -24753.6 -24978.5 -25173.9 -25353.2 -25508.4 -25636 -25745.9 -25819.6 -25870.4 -25892.2 -25893.8 -25900.2 -25889.4 -25874.2 -25857.4 -25831.1 -25817.9 -25808 -25798.3 -25784.5 -25770 -25748 -25703 -25638.6 -25540 -25409.2 -25252.2 -25063.2 -24855.5 -24621.2 -24355.5 -24059 -23747.2 -23403.7 -23040.7 -22657.4 -22235.9 -21780.8 -21291.7 -20771.4 -20227 -19654.2 -19055.3 -18423.8 -17766.9 -17083.1 -16370.8 -15624.7 -14855.5 -14068.9 -13244.8 -12394.1 -11520.1 -10631.5 -9731.34 -8806.82 -7871.57 -6919.49 -5947.96 -4953.36 -3939.7 -2915.33 -1882.69 -843.188 199 
100 -939.085 -1967.5 -2992.32 -4012.71 -5020.56 -6017.48 -7001.37 -7963.75 -8914.73 -9846.09 -10755.4 -11642 -12497.9 -13318 -14117.5 -14896.8 -15643.1 -16378.4 -17100.3 -17795.3 -18473.1 -19131.2 -19771.4 -20367.3 -20928.7 -21455.8 -21956 -22427.6 -22878.8 -23289.5 -23661.3 -24001.1 -24308.2 -24594.4 -24863.2 -25098.6 -25310.3 -25501.2 -25667.9 -25800.2 -25901.8 -25972.1 -26019 -26046.2 -26058.6 -26061.7 -26042.6 -26030.5 -26018.9 -26006.4 -25999.7 -25992.1 -25970.7 -25951.9 -25928.3 -25896 -25838 -25761 -25653.4 -25521.9 -25368.2 -25174.1 -24956.9 -24721.7 -24446.3 -24134.9 -23796.3 -23453.7 -23095 -22713.2 -22295.7 -21844.7 -21367.4 -20859.8 -20331.2 -19767 -19175.5 -18549.3 -17894.3 -17203.9 -16490.9 -15745.1 -14977.1 -14181.1 -13355 -12508.6 -11645.9 -10758.6 -9850.65 -8911.99 -7960.01 -6985.19 -5987.88 -4972.37 -3949.33 -2918.83 -1883.07 -844.658 199 
100 -944.741 -1981.68 -3013.12 -4030.53 -5040.57 -6043.91 -7026.89 -7988.32 -8924.65 -9852.12 -10764.9 -11656.8 -12515 -13339.7 -14139.3 -14921.3 -15681 -16422.6 -17143.1 -17836.4 -18501.2 -19148.8 -19764.5 -20346.4 -20901.1 -21433.3 -21943 -22428.5 -22882.6 -23305.4 -23697.9 -24053.2 -24379.6 -24682.2 -24942.5 -25170.8 -25364 -25542.8 -25697.3 -25826.3 -25934.2 -26003.5 -26051.3 -26071.9 -26074.3 -26078.2 -26068.3 -26045.4 -26016.3 -25981.9 -25965.8 -25952.8 -25937.7 -25919.5 -25902 -25873 -25819.6 -25748.2 -25647.7 -25512.8 -25351.2 -25162.5 -24954.2 -24720.4 -24456.7 -24163.5 -23853.6 -23506 -23141.5 -22756.9 -22331.6 -21875.7 -21381.1 -20857.5 -20310.2 -19735.2 -19133.7 -18499.7 -17839.6 -17150.2 -16433.5 -15684.6 -14913.4 -14124.5 -13297 -12438.5 -11563.3 -10670.2 -9762.15 -8835.72 -7900.25 -6943.33 -5965.1 -4970.12 -3953.77 -2925.51 -1889.26 -846.574 199 
100 -941.238 -1971.93 -2999.22 -4021.46 -5032.29 -6028.42 -7012 -7974.28 -8926.41 -9856.6 -10767.6 -11650.8 -12503.4 -13319.2 -14115.2 -14895.5 -15645.3 -16382.4 -17105.1 -17803.8 -18485.9 -19146.5 -19791.1 -20390.4 -20953.3 -21486.2 -21982.2 -22451 -22900 -23307.7 -23678.4 -24017.3 -24325.1 -24610 -24873.5 -25105.2 -25309.7 -25499.3 -25662.2 -25792.9 -25892.5 -25961.7 -26008.2 -26034.6 -26048.9 -26050.7 -26032.6 -26023.5 -26016.5 -26003.2 -25997 -25991.1 -25969.6 -25951.4 -25928.8 -25896.4 -25840.8 -25766.6 -25659.6 -25525.3 -25368.6 -25176 -24958.7 -24722.6 -24445.8 -24130.7 -23791.6 -23448.8 -23088.5 -22706.7 -22289.5 -21839.8 -21361.9 -20856.1 -20329.5 -19768.9 -19177.9 -18553.2 -17897.4 -17207.3 -16495.9 -15749.7 -14980.4 -14184.7 -13361.1 -12518.2 -11655.7 -10766.2 -9854.51 -8917.08 -7963.78 -6989.78 -5992.17 -4975.38 -3951.07 -2919.6 -1883.26 -844.797 199 
100 -946.345 -1985.63 -3019.03 -4044.11 -5061.1 -6067.65 -7055.94 -8024.9 -8964.99 -9896.65 -10814 -11711 -12578.2 -13407.2 -14208.8 -14990.3 -15748.1 -16485.6 -17204 -17899 -18564.3 -19215 -19831.8 -20414.4 -20970 -21502.5 -22015 -22504.3 -22958.4 -23384.3 -23774.5 -24130 -24456.9 -24758.6 -25019.6 -25246.5 -25438.5 -25616 -25768.6 -25894.4 -25996.7 -26064.6 -26110.6 -26131 -26139.8 -26146.6 -26140.7 -26117.1 -26084.8 -26046.4 -26026.5 -26009.8 -25991.3 -25970.7 -25949.1 -25918.3 -25865.6 -25789.2 -25686.7 -25550.4 -25388.3 -25200.7 -24994.2 -24760.8 -24495.1 -24200.6 -23884.5 -23538.4 -23175.7 -22788.8 -22361.5 -21909.5 -21416.4 -20893.6 -20342.8 -19765.9 -19164.4 -18530.2 -17868.2 -17179.1 -16459 -15707 -14930.6 -14134.8 -13307.3 -12449.6 -11574.9 -10680.4 -9769.4 -8841.86 -7905.42 -6944.8 -5965.37 -4968.62 -3952.33 -2924.82 -1889.69 -848.178 199 
100 -947.835 -1985.18 -3017.55 -4045.12 -5061.39 -6064.86 -7054.02 -8020.5 -8976.41 -9909.82 -10828.7 -11716.3 -12573.1 -13397.8 -14200.8 -14987.6 -15743.9 -16484.9 -17207.2 -17904.5 -18582.8 -19245.6 -19895.8 -20500.1 -21067.5 -21605.8 -22107.8 -22581.4 -23033.9 -23443.3 -23817.4 -24160 -24470.5 -24756 -25013.7 -25240 -25440.6 -25627.3 -25782.6 -25913.5 -26012.1 -26083.3 -26126.5 -26150.6 -26163.1 -26157.2 -26138 -26128 -26121.7 -26110.8 -26107.9 -26106.3 -26088.6 -26076.5 -26061.6 -26034.2 -25981.8 -25911.2 -25805.2 -25670.5 -25512.8 -25320.5 -25103.8 -24865.9 -24588.4 -24270.6 -23929 -23582.4 -23218.4 -22835 -22418.9 -21965 -21483.1 -20973.1 -20440.1 -19872.9 -19275.3 -18649.5 -17990.9 -17301.1 -16587 -15842 -15066.1 -14261.7 -13435 -12587.8 -11723.8 -10831.7 -9916.15 -8977.52 -8016.76 -7037.39 -6032.4 -5008.61 -3976.35 -2938.63 -1896.02 -850.928 199 
100 -949.424 -1991.93 -3030.36 -4062.03 -5085.62 -6095.76 -7090.59 -8063.56 -9004.29 -9930.09 -10844.2 -11738.4 -12602.2 -13428.5 -14230.8 -15009.9 -15767.7 -16505.7 -17221.4 -17917.1 -18585.2 -19238.7 -19857.9 -20443.2 -21000.1 -21531.2 -22042.6 -22532.2 -22987.3 -23413.6 -23802.7 -24157.3 -24483.7 -24785.6 -25048.5 -25276.4 -25474 -25655.8 -25811.6 -25943.1 -26050.3 -26123.1 -26172.9 -26193.1 -26198.9 -26201.9 -26191.9 -26168.6 -26141.3 -26108.1 -26091.9 -26077.8 -26061.6 -26045 -26025.3 -25996.3 -25944.2 -25866.9 -25762.1 -25627.2 -25463 -25275.2 -25070.6 -24838 -24576.4 -24289.6 -23975.4 -23632.9 -23271.3 -22880.8 -22453.3 -22001.7 -21511.4 -20989.9 -20434.4 -19854.7 -19252.5 -18616.5 -17951 -17260.8 -16538.4 -15787 -15006 -14202.7 -13373.1 -12512.8 -11632.6 -10735.7 -9820.3 -8887.86 -7945.59 -6979.78 -5994.99 -4992.55 -3974.17 -2941.76 -1900.92 -853.603 199 
100 -951.658 -1995.29 -3032.75 -4065.09 -5086.27 -6094.69 -7088.44 -8058.86 -9019.97 -9958.12 -10878 -11769.1 -12629.3 -13461.9 -14269.5 -15056.1 -15812.9 -16549 -17267.5 -17964.1 -18643.4 -19308.9 -19961.5 -20570.4 -21140.5 -21684.1 -22192 -22668.6 -23118.6 -23525 -23897.8 -24242.1 -24552.2 -24837.1 -25095.1 -25323.5 -25526.7 -25714.3 -25871.4 -26005.8 -26106.3 -26179.8 -26221.5 -26237.2 -26239.2 -26220.6 -26195.5 -26184.1 -26179.6 -26168.7 -26163.3 -26159.3 -26144.3 -26135.8 -26121.5 -26094 -26044.8 -25978.9 -25880.8 -25748.4 -25592.3 -25400.6 -25181.8 -24941.8 -24663.3 -24347.2 -24003.8 -23652.9 -23287.2 -22904.1 -22488.7 -22032.8 -21548.2 -21034.3 -20496.9 -19924.8 -19323.7 -18696.8 -18033.6 -17339.5 -16620.7 -15873.9 -15097.4 -14289.9 -13459 -12607.3 -11738.6 -10845 -9930.39 -8993.83 -8032.85 -7053.17 -6046.97 -5021.56 -3986.84 -2948.43 -1903.79 -854.673 199 
100 -954.273 -1999.4 -3040.07 -4075.11 -5105.38 -6121.19 -7118.91 -8089.6 -9031.24 -9955.98 -10872.7 -11775.1 -12647.7 -13477.2 -14286.2 -15074 -15837.2 -16578.2 -17295.3 -17992.9 -18665.1 -19321.4 -19939.4 -20521.4 -21076.4 -21606.5 -22117.1 -22605.1 -23062.9 -23490.7 -23878.9 -24232.6 -24556.5 -24854.9 -25117.7 -25351 -25554.8 -25740.6 -25898.2 -26031.3 -26138 -26213.3 -26265.6 -26287.4 -26293.7 -26292.2 -26283.6 -26264 -26239 -26208.5 -26195.5 -26181.3 -26162.6 -26144.2 -26120 -26087.2 -26031.3 -25953.5 -25849.6 -25721 -25557.2 -25371 -25168 -24929.9 -24668.9 -24386 -24069.8 -23726.4 -23359.2 -22956.5 -22524.7 -22069.2 -21581.9 -21064.5 -20509.6 -19928.1 -19322.9 -18684.7 -18014.9 -17323.7 -16596.2 -15841.3 -15052.9 -14243.5 -13410 -12547.3 -11663.1 -10763.7 -9845.6 -8912.76 -7968.54 -7001.94 -6014.45 -5010.17 -3989.97 -2953.58 -1908.72 -857.284 199 
100 -952.204 -1996.65 -3036.36 -4068.83 -5091.28 -6100.16 -7095.97 -8069.74 -9033.71 -9975.7 -10895.7 -11789.1 -12649.3 -13485.1 -14295.8 -15082.7 -15842.8 -16582.5 -17303.8 -18005.1 -18685.6 -19352.9 -20004.1 -20613.2 -21184.7 -21733.6 -22247.3 -22726.5 -23176.6 -23583.8 -23959.6 -24307.5 -24618.6 -24905 -25162.7 -25391.2 -25595.9 -25779.8 -25936.4 -26069.9 -26170.9 -26248.5 -26289.4 -26301.4 -26300.4 -26281.8 -26258.5 -26245.7 -26237.9 -26224 -26216.5 -26210.8 -26196.2 -26184.8 -26162.2 -26132 -26083 -26015.8 -25919.8 -25789.2 -25632.5 -25440.8 -25223.3 -24980 -24699.4 -24385 -24043.5 -23693.2 -23328.4 -22949 -22535.1 -22073.7 -21580.8 -21065.6 -20525.6 -19955.7 -19354.1 -18724.2 -18057.3 -17358.7 -16633.4 -15879.9 -15100.6 -14291.5 -13459.8 -12604.7 -11731.2 -10837.6 -9924.91 -8986.38 -8027.7 -7048.88 -6042.94 -5017.92 -3983.69 -2946.23 -1902.69 -854.102 199 
100 -951.508 -1994.21 -3032.63 -4062.52 -5087.94 -6101 -7095.53 -8064.95 -9008.51 -9934.11 -10853.2 -11757.9 -12632.8 -13461.2 -14269.7 -15057.9 -15818.9 -16559.3 -17276.9 -17973.6 -18645.1 -19299.5 -19915.9 -20495.3 -21047.5 -21576.6 -22086.1 -22576.7 -23037.1 -23467.3 -23858.7 -24214.3 -24540.5 -24838.4 -25101.2 -25334.9 -25540.8 -25724.9 -25878.7 -26006.5 -26106.4 -26180.7 -26233.9 -26256 -26264.8 -26266.5 -26255.6 -26240.3 -26216.8 -26183.7 -26169.2 -26154.9 -26138.3 -26122.4 -26101.4 -26071.4 -26016.9 -25936.9 -25829.2 -25698.9 -25535.4 -25346.1 -25143.2 -24904.9 -24646.3 -24363.3 -24043.2 -23700.1 -23335.7 -22935.2 -22505.7 -22051.1 -21566.3 -21050.6 -20495.2 -19914.9 -19310.8 -18676.3 -18005.9 -17314.7 -16587.2 -15829.6 -15042.2 -14235.9 -13405.1 -12543.8 -11659.3 -10758.8 -9838.45 -8907.3 -7962.81 -6997.05 -6009.96 -5006.91 -3987.62 -2952.02 -1907.55 -856.466 199 
100 -948.498 -1991.03 -3029.68 -4061.61 -5085.24 -6093.93 -7089.31 -8063.33 -9026.91 -9965.88 -10881.9 -11778.1 -12644.4 -13487.3 -14303.7 -15093.1 -15854.2 -16591.2 -17310 -18008.3 -18687.2 -19356.9 -20005.9 -20611.5 -21180 -21727 -22242.9 -22722.9 -23169.2 -23575.9 -23949.8 -24297.2 -24606.8 -24892.6 -25149.8 -25378.6 -25584.4 -25766.6 -25919.6 -26050.1 -26145.8 -26219.7 -26259.8 -26273.7 -26270 -26250 -26226.9 -26214 -26202.6 -26190.5 -26186.9 -26185.6 -26178.3 -26171.6 -26148.9 -26116.1 -26067.3 -25995.4 -25896.3 -25768.3 -25611.4 -25417.9 -25200.7 -24956.4 -24673.7 -24360.3 -24023.9 -23678.1 -23316.3 -22937.6 -22525.8 -22064.6 -21571.3 -21055.3 -20513.7 -19945.4 -19342.6 -18710.3 -18046.3 -17346.6 -16620.5 -15867.4 -15088.4 -14277 -13446.7 -12595.8 -11723.5 -10833.6 -9922.44 -8984.37 -8026.26 -7048.64 -6042.06 -5017.23 -3983.21 -2946.11 -1903.04 -854.36 199 
100 -950.749 -1994.35 -3033.19 -4063.58 -5089.49 -6103.18 -7096.99 -8066.93 -9011.64 -9936.98 -10854.1 -11758.2 -12640.2 -13476.3 -14290.3 -15081.6 -15845.7 -16590.4 -17311.3 -18008.3 -18680.7 -19328.2 -19939.8 -20519.7 -21071.8 -21601.2 -22109.7 -22595.5 -23055 -23480.7 -23868.2 -24216.7 -24540 -24835.5 -25095.9 -25330.3 -25537.4 -25721.5 -25878.1 -26005.4 -26104.7 -26179.5 -26233.8 -26255 -26262.4 -26264 -26256.8 -26249.1 -26226.3 -26195.6 -26180.2 -26168.1 -26150.5 -26135 -26110.4 -26073.5 -26015.2 -25932.4 -25822.3 -25690.2 -25525.6 -25337.2 -25137 -24902.2 -24646.5 -24362.8 -24042.2 -23699.9 -23336.2 -22936.8 -22508.8 -22058.4 -21578.6 -21064.5 -20509.3 -19927.8 -19323.9 -18692.8 -18018.3 -17318.3 -16586.8 -15825.2 -15040.9 -14237.3 -13409.9 -12555.2 -11677 -10777.9 -9859.76 -8922.95 -7971.75 -7004 -6016.82 -5016.49 -3996.63 -2959.54 -1909.54 -855.851 199 
100 -948.725 -1992.54 -3031.65 -4063.67 -5088.17 -6097.63 -7092.77 -8067.7 -9030.58 -9966.81 -10878.6 -11772.6 -12636.5 -13478.7 -14293.1 -15083.5 -15845.1 -16583.4 -17302.2 -17999.1 -18678.4 -19348.1 -19994.6 -20601.5 -21172.3 -21717.1 -22232.4 -22716.6 -23162.1 -23570.7 -23944.6 -24293.9 -24608.5 -24898.1 -25153.9 -25380.2 -25583.3 -25762 -25912.2 -26038.5 -26128.7 -26200.3 -26239.8 -26253.4 -26245 -26224.4 -26202.3 -26188.1 -26177.9 -26171.9 -26171.4 -26169.2 -26162.4 -26160.4 -26139.9 -26108.5 -26064.8 -25998.2 -25909.1 -25793.1 -25638.2 -25446.7 -25230.7 -24985.7 -24702.8 -24388.1 -24055.9 -23716.1 -23361.7 -22985.8 -22573.6 -22111.1 -21614.8 -21094 -20546.7 -19976.6 -19372 -18735.1 -18069.4 -17365.3 -16635.5 -15879.7 -15099.2 -14288.7 -13456.7 -12602.7 -11729.3 -10835.5 -9920.65 -8981.43 -8023.81 -7047.18 -6040.69 -5015.36 -3982.17 -2945.42 -1902.86 -854.428 199 
100 -951.547 -1997.34 -3040.58 -4075.74 -5105.15 -6118.79 -7111.71 -8086.56 -9039.68 -9970.37 -10886.3 -11792 -12678.5 -13515.2 -14330.1 -15118.4 -15875.8 -16617.2 -17333.9 -18029.6 -18701.1 -19349.8 -19964.7 -20551.5 -21105.6 -21638.3 -22145 -22627.9 -23083.9 -23507 -23893 -24239.2 -24562.2 -24855.1 -25110.2 -25341.9 -25546.3 -25727.1 -25884.4 -26012.1 -26114.5 -26189 -26240.7 -26264.7 -26271.4 -26270 -26263.4 -26258.4 -26234.1 -26201.5 -26186 -26172.2 -26152.3 -26138.5 -26115.1 -26082 -26023.3 -25937.3 -25825 -25689.2 -25525 -25338.8 -25137 -24901.7 -24647.1 -24359.7 -24037.3 -23693.3 -23328.2 -22929.1 -22501.4 -22049.3 -21570.2 -21057.5 -20506.4 -19925.3 -19322.2 -18689.7 -18015.1 -17310.6 -16577.1 -15814.8 -15031.5 -14226.3 -13393.2 -12537.8 -11658.9 -10756.8 -9839.98 -8903.41 -7950.73 -6982.27 -5997.75 -5000.73 -3983.73 -2952.73 -1907.18 -856.645 199 
100 -954.7 -2005.32 -3050.33 -4088.69 -5118.82 -6135.09 -7136.23 -8116.93 -9084.09 -10024 -10935.9 -11828.5 -12692.1 -13533.7 -14345.9 -15137.5 -15899.7 -16639.8 -17358.6 -18053.8 -18732.7 -19400.3 -20043.4 -20645.7 -21215.1 -21758.4 -22274.1 -22754.6 -23200.5 -23610.9 -23984.9 -24332.9 -24652.6 -24943.3 -25197.9 -25425.1 -25627.6 -25807.2 -25957.3 -26080.3 -26172.5 -26243.6 -26282.1 -26287.8 -26271.2 -26250.1 -26229 -26214 -26202.7 -26195.3 -26192.6 -26188 -26185.4 -26184.2 -26164.4 -26132.2 -26088.2 -26022.7 -25933.2 -25818.8 -25664.7 -25478 -25263.3 -25017.9 -24742.8 -24437.6 -24113.5 -23771.7 -23417 -23038.4 -22626.9 -22164.4 -21668.6 -21150 -20599.8 -20021.6 -19407.8 -18767.1 -18093.4 -17384.3 -16649.3 -15887.9 -15103.2 -14293.4 -13461.3 -12605.6 -11727.9 -10834.3 -9919.03 -8980.17 -8023.42 -7047.19 -6040.05 -5015.38 -3982.44 -2945.7 -1903.17 -855.01 199 
100 -950.797 -1997.12 -3039.05 -4071.12 -5097.08 -6111.05 -7103.09 -8084.15 -9044.64 -9981.06 -10902.7 -11812.2 -12695.8 -13530.5 -14344.4 -15133.6 -15892.6 -16634.2 -17348.9 -18045.9 -18718.5 -19370.5 -19984.7 -20573.5 -21133.5 -21668.2 -22170.5 -22648.3 -23104.8 -23528.5 -23914.5 -24260.8 -24584.3 -24876.6 -25132.2 -25364.1 -25568.5 -25749.4 -25908.2 -26032.8 -26136 -26209.9 -26260.7 -26286.8 -26289.6 -26283 -26275.2 -26272.7 -26252 -26217.8 -26201.3 -26185.1 -26165.5 -26150.5 -26127 -26097.7 -26043.6 -25960.2 -25847.1 -25709.3 -25548.6 -25363.4 -25160.4 -24925.3 -24673.7 -24382.2 -24059.7 -23714.6 -23349.6 -22952.3 -22524.3 -22070.2 -21593.6 -21083.3 -20538.9 -19959.3 -19356.1 -18724 -18054.3 -17350.5 -16613.8 -15850.6 -15066.7 -14262.3 -13423.9 -12569.8 -11688.5 -10783.2 -9864.27 -8927.94 -7972.08 -7000.85 -6014.16 -5014.53 -3994.13 -2960.87 -1912.34 -859.228 199 
100 -952.53 -2003.59 -3051.58 -4088.66 -5116.01 -6129.79 -7129.64 -8108.48 -9076.51 -10019.3 -10934.8 -11827.7 -12692.3 -13532.9 -14345 -15134.7 -15896.2 -16637.3 -17355.1 -18048.9 -18728.5 -19394.4 -20039.2 -20638.6 -21206.7 -21745.2 -22254.3 -22729.6 -23176.3 -23586.7 -23963.4 -24314.7 -24637.1 -24930.6 -25183.7 -25411.1 -25606.9 -25780.5 -25927.9 -26046.9 -26136.7 -26206 -26244.7 -26252.1 -26237.3 -26219 -26199.9 -26182 -26170.6 -26162.2 -26158.1 -26151.1 -26152.9 -26150.4 -26129.8 -26095 -26050.9 -25986.7 -25896.8 -25780.4 -25627.1 -25442.6 -25228.4 -24984 -24711.9 -24412.9 -24095.4 -23757.4 -23403.2 -23024.4 -22613 -22149.9 -21654.6 -21137.4 -20585.1 -20003.5 -19388.4 -18747.8 -18072.1 -17366.3 -16634.4 -15877.4 -15096.3 -14289.8 -13458.1 -12597.6 -11718.6 -10825.7 -9909.33 -8969.14 -8013.51 -7038.36 -6035.42 -5015.67 -3986.32 -2952.6 -1909.11 -858.649 199 
100 -951.569 -1999.26 -3041.68 -4074.53 -5100.57 -6115.03 -7108.1 -8090.29 -9054.11 -9994.52 -10916.8 -11825.8 -12707.7 -13544.3 -14356.9 -15141.9 -15898.5 -16639.8 -17354 -18052.7 -18726.2 -19378.9 -19995.7 -20584.5 -21144.8 -21680.2 -22185.7 -22664.7 -23121.8 -23549.6 -23937.1 -24287.7 -24615 -24908.5 -25165.1 -25397 -25599.1 -25778.1 -25939.5 -26066.8 -26174 -26251.2 -26304.9 -26337.2 -26339.9 -26331.9 -26326.9 -26334.4 -26320.5 -26290 -26279.7 -26266.3 -26248.3 -26231.2 -26206.9 -26178.5 -26122.2 -26032.3 -25913.2 -25773 -25608.3 -25417.6 -25206.1 -24966 -24707.8 -24417.6 -24094.6 -23746.8 -23379.4 -22981.5 -22550.2 -22092.5 -21614.2 -21104.5 -20557.7 -19976.5 -19369.6 -18736.3 -18068.8 -17363.3 -16623 -15860.2 -15077.3 -14276.1 -13439.5 -12586.7 -11706.8 -10801.6 -9883.24 -8946.1 -7989.39 -7016.37 -6027.67 -5024.05 -4002.09 -2966.12 -1915.92 -861.091 199 
100 -953.615 -2005.81 -3054.97 -4093.82 -5122.55 -6136.79 -7139.35 -8119.54 -9088.57 -10032.3 -10948.7 -11845.9 -12716.6 -13565.1 -14383.1 -15175.7 -15940.5 -16684.3 -17402.7 -18097.1 -18777.5 -19442.3 -20089.3 -20693.4 -21265.1 -21802.6 -22311.4 -22788.6 -23241.1 -23653.4 -24030.7 -24378.1 -24697.4 -24989.3 -25239.8 -25467.1 -25662.2 -25835.6 -25987.1 -26109.2 -26202 -26272.8 -26312 -26316.9 -26300.3 -26280.8 -26262.3 -26249.9 -26244.1 -26242.7 -26245.8 -26242.4 -26251.8 -26251.8 -26232.9 -26199.4 -26153.7 -26081.4 -25980.9 -25848.7 -25685.2 -25493.9 -25279.4 -25037.4 -24767.9 -24472.9 -24155.9 -23817.5 -23459.1 -23076.8 -22659.1 -22194.4 -21697.3 -21179.4 -20629 -20044.3 -19424.6 -18781.1 -18098.2 -17388.4 -16656.4 -15895.6 -15114.6 -14306.6 -13473.1 -12608.9 -11727 -10830.8 -9913.53 -8971.87 -8015.05 -7037.08 -6033.72 -5015.1 -3986.82 -2954.34 -1911.25 -860.891 199 
100 -951.609 -1999.95 -3042.06 -4075.18 -5100.55 -6112.3 -7106.87 -8089.61 -9054.14 -9995.21 -10914.8 -11817.4 -12687.6 -13519.1 -14324.4 -15101.7 -15852.9 -16592.1 -17304.6 -18004.9 -18678.6 -19330.7 -19950.2 -20541.6 -21106.7 -21648.5 -22163 -22646.7 -23103.4 -23528.3 -23910.8 -24260.5 -24586.5 -24878 -25136.5 -25369.3 -25575.3 -25757 -25917.1 -26045.6 -26152 -26231.7 -26286.4 -26319.2 -26323.3 -26313.3 -26304.7 -26310.9 -26297 -26268.8 -26258.7 -26242.8 -26227.2 -26210.1 -26185.6 -26156.7 -26101.1 -26008.5 -25888.5 -25750.6 -25584.2 -25391.7 -25179.2 -24940.5 -24679.1 -24386.8 -24058.5 -23705.9 -23335.1 -22935.7 -22505.7 -22051.4 -21577.7 -21073.4 -20530.3 -19953.1 -19344.6 -18714.1 -18049.2 -17344.9 -16612.4 -15857 -15079.8 -14275.7 -13439.3 -12582.8 -11700.7 -10792.7 -9871.17 -8932.75 -7973.88 -7003.09 -6018.45 -5014.89 -3995.76 -2961.62 -1915.18 -860.86 199 
100 -953.654 -2005.9 -3055.07 -4094.25 -5123.51 -6137.69 -7141.19 -8121.55 -9090.72 -10031.2 -10945.7 -11843.7 -12716.7 -13569.5 -14395.6 -15193.1 -15959.6 -16705.1 -17423.5 -18115.6 -18790.7 -19454.4 -20102.2 -20716.3 -21300.1 -21846.1 -22355.9 -22834.3 -23287.2 -23700.9 -24080.2 -24426.8 -24747.4 -25039.2 -25292.6 -25522 -25719.4 -25894.5 -26046.5 -26171.6 -26271 -26345.7 -26391 -26397.8 -26381.8 -26364 -26344.5 -26335.9 -26331.4 -26328.7 -26331.3 -26328.2 -26340.7 -26342.3 -26324.9 -26291.8 -26244.2 -26167.5 -26068.1 -25937.4 -25775.7 -25587.8 -25373.6 -25131.5 -24861.9 -24567.7 -24252.2 -23913.8 -23554.4 -23171.7 -22751.9 -22287.7 -21787.7 -21268.4 -20720.6 -20137.9 -19519 -18872.7 -18186.4 -17477.9 -16745 -15981.4 -15199.9 -14390.5 -13548.5 -12674.6 -11782.8 -10879.8 -9962.43 -9015.13 -8051.35 -7066.96 -6059.1 -5035.08 -4001.82 -2963.89 -1918.28 -864.476 199 
100 -952.157 -2001.66 -3044.12 -4078.04 -5102.63 -6113.92 -7106.58 -8087.63 -9051.35 -9991.41 -10909.6 -11810.9 -12680.3 -13517.2 -14325.2 -15102 -15855.1 -16592.4 -17306.1 -18003.7 -18677.9 -19330.1 -19950.4 -20542.5 -21111.5 -21656.9 -22177 -22665.4 -23124.4 -23551.4 -23934.9 -24287 -24611.1 -24900.4 -25160 -25394.4 -25604.9 -25787.5 -25947.9 -26078 -26185.6 -26266.1 -26321.6 -26354.4 -26358.9 -26349.4 -26342.9 -26352.1 -26342.2 -26320.4 -26317 -26306 -26298.3 -26290.8 -26274 -26249.6 -26198.5 -26109.7 -25995 -25862.9 -25690.5 -25491.7 -25271.4 -25031.8 -24767.2 -24473.1 -24142 -23790.6 -23418.1 -23020.8 -22592.3 -22142.6 -21673.9 -21166.1 -20617.6 -20033.6 -19421.4 -18787.6 -18122.9 -17414.4 -16675.5 -15915.9 -15133.3 -14323.7 -13484.7 -12622.3 -11737.6 -10830.6 -9908.53 -8971.16 -8010.56 -7035.44 -6044.99 -5035.16 -4010.63 -2970.17 -1919.81 -863.14 199 
100 -953.764 -2006.1 -3055.32 -4094.88 -5124.63 -6140.87 -7144.75 -8125.62 -9091.46 -10030 -10945.4 -11844.5 -12717.3 -13564.7 -14390.9 -15183.9 -15949.2 -16695.8 -17414.6 -18106.7 -18781.3 -19444.4 -20091.6 -20705.5 -21286.5 -21826.6 -22331.1 -22811.6 -23263.7 -23678.2 -24059.1 -24409 -24732.1 -25026.9 -25285 -25512.6 -25707.1 -25878.8 -26028 -26151.9 -26252.6 -26329.3 -26378.6 -26388.4 -26376 -26358.8 -26340.5 -26333.6 -26325.5 -26318.5 -26318.3 -26314.8 -26331.1 -26336.2 -26324 -26288.6 -26238.5 -26155.2 -26050.1 -25915.2 -25746.8 -25556.1 -25340.4 -25100 -24835 -24544.8 -24229.6 -23889.3 -23530.9 -23144.7 -22724.6 -22265.3 -21777.8 -21263.5 -20716.8 -20137.4 -19522.3 -18876.9 -18191.6 -17484.7 -16751.8 -15987.2 -15204.5 -14395.7 -13553.9 -12679.8 -11784.2 -10876.2 -9957.12 -9011.16 -8050.67 -7068.58 -6062.18 -5037.28 -4002.07 -2961.94 -1917.61 -862.958 199 
100 -955.489 -2008.93 -3054.67 -4092.7 -5121.97 -6139.79 -7139.43 -8124.98 -9092.75 -10034.6 -10959.4 -11864.1 -12734.1 -13578.9 -14392.8 -15174.2 -15937.2 -16678.4 -17399.9 -18102.7 -18784.9 -19443.5 -20068.9 -20666.7 -21237.7 -21787.5 -22311.7 -22804.9 -23267.3 -23695.1 -24079.7 -24427.4 -24744.8 -25026.8 -25282.7 -25516.3 -25727.6 -25907.2 -26066.5 -26199.3 -26305.1 -26384.4 -26438.5 -26466.6 -26470.3 -26461.5 -26455 -26462.7 -26453.7 -26436.5 -26432 -26416.3 -26406.5 -26396.7 -26377.6 -26352.9 -26301.6 -26210.7 -26093.7 -25959.1 -25784.7 -25584.5 -25358 -25115.3 -24848.3 -24554.7 -24224.2 -23871.1 -23494.2 -23096 -22666 -22214.7 -21744.3 -21228.2 -20671.9 -20084 -19471.3 -18834.2 -18162.9 -17455.3 -16717.5 -15954.2 -15169 -14356.8 -13518.7 -12656.4 -11769.8 -10862.5 -9938.62 -8994.25 -8030.55 -7052.61 -6058.34 -5044.78 -4017.71 -2976.92 -1924.98 -865.66 199 
100 -961.268 -2019.67 -3074.44 -4117.66 -5152.16 -6172.75 -7180.87 -8166.99 -9137.67 -10079 -10995.9 -11894.6 -12770.6 -13618.7 -14444.6 -15235.6 -15999 -16743.2 -17459.6 -18148.8 -18821.4 -19482.1 -20130 -20747.7 -21330.3 -21871.8 -22381.9 -22866.4 -23317 -23729.9 -24107.9 -24452.7 -24775.7 -25069.4 -25327.6 -25552 -25745.7 -25920.3 -26070.5 -26196 -26298.7 -26376.3 -26426.6 -26434.8 -26422.6 -26405 -26390.1 -26383.5 -26374.8 -26369.1 -26368.9 -26367.2 -26384.6 -26392 -26383.3 -26350.2 -26298.9 -26214.4 -26106.9 -25972.2 -25800.3 -25609.1 -25392.8 -25150.3 -24882.8 -24592.2 -24275 -23932.8 -23572.7 -23187.2 -22767.8 -22306.3 -21819.1 -21303 -20755.7 -20175.8 -19561.7 -18917.7 -18239.2 -17528.3 -16784.5 -16015.9 -15230 -14415.4 -13570 -12694 -11796.5 -10890.6 -9971.4 -9022.95 -8059.22 -7074.73 -6069.61 -5046.55 -4011.72 -2969.78 -1924.51 -866.856 199 
100 -958.439 -2014.98 -3065.2 -4105.5 -5129.44 -6143.81 -7140.44 -8122.44 -9084.31 -10021.6 -10945.4 -11845.6 -12713.7 -13559.3 -14374.4 -15155 -15917.8 -16656.9 -17380.6 -18085.2 -18771.9 -19431.4 -20055.9 -20647.4 -21213.5 -21766.2 -22293.4 -22786.5 -23248.9 -23672.4 -24053.9 -24398.3 -24714 -24996 -25252.4 -25485.8 -25693.9 -25876 -26038.4 -26172.4 -26281.3 -26362.5 -26418 -26445.9 -26449.5 -26444.2 -26435.7 -26440.8 -26431 -26418.6 -26413.4 -26400.2 -26390.9 -26380.7 -26362.3 -26341.3 -26291.6 -26206.2 -26092.1 -25958.3 -25782.8 -25582.4 -25355.3 -25110.1 -24840 -24542.7 -24211.7 -23855.3 -23477.5 -23081.3 -22652 -22201.3 -21730.8 -21214.3 -20656 -20066.4 -19457 -18824.4 -18153.4 -17446.1 -16705.6 -15940 -15153.6 -14341.9 -13508 -12649.6 -11763.4 -10856.1 -9930.17 -8985.45 -8026.09 -7047.47 -6051.76 -5039.18 -4014.64 -2976.46 -1925.03 -865.741 199 
100 -968.66 -2033.49 -3092.8 -4139.74 -5179.76 -6205.13 -7216.63 -8204.97 -9178.26 -10122.8 -11046 -11948.1 -12830.8 -13679.8 -14499.2 -15290.9 -16054.8 -16795.4 -17516.9 -18211.9 -18886.1 -19544 -20191.5 -20811.1 -21394.6 -21933 -22442.5 -22926.1 -23372.1 -23784.5 -24163.3 -24509.8 -24833.5 -25128.5 -25388.6 -25615.1 -25810.7 -25985.8 -26132.6 -26256.5 -26361.4 -26437.3 -26486.4 -26496.8 -26483 -26462.1 -26443.9 -26437.3 -26429 -26420.5 -26416.5 -26413.3 -26429 -26434.4 -26424.5 -26387.9 -26335.8 -26250.4 -26141.6 -26006.7 -25833.9 -25644.2 -25426.1 -25178.7 -24905.6 -24610.5 -24287.1 -23945.1 -23585.2 -23200.9 -22777 -22315.9 -21830.5 -21315.1 -20771.4 -20194.1 -19578.1 -18930 -18249 -17538.8 -16796.7 -16030.6 -15245.7 -14431.3 -13583.4 -12704.5 -11805.5 -10898.7 -9979.32 -9028.45 -8064.58 -7077.07 -6077.56 -5055.3 -4023.16 -2980.89 -1933.64 -871.151 199 
100 -968.713 -2035.32 -3095.64 -4145.79 -5176.97 -6195.41 -7195.45 -8178.78 -9147.3 -10093.1 -11027 -11930.6 -12799.3 -13646.4 -14461.2 -15243.1 -16005.4 -16745.4 -17472.4 -18181.5 -18873 -19531.5 -20154.7 -20745.8 -21312.8 -21867.4 -22396.4 -22890.8 -23352.3 -23774.2 -24154.5 -24501.2 -24816.1 -25097.1 -25352.3 -25587.4 -25797.1 -25983 -26148.3 -26282.1 -26392.3 -26472.1 -26526.4 -26555.7 -26560.8 -26556.5 -26549 -26553 -26542.9 -26532.1 -26527.6 -26514.4 -26507.6 -26500.4 -26482.9 -26463.8 -26414.7 -26328.5 -26213 -26073.7 -25898.2 -25695.6 -25465.9 -25216.8 -24947.8 -24647.5 -24317.9 -23963.6 -23585.2 -23189.5 -22760.3 -22308.4 -21835.5 -21320.3 -20760 -20168 -19556.2 -18917.9 -18239.9 -17527.6 -16783 -16016.7 -15227.6 -14416.3 -13580.7 -12722.3 -11834.2 -10926.9 -9998.74 -9046.04 -8078.64 -7088.1 -6080.61 -5060.25 -4031.18 -2989.94 -1934.54 -870.282 199 
100 -973.488 -2041.14 -3102.17 -4150.62 -5192.94 -6221.14 -7233.46 -8223.12 -9196.11 -10144.9 -11070.1 -11972.9 -12859.2 -13710.8 -14532.4 -15326.8 -16097.3 -16842.8 -17573.3 -18277.6 -18952.2 -19610.8 -20260.4 -20883.3 -21469.8 -22011.8 -22525 -23010.6 -23456.9 -23872.7 -24255.1 -24604.5 -24929.4 -25226.7 -25488.5 -25718.5 -25917 -26091 -26236.6 -26358.9 -26463 -26539.3 -26587.1 -26599.6 -26586.6 -26566.7 -26544.6 -26536.5 -26530.7 -26524.6 -26521.1 -26514.5 -26525.4 -26530.6 -26523.1 -26487.1 -26431.4 -26345.7 -26233 -26097.3 -25923.7 -25734.9 -25514.4 -25261.2 -24981.9 -24681.9 -24357.8 -24013.4 -23648 -23255.2 -22833.8 -22373.2 -21886.2 -21371 -20826.8 -20245.1 -19628.1 -18979.7 -18297.7 -17586.9 -16844.3 -16077.3 -15291.4 -14478.5 -13629.5 -12749.2 -11846.1 -10934.1 -10015.4 -9063.76 -8098.64 -7108.94 -6103.3 -5074.64 -4036.2 -2989.58 -1937.56 -872.167 199 
100 -971.221 -2040.03 -3102.69 -4154.5 -5189.77 -6213.34 -7217.94 -8203.37 -9173.01 -10122.7 -11057.9 -11961.7 -12833.3 -13680.4 -14495 -15280.3 -16045.9 -16790.4 -17524.5 -18236.9 -18930.7 -19592.2 -20217.1 -20806.4 -21372.8 -21927.7 -22452.7 -22945.3 -23407.2 -23832.4 -24217.5 -24569.8 -24885.7 -25172.4 -25429.4 -25663.6 -25871.3 -26058.9 -26223.5 -26356.6 -26466.3 -26546.8 -26605.3 -26638.3 -26645.6 -26640.3 -26634.5 -26636.8 -26626.9 -26615.8 -26612.3 -26599.6 -26596.6 -26590.8 -26572.6 -26553.5 -26500.9 -26414.7 -26298.3 -26154.9 -25976.8 -25772.9 -25545 -25293.5 -25026.1 -24724.1 -24395.9 -24039.9 -23656.4 -23254.1 -22824.3 -22370.9 -21895.2 -21373.7 -20808.3 -20212.9 -19598.9 -18956.2 -18279.2 -17572.2 -16831.3 -16065.8 -15276.2 -14463.4 -13621.8 -12757.1 -11864.8 -10953.9 -10020.7 -9067.08 -8097.65 -7104.26 -6094.03 -5071.65 -4040.61 -2998.58 -1942.37 -873.924 199 
100 -977.811 -2046.84 -3111.92 -4164.48 -5208.59 -6237.2 -7250.29 -8244.6 -9221.4 -10175.7 -11106.8 -12010.1 -12897.2 -13751.8 -14580.8 -15383 -16160.5 -16906.8 -17641.5 -18351.2 -19025.3 -19684.5 -20335.6 -20961 -21550.1 -22093 -22606.9 -23090.9 -23536.2 -23952.7 -24334.6 -24683.6 -25002.2 -25293.2 -25549.4 -25781.7 -25982.9 -26158 -26305.5 -26429.5 -26533.7 -26610 -26657.1 -26665.7 -26651.9 -26635.8 -26614.9 -26605.2 -26601 -26597.8 -26598.9 -26592 -26600 -26601.1 -26594.6 -26561 -26502.5 -26416.3 -26307.3 -26175 -26004.7 -25815.9 -25598.7 -25349.2 -25077.8 -24783.9 -24462 -24114.2 -23746.9 -23351.4 -22930.2 -22470.2 -21977.3 -21460.1 -20918.6 -20334.7 -19716.8 -19064.9 -18374.8 -17657.6 -16910.8 -16138.7 -15347.3 -14531.6 -13680 -12798.8 -11895.1 -10977.8 -10055.2 -9101.31 -8129.89 -7135.23 -6125.36 -5094.4 -4052.2 -3001.61 -1944.41 -874.89 199 
100 -975.221 -2047.53 -3114.43 -4176.46 -5225.76 -6259.22 -7272.99 -8266.19 -9240.41 -10195.8 -11134.6 -12040.2 -12919.2 -13770 -14592.3 -15385.6 -16154.1 -16903.5 -17643.3 -18360 -19057.1 -19723.9 -20356.4 -20949.4 -21519.4 -22077.6 -22605.1 -23097.6 -23560.9 -23986.6 -24371.4 -24722.2 -25039 -25330.5 -25592.8 -25826.7 -26031.6 -26218.4 -26380.4 -26516.9 -26629.1 -26713.5 -26775.4 -26808.3 -26819.5 -26816.5 -26814.1 -26817.8 -26808.7 -26798.9 -26796.9 -26787 -26783.9 -26775.4 -26759.5 -26739.4 -26685 -26599.8 -26482.6 -26335.3 -26157.4 -25953.4 -25725 -25468.5 -25195.1 -24886.8 -24553.5 -24190.1 -23800.2 -23391.1 -22958.2 -22496.1 -22011.3 -21482.4 -20913.1 -20313.3 -19690.4 -19039.2 -18354.6 -17643.7 -16903.8 -16138 -15350.8 -14542.3 -13702.8 -12837.5 -11940.2 -11023.1 -10082 -9122.67 -8146.74 -7146.32 -6126.92 -5097.52 -4060.26 -3012.52 -1953.35 -879.092 199 
100 -975.104 -2039.55 -3098.92 -4146.26 -5187.18 -6214.71 -7228.72 -8223.65 -9197.91 -10155 -11088.9 -11997.2 -12887.8 -13743.9 -14576 -15382.4 -16162.3 -16907.5 -17640.4 -18350.5 -19026.5 -19686.2 -20338 -20965.7 -21553.1 -22097.1 -22613.6 -23097.8 -23546.3 -23967.1 -24351.6 -24701.7 -25023.7 -25319.7 -25578.6 -25813.8 -26019.2 -26199.4 -26351.8 -26481.5 -26589.7 -26668.1 -26713.8 -26720.4 -26707.9 -26697.1 -26679.4 -26671.8 -26671.4 -26674.1 -26679.7 -26679.5 -26692.6 -26695.4 -26691.6 -26661.2 -26601.9 -26516.1 -26406.7 -26274 -26105.9 -25919.1 -25703.8 -25448.7 -25174 -24876.1 -24549.4 -24197.2 -23823.3 -23422.3 -22995.7 -22536.5 -22040.4 -21521.4 -20979.4 -20394.6 -19779.3 -19125.6 -18437 -17717.3 -16968.2 -16192.8 -15400.4 -14586.5 -13733.8 -12854.1 -11951.4 -11033.6 -10107.6 -9153.18 -8179.91 -7181.63 -6166.71 -5130.79 -4080.81 -3022.62 -1956.01 -879.416 199 
100 -973.084 -2042.73 -3107.18 -4166.72 -5215.88 -6246.46 -7258.56 -8255.08 -9231.12 -10194.1 -11136.6 -12040 -12921.1 -13772.2 -14596.1 -15391.5 -16158.6 -16910.9 -17655.9 -18375.3 -19069.3 -19733.9 -20366.5 -20961.8 -21536.8 -22091 -22615 -23103.9 -23565.4 -23989.3 -24372.3 -24720.1 -25038.6 -25330.9 -25594.4 -25828.3 -26033.2 -26218 -26378.2 -26513.6 -26623.1 -26707.5 -26768.3 -26801.2 -26810.6 -26809.6 -26811.2 -26817.2 -26813 -26805.1 -26801.3 -26793.1 -26794.2 -26787.7 -26774.7 -26754 -26699.4 -26614.9 -26497.7 -26355.1 -26182.6 -25984.5 -25759.6 -25505.3 -25229.5 -24921.4 -24587.8 -24223.2 -23830.8 -23418.8 -22984.8 -22519.8 -22029.5 -21495.3 -20925.9 -20325.8 -19702.9 -19053 -18369.7 -17660.7 -16924.6 -16160.6 -15372.8 -14564.1 -13726.3 -12860.5 -11963.7 -11045.8 -10103.7 -9143.63 -8166.81 -7163.87 -6144.6 -5113.77 -4072.01 -3020.92 -1958.46 -881.726 199 
100 -977.455 -2046.12 -3110.71 -4164.4 -5207.64 -6235.07 -7249.85 -8247.03 -9222.85 -10183.1 -11125.6 -12039.2 -12929.3 -13788 -14623.2 -15429.9 -16209.1 -16961.2 -17699.5 -18409.9 -19085.5 -19745.4 -20397.5 -21028.8 -21616.2 -22165.4 -22685.3 -23174.1 -23631.6 -24066.1 -24460.3 -24818.7 -25152 -25456.1 -25713.8 -25948.8 -26153.5 -26339 -26498.4 -26636 -26748.4 -26828.2 -26873.7 -26886.4 -26878.2 -26872.1 -26853.2 -26842.8 -26841.5 -26846.1 -26853.5 -26854.6 -26861.8 -26856.7 -26847.9 -26815.7 -26756.2 -26664.7 -26547.7 -26407.2 -26235.7 -26046.7 -25827.4 -25567.7 -25286.9 -24985 -24648.4 -24294.8 -23917.1 -23514.2 -23085.4 -22629.6 -22137 -21618.5 -21071.7 -20485.4 -19864.9 -19200.5 -18506.2 -17781 -17028.5 -16250 -15453.2 -14634.4 -13776.8 -12891.6 -11987.6 -11068.1 -10138.4 -9182.37 -8204.57 -7202.71 -6182.15 -5143.49 -4091.69 -3030.91 -1960.58 -881.769 199 
100 -978.448 -2056.08 -3128.67 -4197.63 -5257.13 -6293.47 -7312.78 -8317.16 -9296.65 -10261.5 -11205.2 -12114.2 -13003.1 -13866.1 -14698.7 -15504.3 -16276.8 -17033.5 -17781.5 -18502.8 -19196.1 -19864.4 -20500 -21100.5 -21682.5 -22243.9 -22772.8 -23270.5 -23741 -24174.9 -24562.1 -24915.4 -25242.1 -25542.4 -25809.5 -26048 -26257.3 -26445.1 -26606.9 -26742 -26849.7 -26932.5 -26991.8 -27023.4 -27035.4 -27036.4 -27038.6 -27043.1 -27039.5 -27032.6 -27027.7 -27019.1 -27015.3 -27002.8 -26987.6 -26961.7 -26901.8 -26815.6 -26693.3 -26546.1 -26368.4 -26165.5 -25936.1 -25679.1 -25392.7 -25078.3 -24743.3 -24378.1 -23984.2 -23570.5 -23133.7 -22665.2 -22165.9 -21625.5 -21053.7 -20452.3 -19831.3 -19180.7 -18494.2 -17776.9 -17037.2 -16269 -15473.5 -14658.5 -13811.7 -12940.4 -12040.2 -11116.2 -10165.1 -9196.33 -8209.92 -7197.55 -6172.6 -5134.91 -4084.2 -3027.96 -1961.84 -884.338 199 
100 -980.727 -2053.29 -3121.46 -4178.3 -5223.02 -6253.91 -7271.86 -8270.49 -9251.42 -10216 -11166.9 -12086.4 -12978.3 -13843 -14683.3 -15494.2 -16276.9 -17034 -17774.7 -18487.1 -19163.9 -19825.3 -20478.4 -21112.8 -21698.9 -22251 -22771.8 -23259.2 -23715.8 -24150.3 -24543.5 -24906.8 -25247.3 -25557.4 -25820.5 -26062.6 -26270 -26461.6 -26624.4 -26766.1 -26883.4 -26963.6 -27004.3 -27014.6 -27005.4 -27000.5 -26984.8 -26976.9 -26977.2 -26985.9 -26996.9 -27000.6 -27006.7 -27001.3 -26992.5 -26962.1 -26906.1 -26817.4 -26702.1 -26562.8 -26393 -26204.7 -25982.6 -25723.9 -25442.2 -25141.2 -24804.4 -24453 -24070.2 -23656.8 -23218 -22758.9 -22265.6 -21744 -21192.3 -20605.6 -19981.2 -19312.2 -18614.9 -17883.3 -17120 -16334.1 -15533 -14710.3 -13850.1 -12961 -12053.1 -11129.1 -10189.5 -9223.61 -8236.25 -7231.48 -6205.47 -5162.35 -4106.89 -3041.12 -1965.23 -885.231 199 
100 -978.53 -2057.03 -3130.6 -4200.36 -5261.06 -6300.21 -7322.36 -8329.83 -9318.85 -10292.5 -11239.8 -12154.3 -13045.2 -13909.5 -14742.1 -15551.6 -16327.7 -17087.9 -17838.1 -18563.5 -19258.7 -19929.7 -20567.1 -21170.1 -21754.6 -22318 -22849.5 -23353.9 -23830 -24264.5 -24652.5 -25006.3 -25337.9 -25644.1 -25913.7 -26154.3 -26362.6 -26549.4 -26712 -26848.6 -26959.9 -27045.6 -27108 -27142.2 -27158.7 -27161.4 -27164 -27169.2 -27168.5 -27165.5 -27162.4 -27159.4 -27158.2 -27144.8 -27126.3 -27093.5 -27028.8 -26940.9 -26819.2 -26671 -26492.9 -26292.6 -26062 -25813 -25529.4 -25216.3 -24881.7 -24517.2 -24124.9 -23710.6 -23271.9 -22801.8 -22299.5 -21755.1 -21183.7 -20578 -19949.2 -19291.1 -18595.3 -17873.3 -17129.2 -16354.9 -15553.7 -14732.3 -13880.8 -13006.4 -12103.4 -11174.4 -10220.4 -9246.1 -8253.49 -7233.99 -6204.92 -5163.75 -4105.6 -3044.06 -1971.45 -889.33 199 
100 -977.931 -2049.37 -3118.16 -4175.91 -5221.46 -6252.3 -7270.73 -8269.04 -9251.36 -10220.8 -11179.4 -12099.7 -12989.7 -13850.2 -14689 -15497.3 -16275.3 -17031.6 -17765.4 -18472.3 -19149.2 -19813.1 -20466.2 -21100.5 -21687.5 -22241.7 -22763 -23248.9 -23707.5 -24138.4 -24530.4 -24891.6 -25226 -25537.9 -25801.9 -26041.9 -26247 -26437 -26602.2 -26746.5 -26866.7 -26946.3 -26988.1 -27000.5 -26993.6 -26992.2 -26980 -26971.7 -26968.8 -26973.7 -26979.9 -26984.5 -26988.5 -26979.9 -26966.6 -26935.6 -26879.1 -26792.1 -26677.9 -26538.8 -26375.5 -26192.9 -25973.5 -25723 -25445.9 -25145.8 -24812.6 -24462.8 -24080.7 -23669.2 -23227 -22765 -22270.6 -21743.4 -21188.8 -20599.7 -19972 -19304.5 -18610.8 -17884.5 -17121.9 -16341 -15547.4 -14728.6 -13872.3 -12988.2 -12079.5 -11154.1 -10207.9 -9237.69 -8249.46 -7241.43 -6212.8 -5169.97 -4114.87 -3046.99 -1968.27 -886.187 199 
100 -978.903 -2057.81 -3132.03 -4202.16 -5263.12 -6304.62 -7327.7 -8334.43 -9319.54 -10287.4 -11229.3 -12140.3 -13029.4 -13893.4 -14729.8 -15542.2 -16319.1 -17077.2 -17823.3 -18543.6 -19239.5 -19908.3 -20544.2 -21150.2 -21739 -22306 -22837.3 -23346.2 -23821.6 -24254.2 -24642.2 -24996.4 -25331.9 -25644 -25919.7 -26163.5 -26373.5 -26559.8 -26722.1 -26859 -26970.5 -27057.9 -27119.9 -27153.6 -27172.7 -27175.4 -27177.1 -27181.9 -27183.2 -27183.8 -27184.7 -27186.1 -27183.1 -27168.3 -27150.9 -27118.2 -27053.4 -26964.7 -26843.5 -26693.5 -26515.2 -26311.4 -26075.5 -25823.6 -25535.7 -25219.8 -24884.5 -24520.8 -24127.1 -23711.3 -23274.6 -22805.4 -22299.4 -21756.1 -21185.1 -20583.7 -19958.5 -19300.2 -18602.6 -17880.5 -17139.3 -16369.4 -15569.1 -14745.1 -13891 -13011.5 -12107.4 -11176.8 -10224 -9249.2 -8254.32 -7234.72 -6206.18 -5163.94 -4105.9 -3043.06 -1969.94 -888.943 199 
100 -977.295 -2048.64 -3117.48 -4175.48 -5221.19 -6251.49 -7271.96 -8267.84 -9248.29 -10218.5 -11179.2 -12102.9 -12993.4 -13850.5 -14684.8 -15488.9 -16263.6 -17021.4 -17759 -18466.1 -19141.4 -19804.1 -20453.4 -21079.8 -21671.4 -22228.4 -22754.6 -23243.8 -23705.3 -24139 -24533.4 -24897.6 -25233.5 -25544.5 -25808.5 -26050.2 -26255.5 -26446.2 -26614.6 -26762.7 -26883 -26961 -27003.1 -27014.8 -27008.4 -27006.6 -26996.8 -26990.2 -26984.3 -26989.5 -26996.3 -27003.4 -27007.7 -26996.2 -26976.1 -26944.1 -26884.7 -26796.8 -26679.7 -26537.4 -26373.1 -26189.3 -25967.8 -25717.9 -25440.9 -25138.5 -24805.4 -24451.8 -24066.5 -23651.7 -23209.6 -22742.6 -22243.7 -21708.1 -21148.1 -20554.1 -19930.9 -19271.3 -18578.1 -17854.4 -17092.1 -16313.8 -15523.8 -14706.7 -13852.5 -12969.7 -12061.5 -11138.4 -10194.2 -9228.2 -8240.92 -7234.95 -6209.67 -5167.25 -4113.61 -3046.4 -1967.02 -884.926 199 
100 -980.047 -2060.09 -3135.81 -4207.09 -5266.86 -6308.44 -7333.17 -8340.53 -9326.42 -10295.2 -11229.5 -12136.8 -13025.9 -13886.6 -14721 -15535.1 -16315.3 -17075.2 -17819.2 -18538 -19237 -19907.5 -20548.4 -21161.4 -21752.6 -22319.9 -22850 -23357.2 -23832.1 -24261.9 -24648.2 -25000.1 -25335.6 -25647 -25922.4 -26161.9 -26370.5 -26553.5 -26713.3 -26843.9 -26951.4 -27035.8 -27096.5 -27133.2 -27155.1 -27155.3 -27154.5 -27161.4 -27165.1 -27169.9 -27170.8 -27173.5 -27168.3 -27157.4 -27142.3 -27111.8 -27055.5 -26970.1 -26856.7 -26714.6 -26540 -26338 -26104 -25854.2 -25570.1 -25254.8 -24920.1 -24558.1 -24165.5 -23754.2 -23318.6 -22850.8 -22344.8 -21802.6 -21230 -20629.5 -20002.3 -19340.9 -18642.2 -17922.9 -17180.4 -16409.7 -15609.4 -14781.3 -13925.4 -13042.4 -12133 -11199.7 -10245.4 -9267.99 -8271.49 -7252.08 -6224.45 -5178.2 -4116.73 -3048.79 -1972.95 -890.373 199 
100 -980.02 -2054.43 -3126.55 -4187.98 -5237.01 -6269.07 -7290.87 -8290.24 -9274.51 -10248.4 -11212.2 -12144.4 -13043 -13902.3 -14738.9 -15543.8 -16321.3 -17082.5 -17826.9 -18537 -19216.4 -19884.2 -20533.4 -21156 -21752.1 -22309.1 -22836.3 -23324.7 -23783 -24214.6 -24609.3 -24976.1 -25314 -25622.1 -25882.6 -26123.9 -26331.3 -26522.9 -26693.1 -26841.6 -26959.6 -27036.8 -27079.4 -27098.1 -27098.3 -27099.4 -27092.4 -27087.1 -27080.2 -27085.4 -27092.8 -27098.4 -27103.9 -27090.5 -27068.5 -27035.5 -26971 -26879.8 -26760.6 -26618.3 -26451 -26264.4 -26050 -25812.3 -25542.9 -25244.3 -24918.1 -24563.8 -24180.2 -23762.6 -23319.3 -22848.3 -22343.2 -21804.6 -21240.1 -20641.7 -20017.8 -19359.4 -18662.8 -17937 -17171.3 -16387.7 -15592.1 -14769.4 -13910.3 -13024.6 -12113.1 -11185.7 -10235.3 -9266.05 -8273.41 -7260.94 -6235.5 -5191.29 -4134.68 -3062.65 -1977.23 -889.451 199 
100 -985.77 -2071.54 -3153.37 -4230.38 -5294.83 -6342.21 -7376.11 -8388.61 -9379.82 -10352 -11288.5 -12199.3 -13091.7 -13955.6 -14795.2 -15615.8 -16401.1 -17164.9 -17906.9 -18628 -19330.2 -20004.7 -20649.2 -21268.4 -21864.2 -22429.4 -22957.9 -23462.1 -23932.2 -24356.3 -24742.7 -25094 -25426.1 -25734.2 -26009.2 -26246.5 -26452.4 -26635 -26796.1 -26927.4 -27034.4 -27120.8 -27178.4 -27214.6 -27237.9 -27237.2 -27234.4 -27242.9 -27243 -27250.2 -27250.8 -27254.7 -27247.3 -27235.9 -27216.9 -27181.5 -27122 -27035.4 -26919.3 -26776.2 -26604.9 -26408.4 -26185.3 -25944.5 -25669.1 -25356.7 -25021.9 -24660 -24267.6 -23856.2 -23417.8 -22949.1 -22438.1 -21888.4 -21308 -20702.1 -20066.3 -19398.8 -18699.5 -17976.3 -17231.1 -16458.9 -15655.4 -14820.7 -13963 -13079.2 -12164.5 -11228.1 -10271.1 -9288.38 -8286.11 -7264.58 -6236.14 -5188.83 -4128.7 -3058.57 -1978.72 -893.107 199 
100 -982.932 -2060.31 -3135.76 -4200.21 -5252.68 -6286.7 -7308 -8309.56 -9294.19 -10265 -11225.6 -12159.7 -13057.1 -13919.7 -14755.2 -15559.2 -16340.7 -17103 -17845.7 -18556 -19236.5 -19903.6 -20552.9 -21173.2 -21771.5 -22330.7 -22860.2 -23350 -23813.6 -24249.2 -24646.4 -25012.5 -25349.9 -25655.8 -25917 -26157.6 -26367.8 -26558.1 -26726.8 -26874.1 -26989.1 -27068.4 -27111.1 -27129 -27128.7 -27126 -27118.4 -27111.6 -27105.1 -27107.2 -27112.5 -27116.2 -27120 -27105 -27084 -27055.6 -26994 -26903.3 -26783.7 -26642.1 -26474.9 -26286.1 -26069.1 -25830 -25559.9 -25261.3 -24934.5 -24578.2 -24195.3 -23776.9 -23335.1 -22867.5 -22362.3 -21830.9 -21268.3 -20671.8 -20046.3 -19389.2 -18693.6 -17963 -17196 -16409.7 -15610.1 -14786.4 -13927.4 -13045.5 -12136.2 -11207.7 -10254.7 -9280.87 -8287.29 -7273.17 -6248.37 -5204.77 -4144.22 -3070.74 -1983.15 -892.503 199 
100 -986.184 -2072.37 -3154.95 -4232.34 -5296.31 -6343.68 -7377.48 -8389.79 -9381.56 -10354.6 -11295.8 -12210.5 -13104.5 -13969.1 -14808 -15627.8 -16412.9 -17175.7 -17911.2 -18629.4 -19325.2 -19997.3 -20640.1 -21256.8 -21849.8 -22409.5 -22941.3 -23446.1 -23913 -24336.3 -24722.7 -25072.8 -25402.2 -25707 -25976.9 -26211.6 -26419.1 -26603.1 -26760.8 -26889.4 -26994.2 -27079.8 -27133.9 -27171.2 -27198.4 -27196.9 -27196.1 -27207.7 -27210.7 -27220 -27225.5 -27233.5 -27226.2 -27214.5 -27194.4 -27157.2 -27098 -27011.4 -26892.8 -26747.3 -26581.6 -26395.1 -26184.1 -25950.1 -25680.7 -25373.6 -25042.8 -24687.3 -24301.4 -23893.1 -23459.2 -22993.8 -22483.6 -21936.4 -21353.7 -20751.9 -20119.4 -19451.5 -18755.8 -18029.7 -17282.5 -16505.1 -15697.9 -14857.6 -13993.4 -13105.3 -12184.9 -11246.6 -10287.3 -9300.4 -8292.87 -7268.79 -6236.08 -5185.83 -4125.06 -3053.99 -1974.15 -889.458 199 
100 -984.389 -2061.24 -3135.11 -4197.78 -5249.62 -6284.71 -7306.56 -8308.69 -9292.09 -10263.7 -11225.5 -12161.5 -13061 -13926.5 -14763.7 -15568.2 -16353.6 -17119 -17865.5 -18581.4 -19267.2 -19937.4 -20586.3 -21207.4 -21804.2 -22364.7 -22893.4 -23387 -23856.5 -24298.6 -24699.4 -25066 -25404.8 -25710.9 -25976.7 -26216.3 -26427.2 -26616.9 -26785.7 -26932.2 -27044.7 -27123.9 -27167.4 -27186.3 -27191.3 -27189.8 -27183.4 -27179.4 -27177.7 -27183.8 -27196.8 -27204.8 -27209.7 -27193.8 -27173.1 -27146.2 -27086.7 -26996.5 -26876.6 -26734 -26565.4 -26376 -26155.5 -25916 -25647.1 -25350.3 -25021.1 -24660.7 -24272.4 -23852.5 -23409.5 -22939.4 -22428.1 -21895.2 -21328.3 -20730.4 -20101.7 -19441.4 -18743.3 -18007.1 -17238.3 -16447.9 -15644 -14816.6 -13959.3 -13081.5 -12173.9 -11238.7 -10283.9 -9307.01 -8311.89 -7291.87 -6259.31 -5213.03 -4149.61 -3075.27 -1987.07 -894.71 199 
100 -987.547 -2073.11 -3154.39 -4227.41 -5287.84 -6334.15 -7368.8 -8381.75 -9375.46 -10348.4 -11287.7 -12201.6 -13096.9 -13962.7 -14801.3 -15622.4 -16412.7 -17174.8 -17913.8 -18630.9 -19324.2 -19995.3 -20637.6 -21257.7 -21849.5 -22411.6 -22950.2 -23456.4 -23920.1 -24343.4 -24733.4 -25086.3 -25417.6 -25723.8 -25997.6 -26232.2 -26441.3 -26629 -26785.6 -26918.7 -27030.9 -27120.5 -27177.9 -27217.4 -27244.3 -27241.5 -27240.6 -27253.7 -27259 -27265.8 -27268.7 -27271.3 -27261.8 -27248.2 -27226.3 -27189.7 -27136.1 -27056 -26945.2 -26805.8 -26644.6 -26462.2 -26253.7 -26020.6 -25750.2 -25446.2 -25118.2 -24762.9 -24374.9 -23963.8 -23527.1 -23057.5 -22543.4 -21998.3 -21413.2 -20810.5 -20175.4 -19507.7 -18812 -18081.9 -17326.2 -16541.8 -15727.6 -14886.7 -14019.7 -13127.9 -12206.1 -11269.3 -10309.7 -9317.66 -8306.18 -7281.07 -6245.17 -5193.2 -4132.01 -3058.18 -1976.55 -890.222 199 
100 -990.343 -2071.7 -3150.74 -4218.43 -5274.97 -6315.49 -7341.9 -8347.96 -9331.72 -10306.1 -11270 -12207.1 -13111.5 -13980.4 -14815.5 -15619.4 -16409.3 -17177.9 -17928.6 -18653.2 -19346.2 -20017.8 -20664.7 -21284.5 -21880.9 -22444.2 -22974.4 -23473.1 -23941.9 -24381.1 -24778.7 -25139.7 -25476.8 -25783.4 -26054 -26294.2 -26507.6 -26696.1 -26862.5 -27003.9 -27111.4 -27187.7 -27227.9 -27242.5 -27251.2 -27254.9 -27253.1 -27252.2 -27252.5 -27260.3 -27276.6 -27288.7 -27295.2 -27278.8 -27257.5 -27228.6 -27168.1 -27074.5 -26952.8 -26808.6 -26642.4 -26454.7 -26236.4 -25994.8 -25733.4 -25437.8 -25103.7 -24738.2 -24350.3 -23931.8 -23488.6 -23018.3 -22506.3 -21973.2 -21403.1 -20803.9 -20173.5 -19511.5 -18812.8 -18074.6 -17302.1 -16510.1 -15701.2 -14866.9 -14005.2 -13126.1 -12219.7 -11282.7 -10329 -9349.07 -8349.7 -7326.04 -6286.14 -5235.04 -4164.35 -3084.16 -1993.2 -897.099 199 
100 -994.748 -2086.97 -3175.55 -4252.76 -5321.41 -6373.67 -7410.62 -8430.14 -9433.41 -10414.2 -11363.8 -12286.7 -13188.4 -14059.7 -14905.5 -15733.4 -16531.8 -17298.6 -18044.3 -18767.2 -19466.8 -20143.3 -20791.8 -21423.6 -22026.1 -22597.8 -23147.9 -23659.9 -24124.9 -24552.7 -24948.8 -25306.3 -25642.6 -25952.3 -26228.7 -26461.7 -26669.7 -26853.6 -27008.6 -27138.4 -27248.9 -27335 -27392 -27434.2 -27461.6 -27460.7 -27461.3 -27475.4 -27484.6 -27494.9 -27505.5 -27509.6 -27498.4 -27482.3 -27459 -27420.1 -27364 -27279.6 -27164.6 -27020.7 -26854.5 -26672.5 -26464.5 -26230.1 -25957.6 -25651.8 -25325 -24968.6 -24579 -24164.6 -23725.9 -23251.2 -22733.8 -22186.4 -21598.7 -20992.6 -20355.3 -19685.3 -18982.9 -18248.8 -17487 -16695.1 -15868.8 -15017.4 -14141.2 -13242 -12312.8 -11366.8 -10400.4 -9400.09 -8383.9 -7353.86 -6306.74 -5243.39 -4169.87 -3082.54 -1991.1 -897.363 199 
100 -993.039 -2075.8 -3156.48 -4226.11 -5281.64 -6321.95 -7349.43 -8360.56 -9347.17 -10324.6 -11290.7 -12231.4 -13141.6 -14012.9 -14848.2 -15655 -16450.9 -17225.8 -17978.6 -18707.9 -19406.6 -20082.6 -20728 -21349 -21950.4 -22525.4 -23066.7 -23573.9 -24047.9 -24487.8 -24883.4 -25241.2 -25572.2 -25871.9 -26144.5 -26385 -26601.3 -26793.5 -26962.9 -27103.9 -27212 -27290 -27338.1 -27356.7 -27370.5 -27376 -27375.9 -27375.7 -27377.3 -27386.7 -27402.3 -27414.1 -27418.8 -27400.5 -27378.8 -27345.7 -27285.5 -27187.7 -27060.9 -26914.5 -26742.1 -26548.5 -26329.4 -26082.5 -25818 -25519.8 -25191.1 -24827 -24437.8 -24015.2 -23568 -23100.3 -22586.9 -22051.9 -21481.8 -20879.8 -20244.3 -19574.2 -18866.6 -18123.7 -17345.1 -16550.1 -15739.5 -14906.2 -14045.7 -13168 -12258.7 -11319.8 -10360.5 -9382.16 -8379.19 -7350.68 -6306.24 -5249.38 -4173.89 -3091.64 -1999.91 -901.249 199 
100 -996.312 -2089.85 -3179.96 -4258.01 -5325.87 -6375.31 -7408.44 -8427.08 -9430.06 -10410 -11360.6 -12286.8 -13189.6 -14062.2 -14908.9 -15735.4 -16531 -17299.6 -18046.6 -18767.7 -19469.7 -20148.6 -20798.8 -21433.4 -22038.3 -22609.6 -23158.6 -23666.1 -24131.1 -24563.7 -24962.1 -25326.2 -25668.3 -25978.3 -26249.8 -26483.5 -26694.9 -26880.3 -27040.5 -27173.4 -27286.3 -27375.2 -27438.5 -27486.9 -27519.1 -27524.9 -27530.2 -27547.6 -27558.2 -27568.7 -27583.1 -27587.6 -27577.4 -27560 -27535.5 -27494.8 -27436.4 -27351.7 -27234.3 -27086.2 -26916.3 -26725.9 -26513.8 -26272.5 -25994.3 -25684.6 -25356.2 -24998.5 -24608.5 -24191.7 -23751.4 -23272.6 -22753 -22207.4 -21627 -21018 -20378.8 -19708.3 -19005.4 -18268.8 -17503.1 -16708.5 -15877.4 -15023.7 -14146.5 -13245.6 -12317.9 -11377 -10410.9 -9413 -8394.49 -7363.37 -6315.07 -5250.35 -4175.54 -3086.55 -1993.44 -898.504 199 
100 -995.309 -2080.58 -3162.91 -4234.11 -5291.39 -6335.72 -7365.45 -8381.31 -9371.76 -10354.4 -11323.7 -12268.7 -13180 -14050.8 -14883 -15688.1 -16481.1 -17255.7 -18004.7 -18732.7 -19438.1 -20119.6 -20767.5 -21392.5 -21997.9 -22581.4 -23127.2 -23638.3 -24116.6 -24556.7 -24947.7 -25303.8 -25634.1 -25932.6 -26207.6 -26449.2 -26667.7 -26863.6 -27039.9 -27184.9 -27294.6 -27374.6 -27425.5 -27448.9 -27464.4 -27469.9 -27470.1 -27470.6 -27474.5 -27483.5 -27498.9 -27507.8 -27508.4 -27489.9 -27473.2 -27442 -27384.5 -27284.6 -27159.4 -27012.7 -26836.2 -26637.2 -26413.1 -26161.2 -25892.3 -25594.2 -25264.9 -24896 -24502.2 -24079.1 -23631.5 -23163.8 -22651.8 -22115.5 -21544.5 -20942.2 -20304.9 -19632.4 -18917.1 -18163.8 -17375.9 -16573.7 -15757.1 -14920.3 -14054.7 -13171.8 -12264.7 -11330.5 -10372.9 -9397.93 -8394.24 -7363.56 -6318.92 -5261.02 -4183.17 -3095.5 -2000.06 -902.284 199 
100 -996.562 -2090.89 -3181.66 -4259.69 -5327.3 -6377.04 -7408.57 -8428.38 -9433.19 -10413.7 -11358.2 -12282.8 -13180.4 -14049.3 -14894.1 -15718.8 -16513.5 -17284.5 -18030.7 -18751.1 -19452.3 -20132 -20784.1 -21419.8 -22023.4 -22591.5 -23135.5 -23639.3 -24109.2 -24544.6 -24945.8 -25315 -25659.1 -25967.9 -26239.7 -26473.6 -26684.5 -26870.6 -27030.8 -27161.9 -27271.6 -27355.8 -27417.3 -27466.3 -27494 -27498.5 -27498.1 -27507.7 -27515.7 -27521.8 -27533.3 -27534.6 -27523.6 -27504 -27475.8 -27432.6 -27375.2 -27295.5 -27185.7 -27049.9 -26893 -26707.8 -26501.1 -26259.7 -25979.3 -25670.1 -25343.6 -24983.7 -24596.4 -24182.1 -23744.3 -23267.4 -22748.3 -22197.8 -21614 -21002.5 -20361.3 -19692.2 -18989.8 -18253.2 -17487 -16693.9 -15867.5 -15019 -14148.1 -13249.4 -12321.4 -11380.6 -10409.7 -9411.97 -8393.01 -7361.91 -6312.16 -5248.18 -4174 -3085.35 -1992.01 -897.856 199 
100 -998.611 -2088.2 -3173.54 -4247.58 -5308.07 -6356.84 -7387.55 -8403.89 -9394.9 -10374.9 -11337.8 -12278.1 -13190 -14063.8 -14898.6 -15707.2 -16503.8 -17281.5 -18029.1 -18758.1 -19471.7 -20156 -20803 -21426.7 -22032.1 -22618.6 -23168.5 -23681.3 -24164 -24602.3 -24992 -25348.7 -25679.1 -25977.4 -26251.5 -26491.8 -26713.2 -26913.2 -27090.5 -27235.8 -27347.3 -27426.6 -27476.3 -27504.3 -27521.4 -27528.2 -27527.5 -27523.5 -27523 -27527.5 -27540 -27544.9 -27541.4 -27524.6 -27510 -27478.9 -27425 -27322.7 -27196.7 -27051.9 -26877.4 -26680.8 -26458 -26205.5 -25934.9 -25639.4 -25311 -24941.4 -24546.9 -24121.9 -23675.8 -23206 -22692 -22148.8 -21574.3 -20970.2 -20330.2 -19653.6 -18931.6 -18175.9 -17389.8 -16586.8 -15770.1 -14928.4 -14056.3 -13167.3 -12256.6 -11324.8 -10366.9 -9393.39 -8388.51 -7355.2 -6311.29 -5253.12 -4180.42 -3093.02 -1997.89 -901.236 199 
100 -999.562 -2096.21 -3184.83 -4261.87 -5328.47 -6378.02 -7407.32 -8424.87 -9429.11 -10408.9 -11352.3 -12276.8 -13170.5 -14036.9 -14881.6 -15708 -16502.8 -17274 -18018.1 -18739 -19437.1 -20114.1 -20770.1 -21406.8 -22014.8 -22588.7 -23133.6 -23638.8 -24111.1 -24542.8 -24947.8 -25323.4 -25671.6 -25986.1 -26264.1 -26501.8 -26715.4 -26902.6 -27061.4 -27191.1 -27300.3 -27383.9 -27445.9 -27492 -27516.3 -27521.4 -27521.2 -27527.2 -27534.6 -27537.2 -27548.2 -27545.6 -27531.2 -27513.5 -27486.2 -27443.2 -27386.5 -27307.4 -27198.5 -27064.7 -26910.3 -26727.6 -26521.7 -26283.4 -26003.6 -25696.6 -25370 -25010.2 -24624 -24208.4 -23762.7 -23277.8 -22756.5 -22208.7 -21630.2 -21023.1 -20383.2 -19713.7 -19012 -18279.7 -17511 -16715.4 -15886.1 -15036.5 -14167 -13268.8 -12340.2 -11397 -10425.7 -9428.38 -8408.48 -7378.82 -6329.72 -5262.04 -4183.1 -3092.44 -1995.96 -899.473 199 
100 -1000.56 -2095.39 -3185.54 -4264.86 -5330.58 -6387.23 -7426.76 -8450.35 -9448.05 -10428.6 -11394.6 -12337.8 -13250.9 -14123.4 -14961.5 -15771.8 -16566 -17338.3 -18080.8 -18804.3 -19512.8 -20192.7 -20840.6 -21467.1 -22077.6 -22669.1 -23224.3 -23738.6 -24222.4 -24661.3 -25053.6 -25410.7 -25738.8 -26036.9 -26312.7 -26557.9 -26783.1 -26985 -27159.3 -27302.4 -27414.5 -27496.8 -27550.9 -27580.7 -27601.2 -27609.9 -27608.1 -27606.3 -27606.2 -27610.7 -27625.3 -27630.2 -27621.4 -27603.3 -27586.9 -27554.4 -27502.5 -27400.9 -27278.3 -27135.8 -26960.6 -26762.5 -26534.9 -26281.1 -26003.9 -25706.1 -25374.8 -25002 -24604.6 -24177.6 -23730.4 -23257.3 -22744.7 -22203.9 -21629.5 -21021.9 -20382 -19705.1 -18978.1 -18218.1 -17427 -16622.6 -15805.7 -14961.2 -14088.9 -13197.9 -12284.6 -11350.7 -10389.7 -9411.65 -8403.91 -7367.36 -6319.87 -5259.12 -4187.04 -3097.31 -2000.22 -901.236 199 
100 -1003.44 -2105.56 -3199.2 -4281.42 -5350.46 -6402.79 -7435.4 -8458.93 -9469.74 -10451.6 -11402.6 -12330.5 -13227.3 -14095.8 -14942.1 -15768.2 -16563.1 -17337.7 -18085 -18809.3 -19508.9 -20187.4 -20845.8 -21483.1 -22093.6 -22670.2 -23209.8 -23713.1 -24184.7 -24612.3 -25018.7 -25397.6 -25748.2 -26064.1 -26344.3 -26585.2 -26801.4 -26994.2 -27158 -27292.7 -27403.3 -27488.3 -27555.6 -27602.3 -27625.2 -27632.8 -27630.9 -27636.6 -27647.7 -27652.4 -27666.4 -27668.7 -27659.1 -27645.3 -27620.4 -27578.3 -27518.8 -27437.5 -27330.7 -27200.9 -27047.1 -26863.6 -26654.8 -26416.4 -26133.3 -25823.6 -25491.1 -25128.9 -24738.4 -24316.9 -23863 -23369.4 -22846 -22299 -21718.5 -21109.9 -20466.4 -19791 -19084 -18348.1 -17573.9 -16773.6 -15940.7 -15086.9 -14214.2 -13313.4 -12385.2 -11439 -10464.1 -9462.76 -8438.92 -7405.17 -6351.77 -5279.88 -4196.49 -3105.04 -2005.93 -905.834 199 
100 -1005.64 -2105.95 -3200.81 -4285.26 -5357.02 -6416.59 -7459.97 -8488.4 -9493.74 -10480.6 -11449.9 -12397.3 -13312 -14189 -15034.3 -15851.5 -16650.6 -17426.6 -18175 -18901.3 -19610.8 -20291.9 -20939.7 -21567.7 -22178.2 -22771.9 -23328.9 -23844.7 -24325.8 -24767 -25165.6 -25523.9 -25850.6 -26148 -26420.1 -26667.2 -26895.4 -27100.2 -27277.5 -27421.7 -27536.3 -27620.1 -27678.2 -27714.9 -27741.3 -27755.6 -27759.3 -27756.4 -27753.8 -27755.8 -27768.3 -27770.6 -27759.6 -27743 -27721.6 -27679.7 -27622.9 -27524.5 -27404.3 -27262.8 -27087.7 -26889.6 -26664.4 -26416.3 -26136.7 -25837.8 -25503.8 -25129.1 -24733.9 -24308.3 -23861.5 -23381.1 -22865.1 -22320.2 -21742.8 -21126.4 -20481.4 -19801.5 -19072.5 -18310.3 -17516.2 -16706.6 -15886.1 -15040.3 -14167.7 -13272.4 -12355.6 -11421.9 -10458.5 -9474.62 -8463.47 -7421.68 -6365.11 -5295.31 -4213.4 -3115.4 -2012.26 -906.628 199 
100 -1006.89 -2112.2 -3208.77 -4294.14 -5366.71 -6423.66 -7464.96 -8494.84 -9512.52 -10497.4 -11456.7 -12379.7 -13274.6 -14143.3 -14990.1 -15818.9 -16616.9 -17393.2 -18142.8 -18866.8 -19569.9 -20248.1 -20907.9 -21547.9 -22161.1 -22737.9 -23274.2 -23776.3 -24245.8 -24676.5 -25083.7 -25464.8 -25814.1 -26128.2 -26404.3 -26643.7 -26854.8 -27048.3 -27209.7 -27344.4 -27451.9 -27535 -27597.9 -27639.3 -27659.2 -27666.5 -27667.7 -27679.4 -27697.7 -27706.1 -27722.6 -27723.6 -27717.7 -27707.6 -27684.4 -27642.6 -27585.1 -27504.3 -27397.7 -27270.7 -27116.2 -26935.5 -26728.6 -26493.5 -26212.8 -25899 -25562.9 -25199.1 -24805 -24379.7 -23924.2 -23431.2 -22908.2 -22359.4 -21778 -21166.2 -20511.8 -19826.6 -19116.7 -18373.7 -17597.3 -16789.4 -15954.5 -15096.8 -14222 -13321.3 -12395.8 -11450.9 -10477.6 -9475.97 -8452.99 -7418.71 -6364.15 -5291.52 -4203.75 -3109.79 -2007.75 -905.698 199 
100 -1008.58 -2112.17 -3209.46 -4296.98 -5372.59 -6434.1 -7481.11 -8511.28 -9520.67 -10509.2 -11485.6 -12438.5 -13354.4 -14235.1 -15084.2 -15906.7 -16709.7 -17487.6 -18242.5 -18972.4 -19680.3 -20365.4 -21013.7 -21641.3 -22244.9 -22832.4 -23388.4 -23906.7 -24388.1 -24829.9 -25232 -25596.2 -25926.8 -26227 -26500.6 -26746.4 -26973 -27177.6 -27354.7 -27499.1 -27614.3 -27698.6 -27759.5 -27796.1 -27820.8 -27831.9 -27832.7 -27821.6 -27811.3 -27808 -27815.8 -27816.6 -27806.7 -27790.9 -27764.9 -27716.3 -27649.4 -27547.2 -27421.4 -27274.8 -27098.9 -26900 -26672.1 -26421.9 -26142 -25840.1 -25504.6 -25132.1 -24737.5 -24311.7 -23861.2 -23378.5 -22860.7 -22313.1 -21735.1 -21115.2 -20467 -19785.2 -19052.2 -18292.7 -17497.3 -16683.3 -15862 -15017.6 -14144.9 -13250 -12332.2 -11397.7 -10434.6 -9448.91 -8438.38 -7396.17 -6341.98 -5276.79 -4201.27 -3106.62 -2006.67 -903.872 199 
100 -1009.27 -2116.27 -3215.44 -4302.68 -5377.81 -6439.31 -7483.48 -8515.02 -9537.35 -10526.2 -11491.5 -12415.9 -13311.1 -14178.1 -15026.1 -15853.8 -16651.6 -17432.6 -18186.3 -18909.9 -19609.1 -20284.7 -20941.4 -21580 -22190 -22766.3 -23301.5 -23799.7 -24265.8 -24701.4 -25113.6 -25494.6 -25847.4 -26167.6 -26444.7 -26692.2 -26905.6 -27099.6 -27263 -27400.1 -27511.9 -27597.9 -27659.3 -27693.1 -27709.5 -27713.5 -27710.9 -27720.5 -27738.1 -27744.2 -27756.1 -27750.4 -27743.6 -27735.2 -27715.3 -27673.4 -27614.6 -27529.9 -27419.5 -27287.9 -27127.1 -26945.5 -26735.8 -26496.7 -26218.9 -25904.9 -25566.4 -25203.3 -24810.3 -24387.2 -23935.9 -23445 -22921.8 -22370.8 -21792.7 -21183.8 -20527.2 -19839.2 -19128 -18382.8 -17605.6 -16792.5 -15956.3 -15097.3 -14222.5 -13321.4 -12395 -11449.2 -10478 -9476.82 -8454.14 -7414.9 -6358.83 -5287.64 -4197.39 -3102.87 -2003.48 -903.59 199 
100 -1008.18 -2113.03 -3212.56 -4305.65 -5385.49 -6448.08 -7496.96 -8527.7 -9541.91 -10531.6 -11508.4 -12457.1 -13369.1 -14250.5 -15098.4 -15921.1 -16724.4 -17503 -18264.8 -18995.5 -19702.4 -20388 -21033.9 -21657.8 -22258.5 -22844.8 -23401.4 -23921.7 -24405.4 -24849.6 -25253.4 -25621.3 -25952.1 -26248.5 -26517.9 -26759.4 -26982.7 -27187.8 -27364.8 -27503.2 -27611.5 -27690 -27750.8 -27785.7 -27811.6 -27819.6 -27819.7 -27809 -27801 -27802 -27808.6 -27807.8 -27799.9 -27789.1 -27760.4 -27709.3 -27636.9 -27534.8 -27410.2 -27263.9 -27088.9 -26891.7 -26661.5 -26408.4 -26127.2 -25819 -25481 -25109.7 -24715.3 -24289.9 -23836.4 -23358.7 -22845.1 -22298.2 -21718.7 -21096.7 -20442.3 -19761.7 -19031.8 -18273.5 -17481.5 -16667.3 -15845.8 -15003.9 -14133.5 -13242.8 -12326.5 -11395.4 -10434.6 -9450.93 -8438.69 -7392.23 -6337.23 -5272.36 -4197.1 -3105.01 -2007.26 -904.594 199 
100 -1011.94 -2120.97 -3224.78 -4314.13 -5391.26 -6455.43 -7504.39 -8540.9 -9567.96 -10555.8 -11524.3 -12455.7 -13352.2 -14218.1 -15066.3 -15893 -16690.2 -17473.7 -18229.8 -18958.4 -19658.5 -20338 -20999.9 -21644.7 -22257.5 -22835.4 -23373.4 -23874 -24346.4 -24790.2 -25202.1 -25581.5 -25930.1 -26246.1 -26521.8 -26770.6 -26986.4 -27181.2 -27347.5 -27486.6 -27602.1 -27690.8 -27751.7 -27787.6 -27809.4 -27814.6 -27809.2 -27816.3 -27828.8 -27831.5 -27836.2 -27826.1 -27819.6 -27811.3 -27792.1 -27749.5 -27691.5 -27606.2 -27492.3 -27354.9 -27189.8 -27007.8 -26798.8 -26557.4 -26282.6 -25969.5 -25629.5 -25265.6 -24871.8 -24448.2 -23993.9 -23500.1 -22977.8 -22429 -21855.6 -21248.7 -20596.2 -19907 -19198.2 -18452.6 -17672.5 -16852.8 -16010.3 -15147.1 -14266.9 -13363.3 -12435.9 -11488.8 -10515.7 -9510.22 -8481.94 -7436.67 -6376.04 -5301.46 -4210.36 -3112.5 -2010.4 -906.759 199 
100 -1011.78 -2120.89 -3223.52 -4320.79 -5406.29 -6472.61 -7525.47 -8558 -9573.51 -10564.8 -11543.3 -12492.7 -13408.1 -14294.7 -15145.7 -15974.7 -16777.6 -17556.1 -18320.2 -19054.3 -19765.2 -20453.9 -21100.8 -21722.7 -22324.7 -22906.3 -23458.7 -23978.8 -24461.2 -24905.4 -25310.9 -25682.2 -26014.5 -26312.6 -26581.2 -26825.5 -27047.9 -27253.7 -27430.4 -27572.5 -27682.3 -27764.2 -27824.8 -27859.7 -27885.1 -27894.7 -27895.9 -27889.3 -27881.3 -27880.9 -27885.8 -27880.6 -27872.4 -27858.9 -27825.2 -27773.8 -27701.5 -27603.6 -27478.9 -27335.7 -27159.6 -26962.6 -26731.7 -26481 -26200.2 -25888.8 -25554.2 -25187.4 -24795.3 -24375.3 -23921.3 -23442.9 -22926.7 -22376.4 -21796.6 -21173.9 -20514.1 -19824 -19095.6 -18339.6 -17549.8 -16734.8 -15910.7 -15067.4 -14194.4 -13300.9 -12382 -11447.5 -10483.9 -9493.99 -8474.85 -7424.39 -6366.64 -5296.53 -4216.13 -3120.26 -2017.26 -909.846 199 
100 -1011.77 -2121.12 -3227.43 -4316.93 -5392.4 -6457.18 -7507.13 -8543.01 -9565.57 -10555.6 -11523.7 -12458.6 -13354.5 -14221.1 -15070.6 -15896.2 -16692.6 -17476.4 -18226 -18953.2 -19650.6 -20327.6 -20985.8 -21630 -22240.6 -22817.4 -23356 -23855.8 -24329.5 -24774.4 -25182.5 -25562.6 -25909.2 -26222.1 -26497.1 -26746.3 -26963 -27155.5 -27319.8 -27458.9 -27578.3 -27670.9 -27734.8 -27773.6 -27795.1 -27801.2 -27795.2 -27804.7 -27820.3 -27827.3 -27829.7 -27819.9 -27813.6 -27803.9 -27784.4 -27741.7 -27685.2 -27600.6 -27488.2 -27348.8 -27188.2 -27007.5 -26798.5 -26556 -26283.6 -25971.2 -25633.1 -25271.1 -24880.8 -24458.7 -24003.1 -23518.2 -23002.1 -22459.4 -21886.4 -21278.6 -20623.6 -19929.9 -19217.5 -18470.3 -17688.8 -16864.6 -16020.5 -15161.3 -14282.8 -13381.1 -12453.5 -11503.6 -10531.2 -9527.62 -8500.76 -7455.69 -6393.08 -5314.42 -4220.99 -3120.54 -2016.25 -909.35 199 
100 -1013.22 -2124.46 -3228.52 -4328.1 -5413.83 -6482.94 -7540.11 -8578.03 -9597.92 -10593.1 -11574 -12522.6 -13438.7 -14326.2 -15172.7 -15999.8 -16797.2 -17572.9 -18333.2 -19068 -19779.6 -20461.6 -21109 -21729.1 -22327.7 -22905.6 -23458.8 -23982.5 -24463.6 -24905.1 -25307.3 -25678.6 -26015 -26315.6 -26584.5 -26830.1 -27051.9 -27260.8 -27439.2 -27585.2 -27695.3 -27779.9 -27840.2 -27879.4 -27907.6 -27920.6 -27918.7 -27910.7 -27906.4 -27906 -27913.3 -27907.3 -27900.4 -27888 -27849.6 -27799.2 -27729.1 -27633.2 -27508.7 -27365.2 -27185.5 -26986.3 -26755.5 -26504.9 -26223.7 -25909.3 -25576.5 -25212.4 -24822.5 -24404.9 -23949.6 -23467.4 -22950.7 -22400.2 -21821.2 -21199.7 -20535.5 -19836.4 -19109.5 -18353.6 -17564 -16753.1 -15930.2 -15088.6 -14216.5 -13323.7 -12406.1 -11471.7 -10508.1 -9512.12 -8482.9 -7427.82 -6364.81 -5292.25 -4210 -3115.6 -2014.03 -908.405 199 
100 -1013.02 -2124 -3233.59 -4322.86 -5391.55 -6452.12 -7500.34 -8534.79 -9552.41 -10544.2 -11517.6 -12460.4 -13359.8 -14226.7 -15078.4 -15905 -16704.4 -17488.1 -18239.3 -18971.3 -19677.5 -20358.3 -21020.6 -21668.9 -22283.6 -22859.5 -23398.7 -23902.1 -24378.5 -24821.2 -25230.1 -25611.6 -25960.9 -26273.7 -26547.2 -26796.2 -27013.9 -27207.2 -27375.2 -27519.1 -27643.7 -27741.2 -27805.8 -27845.4 -27867.2 -27879.4 -27876.1 -27887.5 -27906.4 -27918.5 -27922.2 -27911.5 -27904.8 -27896.4 -27873.6 -27831.4 -27776.2 -27693.2 -27582.1 -27438.1 -27276.6 -27095.6 -26889.8 -26647.8 -26373.5 -26064.7 -25729 -25370.6 -24978.8 -24551.6 -24089.5 -23600.4 -23076.8 -22527.1 -21946.3 -21330.5 -20667.9 -19967.7 -19252.7 -18503.6 -17718.9 -16892.6 -16046.7 -15184.8 -14302.9 -13397.6 -12466.5 -11513.9 -10541.5 -9539.2 -8512.4 -7466.14 -6402.59 -5320.67 -4226.85 -3124.82 -2019.59 -910.646 199 
100 -1015.88 -2130.46 -3237.8 -4340.62 -5428.12 -6500.5 -7559.18 -8601.18 -9623.56 -10622.2 -11602.7 -12550.4 -13465 -14352 -15205.8 -16039 -16841.5 -17622.4 -18383.3 -19122.9 -19837.8 -20519.6 -21170.7 -21791.2 -22391.1 -22970.9 -23528.7 -24059.5 -24544.1 -24989.4 -25396.1 -25771.4 -26115.1 -26419.5 -26681.9 -26923.7 -27141.1 -27347.2 -27529.6 -27677.5 -27790.2 -27877.8 -27940.7 -27982.9 -28008.2 -28019.1 -28010.7 -28003 -28000.1 -28001.5 -28010.6 -28007.4 -28006.1 -27998.9 -27963.5 -27920.4 -27853.9 -27759.8 -27633.9 -27491.5 -27313.6 -27112.6 -26881.5 -26629 -26347.8 -26038.6 -25706 -25338.9 -24939.5 -24515.2 -24058.6 -23574.6 -23058 -22502.7 -21917.6 -21288.6 -20623.5 -19919.9 -19194 -18435.4 -17644.3 -16829.3 -15999.5 -15150.3 -14269.7 -13371.4 -12447.9 -11508.2 -10541.8 -9541.74 -8507.89 -7449.95 -6382.28 -5307.11 -4221.29 -3124.96 -2020.24 -911.593 199 
100 -1011.53 -2119.87 -3228.21 -4319.84 -5387.5 -6447.98 -7497.07 -8531.45 -9547.33 -10544.2 -11520.1 -12470.7 -13375.7 -14248.9 -15105.8 -15939.9 -16744.8 -17529 -18283 -19015.1 -19725.8 -20406.8 -21069.4 -21718 -22332.3 -22912 -23453.5 -23961.7 -24441.2 -24888.3 -25302.5 -25689.9 -26042.2 -26359.4 -26635.4 -26888.2 -27107.3 -27301.6 -27469.7 -27610.9 -27730.2 -27822.7 -27884.7 -27923.8 -27937.8 -27942.2 -27935.3 -27941.8 -27957.2 -27972.2 -27977.8 -27972.8 -27968.9 -27963.3 -27941.7 -27897.8 -27838 -27750.1 -27634.2 -27489.6 -27330 -27151.5 -26945.4 -26701 -26428 -26119.7 -25779.7 -25419.3 -25022.8 -24594.5 -24131.4 -23638.2 -23113.1 -22559.5 -21974.3 -21356.8 -20696.3 -19997.8 -19283.1 -18539.2 -17755.1 -16932.3 -16090.3 -15227 -14344.4 -13436.1 -12502.4 -11546.8 -10572.2 -9568.47 -8536.79 -7486.22 -6419.34 -5333.99 -4238.42 -3133.25 -2025.57 -913.287 199 
100 -1016.93 -2133.34 -3242.49 -4347.23 -5439.81 -6515.55 -7581.4 -8630.89 -9657.25 -10665.8 -11650.5 -12606 -13527.4 -14423.5 -15281.9 -16117.1 -16920.9 -17700.8 -18459.6 -19196.7 -19911.5 -20595.5 -21248.7 -21872.9 -22471.9 -23048.1 -23601.4 -24129.8 -24612.5 -25054.9 -25462.6 -25841.1 -26190.6 -26499.4 -26770 -27017.9 -27238.8 -27448.8 -27636.6 -27787.3 -27904.7 -27995.6 -28061.8 -28103.3 -28125.4 -28132.5 -28115.4 -28102.6 -28096 -28098.5 -28105 -28100.4 -28102.1 -28095.3 -28059.1 -28017.2 -27949.9 -27856.9 -27729.7 -27584.2 -27406.8 -27201.4 -26971.8 -26718.4 -26434.8 -26124 -25788.6 -25422.2 -25021.5 -24594.7 -24134 -23651.1 -23135.9 -22577.5 -21987.8 -21353.6 -20684.5 -19980.2 -19253 -18493.8 -17702.3 -16887.6 -16058.6 -15206.2 -14321.7 -13424.5 -12502.1 -11561.5 -10593.2 -9587.65 -8550.73 -7488.57 -6414.95 -5334.1 -4242.79 -3139.29 -2029.82 -916.387 199 
100 -1016.23 -2129.41 -3241.36 -4335.35 -5405.77 -6468.86 -7517.37 -8550.54 -9567.48 -10568.7 -11548 -12503 -13410.6 -14284.5 -15136.1 -15967.5 -16776 -17556.7 -18313 -19047.2 -19760.7 -20438.4 -21099.8 -21744.2 -22357 -22937.1 -23478.7 -23986.5 -24468.9 -24921.3 -25341.6 -25728 -26078.5 -26394.5 -26667.4 -26920.3 -27144.2 -27343.8 -27516.6 -27662.9 -27787.4 -27880.7 -27939.8 -27974.9 -27985.5 -27989.3 -27977.8 -27979.9 -27989.2 -28002 -28008.9 -28009.5 -28011 -28006.4 -27984.9 -27942.4 -27883.6 -27796.4 -27682.3 -27537.7 -27379.9 -27204.2 -27000.2 -26751 -26479.2 -26172.6 -25830.2 -25469.1 -25070.2 -24642.9 -24177.8 -23683.9 -23161.9 -22603.1 -22017.7 -21402.3 -20742.7 -20044 -19323.9 -18574.4 -17782.2 -16960.5 -16116.6 -15249.6 -14365.3 -13456.1 -12524.7 -11567 -10594 -9593.29 -8564.27 -7512.35 -6443.82 -5354.08 -4255.4 -3145.66 -2033.44 -917.218 199 
100 -1019.91 -2137.85 -3249.94 -4355.24 -5447.64 -6521.73 -7588.7 -8642.02 -9670.48 -10678.2 -11655.5 -12603.2 -13517.6 -14409.8 -15270 -16108.4 -16913.2 -17694.1 -18456.2 -19194.7 -19907.4 -20591.2 -21242.6 -21868.8 -22467.1 -23039.7 -23588.7 -24114.3 -24595.9 -25036.7 -25444.7 -25822.6 -26175.1 -26486.3 -26758.9 -27006.4 -27226.4 -27432.5 -27620.7 -27770.1 -27888.9 -27982.5 -28052.3 -28095.1 -28117.1 -28125.8 -28108.3 -28094.4 -28087.9 -28094.3 -28099.1 -28097.2 -28101.7 -28097.6 -28063.9 -28023.9 -27961.6 -27871.7 -27748.6 -27603.6 -27426.8 -27223.4 -26995.9 -26741.1 -26456.9 -26147.9 -25810.5 -25442.9 -25039 -24608.1 -24148.9 -23666.4 -23147.3 -22584.7 -21989.7 -21354.3 -20683.2 -19976.9 -19248.7 -18490.7 -17702 -16887.1 -16057.8 -15205.9 -14322.6 -13425.5 -12501.1 -11556 -10583.7 -9573.28 -8535.75 -7476.01 -6402.39 -5320.77 -4230.9 -3130.44 -2024.76 -914.132 199 
100 -1016.54 -2129.85 -3242.34 -4337.07 -5408.02 -6469.94 -7518.57 -8553.82 -9575.09 -10579.4 -11558.6 -12510.8 -13422.8 -14296.9 -15147.7 -15980.1 -16787 -17566.2 -18323.2 -19061.1 -19771 -20448.9 -21108.5 -21749.1 -22361.4 -22943 -23486.4 -23996.3 -24480.5 -24932.9 -25352.8 -25738.3 -26082.8 -26397.5 -26670.2 -26923.4 -27148.3 -27351.2 -27525.5 -27671.3 -27795.7 -27884.7 -27940.3 -27969.7 -27978.2 -27982.6 -27971.3 -27971.4 -27979 -27992 -27995.8 -27996.1 -27996.8 -27987.4 -27959.9 -27914.4 -27852.6 -27762.2 -27651.9 -27511.5 -27352.5 -27178.4 -26975.1 -26726 -26455.9 -26151.6 -25811.4 -25448.4 -25048.8 -24618.5 -24152.5 -23660.7 -23142.5 -22584.7 -22001.4 -21388.5 -20732.1 -20036.6 -19314 -18566.7 -17775.3 -16959.3 -16116.5 -15252.9 -14369.4 -13461.9 -12528.5 -11569.3 -10595.9 -9595.55 -8568.08 -7517.24 -6444.57 -5354.14 -4254.78 -3145.96 -2033.15 -917.076 199 
100 -1019.02 -2136.23 -3249.62 -4356.7 -5451.29 -6524.41 -7590.58 -8640.5 -9669.27 -10675.3 -11650.3 -12600.1 -13517.3 -14411 -15273.3 -16111.7 -16915.1 -17697.5 -18462.4 -19202.1 -19917 -20602.2 -21253.9 -21880.7 -22480.6 -23051.8 -23602.1 -24126.1 -24605.4 -25044.5 -25453.6 -25833.3 -26185.2 -26495.1 -26767.6 -27006.3 -27221 -27422.2 -27608.5 -27758.1 -27879.2 -27975.6 -28047.5 -28094.1 -28117.6 -28123.8 -28104.8 -28087.9 -28081.9 -28089.2 -28088 -28081.7 -28082.8 -28075.3 -28042.2 -28002.4 -27942.2 -27851.8 -27731 -27584.2 -27404.4 -27201.7 -26976.5 -26724.1 -26439.9 -26131.7 -25796 -25432.9 -25029.4 -24596.8 -24141 -23660.3 -23142.4 -22582.2 -21986 -21349.5 -20683.8 -19986.6 -19261.5 -18503.2 -17716.9 -16901.8 -16071.6 -15217.6 -14333.8 -13434 -12512.8 -11566.2 -10585.5 -9568.93 -8532.15 -7474.77 -6403.65 -5323.29 -4233.53 -3132.43 -2026.73 -914.879 199 
100 -1018.2 -2132.72 -3245.99 -4342.23 -5415.57 -6477.53 -7526.07 -8561.63 -9583.17 -10589.5 -11568.3 -12518.9 -13435.5 -14310 -15158.2 -15990.1 -16793.2 -17569.5 -18325.7 -19065.6 -19777.3 -20459.8 -21117.9 -21755.1 -22369 -22954.5 -23503.1 -24016.5 -24506.4 -24962.6 -25380.9 -25764.9 -26108 -26422.4 -26697.3 -26948.8 -27174.7 -27383.2 -27561.7 -27711.3 -27840.1 -27930.4 -27985.1 -28013 -28021 -28026.2 -28018.1 -28015.8 -28022.8 -28037 -28037.4 -28036.7 -28036.9 -28027.4 -27997.6 -27953.2 -27889.2 -27792.9 -27680.6 -27542.7 -27381.7 -27203.7 -26995.6 -26747 -26471.2 -26164 -25823.1 -25452.1 -25053.5 -24623 -24158.8 -23668.4 -23148.6 -22591.5 -22006 -21392.7 -20733.2 -20038 -19317 -18569 -17778.1 -16965.7 -16124.6 -15262.3 -14379.2 -13473.5 -12536.9 -11575.4 -10598.8 -9595.97 -8567.8 -7520.36 -6445.04 -5353.64 -4251.55 -3143.17 -2030.75 -915.874 199 
100 -1020.95 -2137.87 -3250.69 -4355.38 -5446.84 -6520.14 -7584.55 -8632.41 -9664.02 -10672.3 -11649.9 -12601.1 -13519.3 -14408.9 -15269.2 -16109.2 -16917.3 -17699.6 -18464.1 -19204.8 -19922.5 -20607.8 -21261.7 -21895.7 -22500 -23068 -23614.5 -24136.1 -24615.1 -25060.8 -25476.3 -25857.7 -26212.3 -26527.7 -26810.5 -27061.1 -27288.6 -27497 -27688.7 -27842.8 -27968.4 -28065.3 -28136.5 -28181.2 -28201.3 -28198.9 -28180.2 -28160.2 -28154.9 -28166.8 -28165.8 -28158.3 -28159.6 -28152.8 -28117.6 -28076.4 -28015.6 -27926.5 -27807.1 -27660.9 -27484 -27284.5 -27062 -26813.7 -26533.5 -26225.4 -25883 -25514.6 -25107.5 -24671.8 -24214.3 -23734.7 -23219.5 -22663.9 -22067.1 -21427.5 -20757.2 -20059.1 -19327.8 -18568.1 -17782.9 -16967.4 -16134.6 -15279.1 -14395.7 -13491.1 -12568.6 -11619.6 -10634.8 -9616.82 -8579.06 -7517.49 -6440.56 -5354.45 -4257.83 -3150.68 -2039.36 -920.655 199 
100 -1021.35 -2138.26 -3253.05 -4355.16 -5436.86 -6504.69 -7559.6 -8602.35 -9631.29 -10642.8 -11627.2 -12584.7 -13512.2 -14393.6 -15246.1 -16085.6 -16893.5 -17679.7 -18446.9 -19191.6 -19908.3 -20596.3 -21255.4 -21894.3 -22512.7 -23102 -23657.2 -24174.6 -24671.5 -25132.4 -25553.5 -25940.3 -26291.4 -26607.8 -26889.7 -27147 -27380.3 -27593.8 -27774.4 -27924.2 -28047.1 -28131.4 -28181.1 -28203.6 -28213.3 -28220.5 -28212.7 -28207.1 -28210.8 -28223.6 -28224.6 -28226 -28231.5 -28224.5 -28194.5 -28152.9 -28084.8 -27985 -27867.5 -27727.3 -27569.1 -27390.9 -27179 -26922.9 -26640.4 -26328.5 -25979.9 -25594.3 -25189.3 -24750.5 -24281.6 -23782.5 -23250.2 -22686.5 -22093.4 -21474.5 -20808.4 -20102 -19371.3 -18613.4 -17820.9 -17009.5 -16172.3 -15313.2 -14432.7 -13527.1 -12589.3 -11623.9 -10640 -9630.13 -8599.63 -7550.01 -6475.36 -5381.53 -4275.9 -3162.59 -2043.48 -922.242 199 
100 -1025.13 -2148.99 -3268.19 -4378.26 -5474.82 -6551.98 -7618.43 -8669.22 -9706.81 -10719.3 -11699.7 -12654.7 -13576.6 -14469 -15331.5 -16171.5 -16981.1 -17768.4 -18535.4 -19281.6 -20005.7 -20691.2 -21345.5 -21984.4 -22589.6 -23158.1 -23703.2 -24221.3 -24702.7 -25152.2 -25575.7 -25961.4 -26322.2 -26643.7 -26931.2 -27186.9 -27417.2 -27629.8 -27823.4 -27981.3 -28110.1 -28212.4 -28284.1 -28329.3 -28351.1 -28351.4 -28334.1 -28312.8 -28308 -28319.2 -28318.8 -28307.6 -28308 -28299.7 -28260.1 -28210.8 -28145 -28052.5 -27929.6 -27777.5 -27597.4 -27394.5 -27167.9 -26918.3 -26635.6 -26321.6 -25973.4 -25601 -25192.8 -24755 -24294.3 -23811.6 -23294.5 -22739.6 -22143.8 -21505.6 -20835.3 -20138.3 -19407.2 -18648.5 -17863.2 -17044.1 -16204.9 -15344.6 -14460.4 -13552.9 -12621.7 -11665.9 -10674.6 -9652.63 -8610.38 -7544.82 -6462.28 -5369.37 -4266.82 -3156.99 -2043.96 -922.792 199 
100 -1025.23 -2145.17 -3262.02 -4368.95 -5460.4 -6531.68 -7586.68 -8629.38 -9659.95 -10670.1 -11654.9 -12614.3 -13545.3 -14434.7 -15293.4 -16139.6 -16953.2 -17742.1 -18515.4 -19262.3 -19982.1 -20672.2 -21332.9 -21972.8 -22592.6 -23182 -23733.6 -24248.8 -24744.2 -25209.5 -25635.3 -26023.5 -26378.2 -26691.7 -26975.2 -27239.6 -27479.1 -27696.9 -27880.7 -28034.2 -28155.4 -28243.1 -28296.2 -28318.7 -28331.1 -28340.9 -28334.1 -28326.2 -28324 -28332.3 -28331.4 -28330.5 -28332.6 -28321.9 -28289.5 -28248.8 -28180.4 -28077 -27954 -27810.6 -27650.1 -27469.4 -27256.4 -26997.7 -26713.1 -26402.2 -26049.6 -25665 -25263.4 -24826.2 -24358.3 -23857.4 -23320.6 -22748.5 -22150.1 -21526 -20859.8 -20151.3 -19419.3 -18657.4 -17863.5 -17050.2 -16210.7 -15350 -14468.2 -13555.8 -12611.1 -11638.6 -10647.2 -9635.9 -8605.25 -7551.66 -6475.55 -5378.92 -4274.42 -3162.65 -2043.45 -922.226 199 
100 -1026.68 -2152.47 -3272.91 -4383.55 -5479.89 -6558.43 -7624.92 -8677.08 -9716.36 -10733.6 -11715.4 -12672.5 -13598.5 -14492.9 -15357.2 -16198.7 -17009.4 -17797.5 -18564.8 -19313.9 -20038.1 -20722.3 -21372.9 -22010.3 -22614.2 -23184.1 -23727.2 -24244.2 -24723.6 -25175.5 -25602.8 -25988.5 -26350.2 -26676.1 -26965.8 -27224.5 -27455.7 -27670.3 -27864.8 -28027.2 -28159.9 -28264.3 -28337.7 -28388.7 -28417.1 -28424.2 -28411.7 -28391.8 -28389 -28405.1 -28408.1 -28399 -28402.5 -28396.5 -28359.3 -28313.1 -28248.4 -28154.1 -28035.2 -27878.8 -27702.5 -27501 -27271.6 -27024.6 -26742.5 -26425 -26071.7 -25692.8 -25282.8 -24844.7 -24386.6 -23907.6 -23389.4 -22833.5 -22234.1 -21592 -20921.3 -20225.4 -19492.2 -18732.9 -17947.7 -17126.5 -16282.3 -15414.1 -14525.7 -13612.6 -12674.8 -11707.3 -10706 -9679.76 -8634.16 -7565.54 -6480.17 -5384.27 -4279.66 -3165.06 -2047.33 -924.166 199 
100 -1028.37 -2151.77 -3270.5 -4377.63 -5469.68 -6542.51 -7596.51 -8639.92 -9669.83 -10682 -11669.4 -12631.6 -13563.1 -14457.2 -15319.8 -16166.6 -16983.8 -17776.2 -18552.9 -19303.7 -20026.9 -20718.4 -21383.9 -22026.2 -22648.7 -23241.6 -23795.3 -24312 -24807.8 -25275.4 -25700.5 -26087.6 -26442.5 -26756.5 -27043.7 -27314.3 -27559.6 -27778.7 -27968.2 -28130.5 -28258.3 -28354.2 -28409.2 -28435.2 -28450.1 -28461.2 -28451.8 -28441.7 -28436.2 -28442 -28441.4 -28443.9 -28445.8 -28431.5 -28399.6 -28361.9 -28297.3 -28196.6 -28070.3 -27923.3 -27759.7 -27577.9 -27360.9 -27100.4 -26815.2 -26505.1 -26153.7 -25769.1 -25363.2 -24924.2 -24453.9 -23945.9 -23405.6 -22828.5 -22226.8 -21597 -20930.5 -20224.2 -19492.6 -18730.9 -17933.5 -17114.4 -16272.1 -15407.5 -14521 -13605.3 -12660.5 -11687.7 -10696.1 -9680.59 -8645.49 -7584.29 -6503.33 -5398.84 -4289.07 -3172.35 -2049.8 -925.398 199 
100 -1027.95 -2155.46 -3276.22 -4387.85 -5486.02 -6567.43 -7636.89 -8687.54 -9724.74 -10741.3 -11725.2 -12687.2 -13615.7 -14513.8 -15380.7 -16222.8 -17035.2 -17822.6 -18591.1 -19342.3 -20064.9 -20748.5 -21396.7 -22035 -22638.4 -23207.6 -23746 -24256.9 -24739.6 -25194.7 -25622.6 -26012.1 -26372.1 -26701.8 -26991 -27251.8 -27483.5 -27699.9 -27894.7 -28059.6 -28193.1 -28297.6 -28376.3 -28429.9 -28460.7 -28468.5 -28457.9 -28437.4 -28432.3 -28446.2 -28446 -28435.8 -28441.5 -28434.8 -28397.4 -28348.2 -28283.3 -28193.8 -28080.7 -27932.3 -27763 -27564.2 -27335.3 -27086.7 -26800.5 -26479.4 -26121.3 -25738.6 -25325.1 -24882 -24417.6 -23934.9 -23415.3 -22862.9 -22263.5 -21616.5 -20943 -20242.3 -19508.3 -18750.9 -17968.8 -17150.3 -16303.1 -15433.1 -14543.4 -13627.2 -12683 -11709.7 -10705.8 -9677.25 -8629.99 -7560.86 -6476.67 -5378.81 -4275.81 -3162.08 -2044.79 -922.896 199 
100 -1028.08 -2151.96 -3268.31 -4372.52 -5461.63 -6536.38 -7589.69 -8632.2 -9660.48 -10672.5 -11661.6 -12619.6 -13548.4 -14439.8 -15303.4 -16147.6 -16965.2 -17758.3 -18531.6 -19280.8 -20001.2 -20691.5 -21358.3 -21999.8 -22622.6 -23213.2 -23764.5 -24279.3 -24773.3 -25240.1 -25660.8 -26046.6 -26395.5 -26711.9 -27002 -27274.4 -27520.9 -27737.4 -27926 -28084.5 -28211.5 -28308.5 -28365.2 -28391.3 -28407.5 -28422.3 -28414.7 -28404 -28401.2 -28404.9 -28403.7 -28407.6 -28412.4 -28401 -28373.8 -28343.3 -28284.4 -28187.5 -28060.9 -27911.9 -27743.9 -27560.9 -27341 -27085.3 -26803.4 -26493.3 -26144.3 -25761.7 -25356.9 -24918.1 -24454.2 -23946.9 -23407.8 -22830.8 -22229.8 -21597.6 -20930.2 -20228.8 -19499.8 -18737.2 -17938.9 -17116.8 -16274.9 -15410.2 -14521.2 -13604.3 -12658.9 -11688.1 -10697.3 -9681.67 -8643.58 -7577.12 -6492.67 -5388.69 -4279.39 -3164.71 -2044.53 -922.766 199 
100 -1027.46 -2154.91 -3275.75 -4384.2 -5476.86 -6555.12 -7624.32 -8675.08 -9710.6 -10727.6 -11714.8 -12675.5 -13608.1 -14507.7 -15375.3 -16214.8 -17029.3 -17817 -18585.2 -19336.6 -20054.4 -20734.8 -21383.5 -22019.8 -22622.6 -23193.2 -23733.8 -24243.1 -24727.1 -25184.7 -25610.6 -26004.3 -26365.4 -26700.3 -26992.7 -27255.7 -27490.4 -27708.2 -27899.5 -28065.2 -28203.5 -28309.9 -28388 -28442 -28473.6 -28485.1 -28478.4 -28455.5 -28445.6 -28454.1 -28447.8 -28436.8 -28437 -28431.9 -28396.7 -28347.7 -28282.8 -28193.2 -28077.2 -27930.1 -27758.9 -27556.6 -27327.5 -27081.1 -26789.4 -26463.4 -26101.7 -25711.3 -25295.6 -24851.2 -24384.7 -23899.6 -23381.7 -22831.5 -22231.7 -21582.9 -20907.6 -20207.8 -19476.9 -18719.3 -17937.4 -17121 -16276.8 -15410.3 -14523.1 -13608.7 -12664.4 -11692.5 -10692.6 -9668.61 -8625.49 -7563.48 -6482.83 -5382.01 -4278.63 -3164.49 -2045.77 -923.387 199 
100 -1030.33 -2157.5 -3275.32 -4381.96 -5473.25 -6551.69 -7607.08 -8652.43 -9684.83 -10699.9 -11688.4 -12642.6 -13567.5 -14464.5 -15332.9 -16178.5 -16997.2 -17792.9 -18566.3 -19318.5 -20040.1 -20734.5 -21408.3 -22057.1 -22680.5 -23271.8 -23822.4 -24336.8 -24828.8 -25293.7 -25707.4 -26092.2 -26440.7 -26759.7 -27052.3 -27327.3 -27571.5 -27781.6 -27968.8 -28128.9 -28258 -28355.6 -28412.1 -28437 -28453.9 -28471.5 -28470 -28460.9 -28457 -28453.3 -28447 -28442.2 -28437.9 -28422.8 -28393.9 -28360.6 -28297.8 -28199.5 -28072.4 -27925.3 -27758.6 -27577 -27359.5 -27109.1 -26833.6 -26527 -26185.3 -25805.5 -25402.6 -24965.4 -24500.7 -23992.4 -23449.8 -22870.6 -22264.7 -21625.1 -20952.4 -20252.3 -19521.3 -18762.1 -17960.3 -17135.7 -16294.8 -15427 -14534.7 -13615.8 -12670.3 -11701.4 -10710.9 -9695.19 -8656.81 -7583.79 -6494.53 -5391.13 -4281.84 -3167.04 -2045.88 -923.439 199 
100 -1029.72 -2159.43 -3283.02 -4392.34 -5485.5 -6565.95 -7638.14 -8694.5 -9733.82 -10754.7 -11748 -12713.7 -13651.6 -14554.9 -15424.2 -16262.5 -17079.7 -17872.9 -18647.2 -19400.8 -20119.9 -20803.1 -21457.3 -22093.5 -22699.3 -23269 -23804 -24307.8 -24792.3 -25252.4 -25675.3 -26065 -26420.1 -26750.3 -27038.6 -27299.6 -27534 -27749.8 -27939.7 -28104.6 -28243.7 -28349.7 -28428.7 -28482.2 -28514.7 -28525.3 -28522 -28502.7 -28493.4 -28498 -28492.7 -28485.6 -28479.9 -28471.8 -28432.6 -28377.2 -28308.8 -28210.8 -28089.8 -27943.6 -27770.7 -27567.8 -27340.1 -27094.5 -26800.9 -26471.3 -26108.4 -25714.2 -25300.2 -24853.9 -24386.4 -23898.7 -23381.2 -22830.9 -22231.3 -21589.3 -20917.2 -20221.2 -19493.3 -18738.3 -17956.2 -17138.4 -16290.8 -15423.9 -14536.8 -13622.1 -12673.5 -11696.5 -10696.5 -9673.8 -8632.21 -7572.66 -6488.85 -5386.31 -4282.47 -3167.48 -2047.1 -924.048 199 
100 -1032.67 -2162.51 -3284.74 -4397.15 -5492.66 -6577.36 -7637.89 -8685.28 -9716.39 -10731.4 -11719.9 -12676.9 -13600.6 -14502.1 -15375.1 -16224.1 -17043.2 -17840.5 -18614.4 -19369.7 -20095.1 -20794 -21468.5 -22116.9 -22738.1 -23328.3 -23880.6 -24393.8 -24885.7 -25350.6 -25764.9 -26147.4 -26495.6 -26816.5 -27112.2 -27387.8 -27629.7 -27838.5 -28027.1 -28187.8 -28316.5 -28414.8 -28472.5 -28498.7 -28517.3 -28536.6 -28536.1 -28527.4 -28519 -28511.9 -28507.6 -28505 -28500.5 -28487.9 -28461.9 -28426.5 -28367.7 -28272.9 -28151.9 -28006.4 -27836.1 -27648.2 -27423.1 -27170.3 -26894.4 -26582.9 -26243.8 -25861.1 -25449.5 -25007.8 -24539.5 -24031.7 -23487.4 -22908.5 -22299.8 -21657.6 -20982.6 -20281.2 -19548.2 -18785.7 -17979.7 -17151.9 -16308.3 -15437.8 -14541.8 -13619.1 -12675.9 -11708.4 -10718.1 -9700.89 -8659.94 -7586.14 -6495.86 -5393.24 -4283.72 -3169.15 -2047.03 -924.017 199 
100 -1032.61 -2165.22 -3292.2 -4403.69 -5499.88 -6583.26 -7661.28 -8726.99 -9775.94 -10804.2 -11800.9 -12773.4 -13715.7 -14624.4 -15503.7 -16349.8 -17174.5 -17976.4 -18757 -19513 -20236 -20923.7 -21584.5 -22221.9 -22831.8 -23406.3 -23941.7 -24442 -24922.6 -25380.1 -25806.6 -26197.2 -26555.5 -26887 -27180.6 -27441 -27673.3 -27885.5 -28072.3 -28236.7 -28375.9 -28476.3 -28550.5 -28599.1 -28626.4 -28630.5 -28627.5 -28608 -28598.1 -28600.7 -28599.2 -28595.7 -28591.9 -28590.3 -28551.6 -28494.2 -28423.1 -28323.7 -28202 -28057.8 -27887.8 -27691.3 -27468.7 -27224.5 -26935 -26605.8 -26244 -25848.1 -25432.4 -24984.1 -24513.8 -24020 -23501.5 -22950.5 -22353.8 -21716.9 -21049.3 -20355.5 -19627.5 -18873.6 -18080.9 -17258 -16404.5 -15531.5 -14639.2 -13719.7 -12762.2 -11777.1 -10768.3 -9737.23 -8684.91 -7617.53 -6524.97 -5416.89 -4307.4 -3186.17 -2058.84 -929.918 199 
100 -1037.26 -2170.94 -3297.65 -4414.71 -5515.76 -6605.59 -7672.03 -8723.24 -9758.07 -10778.6 -11769.3 -12728.1 -13654.2 -14561.6 -15442.4 -16297.3 -17124.1 -17930.6 -18710.8 -19474.2 -20205.2 -20908.7 -21587.2 -22238.7 -22864.2 -23455.6 -24010.1 -24524.2 -25019.6 -25482.2 -25898.1 -26279.4 -26626.9 -26943.1 -27234.9 -27504.4 -27742.8 -27955.3 -28151.6 -28312 -28440.7 -28541 -28596.7 -28619.1 -28632.6 -28650.4 -28647.2 -28639.7 -28623.6 -28611.9 -28606.4 -28605.3 -28601.3 -28593.1 -28569.9 -28532.8 -28473.1 -28379.1 -28259.7 -28111.9 -27937.8 -27746.7 -27520.2 -27267 -26989.1 -26676.1 -26334.8 -25952.5 -25539.8 -25099.1 -24631 -24119.4 -23572.3 -22995.1 -22386.4 -21740.2 -21064.7 -20362.7 -19628 -18865.9 -18061.2 -17232.3 -16387.1 -15511.3 -14604.8 -13673.3 -12724 -11753.1 -10758.7 -9735.34 -8684.97 -7608.02 -6513.1 -5407.72 -4297.64 -3183.03 -2059.24 -931.11 199 
100 -1035.92 -2169.26 -3297.3 -4408.44 -5504.95 -6588.89 -7666.43 -8732.94 -9784.4 -10811.9 -11808.9 -12786 -13732.8 -14641.8 -15522.4 -16371.6 -17199.9 -18008.6 -18793.8 -19552.3 -20278.1 -20971.1 -21642.1 -22284.8 -22901.4 -23484.7 -24023.9 -24527.6 -25012.2 -25473.1 -25899.3 -26287.4 -26646.2 -26981.2 -27279.9 -27543.2 -27780.7 -27996 -28182.8 -28344 -28480.2 -28576.8 -28646.7 -28691.5 -28715.5 -28721.3 -28716.2 -28695.2 -28679.6 -28676.8 -28674.2 -28672.1 -28666.7 -28660.9 -28616.9 -28556.8 -28484 -28387.4 -28265.9 -28123 -27950.2 -27750.9 -27526.8 -27280.4 -26989.5 -26652.6 -26284.1 -25885.4 -25467.1 -25020.4 -24549.7 -24055.7 -23533.5 -22977.9 -22381.5 -21738.9 -21066 -20371.9 -19644.1 -18891.1 -18097 -17275.2 -16421.8 -15547 -14655.3 -13738.6 -12781.5 -11795.9 -10785.7 -9753.44 -8700.2 -7631.59 -6538.49 -5430.7 -4318.41 -3194.6 -2063.91 -932.455 199 
100 -1039.85 -2175.27 -3302.96 -4421.94 -5527.33 -6620.57 -7690.15 -8744.35 -9781.65 -10805.4 -11802.1 -12764.6 -13694.9 -14605.6 -15491 -16345.7 -17173.3 -17981.9 -18761.9 -19522.4 -20248.9 -20949.4 -21619.1 -22265.8 -22886.5 -23476.1 -24030.4 -24544.4 -25037.3 -25493.2 -25907 -26283.2 -26628.8 -26943.9 -27235.7 -27501.8 -27738.7 -27953.7 -28148.8 -28311.4 -28443.1 -28541.5 -28596.7 -28618.9 -28632.3 -28648 -28645.5 -28640 -28624.9 -28616.3 -28610 -28606.8 -28603.2 -28595.8 -28573.3 -28533.1 -28470.9 -28376.4 -28256.8 -28110.8 -27937.3 -27744.4 -27521.5 -27275.6 -27000.2 -26686.5 -26349.1 -25967.6 -25553.1 -25110.4 -24643.1 -24128.1 -23580.1 -23003.2 -22395.2 -21747.1 -21070.8 -20370.1 -19634.9 -18871.6 -18065.4 -17236.4 -16390.9 -15514.9 -14604.7 -13672.6 -12724.1 -11755.1 -10761.1 -9737.4 -8686.58 -7608.3 -6513.36 -5407.4 -4297.49 -3183.28 -2059.87 -931.442 199 
100 -1037.74 -2173.77 -3305.67 -4419.59 -5518.28 -6605.08 -7685.35 -8755.16 -9809.23 -10837.6 -11840.1 -12824.4 -13778.6 -14688.1 -15568.8 -16421.7 -17251.2 -18062.3 -18853.4 -19617.8 -20342.5 -21035 -21705.9 -22346.1 -22963 -23550.9 -24085.6 -24583.7 -25062.8 -25520.3 -25942.9 -26326 -26680.3 -27012.6 -27310.6 -27574.2 -27812.1 -28027.2 -28214.1 -28378.7 -28516.1 -28615 -28682.7 -28726.7 -28755.7 -28766.2 -28757.7 -28738.4 -28722.8 -28716.7 -28714.8 -28716.6 -28711.3 -28704.7 -28659.8 -28599.2 -28526.3 -28430.1 -28308 -28165.8 -27993.5 -27794.2 -27570.1 -27320.4 -27028.8 -26691 -26320.6 -25924.6 -25506.4 -25062.3 -24592.1 -24098.6 -23571.6 -23013.6 -22417.8 -21776.4 -21106.9 -20414.7 -19688.1 -18933.3 -18137 -17308.7 -16454.4 -15574.6 -14676.3 -13754.9 -12793.5 -11803.3 -10791.3 -9756.09 -8698.17 -7625.3 -6533.82 -5425.67 -4312.73 -3190.03 -2061.9 -933.475 199 
100 -1041.23 -2175.06 -3303.97 -4422.35 -5530.77 -6627.1 -7699.26 -8755.83 -9794.91 -10819 -11818.8 -12782.4 -13715 -14631 -15522 -16378.5 -17208.7 -18018.6 -18801.4 -19562.1 -20288.7 -20992.3 -21665.5 -22313.6 -22937.4 -23530.3 -24087.8 -24600.7 -25093.9 -25549.4 -25966.3 -26346.5 -26697.1 -27016.9 -27310 -27575.4 -27813.8 -28035.3 -28231.3 -28394.6 -28529.2 -28629.1 -28687.9 -28715.3 -28734.1 -28752.2 -28755 -28751.9 -28739.9 -28730.5 -28724.8 -28723.6 -28720.7 -28716.2 -28697.1 -28656 -28592 -28495.1 -28372.2 -28226.5 -28058.9 -27865.3 -27644.6 -27401.2 -27121.8 -26805.4 -26462 -26084.5 -25670.6 -25227.9 -24757.4 -24241 -23691.6 -23113.1 -22501.3 -21850.1 -21172.5 -20470.3 -19731.2 -18959.9 -18150.3 -17316.6 -16466.5 -15585.7 -14670 -13735.5 -12779.7 -11806.9 -10810.3 -9778.37 -8718.83 -7633.3 -6532.21 -5420.23 -4305.6 -3188.15 -2063.91 -934.292 199 
100 -1034.52 -2168.83 -3300.93 -4417.02 -5516.17 -6602.72 -7683.59 -8754.8 -9807.98 -10836.9 -11840.8 -12826.8 -13781.7 -14688.3 -15564.7 -16420.1 -17250.6 -18064.3 -18855.2 -19617 -20339.1 -21029.2 -21699.4 -22342.9 -22960.1 -23543.1 -24076.2 -24571.9 -25050.7 -25508.1 -25933.4 -26314.4 -26668.1 -27001.3 -27303.4 -27568.4 -27808.8 -28025 -28213.3 -28379.1 -28515.7 -28616.7 -28683.8 -28724.8 -28753.5 -28766.6 -28755.3 -28741 -28731.1 -28728.4 -28732.7 -28744.9 -28751.9 -28753.6 -28718.3 -28662.8 -28592.5 -28496.8 -28372.7 -28229.3 -28062.3 -27870.4 -27650.9 -27403.5 -27112.2 -26775.2 -26403.8 -26012.4 -25595.2 -25153.5 -24685.4 -24185.7 -23652.8 -23083.7 -22478.8 -21832 -21159.4 -20463.5 -19739 -18982.5 -18184.6 -17358.9 -16512.5 -15639.5 -14743.6 -13820.9 -12857 -11860.3 -10844.4 -9804.73 -8739.97 -7657.96 -6559.52 -5446.83 -4328.4 -3201.63 -2068.56 -935.49 199 
100 -1039.41 -2173.76 -3305.44 -4424.99 -5536.23 -6635.14 -7709.47 -8766.96 -9808.57 -10831.2 -11832.4 -12797.8 -13731.6 -14650.1 -15543.6 -16403.6 -17237.8 -18047.4 -18833.1 -19594.6 -20318.4 -21018.7 -21696.3 -22347.9 -22973.2 -23566.9 -24126.9 -24641.8 -25133.2 -25588.5 -26007.1 -26388.9 -26741.8 -27062.5 -27353.9 -27616.3 -27855 -28076.9 -28273.4 -28439.2 -28581.8 -28688 -28752.2 -28785.1 -28807.9 -28826.1 -28829.6 -28825.2 -28816 -28801.8 -28794.4 -28793.9 -28791.9 -28787.8 -28771.6 -28731.5 -28669.4 -28574.4 -28454.4 -28312.5 -28147.7 -27955.2 -27735.6 -27496.5 -27220.8 -26908.6 -26566.3 -26188.3 -25770.6 -25323.2 -24846.9 -24331.7 -23780.4 -23200 -22585.2 -21934.8 -21258.3 -20557.2 -19820.8 -19046 -18239.3 -17408.5 -16558.9 -15678.4 -14763.7 -13829.8 -12868.8 -11890.3 -10890.2 -9848.82 -8778.49 -7682.55 -6573.67 -5456.11 -4334.46 -3208.97 -2077.5 -940.184 199 
100 -1037.05 -2174.1 -3308.3 -4428.3 -5529.83 -6618.35 -7699.87 -8769.78 -9821.53 -10851.1 -11857.8 -12847.1 -13807.3 -14718.7 -15595.8 -16446.5 -17273.2 -18084.8 -18876.6 -19646.7 -20372.8 -21063.3 -21735.7 -22385.4 -23006.5 -23599.1 -24139.7 -24643.2 -25130.2 -25592.7 -26021.4 -26406.8 -26761.8 -27097.6 -27401.4 -27670.1 -27914.7 -28136.9 -28331.4 -28501 -28642.7 -28750 -28823.1 -28870.8 -28906.3 -28923.7 -28917.2 -28910.8 -28905.8 -28905 -28910.7 -28922.2 -28926.6 -28925.4 -28892.2 -28835.7 -28765.4 -28669.2 -28546 -28399.8 -28232.3 -28044.6 -27826.8 -27580.4 -27291.8 -26957.2 -26583.5 -26193.3 -25774.8 -25332 -24862.4 -24361 -23827.7 -23258.6 -22652 -22004.8 -21333.2 -20634 -19902.1 -19137.7 -18337.5 -17505.5 -16652.4 -15776.8 -14875.2 -13946.5 -12980.2 -11975.5 -10952.5 -9903.86 -8829.89 -7738.48 -6629.24 -5506.49 -4375.3 -3236.93 -2091.99 -947.059 199 
100 -1044.05 -2183.39 -3321.1 -4449.27 -5569.28 -6680.7 -7766.32 -8830.96 -9879.62 -10908.3 -11916.3 -12892.2 -13834 -14762 -15663.3 -16532.4 -17379.9 -18197.9 -18994.4 -19761.3 -20494 -21199.4 -21880.7 -22535.2 -23163.3 -23765.3 -24334.1 -24860.5 -25362 -25828.7 -26258.2 -26652.2 -27007.6 -27329 -27622.1 -27885.4 -28123.6 -28344.6 -28539.5 -28705.3 -28848.7 -28952.3 -29017.9 -29053.5 -29081.6 -29103.2 -29108.5 -29103.3 -29094.5 -29077.3 -29072 -29077.2 -29075.2 -29071 -29055.1 -29011.5 -28946.6 -28851.3 -28728.5 -28583.4 -28411.5 -28208.8 -27978.4 -27733.5 -27451.9 -27132.5 -26782 -26395.4 -25974.4 -25527.2 -25047.3 -24533.2 -23978.7 -23389.6 -22768.7 -22115.6 -21436.3 -20728.5 -19986.3 -19204.6 -18389 -17550.4 -16692.6 -15803 -14881.8 -13942.3 -12974.4 -11990.4 -10978.7 -9928.24 -8849.56 -7743 -6624.48 -5499.2 -4369.13 -3234.33 -2094.99 -949.496 199 
100 -1042.32 -2183.88 -3323.16 -4449.29 -5559.27 -6655.78 -7745.34 -8822.51 -9882.97 -10920.4 -11935.9 -12929.8 -13890.3 -14810.4 -15692.7 -16548.7 -17382.8 -18204.8 -19004.3 -19781.5 -20512.3 -21207.1 -21880.5 -22537.7 -23164 -23756.5 -24295.9 -24801.2 -25292.6 -25757.7 -26189.7 -26581.2 -26937 -27268.4 -27567.2 -27836 -28080.5 -28304.9 -28499.4 -28664.7 -28807.4 -28914.8 -28987.9 -29034.9 -29069.2 -29086.5 -29078 -29070.7 -29070.1 -29070.3 -29075.7 -29085.3 -29086.4 -29079.6 -29043.9 -28985.4 -28915.6 -28819.9 -28698.2 -28548.8 -28383.4 -28201.7 -27984.4 -27735.1 -27441.4 -27099.7 -26717.9 -26319.6 -25895.3 -25445.6 -24970.2 -24463 -23925 -23350.2 -22737.3 -22090.6 -21414.3 -20714.5 -19978.9 -19212.1 -18410.3 -17571.4 -16713.4 -15836.1 -14933.2 -14002.6 -13036.1 -12029.3 -10999.9 -9944.07 -8863.58 -7763.63 -6648.59 -5524.14 -4388.73 -3247.18 -2098.75 -950.315 199 
100 -1042.73 -2181.49 -3318.63 -4446.85 -5566.79 -6677.7 -7763.72 -8827.96 -9877.32 -10910 -11922.4 -12904 -13853.3 -14788 -15695.8 -16569.2 -17420.3 -18240.5 -19037 -19799.2 -20533.3 -21238.3 -21919.4 -22575 -23200.8 -23801.4 -24366.9 -24892.2 -25388.8 -25851.8 -26277.2 -26670.7 -27022.8 -27340 -27629.5 -27891.8 -28131.1 -28351.6 -28544.7 -28709.4 -28852.1 -28959.3 -29030 -29061.6 -29084.9 -29104.7 -29103 -29094.5 -29086 -29069 -29062.9 -29068.1 -29064.1 -29054.7 -29035.9 -28998.2 -28934.1 -28838.6 -28719.5 -28578.5 -28403.7 -28198.5 -27967.3 -27721.5 -27432.8 -27110.6 -26758.6 -26371 -25949.3 -25501.9 -25016.2 -24504.8 -23959.6 -23373.1 -22758 -22116 -21444.6 -20738.9 -19996.7 -19215.1 -18399.1 -17559.4 -16700.7 -15811.9 -14892.1 -13951.9 -12985.5 -12002.2 -10985.1 -9931.97 -8849.81 -7743.24 -6625.86 -5501.02 -4371.54 -3236.05 -2096.02 -950.068 199 
100 -1045.06 -2188.48 -3330.24 -4460.22 -5573.27 -6672.9 -7767.3 -8846.65 -9913.58 -10955.2 -11970.4 -12963.6 -13920 -14840 -15720.7 -16576.6 -17410.7 -18233 -19033 -19813.3 -20550.1 -21249.8 -21928.8 -22591.9 -23224.2 -23815.5 -24356.6 -24866 -25360.3 -25828.4 -26258 -26650.5 -27003.9 -27330.9 -27628 -27896.5 -28137.6 -28364.5 -28560.6 -28727.1 -28870.9 -28980.8 -29056.7 -29102.3 -29136.3 -29156.6 -29147.3 -29138 -29135.6 -29132.4 -29132.7 -29137.7 -29135.2 -29127.1 -29096.6 -29041.9 -28970.7 -28874.5 -28753.7 -28602.5 -28438.5 -28257.6 -28042.2 -27792.6 -27502.5 -27160.3 -26775.5 -26366.4 -25936.9 -25481.3 -25005.9 -24501.3 -23966.1 -23389.9 -22777.2 -22127.2 -21448.3 -20745.8 -20005.9 -19237.2 -18435 -17594.4 -16736.3 -15861.3 -14957.6 -14022 -13054.1 -12047.4 -11013.6 -9956.59 -8875.98 -7775.79 -6656.65 -5529.75 -4391.17 -3247.55 -2098.94 -950.322 199 
100 -1049.86 -2196.31 -3340.91 -4477.4 -5605.97 -6724.13 -7817.17 -8889.9 -9946.63 -10988.3 -12012.8 -13008.8 -13972.1 -14912.1 -15823.5 -16704.9 -17560.2 -18385.4 -19185.8 -19953.9 -20695.2 -21404.8 -22087.7 -22744.2 -23369.6 -23970.7 -24544 -25078.9 -25582 -26051.3 -26486 -26887.6 -27244.3 -27565.1 -27855 -28117.5 -28357.7 -28573.7 -28762 -28926.3 -29065.8 -29171.8 -29243.3 -29274.3 -29293.2 -29305.4 -29294.8 -29280.6 -29269.7 -29245.9 -29234.8 -29235.5 -29232 -29219.3 -29198.3 -29157.6 -29087.6 -28988.1 -28862.6 -28715.6 -28539.4 -28332 -28097.4 -27847.6 -27552.2 -27223.5 -26864.8 -26468.4 -26043.1 -25589.5 -25103.3 -24590.6 -24044.2 -23456 -22840.6 -22197.2 -21523.1 -20810.3 -20064.6 -19282.9 -18465.7 -17623.5 -16761.8 -15870.6 -14946.9 -14001.9 -13029.9 -12041.4 -11021.1 -9966.05 -8879.64 -7768.45 -6648.41 -5520.43 -4387.81 -3248.18 -2104.03 -954.073 199 
100 -1050.49 -2198.54 -3345.53 -4483.08 -5604.87 -6713.3 -7815.66 -8899.83 -9972.08 -11020.3 -12044.6 -13042.3 -14001.6 -14930.9 -15820.2 -16684.7 -17523.5 -18347.5 -19148.4 -19930.8 -20672.4 -21375.8 -22061.7 -22729.1 -23369.4 -23965.5 -24514 -25030.3 -25526.2 -25996.4 -26424.7 -26818 -27177 -27509 -27810.9 -28085.8 -28331.1 -28559.5 -28760 -28926.8 -29071.5 -29183.3 -29259.7 -29302.9 -29332.4 -29348.3 -29341.5 -29332.3 -29331 -29326.5 -29325.2 -29324.7 -29320.9 -29307.3 -29276.6 -29219.4 -29142.1 -29042.7 -28918.8 -28764.2 -28594.9 -28404.8 -28182.9 -27921.5 -27627.4 -27280.3 -26891.6 -26473.7 -26039.7 -25580.3 -25101.3 -24593.6 -24051.9 -23467.2 -22845 -22186.9 -21504.8 -20798.3 -20054.3 -19281.1 -18473.9 -17626.1 -16764 -15888.3 -14986.6 -14045.8 -13075.6 -12070.8 -11036.7 -9979.97 -8898.98 -7797.29 -6675.98 -5545.22 -4403.87 -3257.44 -2105.49 -953.543 199 
100 -1050.4 -2197.7 -3342.98 -4480.91 -5610.75 -6728.41 -7822.81 -8899.65 -9957.91 -11001.4 -12024.9 -13019.4 -13983.3 -14923.1 -15835 -16723 -17579.2 -18406.3 -19203.3 -19971.4 -20712.1 -21416.1 -22098.2 -22753.1 -23380.5 -23978.6 -24551.4 -25086.7 -25591.5 -26061.3 -26498.3 -26900 -27259.8 -27583.4 -27874.6 -28139 -28385.5 -28606.2 -28798.4 -28963 -29098.2 -29202.7 -29272.9 -29304.7 -29323.9 -29334.4 -29323.3 -29309 -29298.9 -29275.3 -29264.2 -29263.6 -29256.2 -29235.1 -29202.4 -29154.7 -29078.6 -28978.3 -28851.4 -28704.6 -28531.3 -28324.7 -28092.9 -27843.6 -27554 -27226.6 -26867.9 -26471.1 -26048.4 -25595.6 -25113.4 -24605 -24063.6 -23480.6 -22868.4 -22224.8 -21552 -20840.8 -20095.8 -19317.2 -18499.3 -17657.8 -16792.8 -15901.6 -14976.6 -14028.2 -13057.1 -12065.6 -11040 -9986.53 -8902.56 -7792.14 -6670.12 -5537.49 -4400.49 -3256.26 -2108.27 -956.134 199 
100 -1049.27 -2195.84 -3341.67 -4478.69 -5601.97 -6712.86 -7815.78 -8902.47 -9976.9 -11027.1 -12048.9 -13044.9 -14002.9 -14935.8 -15832.5 -16706.5 -17554.5 -18378.1 -19179.6 -19960.5 -20709.2 -21416.2 -22102.9 -22766.1 -23408.2 -24004 -24555.9 -25073.8 -25568.9 -26038.1 -26467.6 -26858.7 -27218.5 -27550.9 -27854.8 -28131.4 -28379.8 -28611.1 -28813.5 -28982.6 -29125.9 -29237.8 -29318.5 -29365.6 -29397.4 -29417 -29416.6 -29413.8 -29415 -29413.2 -29415.5 -29418.7 -29420 -29410.8 -29383.1 -29327.9 -29250.1 -29153.1 -29032.8 -28883.2 -28719.2 -28528 -28302.8 -28038.8 -27748.3 -27403.8 -27019.6 -26605.6 -26174.2 -25717.6 -25233.4 -24719.8 -24174.6 -23589.9 -22973 -22317.9 -21634.1 -20921.7 -20173.2 -19394.7 -18586.5 -17733.7 -16863.5 -15980.7 -15076.6 -14128.1 -13151.6 -12142.4 -11105.8 -10043.3 -8951.14 -7838.81 -6709.96 -5574.47 -4428.78 -3277 -2118.59 -959.794 199 
100 -1053.84 -2204.91 -3353.79 -4496.36 -5630.54 -6750.68 -7849.23 -8929.7 -9987.45 -11028.6 -12046.7 -13040.9 -14008.9 -14952.1 -15867.5 -16759.8 -17618.2 -18449.2 -19247.3 -20024 -20770 -21477.1 -22156.1 -22805.8 -23433.7 -24032.5 -24606.6 -25143.7 -25646.9 -26116 -26557.7 -26963 -27324.7 -27647.9 -27940 -28205.8 -28455.8 -28675.7 -28868 -29033.2 -29166.6 -29274 -29343 -29379.1 -29395.9 -29402.5 -29391.5 -29377.6 -29364.7 -29339.4 -29325.8 -29324.1 -29316.7 -29293.1 -29255.5 -29202.1 -29123.7 -29022.5 -28896.9 -28752.8 -28585.1 -28384.9 -28161.8 -27918.6 -27638.8 -27315.9 -26962.1 -26569.3 -26151.9 -25702.3 -25223.1 -24716.6 -24173.8 -23592.4 -22979.7 -22333.2 -21658.5 -20945.5 -20199.1 -19419.4 -18597.5 -17750.4 -16881.3 -15987.8 -15056.2 -14103.5 -13127.9 -12126 -11089.4 -10031.8 -8941.66 -7827.04 -6701.14 -5563.58 -4421.77 -3272.8 -2118.5 -961.138 199 
100 -1052.14 -2202.16 -3351.36 -4492.27 -5617.99 -6733.84 -7839.16 -8931.91 -10008.3 -11062.2 -12086 -13082.7 -14042.5 -14978.3 -15881.8 -16760.8 -17613.8 -18436.1 -19240 -20022.4 -20777.4 -21489.5 -22176.5 -22838.9 -23479.4 -24076.4 -24627.9 -25144.5 -25637.5 -26110.5 -26544.9 -26935.4 -27297.9 -27627.3 -27928.3 -28202.4 -28454 -28689.5 -28894.1 -29066.9 -29210 -29322 -29405.6 -29453.7 -29484.4 -29504 -29506.2 -29508 -29509.9 -29507 -29508.5 -29513.3 -29519.9 -29510 -29479.6 -29423.6 -29343.6 -29244.8 -29123.4 -28972.5 -28805.9 -28609.5 -28381.3 -28109.4 -27813.4 -27469.7 -27084.5 -26670.5 -26240.7 -25784.5 -25297.1 -24782.4 -24233.1 -23643.3 -23022.6 -22367.8 -21683.3 -20972.2 -20225.3 -19444.8 -18630.5 -17777.8 -16904.6 -16018.9 -15113.6 -14163.6 -13183.3 -12173.3 -11136.2 -10075.3 -8980.28 -7865.43 -6733.76 -5594.85 -4447.44 -3292.53 -2129.2 -965.1 199 
100 -1055.63 -2208.41 -3358.26 -4503.62 -5639.41 -6758.5 -7855.58 -8936.47 -9998.42 -11042.5 -12062.4 -13058.3 -14027 -14970.4 -15890.2 -16788.8 -17650.4 -18484 -19286.5 -20071.7 -20823.3 -21534.2 -22212.8 -22865.3 -23495.7 -24094.1 -24664.5 -25196.9 -25691 -26153.4 -26593.6 -26999.6 -27363.3 -27687 -27979.9 -28245.1 -28497.5 -28718.6 -28913.2 -29078.7 -29211.8 -29324.1 -29397.5 -29436 -29452.7 -29457.7 -29449.4 -29441.2 -29431.7 -29412.4 -29401.8 -29400.6 -29398.4 -29377.9 -29341.7 -29288.4 -29212 -29112.5 -28989.6 -28847.9 -28683.9 -28480.4 -28254.2 -28006.8 -27721.3 -27394.1 -27035.9 -26636.3 -26216.2 -25766.2 -25286.2 -24771.9 -24224.2 -23647 -23032.7 -22383.8 -21703 -20983.2 -20232 -19450 -18628.2 -17775.3 -16902.1 -16004.4 -15072.6 -14118.8 -13145.4 -12141.5 -11105.9 -10047.9 -8955.99 -7843.01 -6716.32 -5577.91 -4434.9 -3284.78 -2127.15 -965.337 199 
100 -1053.21 -2204.77 -3355.47 -4497.71 -5624.86 -6743.83 -7848.15 -8941.04 -10018.5 -11070.6 -12091.7 -13083.1 -14045.5 -14982.4 -15886 -16763.1 -17614.9 -18436 -19240 -20022.1 -20780.1 -21497.8 -22181.8 -22839.6 -23478.6 -24077.6 -24631.5 -25151.8 -25647.5 -26120.9 -26558.4 -26951.1 -27316.4 -27646.4 -27948.7 -28223.3 -28478.5 -28713.8 -28914.9 -29082.4 -29221.8 -29331.1 -29413.3 -29463.6 -29496.2 -29519.3 -29526.7 -29531.2 -29532.7 -29532.4 -29539.8 -29550.4 -29560.3 -29548.1 -29520 -29465.4 -29389.9 -29293.3 -29172.6 -29026.1 -28857.1 -28657.4 -28428.7 -28157.5 -27861.6 -27515.9 -27130.8 -26715.7 -26283.3 -25821.3 -25331.3 -24814.9 -24263.7 -23675 -23056 -22406.1 -21724.3 -21014 -20264.3 -19484.8 -18671.9 -17824.3 -16949.5 -16058.3 -15148.4 -14193.3 -13208.7 -12191.5 -11150.6 -10087.5 -8989.15 -7873.53 -6741.28 -5599.21 -4451.29 -3296.2 -2131.96 -966.482 199 
100 -1057.77 -2213.01 -3365.16 -4512.9 -5647.33 -6765.85 -7866.48 -8948.06 -10015.1 -11062.1 -12085.4 -13083 -14055 -15003.8 -15926.8 -16825.5 -17682.3 -18516.6 -19320.4 -20105.8 -20854.3 -21559.3 -22234.3 -22889.3 -23526.5 -24132.3 -24707.4 -25249.9 -25746.3 -26214 -26658.3 -27061.6 -27425.5 -27746.6 -28036.8 -28302.3 -28554 -28774.3 -28971.4 -29138 -29271.5 -29387.9 -29460.3 -29498.4 -29509.6 -29506.6 -29495 -29484.9 -29472.3 -29455.5 -29441.6 -29435.5 -29432.4 -29409.5 -29369.6 -29313.3 -29235.5 -29135.8 -29011.8 -28867.2 -28699.4 -28494.6 -28267.4 -28020.7 -27734.3 -27408.2 -27047.5 -26643 -26218.2 -25767.9 -25291 -24773.1 -24219.6 -23638.7 -23021.2 -22372.9 -21688.6 -20970.3 -20220.2 -19437.8 -18617.6 -17764.3 -16893.3 -16001.4 -15075.1 -14123.9 -13151.8 -12143.4 -11107.2 -10046.3 -8957.28 -7846.33 -6721.45 -5583.41 -4439.6 -3288.26 -2128.67 -966.115 199 
100 -1056.29 -2210.27 -3363.4 -4507.66 -5637.37 -6760.01 -7867.43 -8963.38 -10045.9 -11101.6 -12127.1 -13120.4 -14089.4 -15030.6 -15938.8 -16817.5 -17669.9 -18492.1 -19293.8 -20074.5 -20832.2 -21551.5 -22228.7 -22885.6 -23523.3 -24123.2 -24677.5 -25197.3 -25695.1 -26168.6 -26607.7 -27001.9 -27369.8 -27700.5 -27998.5 -28272.5 -28528.4 -28763.4 -28964.7 -29132.2 -29270.6 -29378.8 -29460.3 -29512.1 -29541.1 -29560.8 -29569.2 -29574.8 -29574.6 -29571.7 -29577.5 -29586.8 -29602.5 -29595.7 -29570.9 -29517.2 -29443.4 -29346.5 -29225 -29079.2 -28907.6 -28706.3 -28475.9 -28202 -27901.8 -27554.5 -27166.2 -26748.2 -26314 -25848 -25354 -24835.3 -24279.8 -23689.6 -23068.8 -22417 -21732.6 -21016.6 -20262.4 -19480.8 -18666.7 -17821.1 -16948.2 -16056.7 -15146.5 -14192.2 -13208.6 -12186.4 -11143.1 -10081.3 -8986.54 -7874.4 -6743.97 -5600.49 -4452.58 -3296.21 -2132.98 -966.991 199 
100 -1058.54 -2214.94 -3368.05 -4514.81 -5647.89 -6764.97 -7868.74 -8956 -10026.4 -11072.5 -12096.1 -13093 -14063.5 -15011.9 -15934 -16829.9 -17684 -18515.6 -19320.5 -20105.9 -20856 -21560.6 -22235.3 -22892.4 -23532.5 -24141.3 -24716.6 -25259.9 -25750.6 -26216.9 -26657.2 -27058.4 -27424.9 -27748.7 -28044.1 -28314 -28564.6 -28786.9 -28987 -29155.6 -29289.9 -29407 -29480.3 -29520.7 -29530.4 -29524.4 -29511.7 -29505.1 -29498.8 -29483.8 -29469.3 -29460.6 -29454.7 -29421.1 -29371.8 -29310.3 -29233.3 -29138 -29018 -28877 -28707.3 -28501.6 -28267.6 -28016.3 -27733.5 -27415.4 -27060.4 -26658.7 -26231.9 -25781.2 -25302.5 -24785.9 -24231.5 -23647.7 -23025.2 -22375.8 -21691.7 -20976.8 -20227.9 -19448.5 -18627.1 -17772 -16899.9 -16007.3 -15080.6 -14127.6 -13151.9 -12141 -11108.1 -10047.4 -8960.92 -7852.94 -6731.66 -5595.44 -4449.38 -3294.05 -2133.02 -968.274 199 
100 -1057.47 -2212.17 -3365.96 -4510.05 -5640.91 -6764.26 -7871.99 -8968.24 -10050.8 -11104.8 -12130.6 -13122.4 -14087.9 -15027.5 -15937 -16816.6 -17668.2 -18490.4 -19292.2 -20072.7 -20833.4 -21554.5 -22230.8 -22887.8 -23526.9 -24132 -24691.2 -25214.2 -25717.6 -26194.9 -26637.8 -27033.2 -27395 -27724.9 -28016.4 -28288.6 -28545.2 -28776.6 -28974.1 -29143.3 -29284.7 -29390 -29469.6 -29520.2 -29549.3 -29568.2 -29580 -29587 -29588.5 -29583.2 -29594.1 -29611.5 -29635.3 -29638.7 -29616.3 -29566 -29494.5 -29400.1 -29278.3 -29132.9 -28960.8 -28758.7 -28523.8 -28251.7 -27946.8 -27602.4 -27218.4 -26805 -26374.4 -25912.7 -25419 -24901 -24347.2 -23763.3 -23148 -22499.3 -21823.2 -21108.3 -20358 -19578.1 -18760.2 -17910.5 -17034.3 -16137.1 -15217.6 -14256.2 -13266.6 -12241 -11193.5 -10126.6 -9026.91 -7909.8 -6773.89 -5625.74 -4471.84 -3310.27 -2143.52 -972.261 199 
100 -1058.49 -2215.34 -3368.63 -4514.22 -5647.95 -6763.14 -7867.87 -8958.99 -10030.9 -11080.7 -12100.7 -13094.6 -14063.7 -15015 -15937.8 -16834 -17686.5 -18517.5 -19324.8 -20111.3 -20860.3 -21566 -22239.2 -22898.2 -23539.5 -24150.1 -24731.7 -25278.5 -25770.9 -26239.4 -26681.8 -27083.6 -27449.1 -27771.4 -28065.9 -28336.4 -28583.9 -28810.7 -29008.5 -29175.5 -29306 -29417.9 -29492.6 -29534.2 -29543.4 -29536.7 -29521.2 -29513.5 -29508 -29496.9 -29486.9 -29481.1 -29479.7 -29453.2 -29412.4 -29358.7 -29284.6 -29189.5 -29071.2 -28930.8 -28759.3 -28553.5 -28318.7 -28065.6 -27784.9 -27468.4 -27112.4 -26715.1 -26288 -25838.5 -25360.2 -24846.2 -24291.6 -23710.9 -23083.5 -22426.8 -21739 -21022.7 -20275.3 -19498.9 -18679.8 -17822.9 -16950.9 -16059.3 -15132.9 -14177.9 -13199.7 -12184.8 -11147.7 -10089.2 -9004.21 -7895.45 -6768.83 -5626.49 -4474.4 -3311.17 -2144.9 -974.161 199 
100 -1063.08 -2226.16 -3388.62 -4540.28 -5680.45 -6809.58 -7920.58 -9021.98 -10105.9 -11163 -12193.5 -13192.3 -14164.2 -15110.8 -16025.1 -16915 -17776.7 -18607.2 -19414.9 -20201 -20964.7 -21688.9 -22370.2 -23027.1 -23666.6 -24279.6 -24844.7 -25375.4 -25879.3 -26355 -26798.6 -27199.3 -27564.1 -27897.5 -28189.7 -28464.7 -28722.6 -28952.2 -29147.9 -29314.9 -29457.6 -29563.7 -29643.6 -29694.3 -29723 -29741.4 -29754.7 -29762.9 -29765.7 -29759.7 -29771.8 -29794.6 -29822 -29827.8 -29806.3 -29759.8 -29691.6 -29599.9 -29474.3 -29326.8 -29152.4 -28947.1 -28706.2 -28431.1 -28119.4 -27773.3 -27387.7 -26974.8 -26540.4 -26080 -25586 -25064 -24507.8 -23918.6 -23297.9 -22644.2 -21967.2 -21252.6 -20503.2 -19721.3 -18903.4 -18055.6 -17180.8 -16279.4 -15351.7 -14382.8 -13386.3 -12353 -11294.8 -10216 -9106.04 -7979.44 -6835.92 -5681.41 -4520.17 -3347.57 -2167.37 -984.186 199 
100 -1064.36 -2227.63 -3387.04 -4537.99 -5677.56 -6798.29 -7909.53 -9006.89 -10084.9 -11146.1 -12175 -13177.6 -14156 -15114.6 -16044.2 -16945.5 -17803.3 -18641 -19456.1 -20246.2 -20995.2 -21708.1 -22386.7 -23052.8 -23699.8 -24316.5 -24902.4 -25449.2 -25948 -26420.9 -26865.1 -27271.7 -27641 -27972.2 -28270.9 -28544.5 -28792.8 -29025.2 -29221.4 -29385 -29515.3 -29623.9 -29697.6 -29735.3 -29740.7 -29732 -29712.8 -29706.7 -29703.5 -29693.1 -29685 -29681.4 -29677.2 -29652.1 -29612.9 -29562.8 -29489.5 -29391.2 -29272.3 -29130 -28954.4 -28748.7 -28511.6 -28254.7 -27970.6 -27649.3 -27292.3 -26898.4 -26473.7 -26020.7 -25533.5 -25016.9 -24460.6 -23879 -23248 -22585.8 -21896.5 -21180.6 -20432.3 -19651.3 -18825 -17962.6 -17084.7 -16191.8 -15264.9 -14302.1 -13313.7 -12285.5 -11234.7 -10166.7 -9068.82 -7951.55 -6819.17 -5669.95 -4508.88 -3336.99 -2161.77 -982.901 199 
100 -1065.27 -2230.55 -3395.24 -4548.4 -5690.75 -6821.74 -7935.7 -9038.72 -10124.3 -11182.4 -12210.7 -13209 -14183.8 -15133.5 -16051.8 -16947.3 -17810.8 -18646.8 -19464.3 -20254 -21016.2 -21738.1 -22418.6 -23073.9 -23709.3 -24319.7 -24884.9 -25415.8 -25920.2 -26394.7 -26833.1 -27234.9 -27604.4 -27940.1 -28231.5 -28504 -28756.5 -28985.9 -29179 -29344.6 -29489.2 -29598.8 -29681.4 -29737.6 -29771.7 -29790.5 -29806.8 -29815.7 -29816.5 -29812 -29825.1 -29849.9 -29878 -29879.4 -29859.4 -29815.5 -29748.4 -29656.6 -29529.8 -29380.1 -29203.3 -28993.4 -28747.5 -28475.4 -28168.4 -27825.8 -27444.2 -27032.1 -26594.8 -26133.4 -25637 -25111.9 -24550.2 -23959.2 -23341.2 -22689.1 -22009.5 -21290.2 -20534.6 -19748.5 -18927.3 -18078.2 -17205.6 -16302.2 -15369 -14398.1 -13401.2 -12368.8 -11312 -10232.5 -9123.13 -7995.85 -6848.17 -5689.46 -4524.34 -3349.17 -2168.83 -984.914 199 
100 -1065.63 -2230.76 -3391.7 -4543.74 -5683.48 -6806.27 -7919.31 -9018.84 -10099.6 -11166.3 -12200.1 -13199.1 -14175.2 -15130.2 -16061.3 -16963.2 -17826 -18668.4 -19483.8 -20273.1 -21022.1 -21737.7 -22415.9 -23081.1 -23726.2 -24344.9 -24932.3 -25473.1 -25975.9 -26449.3 -26889.6 -27297.9 -27669.6 -28001.6 -28303 -28577.6 -28825 -29056.4 -29253.2 -29416.2 -29548 -29651.8 -29725 -29763.2 -29775.7 -29772.3 -29757.8 -29755.9 -29755.2 -29743.6 -29734.8 -29732.4 -29723.4 -29697.3 -29658 -29609.4 -29535.6 -29433.7 -29315 -29169.6 -28992.9 -28786.7 -28546.5 -28287.4 -28001.9 -27675.6 -27316 -26921.5 -26499 -26047.7 -25569.1 -25054.4 -24498.3 -23917.9 -23290.5 -22625.5 -21936 -21220.5 -20470.1 -19685.8 -18854.5 -17992.5 -17112.3 -16216.1 -15288.2 -14320.1 -13328.3 -12299.3 -11249.5 -10185.6 -9084.94 -7965.28 -6830 -5677.99 -4514.81 -3341.73 -2164.35 -984.56 199 
100 -1065.11 -2230.21 -3394.73 -4547.14 -5689.31 -6820.66 -7936.5 -9038.74 -10122.7 -11179.3 -12204.8 -13200.2 -14176.6 -15129.9 -16048.4 -16944.8 -17806.3 -18642.3 -19463.3 -20257.7 -21017 -21733.2 -22409.5 -23061.4 -23696.1 -24307.6 -24873.7 -25405.6 -25914 -26388.2 -26824 -27223.1 -27591.9 -27925.5 -28217.1 -28489.5 -28740.3 -28968.8 -29161.8 -29327.3 -29472 -29582.9 -29659.8 -29710.4 -29743.9 -29761.9 -29775.4 -29785.5 -29785.6 -29783.4 -29796.7 -29820.6 -29847.4 -29849.1 -29829.4 -29788.2 -29720.5 -29627.3 -29499 -29350.7 -29174.4 -28964.5 -28716.8 -28444.2 -28135.2 -27791.2 -27413.9 -27005.9 -26572.1 -26113.9 -25624.7 -25104.9 -24547.8 -23960.8 -23345.5 -22696.3 -22017 -21296.9 -20542.2 -19756.2 -18935.3 -18082.3 -17208.2 -16303.7 -15368.6 -14394.3 -13394 -12361.1 -11305.3 -10224.3 -9119.61 -7995.86 -6851.07 -5693.11 -4527.74 -3352.27 -2172.26 -988.003 199 
100 -1070.17 -2240.34 -3406.26 -4564.23 -5707.39 -6835.71 -7953.28 -9057.38 -10142.5 -11211.5 -12249.6 -13250.5 -14224.9 -15178.2 -16110.2 -17012.9 -17877.9 -18721.5 -19540.9 -20334.1 -21087.4 -21806.8 -22489.2 -23156.1 -23802.2 -24423.8 -25011.2 -25549.8 -26055.2 -26529.3 -26967.7 -27373.9 -27744.5 -28075.3 -28377.1 -28652 -28901.7 -29134.3 -29334.6 -29498.8 -29632.8 -29733.2 -29809.8 -29851.1 -29867.1 -29872.5 -29860 -29855 -29850.2 -29839.2 -29832.3 -29833.4 -29825.2 -29804.3 -29765.8 -29718.3 -29647.9 -29543.8 -29423.7 -29277.7 -29099.2 -28896.7 -28656.8 -28394.2 -28106.9 -27778.7 -27417.4 -27027.2 -26605.3 -26153.1 -25672.7 -25158 -24599.6 -24011.1 -23377.1 -22709.5 -22022.7 -21307.7 -20553.8 -19765.6 -18932.8 -18068 -17184.1 -16285.6 -15354.7 -14386.2 -13392.7 -12364.5 -11313.7 -10247.9 -9146.21 -8020.27 -6875.46 -5715.78 -4542.85 -3362.94 -2178.08 -991.705 199 
100 -1072.38 -2244.77 -3416.21 -4574.26 -5718.09 -6846.54 -7958.76 -9059.9 -10141.6 -11197.5 -12225.5 -13223.4 -14200.6 -15154.6 -16076 -16975.4 -17836.4 -18674.4 -19494.9 -20289.8 -21050.3 -21769.6 -22447.3 -23101.2 -23739.3 -24348.3 -24917.3 -25451.4 -25969.5 -26452.5 -26894.5 -27297.6 -27664.9 -27997.2 -28290.1 -28563.9 -28814.6 -29042.7 -29234.7 -29400.9 -29549.7 -29662.8 -29738.9 -29791.4 -29828.6 -29849.3 -29859.8 -29872.4 -29871 -29872.6 -29887.8 -29914.1 -29941.2 -29945.8 -29930.7 -29895.5 -29827.7 -29731.9 -29603.1 -29456.6 -29280.5 -29071.3 -28824.2 -28549.6 -28237.6 -27890.9 -27512.1 -27102.1 -26664.3 -26199.4 -25706.6 -25183.9 -24625.7 -24034.9 -23416.4 -22765.5 -22080.7 -21355.2 -20598.1 -19812.9 -18998.1 -18143 -17261.8 -16350.7 -15414 -14438.2 -13434.7 -12402.1 -11346.2 -10263.4 -9153.97 -8025.81 -6876.52 -5714.71 -4544.8 -3365 -2180.99 -992.413 199 
100 -1074.32 -2247.53 -3416.84 -4580.6 -5727.01 -6858.55 -7977.95 -9085.73 -10177.5 -11249.3 -12289.6 -13296.4 -14273.2 -15225.1 -16157 -17056.2 -17924.5 -18770.7 -19591.1 -20383.4 -21135.4 -21850.9 -22530.3 -23192.6 -23835.4 -24456.4 -25037.4 -25572.8 -26077 -26552.7 -26992.3 -27398.9 -27768.4 -28101.2 -28403.3 -28678.5 -28926.5 -29150.9 -29349.4 -29516.9 -29653 -29753.6 -29829 -29871.4 -29888.5 -29896.3 -29886.4 -29889.7 -29891 -29883.7 -29881.9 -29885.8 -29880.7 -29862.1 -29828.3 -29781 -29711.7 -29607.3 -29485 -29339.1 -29156.9 -28951.4 -28708.3 -28441 -28151.7 -27820.8 -27457.1 -27067.2 -26645.5 -26189.3 -25705.4 -25192 -24632.5 -24041.2 -23408.9 -22737.6 -22049.1 -21329.4 -20569.5 -19779.5 -18949.4 -18088.1 -17206.6 -16305.7 -15373 -14405.5 -13406.9 -12380.2 -11330.2 -10264.2 -9163.6 -8034.93 -6886.11 -5722.88 -4547.81 -3367.67 -2181.11 -992.966 199 
100 -1077.13 -2254.27 -3429.1 -4592.27 -5741.67 -6873.53 -7991.24 -9093.65 -10175.2 -11232.9 -12262.1 -13261.6 -14241.2 -15196.8 -16124.3 -17032.6 -17899.9 -18745 -19568.1 -20364.7 -21124.6 -21844.7 -22526.5 -23184 -23826.4 -24438.3 -25010.5 -25544.5 -26065 -26552.1 -26995.8 -27401.8 -27769.2 -28103.8 -28399.6 -28673.9 -28924.7 -29150.8 -29341.3 -29509.7 -29661.1 -29773.7 -29852.6 -29905.6 -29947.7 -29969.6 -29981.9 -30002.4 -30005.5 -30012.7 -30028.8 -30054.4 -30074.6 -30077.1 -30057.9 -30015.5 -29941.1 -29839.1 -29707.8 -29559.3 -29377.1 -29162.3 -28917 -28638.2 -28318.7 -27968.7 -27589.5 -27176.8 -26734.7 -26264.9 -25767.4 -25239.9 -24680.1 -24085.5 -23469.4 -22820.2 -22138.3 -21414.6 -20656.8 -19871.5 -19056.4 -18199 -17305.2 -16381.5 -15431.2 -14450.4 -13445.2 -12411.6 -11357.9 -10279.4 -9170.73 -8040.63 -6887.97 -5722.74 -4549.29 -3368.09 -2183.1 -993.505 199 
100 -1075.18 -2249.54 -3420.41 -4586.31 -5731.05 -6861.44 -7981.46 -9090.72 -10185.9 -11257.4 -12301.1 -13313.2 -14295.6 -15250 -16183.5 -17080.8 -17950.4 -18795.7 -19611.7 -20401.9 -21154.9 -21873.3 -22557.2 -23218.3 -23858.9 -24478.9 -25061.7 -25603.9 -26112.7 -26590.4 -27032 -27441.7 -27812.8 -28147.3 -28447.1 -28723.6 -28979 -29209 -29405.8 -29567.3 -29697.9 -29801.4 -29880.2 -29927.9 -29949.1 -29957.4 -29940.7 -29939.3 -29940.1 -29934.3 -29933.6 -29939.7 -29935.4 -29915.4 -29880.2 -29830.8 -29759.2 -29655.4 -29535.2 -29391.9 -29210.9 -29005.9 -28759.1 -28490.9 -28203.9 -27877 -27510.2 -27119.4 -26697.3 -26238.3 -25752.6 -25237.2 -24673.4 -24075.1 -23442 -22778.3 -22092.5 -21371.6 -20608.4 -19815.1 -18987.7 -18130 -17250.4 -16344.2 -15408.9 -14441.2 -13439 -12411.3 -11359.4 -10287.6 -9186.32 -8055.6 -6901.24 -5732.78 -4555.58 -3373.59 -2185.1 -994.467 199 
100 -1077.2 -2254.4 -3427.68 -4590.65 -5740.04 -6870.03 -7987.97 -9089.52 -10168.9 -11224.4 -12248.3 -13240.5 -14215.8 -15170.1 -16098.3 -17004.6 -17873.4 -18718.8 -19537.2 -20333 -21090.4 -21808.3 -22491.2 -23150.1 -23792.1 -24400.2 -24971.2 -25507.6 -26028.5 -26515.6 -26958.9 -27364.9 -27734.7 -28071.8 -28374.1 -28649.3 -28899.6 -29128.8 -29319.5 -29484.7 -29632.6 -29742.3 -29819.3 -29871.4 -29915.2 -29938.4 -29950.5 -29976.3 -29979.8 -29988.3 -30004.7 -30033.4 -30058.3 -30064.9 -30048.6 -30009.8 -29935.5 -29833.9 -29705.8 -29560.7 -29379 -29162.5 -28916.1 -28636.4 -28314.4 -27964.3 -27584.7 -27171 -26726.6 -26259.8 -25762.3 -25242.9 -24692.2 -24103.3 -23491.1 -22845.7 -22165.1 -21444.4 -20690 -19906 -19090.3 -18234.7 -17335.5 -16405.2 -15452.6 -14473.4 -13465.3 -12428.2 -11375.5 -10301.5 -9191.8 -8054.78 -6899.99 -5732.94 -4557.18 -3373.32 -2185.27 -993.441 199 
100 -1075.51 -2250.52 -3422.42 -4589.77 -5734.16 -6863.46 -7986.01 -9095.99 -10195.1 -11267 -12312.2 -13325.2 -14309.9 -15261.4 -16191.3 -17087.7 -17958.2 -18806.3 -19622.7 -20413.1 -21170.8 -21894.6 -22584.8 -23249.9 -23894.6 -24511.4 -25091 -25634.1 -26148.6 -26632.6 -27083.8 -27498.2 -27871.3 -28209.1 -28511.3 -28792.5 -29050.8 -29279.1 -29472.4 -29631.5 -29764.6 -29870.3 -29950.3 -29997.7 -30018.7 -30026.4 -30011.7 -30010.8 -30006.3 -29996.2 -29994.2 -30000.9 -29995.8 -29979.8 -29952.5 -29904.7 -29830.3 -29724.3 -29598.1 -29449.3 -29270.1 -29065.6 -28820.9 -28551.5 -28260.9 -27937.8 -27572.7 -27179.7 -26756.9 -26291.8 -25802.5 -25284.8 -24722.1 -24124.4 -23487.6 -22821.8 -22137.6 -21417.2 -20653.8 -19860.3 -19032.9 -18175.8 -17294.3 -16382.1 -15441.4 -14471.4 -13465.2 -12435.6 -11381.5 -10306.6 -9204.54 -8076.16 -6918.39 -5745.4 -4565.76 -3381.03 -2190.34 -996.664 199 
100 -1079.54 -2259.07 -3433.12 -4599.51 -5752.96 -6886.95 -8007.79 -9111.28 -10191.3 -11250.6 -12282.7 -13281.7 -14263.3 -15219.9 -16150.5 -17059.8 -17933.6 -18780.5 -19600 -20396.7 -21155.4 -21878.4 -22561.9 -23219.1 -23854.8 -24461.1 -25032.2 -25575.6 -26099.8 -26592.2 -27042.3 -27451.7 -27826.8 -28165.5 -28471.7 -28750.3 -29004 -29233.5 -29425.6 -29593 -29742 -29854.9 -29934.9 -29990.4 -30035.1 -30061.6 -30070.5 -30091.9 -30096.3 -30107.5 -30123.3 -30152.5 -30169.7 -30178.7 -30166.9 -30130.5 -30052.1 -29948.5 -29819.5 -29675.1 -29493.3 -29275.7 -29031.2 -28754.9 -28432.1 -28084.2 -27705.1 -27293.2 -26848.5 -26381.5 -25877.1 -25353.6 -24799.6 -24209.7 -23592.9 -22942.6 -22253.5 -21527.6 -20766.9 -19976.8 -19159.5 -18301.2 -17396.5 -16458.9 -15502.1 -14520.3 -13506.5 -12464.4 -11406.5 -10329.7 -9217.62 -8076.86 -6919.35 -5749.1 -4570.62 -3383.44 -2191.93 -996.949 199 
100 -1076.5 -2252.84 -3426.41 -4595.18 -5742.35 -6873.11 -7997.42 -9109.16 -10207.1 -11273.8 -12313.3 -13324.8 -14311 -15264.7 -16191.3 -17089 -17963 -18817.2 -19635.3 -20423.7 -21181.8 -21905.3 -22597.6 -23266.5 -23913.9 -24530.9 -25111 -25655.1 -26170.8 -26658.1 -27116 -27530.1 -27905.9 -28253.6 -28564.5 -28850.9 -29114.6 -29344.9 -29540.1 -29705.3 -29839.2 -29942.5 -30018 -30063.6 -30082.2 -30078.3 -30060.9 -30055.7 -30048.1 -30034.1 -30026.2 -30029.9 -30027 -30015.3 -29992.8 -29946.8 -29870.3 -29767 -29641.1 -29488.8 -29309.9 -29105.7 -28858.1 -28586.4 -28286.9 -27960.4 -27592.8 -27196.2 -26772.9 -26305.1 -25813.9 -25292.5 -24734.1 -24140.6 -23506.8 -22847.5 -22166.4 -21447.9 -20685.5 -19886.9 -19060.7 -18205.7 -17319.9 -16407.9 -15461.1 -14489.6 -13484 -12453.8 -11399.7 -10323.3 -9220.65 -8091.75 -6931.84 -5755.11 -4573.62 -3386.75 -2194.44 -998.376 199 
100 -1082 -2263.96 -3438.69 -4608.85 -5763.25 -6899.12 -8021.21 -9126.3 -10208 -11270.1 -12306.6 -13309.8 -14291.9 -15247.8 -16178 -17086.4 -17965.3 -18814.7 -19637 -20433.5 -21189.4 -21909.2 -22591.4 -23247.2 -23878.6 -24483.8 -25053.8 -25598.3 -26119.6 -26611.2 -27062.8 -27471.3 -27845.3 -28182.9 -28486.3 -28763.5 -29013 -29239.6 -29430.6 -29596.2 -29737.7 -29847.4 -29925.4 -29976.6 -30015.3 -30043.4 -30052.6 -30071.1 -30077.4 -30088.3 -30103.4 -30130.9 -30140.5 -30146.9 -30136.8 -30098.7 -30019.1 -29914.9 -29785.3 -29643.2 -29460.2 -29241.6 -28994.4 -28715.6 -28391.2 -28044.6 -27667.1 -27256.8 -26818.5 -26350.6 -25846.3 -25320.7 -24768.1 -24184 -23568.3 -22920.5 -22231.5 -21509 -20751.1 -19961 -19143.2 -18284 -17380.1 -16443.1 -15486.4 -14508.4 -13497.7 -12455.9 -11396.8 -10322.9 -9214.56 -8077 -6920.77 -5750.22 -4570.96 -3384.31 -2192.55 -997.408 199 
100 -1078.33 -2256.65 -3432.25 -4603.71 -5755.15 -6887.88 -8015.06 -9131.73 -10229.7 -11296.2 -12332.8 -13343.5 -14329.4 -15286.9 -16212.3 -17113.3 -17988.1 -18842.1 -19657.4 -20444.7 -21208.1 -21937.8 -22633.5 -23305.9 -23955.9 -24575.9 -25162 -25709.3 -26224.2 -26711.4 -27170.2 -27585.4 -27957.1 -28302.6 -28609.7 -28892.1 -29152.8 -29379.3 -29569.3 -29731 -29861.5 -29960.9 -30035.7 -30079.8 -30104.3 -30100.9 -30090.8 -30091.4 -30088.6 -30078.6 -30070.1 -30075.4 -30072 -30061.6 -30039.2 -29994.7 -29920.6 -29817 -29686.7 -29538 -29363.3 -29163.2 -28913.3 -28639.8 -28336.8 -28010 -27647.1 -27251.6 -26823.3 -26347.8 -25850.8 -25325.2 -24766.7 -24172.7 -23538.8 -22879.8 -22195.6 -21479.4 -20720.6 -19926.4 -19104.5 -18249.6 -17360.9 -16444.4 -15497.1 -14523.1 -13514.8 -12483.3 -11422.2 -10335.9 -9227.45 -8098.91 -6939.99 -5761.93 -4579.31 -3391.08 -2196.6 -999.437 199 
100 -1081.5 -2262.33 -3435.56 -4604.11 -5757.03 -6892.16 -8013.47 -9117.13 -10201.6 -11263.2 -12299.6 -13302.7 -14283.8 -15237.9 -16170.7 -17082.5 -17965.6 -18815 -19636.1 -20427.2 -21182.1 -21905.6 -22590.6 -23244.5 -23870.5 -24473.1 -25042.8 -25588.4 -26108 -26599.6 -27049.2 -27457.2 -27830.3 -28169 -28472.6 -28748.7 -28992.7 -29219.2 -29410.8 -29573.9 -29712.8 -29823.6 -29903.2 -29953.9 -29989.9 -30013.7 -30024.8 -30037.5 -30043 -30048.7 -30053.4 -30071.5 -30077.4 -30084.6 -30075.4 -30033.6 -29954.6 -29849.4 -29719.2 -29578.2 -29392.3 -29173.7 -28931.2 -28653.6 -28333.2 -27991.5 -27618.3 -27209.3 -26776.5 -26312.1 -25809.1 -25281.6 -24729.4 -24147.3 -23529.9 -22883.9 -22196.3 -21475.5 -20718.2 -19931.4 -19119.2 -18265.8 -17369.7 -16438.4 -15483.8 -14507.2 -13498 -12456.7 -11396.7 -10322.4 -9215.05 -8078.06 -6922.53 -5751.91 -4571.6 -3385.38 -2193.3 -997.903 199 
100 -1078.76 -2257.51 -3433.9 -4605.67 -5759.7 -6892.21 -8016.74 -9128.27 -10218.9 -11282.4 -12315.5 -13325 -14311.1 -15269.5 -16196 -17095 -17967.7 -18822.1 -19640.4 -20433.2 -21202.4 -21934.2 -22628.8 -23302.1 -23951.1 -24571 -25156.8 -25704.7 -26223.9 -26717.4 -27182.3 -27601.4 -27969.5 -28312.9 -28619.8 -28901.9 -29162.8 -29390 -29580.4 -29744.1 -29881.8 -29987.8 -30062.4 -30103.2 -30125.4 -30112.7 -30101.3 -30097.2 -30094.5 -30085.6 -30078.3 -30084.1 -30082 -30073.4 -30053.2 -30012.4 -29945.9 -29842.3 -29713.7 -29563.1 -29388.5 -29189.7 -28938.6 -28664 -28359.4 -28029.5 -27668.5 -27267.6 -26829.6 -26350 -25851.2 -25325.7 -24767.1 -24177.5 -23547.1 -22885.4 -22192.9 -21471.7 -20709.3 -19916.1 -19093.6 -18241.4 -17355.6 -16438.2 -15489.2 -14514.1 -13505.6 -12476 -11412.8 -10321.8 -9211.44 -8080.82 -6925.73 -5750.37 -4571 -3385.79 -2194.67 -999.156 199 
100 -1082.75 -2264.24 -3438 -4605.67 -5758.01 -6894.64 -8020.66 -9127.13 -10216 -11282.5 -12317.3 -13325.1 -14307.1 -15263.1 -16198.7 -17110 -17992.8 -18845.5 -19669.9 -20459.6 -21218.6 -21947.1 -22637 -23294.1 -23922.6 -24524.2 -25097.4 -25644.5 -26164.6 -26660.8 -27117.6 -27533.7 -27907.6 -28249.6 -28556.4 -28835.8 -29082.7 -29311.5 -29508.9 -29675.9 -29818.8 -29934.4 -30016.5 -30067.3 -30100.8 -30121.9 -30132.8 -30139.4 -30144.2 -30151 -30157.9 -30176.6 -30178.4 -30182.1 -30169.9 -30118.3 -30035.7 -29927.8 -29791.8 -29642.1 -29450 -29227.6 -28982 -28698.5 -28378.6 -28039 -27664.3 -27250.4 -26816.1 -26350.6 -25845 -25314.3 -24759.3 -24175.4 -23549.9 -22896.6 -22206.5 -21481.9 -20720.7 -19931.3 -19117 -18257.6 -17362.1 -16426.7 -15469 -14492.2 -13484 -12439.7 -11373.1 -10299.1 -9199.54 -8067.39 -6915.11 -5748.06 -4567.68 -3383.52 -2192.84 -998.864 199 
100 -1081.02 -2262.04 -3441.05 -4617.21 -5781 -6920.03 -8046.6 -9159.2 -10253.8 -11321.7 -12362.4 -13378.5 -14369.4 -15333.4 -16267 -17170.8 -18046 -18904.4 -19729.3 -20528.7 -21306.3 -22039.8 -22737.8 -23416.7 -24065.6 -24686.9 -25278.9 -25832.7 -26357.5 -26855.7 -27325.1 -27743.2 -28106.8 -28448.6 -28756.1 -29039.4 -29302.3 -29534.4 -29728.2 -29890.6 -30025.6 -30133.2 -30206.1 -30244.7 -30263.2 -30251.4 -30249 -30254 -30255.4 -30248.9 -30241.5 -30247.8 -30242.1 -30230.8 -30209.8 -30167.3 -30100.1 -29990.7 -29855.9 -29696.9 -29515.1 -29306.5 -29051.7 -28772.2 -28464 -28136.4 -27778.8 -27376.8 -26937.5 -26454.7 -25949.8 -25419.8 -24856 -24259.7 -23632.2 -22971.9 -22280.1 -21558 -20793.9 -20001.2 -19178.3 -18319.5 -17429.4 -16508.6 -15556.2 -14575.6 -13561.6 -12524.3 -11454.9 -10356.3 -9240.05 -8103.67 -6946.93 -5768.05 -4585.28 -3396.35 -2201.58 -1003.07 199 
100 -1085.3 -2269.84 -3448.23 -4619.58 -5773.05 -6911.8 -8037.67 -9144.95 -10235.5 -11306.1 -12343.3 -13353.6 -14335.3 -15293 -16229.3 -17137.8 -18017.2 -18872.4 -19699.2 -20488.9 -21250.3 -21982.7 -22680 -23338 -23963.7 -24561.5 -25138.5 -25687.3 -26209.3 -26705.3 -27163 -27579.1 -27948.4 -28289.2 -28597.9 -28879.3 -29129 -29359.1 -29560.5 -29727 -29864.4 -29977.8 -30056 -30102.2 -30134.4 -30151.8 -30167.8 -30171.3 -30178.2 -30184.1 -30185.1 -30194.7 -30188.9 -30186.1 -30169.6 -30114.3 -30029.6 -29919.7 -29783.7 -29632.4 -29441.1 -29216.6 -28965.6 -28686 -28371.6 -28033.2 -27656.6 -27244.1 -26807.8 -26342.3 -25836.9 -25304.1 -24748 -24165.7 -23543.2 -22885.5 -22192.1 -21468.1 -20705.8 -19914.6 -19098.6 -18241 -17350 -16415.9 -15459.8 -14485.4 -13479.4 -12435.9 -11366 -10290.4 -9192.65 -8062.62 -6913.36 -5750.57 -4570.89 -3385.71 -2194.88 -1000.02 199 
100 -1083.7 -2267.41 -3449.45 -4627.98 -5795.47 -6936.7 -8061.15 -9173.98 -10267.8 -11335.8 -12377 -13392.3 -14381.4 -15348.7 -16286.8 -17195 -18068.5 -18924.3 -19751.2 -20549.4 -21328.8 -22063.7 -22760.7 -23439 -24089.2 -24713.2 -25309.4 -25865 -26388.5 -26885.9 -27352.3 -27766.6 -28126.8 -28463.2 -28766.7 -29046.2 -29307.1 -29535.3 -29730.6 -29895.7 -30027.7 -30133.3 -30205.7 -30245.5 -30262.9 -30250.8 -30253 -30256.2 -30257.8 -30254.6 -30247.7 -30254.3 -30254.7 -30248.7 -30227.4 -30188 -30120.3 -30008.8 -29873.9 -29713.2 -29533.2 -29325.2 -29072.9 -28792.2 -28481.8 -28150.1 -27787.5 -27375.7 -26925.5 -26441.8 -25933.1 -25404.9 -24841 -24246.3 -23620.1 -22963.5 -22272.7 -21553.7 -20794.4 -20002 -19175.4 -18311.5 -17419.6 -16498.8 -15548.4 -14569.4 -13558.4 -12520.6 -11450.2 -10351.3 -9236.9 -8100.9 -6947.92 -5769.4 -4586.38 -3397.23 -2202.1 -1003.82 199 
100 -1091.6 -2282.03 -3467.08 -4642.66 -5802.25 -6947.87 -8075.37 -9192.15 -10295.4 -11376.8 -12425.9 -13447.3 -14433 -15394.5 -16332.4 -17240.4 -18120.3 -18974.9 -19800 -20587.7 -21351.1 -22085.5 -22782.1 -23435.2 -24064.9 -24663 -25240 -25784.9 -26298.1 -26785.4 -27239.2 -27654.1 -28026.1 -28366.9 -28674.8 -28954.4 -29202.7 -29424.3 -29621.5 -29789.2 -29926.5 -30041.2 -30117.2 -30161.8 -30191.2 -30208.4 -30227.5 -30232.8 -30242.1 -30249.4 -30251 -30256.6 -30243 -30229.4 -30206.7 -30147 -30058.7 -29948.2 -29814.1 -29661.4 -29472.2 -29251.7 -29004.3 -28728.8 -28420.6 -28082.3 -27704.4 -27291.7 -26851.7 -26386.4 -25883.8 -25347 -24785.9 -24198.3 -23578.5 -22922.8 -22226.4 -21500 -20735.6 -19941.5 -19115.1 -18248.2 -17354.7 -16424.7 -15469.5 -14498.8 -13499.1 -12462.4 -11391.2 -10312.7 -9216.15 -8088.06 -6939.62 -5774.75 -4591.45 -3401.16 -2206.03 -1005.83 199 
100 -1096 -2291.99 -3486.65 -4677.24 -5857.9 -7012.86 -8147.11 -9271.32 -10372.7 -11453.6 -12506.4 -13529.7 -14520.4 -15489.2 -16429 -17336.7 -18211.7 -19068 -19897.2 -20694.5 -21471.9 -22202.4 -22897 -23570.3 -24218.4 -24836.9 -25429 -25990.2 -26519.2 -27023.7 -27494.1 -27910 -28278.3 -28620 -28926 -29209.2 -29471.4 -29700.7 -29893.5 -30058.6 -30190.5 -30296.4 -30365.9 -30402.3 -30418.8 -30404.5 -30406.5 -30404.4 -30403.1 -30400.9 -30393.3 -30394.3 -30387.7 -30376.7 -30355.3 -30318.7 -30247 -30133.2 -29996 -29831.5 -29650.9 -29438.9 -29186.6 -28904.3 -28598.1 -28265.2 -27899.7 -27483.1 -27029.2 -26543 -26026.8 -25491.4 -24922.8 -24322 -23692.8 -23038 -22350.2 -21633.5 -20873.8 -20083.8 -19255.9 -18386.4 -17490.3 -16566.4 -15612.3 -14631 -13618.7 -12578.9 -11503.3 -10399.1 -9282.65 -8145.29 -6988.95 -5808.58 -4619.54 -3422.21 -2218.74 -1012.63 199 
100 -1099.9 -2298.17 -3491.48 -4672.82 -5837.64 -6989.35 -8119.68 -9243.39 -10356.3 -11449.2 -12511.4 -13545.1 -14534.8 -15499.9 -16444.4 -17358.5 -18245.7 -19106.4 -19940.1 -20738.2 -21510.1 -22251.8 -22948.6 -23605.2 -24240 -24845.9 -25428.5 -25977.2 -26494.6 -26987.8 -27445.1 -27858.3 -28226.2 -28566.1 -28872.4 -29150.9 -29404.5 -29630 -29830.8 -30000.1 -30136.1 -30249.3 -30324.8 -30368.4 -30396.5 -30413.6 -30433.8 -30442.6 -30452.7 -30457.9 -30459.2 -30466.4 -30458.7 -30447.6 -30427 -30370.6 -30282.9 -30171.2 -30036 -29880.4 -29688.6 -29465.1 -29211.8 -28932.5 -28625 -28283.6 -27903.7 -27488.9 -27043 -26572.7 -26067.7 -25522.4 -24951.8 -24358.7 -23740.5 -23075.6 -22360.7 -21621.5 -20852.5 -20055 -19221.1 -18350.2 -17453.9 -16525.7 -15570 -14597.1 -13596.7 -12556.5 -11480.3 -10394.4 -9283.91 -8148.45 -6990.8 -5816.7 -4625.02 -3425.61 -2221.49 -1012.39 199 
100 -1098.95 -2297.91 -3494.24 -4684.72 -5865.65 -7025.53 -8163.23 -9290.59 -10398.8 -11487.8 -12546.1 -13573.6 -14569 -15543.9 -16490.9 -17403.9 -18284.2 -19145.5 -19981.7 -20784.9 -21564.5 -22293.2 -22991.6 -23665.4 -24317.5 -24937.9 -25529.3 -26086.9 -26610 -27110.9 -27577.1 -27991.4 -28365.6 -28712.3 -29026.9 -29316 -29578.7 -29802.8 -29999.3 -30172.8 -30312.6 -30420.7 -30488.2 -30523.9 -30543.3 -30533.9 -30535.3 -30532.7 -30526.1 -30520.1 -30513 -30512.6 -30505.5 -30496 -30477 -30440.6 -30368.1 -30255 -30117 -29951.8 -29771.6 -29557.7 -29302.6 -29011 -28696.8 -28355.8 -27984 -27557.5 -27098.7 -26612.2 -26095 -25558.5 -24988.2 -24384.7 -23752.3 -23093.2 -22404.6 -21683.7 -20921.4 -20130 -19297.8 -18422.9 -17522.6 -16595.6 -15639.3 -14657.9 -13643.8 -12602.1 -11523.5 -10422 -9302.1 -8164.71 -7008.64 -5826.33 -4632.42 -3431.49 -2225.1 -1015.51 199 
100 -1105.15 -2309.19 -3508.51 -4696.49 -5869.67 -7026.29 -8160.04 -9285.71 -10399.6 -11492.8 -12558.8 -13595.4 -14580.6 -15545.2 -16490.8 -17410.2 -18296.4 -19156.7 -19988.1 -20783.3 -21553.7 -22287.3 -22978.8 -23640.8 -24276.6 -24882.9 -25464.4 -26012.6 -26533.3 -27031.8 -27494.2 -27910.8 -28281.1 -28624.1 -28933.1 -29213.8 -29470.1 -29694.1 -29896.2 -30068.7 -30209.4 -30324 -30399.1 -30439.9 -30465 -30480.4 -30498.4 -30505.9 -30512.6 -30513.2 -30515.2 -30522.8 -30517.6 -30505.2 -30486.2 -30426.6 -30334.8 -30221 -30086.9 -29924.7 -29731 -29505.9 -29250.7 -28970.1 -28661.5 -28318.8 -27941 -27526.9 -27077.4 -26602.1 -26095 -25547.9 -24976.7 -24378 -23759.4 -23096.2 -22378.7 -21637.3 -20865.7 -20067.2 -19227 -18352.4 -17453.1 -16525.1 -15574.5 -14607.9 -13615.7 -12577.6 -11502.5 -10415 -9302.18 -8163.12 -7005.18 -5828.94 -4635.01 -3433.36 -2226.67 -1015.16 199 
100 -1104.21 -2308.42 -3509.54 -4705.21 -5891.04 -7055.69 -8196.75 -9325.38 -10432.8 -11522.3 -12581 -13609.9 -14608.6 -15587.3 -16539.8 -17452.8 -18331.4 -19191.4 -20028 -20829.9 -21608 -22341.6 -23046.5 -23722.7 -24377.2 -25003.2 -25596.2 -26158.2 -26682.5 -27185.9 -27654.5 -28067.9 -28443.6 -28792.6 -29109.6 -29398.9 -29665.8 -29891.4 -30093.3 -30268.9 -30409.3 -30517.6 -30587.5 -30625.8 -30642 -30628.6 -30626.3 -30624.6 -30620.1 -30611.1 -30601.2 -30596.7 -30581.7 -30565.9 -30539.5 -30498.7 -30424.7 -30311.8 -30170.2 -30004.4 -29822.7 -29605.7 -29356.2 -29072 -28761.6 -28422.8 -28041.5 -27604.1 -27137.6 -26644.6 -26121.5 -25583.8 -25013.8 -24406.6 -23769.6 -23104.7 -22411.2 -21685 -20922.9 -20134.6 -19302.9 -18428.4 -17522.7 -16591.4 -15632.6 -14650.5 -13636.6 -12597.6 -11519.8 -10426.7 -9307.3 -8168.96 -7011.28 -5829.16 -4635.33 -3433.96 -2227.13 -1016.01 199 
100 -1107.4 -2313.42 -3515.19 -4704.43 -5879.21 -7033.61 -8164.59 -9288.68 -10401.8 -11494.7 -12563 -13600.6 -14588 -15556.1 -16502.2 -17425.1 -18310.9 -19167 -19993.8 -20788.6 -21556.1 -22286 -22976 -23640 -24274.9 -24881.9 -25462.4 -26011.1 -26533.9 -27034.5 -27496.3 -27913.7 -28287.5 -28632.6 -28945.7 -29226.3 -29483.5 -29706.3 -29907.1 -30080 -30220.5 -30333.5 -30407.6 -30449.2 -30470.7 -30481.5 -30489.9 -30494.9 -30502.1 -30500.8 -30502.3 -30506.5 -30501 -30489.7 -30469.5 -30410.2 -30320.1 -30209.3 -30078.7 -29915.4 -29723.7 -29501 -29245.6 -28963.1 -28652.2 -28308 -27929.8 -27515.2 -27068 -26595 -26089.6 -25542.7 -24965.2 -24362.6 -23742.6 -23085.3 -22370.2 -21627.5 -20855.7 -20057 -19217.6 -18345.1 -17448.6 -16524.2 -15573.8 -14607 -13616.3 -12578.9 -11508.6 -10420.5 -9307.26 -8167.04 -7009.16 -5831.85 -4636.77 -3435.12 -2227.77 -1015.83 199 
100 -1107.06 -2313.98 -3517.62 -4716.16 -5905.18 -7073.72 -8217.45 -9349.16 -10459.2 -11550.4 -12609.4 -13634.3 -14629.6 -15604.7 -16556.7 -17466.5 -18343.1 -19200.4 -20037.1 -20839 -21610.4 -22340.9 -23040.7 -23716.8 -24370.8 -24999.4 -25592.3 -26153 -26678.9 -27184.3 -27651.9 -28062.1 -28440.6 -28793 -29110.8 -29395 -29660.3 -29885.5 -30086 -30262.9 -30405.8 -30516.1 -30585.7 -30623.9 -30636.2 -30622.5 -30620.5 -30618.5 -30610.8 -30596.5 -30585.6 -30581.4 -30566.6 -30553 -30529.1 -30486.5 -30411.3 -30300.2 -30156.1 -29991.5 -29812.7 -29600.2 -29358.2 -29079.1 -28769.8 -28430.8 -28045.7 -27610.7 -27144.7 -26653.3 -26130.5 -25592.9 -25022.4 -24415.1 -23777.1 -23108 -22411.3 -21682.3 -20917.1 -20123.1 -19290.9 -18417 -17507.6 -16572.3 -15611.4 -14626.4 -13612.2 -12575.3 -11505.8 -10418.6 -9305.31 -8170.92 -7012.4 -5829.73 -4636.42 -3435.24 -2228.34 -1016.08 199 
100 -1106.8 -2311.99 -3513.44 -4701.42 -5875.1 -7026.6 -8156.19 -9278.8 -10394.5 -11488.8 -12559.3 -13600 -14591.7 -15560.8 -16505.6 -17424 -18307.7 -19159.1 -19980.8 -20775.3 -21539.8 -22268.3 -22961 -23624.2 -24259.8 -24859.6 -25432.2 -25978.9 -26491 -26984.4 -27440.3 -27849.2 -28221.4 -28567 -28878.8 -29159.3 -29415.2 -29637.7 -29837.8 -30010.6 -30153 -30268.4 -30344.3 -30390 -30411.6 -30420.3 -30427.9 -30433.7 -30435.7 -30437.4 -30444.5 -30449.7 -30440.8 -30428.7 -30406.2 -30348.8 -30257.5 -30146.2 -30016.9 -29853.7 -29664.6 -29448 -29197.2 -28919.2 -28609.3 -28266.4 -27886.7 -27473.7 -27025.6 -26554.6 -26048.9 -25505.7 -24924.5 -24321.8 -23701.1 -23049.4 -22344.5 -21610.8 -20843.4 -20042.9 -19199.9 -18323.8 -17427.3 -16503.9 -15553.9 -14587.6 -13601 -12567.1 -11498.3 -10411.7 -9302.28 -8164.74 -7008.04 -5832.69 -4638.93 -3436.94 -2228.86 -1016.44 199 
100 -1107.77 -2314.76 -3519.32 -4718.7 -5908.45 -7080.56 -8224.33 -9354.58 -10463.1 -11552.9 -12613.7 -13636.5 -14632.4 -15607.2 -16561.7 -17475.3 -18356.9 -19214.7 -20057.6 -20866.7 -21637.5 -22371.4 -23070.1 -23745.8 -24398 -25026.8 -25617.3 -26177.3 -26704.7 -27211.1 -27680.2 -28093.1 -28472.1 -28824 -29140.6 -29423.7 -29687.3 -29913.3 -30113.5 -30292.2 -30435.6 -30549.1 -30623 -30665.5 -30682.6 -30671.5 -30669.1 -30669.8 -30666.1 -30656.2 -30651.4 -30654.5 -30649.2 -30642.9 -30618 -30574 -30497.5 -30389.8 -30248.7 -30086.5 -29908.9 -29698.2 -29454.4 -29172.3 -28856.7 -28509.5 -28110.2 -27670.3 -27202.2 -26706.9 -26182.5 -25640.7 -25064.2 -24455.1 -23816.2 -23142.4 -22438.4 -21703.3 -20935.3 -20139.2 -19309.5 -18437.6 -17532.1 -16599.2 -15636.8 -14649.1 -13634.5 -12590.8 -11514.3 -10421.8 -9305.1 -8169.86 -7013.75 -5835.32 -4645.69 -3443.23 -2232.88 -1018.39 199 
100 -1108.26 -2314.71 -3517.83 -4706.76 -5881.17 -7035.21 -8171.22 -9297.37 -10417.8 -11515.5 -12586 -13624.2 -14615.9 -15582.5 -16524.5 -17442.8 -18331.3 -19186.5 -20011.5 -20809.5 -21574.3 -22304.1 -22998 -23660.5 -24294.9 -24890.2 -25457.9 -26006.3 -26517.8 -27011.1 -27467.4 -27876.2 -28256.4 -28606.6 -28919.6 -29198.7 -29455.3 -29679.8 -29880.8 -30054.2 -30196.9 -30312.9 -30389 -30434.1 -30461.1 -30468.6 -30475.8 -30487.5 -30490.4 -30495.7 -30506.5 -30518.2 -30510.5 -30499.4 -30479.8 -30431.7 -30346.1 -30237.6 -30106.7 -29943.5 -29757.5 -29540.7 -29292.3 -29015.7 -28701.7 -28354.9 -27971.4 -27561.8 -27113.3 -26639.8 -26129.8 -25586.1 -24999.1 -24398 -23779 -23130.8 -22436.9 -21705.1 -20940 -20142.4 -19296.2 -18415.3 -17513.1 -16583.8 -15628.8 -14655 -13661.9 -12620.6 -11548 -10454.3 -9337.32 -8195.13 -7033.96 -5853.24 -4656.9 -3450.16 -2237.63 -1020.82 199 
100 -1108.79 -2316.24 -3521.99 -4722.59 -5913.42 -7091.02 -8239.68 -9370.47 -10481.1 -11572.1 -12636.3 -13660.8 -14655.7 -15628.8 -16581 -17497.5 -18381.3 -19239.9 -20083.5 -20898.2 -21674.1 -22416.5 -23119.5 -23792 -24440 -25066.6 -25653.8 -26204.6 -26725.2 -27223.4 -27685.3 -28093.7 -28470.4 -28821.8 -29133.9 -29415.5 -29680.7 -29913.3 -30117.2 -30300.4 -30450.4 -30563.8 -30639.3 -30685.9 -30703.7 -30700.8 -30703.1 -30710.2 -30709.3 -30701.3 -30694 -30698.8 -30694.7 -30687.8 -30665.9 -30625.7 -30553 -30447 -30306.2 -30144.2 -29964.7 -29754.6 -29507.5 -29222.6 -28906.7 -28556.1 -28154.5 -27716.6 -27247.3 -26752.3 -26230.2 -25683.7 -25107.4 -24500 -23863.5 -23189.5 -22485 -21752.6 -20986 -20188.5 -19359.1 -18489.3 -17586.3 -16651.9 -15687 -14696.7 -13683.9 -12637.7 -11564.1 -10472.2 -9352.25 -8216.1 -7054.4 -5870.59 -4674.3 -3464.55 -2245.43 -1023.21 199 
100 -1111.97 -2319.27 -3520.57 -4704.1 -5876.81 -7031.37 -8168.09 -9296.94 -10419.9 -11517.9 -12589 -13629.8 -14624.4 -15594.3 -16542.3 -17465.6 -18356.9 -19216.9 -20046.1 -20847.4 -21612.9 -22346 -23043.4 -23710 -24344.7 -24941.6 -25512.8 -26066.7 -26581.1 -27069.9 -27520.8 -27927.7 -28310.6 -28665.9 -28984.5 -29266.3 -29523.8 -29747.7 -29946.9 -30118.1 -30260.1 -30375.6 -30455.4 -30504.2 -30537.4 -30547.8 -30555.6 -30569.6 -30571.8 -30577.4 -30588.2 -30598.8 -30587.5 -30570.3 -30547.2 -30500.3 -30414.5 -30307 -30174.5 -30009.2 -29822.6 -29605 -29362.6 -29093.2 -28782 -28432.4 -28046.7 -27636.1 -27186.5 -26712 -26201.2 -25661.4 -25075.1 -24477.7 -23861.8 -23212.5 -22521.9 -21787.5 -21019.7 -20218.9 -19369.9 -18487.7 -17584.7 -16651.5 -15689.1 -14707.4 -13709.5 -12666.9 -11594.5 -10492.7 -9368.78 -8218.98 -7052.62 -5868.98 -4670.67 -3462.35 -2247.47 -1025.87 199 
100 -1115.82 -2330.1 -3540.07 -4745.1 -5940.14 -7124.1 -8281.65 -9419.73 -10542.5 -11646.4 -12722.8 -13762.5 -14768.3 -15753.2 -16712.6 -17637.7 -18528.9 -19389.7 -20233.5 -21044.9 -21819.8 -22566.9 -23272.4 -23948.3 -24594.3 -25218 -25804.4 -26351.3 -26873.3 -27371.6 -27827.1 -28231.7 -28608 -28958 -29269.5 -29552.5 -29817.5 -30053.1 -30260.1 -30444.4 -30592 -30705.1 -30785.1 -30834.5 -30853.5 -30855.3 -30862 -30876.8 -30882.1 -30879.4 -30875.1 -30884.2 -30885.1 -30880 -30859.5 -30817.9 -30740 -30628.6 -30486.1 -30321.4 -30139.4 -29931.6 -29686 -29400.9 -29086.1 -28730.5 -28330.4 -27892 -27420 -26922 -26397.4 -25846.2 -25265.1 -24657.7 -24026.2 -23354 -22649.5 -21917.2 -21145.6 -20338.3 -19496.1 -18614 -17702.6 -16758.5 -15787.3 -14791.9 -13778.5 -12724.2 -11643.2 -10543.7 -9414.37 -8269.88 -7097.02 -5901.69 -4697.97 -3480.89 -2254.74 -1027.87 199 
100 -1115.66 -2325.62 -3531.06 -4719.05 -5894.66 -7053.72 -8196.28 -9332.49 -10462 -11566.2 -12642.6 -13685.6 -14685 -15656.3 -16606.8 -17531.6 -18427.6 -19291.6 -20126.1 -20929.2 -21697.9 -22432.7 -23129.7 -23800.1 -24436.5 -25039.2 -25616.2 -26168.8 -26685.6 -27177.6 -27630.3 -28042.9 -28434.1 -28796 -29123.7 -29413.7 -29677.9 -29907.3 -30107.4 -30279.2 -30420.7 -30537.4 -30619.6 -30671 -30709.2 -30722.9 -30734.9 -30757.6 -30768.6 -30780.9 -30792.7 -30805 -30794 -30777 -30755.8 -30707 -30622.8 -30514.7 -30376.6 -30210.7 -30021.2 -29802.3 -29553.9 -29276.8 -28959.6 -28608.6 -28221.8 -27809.7 -27355.3 -26875.7 -26361.6 -25818.2 -25230.4 -24627.9 -24004.4 -23347.9 -22652 -21914.4 -21137.4 -20325.6 -19471.3 -18582.6 -17673.4 -16737 -15770.1 -14776.8 -13770 -12720.9 -11645 -10539.6 -9410.97 -8255.08 -7082.84 -5892.54 -4689.87 -3480.14 -2260.49 -1030.95 199 
100 -1117.32 -2332.22 -3543.7 -4750.72 -5947.13 -7133.32 -8297.38 -9439.84 -10564.4 -11669.6 -12741.3 -13778.6 -14784.2 -15769.5 -16730.2 -17661.1 -18555.1 -19419.9 -20267.6 -21084.3 -21858.4 -22606.9 -23315.7 -23995.7 -24641 -25262.5 -25848.7 -26395.3 -26919.4 -27419.1 -27874.4 -28287.2 -28670.3 -29016.9 -29324 -29608.2 -29872 -30107 -30308.2 -30485.7 -30629.3 -30742.3 -30823.8 -30878 -30901.8 -30909.6 -30920.4 -30941.4 -30949.2 -30948.8 -30945 -30955.4 -30959.5 -30955.8 -30932.9 -30893.6 -30817.1 -30712.4 -30577.7 -30416.6 -30232.9 -30020.6 -29766.5 -29476.1 -29156.9 -28799.6 -28404.1 -27969 -27499.8 -27002.8 -26478.5 -25926.1 -25342.1 -24731.4 -24097.5 -23420.8 -22716.6 -21983.4 -21210.6 -20403.6 -19559.9 -18677 -17763.4 -16813.2 -15837.3 -14836.1 -13815.2 -12755.7 -11675.4 -10574.4 -9440.2 -8291.13 -7117.06 -5919.49 -4714.51 -3494.55 -2263.41 -1032.21 199 
100 -1117.43 -2329.91 -3540.74 -4734.68 -5913.64 -7075.86 -8221.34 -9359.02 -10489.9 -11594.2 -12670.2 -13715.6 -14719.6 -15691.5 -16641 -17562.9 -18460.5 -19327.2 -20165.5 -20969.7 -21744 -22477.9 -23179.3 -23852.6 -24496.1 -25104.7 -25686.8 -26238.7 -26758.5 -27249.7 -27695.8 -28109.4 -28500.9 -28861.7 -29189.6 -29482.2 -29748.4 -29975.4 -30171.1 -30338.7 -30477.8 -30595.2 -30682.3 -30740.2 -30779.4 -30793.7 -30806.1 -30828.9 -30839.6 -30849.6 -30858.8 -30868.6 -30855.9 -30839.1 -30820 -30771.1 -30689 -30577.4 -30438.9 -30273 -30083.9 -29864.1 -29615.9 -29344.5 -29032.4 -28685.4 -28299.1 -27886.4 -27436 -26955.3 -26440.3 -25896 -25313.9 -24711.8 -24083.2 -23417 -22720.1 -21983.6 -21204.7 -20392.2 -19540.2 -18653.9 -17743.9 -16805.4 -15836.6 -14841.5 -13832.2 -12779.2 -11698.6 -10590.6 -9455.72 -8291.69 -7114.4 -5918.38 -4709.78 -3493.35 -2268.69 -1034.93 199 
100 -1119.12 -2334.01 -3544.36 -4750.61 -5948.55 -7136.61 -8304.11 -9452.86 -10580 -11687.7 -12763.6 -13806 -14816 -15796.3 -16749.7 -17678.2 -18573.7 -19440.8 -20289.7 -21105.6 -21879.9 -22629.4 -23343.4 -24030.1 -24683.3 -25308.8 -25898 -26446.1 -26974.5 -27477 -27931.5 -28344.8 -28727 -29074.5 -29385.6 -29671.8 -29931.5 -30160.5 -30355.4 -30527.1 -30667.8 -30779.1 -30859.9 -30918 -30941.4 -30948.4 -30962.5 -30995.7 -31013.8 -31024.6 -31024 -31037.3 -31044.8 -31040.6 -31015.1 -30972.2 -30893.4 -30787.2 -30654.1 -30492.6 -30307.2 -30093.8 -29837.9 -29549.8 -29228.5 -28870.5 -28472.9 -28034.3 -27561.8 -27062.3 -26530.5 -25972.9 -25380.9 -24763.5 -24125.5 -23448.8 -22747.9 -22009.9 -21232 -20422.4 -19573.1 -18689.1 -17776.5 -16830.1 -15855.2 -14853 -13826.9 -12768.4 -11685.4 -10584.7 -9450.13 -8299.41 -7125.07 -5925.47 -4718.82 -3498.01 -2265.67 -1033.34 199 
100 -1113.96 -2323.09 -3531.27 -4723.33 -5899.25 -7058.47 -8203.66 -9341.39 -10473.9 -11580.5 -12658.9 -13700.5 -14703.4 -15669.7 -16615.8 -17532.6 -18426.9 -19291.6 -20127.6 -20929.3 -21706.5 -22445.3 -23149.3 -23823.7 -24468.4 -25077.5 -25659.9 -26208.4 -26729.1 -27218.2 -27668.3 -28084.8 -28475.2 -28837.2 -29168.7 -29460.2 -29725.3 -29951.4 -30145.6 -30308.8 -30443.1 -30557.1 -30642.9 -30701.4 -30739.6 -30753.9 -30768.1 -30795.1 -30810.8 -30823 -30832.9 -30842 -30829.4 -30812.1 -30790.7 -30741.5 -30659.4 -30544.3 -30408.6 -30245.4 -30056.3 -29839.4 -29594.9 -29326.4 -29015.2 -28667.1 -28280.5 -27864.8 -27417.7 -26938.2 -26421.9 -25872.5 -25295.7 -24697.4 -24072.3 -23405 -22709.8 -21977.7 -21196.9 -20381.9 -19536.8 -18654.2 -17742.1 -16806.3 -15842.3 -14849.1 -13839.8 -12788.1 -11706.3 -10597.1 -9460.99 -8296.57 -7119.08 -5920.82 -4711.27 -3493.99 -2268.94 -1035.36 199 
100 -1118.68 -2333.99 -3547.15 -4756.24 -5957.36 -7148.07 -8322.71 -9478.96 -10616.4 -11729.3 -12807.3 -13853.5 -14864.4 -15845.6 -16803.3 -17739.6 -18642.9 -19515.1 -20369 -21190.1 -21967.7 -22717.6 -23437.4 -24126.9 -24783.6 -25409.5 -25994 -26543.8 -27074.6 -27575 -28029.4 -28445.8 -28829.9 -29178.7 -29491.9 -29780.7 -30042.4 -30273 -30465.3 -30633.7 -30770.4 -30877.9 -30953 -31010.7 -31036.1 -31045.1 -31057.6 -31090.8 -31109.9 -31124 -31124.3 -31134.3 -31135.6 -31128.2 -31103.2 -31059.2 -30986.4 -30885.7 -30758.7 -30601.7 -30415 -30200.9 -29944.1 -29657.9 -29336 -28980.9 -28581.8 -28139.3 -27665.7 -27165.4 -26632.6 -26072.6 -25477.8 -24864 -24227.6 -23553.5 -22855.9 -22118.4 -21341.3 -20529.6 -19681.2 -18796 -17876.7 -16926 -15942.5 -14936.6 -13902.8 -12844.7 -11764.6 -10662.1 -9526.21 -8364.07 -7178.74 -5970.48 -4753.43 -3524.22 -2283.42 -1042.21 199 
100 -1121.7 -2337.62 -3550.55 -4750.19 -5931.91 -7098.43 -8251.94 -9397.43 -10535.9 -11650.7 -12733.3 -13779.1 -14789 -15761.8 -16712.7 -17632.7 -18530.8 -19402.2 -20242 -21049.9 -21833.5 -22580.1 -23286.6 -23963.5 -24609.9 -25223.2 -25807.1 -26359.2 -26887.3 -27383.6 -27838.6 -28257.1 -28650.8 -29014.9 -29346.2 -29643 -29915.2 -30150.8 -30353.6 -30522.3 -30661.6 -30775.2 -30858.8 -30913.4 -30949 -30966.5 -30979.6 -31006.5 -31020.7 -31031.4 -31037.8 -31042.2 -31032.7 -31017.9 -30997.7 -30949.8 -30869 -30755.5 -30618.4 -30453.4 -30264.1 -30045.6 -29801.2 -29533 -29226.2 -28873.2 -28483.9 -28066.2 -27614.9 -27125.6 -26602.8 -26048.4 -25470.7 -24869.6 -24241.8 -23571 -22872.8 -22140 -21359 -20539.1 -19691.3 -18804.6 -17886.6 -16941.9 -15968.2 -14966.9 -13942.6 -12882.5 -11790.6 -10675 -9530.95 -8359.11 -7171.48 -5964.11 -4747.94 -3523.17 -2288.33 -1045.37 199 
100 -1120.6 -2341.2 -3558.34 -4769.13 -5977.82 -7173.9 -8352.59 -9514.99 -10657.7 -11772.1 -12854.2 -13907 -14925.3 -15915.1 -16877 -17814.1 -18722.5 -19594.2 -20449.3 -21272.5 -22052.7 -22796.2 -23510.5 -24198.6 -24865 -25499.1 -26087.3 -26639.8 -27169.7 -27669.6 -28130.5 -28553.4 -28938.3 -29286 -29600.9 -29890.6 -30155.9 -30385.7 -30573.5 -30734.2 -30865.2 -30969.8 -31040.1 -31095.2 -31119.3 -31126.1 -31134.8 -31168.4 -31186.9 -31203.2 -31208.1 -31212.2 -31211.8 -31202.7 -31179.8 -31137.5 -31063.6 -30961 -30831.4 -30677.2 -30489.8 -30275.8 -30020 -29736.4 -29420.5 -29072.4 -28676.2 -28239.6 -27771.1 -27272.2 -26741.3 -26182.3 -25588.2 -24975.6 -24339.1 -23667.2 -22966.7 -22223.3 -21440.8 -20621 -19769.2 -18880.8 -17953.9 -17000.8 -16010 -15001.6 -13958.8 -12895 -11810.1 -10703.5 -9565.73 -8396.59 -7205.62 -5994.3 -4771.34 -3536.45 -2291.92 -1046.46 199 
100 -1118.83 -2332.83 -3545.82 -4747.23 -5930.63 -7097.14 -8251.96 -9396.42 -10531.7 -11645.1 -12725.6 -13771.3 -14783.1 -15758.3 -16705.7 -17620.7 -18518 -19392.3 -20230.5 -21041.5 -21830 -22581.3 -23295.5 -23981.4 -24637 -25261 -25848.4 -26408 -26941.2 -27440.9 -27891.3 -28304.2 -28695.3 -29059 -29389 -29682.8 -29952.4 -30189.7 -30395.9 -30565.9 -30708.6 -30822.7 -30906.6 -30964.3 -31003.8 -31021.7 -31034 -31060 -31073.1 -31083.2 -31085.6 -31084.7 -31072.9 -31055.2 -31034.1 -30989.1 -30907.9 -30795.1 -30656.9 -30494.9 -30309.8 -30095.4 -29851 -29583.5 -29279.2 -28929 -28542.7 -28127.4 -27678.6 -27187.4 -26662.6 -26109.3 -25531.2 -24926.9 -24293.3 -23618.4 -22917.3 -22178.2 -21395.6 -20576.3 -19731 -18851.8 -17937.7 -16993.6 -16020.4 -15016.8 -13985.8 -12921.4 -11823.4 -10699.1 -9549.34 -8376.36 -7184.95 -5973.51 -4755.1 -3528.77 -2292.46 -1048.23 199 
100 -1123.47 -2346.95 -3567.07 -4780.08 -5989.68 -7183.57 -8362.91 -9525.86 -10666.9 -11776.3 -12858.4 -13912.6 -14932.6 -15925.6 -16887.6 -17825 -18738.3 -19612.4 -20465.4 -21283.1 -22062.4 -22800.6 -23510.4 -24197.3 -24862.7 -25498.9 -26083.4 -26633.5 -27157.4 -27651 -28112.2 -28533.4 -28914.4 -29259.1 -29575.2 -29866.9 -30132.6 -30360.7 -30549.1 -30708.8 -30837.7 -30941.7 -31012 -31069 -31096 -31103.9 -31112.9 -31144.2 -31157.9 -31170.4 -31175.6 -31172.5 -31167.5 -31156.8 -31134.8 -31091.6 -31020.7 -30921.2 -30791.2 -30636.3 -30448.8 -30233.2 -29976 -29691.7 -29380.4 -29036 -28641.9 -28209.4 -27743.9 -27250.2 -26724 -26166.7 -25573.5 -24959.9 -24325.8 -23661.6 -22962.2 -22222.7 -21442.8 -20618.1 -19765.8 -18876.3 -17945.8 -16989 -16000.6 -14993.4 -13949.7 -12886.7 -11803.1 -10698.3 -9566.36 -8397.78 -7206.9 -5995.53 -4771.54 -3535.71 -2292.02 -1046.51 199 
100 -1123.36 -2342.73 -3561.03 -4769.76 -5961.03 -7132.86 -8292.73 -9437.85 -10577.9 -11694.9 -12778.4 -13826.8 -14837 -15812.7 -16761.7 -17676.3 -18578.3 -19457.5 -20296.2 -21105.8 -21893.1 -22636.7 -23348.4 -24030.8 -24687.2 -25310.2 -25899.7 -26459.7 -26989.2 -27490.2 -27935.7 -28348.4 -28734.5 -29095.6 -29424.6 -29715.5 -29982.8 -30217.8 -30420.5 -30588.4 -30730.3 -30842.4 -30925.9 -30982.9 -31023.8 -31040 -31051.2 -31078.9 -31093.3 -31101.5 -31102.4 -31096.1 -31080.9 -31059.8 -31031.1 -30980.1 -30894.7 -30785 -30649.6 -30489.7 -30309.1 -30100.6 -29861.6 -29595.8 -29291.4 -28941 -28553.8 -28137.6 -27689.8 -27197.6 -26672.7 -26121.7 -25548.7 -24941.3 -24305.2 -23629 -22925.7 -22184.6 -21403.4 -20583.7 -19737.5 -18861.2 -17947.3 -17000.4 -16023.8 -15018.5 -13984.7 -12923.9 -11824.2 -10698.7 -9547.86 -8379.87 -7187.77 -5975.19 -4757.11 -3530.18 -2292.03 -1048.76 199 
